caller_rva,caller_type_indices,callee_rva,callee_type_index,callee_namespace,callee_type,callee_signature,callee_selected
0x3BD97D0,25984,0x3DC33E4,33702,ContextualizedECS.Context,TickArgs,ContextualizedECS.Context.TickArgs$$AddArgument<object>,True
0x3BD97D0,25984,0x5F157BC,33702,ContextualizedECS.Context,TickArgs,public void .ctor() { },True
0x3BD9860,25984,0x5F157BC,33702,ContextualizedECS.Context,TickArgs,public void .ctor() { },True
0x3BD9860,25984,0x6A9B560,25984,Merger.MergeBoard.Controller,BoardController,private void TickSystems(TickArgs inArgs) { },True
0x3BD9990,9136,0x3BD9C50,9136,Merger.Game.Views.BoardItem,BoardItemView2,Merger.Game.Views.BoardItem.BoardItemView2$$AttachBehaviourFromPool<object>,True
0x3BD9990,9136,0x3BD9D68,9136,Merger.Game.Views.BoardItem,BoardItemView2,Merger.Game.Views.BoardItem.BoardItemView2$$AttachBehaviourFromPrefab<object>,True
0x3BD9990,9136,0x673105C,9136,Merger.Game.Views.BoardItem,BoardItemView2,public void NotifyBehaviourAdded() { },True
0x3BD9C50,9136,0x67309D0,9136,Merger.Game.Views.BoardItem,BoardItemView2,"private void RegisterBehaviour(IBoardItemViewBehaviour behaviour, Type behaviourType, bool isPersistent, bool initialize = True) { }",True
0x3BD9D68,9136,0x67309D0,9136,Merger.Game.Views.BoardItem,BoardItemView2,"private void RegisterBehaviour(IBoardItemViewBehaviour behaviour, Type behaviourType, bool isPersistent, bool initialize = True) { }",True
0x3BDAF14,7779,0x4B0F7B0,7777,,BoosterModel.<>c__DisplayClass50_0<T>,Merger.Boosters.Models.BoosterModel.<>c__DisplayClass50_0<object>$$.ctor,True
0x3C148DC,33695,0x3C1B8D8,33678,ContextualizedECS,Entity,ContextualizedECS.Entity$$HasComponent<DeadComponent>,True
0x3C14940,33695,0x3C1B8D8,33678,ContextualizedECS,Entity,ContextualizedECS.Entity$$HasComponent<DeadComponent>,True
0x3C149A4,33695,0x3C1B8D8,33678,ContextualizedECS,Entity,ContextualizedECS.Entity$$HasComponent<DeadComponent>,True
0x3C14A08,33695,0x3C1B8D8,33678,ContextualizedECS,Entity,ContextualizedECS.Entity$$HasComponent<DeadComponent>,True
0x3C14A6C,33695,0x3C1B8D8,33678,ContextualizedECS,Entity,ContextualizedECS.Entity$$HasComponent<DeadComponent>,True
0x3C14AD0,33695,0x3C1BD00,33678,ContextualizedECS,Entity,ContextualizedECS.Entity$$HasComponent<MoveBlockComponent>,True
0x3C14B34,33695,0x3C1BE30,33678,ContextualizedECS,Entity,ContextualizedECS.Entity$$HasComponent<ProducerComponent>,True
0x3C14C04,33695,0x3C1B840,33678,ContextualizedECS,Entity,ContextualizedECS.Entity$$HasComponent<CooldownBlockComponent>,True
0x3C14C04,33695,0x3C1B8D8,33678,ContextualizedECS,Entity,ContextualizedECS.Entity$$HasComponent<DeadComponent>,True
0x3C14C7C,33695,0x3C1B8D8,33678,ContextualizedECS,Entity,ContextualizedECS.Entity$$HasComponent<DeadComponent>,True
0x3C14C7C,33695,0x3C1BD00,33678,ContextualizedECS,Entity,ContextualizedECS.Entity$$HasComponent<MoveBlockComponent>,True
0x3C14D78,33695,0x3C1E2E4,33678,ContextualizedECS,Entity,ContextualizedECS.Entity$$TryGetComponent<BoardTilePositionComponent>,True
0x3C14E18,33695,0x3C1E3F0,33678,ContextualizedECS,Entity,ContextualizedECS.Entity$$TryGetComponent<BornComponent>,True
0x3C14EB8,33695,0x3C1E95C,33678,ContextualizedECS,Entity,ContextualizedECS.Entity$$TryGetComponent<DeadComponent>,True
0x3C14F58,33695,0x3C1EDCC,33678,ContextualizedECS,Entity,ContextualizedECS.Entity$$TryGetComponent<IdComponent>,True
0x3C15038,33695,0x3C1F364,33678,ContextualizedECS,Entity,ContextualizedECS.Entity$$TryGetComponent<ItemMovedComponent>,True
0x3C150D8,33695,0x3C1FC04,33678,ContextualizedECS,Entity,ContextualizedECS.Entity$$TryGetComponent<TimeCycleComponent>,True
0x3C151BC,33695,0x3C1FF44,33678,ContextualizedECS,Entity,ContextualizedECS.Entity$$TryGetComponent<TimeLockComponent>,True
0x3C15424,33695,0x3C1E2E4,33678,ContextualizedECS,Entity,ContextualizedECS.Entity$$TryGetComponent<BoardTilePositionComponent>,True
0x3C15424,33695,0x3C1E508,33678,ContextualizedECS,Entity,ContextualizedECS.Entity$$TryGetComponent<BoxComponent>,True
0x3C154FC,33695,0x3C1E2E4,33678,ContextualizedECS,Entity,ContextualizedECS.Entity$$TryGetComponent<BoardTilePositionComponent>,True
0x3C154FC,33695,0x3C1EDCC,33678,ContextualizedECS,Entity,ContextualizedECS.Entity$$TryGetComponent<IdComponent>,True
0x3C155F4,33695,0x3C1E2E4,33678,ContextualizedECS,Entity,ContextualizedECS.Entity$$TryGetComponent<BoardTilePositionComponent>,True
0x3C155F4,33695,0x3C1F57C,33678,ContextualizedECS,Entity,ContextualizedECS.Entity$$TryGetComponent<MergeComponent>,True
0x3C156B8,33695,0x3C1E2E4,33678,ContextualizedECS,Entity,ContextualizedECS.Entity$$TryGetComponent<BoardTilePositionComponent>,True
0x3C156B8,33695,0x3C1FC04,33678,ContextualizedECS,Entity,ContextualizedECS.Entity$$TryGetComponent<TimeCycleComponent>,True
0x3C157BC,33695,0x3C1E2E4,33678,ContextualizedECS,Entity,ContextualizedECS.Entity$$TryGetComponent<BoardTilePositionComponent>,True
0x3C157BC,33695,0x3C1FF44,33678,ContextualizedECS,Entity,ContextualizedECS.Entity$$TryGetComponent<TimeLockComponent>,True
0x3C158B4,33695,0x3C1E3F0,33678,ContextualizedECS,Entity,ContextualizedECS.Entity$$TryGetComponent<BornComponent>,True
0x3C158B4,33695,0x3C1EDCC,33678,ContextualizedECS,Entity,ContextualizedECS.Entity$$TryGetComponent<IdComponent>,True
0x3C159AC,33695,0x3C1E72C,33678,ContextualizedECS,Entity,ContextualizedECS.Entity$$TryGetComponent<CollectableComponent>,True
0x3C159AC,33695,0x3C1EDCC,33678,ContextualizedECS,Entity,ContextualizedECS.Entity$$TryGetComponent<IdComponent>,True
0x3C15AD0,33695,0x3C1E2E4,33678,ContextualizedECS,Entity,ContextualizedECS.Entity$$TryGetComponent<BoardTilePositionComponent>,True
0x3C15AD0,33695,0x3C1EDCC,33678,ContextualizedECS,Entity,ContextualizedECS.Entity$$TryGetComponent<IdComponent>,True
0x3C15BC8,33695,0x3C1E2E4,33678,ContextualizedECS,Entity,ContextualizedECS.Entity$$TryGetComponent<BoardTilePositionComponent>,True
0x3C15BC8,33695,0x3C1F018,33678,ContextualizedECS,Entity,ContextualizedECS.Entity$$TryGetComponent<InteractionComponent>,True
0x3C15CC8,33695,0x3C1F018,33678,ContextualizedECS,Entity,ContextualizedECS.Entity$$TryGetComponent<InteractionComponent>,True
0x3C15CC8,33695,0x3C1F694,33678,ContextualizedECS,Entity,ContextualizedECS.Entity$$TryGetComponent<PendingInteractionComponent>,True
0x3C16000,33695,0x3C1E2E4,33678,ContextualizedECS,Entity,ContextualizedECS.Entity$$TryGetComponent<BoardTilePositionComponent>,True
0x3C16000,33695,0x3C1EDCC,33678,ContextualizedECS,Entity,ContextualizedECS.Entity$$TryGetComponent<IdComponent>,True
0x3C16000,33695,0x3C1F018,33678,ContextualizedECS,Entity,ContextualizedECS.Entity$$TryGetComponent<InteractionComponent>,True
0x3C16154,33695,0x3C1E2E4,33678,ContextualizedECS,Entity,ContextualizedECS.Entity$$TryGetComponent<BoardTilePositionComponent>,True
0x3C16154,33695,0x3C1EDCC,33678,ContextualizedECS,Entity,ContextualizedECS.Entity$$TryGetComponent<IdComponent>,True
0x3C16154,33695,0x3C1F364,33678,ContextualizedECS,Entity,ContextualizedECS.Entity$$TryGetComponent<ItemMovedComponent>,True
0x3C1627C,33695,0x3C1E2E4,33678,ContextualizedECS,Entity,ContextualizedECS.Entity$$TryGetComponent<BoardTilePositionComponent>,True
0x3C1627C,33695,0x3C1EDCC,33678,ContextualizedECS,Entity,ContextualizedECS.Entity$$TryGetComponent<IdComponent>,True
0x3C1627C,33695,0x3C1F57C,33678,ContextualizedECS,Entity,ContextualizedECS.Entity$$TryGetComponent<MergeComponent>,True
0x3C163A0,33695,0x3C1E3F0,33678,ContextualizedECS,Entity,ContextualizedECS.Entity$$TryGetComponent<BornComponent>,True
0x3C163A0,33695,0x3C1E72C,33678,ContextualizedECS,Entity,ContextualizedECS.Entity$$TryGetComponent<CollectableComponent>,True
0x3C163A0,33695,0x3C1EDCC,33678,ContextualizedECS,Entity,ContextualizedECS.Entity$$TryGetComponent<IdComponent>,True
0x3C164EC,33695,0x3C1E95C,33678,ContextualizedECS,Entity,ContextualizedECS.Entity$$TryGetComponent<DeadComponent>,True
0x3C164EC,33695,0x3C1EDCC,33678,ContextualizedECS,Entity,ContextualizedECS.Entity$$TryGetComponent<IdComponent>,True
0x3C164EC,33695,0x3C1F140,33678,ContextualizedECS,Entity,ContextualizedECS.Entity$$TryGetComponent<ItemConsumedComponent>,True
0x3C16610,33695,0x3C1E2E4,33678,ContextualizedECS,Entity,ContextualizedECS.Entity$$TryGetComponent<BoardTilePositionComponent>,True
0x3C16610,33695,0x3C1E95C,33678,ContextualizedECS,Entity,ContextualizedECS.Entity$$TryGetComponent<DeadComponent>,True
0x3C16610,33695,0x3C1EB8C,33678,ContextualizedECS,Entity,ContextualizedECS.Entity$$TryGetComponent<ExpendableComponent>,True
0x3C16728,33695,0x3C1EB8C,33678,ContextualizedECS,Entity,ContextualizedECS.Entity$$TryGetComponent<ExpendableComponent>,True
0x3C16728,33695,0x3C1FD24,33678,ContextualizedECS,Entity,ContextualizedECS.Entity$$TryGetComponent<TimeDurationComponent>,True
0x3C16728,33695,0x3C1FE34,33678,ContextualizedECS,Entity,ContextualizedECS.Entity$$TryGetComponent<TimeLimitedActivationComponent>,True
0x3C1686C,33695,0x3C1E2E4,33678,ContextualizedECS,Entity,ContextualizedECS.Entity$$TryGetComponent<BoardTilePositionComponent>,True
0x3C1686C,33695,0x3C1E95C,33678,ContextualizedECS,Entity,ContextualizedECS.Entity$$TryGetComponent<DeadComponent>,True
0x3C1686C,33695,0x3C1ECB4,33678,ContextualizedECS,Entity,ContextualizedECS.Entity$$TryGetComponent<FeedingCombinationComponent>,True
0x3C16958,33695,0x3C1E2E4,33678,ContextualizedECS,Entity,ContextualizedECS.Entity$$TryGetComponent<BoardTilePositionComponent>,True
0x3C16958,33695,0x3C1E95C,33678,ContextualizedECS,Entity,ContextualizedECS.Entity$$TryGetComponent<DeadComponent>,True
0x3C16958,33695,0x3C1EDCC,33678,ContextualizedECS,Entity,ContextualizedECS.Entity$$TryGetComponent<IdComponent>,True
0x3C16A70,33695,0x3C1E508,33678,ContextualizedECS,Entity,ContextualizedECS.Entity$$TryGetComponent<BoxComponent>,True
0x3C16A70,33695,0x3C1EDCC,33678,ContextualizedECS,Entity,ContextualizedECS.Entity$$TryGetComponent<IdComponent>,True
0x3C16A70,33695,0x3C1F470,33678,ContextualizedECS,Entity,ContextualizedECS.Entity$$TryGetComponent<LockComponent>,True
0x3C16BA8,33695,0x3C1E2E4,33678,ContextualizedECS,Entity,ContextualizedECS.Entity$$TryGetComponent<BoardTilePositionComponent>,True
0x3C16BA8,33695,0x3C1F018,33678,ContextualizedECS,Entity,ContextualizedECS.Entity$$TryGetComponent<InteractionComponent>,True
0x3C16BA8,33695,0x3C1F9D4,33678,ContextualizedECS,Entity,ContextualizedECS.Entity$$TryGetComponent<ResourceConsumedComponent>,True
0x3C16CC0,33695,0x3C1E2E4,33678,ContextualizedECS,Entity,ContextualizedECS.Entity$$TryGetComponent<BoardTilePositionComponent>,True
0x3C16CC0,33695,0x3C1EDCC,33678,ContextualizedECS,Entity,ContextualizedECS.Entity$$TryGetComponent<IdComponent>,True
0x3C16CC0,33695,0x3C1FD24,33678,ContextualizedECS,Entity,ContextualizedECS.Entity$$TryGetComponent<TimeDurationComponent>,True
0x3C16DF0,33695,0x3C1E2E4,33678,ContextualizedECS,Entity,ContextualizedECS.Entity$$TryGetComponent<BoardTilePositionComponent>,True
0x3C16DF0,33695,0x3C1EDCC,33678,ContextualizedECS,Entity,ContextualizedECS.Entity$$TryGetComponent<IdComponent>,True
0x3C16DF0,33695,0x3C1FF44,33678,ContextualizedECS,Entity,ContextualizedECS.Entity$$TryGetComponent<TimeLockComponent>,True
0x3C17210,33695,0x3C1E2E4,33678,ContextualizedECS,Entity,ContextualizedECS.Entity$$TryGetComponent<BoardTilePositionComponent>,True
0x3C17210,33695,0x3C1E3F0,33678,ContextualizedECS,Entity,ContextualizedECS.Entity$$TryGetComponent<BornComponent>,True
0x3C17210,33695,0x3C1EDCC,33678,ContextualizedECS,Entity,ContextualizedECS.Entity$$TryGetComponent<IdComponent>,True
0x3C17210,33695,0x3C1F258,33678,ContextualizedECS,Entity,ContextualizedECS.Entity$$TryGetComponent<ItemMergedComponent>,True
0x3C17354,33695,0x3C1E2E4,33678,ContextualizedECS,Entity,ContextualizedECS.Entity$$TryGetComponent<BoardTilePositionComponent>,True
0x3C17354,33695,0x3C1E3F0,33678,ContextualizedECS,Entity,ContextualizedECS.Entity$$TryGetComponent<BornComponent>,True
0x3C17354,33695,0x3C1EDCC,33678,ContextualizedECS,Entity,ContextualizedECS.Entity$$TryGetComponent<IdComponent>,True
0x3C17354,33695,0x3C1F258,33678,ContextualizedECS,Entity,ContextualizedECS.Entity$$TryGetComponent<ItemMergedComponent>,True
0x3C17498,33695,0x3C1E2E4,33678,ContextualizedECS,Entity,ContextualizedECS.Entity$$TryGetComponent<BoardTilePositionComponent>,True
0x3C17498,33695,0x3C1EA68,33678,ContextualizedECS,Entity,ContextualizedECS.Entity$$TryGetComponent<DynamicItemConfigComponent>,True
0x3C17498,33695,0x3C1EDCC,33678,ContextualizedECS,Entity,ContextualizedECS.Entity$$TryGetComponent<IdComponent>,True
0x3C17498,33695,0x3C1F694,33678,ContextualizedECS,Entity,ContextualizedECS.Entity$$TryGetComponent<PendingInteractionComponent>,True
0x3C1760C,33695,0x3C1E2E4,33678,ContextualizedECS,Entity,ContextualizedECS.Entity$$TryGetComponent<BoardTilePositionComponent>,True
0x3C1760C,33695,0x3C1EDCC,33678,ContextualizedECS,Entity,ContextualizedECS.Entity$$TryGetComponent<IdComponent>,True
0x3C1760C,33695,0x3C1F57C,33678,ContextualizedECS,Entity,ContextualizedECS.Entity$$TryGetComponent<MergeComponent>,True
0x3C1760C,33695,0x3C1F7AC,33678,ContextualizedECS,Entity,ContextualizedECS.Entity$$TryGetComponent<PendingItemsCombinationComponent>,True
0x3C17758,33695,0x3C1E2E4,33678,ContextualizedECS,Entity,ContextualizedECS.Entity$$TryGetComponent<BoardTilePositionComponent>,True
0x3C17758,33695,0x3C1ECB4,33678,ContextualizedECS,Entity,ContextualizedECS.Entity$$TryGetComponent<FeedingCombinationComponent>,True
0x3C17758,33695,0x3C1F018,33678,ContextualizedECS,Entity,ContextualizedECS.Entity$$TryGetComponent<InteractionComponent>,True
0x3C17758,33695,0x3C1F8B8,33678,ContextualizedECS,Entity,ContextualizedECS.Entity$$TryGetComponent<ProducerComponent>,True
0x3C178A8,33695,0x3C1E2E4,33678,ContextualizedECS,Entity,ContextualizedECS.Entity$$TryGetComponent<BoardTilePositionComponent>,True
0x3C178A8,33695,0x3C1F018,33678,ContextualizedECS,Entity,ContextualizedECS.Entity$$TryGetComponent<InteractionComponent>,True
0x3C178A8,33695,0x3C1F8B8,33678,ContextualizedECS,Entity,ContextualizedECS.Entity$$TryGetComponent<ProducerComponent>,True
0x3C178A8,33695,0x3C1FC04,33678,ContextualizedECS,Entity,ContextualizedECS.Entity$$TryGetComponent<TimeCycleComponent>,True
0x3C17A24,33695,0x3C1E2E4,33678,ContextualizedECS,Entity,ContextualizedECS.Entity$$TryGetComponent<BoardTilePositionComponent>,True
0x3C17A24,33695,0x3C1F018,33678,ContextualizedECS,Entity,ContextualizedECS.Entity$$TryGetComponent<InteractionComponent>,True
0x3C17A24,33695,0x3C1F694,33678,ContextualizedECS,Entity,ContextualizedECS.Entity$$TryGetComponent<PendingInteractionComponent>,True
0x3C17A24,33695,0x3C20060,33678,ContextualizedECS,Entity,ContextualizedECS.Entity$$TryGetComponent<ToolSpawningComponent>,True
0x3C17B78,33695,0x3C1E2E4,33678,ContextualizedECS,Entity,ContextualizedECS.Entity$$TryGetComponent<BoardTilePositionComponent>,True
0x3C17B78,33695,0x3C1EB8C,33678,ContextualizedECS,Entity,ContextualizedECS.Entity$$TryGetComponent<ExpendableComponent>,True
0x3C17B78,33695,0x3C1EDCC,33678,ContextualizedECS,Entity,ContextualizedECS.Entity$$TryGetComponent<IdComponent>,True
0x3C17B78,33695,0x3C1F018,33678,ContextualizedECS,Entity,ContextualizedECS.Entity$$TryGetComponent<InteractionComponent>,True
0x3C17D10,33695,0x3C1E2E4,33678,ContextualizedECS,Entity,ContextualizedECS.Entity$$TryGetComponent<BoardTilePositionComponent>,True
0x3C17D10,33695,0x3C1EB8C,33678,ContextualizedECS,Entity,ContextualizedECS.Entity$$TryGetComponent<ExpendableComponent>,True
0x3C17D10,33695,0x3C1FD24,33678,ContextualizedECS,Entity,ContextualizedECS.Entity$$TryGetComponent<TimeDurationComponent>,True
0x3C17D10,33695,0x3C1FE34,33678,ContextualizedECS,Entity,ContextualizedECS.Entity$$TryGetComponent<TimeLimitedActivationComponent>,True
0x3C17E70,33695,0x3C1E2E4,33678,ContextualizedECS,Entity,ContextualizedECS.Entity$$TryGetComponent<BoardTilePositionComponent>,True
0x3C17E70,33695,0x3C1EDCC,33678,ContextualizedECS,Entity,ContextualizedECS.Entity$$TryGetComponent<IdComponent>,True
0x3C17E70,33695,0x3C1EEF4,33678,ContextualizedECS,Entity,ContextualizedECS.Entity$$TryGetComponent<ImmediateToolComponent>,True
0x3C17E70,33695,0x3C1F694,33678,ContextualizedECS,Entity,ContextualizedECS.Entity$$TryGetComponent<PendingInteractionComponent>,True
0x3C17FE4,33695,0x3C1E2E4,33678,ContextualizedECS,Entity,ContextualizedECS.Entity$$TryGetComponent<BoardTilePositionComponent>,True
0x3C17FE4,33695,0x3C1EDCC,33678,ContextualizedECS,Entity,ContextualizedECS.Entity$$TryGetComponent<IdComponent>,True
0x3C17FE4,33695,0x3C1F018,33678,ContextualizedECS,Entity,ContextualizedECS.Entity$$TryGetComponent<InteractionComponent>,True
0x3C17FE4,33695,0x3C1F8B8,33678,ContextualizedECS,Entity,ContextualizedECS.Entity$$TryGetComponent<ProducerComponent>,True
0x3C184F8,33695,0x3C1E2E4,33678,ContextualizedECS,Entity,ContextualizedECS.Entity$$TryGetComponent<BoardTilePositionComponent>,True
0x3C184F8,33695,0x3C1E72C,33678,ContextualizedECS,Entity,ContextualizedECS.Entity$$TryGetComponent<CollectableComponent>,True
0x3C184F8,33695,0x3C1EDCC,33678,ContextualizedECS,Entity,ContextualizedECS.Entity$$TryGetComponent<IdComponent>,True
0x3C184F8,33695,0x3C1F018,33678,ContextualizedECS,Entity,ContextualizedECS.Entity$$TryGetComponent<InteractionComponent>,True
0x3C184F8,33695,0x3C1F694,33678,ContextualizedECS,Entity,ContextualizedECS.Entity$$TryGetComponent<PendingInteractionComponent>,True
0x3C186BC,33695,0x3C1E2E4,33678,ContextualizedECS,Entity,ContextualizedECS.Entity$$TryGetComponent<BoardTilePositionComponent>,True
0x3C186BC,33695,0x3C1F018,33678,ContextualizedECS,Entity,ContextualizedECS.Entity$$TryGetComponent<InteractionComponent>,True
0x3C186BC,33695,0x3C1F694,33678,ContextualizedECS,Entity,ContextualizedECS.Entity$$TryGetComponent<PendingInteractionComponent>,True
0x3C186BC,33695,0x3C1F8B8,33678,ContextualizedECS,Entity,ContextualizedECS.Entity$$TryGetComponent<ProducerComponent>,True
0x3C186BC,33695,0x3C1FC04,33678,ContextualizedECS,Entity,ContextualizedECS.Entity$$TryGetComponent<TimeCycleComponent>,True
0x3C18868,33695,0x3C1E2E4,33678,ContextualizedECS,Entity,ContextualizedECS.Entity$$TryGetComponent<BoardTilePositionComponent>,True
0x3C18868,33695,0x3C1E620,33678,ContextualizedECS,Entity,ContextualizedECS.Entity$$TryGetComponent<ChargeableComponent>,True
0x3C18868,33695,0x3C1EB8C,33678,ContextualizedECS,Entity,ContextualizedECS.Entity$$TryGetComponent<ExpendableComponent>,True
0x3C18868,33695,0x3C1EDCC,33678,ContextualizedECS,Entity,ContextualizedECS.Entity$$TryGetComponent<IdComponent>,True
0x3C18868,33695,0x3C1F694,33678,ContextualizedECS,Entity,ContextualizedECS.Entity$$TryGetComponent<PendingInteractionComponent>,True
0x3C18A1C,33695,0x3C1E2E4,33678,ContextualizedECS,Entity,ContextualizedECS.Entity$$TryGetComponent<BoardTilePositionComponent>,True
0x3C18A1C,33695,0x3C1EB8C,33678,ContextualizedECS,Entity,ContextualizedECS.Entity$$TryGetComponent<ExpendableComponent>,True
0x3C18A1C,33695,0x3C1EDCC,33678,ContextualizedECS,Entity,ContextualizedECS.Entity$$TryGetComponent<IdComponent>,True
0x3C18A1C,33695,0x3C1F018,33678,ContextualizedECS,Entity,ContextualizedECS.Entity$$TryGetComponent<InteractionComponent>,True
0x3C18A1C,33695,0x3C1F694,33678,ContextualizedECS,Entity,ContextualizedECS.Entity$$TryGetComponent<PendingInteractionComponent>,True
0x3C18BE8,33695,0x3C1E2E4,33678,ContextualizedECS,Entity,ContextualizedECS.Entity$$TryGetComponent<BoardTilePositionComponent>,True
0x3C18BE8,33695,0x3C1EDCC,33678,ContextualizedECS,Entity,ContextualizedECS.Entity$$TryGetComponent<IdComponent>,True
0x3C18BE8,33695,0x3C1F018,33678,ContextualizedECS,Entity,ContextualizedECS.Entity$$TryGetComponent<InteractionComponent>,True
0x3C18BE8,33695,0x3C1FAE0,33678,ContextualizedECS,Entity,ContextualizedECS.Entity$$TryGetComponent<SpawnerComponent>,True
0x3C18BE8,33695,0x3C1FC04,33678,ContextualizedECS,Entity,ContextualizedECS.Entity$$TryGetComponent<TimeCycleComponent>,True
0x3C191DC,33695,0x3C1E2E4,33678,ContextualizedECS,Entity,ContextualizedECS.Entity$$TryGetComponent<BoardTilePositionComponent>,True
0x3C191DC,33695,0x3C1ECB4,33678,ContextualizedECS,Entity,ContextualizedECS.Entity$$TryGetComponent<FeedingCombinationComponent>,True
0x3C191DC,33695,0x3C1EDCC,33678,ContextualizedECS,Entity,ContextualizedECS.Entity$$TryGetComponent<IdComponent>,True
0x3C191DC,33695,0x3C1F018,33678,ContextualizedECS,Entity,ContextualizedECS.Entity$$TryGetComponent<InteractionComponent>,True
0x3C191DC,33695,0x3C1F8B8,33678,ContextualizedECS,Entity,ContextualizedECS.Entity$$TryGetComponent<ProducerComponent>,True
0x3C191DC,33695,0x3C1FC04,33678,ContextualizedECS,Entity,ContextualizedECS.Entity$$TryGetComponent<TimeCycleComponent>,True
0x3C193C8,33695,0x3C1E2E4,33678,ContextualizedECS,Entity,ContextualizedECS.Entity$$TryGetComponent<BoardTilePositionComponent>,True
0x3C193C8,33695,0x3C1EDCC,33678,ContextualizedECS,Entity,ContextualizedECS.Entity$$TryGetComponent<IdComponent>,True
0x3C193C8,33695,0x3C1F018,33678,ContextualizedECS,Entity,ContextualizedECS.Entity$$TryGetComponent<InteractionComponent>,True
0x3C193C8,33695,0x3C1F694,33678,ContextualizedECS,Entity,ContextualizedECS.Entity$$TryGetComponent<PendingInteractionComponent>,True
0x3C193C8,33695,0x3C1FAE0,33678,ContextualizedECS,Entity,ContextualizedECS.Entity$$TryGetComponent<SpawnerComponent>,True
0x3C193C8,33695,0x3C1FC04,33678,ContextualizedECS,Entity,ContextualizedECS.Entity$$TryGetComponent<TimeCycleComponent>,True
0x3C195BC,33695,0x3C1EB8C,33678,ContextualizedECS,Entity,ContextualizedECS.Entity$$TryGetComponent<ExpendableComponent>,True
0x3C195BC,33695,0x3C1EDCC,33678,ContextualizedECS,Entity,ContextualizedECS.Entity$$TryGetComponent<IdComponent>,True
0x3C195BC,33695,0x3C1F018,33678,ContextualizedECS,Entity,ContextualizedECS.Entity$$TryGetComponent<InteractionComponent>,True
0x3C195BC,33695,0x3C1F694,33678,ContextualizedECS,Entity,ContextualizedECS.Entity$$TryGetComponent<PendingInteractionComponent>,True
0x3C195BC,33695,0x3C1FD24,33678,ContextualizedECS,Entity,ContextualizedECS.Entity$$TryGetComponent<TimeDurationComponent>,True
0x3C195BC,33695,0x3C1FE34,33678,ContextualizedECS,Entity,ContextualizedECS.Entity$$TryGetComponent<TimeLimitedActivationComponent>,True
0x3C203E4,588,0x3C210B0,588,MergeEngine.ECS,Entity,MergeEngine.ECS.Entity$$GetConstructor<object>,True
0x3C203E4,588,0x61441B0,588,MergeEngine.ECS,Entity,private void InternalAddComponent(ComponentBase componentInstance) { },True
0x3C205BC,588,0x3C210B0,588,MergeEngine.ECS,Entity,MergeEngine.ECS.Entity$$GetConstructor<object>,True
0x3C205BC,588,0x61441B0,588,MergeEngine.ECS,Entity,private void InternalAddComponent(ComponentBase componentInstance) { },True
0x3C20838,588,0x3C210B0,588,MergeEngine.ECS,Entity,MergeEngine.ECS.Entity$$GetConstructor<object>,True
0x3C20838,588,0x61441B0,588,MergeEngine.ECS,Entity,private void InternalAddComponent(ComponentBase componentInstance) { },True
0x3C20A90,588,0x3C210B0,588,MergeEngine.ECS,Entity,MergeEngine.ECS.Entity$$GetConstructor<object>,True
0x3C20A90,588,0x61441B0,588,MergeEngine.ECS,Entity,private void InternalAddComponent(ComponentBase componentInstance) { },True
0x3C21700,588,0x61446D0,588,MergeEngine.ECS,Entity,"private void RemoveComponentFromCache(Type type, IComponentBase component) { }",True
0x3C2183C,588,0x61446D0,588,MergeEngine.ECS,Entity,"private void RemoveComponentFromCache(Type type, IComponentBase component) { }",True
0x3C21978,588,0x3C20D84,588,MergeEngine.ECS,Entity,MergeEngine.ECS.Entity$$GetComponent<object>,True
0x3C21978,588,0x3C210B0,588,MergeEngine.ECS,Entity,MergeEngine.ECS.Entity$$GetConstructor<object>,True
0x3C21978,588,0x61441B0,588,MergeEngine.ECS,Entity,private void InternalAddComponent(ComponentBase componentInstance) { },True
0x3C21B68,588,0x3C20D84,588,MergeEngine.ECS,Entity,MergeEngine.ECS.Entity$$GetComponent<object>,True
0x3C21B68,588,0x3C210B0,588,MergeEngine.ECS,Entity,MergeEngine.ECS.Entity$$GetConstructor<object>,True
0x3C21B68,588,0x61441B0,588,MergeEngine.ECS,Entity,private void InternalAddComponent(ComponentBase componentInstance) { },True
0x3C21DD8,588,0x3C20D84,588,MergeEngine.ECS,Entity,MergeEngine.ECS.Entity$$GetComponent<object>,True
0x3C21DD8,588,0x3C210B0,588,MergeEngine.ECS,Entity,MergeEngine.ECS.Entity$$GetConstructor<object>,True
0x3C21DD8,588,0x61441B0,588,MergeEngine.ECS,Entity,private void InternalAddComponent(ComponentBase componentInstance) { },True
0x3C2233C,591,0x3C224B0,591,MergeEngine.ECS,EntityManager,MergeEngine.ECS.EntityManager$$GetComponents<object>,True
0x3D1FCD0,25903,0x3C1C94C,33678,ContextualizedECS,Entity,ContextualizedECS.Entity$$SetComponent<CollectableComponent>,True
0x3D1FD84,25903,0x3C1CD5C,33678,ContextualizedECS,Entity,ContextualizedECS.Entity$$SetComponent<ExpendableComponent>,True
0x3D1FFE4,25903,0x3C1D988,33678,ContextualizedECS,Entity,ContextualizedECS.Entity$$SetComponent<ProducerComponent>,True
0x3D20084,25903,0x3C1DB24,33678,ContextualizedECS,Entity,ContextualizedECS.Entity$$SetComponent<SpawnerComponent>,True
0x3D201C4,25903,0x3C1DCC8,33678,ContextualizedECS,Entity,ContextualizedECS.Entity$$SetComponent<TimeCycleComponent>,True
0x3D20284,25903,0x3C1E010,33678,ContextualizedECS,Entity,ContextualizedECS.Entity$$SetComponent<TimeLockComponent>,True
0x3D20514,25800,0x6A7C190,25800,Merger.MergeBoard.Services,MergeBoardOperationTrackingService,private OperationNotificationData ApplyEnhancers(OperationNotificationData payload) { },True
0x3D21A0C,930,0x3C20D84,588,MergeEngine.ECS,Entity,MergeEngine.ECS.Entity$$GetComponent<object>,True
0x3D64A64,33699,0x5F16680,33703,ContextualizedECS.Context,TickContext,public IEnumerable<Entity> get_Entities() { },True
0x3D64B04,33699,0x5F16680,33703,ContextualizedECS.Context,TickContext,public IEnumerable<Entity> get_Entities() { },True
0x3D64BA4,33699,0x5F16680,33703,ContextualizedECS.Context,TickContext,public IEnumerable<Entity> get_Entities() { },True
0x3D64C44,33699,0x5F16680,33703,ContextualizedECS.Context,TickContext,public IEnumerable<Entity> get_Entities() { },True
0x3D64CE4,33699,0x5F16680,33703,ContextualizedECS.Context,TickContext,public IEnumerable<Entity> get_Entities() { },True
0x3D64D84,33699,0x5F16680,33703,ContextualizedECS.Context,TickContext,public IEnumerable<Entity> get_Entities() { },True
0x3D64E24,33699,0x5F16680,33703,ContextualizedECS.Context,TickContext,public IEnumerable<Entity> get_Entities() { },True
0x3D64EC4,33699,0x5F16680,33703,ContextualizedECS.Context,TickContext,public IEnumerable<Entity> get_Entities() { },True
0x3D64F64,33699,0x5F16680,33703,ContextualizedECS.Context,TickContext,public IEnumerable<Entity> get_Entities() { },True
0x3D65004,33699,0x5F16680,33703,ContextualizedECS.Context,TickContext,public IEnumerable<Entity> get_Entities() { },True
0x3D650A4,33699,0x5F16680,33703,ContextualizedECS.Context,TickContext,public IEnumerable<Entity> get_Entities() { },True
0x3D65144,33699,0x5F16680,33703,ContextualizedECS.Context,TickContext,public IEnumerable<Entity> get_Entities() { },True
0x3D651E4,33699,0x5F16680,33703,ContextualizedECS.Context,TickContext,public IEnumerable<Entity> get_Entities() { },True
0x3D65284,33699,0x5F16680,33703,ContextualizedECS.Context,TickContext,public IEnumerable<Entity> get_Entities() { },True
0x3D65324,33699,0x5F16680,33703,ContextualizedECS.Context,TickContext,public IEnumerable<Entity> get_Entities() { },True
0x3D653C4,33699,0x5F16680,33703,ContextualizedECS.Context,TickContext,public IEnumerable<Entity> get_Entities() { },True
0x3D65464,33699,0x5F16680,33703,ContextualizedECS.Context,TickContext,public IEnumerable<Entity> get_Entities() { },True
0x3D65504,33699,0x5F16680,33703,ContextualizedECS.Context,TickContext,public IEnumerable<Entity> get_Entities() { },True
0x3D655A4,33699,0x5F16680,33703,ContextualizedECS.Context,TickContext,public IEnumerable<Entity> get_Entities() { },True
0x3D65644,33699,0x5F16680,33703,ContextualizedECS.Context,TickContext,public IEnumerable<Entity> get_Entities() { },True
0x3D656E4,33699,0x5F16680,33703,ContextualizedECS.Context,TickContext,public IEnumerable<Entity> get_Entities() { },True
0x3D65784,33699,0x5F16680,33703,ContextualizedECS.Context,TickContext,public IEnumerable<Entity> get_Entities() { },True
0x3D65824,33699,0x5F16680,33703,ContextualizedECS.Context,TickContext,public IEnumerable<Entity> get_Entities() { },True
0x3D658C4,33699,0x5F16680,33703,ContextualizedECS.Context,TickContext,public IEnumerable<Entity> get_Entities() { },True
0x3D65964,33699,0x5F16680,33703,ContextualizedECS.Context,TickContext,public IEnumerable<Entity> get_Entities() { },True
0x3D65A04,33699,0x5F16680,33703,ContextualizedECS.Context,TickContext,public IEnumerable<Entity> get_Entities() { },True
0x3D65AA4,33699,0x5F16680,33703,ContextualizedECS.Context,TickContext,public IEnumerable<Entity> get_Entities() { },True
0x3D65B44,33699,0x5F16680,33703,ContextualizedECS.Context,TickContext,public IEnumerable<Entity> get_Entities() { },True
0x3D65BE4,33699,0x5F16680,33703,ContextualizedECS.Context,TickContext,public IEnumerable<Entity> get_Entities() { },True
0x3D65C84,33699,0x5F16680,33703,ContextualizedECS.Context,TickContext,public IEnumerable<Entity> get_Entities() { },True
0x3D65D24,33699,0x5F16680,33703,ContextualizedECS.Context,TickContext,public IEnumerable<Entity> get_Entities() { },True
0x3D65DC4,33699,0x5F16680,33703,ContextualizedECS.Context,TickContext,public IEnumerable<Entity> get_Entities() { },True
0x3D65E64,33699,0x5F16680,33703,ContextualizedECS.Context,TickContext,public IEnumerable<Entity> get_Entities() { },True
0x3D65F04,33699,0x5F16680,33703,ContextualizedECS.Context,TickContext,public IEnumerable<Entity> get_Entities() { },True
0x3D65FA4,33699,0x5F16680,33703,ContextualizedECS.Context,TickContext,public IEnumerable<Entity> get_Entities() { },True
0x3D66044,33699,0x5F16680,33703,ContextualizedECS.Context,TickContext,public IEnumerable<Entity> get_Entities() { },True
0x3D660E4,33699,0x5F16680,33703,ContextualizedECS.Context,TickContext,public IEnumerable<Entity> get_Entities() { },True
0x3D66184,33699,0x5F16680,33703,ContextualizedECS.Context,TickContext,public IEnumerable<Entity> get_Entities() { },True
0x3D66224,33699,0x5F16680,33703,ContextualizedECS.Context,TickContext,public IEnumerable<Entity> get_Entities() { },True
0x3D662C4,33699,0x5F16680,33703,ContextualizedECS.Context,TickContext,public IEnumerable<Entity> get_Entities() { },True
0x3D66364,33699,0x5F16680,33703,ContextualizedECS.Context,TickContext,public IEnumerable<Entity> get_Entities() { },True
0x3D66404,33699,0x5F16680,33703,ContextualizedECS.Context,TickContext,public IEnumerable<Entity> get_Entities() { },True
0x3D664A4,33699,0x5F16680,33703,ContextualizedECS.Context,TickContext,public IEnumerable<Entity> get_Entities() { },True
0x3D66544,33699,0x5F16680,33703,ContextualizedECS.Context,TickContext,public IEnumerable<Entity> get_Entities() { },True
0x3D665E4,33699,0x5F16680,33703,ContextualizedECS.Context,TickContext,public IEnumerable<Entity> get_Entities() { },True
0x3D66684,33699,0x5F16680,33703,ContextualizedECS.Context,TickContext,public IEnumerable<Entity> get_Entities() { },True
0x3D66724,33699,0x5F16680,33703,ContextualizedECS.Context,TickContext,public IEnumerable<Entity> get_Entities() { },True
0x3D667C4,33699,0x5F16680,33703,ContextualizedECS.Context,TickContext,public IEnumerable<Entity> get_Entities() { },True
0x3D66864,33699,0x5F16680,33703,ContextualizedECS.Context,TickContext,public IEnumerable<Entity> get_Entities() { },True
0x3D66904,33699,0x4399528,33698,,QueryExtensions.QueryBuilder<T1>,ContextualizedECS.Query.QueryExtensions.QueryBuilder<__Il2CppFullySharedGenericType>$$.ctor,True
0x3D66904,33699,0x5F16680,33703,ContextualizedECS.Context,TickContext,public IEnumerable<Entity> get_Entities() { },True
0x3D71474,10924,0x3F55028,10915,,RepositoryBase.<>c__DisplayClass33_0<T>,Framework.Core.Services.Backend.Repositories.RepositoryBase.<>c__DisplayClass33_0<object>$$.ctor,True
0x3D71474,10924,0x3F5512C,10915,,RepositoryBase.<>c__DisplayClass33_0<T>,Framework.Core.Services.Backend.Repositories.RepositoryBase.<>c__DisplayClass33_0<object>$$<ConvertToObjectInternal>g__HandleDeserializedResponse|1,True
0x3D725B8,10924,0x6922934,10924,Framework.Core.Services.Backend.Repositories,RepositoryBase,"private void TryAddRetryStrategy(RequestData requestData, RetryStrategy retryStrategy) { }",True
0x3D727DC,10924,0x6922934,10924,Framework.Core.Services.Backend.Repositories,RepositoryBase,"private void TryAddRetryStrategy(RequestData requestData, RetryStrategy retryStrategy) { }",True
0x3D72D9C,10924,0x4B0B474,10920,,RepositoryBase.<>c__DisplayClass43_0<TResponse>,Framework.Core.Services.Backend.Repositories.RepositoryBase.<>c__DisplayClass43_0<object>$$.ctor,True
0x3D72D9C,10924,0x6922468,10924,Framework.Core.Services.Backend.Repositories,RepositoryBase,"protected IPromise<HttpResponse> MakeGetRequest(string path, bool userAuthorizationHeader = True, string version = ""v1"", Dictionary<string, string> additionalHeaders, bool disableCache = False, RetryStrategy retryStrategy) { }",True
0x3D73030,10924,0x6922468,10924,Framework.Core.Services.Backend.Repositories,RepositoryBase,"protected IPromise<HttpResponse> MakeGetRequest(string path, bool userAuthorizationHeader = True, string version = ""v1"", Dictionary<string, string> additionalHeaders, bool disableCache = False, RetryStrategy retryStrategy) { }",True
0x3D734FC,10924,0x3D73A7C,10924,Framework.Core.Services.Backend.Repositories,RepositoryBase,Framework.Core.Services.Backend.Repositories.RepositoryBase$$MakeRequest<object>,True
0x3D736D4,10924,0x3D73A7C,10924,Framework.Core.Services.Backend.Repositories,RepositoryBase,Framework.Core.Services.Backend.Repositories.RepositoryBase$$MakeRequest<object>,True
0x3D738B4,10924,0x3D73A7C,10924,Framework.Core.Services.Backend.Repositories,RepositoryBase,Framework.Core.Services.Backend.Repositories.RepositoryBase$$MakeRequest<object>,True
0x3D73A7C,10924,0x3D725B8,10924,Framework.Core.Services.Backend.Repositories,RepositoryBase,Framework.Core.Services.Backend.Repositories.RepositoryBase$$CreateRequest<object>,True
0x3D7428C,10924,0x3D736D4,10924,Framework.Core.Services.Backend.Repositories,RepositoryBase,Framework.Core.Services.Backend.Repositories.RepositoryBase$$MakePostRequest<object>,True
0x3D7484C,10924,0x3D738B4,10924,Framework.Core.Services.Backend.Repositories,RepositoryBase,Framework.Core.Services.Backend.Repositories.RepositoryBase$$MakePutRequest<object>,True
0x3D7484C,10924,0x4B0BA38,10923,,RepositoryBase.<>c__DisplayClass46_0<TRequest>,Framework.Core.Services.Backend.Repositories.RepositoryBase.<>c__DisplayClass46_0<object>$$.ctor,True
0x3D7535C,10924,0x3D73D84,10924,Framework.Core.Services.Backend.Repositories,RepositoryBase,Framework.Core.Services.Backend.Repositories.RepositoryBase$$MakeWebsocketRequest<object>,True
0x3D7B228,1325,0x6A25ACC,1325,MergeEngine.Configuration.Definitions,Reward,public void AddViewData(IRewardViewData rewardViewData) { },True
0x3D7B4B4,1325,0x6A25ACC,1325,MergeEngine.Configuration.Definitions,Reward,public void AddViewData(IRewardViewData rewardViewData) { },True
0x3D7B80C,1325,0x3F34120,1321,,Reward.<>c__DisplayClass100_0<T>,MergeEngine.Configuration.Definitions.Reward.<>c__DisplayClass100_0<object>$$.ctor,True
0x3D7B80C,1325,0x601EFD4,1591,GameCore.Configuration.Definitions,RewardAmount,public int get_Amount() { },True
0x3D7B80C,1325,0x601F10C,1591,GameCore.Configuration.Definitions,RewardAmount,public void set_Amount(int value) { },True
0x3D7BD80,1325,0x601EFD4,1591,GameCore.Configuration.Definitions,RewardAmount,public int get_Amount() { },True
0x3D7BD80,1325,0x601F10C,1591,GameCore.Configuration.Definitions,RewardAmount,public void set_Amount(int value) { },True
0x3D7CAC0,1325,0x3D7C7F4,1325,MergeEngine.Configuration.Definitions,Reward,MergeEngine.Configuration.Definitions.Reward$$EnrichMultipleWithConditionals<object>,True
0x3D7D040,1325,0x3D7C4DC,1325,MergeEngine.Configuration.Definitions,Reward,MergeEngine.Configuration.Definitions.Reward$$CanAggregate<object>,True
0x3DB6E70,33690,0x5F15198,33689,ContextualizedECS.Systems,SystemInfo,"internal void .ctor(ISystem system, Type systemType) { }",True
0x3DB6E70,33690,0x5F151DC,33690,ContextualizedECS.Systems,SystemInfoExtensions,public static SystemInfo Last(SystemInfo system) { },True
0x3DB6E70,33690,0x5F153A8,33691,ContextualizedECS.Systems,SystemsBuilder,internal void RegisterSystem(SystemInfo systemInfo) { },True
0x3DB6F48,33690,0x5F15198,33689,ContextualizedECS.Systems,SystemInfo,"internal void .ctor(ISystem system, Type systemType) { }",True
0x3DB6F48,33690,0x5F151DC,33690,ContextualizedECS.Systems,SystemInfoExtensions,public static SystemInfo Last(SystemInfo system) { },True
0x3DB6F48,33690,0x5F153A8,33691,ContextualizedECS.Systems,SystemsBuilder,internal void RegisterSystem(SystemInfo systemInfo) { },True
0x3DB749C,689,0x3F39484,688,,SystemManager.<>c__DisplayClass13_0<TSystem>,MergeEngine.ECS.Systems.SystemManager.<>c__DisplayClass13_0<object>$$.ctor,True
0x3DB78B4,689,0x63A7688,689,MergeEngine.ECS.Systems,SystemManager,private void SortSystems() { },True
0x3DB7A70,689,0x63A718C,685,MergeEngine.ECS.Systems,SystemBase,public void Dispose() { },True
0x3DC6330,33704,0x3C1C618,33678,ContextualizedECS,Entity,ContextualizedECS.Entity$$SetComponent<BoardTilePositionComponent>,True
0x3DC6330,33704,0x3C1DCC8,33678,ContextualizedECS,Entity,ContextualizedECS.Entity$$SetComponent<TimeCycleComponent>,True
0x3DC63DC,33704,0x3C1C618,33678,ContextualizedECS,Entity,ContextualizedECS.Entity$$SetComponent<BoardTilePositionComponent>,True
0x3DC63DC,33704,0x3C1E010,33678,ContextualizedECS,Entity,ContextualizedECS.Entity$$SetComponent<TimeLockComponent>,True
0x3DC6964,33704,0x3C1C618,33678,ContextualizedECS,Entity,ContextualizedECS.Entity$$SetComponent<BoardTilePositionComponent>,True
0x3DC6964,33704,0x3C1D180,33678,ContextualizedECS,Entity,ContextualizedECS.Entity$$SetComponent<InteractionComponent>,True
0x3DC6964,33704,0x3C1D7EC,33678,ContextualizedECS,Entity,ContextualizedECS.Entity$$SetComponent<PendingInteractionComponent>,True
0x3DC6964,33704,0x3C1E0EC,33678,ContextualizedECS,Entity,ContextualizedECS.Entity$$SetComponent<ToolSpawningComponent>,True
0x3DC6DE4,33704,0x3C1C618,33678,ContextualizedECS,Entity,ContextualizedECS.Entity$$SetComponent<BoardTilePositionComponent>,True
0x3DC6DE4,33704,0x3C1C94C,33678,ContextualizedECS,Entity,ContextualizedECS.Entity$$SetComponent<CollectableComponent>,True
0x3DC6DE4,33704,0x3C1CFC8,33678,ContextualizedECS,Entity,ContextualizedECS.Entity$$SetComponent<IdComponent>,True
0x3DC6DE4,33704,0x3C1D180,33678,ContextualizedECS,Entity,ContextualizedECS.Entity$$SetComponent<InteractionComponent>,True
0x3DC6DE4,33704,0x3C1D7EC,33678,ContextualizedECS,Entity,ContextualizedECS.Entity$$SetComponent<PendingInteractionComponent>,True
0x3DC6F48,33704,0x3C1C618,33678,ContextualizedECS,Entity,ContextualizedECS.Entity$$SetComponent<BoardTilePositionComponent>,True
0x3DC6F48,33704,0x3C1C884,33678,ContextualizedECS,Entity,ContextualizedECS.Entity$$SetComponent<ChargeableComponent>,True
0x3DC6F48,33704,0x3C1CD5C,33678,ContextualizedECS,Entity,ContextualizedECS.Entity$$SetComponent<ExpendableComponent>,True
0x3DC6F48,33704,0x3C1CFC8,33678,ContextualizedECS,Entity,ContextualizedECS.Entity$$SetComponent<IdComponent>,True
0x3DC6F48,33704,0x3C1D7EC,33678,ContextualizedECS,Entity,ContextualizedECS.Entity$$SetComponent<PendingInteractionComponent>,True
0x3DC74F4,33704,0x3C1C618,33678,ContextualizedECS,Entity,ContextualizedECS.Entity$$SetComponent<BoardTilePositionComponent>,True
0x3DC74F4,33704,0x3C1CE38,33678,ContextualizedECS,Entity,ContextualizedECS.Entity$$SetComponent<FeedingCombinationComponent>,True
0x3DC74F4,33704,0x3C1CFC8,33678,ContextualizedECS,Entity,ContextualizedECS.Entity$$SetComponent<IdComponent>,True
0x3DC74F4,33704,0x3C1D180,33678,ContextualizedECS,Entity,ContextualizedECS.Entity$$SetComponent<InteractionComponent>,True
0x3DC74F4,33704,0x3C1D988,33678,ContextualizedECS,Entity,ContextualizedECS.Entity$$SetComponent<ProducerComponent>,True
0x3DC74F4,33704,0x3C1DCC8,33678,ContextualizedECS,Entity,ContextualizedECS.Entity$$SetComponent<TimeCycleComponent>,True
0x3DC8A38,33704,0x3C1E010,33678,ContextualizedECS,Entity,ContextualizedECS.Entity$$SetComponent<TimeLockComponent>,True
0x3E2F83C,11215,0x694B838,11215,Framework.Core.MVVM.ViewModel,ViewModelBase,private bool IsAssetInvalid(IAsset assetDefinition) { },True
0x3E36A2C,123,0x4944D1C,121,MergeEngine.Util,WeightedItemList<TItem>,MergeEngine.Util.WeightedItemList<object>$$AddItem,True
0x3E36A2C,123,0x4944F04,121,MergeEngine.Util,WeightedItemList<TItem>,MergeEngine.Util.WeightedItemList<object>$$.ctor,True
0x3E36A2C,123,0x49454E4,118,MergeEngine.Util,WeightedItem<T>,MergeEngine.Util.WeightedItem<object>$$.ctor,True
0x3E36E88,123,0x4944938,121,MergeEngine.Util,WeightedItemList<TItem>,MergeEngine.Util.WeightedItemList<Int32Enum>$$AddItem,True
0x3E36E88,123,0x4944B20,121,MergeEngine.Util,WeightedItemList<TItem>,MergeEngine.Util.WeightedItemList<Int32Enum>$$.ctor,True
0x3E36E88,123,0x4945490,118,MergeEngine.Util,WeightedItem<T>,MergeEngine.Util.WeightedItem<Int32Enum>$$.ctor,True
0x3E372E4,123,0x4944554,121,MergeEngine.Util,WeightedItemList<TItem>,MergeEngine.Util.WeightedItemList<int>$$AddItem,True
0x3E372E4,123,0x494473C,121,MergeEngine.Util,WeightedItemList<TItem>,MergeEngine.Util.WeightedItemList<int>$$.ctor,True
0x3E372E4,123,0x494543C,118,MergeEngine.Util,WeightedItem<T>,MergeEngine.Util.WeightedItem<int>$$.ctor,True
0x3EF4D34,940,0x68FD714,1080,MergeEngine.ECS.Components.Items,LockedComponent,public bool get_AnyLock() { },True
0x3EF5150,771,0x3BED81C,1054,MergeEngine.ECS.Components.Items,ComponentBase,MergeEngine.ECS.Components.Items.ComponentBase$$GetComponent<object>,True
0x3EFA920,940,0x68FD714,1080,MergeEngine.ECS.Components.Items,LockedComponent,public bool get_AnyLock() { },True
0x3F4E74C,991,0x6904F00,1132,MergeEngine.Data,BoardItemPosition,public bool Equals(BoardItemPosition other) { },True
0x4532DC4,992,0x3DB6C18,685,MergeEngine.ECS.Systems,SystemBase,MergeEngine.ECS.Systems.SystemBase$$GetSystem<object>,True
0x45330D4,992,0x4532E24,992,MergeEngine.ECS.Systems.Items.Producers,SpawningItemsSystem<T>,MergeEngine.ECS.Systems.Items.Producers.SpawningItemsSystem<object>$$RefillQueueFor,True
0x45330D4,992,0x4533F3C,992,MergeEngine.ECS.Systems.Items.Producers,SpawningItemsSystem<T>,MergeEngine.ECS.Systems.Items.Producers.SpawningItemsSystem<object>$$GetSpawnableItem,True
0x45330D4,992,0x4534608,992,MergeEngine.ECS.Systems.Items.Producers,SpawningItemsSystem<T>,MergeEngine.ECS.Systems.Items.Producers.SpawningItemsSystem<object>$$GetMaxLevelPrimaryProducerIdOnBoard,True
0x45330D4,992,0x4535260,992,MergeEngine.ECS.Systems.Items.Producers,SpawningItemsSystem<T>,MergeEngine.ECS.Systems.Items.Producers.SpawningItemsSystem<object>$$SetItemSpawningTrackingData,True
0x45330D4,992,0x453588C,992,MergeEngine.ECS.Systems.Items.Producers,SpawningItemsSystem<T>,MergeEngine.ECS.Systems.Items.Producers.SpawningItemsSystem<object>$$GetItemSpawningTrackingData,True
0x45330D4,992,0x4535BBC,992,MergeEngine.ECS.Systems.Items.Producers,SpawningItemsSystem<T>,MergeEngine.ECS.Systems.Items.Producers.SpawningItemsSystem<object>$$SetRemoteItemSpawningTrackingData,True
0x45330D4,992,0x4535CC4,992,MergeEngine.ECS.Systems.Items.Producers,SpawningItemsSystem<T>,MergeEngine.ECS.Systems.Items.Producers.SpawningItemsSystem<object>$$SpawnItemAt,True
0x45330D4,992,0x5FE8960,100,MergeEngine.Util,ItemSpawningQueue,public bool get_HasMoreItems() { },True
0x45330D4,992,0x5FF3DA8,239,MergeEngine.Signal.Items,SpawnerSpawnedItemSignal,"public void .ctor(IItemSpawningComponent spawner, IMergeItem spawnerItem, IMergeItem spawnedItem, int emptyTiles) { }",True
0x45330D4,992,0x63A73DC,685,MergeEngine.ECS.Systems,SystemBase,protected bool IsCooldownBlocked(Entity entity) { },True
0x45330D4,992,0x6902324,1125,MergeEngine.ECS.Components.Board,BoardComponent,public ReadOnlyCollection<BoardItemPosition> get_EmptyPositions() { },True
0x4533F3C,992,0x4532CCC,992,MergeEngine.ECS.Systems.Items.Producers,SpawningItemsSystem<T>,MergeEngine.ECS.Systems.Items.Producers.SpawningItemsSystem<object>$$get_IsRemoteSpawning,True
0x4533F3C,992,0x4534164,992,MergeEngine.ECS.Systems.Items.Producers,SpawningItemsSystem<T>,MergeEngine.ECS.Systems.Items.Producers.SpawningItemsSystem<object>$$TryReplaceWithRemoteSpawnable,True
0x4533F3C,992,0x45342CC,992,MergeEngine.ECS.Systems.Items.Producers,SpawningItemsSystem<T>,MergeEngine.ECS.Systems.Items.Producers.SpawningItemsSystem<object>$$GetItemFromDefaultQueue,True
0x4533F3C,992,0x6004718,1354,MergeEngine.Configuration.Definitions.WeakReferences.References,MergeItemWeakReference,public void .ctor(string uniqueId) { },True
0x4533F3C,992,0x6A29AA4,1308,MergeEngine.Configuration.Definitions,ItemSpawnable,public void .ctor() { },True
0x45342CC,992,0x3BED81C,1054,MergeEngine.ECS.Components.Items,ComponentBase,MergeEngine.ECS.Components.Items.ComponentBase$$GetComponent<object>,True
0x45342CC,992,0x4534B0C,992,MergeEngine.ECS.Systems.Items.Producers,SpawningItemsSystem<T>,MergeEngine.ECS.Systems.Items.Producers.SpawningItemsSystem<object>$$CreateNewBoostedItem,True
0x45342CC,992,0x5FE9BF4,100,MergeEngine.Util,ItemSpawningQueue,"public ItemSpawnable GetNextItems(ItemMultiple[] consumedItems, List<Combination> combinations, List<ItemPayloadBase> feedingConsumedItems) { }",True
0x4534608,992,0x666AF0C,919,MergeEngine.ECS.Systems.Board,BoardSystem,public bool IsUnlockedItemOnBoard(string itemId) { },True
0x4534B0C,992,0x6004718,1354,MergeEngine.Configuration.Definitions.WeakReferences.References,MergeItemWeakReference,public void .ctor(string uniqueId) { },True
0x4534B0C,992,0x6A29A84,1335,MergeEngine.Configuration.Definitions,WeightedItemSpawnable,public void .ctor() { },True
0x4534B0C,992,0x6A29A94,1304,MergeEngine.Configuration.Definitions,FixedItemSpawnable,public void .ctor() { },True
0x4534B0C,992,0x6A29AA4,1308,MergeEngine.Configuration.Definitions,ItemSpawnable,public void .ctor() { },True
0x4535260,992,0x6901AF4,1117,MergeEngine.ECS.Components.InteractionTracking,ItemSpawningTrackingData,"public Nullable<int> SetLifeTime(IMergeItem spawnerItem, IItemSpawningComponent itemSpawningComponent) { }",True
0x4535260,992,0x6901D24,1117,MergeEngine.ECS.Components.InteractionTracking,ItemSpawningTrackingData,public int GetRemainingItemsInSubCycle(IItemSpawningComponent producer) { },True
0x4535260,992,0x6901F0C,1117,MergeEngine.ECS.Components.InteractionTracking,ItemSpawningTrackingData,public void .ctor() { },True
0x4535260,992,0x6901F94,1118,MergeEngine.ECS.Components.InteractionTracking,LowLevelProduceTrackingData,public void .ctor() { },True
0x453588C,992,0x6901AF4,1117,MergeEngine.ECS.Components.InteractionTracking,ItemSpawningTrackingData,"public Nullable<int> SetLifeTime(IMergeItem spawnerItem, IItemSpawningComponent itemSpawningComponent) { }",True
0x453588C,992,0x6901D24,1117,MergeEngine.ECS.Components.InteractionTracking,ItemSpawningTrackingData,public int GetRemainingItemsInSubCycle(IItemSpawningComponent producer) { },True
0x453588C,992,0x6901F0C,1117,MergeEngine.ECS.Components.InteractionTracking,ItemSpawningTrackingData,public void .ctor() { },True
0x4535BBC,992,0x4532CCC,992,MergeEngine.ECS.Systems.Items.Producers,SpawningItemsSystem<T>,MergeEngine.ECS.Systems.Items.Producers.SpawningItemsSystem<object>$$get_IsRemoteSpawning,True
0x4535BBC,992,0x6901F9C,1119,MergeEngine.ECS.Components.InteractionTracking,RemoteItemSpawningTrackingData,public void .ctor() { },True
0x4535CC4,992,0x3C20D84,588,MergeEngine.ECS,Entity,MergeEngine.ECS.Entity$$GetComponent<object>,True
0x4535CC4,992,0x453657C,992,MergeEngine.ECS.Systems.Items.Producers,SpawningItemsSystem<T>,MergeEngine.ECS.Systems.Items.Producers.SpawningItemsSystem<object>$$OnItemBoosted,True
0x4535CC4,992,0x60117CC,1454,MergeEngine.Configuration.Capabilities,LockedCapability,"public void .ctor(bool locked, bool boxed, int lockedByLevel, bool bubbled, UnboxingType unboxingType, int interactionAmount, PlayerResourceEnum interactionResource = 1) { }",True
0x4535CC4,992,0x626F74C,599,MergeEngine.ECS.Util,BoardSystemUtil,"public static void SlideItemInOnInteractionCostDeducted(BoardSystem boardSystem, BoardItemPosition position, BoardItemPosition fromPosition, InteractionComponent interactionComponent) { }",True
0x4535CC4,992,0x68FC474,1063,MergeEngine.ECS.Components.Items,IdComponent,public string get_Uuid() { },True
0x4535CC4,992,0x6904FE0,1132,MergeEngine.Data,BoardItemPosition,public override string ToString() { },True
0x4535CC4,992,0x6913BC8,1186,MergeEngine.Configuration,MergeItemInstanceConfiguration,"public static MergeItemInstanceConfiguration CreateBoardConfiguration(BoardItemPosition position, Nullable<ItemOrigin> itemOrigin, LockedCapability lockedCapability, string uuid) { }",True
0x453657C,992,0x3F4E744,991,,SpawningItemsSystem.<>c__DisplayClass29_0<T>,MergeEngine.ECS.Systems.Items.Producers.SpawningItemsSystem.<>c__DisplayClass29_0<object>$$.ctor,True
0x4536958,992,0x3BED81C,1054,MergeEngine.ECS.Components.Items,ComponentBase,MergeEngine.ECS.Components.Items.ComponentBase$$GetComponent<object>,True
0x4536958,992,0x68FE14C,1094,MergeEngine.ECS.Components.Items,TimeLockComponent,public bool get_Locked() { },True
0x45528AC,9848,0x3F38EAC,9847,,SyncPayloadServiceBase.<>c__DisplayClass13_0<TPayload>,Merger.Services.Backend.Sync.SyncPayloadServiceBase.<>c__DisplayClass13_0<object>$$.ctor,True
0x4552B90,9848,0x614CB20,3000,Merger.Rewards.Constants,RewardTypesConstants,public static IRewardType GetRewardType(PlayerResourceEnum resourceEnum) { },True
0x45530F4,9848,0x614CB20,3000,Merger.Rewards.Constants,RewardTypesConstants,public static IRewardType GetRewardType(PlayerResourceEnum resourceEnum) { },True
0x45F03B0,691,0x3DB6AC8,685,MergeEngine.ECS.Systems,SystemBase,MergeEngine.ECS.Systems.SystemBase$$GetComponents<object>,True
0x4653F70,117,0x46542AC,117,MergeEngine.Util,TwoDArray<T>,MergeEngine.Util.TwoDArray<object>$$FillEmptyPositions,True
0x4653F70,117,0x46543B4,117,MergeEngine.Util,TwoDArray<T>,MergeEngine.Util.TwoDArray<object>$$CreateArray,True
0x4653F70,117,0x68FDC94,1132,MergeEngine.Data,BoardItemPosition,"public void .ctor(int col, int row) { }",True
0x46542AC,117,0x68FDC94,1132,MergeEngine.Data,BoardItemPosition,"public void .ctor(int col, int row) { }",True
0x4654664,117,0x68FDC94,1132,MergeEngine.Data,BoardItemPosition,"public void .ctor(int col, int row) { }",True
0x465482C,117,0x3F3F7A0,116,,TwoDArray.<>c__DisplayClass17_0<T>,MergeEngine.Util.TwoDArray.<>c__DisplayClass17_0<object>$$.ctor,True
0x4931D38,11216,0x68B2E98,10424,Framework.Core,Base,public void Dispose() { },True
0x4944654,121,0x4B1B8AC,120,,WeightedItemList.<>c__DisplayClass8_0<TItem>,MergeEngine.Util.WeightedItemList.<>c__DisplayClass8_0<int>$$.ctor,True
0x4944A38,121,0x4B1B8D8,120,,WeightedItemList.<>c__DisplayClass8_0<TItem>,MergeEngine.Util.WeightedItemList.<>c__DisplayClass8_0<Int32Enum>$$.ctor,True
0x4944E1C,121,0x4B1BFA0,120,,WeightedItemList.<>c__DisplayClass8_0<TItem>,MergeEngine.Util.WeightedItemList.<>c__DisplayClass8_0<object>$$.ctor,True
0x4BEC194,8921,0x68AAF28,10428,Framework.Core.View,ViewComponent,public RectTransform get_RectTransform() { },True
0x4BEC2C0,939,0x67A3210,1003,MergeEngine.ECS.Systems.Items.Exceptions,ProcessItemException,"public void .ctor(string id, Exception e) { }",True
0x4BEC740,939,0x67A3210,1003,MergeEngine.ECS.Systems.Items.Exceptions,ProcessItemException,"public void .ctor(string id, Exception e) { }",True
0x4C0382C,944,0x614CB20,3000,Merger.Rewards.Constants,RewardTypesConstants,public static IRewardType GetRewardType(PlayerResourceEnum resourceEnum) { },True
0x4C03AD8,944,0x4C03FC0,944,MergeEngine.ECS.Systems.Items,BaseToolAnalysisSystem<T>,MergeEngine.ECS.Systems.Items.BaseToolAnalysisSystem<object>$$GetUnlockedItemsOnBoard,True
0x4C03AD8,944,0x4C041EC,944,MergeEngine.ECS.Systems.Items,BaseToolAnalysisSystem<T>,MergeEngine.ECS.Systems.Items.BaseToolAnalysisSystem<object>$$GetToolGraphsFromItems,True
0x4C03AD8,944,0x4C04334,944,MergeEngine.ECS.Systems.Items,BaseToolAnalysisSystem<T>,MergeEngine.ECS.Systems.Items.BaseToolAnalysisSystem<object>$$AnalyzeSingleToolGraph,True
0x4C03FC0,944,0x3DB6AC8,685,MergeEngine.ECS.Systems,SystemBase,MergeEngine.ECS.Systems.SystemBase$$GetComponents<object>,True
0x4C04334,944,0x4C044D0,944,MergeEngine.ECS.Systems.Items,BaseToolAnalysisSystem<T>,MergeEngine.ECS.Systems.Items.BaseToolAnalysisSystem<object>$$CalculateItemsLevelSum,True
0x4C04334,944,0x4C04634,944,MergeEngine.ECS.Systems.Items,BaseToolAnalysisSystem<T>,MergeEngine.ECS.Systems.Items.BaseToolAnalysisSystem<object>$$AddOrUpdateDictionary,True
0x4C044D0,944,0x3F4D984,941,,BaseToolAnalysisSystem.<>c__DisplayClass27_0<T>,MergeEngine.ECS.Systems.Items.BaseToolAnalysisSystem.<>c__DisplayClass27_0<object>$$.ctor,True
0x4C046EC,944,0x3F4E58C,942,,BaseToolAnalysisSystem.<>c__DisplayClass29_0<T>,MergeEngine.ECS.Systems.Items.BaseToolAnalysisSystem.<>c__DisplayClass29_0<object>$$.ctor,True
0x4C048BC,944,0x6797E70,976,MergeEngine.ECS.Systems.Items,ToolsRequiredByBuildingsHelper,"public HashSet<PlayerResourceEnum> FindToolsNeededByUpgrade(List<BuildingInstanceProgression> unlockedBuildings, Dictionary<PlayerResourceEnum, int> currentToolAmounts) { }",True
0x4C04A08,944,0x3F54968,943,,BaseToolAnalysisSystem.<>c__DisplayClass32_0<T>,MergeEngine.ECS.Systems.Items.BaseToolAnalysisSystem.<>c__DisplayClass32_0<object>$$.ctor,True
0x4C04AC4,944,0x3E36E88,123,MergeEngine.Util,WeightedItemUtil,"MergeEngine.Util.WeightedItemUtil$$GenerateWeightedItemList<WeightedTool, Int32Enum>",True
0x4C04DE8,944,0x3E372E4,123,MergeEngine.Util,WeightedItemUtil,"MergeEngine.Util.WeightedItemUtil$$GenerateWeightedItemList<WeightedToolLevel, int>",True
0x4C04DE8,944,0x4944654,121,MergeEngine.Util,WeightedItemList<TItem>,MergeEngine.Util.WeightedItemList<int>$$GetItem,True
0x4C04DE8,944,0x4C046EC,944,MergeEngine.ECS.Systems.Items,BaseToolAnalysisSystem<T>,MergeEngine.ECS.Systems.Items.BaseToolAnalysisSystem<object>$$FilterToolLevelsByChainProgress,True
0x4C05210,944,0x4C03610,944,MergeEngine.ECS.Systems.Items,BaseToolAnalysisSystem<T>,MergeEngine.ECS.Systems.Items.BaseToolAnalysisSystem<object>$$get_ToolsRequiredByMetagameBooster,True
0x4C05368,944,0x6798A68,976,MergeEngine.ECS.Systems.Items,ToolsRequiredByBuildingsHelper,public void .ctor() { },True
0x4C05944,944,0x614CB20,3000,Merger.Rewards.Constants,RewardTypesConstants,public static IRewardType GetRewardType(PlayerResourceEnum resourceEnum) { },True
0x4C0611C,944,0x3DB6AC8,685,MergeEngine.ECS.Systems,SystemBase,MergeEngine.ECS.Systems.SystemBase$$GetComponents<object>,True
0x4C06A60,944,0x6797E70,976,MergeEngine.ECS.Systems.Items,ToolsRequiredByBuildingsHelper,"public HashSet<PlayerResourceEnum> FindToolsNeededByUpgrade(List<BuildingInstanceProgression> unlockedBuildings, Dictionary<PlayerResourceEnum, int> currentToolAmounts) { }",True
0x4C06C70,944,0x3E36E88,123,MergeEngine.Util,WeightedItemUtil,"MergeEngine.Util.WeightedItemUtil$$GenerateWeightedItemList<WeightedTool, Int32Enum>",True
0x4C06F94,944,0x3E372E4,123,MergeEngine.Util,WeightedItemUtil,"MergeEngine.Util.WeightedItemUtil$$GenerateWeightedItemList<WeightedToolLevel, int>",True
0x4C06F94,944,0x4944654,121,MergeEngine.Util,WeightedItemList<TItem>,MergeEngine.Util.WeightedItemList<int>$$GetItem,True
0x4C0752C,944,0x6798A68,976,MergeEngine.ECS.Systems.Items,ToolsRequiredByBuildingsHelper,public void .ctor() { },True
0x4C17F4C,768,0x3AF70E8,762,MergeEngine.ECS.Systems.State,StateSystemBase<TStatePayload>,"MergeEngine.ECS.Systems.State.StateSystemBase<object>$$TryLoadComponent<object, object>",True
0x4C17F4C,768,0x3DB68FC,685,MergeEngine.ECS.Systems,SystemBase,MergeEngine.ECS.Systems.SystemBase$$GetComponent<object>,True
0x4C17F4C,768,0x5FF34DC,215,MergeEngine.Signal.Items,InventoryStateUpdatedSignal,public void .ctor() { },True
0x4C1802C,770,0x6286B48,659,MergeEngine.ECS.Systems,InventorySystem,public void RemoveInventoryItem(InventorySlotComponent slotComponent) { },True
0x4C181F4,770,0x3DB6AC8,685,MergeEngine.ECS.Systems,SystemBase,MergeEngine.ECS.Systems.SystemBase$$GetComponents<object>,True
0x4C184F4,770,0x3AF70E8,762,MergeEngine.ECS.Systems.State,StateSystemBase<TStatePayload>,"MergeEngine.ECS.Systems.State.StateSystemBase<object>$$TryLoadComponent<object, object>",True
0x4C184F4,770,0x3C20D84,588,MergeEngine.ECS,Entity,MergeEngine.ECS.Entity$$GetComponent<object>,True
0x4C184F4,770,0x3DB68FC,685,MergeEngine.ECS.Systems,SystemBase,MergeEngine.ECS.Systems.SystemBase$$GetComponent<object>,True
0x4C184F4,770,0x53973F4,781,MergeEngine.ECS.Systems.State.Board,ItemsStateSystemBase<TLoadable>,MergeEngine.ECS.Systems.State.Board.ItemsStateSystemBase<object>$$AddNewEntity,True
0x4C184F4,770,0x53974A4,781,MergeEngine.ECS.Systems.State.Board,ItemsStateSystemBase<TLoadable>,MergeEngine.ECS.Systems.State.Board.ItemsStateSystemBase<object>$$HandleExistingEntities,True
0x4C184F4,770,0x5397634,781,MergeEngine.ECS.Systems.State.Board,ItemsStateSystemBase<TLoadable>,MergeEngine.ECS.Systems.State.Board.ItemsStateSystemBase<object>$$TryGetEntity,True
0x4C184F4,770,0x5FF34DC,215,MergeEngine.Signal.Items,InventoryStateUpdatedSignal,public void .ctor() { },True
0x4C184F4,770,0x6913CFC,1186,MergeEngine.Configuration,MergeItemInstanceConfiguration,"public static MergeItemInstanceConfiguration CreateInventoryConfiguration(int slotIndex, InventorySlotType slotType = 0, string slotId) { }",True
0x4C18BF0,774,0x3DB6AC8,685,MergeEngine.ECS.Systems,SystemBase,MergeEngine.ECS.Systems.SystemBase$$GetComponents<object>,True
0x4C18DB0,774,0x4C18F2C,774,MergeEngine.ECS.Systems.State.Board,BoardItemsStateSystem<TState>,MergeEngine.ECS.Systems.State.Board.BoardItemsStateSystem<object>$$ProcessItem,True
0x4C18DB0,774,0x53974A4,781,MergeEngine.ECS.Systems.State.Board,ItemsStateSystemBase<TLoadable>,MergeEngine.ECS.Systems.State.Board.ItemsStateSystemBase<object>$$HandleExistingEntities,True
0x4C18F2C,774,0x3AF70E8,762,MergeEngine.ECS.Systems.State,StateSystemBase<TStatePayload>,"MergeEngine.ECS.Systems.State.StateSystemBase<object>$$TryLoadComponent<object, object>",True
0x4C18F2C,774,0x3C20D84,588,MergeEngine.ECS,Entity,MergeEngine.ECS.Entity$$GetComponent<object>,True
0x4C18F2C,774,0x4C191A4,774,MergeEngine.ECS.Systems.State.Board,BoardItemsStateSystem<TState>,MergeEngine.ECS.Systems.State.Board.BoardItemsStateSystem<object>$$UpdateTimeLockCapacityState,True
0x4C18F2C,774,0x4C195DC,774,MergeEngine.ECS.Systems.State.Board,BoardItemsStateSystem<TState>,MergeEngine.ECS.Systems.State.Board.BoardItemsStateSystem<object>$$ValidateTimeCycleComponent,True
0x4C18F2C,774,0x53973F4,781,MergeEngine.ECS.Systems.State.Board,ItemsStateSystemBase<TLoadable>,MergeEngine.ECS.Systems.State.Board.ItemsStateSystemBase<object>$$AddNewEntity,True
0x4C18F2C,774,0x5397634,781,MergeEngine.ECS.Systems.State.Board,ItemsStateSystemBase<TLoadable>,MergeEngine.ECS.Systems.State.Board.ItemsStateSystemBase<object>$$TryGetEntity,True
0x4C18F2C,774,0x6664880,919,MergeEngine.ECS.Systems.Board,BoardSystem,public BoardItemPosition GetRandomAvailablePosition() { },True
0x4C18F2C,774,0x6913BC8,1186,MergeEngine.Configuration,MergeItemInstanceConfiguration,"public static MergeItemInstanceConfiguration CreateBoardConfiguration(BoardItemPosition position, Nullable<ItemOrigin> itemOrigin, LockedCapability lockedCapability, string uuid) { }",True
0x4C191A4,774,0x3BED81C,1054,MergeEngine.ECS.Components.Items,ComponentBase,MergeEngine.ECS.Components.Items.ComponentBase$$GetComponent<object>,True
0x4C191A4,774,0x3C20D84,588,MergeEngine.ECS,Entity,MergeEngine.ECS.Entity$$GetComponent<object>,True
0x4C19248,774,0x4B1D590,772,,BoardItemsStateSystem.<>c__DisplayClass9_0<TState>,MergeEngine.ECS.Systems.State.Board.BoardItemsStateSystem.<>c__DisplayClass9_0<object>$$.ctor,True
0x4C19248,774,0x6668F84,919,MergeEngine.ECS.Systems.Board,BoardSystem,public void MoveDuplicatePositionedItemsToItemQueue(IEnumerable<PositionComponent> duplicatePositionedItems) { },True
0x4C195DC,774,0x3C20D84,588,MergeEngine.ECS,Entity,MergeEngine.ECS.Entity$$GetComponent<object>,True
0x4C1A7A8,777,0x454506C,762,MergeEngine.ECS.Systems.State,StateSystemBase<TStatePayload>,MergeEngine.ECS.Systems.State.StateSystemBase<object>$$InitializeSystem,True
0x4C1A910,777,0x3DB68FC,685,MergeEngine.ECS.Systems,SystemBase,MergeEngine.ECS.Systems.SystemBase$$GetComponent<object>,True
0x4C1A96C,777,0x3DB68FC,685,MergeEngine.ECS.Systems,SystemBase,MergeEngine.ECS.Systems.SystemBase$$GetComponent<object>,True
0x4C1A96C,777,0x4C1AAD4,777,MergeEngine.ECS.Systems.State.Board,BoardQueueStateSystem<TState>,MergeEngine.ECS.Systems.State.Board.BoardQueueStateSystem<object>$$ConvertToQueuedItem,True
0x4C1A96C,777,0x690439C,1128,MergeEngine.ECS.Components.Board,BoardQueueComponent,public List<string> TrackPreviousState(List<QueuedItem> queuedItems) { },True
0x4C1AAD4,777,0x4C1ADA4,777,MergeEngine.ECS.Systems.State.Board,BoardQueueStateSystem<TState>,MergeEngine.ECS.Systems.State.Board.BoardQueueStateSystem<object>$$GetItemEntityData,True
0x4C1AAD4,777,0x667D0EC,8495,Merger.Game.Data,QueuedItem,"public void .ctor(IItem item, long enqueueTimestamp, BoardQueueOrder boardQueueOrder, string uuidInBoardQueue, Entity entityData, string boosterUuid, string reason) { }",True
0x4C1ADA4,777,0x6905088,1132,MergeEngine.Data,BoardItemPosition,public static BoardItemPosition TopLeftCorner() { },True
0x4C1ADA4,777,0x6913BC8,1186,MergeEngine.Configuration,MergeItemInstanceConfiguration,"public static MergeItemInstanceConfiguration CreateBoardConfiguration(BoardItemPosition position, Nullable<ItemOrigin> itemOrigin, LockedCapability lockedCapability, string uuid) { }",True
0x4D5F314,1054,0x68F7118,1054,MergeEngine.ECS.Components.Items,ComponentBase,public void .ctor(Entity entity) { },True
0x4D5F358,1054,0x68F7118,1054,MergeEngine.ECS.Components.Items,ComponentBase,public void .ctor(Entity entity) { },True
0x4D5F438,1054,0x68F7118,1054,MergeEngine.ECS.Components.Items,ComponentBase,public void .ctor(Entity entity) { },True
0x51BAF70,6441,0x68B2E90,10424,Framework.Core,Base,protected virtual void SubscribeToSignals() { },True
0x51BB088,6441,0x51BD73C,6441,Merger.RemoteLiveOps.Controllers,EventControllerBase<TEventData>,Merger.RemoteLiveOps.Controllers.EventControllerBase<object>$$TryUnloadTmpSpriteOverride,True
0x51BB088,6441,0x51BDAF0,6441,Merger.RemoteLiveOps.Controllers,EventControllerBase<TEventData>,Merger.RemoteLiveOps.Controllers.EventControllerBase<object>$$UnloadSoundConfig,True
0x51BB26C,6441,0x51BC7A8,6441,Merger.RemoteLiveOps.Controllers,EventControllerBase<TEventData>,Merger.RemoteLiveOps.Controllers.EventControllerBase<object>$$UpdateData,True
0x51BB26C,6441,0x51BD1B4,6441,Merger.RemoteLiveOps.Controllers,EventControllerBase<TEventData>,Merger.RemoteLiveOps.Controllers.EventControllerBase<object>$$LateCreate,True
0x51BB414,6441,0x51BB464,6441,Merger.RemoteLiveOps.Controllers,EventControllerBase<TEventData>,Merger.RemoteLiveOps.Controllers.EventControllerBase<object>$$TrySetStateToPendingActivation,True
0x51BB414,6441,0x51BC7A8,6441,Merger.RemoteLiveOps.Controllers,EventControllerBase<TEventData>,Merger.RemoteLiveOps.Controllers.EventControllerBase<object>$$UpdateData,True
0x51BB548,6441,0x51BB464,6441,Merger.RemoteLiveOps.Controllers,EventControllerBase<TEventData>,Merger.RemoteLiveOps.Controllers.EventControllerBase<object>$$TrySetStateToPendingActivation,True
0x51BB548,6441,0x51BC824,6441,Merger.RemoteLiveOps.Controllers,EventControllerBase<TEventData>,Merger.RemoteLiveOps.Controllers.EventControllerBase<object>$$SetActivationDependency,True
0x51BB9B0,6441,0x51BAC08,6441,Merger.RemoteLiveOps.Controllers,EventControllerBase<TEventData>,Merger.RemoteLiveOps.Controllers.EventControllerBase<object>$$get_HasRemoteAssets,True
0x51BBCAC,6441,0x51BAC08,6441,Merger.RemoteLiveOps.Controllers,EventControllerBase<TEventData>,Merger.RemoteLiveOps.Controllers.EventControllerBase<object>$$get_HasRemoteAssets,True
0x51BBCAC,6441,0x51BBBDC,6441,Merger.RemoteLiveOps.Controllers,EventControllerBase<TEventData>,Merger.RemoteLiveOps.Controllers.EventControllerBase<object>$$DownloadAsset,True
0x51BC1CC,6441,0x51BC560,6441,Merger.RemoteLiveOps.Controllers,EventControllerBase<TEventData>,Merger.RemoteLiveOps.Controllers.EventControllerBase<object>$$UpdateOnActivationIfNeeded,True
0x51BC1CC,6441,0x51BCC5C,6441,Merger.RemoteLiveOps.Controllers,EventControllerBase<TEventData>,Merger.RemoteLiveOps.Controllers.EventControllerBase<object>$$StartEventInternal,True
0x51BCA18,6441,0x51BB6E4,6441,Merger.RemoteLiveOps.Controllers,EventControllerBase<TEventData>,Merger.RemoteLiveOps.Controllers.EventControllerBase<object>$$ActivateOrStartEvent,True
0x51BCA88,6441,0x51BAC70,6441,Merger.RemoteLiveOps.Controllers,EventControllerBase<TEventData>,Merger.RemoteLiveOps.Controllers.EventControllerBase<object>$$get_CurrentServerTimeMS,True
0x51BCC5C,6441,0x51BD7C8,6441,Merger.RemoteLiveOps.Controllers,EventControllerBase<TEventData>,Merger.RemoteLiveOps.Controllers.EventControllerBase<object>$$LoadSoundConfig,True
0x51BD088,6441,0x51BAE50,6441,Merger.RemoteLiveOps.Controllers,EventControllerBase<TEventData>,Merger.RemoteLiveOps.Controllers.EventControllerBase<object>$$get_IconsSystem,True
0x51BD088,6441,0x51BCDE4,6441,Merger.RemoteLiveOps.Controllers,EventControllerBase<TEventData>,Merger.RemoteLiveOps.Controllers.EventControllerBase<object>$$CreateIconDataContainer,True
0x51BD134,6441,0x51BAE50,6441,Merger.RemoteLiveOps.Controllers,EventControllerBase<TEventData>,Merger.RemoteLiveOps.Controllers.EventControllerBase<object>$$get_IconsSystem,True
0x51BD134,6441,0x51BCDE4,6441,Merger.RemoteLiveOps.Controllers,EventControllerBase<TEventData>,Merger.RemoteLiveOps.Controllers.EventControllerBase<object>$$CreateIconDataContainer,True
0x51BD1B4,6441,0x51BB9B0,6441,Merger.RemoteLiveOps.Controllers,EventControllerBase<TEventData>,Merger.RemoteLiveOps.Controllers.EventControllerBase<object>$$InitializeRemoteContentBundleHandler,True
0x51BD1B4,6441,0x51BBCAC,6441,Merger.RemoteLiveOps.Controllers,EventControllerBase<TEventData>,Merger.RemoteLiveOps.Controllers.EventControllerBase<object>$$DownloadEventAssets,True
0x51BDD9C,6441,0x51BD438,6441,Merger.RemoteLiveOps.Controllers,EventControllerBase<TEventData>,Merger.RemoteLiveOps.Controllers.EventControllerBase<object>$$TryAddTmpSpriteOverride,True
0x5269B3C,8590,0x6625ED4,8279,Merger.Game.ViewModel,GameBaseViewModel,public BindableProperty<bool> get_Started() { },True
0x5269B94,8590,0x5269B3C,8590,Merger.Game.Views,GameViewBase<TViewModel>,Merger.Game.Views.GameViewBase<object>$$get_HasGameStarted,True
0x5269B94,8590,0x6625ED4,8279,Merger.Game.ViewModel,GameBaseViewModel,public BindableProperty<bool> get_Started() { },True
0x5269C70,8590,0x6625ED4,8279,Merger.Game.ViewModel,GameBaseViewModel,public BindableProperty<bool> get_Started() { },True
0x5269D38,8590,0x6625ED4,8279,Merger.Game.ViewModel,GameBaseViewModel,public BindableProperty<bool> get_Started() { },True
0x5393940,1103,0x5FE89C8,100,MergeEngine.Util,ItemSpawningQueue,"public void .ctor(ItemsSpawningCapability capability, int seed, int startIndex = 0) { }",True
0x5393A3C,1103,0x5FE89C8,100,MergeEngine.Util,ItemSpawningQueue,"public void .ctor(ItemsSpawningCapability capability, int seed, int startIndex = 0) { }",True
0x53974A4,781,0x4B1BE58,780,,ItemsStateSystemBase.<>c__DisplayClass8_0<TLoadable>,MergeEngine.ECS.Systems.State.Board.ItemsStateSystemBase.<>c__DisplayClass8_0<object>$$.ctor,True
0x5397634,781,0x5397834,781,MergeEngine.ECS.Systems.State.Board,ItemsStateSystemBase<TLoadable>,MergeEngine.ECS.Systems.State.Board.ItemsStateSystemBase<object>$$TryGetExistingItem,True
0x5397634,781,0x60046EC,1350,MergeEngine.Configuration.Definitions.WeakReferences.References,DynamicMergeItemWeakReference,"public void .ctor(string uniqueId, DynamicMergeItemConfig dynamicMergeItemData) { }",True
0x5397834,781,0x3F34FF4,779,,ItemsStateSystemBase.<>c__DisplayClass10_0<TLoadable>,MergeEngine.ECS.Systems.State.Board.ItemsStateSystemBase.<>c__DisplayClass10_0<object>$$.ctor,True
0x5F15720,33692,0x5F157BC,33702,ContextualizedECS.Context,TickArgs,public void .ctor() { },True
0x5F15720,33692,0x5F15844,33703,ContextualizedECS.Context,TickContext,"public void .ctor(IEntitiesHolder entitiesManager, TickArgs inArgs, TickArgs result) { }",True
0x5F15720,33692,0x5F15904,33692,ContextualizedECS.Systems,SystemsManager,private void ExecuteSystems(TickContext context) { },True
0x5FE7918,91,0x5FE7A24,91,MergeEngine.Util,BoardUtil,private static IEnumerable<ITimeCycleComponent> GetTimeCycleComponents(IEntityManager entityManager) { },True
0x5FE7A24,91,0x5FE8200,91,MergeEngine.Util,BoardUtil,public static IEnumerable<PositionComponent> GetUnlockedComponents(IEntityManager entityManager) { },True
0x5FE7BF0,91,0x5FE7A24,91,MergeEngine.Util,BoardUtil,private static IEnumerable<ITimeCycleComponent> GetTimeCycleComponents(IEntityManager entityManager) { },True
0x5FE7CFC,91,0x5FE7A24,91,MergeEngine.Util,BoardUtil,private static IEnumerable<ITimeCycleComponent> GetTimeCycleComponents(IEntityManager entityManager) { },True
0x5FE8394,91,0x66596DC,894,MergeEngine.ECS.Systems.Board,BoardIdleHintSystem,"public Tuple<IdComponent, IdComponent> GetFirstMergeableItemTuple() { }",True
0x5FE87AC,90,0x3BED85C,1054,MergeEngine.ECS.Components.Items,ComponentBase,MergeEngine.ECS.Components.Items.ComponentBase$$GetComponents<object>,True
0x5FE89C8,100,0x5FE8B04,100,MergeEngine.Util,ItemSpawningQueue,"public void Refill(int seed = 0, List<Combination> combinations) { }",True
0x5FE8B04,100,0x5FE8DBC,100,MergeEngine.Util,ItemSpawningQueue,"private void AddFixedItems(List<ItemSpawnable> spawningList, List<FixedItemSpawnable> fixedItems) { }",True
0x5FE8B04,100,0x5FE8FE0,100,MergeEngine.Util,ItemSpawningQueue,"private void AddWeightedItems(List<ItemSpawnable> spawningList, List<WeightedItemSpawnable> items, int numItemsInCycles) { }",True
0x5FE8B04,100,0x5FE932C,100,MergeEngine.Util,ItemSpawningQueue,"public void AddCombinationWeightedItems(List<Combination> combinations, int numItemsInCycles) { }",True
0x5FE8FE0,100,0x3E36A2C,123,MergeEngine.Util,WeightedItemUtil,"MergeEngine.Util.WeightedItemUtil$$GenerateWeightedItemList<object, object>",True
0x5FE8FE0,100,0x4944E1C,121,MergeEngine.Util,WeightedItemList<TItem>,MergeEngine.Util.WeightedItemList<object>$$GetItem,True
0x5FE932C,100,0x3E36A2C,123,MergeEngine.Util,WeightedItemUtil,"MergeEngine.Util.WeightedItemUtil$$GenerateWeightedItemList<object, object>",True
0x5FE932C,100,0x4944E1C,121,MergeEngine.Util,WeightedItemList<TItem>,MergeEngine.Util.WeightedItemList<object>$$GetItem,True
0x5FE932C,100,0x6A28428,1299,MergeEngine.Configuration.Definitions,Combination,public string get_ID() { },True
0x5FE9BF4,100,0x6A28428,1299,MergeEngine.Configuration.Definitions,Combination,public string get_ID() { },True
0x5FE9BF4,100,0x6A29AA4,1308,MergeEngine.Configuration.Definitions,ItemSpawnable,public void .ctor() { },True
0x5FEA444,100,0x5FE8FE0,100,MergeEngine.Util,ItemSpawningQueue,"private void AddWeightedItems(List<ItemSpawnable> spawningList, List<WeightedItemSpawnable> items, int numItemsInCycles) { }",True
0x5FEA9D0,93,0x6A29A84,1335,MergeEngine.Configuration.Definitions,WeightedItemSpawnable,public void .ctor() { },True
0x60046EC,1350,0x6004718,1354,MergeEngine.Configuration.Definitions.WeakReferences.References,MergeItemWeakReference,public void .ctor(string uniqueId) { },True
0x6004770,1350,0x6004828,1354,MergeEngine.Configuration.Definitions.WeakReferences.References,MergeItemWeakReference,public virtual bool Equals(MergeItemWeakReference other) { },True
0x6005368,1368,0x600565C,1368,MergeEngine.Configuration.Definitions.WeakReferences.Providers,MergeItemProvider,private IMergeItem CloneMergeItem(IMergeItem originalMergeItem) { },True
0x60105A8,1445,0x6278400,631,MergeEngine.ECS.Util,InteractionUtil,public static bool IsComboProducer(InteractionCapability capability) { },True
0x60108A0,1453,0x6010918,1453,MergeEngine.Configuration.Capabilities,ItemsSpawningCapability,public List<IMergeItem> GetSpawningList() { },True
0x601E5E4,1562,0x694BF50,11221,Framework.Core.MVVM.Model,ModelBase,protected virtual void InitializeModel() { },True
0x601E694,1562,0x6271724,610,MergeEngine.ECS.Util,ECSInjectionUtil,"public static void InjectSystems(object target, ISystemManager systemManager) { }",True
0x601F344,1580,0x601EEFC,1580,GameCore.Configuration.Definitions,BaseReward,public int get_Amount() { },True
0x601F344,1580,0x601F22C,1580,GameCore.Configuration.Definitions,BaseReward,public string get_Type() { },True
0x601F55C,1580,0x601F22C,1580,GameCore.Configuration.Definitions,BaseReward,public string get_Type() { },True
0x601F748,1591,0x601EFD4,1591,GameCore.Configuration.Definitions,RewardAmount,public int get_Amount() { },True
0x601F748,1591,0x601FAE4,1591,GameCore.Configuration.Definitions,RewardAmount,public int get_Min() { },True
0x601F748,1591,0x601FB48,1591,GameCore.Configuration.Definitions,RewardAmount,public int get_Max() { },True
0x601F748,1591,0x601FBAC,1591,GameCore.Configuration.Definitions,RewardAmount,public int get_OutOf() { },True
0x601FC94,1591,0x601EFD4,1591,GameCore.Configuration.Definitions,RewardAmount,public int get_Amount() { },True
0x601FC94,1591,0x601FAE4,1591,GameCore.Configuration.Definitions,RewardAmount,public int get_Min() { },True
0x601FC94,1591,0x601FB48,1591,GameCore.Configuration.Definitions,RewardAmount,public int get_Max() { },True
0x601FC94,1591,0x601FBAC,1591,GameCore.Configuration.Definitions,RewardAmount,public int get_OutOf() { },True
0x601FD48,1591,0x601EFD4,1591,GameCore.Configuration.Definitions,RewardAmount,public int get_Amount() { },True
0x601FD48,1591,0x601FAE4,1591,GameCore.Configuration.Definitions,RewardAmount,public int get_Min() { },True
0x601FD48,1591,0x601FB48,1591,GameCore.Configuration.Definitions,RewardAmount,public int get_Max() { },True
0x601FD48,1591,0x601FBAC,1591,GameCore.Configuration.Definitions,RewardAmount,public int get_OutOf() { },True
0x6020144,1591,0x601FC94,1591,GameCore.Configuration.Definitions,RewardAmount,public void .ctor(RewardAmount other) { },True
0x6112E18,2860,0x6112C34,2860,Merger.Rewards.ViewModels,RewardAnimationTargetViewModel,"protected void RegisterRewardTarget(IRewardType rewardType, RectTransform targetRectTransform, Vector2 offset, ResourceSource resourceSource, RewardDestinationType destinationType) { }",True
0x6124644,425,0x61244D4,425,MergeEngine.Model,InventoryModel,private InventoryComponent get__inventoryComponent() { },True
0x6124668,425,0x61244D4,425,MergeEngine.Model,InventoryModel,private InventoryComponent get__inventoryComponent() { },True
0x6124684,425,0x61244D4,425,MergeEngine.Model,InventoryModel,private InventoryComponent get__inventoryComponent() { },True
0x612472C,425,0x61244D4,425,MergeEngine.Model,InventoryModel,private InventoryComponent get__inventoryComponent() { },True
0x6124748,425,0x61244D4,425,MergeEngine.Model,InventoryModel,private InventoryComponent get__inventoryComponent() { },True
0x612479C,425,0x612458C,425,MergeEngine.Model,InventoryModel,private ProducerInventoryComponent get__producerInventoryComponent() { },True
0x61247F0,425,0x61244D4,425,MergeEngine.Model,InventoryModel,private InventoryComponent get__inventoryComponent() { },True
0x6124B14,425,0x3C20D84,588,MergeEngine.ECS,Entity,MergeEngine.ECS.Entity$$GetComponent<object>,True
0x6124B14,425,0x61244D4,425,MergeEngine.Model,InventoryModel,private InventoryComponent get__inventoryComponent() { },True
0x6124B14,425,0x612458C,425,MergeEngine.Model,InventoryModel,private ProducerInventoryComponent get__producerInventoryComponent() { },True
0x6124C4C,425,0x3C20D84,588,MergeEngine.ECS,Entity,MergeEngine.ECS.Entity$$GetComponent<object>,True
0x6124C4C,425,0x61244D4,425,MergeEngine.Model,InventoryModel,private InventoryComponent get__inventoryComponent() { },True
0x6124C4C,425,0x612458C,425,MergeEngine.Model,InventoryModel,private ProducerInventoryComponent get__producerInventoryComponent() { },True
0x6124D00,425,0x3C20D84,588,MergeEngine.ECS,Entity,MergeEngine.ECS.Entity$$GetComponent<object>,True
0x6124D00,425,0x61244D4,425,MergeEngine.Model,InventoryModel,private InventoryComponent get__inventoryComponent() { },True
0x6124D00,425,0x612458C,425,MergeEngine.Model,InventoryModel,private ProducerInventoryComponent get__producerInventoryComponent() { },True
0x6124DB4,425,0x61244D4,425,MergeEngine.Model,InventoryModel,private InventoryComponent get__inventoryComponent() { },True
0x6124E28,425,0x61244D4,425,MergeEngine.Model,InventoryModel,private InventoryComponent get__inventoryComponent() { },True
0x6125D20,439,0x3BC6F20,10424,Framework.Core,Base,Framework.Core.Base$$Subscribe<object>,True
0x6125E30,439,0x3BC7364,10424,Framework.Core,Base,Framework.Core.Base$$Unsubscribe<object>,True
0x6125E30,439,0x694BF54,11221,Framework.Core.MVVM.Model,ModelBase,protected virtual void DisposeModel() { },True
0x6126388,439,0x61264D0,439,MergeEngine.Model,ResourcesConfigurationModel,private AssetReferenceT<Sprite> GetGenericTokenIcon(IRewardType rewardType) { },True
0x6126388,439,0x69143B8,1192,MergeEngine.Configuration,ResourceConfig,public AssetReferenceT<Sprite> GetResourceIcon(IRewardType rewardType) { },True
0x6126554,439,0x61266C4,439,MergeEngine.Model,ResourcesConfigurationModel,private string GetGenericTokenLocalisationId(IRewardType rewardType) { },True
0x61268F0,439,0x6126778,439,MergeEngine.Model,ResourcesConfigurationModel,public List<IRewardType> AllGenericTokenIds() { },True
0x61268F0,439,0x6126898,439,MergeEngine.Model,ResourcesConfigurationModel,public bool IsGenericToken(IRewardType rewardType) { },True
0x6126B00,439,0x6125EDC,439,MergeEngine.Model,ResourcesConfigurationModel,private void ClearGenericTokenSprites() { },True
0x6126B00,439,0x6126C58,439,MergeEngine.Model,ResourcesConfigurationModel,private void LoadTokenSpriteAsset(GenericTokenConfig token) { },True
0x6127570,440,0x61274C0,440,MergeEngine.Model,RandomNumberModel,public void SetSeed(int seed) { },True
0x612D6DC,482,0x694BF50,11221,Framework.Core.MVVM.Model,ModelBase,protected virtual void InitializeModel() { },True
0x612D774,482,0x612D790,482,MergeEngine.Model.RemoteSpawning,PushedGraphItemsModel,public void SaveCache() { },True
0x612D790,482,0x612E778,482,MergeEngine.Model.RemoteSpawning,PushedGraphItemsModel,private string SaveToJson() { },True
0x612D800,482,0x612DB30,482,MergeEngine.Model.RemoteSpawning,PushedGraphItemsModel,"private PushedGraphItemsModel.PushedGraphItem ConvertToPushedGraphItem(string pushId, string itemId, GraphPushedItemData extraData) { }",True
0x612E0B4,482,0x612D790,482,MergeEngine.Model.RemoteSpawning,PushedGraphItemsModel,public void SaveCache() { },True
0x612EB80,487,0x612EEA4,487,MergeEngine.Model.RemoteSpawning,PushedRngItemsModel,"private PushedRngItem ConvertToPushedItem(string itemId, string eventId, string boardEventId) { }",True
0x612F5B4,487,0x612EAA0,487,MergeEngine.Model.RemoteSpawning,PushedRngItemsModel,private LiveOpsEventSystem get_LiveOpsEventSystem() { },True
0x612FC44,492,0x612FCFC,492,MergeEngine.Model.RemoteSpawning,RemoteSpawningModel,private void LoadCache() { },True
0x612FC44,492,0x694BF50,11221,Framework.Core.MVVM.Model,ModelBase,protected virtual void InitializeModel() { },True
0x612FD78,492,0x612FE24,492,MergeEngine.Model.RemoteSpawning,RemoteSpawningModel,public void ClearAllExpiredItems() { },True
0x612FE24,492,0x613049C,492,MergeEngine.Model.RemoteSpawning,RemoteSpawningModel,private void SaveCache() { },True
0x6130478,492,0x612FE24,492,MergeEngine.Model.RemoteSpawning,RemoteSpawningModel,public void ClearAllExpiredItems() { },True
0x6130478,492,0x613049C,492,MergeEngine.Model.RemoteSpawning,RemoteSpawningModel,private void SaveCache() { },True
0x613049C,492,0x6132E68,492,MergeEngine.Model.RemoteSpawning,RemoteSpawningModel,private string SaveToJson() { },True
0x613050C,492,0x6004718,1354,MergeEngine.Configuration.Definitions.WeakReferences.References,MergeItemWeakReference,public void .ctor(string uniqueId) { },True
0x613050C,492,0x6010918,1453,MergeEngine.Configuration.Capabilities,ItemsSpawningCapability,public List<IMergeItem> GetSpawningList() { },True
0x613050C,492,0x6010EBC,1453,MergeEngine.Configuration.Capabilities,ItemsSpawningCapability,public List<ItemSpawnable> GetDistinctSpawnableItems() { },True
0x613050C,492,0x61311D8,492,MergeEngine.Model.RemoteSpawning,RemoteSpawningModel,"private RemoteSpawningNotificationData GetStacksDataFor(string producerId, int boostOption) { }",True
0x613050C,492,0x6131300,492,MergeEngine.Model.RemoteSpawning,RemoteSpawningModel,"private string GetNextItemInQueueForId(string producerId, int boostOption, RemoteSpawningNotificationData stacksData) { }",True
0x613050C,492,0x6131450,492,MergeEngine.Model.RemoteSpawning,RemoteSpawningModel,public void ResetQueueFor(string spawnerId) { },True
0x613050C,492,0x6131594,492,MergeEngine.Model.RemoteSpawning,RemoteSpawningModel,"private void SendProducerChainRenewedAnalytic(string producerId, string itemId) { }",True
0x613050C,492,0x6A29A84,1335,MergeEngine.Configuration.Definitions,WeightedItemSpawnable,public void .ctor() { },True
0x613050C,492,0x6A29A94,1304,MergeEngine.Configuration.Definitions,FixedItemSpawnable,public void .ctor() { },True
0x613050C,492,0x6A29AA4,1308,MergeEngine.Configuration.Definitions,ItemSpawnable,public void .ctor() { },True
0x6131300,492,0x61319EC,492,MergeEngine.Model.RemoteSpawning,RemoteSpawningModel,"private RemoteSpawningModel.ExpiryItem FindNotExpiredNextItem(RemoteSpawningModel.RemoteSpawningQueue itemsQueue, int boostOption, string producerId) { }",True
0x6131450,492,0x613049C,492,MergeEngine.Model.RemoteSpawning,RemoteSpawningModel,private void SaveCache() { },True
0x6131450,492,0x6132618,492,MergeEngine.Model.RemoteSpawning,RemoteSpawningModel,private void ResetQueueForAllSecondaryProducerOfPrimary(IMergeGraphItem graph) { },True
0x6131450,492,0x6A1D7F8,1226,MergeEngine.Configuration.Orders.Difficulty,MergeItemUtils,public static bool IsPrimaryProducer(IMergeGraphItem graph) { },True
0x613162C,492,0x612FBA4,492,MergeEngine.Model.RemoteSpawning,RemoteSpawningModel,private long get_CurrentServerTimestamp() { },True
0x61319D0,492,0x612FBA4,492,MergeEngine.Model.RemoteSpawning,RemoteSpawningModel,private long get_CurrentServerTimestamp() { },True
0x61319EC,492,0x612FBA4,492,MergeEngine.Model.RemoteSpawning,RemoteSpawningModel,private long get_CurrentServerTimestamp() { },True
0x61319EC,492,0x613049C,492,MergeEngine.Model.RemoteSpawning,RemoteSpawningModel,private void SaveCache() { },True
0x6131C58,492,0x613049C,492,MergeEngine.Model.RemoteSpawning,RemoteSpawningModel,private void SaveCache() { },True
0x6131C58,492,0x61321A0,492,MergeEngine.Model.RemoteSpawning,RemoteSpawningModel,"private void AppendToQueue(string producerId, int bet, string latestQueueNotificationId, Queue<RemoteSpawningModel.ExpiryItem> queueToAppend, string[] stackItems, long expirationTimestamp) { }",True
0x6131C58,492,0x6132354,492,MergeEngine.Model.RemoteSpawning,RemoteSpawningModel,"private void AddNewQueueToProducer(string producerId, Dictionary<int, RemoteSpawningModel.RemoteSpawningQueue> producerQueue, ProducerQueuesPayload queuePayload) { }",True
0x61321A0,492,0x612FBA4,492,MergeEngine.Model.RemoteSpawning,RemoteSpawningModel,private long get_CurrentServerTimestamp() { },True
0x6132354,492,0x61321A0,492,MergeEngine.Model.RemoteSpawning,RemoteSpawningModel,"private void AppendToQueue(string producerId, int bet, string latestQueueNotificationId, Queue<RemoteSpawningModel.ExpiryItem> queueToAppend, string[] stackItems, long expirationTimestamp) { }",True
0x6132504,492,0x613049C,492,MergeEngine.Model.RemoteSpawning,RemoteSpawningModel,private void SaveCache() { },True
0x6132618,492,0x6131450,492,MergeEngine.Model.RemoteSpawning,RemoteSpawningModel,public void ResetQueueFor(string spawnerId) { },True
0x6132C20,492,0x613049C,492,MergeEngine.Model.RemoteSpawning,RemoteSpawningModel,private void SaveCache() { },True
0x6133130,492,0x612FBA4,492,MergeEngine.Model.RemoteSpawning,RemoteSpawningModel,private long get_CurrentServerTimestamp() { },True
0x6133154,492,0x612FBA4,492,MergeEngine.Model.RemoteSpawning,RemoteSpawningModel,private long get_CurrentServerTimestamp() { },True
0x61371C8,513,0x613731C,513,MergeEngine.Model.Configuration,BubbledItemsConfigurationModel,private IBoardLiveOpsConfiguration get_LiveOpBoardConfig() { },True
0x61375E8,513,0x6905468,1150,MergeEngine.Configuration,NewBubbledItemsConfig,public void .ctor() { },True
0x6137738,513,0x613731C,513,MergeEngine.Model.Configuration,BubbledItemsConfigurationModel,private IBoardLiveOpsConfiguration get_LiveOpBoardConfig() { },True
0x6137920,513,0x61377E4,513,MergeEngine.Model.Configuration,BubbledItemsConfigurationModel,private BubbledItemsConfig get_LiveOpBubbledItemsConfig() { },True
0x6137920,513,0x6137A08,513,MergeEngine.Model.Configuration,BubbledItemsConfigurationModel,private void SetupExpiredBubbleSpawns() { },True
0x6137A08,513,0x6A29A84,1335,MergeEngine.Configuration.Definitions,WeightedItemSpawnable,public void .ctor() { },True
0x6137D64,513,0x61377E4,513,MergeEngine.Model.Configuration,BubbledItemsConfigurationModel,private BubbledItemsConfig get_LiveOpBubbledItemsConfig() { },True
0x6137D64,513,0x6137E4C,513,MergeEngine.Model.Configuration,BubbledItemsConfigurationModel,private void SetupRemovedBubbleSpawns() { },True
0x6137E4C,513,0x6A29A84,1335,MergeEngine.Configuration.Definitions,WeightedItemSpawnable,public void .ctor() { },True
0x613B650,529,0x68FC058,1057,MergeEngine.ECS.Components.Items,DynamicItemConfigComponent,public string get_DynamicMergeItemId() { },True
0x613BF74,530,0x6A13A64,1194,MergeEngine.Configuration,SkipCooldownConfig,public void .ctor() { },True
0x613C094,530,0x60118A8,1459,MergeEngine.Configuration.Capabilities,ProducerInventoryCapability,public void .ctor() { },True
0x613C5D0,565,0x3BC6F20,10424,Framework.Core,Base,Framework.Core.Base$$Subscribe<object>,True
0x613C99C,565,0x6004718,1354,MergeEngine.Configuration.Definitions.WeakReferences.References,MergeItemWeakReference,public void .ctor(string uniqueId) { },True
0x613CCF4,565,0x613D624,565,MergeEngine.Model.Configuration,MergingConfigurationModel,"protected bool TryAddToMergeItemCache(string uniqueId, IMergeGraphItem graph) { }",True
0x613CCF4,565,0x613D760,565,MergeEngine.Model.Configuration,MergingConfigurationModel,private static void SetTrickyProducerItemsTransformOrigins(IEnumerable<IMergeGraphItem> trickyProducerGraphs) { },True
0x613D760,565,0x613C99C,565,MergeEngine.Model.Configuration,MergingConfigurationModel,private static void SetTrickyProducerItemsTransformOrigins(IMergeGraphItem transformedGraph) { },True
0x613DE60,565,0x613DE7C,565,MergeEngine.Model.Configuration,MergingConfigurationModel,"protected bool TryGetMergeGraphItemFromCache(string id, out IMergeGraphItem graph) { }",True
0x613DF4C,565,0x613C480,565,MergeEngine.Model.Configuration,MergingConfigurationModel,public ReadOnlyCollection<IMergeGraphItem> get_Graphs() { },True
0x613EDE0,565,0x613ECA4,565,MergeEngine.Model.Configuration,MergingConfigurationModel,public bool IsGatewayItem(IMergeItem mergeItem) { },True
0x613F618,565,0x613F76C,565,MergeEngine.Model.Configuration,MergingConfigurationModel,public IMergeGraphItem GetGraph(string graphId) { },True
0x613F76C,565,0x613DDE8,565,MergeEngine.Model.Configuration,MergingConfigurationModel,public bool HasGraphById(string graphId) { },True
0x613F890,565,0x613E2EC,565,MergeEngine.Model.Configuration,MergingConfigurationModel,public IMergeItem GetNextItemOnGraph(string id) { },True
0x613F988,565,0x613F4B8,565,MergeEngine.Model.Configuration,MergingConfigurationModel,public IMergeItem GetMergeItemFromComponent(IComponentBase component) { },True
0x613FB58,565,0x613E2EC,565,MergeEngine.Model.Configuration,MergingConfigurationModel,public IMergeItem GetNextItemOnGraph(string id) { },True
0x613FFC8,565,0x600FEE0,1442,MergeEngine.Configuration.Capabilities,ExpendableCapability,public List<IMergeItem> get_SpawnedMergeItems() { },True
0x613FFC8,565,0x60108A0,1453,MergeEngine.Configuration.Capabilities,ItemsSpawningCapability,public List<IMergeItem> get_SpawnedMergeItems() { },True
0x613FFC8,565,0x613C2E8,554,MergeEngine.Model.Configuration,MergeConfigurationDependencyInfo,public void .ctor() { },True
0x6140700,565,0x613E2EC,565,MergeEngine.Model.Configuration,MergingConfigurationModel,public IMergeItem GetNextItemOnGraph(string id) { },True
0x6140700,565,0x613F890,565,MergeEngine.Model.Configuration,MergingConfigurationModel,"public bool IsLastItemInProducerBaseChain(string itemUniqueId, List<string> spawnableIds) { }",True
0x6140700,565,0x61407BC,565,MergeEngine.Model.Configuration,MergingConfigurationModel,"private bool IsProducedItemFromTooShortChain(string originalProducedItem, List<string> producerSpawnableIds) { }",True
0x61407BC,565,0x613C520,565,MergeEngine.Model.Configuration,MergingConfigurationModel,private bool get_MaxIndicationIgnoreShortChains() { },True
0x6140A50,565,0x613E058,565,MergeEngine.Model.Configuration,MergingConfigurationModel,public bool HasItemById(string id) { },True
0x6143A74,585,0x68B2E90,10424,Framework.Core,Base,protected virtual void SubscribeToSignals() { },True
0x6143B24,585,0x68B2E94,10424,Framework.Core,Base,protected virtual void UnsubscribeFromSignals() { },True
0x6143BD4,585,0x61439B4,585,MergeEngine.Model.Board,BoardEventQueueModel,private BoardQueueSystem get_BoardQueueSystem() { },True
0x6143BD4,585,0x66624F0,907,MergeEngine.ECS.Systems.Board,BoardQueueSystem,public int get_NumItemsInQueue() { },True
0x61441B0,588,0x61442B0,588,MergeEngine.ECS,Entity,"private void CacheComponent(Type type, IComponentBase component) { }",True
0x61442B0,588,0x6270A60,604,MergeEngine.ECS.Util,ComponentCacheUtil,public static List<Type> GetTypesToCacheAs(Type componentType) { },True
0x61446D0,588,0x6270A60,604,MergeEngine.ECS.Util,ComponentCacheUtil,public static List<Type> GetTypesToCacheAs(Type componentType) { },True
0x6144A58,590,0x3C203E4,588,MergeEngine.ECS,Entity,MergeEngine.ECS.Entity$$AddComponent<object>,True
0x6144A58,590,0x3C205BC,588,MergeEngine.ECS,Entity,"MergeEngine.ECS.Entity$$AddComponent<BoardItemPosition, object>",True
0x6144A58,590,0x3C20838,588,MergeEngine.ECS,Entity,"MergeEngine.ECS.Entity$$AddComponent<object, object>",True
0x6144A58,590,0x3C20D84,588,MergeEngine.ECS,Entity,MergeEngine.ECS.Entity$$GetComponent<object>,True
0x6144A58,590,0x3C21978,588,MergeEngine.ECS,Entity,MergeEngine.ECS.Entity$$TryAddComponent<object>,True
0x6144A58,590,0x3C220E0,590,MergeEngine.ECS,EntityFactory,"MergeEngine.ECS.EntityFactory$$TryAddComponent<object, object>",True
0x6144A58,590,0x600FD24,1436,MergeEngine.Configuration.Capabilities,CollectableItemCapability,"public void .ctor(CollectCapability itemConfigurationCollect, CollectResourceCapability itemConfigurationCollectResource) { }",True
0x6144A58,590,0x6010644,1446,MergeEngine.Configuration.Capabilities,IdCapability,"public void .ctor(string id, Nullable<ItemOrigin> itemOrigin, string uuid) { }",True
0x6144A58,590,0x601085C,1451,MergeEngine.Configuration.Capabilities,InventorySlotCapability,"public void .ctor(int slotIndex = 0, InventorySlotType slotType = 0, string slotId) { }",True
0x6144A58,590,0x6145BE4,590,MergeEngine.ECS,EntityFactory,private Entity CreateEmptyEntity() { },True
0x6144A58,590,0x62782A8,631,MergeEngine.ECS.Util,InteractionUtil,public static bool IsAnyMode(InteractionCapability capability) { },True
0x6144A58,590,0x6278400,631,MergeEngine.ECS.Util,InteractionUtil,public static bool IsComboProducer(InteractionCapability capability) { },True
0x6144A58,590,0x68FC1C8,1058,MergeEngine.ECS.Components.Items,ExpendableComponent,public bool get_HasTimer() { },True
0x6144A58,590,0x6900380,1106,MergeEngine.ECS.Components.Items.Producers,ProducerComponent,public void FillItemsQueue(List<Combination> feedingComponentCombinations) { },True
0x6144A58,590,0x69003D4,1106,MergeEngine.ECS.Components.Items.Producers,ProducerComponent,public void SetCombinations(List<Combination> feedingComponentCombinations) { },True
0x6144A58,590,0x6900424,1106,MergeEngine.ECS.Components.Items.Producers,ProducerComponent,public void FillItemsQueue(List<WeightedItemSpawnable> items) { },True
0x6145BE4,590,0x6144928,588,MergeEngine.ECS,Entity,public void .ctor() { },True
0x6145C50,590,0x3C220E0,590,MergeEngine.ECS,EntityFactory,"MergeEngine.ECS.EntityFactory$$TryAddComponent<object, object>",True
0x6145C50,590,0x6145BE4,590,MergeEngine.ECS,EntityFactory,private Entity CreateEmptyEntity() { },True
0x6145C50,590,0x65C9954,7854,Merger.Boosters.Declarations.Capabilities,BoosterIdCapability,"public void .ctor(string id, string uuId) { }",True
0x6145F6C,590,0x3C203E4,588,MergeEngine.ECS,Entity,MergeEngine.ECS.Entity$$AddComponent<object>,True
0x6145F6C,590,0x3C20838,588,MergeEngine.ECS,Entity,"MergeEngine.ECS.Entity$$AddComponent<object, object>",True
0x6145F6C,590,0x600FA1C,1431,MergeEngine.Configuration.Capabilities,BoardCapability,public void .ctor() { },True
0x6145F6C,590,0x6145BE4,590,MergeEngine.ECS,EntityFactory,private Entity CreateEmptyEntity() { },True
0x61460D8,590,0x3C203E4,588,MergeEngine.ECS,Entity,MergeEngine.ECS.Entity$$AddComponent<object>,True
0x61460D8,590,0x3C20838,588,MergeEngine.ECS,Entity,"MergeEngine.ECS.Entity$$AddComponent<object, object>",True
0x61460D8,590,0x6145BE4,590,MergeEngine.ECS,EntityFactory,private Entity CreateEmptyEntity() { },True
0x6146264,590,0x3C203E4,588,MergeEngine.ECS,Entity,MergeEngine.ECS.Entity$$AddComponent<object>,True
0x6146264,590,0x6145BE4,590,MergeEngine.ECS,EntityFactory,private Entity CreateEmptyEntity() { },True
0x6146304,590,0x3C203E4,588,MergeEngine.ECS,Entity,MergeEngine.ECS.Entity$$AddComponent<object>,True
0x6146304,590,0x6145BE4,590,MergeEngine.ECS,EntityFactory,private Entity CreateEmptyEntity() { },True
0x61464A4,590,0x3C203E4,588,MergeEngine.ECS,Entity,MergeEngine.ECS.Entity$$AddComponent<object>,True
0x61464A4,590,0x6145BE4,590,MergeEngine.ECS,EntityFactory,private Entity CreateEmptyEntity() { },True
0x6146504,590,0x3C203E4,588,MergeEngine.ECS,Entity,MergeEngine.ECS.Entity$$AddComponent<object>,True
0x6146504,590,0x6145BE4,590,MergeEngine.ECS,EntityFactory,private Entity CreateEmptyEntity() { },True
0x61465F4,589,0x6A29A84,1335,MergeEngine.Configuration.Definitions,WeightedItemSpawnable,public void .ctor() { },True
0x6146980,591,0x6143EF0,588,MergeEngine.ECS,Entity,public void add_ComponentAdded(Action<IComponentBase> value) { },True
0x6146980,591,0x6144050,588,MergeEngine.ECS,Entity,public void add_ComponentRemoved(Action<IComponentBase> value) { },True
0x6146980,591,0x6146AF8,591,MergeEngine.ECS,EntityManager,private void CacheAllComponentsOfEntity(Entity entity) { },True
0x6146AF8,591,0x6143E90,588,MergeEngine.ECS,Entity,public ReadOnlyCollection<IComponentBase> get_Components() { },True
0x6146AF8,591,0x61476A4,591,MergeEngine.ECS,EntityManager,"private void CacheComponent(Type componentType, IComponentBase component) { }",True
0x6146AF8,591,0x614776C,591,MergeEngine.ECS,EntityManager,"private void TryCacheComponentAsSubtype(Type componentType, IComponentBase component) { }",True
0x6146E18,591,0x6143FA0,588,MergeEngine.ECS,Entity,public void remove_ComponentAdded(Action<IComponentBase> value) { },True
0x6146E18,591,0x6144100,588,MergeEngine.ECS,Entity,public void remove_ComponentRemoved(Action<IComponentBase> value) { },True
0x6146E18,591,0x6146F6C,591,MergeEngine.ECS,EntityManager,private void RemoveAllComponentsOfEntityFromCache(Entity entity) { },True
0x6146F6C,591,0x6143E90,588,MergeEngine.ECS,Entity,public ReadOnlyCollection<IComponentBase> get_Components() { },True
0x6146F6C,591,0x61473E0,591,MergeEngine.ECS,EntityManager,"private void RemoveComponentFromCache(Type componentType, ComponentBase component) { }",True
0x6146F6C,591,0x6270A60,604,MergeEngine.ECS.Util,ComponentCacheUtil,public static List<Type> GetTypesToCacheAs(Type componentType) { },True
0x61473E0,591,0x61474A8,591,MergeEngine.ECS,EntityManager,"private IList GetComponents(Type componentType, bool createIfDoesNotExist = False) { }",True
0x61476A4,591,0x61474A8,591,MergeEngine.ECS,EntityManager,"private IList GetComponents(Type componentType, bool createIfDoesNotExist = False) { }",True
0x614776C,591,0x61476A4,591,MergeEngine.ECS,EntityManager,"private void CacheComponent(Type componentType, IComponentBase component) { }",True
0x614776C,591,0x6270A60,604,MergeEngine.ECS.Util,ComponentCacheUtil,public static List<Type> GetTypesToCacheAs(Type componentType) { },True
0x61478DC,591,0x61474A8,591,MergeEngine.ECS,EntityManager,"private IList GetComponents(Type componentType, bool createIfDoesNotExist = False) { }",True
0x61479A8,591,0x61474A8,591,MergeEngine.ECS,EntityManager,"private IList GetComponents(Type componentType, bool createIfDoesNotExist = False) { }",True
0x615D39C,3068,0x615D3DC,3068,Merger.RemoteMergeItems.Configuration,RemoteItemBase,private RemoteSpriteLocation GetParsedSpriteLocation() { },True
0x615D494,3068,0x615D3DC,3068,Merger.RemoteMergeItems.Configuration,RemoteItemBase,private RemoteSpriteLocation GetParsedSpriteLocation() { },True
0x626E35C,594,0x626E2B8,594,MergeEngine.ECS,ItemsEntityService,private DateTime get_ServerDateTime() { },True
0x626E4AC,594,0x3C20D84,588,MergeEngine.ECS,Entity,MergeEngine.ECS.Entity$$GetComponent<object>,True
0x626E4AC,594,0x3C21978,588,MergeEngine.ECS,Entity,MergeEngine.ECS.Entity$$TryAddComponent<object>,True
0x626E4AC,594,0x3CE8960,594,MergeEngine.ECS,ItemsEntityService,"MergeEngine.ECS.ItemsEntityService$$TryLoadComponent<object, object>",True
0x626E4AC,594,0x626E8E8,594,MergeEngine.ECS,ItemsEntityService,private void CalculateCyclesDelay(SerializedItemSpawningComponent itemSpawningComponent) { },True
0x626E4AC,594,0x626E98C,594,MergeEngine.ECS,ItemsEntityService,private void CalculateBubbleTimeLeft(SerializedLockedComponent lockedComponent) { },True
0x626E4AC,594,0x626E9EC,594,MergeEngine.ECS,ItemsEntityService,private void CalculateUnlockTimeLeft(SerializedTimeLockComponent timeLockComponent) { },True
0x626E4AC,594,0x626EA4C,594,MergeEngine.ECS,ItemsEntityService,"private void TryInitializeTimeLimitedItem(Entity entity, ItemPayloadBase item) { }",True
0x626E8E8,594,0x626E40C,594,MergeEngine.ECS,ItemsEntityService,private long get_CurrentServerTimeMS() { },True
0x626E98C,594,0x626E40C,594,MergeEngine.ECS,ItemsEntityService,private long get_CurrentServerTimeMS() { },True
0x626E9EC,594,0x626E40C,594,MergeEngine.ECS,ItemsEntityService,private long get_CurrentServerTimeMS() { },True
0x626EA4C,594,0x3C20D84,588,MergeEngine.ECS,Entity,MergeEngine.ECS.Entity$$GetComponent<object>,True
0x626EA4C,594,0x3C21B68,588,MergeEngine.ECS,Entity,"MergeEngine.ECS.Entity$$TryAddComponent<object, object>",True
0x626EA4C,594,0x60118E4,1465,MergeEngine.Configuration.Capabilities,TimeDurationCapability,public void .ctor() { },True
0x626EA4C,594,0x626E40C,594,MergeEngine.ECS,ItemsEntityService,private long get_CurrentServerTimeMS() { },True
0x626ED48,597,0x6905080,1132,MergeEngine.Data,BoardItemPosition,public static BoardItemPosition BottomLeftCorner() { },True
0x626EFD0,597,0x3BED81C,1054,MergeEngine.ECS.Components.Items,ComponentBase,MergeEngine.ECS.Components.Items.ComponentBase$$GetComponent<object>,True
0x626EFD0,597,0x3BED85C,1054,MergeEngine.ECS.Components.Items,ComponentBase,MergeEngine.ECS.Components.Items.ComponentBase$$GetComponents<object>,True
0x626F334,597,0x3BED81C,1054,MergeEngine.ECS.Components.Items,ComponentBase,MergeEngine.ECS.Components.Items.ComponentBase$$GetComponent<object>,True
0x626F334,597,0x68FD714,1080,MergeEngine.ECS.Components.Items,LockedComponent,public bool get_AnyLock() { },True
0x626F53C,595,0x3BED85C,1054,MergeEngine.ECS.Components.Items,ComponentBase,MergeEngine.ECS.Components.Items.ComponentBase$$GetComponents<object>,True
0x626F598,596,0x3BED81C,1054,MergeEngine.ECS.Components.Items,ComponentBase,MergeEngine.ECS.Components.Items.ComponentBase$$GetComponent<object>,True
0x626F598,596,0x68FD714,1080,MergeEngine.ECS.Components.Items,LockedComponent,public bool get_AnyLock() { },True
0x626FA5C,603,0x626FC98,603,MergeEngine.ECS.Util,CombiningUtil,"public static List<MergeItemWeakReference> RemoveConsumedItems(CombiningComponent combiningComponent, Combination combination) { }",True
0x626FF38,603,0x3BED81C,1054,MergeEngine.ECS.Components.Items,ComponentBase,MergeEngine.ECS.Components.Items.ComponentBase$$GetComponent<object>,True
0x627019C,603,0x3BED81C,1054,MergeEngine.ECS.Components.Items,ComponentBase,MergeEngine.ECS.Components.Items.ComponentBase$$GetComponent<object>,True
0x627019C,603,0x6270588,603,MergeEngine.ECS.Util,CombiningUtil,public static List<Combination> GetCombinationsInProgress(CombiningComponent combiningComponent) { },True
0x6270588,603,0x6A284A4,1299,MergeEngine.Configuration.Definitions,Combination,public List<string> get_ItemsToConsumeIDs() { },True
0x6270E6C,605,0x68FD714,1080,MergeEngine.ECS.Components.Items,LockedComponent,public bool get_AnyLock() { },True
0x6271130,605,0x68FD714,1080,MergeEngine.ECS.Components.Items,LockedComponent,public bool get_AnyLock() { },True
0x627140C,605,0x68FE14C,1094,MergeEngine.ECS.Components.Items,TimeLockComponent,public bool get_Locked() { },True
0x62719E0,610,0x62714EC,610,MergeEngine.ECS.Util,ECSInjectionUtil,"public static void InjectComponents(object target, IEntityManager entityManager) { }",True
0x62721E4,625,0x6272C9C,625,MergeEngine.ECS.Util,HintUtil,"private static bool TryFindConsumeHint(out IdComponent first, out IdComponent second, ReadOnlyCollection<PositionComponent> boardItems, List<string> excludeItemIds, IMergingConfigurationModel mergingConfigurationModel, BoardItemCountComponent boardItemCountComponent) { }",True
0x62721E4,625,0x62735DC,625,MergeEngine.ECS.Util,HintUtil,"private static Tuple<IdComponent, IdComponent> TryFindPrioritizedStackingHint(ReadOnlyCollection<PositionComponent> boardItems, List<string> excludeItemIds, IMergingConfigurationModel mergingConfigurationModel, Func<IComponentBase, bool> unlockPredicate) { }",True
0x62721E4,625,0x6273844,625,MergeEngine.ECS.Util,HintUtil,"private static Tuple<IdComponent, IdComponent> TryFindMergeAnyHint(ReadOnlyCollection<PositionComponent> boardItems, IMergingConfigurationModel mergingConfigurationModel, List<string> excludeItemIds) { }",True
0x6272C9C,625,0x3BED81C,1054,MergeEngine.ECS.Components.Items,ComponentBase,MergeEngine.ECS.Components.Items.ComponentBase$$GetComponent<object>,True
0x6272C9C,625,0x68F7264,1008,MergeEngine.ECS.Components,CounterComponent,public int GetCounter(int id = 0) { },True
0x62735DC,625,0x6273CA4,625,MergeEngine.ECS.Util,HintUtil,"private static bool TryFindStackableHint(out IdComponent first, out IdComponent second, ReadOnlyCollection<PositionComponent> boardItems, List<string> excludeItemIds, IMergingConfigurationModel mergingConfigurationModel, Func<IComponentBase, bool> unlockPredicate, Func<IMergeItem, bool> itemTypePredicate) { }",True
0x6273844,625,0x3BED81C,1054,MergeEngine.ECS.Components.Items,ComponentBase,MergeEngine.ECS.Components.Items.ComponentBase$$GetComponent<object>,True
0x6273CA4,625,0x6274364,625,MergeEngine.ECS.Util,HintUtil,"private static bool TrySetStackingHintPair(IEnumerable<IdComponent> unlockedItems, IEnumerable<IdComponent> candidateItems, out IdComponent first, out IdComponent second) { }",True
0x6274788,625,0x3BED81C,1054,MergeEngine.ECS.Components.Items,ComponentBase,MergeEngine.ECS.Components.Items.ComponentBase$$GetComponent<object>,True
0x6274788,625,0x627134C,605,MergeEngine.ECS.Util,ComponentLambdaUtil,public static bool MergingBlockedByLock(IComponentBase component) { },True
0x6274AC8,625,0x3BED81C,1054,MergeEngine.ECS.Components.Items,ComponentBase,MergeEngine.ECS.Components.Items.ComponentBase$$GetComponent<object>,True
0x6274B24,625,0x3BED81C,1054,MergeEngine.ECS.Components.Items,ComponentBase,MergeEngine.ECS.Components.Items.ComponentBase$$GetComponent<object>,True
0x6274E3C,625,0x6274EA8,625,MergeEngine.ECS.Util,HintUtil,"private static int CountFeeds(ReadOnlyCollection<PositionComponent> boardItems, BoardItemCountComponent boardItemCountComponent) { }",True
0x6274E3C,625,0x62753D4,625,MergeEngine.ECS.Util,HintUtil,"private static int CountMergeTiles(ReadOnlyCollection<PositionComponent> boardItems, IMergingConfigurationModel mergingConfigurationModel, MergeSystem mergeSystem) { }",True
0x6274E3C,625,0x6275F7C,625,MergeEngine.ECS.Util,HintUtil,"private static int CountJokerMergeTiles(ReadOnlyCollection<PositionComponent> boardItems, IMergingConfigurationModel mergingConfigurationModel) { }",True
0x6274E3C,625,0x627643C,625,MergeEngine.ECS.Util,HintUtil,private static int CountCollectables(ReadOnlyCollection<PositionComponent> boardItems) { },True
0x6274EA8,625,0x3BED81C,1054,MergeEngine.ECS.Components.Items,ComponentBase,MergeEngine.ECS.Components.Items.ComponentBase$$GetComponent<object>,True
0x62753D4,625,0x666DA34,930,MergeEngine.ECS.Systems.Board,MergeSystem,"public bool CanMerge(MergeComponent item1, MergeComponent item2) { }",True
0x6276534,625,0x6274EA8,625,MergeEngine.ECS.Util,HintUtil,"private static int CountFeeds(ReadOnlyCollection<PositionComponent> boardItems, BoardItemCountComponent boardItemCountComponent) { }",True
0x6276534,625,0x62753D4,625,MergeEngine.ECS.Util,HintUtil,"private static int CountMergeTiles(ReadOnlyCollection<PositionComponent> boardItems, IMergingConfigurationModel mergingConfigurationModel, MergeSystem mergeSystem) { }",True
0x627665C,611,0x3BED81C,1054,MergeEngine.ECS.Components.Items,ComponentBase,MergeEngine.ECS.Components.Items.ComponentBase$$GetComponent<object>,True
0x62766C0,611,0x3BED81C,1054,MergeEngine.ECS.Components.Items,ComponentBase,MergeEngine.ECS.Components.Items.ComponentBase$$GetComponent<object>,True
0x62767A4,611,0x3BED81C,1054,MergeEngine.ECS.Components.Items,ComponentBase,MergeEngine.ECS.Components.Items.ComponentBase$$GetComponent<object>,True
0x62767A4,611,0x627134C,605,MergeEngine.ECS.Util,ComponentLambdaUtil,public static bool MergingBlockedByLock(IComponentBase component) { },True
0x6276910,611,0x6274AC8,625,MergeEngine.ECS.Util,HintUtil,private static bool IsLocked(IdComponent item) { },True
0x6276910,611,0x6274B24,625,MergeEngine.ECS.Util,HintUtil,private static bool CanBeCollected(IdComponent item) { },True
0x6276994,611,0x3BED81C,1054,MergeEngine.ECS.Components.Items,ComponentBase,MergeEngine.ECS.Components.Items.ComponentBase$$GetComponent<object>,True
0x6276994,611,0x6274AC8,625,MergeEngine.ECS.Util,HintUtil,private static bool IsLocked(IdComponent item) { },True
0x6276A70,611,0x3BED81C,1054,MergeEngine.ECS.Components.Items,ComponentBase,MergeEngine.ECS.Components.Items.ComponentBase$$GetComponent<object>,True
0x6276B78,611,0x3BED81C,1054,MergeEngine.ECS.Components.Items,ComponentBase,MergeEngine.ECS.Components.Items.ComponentBase$$GetComponent<object>,True
0x6276BDC,611,0x3BED81C,1054,MergeEngine.ECS.Components.Items,ComponentBase,MergeEngine.ECS.Components.Items.ComponentBase$$GetComponent<object>,True
0x6276BDC,611,0x627134C,605,MergeEngine.ECS.Util,ComponentLambdaUtil,public static bool MergingBlockedByLock(IComponentBase component) { },True
0x6276C58,611,0x3BED81C,1054,MergeEngine.ECS.Components.Items,ComponentBase,MergeEngine.ECS.Components.Items.ComponentBase$$GetComponent<object>,True
0x6276C58,611,0x6274AC8,625,MergeEngine.ECS.Util,HintUtil,private static bool IsLocked(IdComponent item) { },True
0x6276C58,611,0x6274B24,625,MergeEngine.ECS.Util,HintUtil,private static bool CanBeCollected(IdComponent item) { },True
0x6276CD4,612,0x6274788,625,MergeEngine.ECS.Util,HintUtil,"private static bool CanBeMerged(IdComponent idComponent, Func<string, IMergeItem> getNextItemOnGraphFunction) { }",True
0x6277108,615,0x601EEFC,1580,GameCore.Configuration.Definitions,BaseReward,public int get_Amount() { },True
0x6277108,615,0x6903280,1126,MergeEngine.ECS.Components.Board,BoardItemCountComponent,public int GetUnlockedItemsCount(IMergeItem item) { },True
0x6277190,616,0x3BED81C,1054,MergeEngine.ECS.Components.Items,ComponentBase,MergeEngine.ECS.Components.Items.ComponentBase$$GetComponent<object>,True
0x6277190,616,0x6274788,625,MergeEngine.ECS.Util,HintUtil,"private static bool CanBeMerged(IdComponent idComponent, Func<string, IMergeItem> getNextItemOnGraphFunction) { }",True
0x6277190,616,0x68FD7AC,1080,MergeEngine.ECS.Components.Items,LockedComponent,public bool get_AnyMergePreventingLock() { },True
0x62772E4,618,0x3BED81C,1054,MergeEngine.ECS.Components.Items,ComponentBase,MergeEngine.ECS.Components.Items.ComponentBase$$GetComponent<object>,True
0x62772E4,618,0x626EFD0,597,MergeEngine.ECS.Util,BoardItemUtil,"public static bool CanMergeAnyItemOnly(MergeComponent firstMerge, MergeComponent secondMerge, IMergingConfigurationModel _mergingConfigurationModel) { }",True
0x62772E4,618,0x627134C,605,MergeEngine.ECS.Util,ComponentLambdaUtil,public static bool MergingBlockedByLock(IComponentBase component) { },True
0x62773D0,619,0x3BED81C,1054,MergeEngine.ECS.Components.Items,ComponentBase,MergeEngine.ECS.Components.Items.ComponentBase$$GetComponent<object>,True
0x6277604,619,0x601EEFC,1580,GameCore.Configuration.Definitions,BaseReward,public int get_Amount() { },True
0x6277604,619,0x6903280,1126,MergeEngine.ECS.Components.Board,BoardItemCountComponent,public int GetUnlockedItemsCount(IMergeItem item) { },True
0x627768C,620,0x3BED81C,1054,MergeEngine.ECS.Components.Items,ComponentBase,MergeEngine.ECS.Components.Items.ComponentBase$$GetComponent<object>,True
0x627768C,620,0x68FD714,1080,MergeEngine.ECS.Components.Items,LockedComponent,public bool get_AnyLock() { },True
0x627778C,621,0x3BED81C,1054,MergeEngine.ECS.Components.Items,ComponentBase,MergeEngine.ECS.Components.Items.ComponentBase$$GetComponent<object>,True
0x627778C,621,0x627134C,605,MergeEngine.ECS.Util,ComponentLambdaUtil,public static bool MergingBlockedByLock(IComponentBase component) { },True
0x6277A20,622,0x3BED81C,1054,MergeEngine.ECS.Components.Items,ComponentBase,MergeEngine.ECS.Components.Items.ComponentBase$$GetComponent<object>,True
0x6277AC8,623,0x3BED81C,1054,MergeEngine.ECS.Components.Items,ComponentBase,MergeEngine.ECS.Components.Items.ComponentBase$$GetComponent<object>,True
0x6277AC8,623,0x626EFD0,597,MergeEngine.ECS.Util,BoardItemUtil,"public static bool CanMergeAnyItemOnly(MergeComponent firstMerge, MergeComponent secondMerge, IMergingConfigurationModel _mergingConfigurationModel) { }",True
0x6277AC8,623,0x627134C,605,MergeEngine.ECS.Util,ComponentLambdaUtil,public static bool MergingBlockedByLock(IComponentBase component) { },True
0x6277BDC,623,0x3BED81C,1054,MergeEngine.ECS.Components.Items,ComponentBase,MergeEngine.ECS.Components.Items.ComponentBase$$GetComponent<object>,True
0x627826C,631,0x6278140,631,MergeEngine.ECS.Util,InteractionUtil,public static int GetItemInteractionCount(InteractionComponent interactionComponent) { },True
0x627826C,631,0x66675F0,919,MergeEngine.ECS.Systems.Board,BoardSystem,public int get_NumEmptyPositions() { },True
0x6278618,631,0x614CB20,3000,Merger.Rewards.Constants,RewardTypesConstants,public static IRewardType GetRewardType(PlayerResourceEnum resourceEnum) { },True
0x6278920,629,0x601EEFC,1580,GameCore.Configuration.Definitions,BaseReward,public int get_Amount() { },True
0x6278920,629,0x6903280,1126,MergeEngine.ECS.Components.Board,BoardItemCountComponent,public int GetUnlockedItemsCount(IMergeItem item) { },True
0x62789A8,630,0x601EEFC,1580,GameCore.Configuration.Definitions,BaseReward,public int get_Amount() { },True
0x62789A8,630,0x6903280,1126,MergeEngine.ECS.Components.Board,BoardItemCountComponent,public int GetUnlockedItemsCount(IMergeItem item) { },True
0x6278C74,632,0x614CB20,3000,Merger.Rewards.Constants,RewardTypesConstants,public static IRewardType GetRewardType(PlayerResourceEnum resourceEnum) { },True
0x6279000,632,0x614CB20,3000,Merger.Rewards.Constants,RewardTypesConstants,public static IRewardType GetRewardType(PlayerResourceEnum resourceEnum) { },True
0x627C3B4,643,0x3BED81C,1054,MergeEngine.ECS.Components.Items,ComponentBase,MergeEngine.ECS.Components.Items.ComponentBase$$GetComponent<object>,True
0x627C3B4,643,0x627C480,643,MergeEngine.ECS.Systems,CombiningSystem,private bool IsLocked(PositionComponent firstItem) { },True
0x627C3B4,643,0x627C4E8,643,MergeEngine.ECS.Systems,CombiningSystem,"private bool CanFeed(CombiningComponent combiningComponent, PositionComponent item) { }",True
0x627C3B4,643,0x627C580,643,MergeEngine.ECS.Systems,CombiningSystem,private void DisableAnimationInteraction(ComponentBase item) { },True
0x627C3B4,643,0x627C5E0,643,MergeEngine.ECS.Systems,CombiningSystem,private static void EnableInteractionAnimation(ComponentBase item) { },True
0x627C480,643,0x3BED81C,1054,MergeEngine.ECS.Components.Items,ComponentBase,MergeEngine.ECS.Components.Items.ComponentBase$$GetComponent<object>,True
0x627C4E8,643,0x626FF38,603,MergeEngine.ECS.Util,CombiningUtil,"public static Combination TryFindSuitableCombination(List<Combination> recipes, PositionComponent item) { }",True
0x627C4E8,643,0x627019C,603,MergeEngine.ECS.Util,CombiningUtil,"public static List<Combination> GetCombinationsInProgressWithItem(CombiningComponent combiningComponent, PositionComponent item) { }",True
0x627C580,643,0x3BED81C,1054,MergeEngine.ECS.Components.Items,ComponentBase,MergeEngine.ECS.Components.Items.ComponentBase$$GetComponent<object>,True
0x627C5E0,643,0x3BED81C,1054,MergeEngine.ECS.Components.Items,ComponentBase,MergeEngine.ECS.Components.Items.ComponentBase$$GetComponent<object>,True
0x627C644,643,0x3BED81C,1054,MergeEngine.ECS.Components.Items,ComponentBase,MergeEngine.ECS.Components.Items.ComponentBase$$GetComponent<object>,True
0x627C644,643,0x3C20D84,588,MergeEngine.ECS,Entity,MergeEngine.ECS.Entity$$GetComponent<object>,True
0x627C644,643,0x6270588,603,MergeEngine.ECS.Util,CombiningUtil,public static List<Combination> GetCombinationsInProgress(CombiningComponent combiningComponent) { },True
0x627C644,643,0x627C848,643,MergeEngine.ECS.Systems,CombiningSystem,"private void TryExtractItem(CombiningComponent combiningComponent, ItemPayloadBase consumedItem, PositionComponent positionComponent) { }",True
0x627C848,643,0x6659DC0,919,MergeEngine.ECS.Systems.Board,BoardSystem,public bool get_IsFull() { },True
0x627C8A8,643,0x3BED81C,1054,MergeEngine.ECS.Components.Items,ComponentBase,MergeEngine.ECS.Components.Items.ComponentBase$$GetComponent<object>,True
0x627C8A8,643,0x3C20D84,588,MergeEngine.ECS,Entity,MergeEngine.ECS.Entity$$GetComponent<object>,True
0x627C8A8,643,0x627C848,643,MergeEngine.ECS.Systems,CombiningSystem,"private void TryExtractItem(CombiningComponent combiningComponent, ItemPayloadBase consumedItem, PositionComponent positionComponent) { }",True
0x627C8A8,643,0x676E248,9485,Merger.Game.Signal.Combinations,CombiningProducerExpiredSignal,public void .ctor(CombiningComponent combiningComponent) { },True
0x627CB0C,643,0x3BED81C,1054,MergeEngine.ECS.Components.Items,ComponentBase,MergeEngine.ECS.Components.Items.ComponentBase$$GetComponent<object>,True
0x627CB0C,643,0x3C20D84,588,MergeEngine.ECS,Entity,MergeEngine.ECS.Entity$$GetComponent<object>,True
0x627CB0C,643,0x3D4046C,9785,Merger.Services.Backend.WebSocket,OperationTrackingSystem,Merger.Services.Backend.WebSocket.OperationTrackingSystem$$TrackExtractOperation<object>,True
0x627CB0C,643,0x4C18F2C,774,MergeEngine.ECS.Systems.State.Board,BoardItemsStateSystem<TState>,MergeEngine.ECS.Systems.State.Board.BoardItemsStateSystem<object>$$ProcessItem,True
0x627CB0C,643,0x627E534,643,MergeEngine.ECS.Systems,CombiningSystem,"private void TrackExtractAnalytics(IMergeItem feedingItem, CombiningComponent combiningComponent, string id) { }",True
0x627CB0C,643,0x6659DC0,919,MergeEngine.ECS.Systems.Board,BoardSystem,public bool get_IsFull() { },True
0x627CB0C,643,0x68FDC94,1132,MergeEngine.Data,BoardItemPosition,"public void .ctor(int col, int row) { }",True
0x627D278,643,0x5FF4958,262,MergeEngine.Signal.Board,EnqueueItemSignal,"public void .ctor(IMergeItem mergeItem, Entity entity, BoardItemPosition sourcePosition, BoardQueueOrder boardQueueOrder, ResourceSource source, bool slideBoardItemToQueue = False) { }",True
0x627D278,643,0x68FDC94,1132,MergeEngine.Data,BoardItemPosition,"public void .ctor(int col, int row) { }",True
0x627D278,643,0x6913BC8,1186,MergeEngine.Configuration,MergeItemInstanceConfiguration,"public static MergeItemInstanceConfiguration CreateBoardConfiguration(BoardItemPosition position, Nullable<ItemOrigin> itemOrigin, LockedCapability lockedCapability, string uuid) { }",True
0x627D498,643,0x3BED81C,1054,MergeEngine.ECS.Components.Items,ComponentBase,MergeEngine.ECS.Components.Items.ComponentBase$$GetComponent<object>,True
0x627D498,643,0x627C3B4,643,MergeEngine.ECS.Systems,CombiningSystem,"public bool CanCombineItems(PositionComponent firstItem, PositionComponent secondItem) { }",True
0x627D498,643,0x627D528,643,MergeEngine.ECS.Systems,CombiningSystem,"private void FeedItem(CombiningComponent combiningComponent, PositionComponent item) { }",True
0x627D528,643,0x3BED81C,1054,MergeEngine.ECS.Components.Items,ComponentBase,MergeEngine.ECS.Components.Items.ComponentBase$$GetComponent<object>,True
0x627D528,643,0x3BED85C,1054,MergeEngine.ECS.Components.Items,ComponentBase,MergeEngine.ECS.Components.Items.ComponentBase$$GetComponents<object>,True
0x627D528,643,0x3D4054C,9785,Merger.Services.Backend.WebSocket,OperationTrackingSystem,Merger.Services.Backend.WebSocket.OperationTrackingSystem$$TrackInsertOperation<object>,True
0x627D528,643,0x626FA5C,603,MergeEngine.ECS.Util,CombiningUtil,public static List<Combination> FindReadyCombinations(CombiningComponent combiningComponent) { },True
0x627D528,643,0x627C580,643,MergeEngine.ECS.Systems,CombiningSystem,private void DisableAnimationInteraction(ComponentBase item) { },True
0x627D528,643,0x627DB94,643,MergeEngine.ECS.Systems,CombiningSystem,"private void TrackInsertAnalytics(IMergeItem feedingItem, CombiningComponent combiningComponent) { }",True
0x627DB94,643,0x627E2F4,643,MergeEngine.ECS.Systems,CombiningSystem,"private void PrepareAnalyticsData(CombiningComponent combiningComponent, out TimeCycleComponentAnalytics analyticParams, out int usesLeft, out string consumedIDs, out IEnumerable<int> energyCost) { }",True
0x627DB94,643,0x676E358,9488,Merger.Game.Signal.Combinations,ItemLoadedSignal,"public void .ctor(IMergeItem comboProducer, TimeCycleComponentAnalytics timeCycleComponentAnalytics, int expendUsesLeft, string consumedItems, IEnumerable<int> energyCostOptions) { }",True
0x627DC94,643,0x3BED81C,1054,MergeEngine.ECS.Components.Items,ComponentBase,MergeEngine.ECS.Components.Items.ComponentBase$$GetComponent<object>,True
0x627DC94,643,0x67B94A0,9785,Merger.Services.Backend.WebSocket,OperationTrackingSystem,"public void TrackChangeStateOperation(ItemNotificationData itemData, ExtraData extraData) { }",True
0x627DC94,643,0x68FCA48,1070,MergeEngine.ECS.Components.Items,InteractionComponent,public void set_InteractionConsumed(bool value) { },True
0x627DC94,643,0x68FCB34,1070,MergeEngine.ECS.Components.Items,InteractionComponent,public static int get_NextCallbackId() { },True
0x627DC94,643,0x6902444,1125,MergeEngine.ECS.Components.Board,BoardComponent,public PositionComponent GetItem(BoardItemPosition position) { },True
0x627E1B8,643,0x3BED81C,1054,MergeEngine.ECS.Components.Items,ComponentBase,MergeEngine.ECS.Components.Items.ComponentBase$$GetComponent<object>,True
0x627E1B8,643,0x6902444,1125,MergeEngine.ECS.Components.Board,BoardComponent,public PositionComponent GetItem(BoardItemPosition position) { },True
0x627E2F4,643,0x3BED81C,1054,MergeEngine.ECS.Components.Items,ComponentBase,MergeEngine.ECS.Components.Items.ComponentBase$$GetComponent<object>,True
0x627E2F4,643,0x3BED85C,1054,MergeEngine.ECS.Components.Items,ComponentBase,MergeEngine.ECS.Components.Items.ComponentBase$$GetComponents<object>,True
0x627E534,643,0x627E2F4,643,MergeEngine.ECS.Systems,CombiningSystem,"private void PrepareAnalyticsData(CombiningComponent combiningComponent, out TimeCycleComponentAnalytics analyticParams, out int usesLeft, out string consumedIDs, out IEnumerable<int> energyCost) { }",True
0x627E534,643,0x676E2BC,9487,Merger.Game.Signal.Combinations,ItemExtractedSignal,"public void .ctor(IMergeItem comboProducer, TimeCycleComponentAnalytics timeCycleComponentAnalytics, int expendUsesLeft, string consumedItems, IEnumerable<int> energyCostOptions, string id) { }",True
0x627E8F8,640,0x68FCA48,1070,MergeEngine.ECS.Components.Items,InteractionComponent,public void set_InteractionConsumed(bool value) { },True
0x627E8F8,640,0x68FD11C,1070,MergeEngine.ECS.Components.Items,InteractionComponent,public void TryInvokeCallback(int interactionCallbackId) { },True
0x627F2D8,648,0x3BED81C,1054,MergeEngine.ECS.Components.Items,ComponentBase,MergeEngine.ECS.Components.Items.ComponentBase$$GetComponent<object>,True
0x627F2D8,648,0x68FCA48,1070,MergeEngine.ECS.Components.Items,InteractionComponent,public void set_InteractionConsumed(bool value) { },True
0x627F73C,648,0x3C20D84,588,MergeEngine.ECS,Entity,MergeEngine.ECS.Entity$$GetComponent<object>,True
0x627F73C,648,0x627F90C,648,MergeEngine.ECS.Systems,InteractionSystem,"public bool CanAffordInteractionCost(InteractionComponent interactionComponent, bool notifyPlayer) { }",True
0x627F73C,648,0x627FDF8,648,MergeEngine.ECS.Systems,InteractionSystem,"private void ConsumeInteractionCost(InteractionComponent interactionComponent, OperationContext context, CombiningComponent combiningComponent, out InteractionType interactionType, out List<ItemMultiple> consumed) { }",True
0x627F73C,648,0x68FCA48,1070,MergeEngine.ECS.Components.Items,InteractionComponent,public void set_InteractionConsumed(bool value) { },True
0x627F73C,648,0x68FCB34,1070,MergeEngine.ECS.Components.Items,InteractionComponent,public static int get_NextCallbackId() { },True
0x627F73C,648,0x68FD11C,1070,MergeEngine.ECS.Components.Items,InteractionComponent,public void TryInvokeCallback(int interactionCallbackId) { },True
0x627F90C,648,0x3BED81C,1054,MergeEngine.ECS.Components.Items,ComponentBase,MergeEngine.ECS.Components.Items.ComponentBase$$GetComponent<object>,True
0x627F90C,648,0x6270588,603,MergeEngine.ECS.Util,CombiningUtil,public static List<Combination> GetCombinationsInProgress(CombiningComponent combiningComponent) { },True
0x627F90C,648,0x6277D78,631,MergeEngine.ECS.Util,InteractionUtil,"public static string[] GetMissingItemsNames(InteractionComponent interactionComponent, BoardItemCountComponent boardItemCountComponent) { }",True
0x627F90C,648,0x6278618,631,MergeEngine.ECS.Util,InteractionUtil,"public static bool CanAffordResourceInteractionCost(InteractionComponent interactionComponent, ResourcesSystem resourcesSystem) { }",True
0x627F90C,648,0x627FF78,666,MergeEngine.ECS.Systems,ItemConsumeSystem,public bool CanAffordItemInteractionCost(InteractionComponent interactionComponent) { },True
0x627F90C,648,0x68F7148,1008,MergeEngine.ECS.Components,CounterComponent,public void Increment(int id = 0) { },True
0x627F90C,648,0x68F7264,1008,MergeEngine.ECS.Components,CounterComponent,public int GetCounter(int id = 0) { },True
0x627FDF8,648,0x6280184,666,MergeEngine.ECS.Systems,ItemConsumeSystem,"public bool TryConsumeInteractionCostItems(InteractionComponent interactionComponent, OperationContext context, Action<int> onComplete, out List<ItemMultiple> consumedItems) { }",True
0x627FDF8,648,0x6507ADC,843,MergeEngine.ECS.Systems.Player,ResourcesSystem,"public bool ConsumeResource(PlayerResourceEnum resourceType, int amount, bool delayDisplay, ResourceSource source, Nullable<ResourcePurchaseType> purchaseType, Dictionary<string, object> analyticParameters, bool shouldChangeRealValue = False) { }",True
0x627FDF8,648,0x68FD11C,1070,MergeEngine.ECS.Components.Items,InteractionComponent,public void TryInvokeCallback(int interactionCallbackId) { },True
0x627FF78,666,0x3BED81C,1054,MergeEngine.ECS.Components.Items,ComponentBase,MergeEngine.ECS.Components.Items.ComponentBase$$GetComponent<object>,True
0x627FF78,666,0x626FA5C,603,MergeEngine.ECS.Util,CombiningUtil,public static List<Combination> FindReadyCombinations(CombiningComponent combiningComponent) { },True
0x6280184,666,0x3BED81C,1054,MergeEngine.ECS.Components.Items,ComponentBase,MergeEngine.ECS.Components.Items.ComponentBase$$GetComponent<object>,True
0x6280184,666,0x5FF434C,256,MergeEngine.Signal.Board,ConsumeMultipleBoardItemsSignal,"public void .ctor(IEnumerable<ItemMultiple> itemsToConsume, Dictionary<IMergeItem, List<Vector2>> positionsMap, Nullable<BoardItemPosition> preferedPosition, IMergeItem preferedMergeItem, List<IdComponent> selectedItemsToConsume, Action completeCallback, Action failCallback, OperationContext context, float durationMultiplier = 1) { }",True
0x6280184,666,0x628AB74,666,MergeEngine.ECS.Systems,ItemConsumeSystem,private ItemMultiple[] GetConsumedItems(InteractionComponent interactionComponent) { },True
0x6280184,666,0x628ABF0,666,MergeEngine.ECS.Systems,ItemConsumeSystem,"private Tuple<IMergeItem, PositionComponent> TryFindPreferredItemFromHint(ItemMultiple[] consumedItems) { }",True
0x628065C,648,0x3BED81C,1054,MergeEngine.ECS.Components.Items,ComponentBase,MergeEngine.ECS.Components.Items.ComponentBase$$GetComponent<object>,True
0x628065C,648,0x627F90C,648,MergeEngine.ECS.Systems,InteractionSystem,"public bool CanAffordInteractionCost(InteractionComponent interactionComponent, bool notifyPlayer) { }",True
0x628065C,648,0x68FD714,1080,MergeEngine.ECS.Components.Items,LockedComponent,public bool get_AnyLock() { },True
0x6280890,648,0x3BED81C,1054,MergeEngine.ECS.Components.Items,ComponentBase,MergeEngine.ECS.Components.Items.ComponentBase$$GetComponent<object>,True
0x6280890,648,0x628065C,648,MergeEngine.ECS.Systems,InteractionSystem,"public bool CanCombineItems(PositionComponent firstItem, PositionComponent secondItem) { }",True
0x6280B60,659,0x6280D70,659,MergeEngine.ECS.Systems,InventorySystem,private bool get_HasReachedProducerUnlockLevel() { },True
0x6280FB0,659,0x3C20D84,588,MergeEngine.ECS,Entity,MergeEngine.ECS.Entity$$GetComponent<object>,True
0x6281150,659,0x3C20D84,588,MergeEngine.ECS,Entity,MergeEngine.ECS.Entity$$GetComponent<object>,True
0x62812EC,659,0x3DB68FC,685,MergeEngine.ECS.Systems,SystemBase,MergeEngine.ECS.Systems.SystemBase$$GetComponent<object>,True
0x62812EC,659,0x3DB6C18,685,MergeEngine.ECS.Systems,SystemBase,MergeEngine.ECS.Systems.SystemBase$$GetSystem<object>,True
0x6281C04,659,0x6281B10,659,MergeEngine.ECS.Systems,InventorySystem,private void UpdateProducerTabEnabled() { },True
0x6281C04,659,0x6281CE4,659,MergeEngine.ECS.Systems,InventorySystem,private void SetupProducerInventory() { },True
0x6281C04,659,0x6282418,659,MergeEngine.ECS.Systems,InventorySystem,private void UpdateShowInventoryNotification() { },True
0x6281C04,659,0x63A7320,685,MergeEngine.ECS.Systems,SystemBase,protected virtual void OnGameStarted() { },True
0x6281CE4,659,0x6280B60,659,MergeEngine.ECS.Systems,InventorySystem,private bool IsProducerTabEnabled() { },True
0x6281CE4,659,0x628292C,659,MergeEngine.ECS.Systems,InventorySystem,private void SetupUnlockConfiguration() { },True
0x6281CE4,659,0x6286E90,659,MergeEngine.ECS.Systems,InventorySystem,private void UpdateSlots(List<ProducerInventoryItem> slots) { },True
0x6281CE4,659,0x6286ECC,659,MergeEngine.ECS.Systems,InventorySystem,private void UpdateEntitiesToNewMergeItemList() { },True
0x6281CE4,659,0x6287498,659,MergeEngine.ECS.Systems,InventorySystem,private void TryMoveItemsFromInventoryToProducerInventory() { },True
0x6281DF4,659,0x6282418,659,MergeEngine.ECS.Systems,InventorySystem,private void UpdateShowInventoryNotification() { },True
0x6281E0C,659,0x6280B60,659,MergeEngine.ECS.Systems,InventorySystem,private bool IsProducerTabEnabled() { },True
0x6281E90,659,0x6289848,660,MergeEngine.ECS.Systems,InventoryWebSocket,public void SendUnlockSlot(string slotId) { },True
0x6281E90,659,0x62899B8,659,MergeEngine.ECS.Systems,InventorySystem,private void AddUnlockedSlot(IMergeItem mergeItem) { },True
0x6282418,659,0x62828DC,659,MergeEngine.ECS.Systems,InventorySystem,public int NumNewProducerSlots() { },True
0x628261C,659,0x62828DC,659,MergeEngine.ECS.Systems,InventorySystem,public int NumNewProducerSlots() { },True
0x62828C4,659,0x6282418,659,MergeEngine.ECS.Systems,InventorySystem,private void UpdateShowInventoryNotification() { },True
0x628292C,659,0x6280CD0,659,MergeEngine.ECS.Systems,InventorySystem,private IList<InventoryProducerSlotUnlock> get_ConfiguredSlotUnlocks() { },True
0x628292C,659,0x6282CD4,659,MergeEngine.ECS.Systems,InventorySystem,private IList<InventoryProducerSlotUnlock> ValidateSlotUnlockConfig(IList<InventoryProducerSlotUnlock> slotUnlockConfig) { },True
0x62831D0,659,0x6283240,659,MergeEngine.ECS.Systems,InventorySystem,private int GetBuildingIndexForProducer(string graphName) { },True
0x6283304,659,0x3C20D84,588,MergeEngine.ECS,Entity,MergeEngine.ECS.Entity$$GetComponent<object>,True
0x6283304,659,0x5FF3618,218,MergeEngine.Signal.Items,FailedToRemoveItemFromInventorySignal,"public void .ctor(int slotIndex, InventorySlotType type, FloatingTextType floatingTextType) { }",True
0x6283304,659,0x6659DC0,919,MergeEngine.ECS.Systems.Board,BoardSystem,public bool get_IsFull() { },True
0x6283440,659,0x3C205BC,588,MergeEngine.ECS,Entity,"MergeEngine.ECS.Entity$$AddComponent<BoardItemPosition, object>",True
0x6283440,659,0x3C21700,588,MergeEngine.ECS,Entity,MergeEngine.ECS.Entity$$RemoveComponent<object>,True
0x6283440,659,0x3D409F4,9785,Merger.Services.Backend.WebSocket,OperationTrackingSystem,Merger.Services.Backend.WebSocket.OperationTrackingSystem$$TrackItemRestoredFromInventoryOperation<object>,True
0x6283440,659,0x3D40AD4,9785,Merger.Services.Backend.WebSocket,OperationTrackingSystem,Merger.Services.Backend.WebSocket.OperationTrackingSystem$$TrackItemRestoredFromProducerInventoryOperation<object>,True
0x6283440,659,0x626ECD4,597,MergeEngine.ECS.Util,BoardItemUtil,public static Nullable<int> GetBoardItemIndex(PositionComponent positionComponent) { },True
0x6283440,659,0x6280E58,659,MergeEngine.ECS.Systems,InventorySystem,private bool get_NewInventoryAbilities() { },True
0x6283440,659,0x62856F8,659,MergeEngine.ECS.Systems,InventorySystem,private IEnumerable<BaseNotificationData> SortAndCreateNotificationList() { },True
0x6283440,659,0x6285988,659,MergeEngine.ECS.Systems,InventorySystem,private void SetEntityEnterAnimation(Entity entity) { },True
0x6283440,659,0x6285A60,659,MergeEngine.ECS.Systems,InventorySystem,"private void SendItemRemovedFromInventoryEvent(IMergeItem mergeItem, int slotIndex, InventorySlotType slotType, Nullable<int> indexOnBoard, Entity entity) { }",True
0x6283440,659,0x6285D18,659,MergeEngine.ECS.Systems,InventorySystem,private void SelectAfterRetrieve(PositionComponent positionComponent) { },True
0x6283440,659,0x6664880,919,MergeEngine.ECS.Systems.Board,BoardSystem,public BoardItemPosition GetRandomAvailablePosition() { },True
0x6283D00,659,0x3C20D84,588,MergeEngine.ECS,Entity,MergeEngine.ECS.Entity$$GetComponent<object>,True
0x6283D00,659,0x5FF3ED0,242,MergeEngine.Signal.Inventory,InventoryItemAddedSignal,"public void .ctor(string itemId, int availableSlots, int inventoryCapacity, int freeTilesOnBoard, InventorySlotType type) { }",True
0x6283D00,659,0x6284188,659,MergeEngine.ECS.Systems,InventorySystem,public int NumFreeSlots() { },True
0x6283D00,659,0x66675F0,919,MergeEngine.ECS.Systems.Board,BoardSystem,public int get_NumEmptyPositions() { },True
0x6283D00,659,0x68F7FD0,1016,MergeEngine.ECS.Components,InventoryItemCountComponent,public void AddItem(IMergeItem mergeItem) { },True
0x628459C,659,0x3BED81C,1054,MergeEngine.ECS.Components.Items,ComponentBase,MergeEngine.ECS.Components.Items.ComponentBase$$GetComponent<object>,True
0x628459C,659,0x68FD714,1080,MergeEngine.ECS.Components.Items,LockedComponent,public bool get_AnyLock() { },True
0x62849EC,659,0x3C20838,588,MergeEngine.ECS,Entity,"MergeEngine.ECS.Entity$$AddComponent<object, object>",True
0x62849EC,659,0x3C20D84,588,MergeEngine.ECS,Entity,MergeEngine.ECS.Entity$$GetComponent<object>,True
0x62849EC,659,0x3C21700,588,MergeEngine.ECS,Entity,MergeEngine.ECS.Entity$$RemoveComponent<object>,True
0x62849EC,659,0x3D4070C,9785,Merger.Services.Backend.WebSocket,OperationTrackingSystem,Merger.Services.Backend.WebSocket.OperationTrackingSystem$$TrackItemAddedToInventoryOperation<object>,True
0x62849EC,659,0x3D407EC,9785,Merger.Services.Backend.WebSocket,OperationTrackingSystem,Merger.Services.Backend.WebSocket.OperationTrackingSystem$$TrackItemAddedToProducerInventoryOperation<object>,True
0x62849EC,659,0x601085C,1451,MergeEngine.Configuration.Capabilities,InventorySlotCapability,"public void .ctor(int slotIndex = 0, InventorySlotType slotType = 0, string slotId) { }",True
0x62849EC,659,0x626ECD4,597,MergeEngine.ECS.Util,BoardItemUtil,public static Nullable<int> GetBoardItemIndex(PositionComponent positionComponent) { },True
0x62849EC,659,0x6284290,659,MergeEngine.ECS.Systems,InventorySystem,public bool IsFull() { },True
0x62849EC,659,0x6284540,659,MergeEngine.ECS.Systems,InventorySystem,private int GetFirstAvailableIndex() { },True
0x62849EC,659,0x6285288,659,MergeEngine.ECS.Systems,InventorySystem,private InventorySlotType EvaluateSlotType(IMergeItem mergeItem) { },True
0x62849EC,659,0x628537C,659,MergeEngine.ECS.Systems,InventorySystem,private int GetProducerSlotIndex(IMergeItem mergeItem) { },True
0x62849EC,659,0x628542C,659,MergeEngine.ECS.Systems,InventorySystem,"private void SendItemAddedToInventoryEvent(IMergeItem mergeItem, int slotIndex, InventorySlotType slotType, Nullable<int> indexOnBoard, Entity entity) { }",True
0x6285288,659,0x6280B60,659,MergeEngine.ECS.Systems,InventorySystem,private bool IsProducerTabEnabled() { },True
0x628542C,659,0x5FF3F28,243,MergeEngine.Signal.Inventory,ItemAddedToInventorySignal,"public void .ctor(string itemId, Nullable<int> boardItemIndex, int slotIndex, int availableSlots, int inventoryCapacity, int freeTilesOnBoard, InventorySlotType type, int numNewProducers, Nullable<int> stackSize) { }",True
0x628542C,659,0x62828DC,659,MergeEngine.ECS.Systems,InventorySystem,public int NumNewProducerSlots() { },True
0x628542C,659,0x6284188,659,MergeEngine.ECS.Systems,InventorySystem,public int NumFreeSlots() { },True
0x628542C,659,0x6284438,659,MergeEngine.ECS.Systems,InventorySystem,public int NumFreeProducerSlots() { },True
0x628542C,659,0x6285F08,659,MergeEngine.ECS.Systems,InventorySystem,"private Nullable<int> GetStackSizeIfStacking(IMergeItem mergeItem, Entity entity) { }",True
0x628542C,659,0x66675F0,919,MergeEngine.ECS.Systems.Board,BoardSystem,public int get_NumEmptyPositions() { },True
0x62856F8,659,0x6285D7C,659,MergeEngine.ECS.Systems,InventorySystem,"private ItemNotificationData CreateUpdatedItemNotificationData(Entity entity, int index) { }",True
0x6285988,659,0x3C20D84,588,MergeEngine.ECS,Entity,MergeEngine.ECS.Entity$$GetComponent<object>,True
0x6285A60,659,0x5FF4024,245,MergeEngine.Signal.Inventory,ItemRemovedFromInventorySignal,"public void .ctor(string itemId, Nullable<int> boardItemIndex, int slotIndex, int availableSlots, int inventoryCapacity, int freeTilesOnBoard, InventorySlotType type, int numNewProducersSlots, Nullable<int> stackSize) { }",True
0x6285A60,659,0x62828DC,659,MergeEngine.ECS.Systems,InventorySystem,public int NumNewProducerSlots() { },True
0x6285A60,659,0x6284188,659,MergeEngine.ECS.Systems,InventorySystem,public int NumFreeSlots() { },True
0x6285A60,659,0x6284438,659,MergeEngine.ECS.Systems,InventorySystem,public int NumFreeProducerSlots() { },True
0x6285A60,659,0x6285F08,659,MergeEngine.ECS.Systems,InventorySystem,"private Nullable<int> GetStackSizeIfStacking(IMergeItem mergeItem, Entity entity) { }",True
0x6285A60,659,0x66675F0,919,MergeEngine.ECS.Systems.Board,BoardSystem,public int get_NumEmptyPositions() { },True
0x6285A60,659,0x68F80FC,1016,MergeEngine.ECS.Components,InventoryItemCountComponent,public void RemoveItem(IMergeItem mergeItem) { },True
0x6285D18,659,0x665DA6C,896,MergeEngine.ECS.Systems.Board,BoardInteractionSystem,public void SelectItem(BoardItemPosition position) { },True
0x6285D18,659,0x6788E70,936,MergeEngine.ECS.Systems.Board,UndoSellAbuseSystem,public bool get_QueueAbuseThresholdReached() { },True
0x6285D7C,659,0x3C20D84,588,MergeEngine.ECS,Entity,MergeEngine.ECS.Entity$$GetComponent<object>,True
0x6285F08,659,0x3C20D84,588,MergeEngine.ECS,Entity,MergeEngine.ECS.Entity$$GetComponent<object>,True
0x6285F08,659,0x6A1D910,1226,MergeEngine.Configuration.Orders.Difficulty,MergeItemUtils,public static bool IsJokerItem(IMergeItem mergeItem) { },True
0x6285F08,659,0x6A1D9C4,1226,MergeEngine.Configuration.Orders.Difficulty,MergeItemUtils,public static bool IsSplitterItem(IMergeItem mergeItem) { },True
0x6285FD4,659,0x62862D8,660,MergeEngine.ECS.Systems,InventoryWebSocket,"public void SendFlagStateChanged(List<Tuple<string, string>> slotAndStatus) { }",True
0x62862D8,660,0x6930C58,11061,Framework.Core.Services.Backend.Data,ClientMessageNotification,public void .ctor() { },True
0x6286690,659,0x6280B60,659,MergeEngine.ECS.Systems,InventorySystem,private bool IsProducerTabEnabled() { },True
0x6286690,659,0x6280CD0,659,MergeEngine.ECS.Systems,InventorySystem,private IList<InventoryProducerSlotUnlock> get_ConfiguredSlotUnlocks() { },True
0x6286B48,659,0x5FF4024,245,MergeEngine.Signal.Inventory,ItemRemovedFromInventorySignal,"public void .ctor(string itemId, Nullable<int> boardItemIndex, int slotIndex, int availableSlots, int inventoryCapacity, int freeTilesOnBoard, InventorySlotType type, int numNewProducersSlots, Nullable<int> stackSize) { }",True
0x6286B48,659,0x62828DC,659,MergeEngine.ECS.Systems,InventorySystem,public int NumNewProducerSlots() { },True
0x6286B48,659,0x6284188,659,MergeEngine.ECS.Systems,InventorySystem,public int NumFreeSlots() { },True
0x6286B48,659,0x6285F08,659,MergeEngine.ECS.Systems,InventorySystem,"private Nullable<int> GetStackSizeIfStacking(IMergeItem mergeItem, Entity entity) { }",True
0x6286B48,659,0x66675F0,919,MergeEngine.ECS.Systems.Board,BoardSystem,public int get_NumEmptyPositions() { },True
0x6286E48,659,0x6281B10,659,MergeEngine.ECS.Systems,InventorySystem,private void UpdateProducerTabEnabled() { },True
0x6286E90,659,0x628771C,659,MergeEngine.ECS.Systems,InventorySystem,private List<ProducerInventoryItem> ValidateBackendSlots(List<ProducerInventoryItem> slots) { },True
0x6286E90,659,0x6287AF8,659,MergeEngine.ECS.Systems,InventorySystem,private List<ProducerInventoryItem> SortBackendSlotsToConfig(List<ProducerInventoryItem> slots) { },True
0x6286E90,659,0x6287FE8,659,MergeEngine.ECS.Systems,InventorySystem,private void UpdateMergeItemList(List<ProducerInventoryItem> slots) { },True
0x6286ECC,659,0x3DB6AC8,685,MergeEngine.ECS.Systems,SystemBase,MergeEngine.ECS.Systems.SystemBase$$GetComponents<object>,True
0x6286ECC,659,0x628537C,659,MergeEngine.ECS.Systems,InventorySystem,private int GetProducerSlotIndex(IMergeItem mergeItem) { },True
0x6287498,659,0x6288F84,659,MergeEngine.ECS.Systems,InventorySystem,private void TryMoveItemFromInventoryToProducerInventory(IMergeItem mergeItem) { },True
0x628771C,659,0x6288768,659,MergeEngine.ECS.Systems,InventorySystem,private string GetSlotId(ProducerInventoryItem slot) { },True
0x6287AF8,659,0x6288768,659,MergeEngine.ECS.Systems,InventorySystem,private string GetSlotId(ProducerInventoryItem slot) { },True
0x6287FE8,659,0x6288364,659,MergeEngine.ECS.Systems,InventorySystem,private void RecreateRecursiveExpends() { },True
0x6287FE8,659,0x6288768,659,MergeEngine.ECS.Systems,InventorySystem,private string GetSlotId(ProducerInventoryItem slot) { },True
0x6288364,659,0x62887D4,659,MergeEngine.ECS.Systems,InventorySystem,private List<IMergeItem> FindCircularExpends(IMergeItem root) { },True
0x62887D4,659,0x6288B08,659,MergeEngine.ECS.Systems,InventorySystem,"private bool RecursivelyExpendsTo(IMergeItem currentItem, ref List<IMergeItem> items, IMergeItem targetItem) { }",True
0x6288B08,659,0x6288B08,659,MergeEngine.ECS.Systems,InventorySystem,"private bool RecursivelyExpendsTo(IMergeItem currentItem, ref List<IMergeItem> items, IMergeItem targetItem) { }",True
0x6288F84,659,0x3C20D84,588,MergeEngine.ECS,Entity,MergeEngine.ECS.Entity$$GetComponent<object>,True
0x6288F84,659,0x3D408CC,9785,Merger.Services.Backend.WebSocket,OperationTrackingSystem,Merger.Services.Backend.WebSocket.OperationTrackingSystem$$TrackItemMovedBetweenInventoryTabsOperation<object>,True
0x6288F84,659,0x628537C,659,MergeEngine.ECS.Systems,InventorySystem,private int GetProducerSlotIndex(IMergeItem mergeItem) { },True
0x6288F84,659,0x628542C,659,MergeEngine.ECS.Systems,InventorySystem,"private void SendItemAddedToInventoryEvent(IMergeItem mergeItem, int slotIndex, InventorySlotType slotType, Nullable<int> indexOnBoard, Entity entity) { }",True
0x6288F84,659,0x6285A60,659,MergeEngine.ECS.Systems,InventorySystem,"private void SendItemRemovedFromInventoryEvent(IMergeItem mergeItem, int slotIndex, InventorySlotType slotType, Nullable<int> indexOnBoard, Entity entity) { }",True
0x6289848,660,0x6930C58,11061,Framework.Core.Services.Backend.Data,ClientMessageNotification,public void .ctor() { },True
0x62899B8,659,0x62828DC,659,MergeEngine.ECS.Systems,InventorySystem,public int NumNewProducerSlots() { },True
0x62899B8,659,0x6287498,659,MergeEngine.ECS.Systems,InventorySystem,private void TryMoveItemsFromInventoryToProducerInventory() { },True
0x62899B8,659,0x6288364,659,MergeEngine.ECS.Systems,InventorySystem,private void RecreateRecursiveExpends() { },True
0x62899B8,659,0x66675F0,919,MergeEngine.ECS.Systems.Board,BoardSystem,public int get_NumEmptyPositions() { },True
0x62899B8,659,0x676C2E8,9413,Merger.Game.Signal,ProducerInventoryFeatureUnlockedSignal,public void .ctor() { },True
0x62899B8,659,0x676C2F8,9415,Merger.Game.Signal,ProducerInventorySlotUnlockedSignal,"public void .ctor(string mergeItemUniqueId, int availableSlots, int inventoryCapacity, int freeTilesOnBoard, int numNewProducers, InventorySlotType type) { }",True
0x6289F5C,659,0x3C20D84,588,MergeEngine.ECS,Entity,MergeEngine.ECS.Entity$$GetComponent<object>,True
0x628ABF0,666,0x3BED81C,1054,MergeEngine.ECS.Components.Items,ComponentBase,MergeEngine.ECS.Components.Items.ComponentBase$$GetComponent<object>,True
0x628ABF0,666,0x3DB6AC8,685,MergeEngine.ECS.Systems,SystemBase,MergeEngine.ECS.Systems.SystemBase$$GetComponents<object>,True
0x628AEC8,666,0x3BED81C,1054,MergeEngine.ECS.Components.Items,ComponentBase,MergeEngine.ECS.Components.Items.ComponentBase$$GetComponent<object>,True
0x628AEC8,666,0x68F7148,1008,MergeEngine.ECS.Components,CounterComponent,public void Increment(int id = 0) { },True
0x628AEC8,666,0x68F7264,1008,MergeEngine.ECS.Components,CounterComponent,public int GetCounter(int id = 0) { },True
0x628B1F0,666,0x601EEFC,1580,GameCore.Configuration.Definitions,BaseReward,public int get_Amount() { },True
0x628B1F0,666,0x6903280,1126,MergeEngine.ECS.Components.Board,BoardItemCountComponent,public int GetUnlockedItemsCount(IMergeItem item) { },True
0x628B278,666,0x601EEFC,1580,GameCore.Configuration.Definitions,BaseReward,public int get_Amount() { },True
0x628B278,666,0x6903280,1126,MergeEngine.ECS.Components.Board,BoardItemCountComponent,public int GetUnlockedItemsCount(IMergeItem item) { },True
0x628B300,666,0x601EEFC,1580,GameCore.Configuration.Definitions,BaseReward,public int get_Amount() { },True
0x628B300,666,0x6903280,1126,MergeEngine.ECS.Components.Board,BoardItemCountComponent,public int GetUnlockedItemsCount(IMergeItem item) { },True
0x628B410,663,0x601EEFC,1580,GameCore.Configuration.Definitions,BaseReward,public int get_Amount() { },True
0x628BA04,673,0x628BD00,673,MergeEngine.ECS.Systems,PersistenceSystem,private void TryLoad() { },True
0x628BD00,673,0x628B80C,673,MergeEngine.ECS.Systems,PersistenceSystem,public bool get_HasData() { },True
0x628BD00,673,0x628C210,673,MergeEngine.ECS.Systems,PersistenceSystem,private void LoadKeys(List<string> keys) { },True
0x628BEC4,673,0x3DB6AC8,685,MergeEngine.ECS.Systems,SystemBase,MergeEngine.ECS.Systems.SystemBase$$GetComponents<object>,True
0x628BEC4,673,0x628CD34,673,MergeEngine.ECS.Systems,PersistenceSystem,private void SerializeComponent(PersistentComponent component) { },True
0x628C1B0,673,0x3C20D84,588,MergeEngine.ECS,Entity,MergeEngine.ECS.Entity$$GetComponent<object>,True
0x628C210,673,0x628C810,673,MergeEngine.ECS.Systems,PersistenceSystem,public string GetPersistentKey(string serializationKey) { },True
0x628C8B4,673,0x3C20E9C,588,MergeEngine.ECS,Entity,MergeEngine.ECS.Entity$$GetComponents<object>,True
0x628C9C4,673,0x3DB6AC8,685,MergeEngine.ECS.Systems,SystemBase,MergeEngine.ECS.Systems.SystemBase$$GetComponents<object>,True
0x628CB0C,673,0x3C20D84,588,MergeEngine.ECS,Entity,MergeEngine.ECS.Entity$$GetComponent<object>,True
0x628CD34,673,0x3BED85C,1054,MergeEngine.ECS.Components.Items,ComponentBase,MergeEngine.ECS.Components.Items.ComponentBase$$GetComponents<object>,True
0x628CD34,673,0x3C20D84,588,MergeEngine.ECS,Entity,MergeEngine.ECS.Entity$$GetComponent<object>,True
0x628CFE0,673,0x628C810,673,MergeEngine.ECS.Systems,PersistenceSystem,public string GetPersistentKey(string serializationKey) { },True
0x628CFE0,673,0x6905090,1137,MergeEngine.Data,PersistentEntitiesWrapper,public void .ctor() { },True
0x628D4D0,673,0x3DB6AC8,685,MergeEngine.ECS.Systems,SystemBase,MergeEngine.ECS.Systems.SystemBase$$GetComponents<object>,True
0x628D4D0,673,0x628CD34,673,MergeEngine.ECS.Systems,PersistenceSystem,private void SerializeComponent(PersistentComponent component) { },True
0x628D920,673,0x628BEC4,673,MergeEngine.ECS.Systems,PersistenceSystem,private void CreateSerializationCache() { },True
0x628D95C,673,0x628BEC4,673,MergeEngine.ECS.Systems,PersistenceSystem,private void CreateSerializationCache() { },True
0x628D98C,673,0x628BEC4,673,MergeEngine.ECS.Systems,PersistenceSystem,private void CreateSerializationCache() { },True
0x628D9CC,673,0x628C810,673,MergeEngine.ECS.Systems,PersistenceSystem,public string GetPersistentKey(string serializationKey) { },True
0x63A6E18,685,0x3DB6C18,685,MergeEngine.ECS.Systems,SystemBase,MergeEngine.ECS.Systems.SystemBase$$GetSystem<object>,True
0x63A6E18,685,0x62714EC,610,MergeEngine.ECS.Util,ECSInjectionUtil,"public static void InjectComponents(object target, IEntityManager entityManager) { }",True
0x63A6E18,685,0x6271724,610,MergeEngine.ECS.Util,ECSInjectionUtil,"public static void InjectSystems(object target, ISystemManager systemManager) { }",True
0x63A6E18,685,0x63A6CC4,685,MergeEngine.ECS.Systems,SystemBase,protected void add_AllSystemsInitialized(Action value) { },True
0x63A7334,685,0x3C20D84,588,MergeEngine.ECS,Entity,MergeEngine.ECS.Entity$$GetComponent<object>,True
0x63A73DC,685,0x63A7334,685,MergeEngine.ECS.Systems,SystemBase,"private bool IsCooldownBlocked(Entity entity, out CooldownBlockComponent cooldownBlockComponent) { }",True
0x63A73F8,685,0x63A7334,685,MergeEngine.ECS.Systems,SystemBase,"private bool IsCooldownBlocked(Entity entity, out CooldownBlockComponent cooldownBlockComponent) { }",True
0x63A7438,685,0x63A7334,685,MergeEngine.ECS.Systems,SystemBase,"private bool IsCooldownBlocked(Entity entity, out CooldownBlockComponent cooldownBlockComponent) { }",True
0x63A74A8,685,0x63A6D6C,685,MergeEngine.ECS.Systems,SystemBase,protected void remove_AllSystemsInitialized(Action value) { },True
0x63A778C,689,0x63A79D0,689,MergeEngine.ECS.Systems,SystemManager,private void <InitializeAll>g__HandleStartupException|18_0(Exception exception) { },True
0x63A803C,693,0x63A8454,693,MergeEngine.ECS.Systems,TimeDurationSystem,private bool IsLocked(ComponentBase component) { },True
0x63A803C,693,0x63A84BC,729,MergeEngine.ECS.Systems.Timing,TimeSystem,public double get_DeltaTimeToProcess() { },True
0x63A803C,693,0x63A854C,693,MergeEngine.ECS.Systems,TimeDurationSystem,private void AddKillComponentIfNoTimeLeft(TimeDurationComponent timeDurationComponent) { },True
0x63A8454,693,0x3BED81C,1054,MergeEngine.ECS.Components.Items,ComponentBase,MergeEngine.ECS.Components.Items.ComponentBase$$GetComponent<object>,True
0x63A84BC,729,0x63B75A0,729,MergeEngine.ECS.Systems.Timing,TimeSystem,private TimeComponent get_BoardTimeComponent() { },True
0x63A854C,693,0x3C203E4,588,MergeEngine.ECS,Entity,MergeEngine.ECS.Entity$$AddComponent<object>,True
0x63B4C18,729,0x63B7634,729,MergeEngine.ECS.Systems.Timing,TimeSystem,private DateTime get_ServerDateTime() { },True
0x63B75A0,729,0x3BED81C,1054,MergeEngine.ECS.Components.Items,ComponentBase,MergeEngine.ECS.Components.Items.ComponentBase$$GetComponent<object>,True
0x63B75A0,729,0x3DB68FC,685,MergeEngine.ECS.Systems,SystemBase,MergeEngine.ECS.Systems.SystemBase$$GetComponent<object>,True
0x63E2BD0,5723,0x63E2F3C,5727,Merger.ItemSelectionBox.Signals,ItemSelectionBoxItemSelectedSignal,"public void .ctor(string fromUniqueId, string toUniqueId, BoardItemPosition boardItemPosition) { }",True
0x64E9DD4,776,0x3AF70E8,762,MergeEngine.ECS.Systems.State,StateSystemBase<TStatePayload>,"MergeEngine.ECS.Systems.State.StateSystemBase<object>$$TryLoadComponent<object, object>",True
0x64E9DD4,776,0x3DB68FC,685,MergeEngine.ECS.Systems,SystemBase,MergeEngine.ECS.Systems.SystemBase$$GetComponent<object>,True
0x64E9DD4,776,0x53974A4,781,MergeEngine.ECS.Systems.State.Board,ItemsStateSystemBase<TLoadable>,MergeEngine.ECS.Systems.State.Board.ItemsStateSystemBase<object>$$HandleExistingEntities,True
0x64E9DD4,776,0x64E9F8C,776,MergeEngine.ECS.Systems.State.Board,BoardProducerInventoryStateSystem,"private void CreateMissingEntities(List<IdComponent> existingEntityIds, List<ProducerInventoryItem> itemsStateItems) { }",True
0x64E9F8C,776,0x3AF70E8,762,MergeEngine.ECS.Systems.State,StateSystemBase<TStatePayload>,"MergeEngine.ECS.Systems.State.StateSystemBase<object>$$TryLoadComponent<object, object>",True
0x64E9F8C,776,0x3C20D84,588,MergeEngine.ECS,Entity,MergeEngine.ECS.Entity$$GetComponent<object>,True
0x64E9F8C,776,0x53973F4,781,MergeEngine.ECS.Systems.State.Board,ItemsStateSystemBase<TLoadable>,MergeEngine.ECS.Systems.State.Board.ItemsStateSystemBase<object>$$AddNewEntity,True
0x64E9F8C,776,0x5397634,781,MergeEngine.ECS.Systems.State.Board,ItemsStateSystemBase<TLoadable>,MergeEngine.ECS.Systems.State.Board.ItemsStateSystemBase<object>$$TryGetEntity,True
0x64E9F8C,776,0x6913CFC,1186,MergeEngine.Configuration,MergeItemInstanceConfiguration,"public static MergeItemInstanceConfiguration CreateInventoryConfiguration(int slotIndex, InventorySlotType slotType = 0, string slotId) { }",True
0x64EA5C0,776,0x6286B48,659,MergeEngine.ECS.Systems,InventorySystem,public void RemoveInventoryItem(InventorySlotComponent slotComponent) { },True
0x64EA784,776,0x3DB6AC8,685,MergeEngine.ECS.Systems,SystemBase,MergeEngine.ECS.Systems.SystemBase$$GetComponents<object>,True
0x64EAE0C,785,0x4C1A96C,777,MergeEngine.ECS.Systems.State.Board,BoardQueueStateSystem<TState>,MergeEngine.ECS.Systems.State.Board.BoardQueueStateSystem<object>$$LoadState,True
0x64EAF28,786,0x614CB20,3000,Merger.Rewards.Constants,RewardTypesConstants,public static IRewardType GetRewardType(PlayerResourceEnum resourceEnum) { },True
0x64EAF28,786,0x64EB210,786,MergeEngine.ECS.Systems.State.Board.Event,EventBoardRefillingStateSystem,"private void UpdateResourceRefill(IRewardType rewardType, BoardResourceRefill refillState) { }",True
0x64EB4D0,787,0x64EB608,787,MergeEngine.ECS.Systems.State.Board.Event,EventBoardResourceStateSystem,private void UpdateSpecificResource(Resource resource) { },True
0x64EB774,843,0x614CB20,3000,Merger.Rewards.Constants,RewardTypesConstants,public static IRewardType GetRewardType(PlayerResourceEnum resourceEnum) { },True
0x64F1070,843,0x601EEFC,1580,GameCore.Configuration.Definitions,BaseReward,public int get_Amount() { },True
0x64F1188,843,0x601EEFC,1580,GameCore.Configuration.Definitions,BaseReward,public int get_Amount() { },True
0x64F1188,843,0x6507ADC,843,MergeEngine.ECS.Systems.Player,ResourcesSystem,"public bool ConsumeResource(PlayerResourceEnum resourceType, int amount, bool delayDisplay, ResourceSource source, Nullable<ResourcePurchaseType> purchaseType, Dictionary<string, object> analyticParameters, bool shouldChangeRealValue = False) { }",True
0x65013A0,843,0x6507E70,843,MergeEngine.ECS.Systems.Player,ResourcesSystem,"private void SetDisplayValue(IRewardType rewardType, DisplayableBindableProperty<int> resource, bool delayDisplay) { }",True
0x6501604,843,0x6508100,843,MergeEngine.ECS.Systems.Player,ResourcesSystem,"private void RemovePendingResource(string resourceType, int amount) { }",True
0x6503558,843,0x614CB20,3000,Merger.Rewards.Constants,RewardTypesConstants,public static IRewardType GetRewardType(PlayerResourceEnum resourceEnum) { },True
0x6503B00,843,0x614CB20,3000,Merger.Rewards.Constants,RewardTypesConstants,public static IRewardType GetRewardType(PlayerResourceEnum resourceEnum) { },True
0x65072A8,843,0x3DB68FC,685,MergeEngine.ECS.Systems,SystemBase,MergeEngine.ECS.Systems.SystemBase$$GetComponent<object>,True
0x65072A8,843,0x614CB20,3000,Merger.Rewards.Constants,RewardTypesConstants,public static IRewardType GetRewardType(PlayerResourceEnum resourceEnum) { },True
0x65072A8,843,0x63A7318,685,MergeEngine.ECS.Systems,SystemBase,protected virtual void InitializeSystem() { },True
0x65072A8,843,0x6507A54,843,MergeEngine.ECS.Systems.Player,ResourcesSystem,private void RegisterResource(string resourceType) { },True
0x6507ADC,843,0x614CB20,3000,Merger.Rewards.Constants,RewardTypesConstants,public static IRewardType GetRewardType(PlayerResourceEnum resourceEnum) { },True
0x6507B94,843,0x6507E70,843,MergeEngine.ECS.Systems.Player,ResourcesSystem,"private void SetDisplayValue(IRewardType rewardType, DisplayableBindableProperty<int> resource, bool delayDisplay) { }",True
0x6507E70,843,0x6508B0C,843,MergeEngine.ECS.Systems.Player,ResourcesSystem,"private void SendDisplayedNegativeAnalyticIfNeeded(IRewardType rewardType, int resourceDisplayValue) { }",True
0x650830C,843,0x6507E70,843,MergeEngine.ECS.Systems.Player,ResourcesSystem,"private void SetDisplayValue(IRewardType rewardType, DisplayableBindableProperty<int> resource, bool delayDisplay) { }",True
0x65086C4,843,0x650883C,843,MergeEngine.ECS.Systems.Player,ResourcesSystem,"private void SendEnergyDeltaAnalytics(DisplayableBindableProperty<int> currentValue, int newValue, string resourceType, ResourceSource resourceSource) { }",True
0x650906C,843,0x614CB20,3000,Merger.Rewards.Constants,RewardTypesConstants,public static IRewardType GetRewardType(PlayerResourceEnum resourceEnum) { },True
0x650906C,843,0x65013A0,843,MergeEngine.ECS.Systems.Player,ResourcesSystem,"public void GrantResource(IRewardType rewardType, int amount, bool delayDisplay, ResourceSource source, Dictionary<string, object> analyticParameters, bool shouldChangeRealValue = False, RewardSource rewardSource) { }",True
0x650906C,843,0x6503558,843,MergeEngine.ECS.Systems.Player,ResourcesSystem,public BindableProperty<int> GetResource(PlayerResourceEnum resourceType) { },True
0x650906C,843,0x6507ADC,843,MergeEngine.ECS.Systems.Player,ResourcesSystem,"public bool ConsumeResource(PlayerResourceEnum resourceType, int amount, bool delayDisplay, ResourceSource source, Nullable<ResourcePurchaseType> purchaseType, Dictionary<string, object> analyticParameters, bool shouldChangeRealValue = False) { }",True
0x6577884,7490,0x3BED81C,1054,MergeEngine.ECS.Components.Items,ComponentBase,MergeEngine.ECS.Components.Items.ComponentBase$$GetComponent<object>,True
0x6577884,7490,0x3DB6AC8,685,MergeEngine.ECS.Systems,SystemBase,MergeEngine.ECS.Systems.SystemBase$$GetComponents<object>,True
0x6579DC8,7450,0x6579EC8,7492,Merger.Bubbles.Buckets,BucketProbabilityData,public void .ctor() { },True
0x657A0D0,7453,0x601E5DC,1562,GameCore.Model,GameModelBase,protected BindableProperty<bool> get_GameStarted() { },True
0x657A0D0,7453,0x601E5E4,1562,GameCore.Model,GameModelBase,protected override void InitializeModel() { },True
0x657A3E0,7453,0x601E5DC,1562,GameCore.Model,GameModelBase,protected BindableProperty<bool> get_GameStarted() { },True
0x657A56C,7453,0x62719E0,610,MergeEngine.ECS.Util,ECSInjectionUtil,"public static void InjectSystemsAndComponents(object target, DiContainer container) { }",True
0x657A75C,7453,0x657A280,7453,Merger.Bubbles,SmarterBubblesProbabilityModel,private void ResetPreviousBubbleCachedData() { },True
0x657A75C,7453,0x657AE50,7453,Merger.Bubbles,SmarterBubblesProbabilityModel,private bool IsItemAlreadyOnBoard(IMergeItem mergeItem) { },True
0x657A75C,7453,0x657B168,7453,Merger.Bubbles,SmarterBubblesProbabilityModel,private Nullable<float> GetOverrideValue(IMergeItem mergeItem) { },True
0x657B3C0,7453,0x601E5DC,1562,GameCore.Model,GameModelBase,protected BindableProperty<bool> get_GameStarted() { },True
0x657B574,7452,0x3BED81C,1054,MergeEngine.ECS.Components.Items,ComponentBase,MergeEngine.ECS.Components.Items.ComponentBase$$GetComponent<object>,True
0x657B734,7455,0x657B5F8,7455,Merger.Bubbles,SmarterBubblesStreakModel,public SmarterBubblesStreakData get_StreakData() { },True
0x657C224,7461,0x657BAEC,7461,Merger.Bubbles.Modifiers,ActiveOrdersBubbleDropProbabilityModifier,private float get_ActiveOrdersBoostValue() { },True
0x657C224,7461,0x657BB60,7461,Merger.Bubbles.Modifiers,ActiveOrdersBubbleDropProbabilityModifier,private HashSet<OrderData> get_Objectives() { },True
0x657C224,7461,0x657C77C,7461,Merger.Bubbles.Modifiers,ActiveOrdersBubbleDropProbabilityModifier,"private HashSet<ChainData> GetRelatedGraphs(HashSet<OrderData> objectives, bool shouldUseItemsRelations) { }",True
0x657C77C,7461,0x6004718,1354,MergeEngine.Configuration.Definitions.WeakReferences.References,MergeItemWeakReference,public void .ctor(string uniqueId) { },True
0x657DE7C,7469,0x657DF50,7490,Merger.Bubbles.ECS.Systems,BubbledItemSystem,public ResourceMultiple GetBurstPrice(IMergeItem mergeItem) { },True
0x657DF50,7490,0x658A06C,7490,Merger.Bubbles.ECS.Systems,BubbledItemSystem,private bool HasFreeBursts() { },True
0x657DF50,7490,0x6A21870,1314,MergeEngine.Configuration.Definitions,ResourceMultiple,"public void .ctor(PlayerResourceEnum resource, int amount, bool shouldBeHidden = False) { }",True
0x657E258,7469,0x657DE7C,7469,Merger.Bubbles.Modifiers,BucketBubbleDropProbabilityModifier,public int GetBubblePrice(IMergeItem mergeItem) { },True
0x657E598,7469,0x657E9B4,7469,Merger.Bubbles.Modifiers,BucketBubbleDropProbabilityModifier,"private bool UpdateBuckets(List<Bucket> buckets, List<BubbleData> bubbles, string source) { }",True
0x657E598,7469,0x657EE6C,7469,Merger.Bubbles.Modifiers,BucketBubbleDropProbabilityModifier,"private float CalculateConversionRatio(BucketProbabilityData data, List<BubbleData> bubbles, string source) { }",True
0x657E598,7469,0x657F390,7469,Merger.Bubbles.Modifiers,BucketBubbleDropProbabilityModifier,private void UpdateBucketsAnalyticsData(BucketProbabilityData data) { },True
0x657FC5C,7472,0x657FD0C,7472,Merger.Bubbles.Modifiers,ChainRelationsProbabilityModifier,"private bool TryCalculateProbabilityForConsumer(ref float probability, IMergeItem consumer, SmarterBubblesCheatData cheatData) { }",True
0x657FD0C,7472,0x657FEE4,7472,Merger.Bubbles.Modifiers,ChainRelationsProbabilityModifier,private List<IMergeGraphItem> GetConsumables(IMergeItem mergeItem) { },True
0x657FD0C,7472,0x658031C,7472,Merger.Bubbles.Modifiers,ChainRelationsProbabilityModifier,"private int GetLastItemsCount(IMergeItem mergeItem, bool countLastItemInGraphAsBeforeMerge = False) { }",True
0x657FD0C,7472,0x65804AC,7472,Merger.Bubbles.Modifiers,ChainRelationsProbabilityModifier,"private void ModifyProbability(ref float probability, int diff, SmarterBubblesCheatData cheatData) { }",True
0x657FE44,7472,0x658031C,7472,Merger.Bubbles.Modifiers,ChainRelationsProbabilityModifier,"private int GetLastItemsCount(IMergeItem mergeItem, bool countLastItemInGraphAsBeforeMerge = False) { }",True
0x657FE44,7472,0x658075C,7472,Merger.Bubbles.Modifiers,ChainRelationsProbabilityModifier,private IMergeItem GetConsumer(IMergeItem mergeItem) { },True
0x658031C,7472,0x68F81B4,1016,MergeEngine.ECS.Components,InventoryItemCountComponent,public int GetItemInInventoryCount(IMergeItem mergeItem) { },True
0x658031C,7472,0x6903280,1126,MergeEngine.ECS.Components.Board,BoardItemCountComponent,public int GetUnlockedItemsCount(IMergeItem item) { },True
0x6580C90,7472,0x658031C,7472,Merger.Bubbles.Modifiers,ChainRelationsProbabilityModifier,"private int GetLastItemsCount(IMergeItem mergeItem, bool countLastItemInGraphAsBeforeMerge = False) { }",True
0x6581414,7475,0x658149C,7475,Merger.Bubbles.Modifiers,RareChainsBubbleDropProbabilityModifier,private List<SmarterBubblesRareChainConfig> get_RareChainConfigs() { },True
0x65815A8,7475,0x658149C,7475,Merger.Bubbles.Modifiers,RareChainsBubbleDropProbabilityModifier,private List<SmarterBubblesRareChainConfig> get_RareChainConfigs() { },True
0x658274C,7483,0x65829D4,7485,Merger.Bubbles.Model.Data,SmarterBubblesData,public void .ctor() { },True
0x6582A80,7483,0x658274C,7483,Merger.Bubbles.Model,SmarterBubblesDataModel,public SmarterBubblesData get_SmarterBubblesData() { },True
0x65830B8,7490,0x676CD58,9452,Merger.Game.Signal,TryBurstBubbleSignal,"public void .ctor(BoardItemPosition boardItemPosition, ResourceMultiple price, bool burstWithAd, IPromise tryBurstBubblePromise) { }",True
0x6583250,7490,0x3BED81C,1054,MergeEngine.ECS.Components.Items,ComponentBase,MergeEngine.ECS.Components.Items.ComponentBase$$GetComponent<object>,True
0x6583250,7490,0x5FF3728,221,MergeEngine.Signal.Items,ItemAppearedSignal,"public void .ctor(IMergeItem mergeItem, Entity entity) { }",True
0x6583250,7490,0x601EEFC,1580,GameCore.Configuration.Definitions,BaseReward,public int get_Amount() { },True
0x6583250,7490,0x64F1188,843,MergeEngine.ECS.Systems.Player,ResourcesSystem,"public bool ConsumeResource(ResourceMultiple resourceMultiple, bool delayDisplay, ResourceSource source, Dictionary<string, object> analyticParameters, bool shouldChangeRealValue = False) { }",True
0x6583250,7490,0x6577884,7490,Merger.Bubbles.ECS.Systems,BubbledItemSystem,public void TryApplyToAllBubbles() { },True
0x6583250,7490,0x6583EE8,7490,Merger.Bubbles.ECS.Systems,BubbledItemSystem,private long get_CurrentServerTimeMS() { },True
0x6583250,7490,0x6585970,7490,Merger.Bubbles.ECS.Systems,BubbledItemSystem,private bool IsOnMainBoard() { },True
0x6583250,7490,0x65880B8,7490,Merger.Bubbles.ECS.Systems,BubbledItemSystem,private void UpdateStreakModel(IMergeGraphItem mergeGraphItem) { },True
0x6583250,7490,0x658816C,7490,Merger.Bubbles.ECS.Systems,BubbledItemSystem,private void SetBurstBubbleData(Entity bubbledItemEntity) { },True
0x6583250,7490,0x665D01C,896,MergeEngine.ECS.Systems.Board,BoardInteractionSystem,public SelectedBoardItem GetSelectedBoardItem(PositionComponent positionComponent) { },True
0x6583250,7490,0x676ABD0,9342,Merger.Game.Signal,BoardItemSelectedSignal,public void .ctor(SelectedBoardItem selectedBoardItem) { },True
0x6583250,7490,0x676ACB8,9351,Merger.Game.Signal,BubbleBurstSignal,"public void .ctor(IMergeItem item, int level, bool isBubbleOnMainBoard, bool wasBurstFree, double secondsUntilExpiry, float bubbleSpawnProbability, string adCampaignId, ResourceMultiple burstPrice, bool burstWithAd, bool wasBubbleBlaster, int bubbleTier, int blasterTier) { }",True
0x6583250,7490,0x67B94A0,9785,Merger.Services.Backend.WebSocket,OperationTrackingSystem,"public void TrackChangeStateOperation(ItemNotificationData itemData, ExtraData extraData) { }",True
0x6583250,7490,0x67B9590,9785,Merger.Services.Backend.WebSocket,OperationTrackingSystem,"public void TrackBubbleBlastOperation(ItemNotificationData itemData, ExtraData extraData) { }",True
0x6583250,7490,0x6903030,1126,MergeEngine.ECS.Components.Board,BoardItemCountComponent,public void HandleBubbleBurst() { },True
0x6583250,7490,0x69035EC,1126,MergeEngine.ECS.Components.Board,BoardItemCountComponent,public void UpdateItemToUnlocked(IMergeItem mergeItem) { },True
0x6583250,7490,0x6930F58,11086,Framework.Core.Services.Backend.Data.Payload,TimerItemData,public void .ctor() { },True
0x658460C,7490,0x3DB68FC,685,MergeEngine.ECS.Systems,SystemBase,MergeEngine.ECS.Systems.SystemBase$$GetComponent<object>,True
0x658460C,7490,0x3DB6C18,685,MergeEngine.ECS.Systems,SystemBase,MergeEngine.ECS.Systems.SystemBase$$GetSystem<object>,True
0x658460C,7490,0x63A7318,685,MergeEngine.ECS.Systems,SystemBase,protected virtual void InitializeSystem() { },True
0x658460C,7490,0x6584B00,7490,Merger.Bubbles.ECS.Systems,BubbledItemSystem,private void CreateExpiredItemsSpawningList() { },True
0x6584B00,7490,0x3E36A2C,123,MergeEngine.Util,WeightedItemUtil,"MergeEngine.Util.WeightedItemUtil$$GenerateWeightedItemList<object, object>",True
0x6584B00,7490,0x6584424,7490,Merger.Bubbles.ECS.Systems,BubbledItemSystem,private List<WeightedItemSpawnable> get_ExpiredBubbleSpawnedItems() { },True
0x6584B00,7490,0x65844C8,7490,Merger.Bubbles.ECS.Systems,BubbledItemSystem,private List<WeightedItemSpawnable> get_CompensationForRemovedBubblesItemsSpawnList() { },True
0x65852D8,7490,0x3BED81C,1054,MergeEngine.ECS.Components.Items,ComponentBase,MergeEngine.ECS.Components.Items.ComponentBase$$GetComponent<object>,True
0x65852D8,7490,0x3C20D84,588,MergeEngine.ECS,Entity,MergeEngine.ECS.Entity$$GetComponent<object>,True
0x6585520,7490,0x6585970,7490,Merger.Bubbles.ECS.Systems,BubbledItemSystem,private bool IsOnMainBoard() { },True
0x6585520,7490,0x6585A34,7490,Merger.Bubbles.ECS.Systems,BubbledItemSystem,"private Entity DropBubble(PositionComponent newItem, int blasterableTier = 0) { }",True
0x6585520,7490,0x65863F4,7490,Merger.Bubbles.ECS.Systems,BubbledItemSystem,"private bool ShouldDropBubble(IComponentBase newItem, int playerLevel) { }",True
0x6585520,7490,0x6659DC0,919,MergeEngine.ECS.Systems.Board,BoardSystem,public bool get_IsFull() { },True
0x6585A34,7490,0x3C20D84,588,MergeEngine.ECS,Entity,MergeEngine.ECS.Entity$$GetComponent<object>,True
0x6585A34,7490,0x60117CC,1454,MergeEngine.Configuration.Capabilities,LockedCapability,"public void .ctor(bool locked, bool boxed, int lockedByLevel, bool bubbled, UnboxingType unboxingType, int interactionAmount, PlayerResourceEnum interactionResource = 1) { }",True
0x6585A34,7490,0x601EEFC,1580,GameCore.Configuration.Definitions,BaseReward,public int get_Amount() { },True
0x6585A34,7490,0x657DF50,7490,Merger.Bubbles.ECS.Systems,BubbledItemSystem,public ResourceMultiple GetBurstPrice(IMergeItem mergeItem) { },True
0x6585A34,7490,0x6584228,7490,Merger.Bubbles.ECS.Systems,BubbledItemSystem,private BoardItemCountComponent get_BoardItemCountComponent() { },True
0x6585A34,7490,0x65842E0,7490,Merger.Bubbles.ECS.Systems,BubbledItemSystem,private BubbledItemsConfig get_BubbledItemsConfig() { },True
0x6585A34,7490,0x65867F8,7490,Merger.Bubbles.ECS.Systems,BubbledItemSystem,"private void TryMarkAsBlasterable(Entity bubbledEntity, IMergeItem mergeItem, out bool abortSpawn, out int blasterTier) { }",True
0x6585A34,7490,0x6586DB0,7490,Merger.Bubbles.ECS.Systems,BubbledItemSystem,public bool CanBurstBubbleWithRewardedAd(IMergeItem mergeItem) { },True
0x6585A34,7490,0x6586E7C,7490,Merger.Bubbles.ECS.Systems,BubbledItemSystem,"private void AddBubbleData(ResourceMultiple burstPrice, Entity bubbledItemEntity) { }",True
0x6585A34,7490,0x6587378,7490,Merger.Bubbles.ECS.Systems,BubbledItemSystem,private void TrySendingBoardBubbleLimitReachedSignal() { },True
0x6585A34,7490,0x6669C6C,919,MergeEngine.ECS.Systems.Board,BoardSystem,"public BoardItemPosition GetClosestAvailablePositionTo(BoardItemPosition boardItemPosition, BoardItemPosition[] ignorePositions) { }",True
0x6585A34,7490,0x676ADA8,9352,Merger.Game.Signal,BubbledItemCreatedSignal,"public void .ctor(IMergeItem mergeItem, int mergeItemLevel, int burstPrice, PlayerResourceEnum burstResourceType, float bubbleSpawnProbability, int minGameLevelToDropBubbles, double bubbleExpirationTimeInSeconds, int bubblesOnBoard, bool hasOptionToBurstBubbleWithAd, int blasterableTier) { }",True
0x6585A34,7490,0x676AE24,9352,Merger.Game.Signal,BubbledItemCreatedSignal,"public void .ctor(IMergeItem mergeItem, int mergeItemLevel, float bubbleSpawnProbability, int minGameLevelToDropBubbles, double bubbleExpirationTimeInSeconds, int bubblesOnBoard, bool hasOptionToBurstBubbleWithAd, int blasterableTier) { }",True
0x6585A34,7490,0x6913BC8,1186,MergeEngine.Configuration,MergeItemInstanceConfiguration,"public static MergeItemInstanceConfiguration CreateBoardConfiguration(BoardItemPosition position, Nullable<ItemOrigin> itemOrigin, LockedCapability lockedCapability, string uuid) { }",True
0x65863F4,7490,0x6584228,7490,Merger.Bubbles.ECS.Systems,BubbledItemSystem,private BoardItemCountComponent get_BoardItemCountComponent() { },True
0x65863F4,7490,0x6584380,7490,Merger.Bubbles.ECS.Systems,BubbledItemSystem,private NewBubbledItemsConfig get_NewBubbledItemsConfig() { },True
0x65863F4,7490,0x65866BC,7490,Merger.Bubbles.ECS.Systems,BubbledItemSystem,private float GetBubbleProbability(IMergeItem item) { },True
0x65866BC,7490,0x6579370,7490,Merger.Bubbles.ECS.Systems,BubbledItemSystem,public bool get_SmarterBubblesEnabled() { },True
0x65867F8,7490,0x3C20D84,588,MergeEngine.ECS,Entity,MergeEngine.ECS.Entity$$GetComponent<object>,True
0x65867F8,7490,0x6583040,7490,Merger.Bubbles.ECS.Systems,BubbledItemSystem,private bool get_IsBlasterTutorialCompleted() { },True
0x65867F8,7490,0x6585970,7490,Merger.Bubbles.ECS.Systems,BubbledItemSystem,private bool IsOnMainBoard() { },True
0x6586E7C,7490,0x3C20D84,588,MergeEngine.ECS,Entity,MergeEngine.ECS.Entity$$GetComponent<object>,True
0x6586E7C,7490,0x601EEFC,1580,GameCore.Configuration.Definitions,BaseReward,public int get_Amount() { },True
0x6586E7C,7490,0x6585970,7490,Merger.Bubbles.ECS.Systems,BubbledItemSystem,private bool IsOnMainBoard() { },True
0x6587378,7490,0x6584228,7490,Merger.Bubbles.ECS.Systems,BubbledItemSystem,private BoardItemCountComponent get_BoardItemCountComponent() { },True
0x6587378,7490,0x6584380,7490,Merger.Bubbles.ECS.Systems,BubbledItemSystem,private NewBubbledItemsConfig get_NewBubbledItemsConfig() { },True
0x6587378,7490,0x676E620,9496,Merger.Game.Signal.Bubbles,BubbleBoardLimitReachedSignal,public void .ctor(int bubblesOnBoard) { },True
0x6587430,7490,0x63A84BC,729,MergeEngine.ECS.Systems.Timing,TimeSystem,public double get_DeltaTimeToProcess() { },True
0x6587590,7490,0x3BED81C,1054,MergeEngine.ECS.Components.Items,ComponentBase,MergeEngine.ECS.Components.Items.ComponentBase$$GetComponent<object>,True
0x6587590,7490,0x658767C,7490,Merger.Bubbles.ECS.Systems,BubbledItemSystem,"private bool CanExpireBubble(LockedComponent bubbled, PositionComponent bubblePosition) { }",True
0x6587590,7490,0x68FD68C,1080,MergeEngine.ECS.Components.Items,LockedComponent,public bool get_IsBlasterable() { },True
0x6587590,7490,0x68FD8C4,1080,MergeEngine.ECS.Components.Items,LockedComponent,public bool get_BubbleExpirationBlocked() { },True
0x658767C,7490,0x3BED81C,1054,MergeEngine.ECS.Components.Items,ComponentBase,MergeEngine.ECS.Components.Items.ComponentBase$$GetComponent<object>,True
0x658767C,7490,0x665B57C,896,MergeEngine.ECS.Systems.Board,BoardInteractionSystem,public BoardItemPosition get_SelectedItemPosition() { },True
0x658767C,7490,0x665B598,896,MergeEngine.ECS.Systems.Board,BoardInteractionSystem,public bool get_IsItemSelected() { },True
0x658767C,7490,0x6904F00,1132,MergeEngine.Data,BoardItemPosition,public bool Equals(BoardItemPosition other) { },True
0x6587744,7490,0x3BED81C,1054,MergeEngine.ECS.Components.Items,ComponentBase,MergeEngine.ECS.Components.Items.ComponentBase$$GetComponent<object>,True
0x6587744,7490,0x3C20D84,588,MergeEngine.ECS,Entity,MergeEngine.ECS.Entity$$GetComponent<object>,True
0x6587744,7490,0x3D4038C,9785,Merger.Services.Backend.WebSocket,OperationTrackingSystem,Merger.Services.Backend.WebSocket.OperationTrackingSystem$$TrackExpireBubbleOperation<object>,True
0x6587744,7490,0x4944D00,121,MergeEngine.Util,WeightedItemList<TItem>,MergeEngine.Util.WeightedItemList<object>$$get_Count,True
0x6587744,7490,0x4944E1C,121,MergeEngine.Util,WeightedItemList<TItem>,MergeEngine.Util.WeightedItemList<object>$$GetItem,True
0x6587744,7490,0x601EEFC,1580,GameCore.Configuration.Definitions,BaseReward,public int get_Amount() { },True
0x6587744,7490,0x657DF50,7490,Merger.Bubbles.ECS.Systems,BubbledItemSystem,public ResourceMultiple GetBurstPrice(IMergeItem mergeItem) { },True
0x6587744,7490,0x65840D0,7490,Merger.Bubbles.ECS.Systems,BubbledItemSystem,private bool get_BubbleCompensationEnabled() { },True
0x6587744,7490,0x6584228,7490,Merger.Bubbles.ECS.Systems,BubbledItemSystem,private BoardItemCountComponent get_BoardItemCountComponent() { },True
0x6587744,7490,0x676AEA8,9354,Merger.Game.Signal,BubbledItemExpiredSignal,"public void .ctor(IMergeItem mergeItem, int mergeItemLevel, int bubblesOnBoard, int burstPrice, CollectableComponent spawnedCollectableComponent, int bubbleTier) { }",True
0x6587744,7490,0x6913BC8,1186,MergeEngine.Configuration,MergeItemInstanceConfiguration,"public static MergeItemInstanceConfiguration CreateBoardConfiguration(BoardItemPosition position, Nullable<ItemOrigin> itemOrigin, LockedCapability lockedCapability, string uuid) { }",True
0x6588038,7490,0x3BED81C,1054,MergeEngine.ECS.Components.Items,ComponentBase,MergeEngine.ECS.Components.Items.ComponentBase$$GetComponent<object>,True
0x6588038,7490,0x6660834,919,MergeEngine.ECS.Systems.Board,BoardSystem,public PositionComponent GetItem(BoardItemPosition position) { },True
0x658816C,7490,0x3C20D84,588,MergeEngine.ECS,Entity,MergeEngine.ECS.Entity$$GetComponent<object>,True
0x658816C,7490,0x658456C,7490,Merger.Bubbles.ECS.Systems,BubbledItemSystem,private SmarterBubblesData get_BubblesData() { },True
0x658816C,7490,0x6585970,7490,Merger.Bubbles.ECS.Systems,BubbledItemSystem,private bool IsOnMainBoard() { },True
0x658816C,7490,0x65897DC,7489,,BubbledItemSystem.<>c__DisplayClass96_0,internal void <SetBurstBubbleData>g__TryBurstBubble|0(List<BubbleData> bubblesList) { },True
0x65883F0,7490,0x3BED81C,1054,MergeEngine.ECS.Components.Items,ComponentBase,MergeEngine.ECS.Components.Items.ComponentBase$$GetComponent<object>,True
0x65883F0,7490,0x601EEFC,1580,GameCore.Configuration.Definitions,BaseReward,public int get_Amount() { },True
0x65883F0,7490,0x657DF50,7490,Merger.Bubbles.ECS.Systems,BubbledItemSystem,public ResourceMultiple GetBurstPrice(IMergeItem mergeItem) { },True
0x65883F0,7490,0x6585970,7490,Merger.Bubbles.ECS.Systems,BubbledItemSystem,private bool IsOnMainBoard() { },True
0x65883F0,7490,0x6660834,919,MergeEngine.ECS.Systems.Board,BoardSystem,public PositionComponent GetItem(BoardItemPosition position) { },True
0x6588A34,7490,0x6582EE8,7490,Merger.Bubbles.ECS.Systems,BubbledItemSystem,private bool IsRemoveBubbleEnabled() { },True
0x6588A34,7490,0x6660834,919,MergeEngine.ECS.Systems.Board,BoardSystem,public PositionComponent GetItem(BoardItemPosition position) { },True
0x6588A88,7490,0x3D40D14,9785,Merger.Services.Backend.WebSocket,OperationTrackingSystem,Merger.Services.Backend.WebSocket.OperationTrackingSystem$$TrackMoveOperation<object>,True
0x6588A88,7490,0x4944D00,121,MergeEngine.Util,WeightedItemList<TItem>,MergeEngine.Util.WeightedItemList<object>$$get_Count,True
0x6588A88,7490,0x4944E1C,121,MergeEngine.Util,WeightedItemList<TItem>,MergeEngine.Util.WeightedItemList<object>$$GetItem,True
0x6588A88,7490,0x65840D0,7490,Merger.Bubbles.ECS.Systems,BubbledItemSystem,private bool get_BubbleCompensationEnabled() { },True
0x6588A88,7490,0x65890D0,7490,Merger.Bubbles.ECS.Systems,BubbledItemSystem,"private void ReportRemoveBubble(PositionComponent bubbledPosition, IMergeItem itemLost, Entity spawnedItem) { }",True
0x6588A88,7490,0x67B9680,9785,Merger.Services.Backend.WebSocket,OperationTrackingSystem,"public void TrackRemoveOperation(ItemNotificationData itemData, ExtraData extraData) { }",True
0x6588A88,7490,0x6913BC8,1186,MergeEngine.Configuration,MergeItemInstanceConfiguration,"public static MergeItemInstanceConfiguration CreateBoardConfiguration(BoardItemPosition position, Nullable<ItemOrigin> itemOrigin, LockedCapability lockedCapability, string uuid) { }",True
0x65890D0,7490,0x3BED81C,1054,MergeEngine.ECS.Components.Items,ComponentBase,MergeEngine.ECS.Components.Items.ComponentBase$$GetComponent<object>,True
0x65890D0,7490,0x65892B4,7490,Merger.Bubbles.ECS.Systems,BubbledItemSystem,"private void SetBubbleRemoveAnalytics(PositionComponent bubbledPosition, Entity spawnedItem, BubbleRemoveSignalBase bubbledItemRemovedSignal, LockedComponent locked, IMergeItem itemLost) { }",True
0x65890D0,7490,0x676E648,9497,Merger.Game.Signal.Bubbles,BubbledItemRemovedSignal,"public void .ctor(IMergeItem mergeItem, int mergeItemLevel) { }",True
0x65892B4,7490,0x3C20D84,588,MergeEngine.ECS,Entity,MergeEngine.ECS.Entity$$GetComponent<object>,True
0x65892B4,7490,0x601EEFC,1580,GameCore.Configuration.Definitions,BaseReward,public int get_Amount() { },True
0x65892B4,7490,0x657DF50,7490,Merger.Bubbles.ECS.Systems,BubbledItemSystem,public ResourceMultiple GetBurstPrice(IMergeItem mergeItem) { },True
0x65892B4,7490,0x6584228,7490,Merger.Bubbles.ECS.Systems,BubbledItemSystem,private BoardItemCountComponent get_BoardItemCountComponent() { },True
0x65892B4,7490,0x6586DB0,7490,Merger.Bubbles.ECS.Systems,BubbledItemSystem,public bool CanBurstBubbleWithRewardedAd(IMergeItem mergeItem) { },True
0x65892B4,7490,0x676AF80,9353,,BubbledItemExpiredSignal.Collectable,public void .ctor() { },True
0x658957C,7490,0x3BED81C,1054,MergeEngine.ECS.Components.Items,ComponentBase,MergeEngine.ECS.Components.Items.ComponentBase$$GetComponent<object>,True
0x658957C,7490,0x65892B4,7490,Merger.Bubbles.ECS.Systems,BubbledItemSystem,"private void SetBubbleRemoveAnalytics(PositionComponent bubbledPosition, Entity spawnedItem, BubbleRemoveSignalBase bubbledItemRemovedSignal, LockedComponent locked, IMergeItem itemLost) { }",True
0x658957C,7490,0x6660834,919,MergeEngine.ECS.Systems.Board,BoardSystem,public PositionComponent GetItem(BoardItemPosition position) { },True
0x658957C,7490,0x676E670,9498,Merger.Game.Signal.Bubbles,BubbledItemRemoveIconClickedSignal,"public void .ctor(IMergeItem mergeItem, int mergeItemLevel) { }",True
0x6589924,7490,0x3DB6AC8,685,MergeEngine.ECS.Systems,SystemBase,MergeEngine.ECS.Systems.SystemBase$$GetComponents<object>,True
0x6589924,7490,0x68FD68C,1080,MergeEngine.ECS.Components.Items,LockedComponent,public bool get_IsBlasterable() { },True
0x6589C6C,7490,0x3BED81C,1054,MergeEngine.ECS.Components.Items,ComponentBase,MergeEngine.ECS.Components.Items.ComponentBase$$GetComponent<object>,True
0x6589C6C,7490,0x6660834,919,MergeEngine.ECS.Systems.Board,BoardSystem,public PositionComponent GetItem(BoardItemPosition position) { },True
0x6589CE4,7490,0x3BED81C,1054,MergeEngine.ECS.Components.Items,ComponentBase,MergeEngine.ECS.Components.Items.ComponentBase$$GetComponent<object>,True
0x6589CE4,7490,0x6660834,919,MergeEngine.ECS.Systems.Board,BoardSystem,public PositionComponent GetItem(BoardItemPosition position) { },True
0x6589D58,7490,0x3BED81C,1054,MergeEngine.ECS.Components.Items,ComponentBase,MergeEngine.ECS.Components.Items.ComponentBase$$GetComponent<object>,True
0x6589D58,7490,0x6660834,919,MergeEngine.ECS.Systems.Board,BoardSystem,public PositionComponent GetItem(BoardItemPosition position) { },True
0x6589D58,7490,0x676CD58,9452,Merger.Game.Signal,TryBurstBubbleSignal,"public void .ctor(BoardItemPosition boardItemPosition, ResourceMultiple price, bool burstWithAd, IPromise tryBurstBubblePromise) { }",True
0x6589D58,7490,0x68FD68C,1080,MergeEngine.ECS.Components.Items,LockedComponent,public bool get_IsBlasterable() { },True
0x658A06C,7490,0x6585970,7490,Merger.Bubbles.ECS.Systems,BubbledItemSystem,private bool IsOnMainBoard() { },True
0x658A0BC,7490,0x601EEFC,1580,GameCore.Configuration.Definitions,BaseReward,public int get_Amount() { },True
0x658A0BC,7490,0x657DF50,7490,Merger.Bubbles.ECS.Systems,BubbledItemSystem,public ResourceMultiple GetBurstPrice(IMergeItem mergeItem) { },True
0x658A330,7488,0x6583250,7490,Merger.Bubbles.ECS.Systems,BubbledItemSystem,"private void BurstBubble(TryBurstBubbleSignal tryBurstBubbleSignal, PositionComponent item, IMergeItem mergeItem, BoardItemPosition boardItemPosition, ResourceMultiple burstPrice, bool isBlasterBurst = False) { }",True
0x65BB20C,7735,0x3C20D84,588,MergeEngine.ECS,Entity,MergeEngine.ECS.Entity$$GetComponent<object>,True
0x65BB20C,7735,0x3C21B68,588,MergeEngine.ECS,Entity,"MergeEngine.ECS.Entity$$TryAddComponent<object, object>",True
0x65BB20C,7735,0x65BB484,7735,Merger.Boosters.Systems,BoosterBoardSystem,private IdComponent GetLinkedMergeItemIdComponent(string uuid) { },True
0x65BB630,7735,0x3BED81C,1054,MergeEngine.ECS.Components.Items,ComponentBase,MergeEngine.ECS.Components.Items.ComponentBase$$GetComponent<object>,True
0x65BB630,7735,0x3C20D84,588,MergeEngine.ECS,Entity,MergeEngine.ECS.Entity$$GetComponent<object>,True
0x65BB630,7735,0x65BB484,7735,Merger.Boosters.Systems,BoosterBoardSystem,private IdComponent GetLinkedMergeItemIdComponent(string uuid) { },True
0x65BB630,7735,0x65BB8E4,7735,Merger.Boosters.Systems,BoosterBoardSystem,"private Entity CreateBoosterItemEntity(IBoosterItem booster, string uuId, string reason, ResourceSource source, out bool alreadyExisted) { }",True
0x65BB630,7735,0x65BBBDC,7735,Merger.Boosters.Systems,BoosterBoardSystem,"private void SetupActiveBoosterVisuals(IBoosterItem booster, Entity boardItemEntity, bool activateSilently = False) { }",True
0x65BB630,7735,0x65BBCDC,7735,Merger.Boosters.Systems,BoosterBoardSystem,"public void SyncBoosterAndMergeTimer(Entity activatedBooster, Entity boardItemEntity, bool activateTimer = False) { }",True
0x65BB8E4,7735,0x65BC594,7735,Merger.Boosters.Systems,BoosterBoardSystem,"private void AddAnalyticsData(IBoosterItem booster, string reason, ResourceSource source, Entity entity) { }",True
0x65BBBDC,7735,0x3C20D84,588,MergeEngine.ECS,Entity,MergeEngine.ECS.Entity$$GetComponent<object>,True
0x65BBCDC,7735,0x3C20D84,588,MergeEngine.ECS,Entity,MergeEngine.ECS.Entity$$GetComponent<object>,True
0x65BBCDC,7735,0x3C21700,588,MergeEngine.ECS,Entity,MergeEngine.ECS.Entity$$RemoveComponent<object>,True
0x65BBDC8,7735,0x65BB484,7735,Merger.Boosters.Systems,BoosterBoardSystem,private IdComponent GetLinkedMergeItemIdComponent(string uuid) { },True
0x65BBDC8,7735,0x65BBFAC,7735,Merger.Boosters.Systems,BoosterBoardSystem,"private Entity TryActivateBoosterBoardEntity(IBoosterItem booster, string uuId, string reason, ResourceSource source = 0, Entity boardItemEntity) { }",True
0x65BBFAC,7735,0x3C20D84,588,MergeEngine.ECS,Entity,MergeEngine.ECS.Entity$$GetComponent<object>,True
0x65BBFAC,7735,0x65BB8E4,7735,Merger.Boosters.Systems,BoosterBoardSystem,"private Entity CreateBoosterItemEntity(IBoosterItem booster, string uuId, string reason, ResourceSource source, out bool alreadyExisted) { }",True
0x65BBFAC,7735,0x65BBBDC,7735,Merger.Boosters.Systems,BoosterBoardSystem,"private void SetupActiveBoosterVisuals(IBoosterItem booster, Entity boardItemEntity, bool activateSilently = False) { }",True
0x65BBFAC,7735,0x65BC1E8,7735,Merger.Boosters.Systems,BoosterBoardSystem,"public void TryLinkBoosterWithMergeItem(IBoosterItem booster, string boosterUuId, Entity boardItemEntity) { }",True
0x65BBFAC,7735,0x65BC44C,7735,Merger.Boosters.Systems,BoosterBoardSystem,private void BoosterActivatedSendAnalytic(Entity entity) { },True
0x65BC1E8,7735,0x3C20D84,588,MergeEngine.ECS,Entity,MergeEngine.ECS.Entity$$GetComponent<object>,True
0x65BC44C,7735,0x3BED81C,1054,MergeEngine.ECS.Components.Items,ComponentBase,MergeEngine.ECS.Components.Items.ComponentBase$$GetComponent<object>,True
0x65BC44C,7735,0x3C20D84,588,MergeEngine.ECS,Entity,MergeEngine.ECS.Entity$$GetComponent<object>,True
0x65BC44C,7735,0x4BEC144,1004,MergeEngine.ECS.Components,BaseIdComponent<TCapability>,MergeEngine.ECS.Components.BaseIdComponent<object>$$get_Id,True
0x65BC44C,7735,0x4BEC164,1004,MergeEngine.ECS.Components,BaseIdComponent<TCapability>,MergeEngine.ECS.Components.BaseIdComponent<object>$$get_UUId,True
0x65BC594,7735,0x3C20D84,588,MergeEngine.ECS,Entity,MergeEngine.ECS.Entity$$GetComponent<object>,True
0x65BC8B0,7735,0x3BED81C,1054,MergeEngine.ECS.Components.Items,ComponentBase,MergeEngine.ECS.Components.Items.ComponentBase$$GetComponent<object>,True
0x65BC8B0,7735,0x3C20D84,588,MergeEngine.ECS,Entity,MergeEngine.ECS.Entity$$GetComponent<object>,True
0x65BCA74,7732,0x4BEC164,1004,MergeEngine.ECS.Components,BaseIdComponent<TCapability>,MergeEngine.ECS.Components.BaseIdComponent<object>$$get_UUId,True
0x65BCAD4,7733,0x4BEC164,1004,MergeEngine.ECS.Components,BaseIdComponent<TCapability>,MergeEngine.ECS.Components.BaseIdComponent<object>$$get_UUId,True
0x65BCB58,7741,0x3DB6C18,685,MergeEngine.ECS.Systems,SystemBase,MergeEngine.ECS.Systems.SystemBase$$GetSystem<object>,True
0x65BCBC8,7741,0x3C20D84,588,MergeEngine.ECS,Entity,MergeEngine.ECS.Entity$$GetComponent<object>,True
0x65BCBC8,7741,0x65BCE54,7741,Merger.Boosters.Systems,BoosterSystem,"private Entity GetOrCreateBoosterItemEntity(IBoosterItem booster, string uuId, string reason, ResourceSource source, out bool alreadyExisted) { }",True
0x65BCBC8,7741,0x65BD14C,7741,Merger.Boosters.Systems,BoosterSystem,private void BoosterActivatedSendAnalytic(Entity entity) { },True
0x65BCE54,7741,0x65BDE8C,7741,Merger.Boosters.Systems,BoosterSystem,"private void AddAnalyticsData(IBoosterItem booster, string reason, ResourceSource source, Entity entity) { }",True
0x65BD14C,7741,0x3BED81C,1054,MergeEngine.ECS.Components.Items,ComponentBase,MergeEngine.ECS.Components.Items.ComponentBase$$GetComponent<object>,True
0x65BD14C,7741,0x3C20D84,588,MergeEngine.ECS,Entity,MergeEngine.ECS.Entity$$GetComponent<object>,True
0x65BD14C,7741,0x4BEC144,1004,MergeEngine.ECS.Components,BaseIdComponent<TCapability>,MergeEngine.ECS.Components.BaseIdComponent<object>$$get_Id,True
0x65BD14C,7741,0x4BEC164,1004,MergeEngine.ECS.Components,BaseIdComponent<TCapability>,MergeEngine.ECS.Components.BaseIdComponent<object>$$get_UUId,True
0x65BD484,7741,0x3C20D84,588,MergeEngine.ECS,Entity,MergeEngine.ECS.Entity$$GetComponent<object>,True
0x65BD484,7741,0x65BCE54,7741,Merger.Boosters.Systems,BoosterSystem,"private Entity GetOrCreateBoosterItemEntity(IBoosterItem booster, string uuId, string reason, ResourceSource source, out bool alreadyExisted) { }",True
0x65BD778,7741,0x3DB6AC8,685,MergeEngine.ECS.Systems,SystemBase,MergeEngine.ECS.Systems.SystemBase$$GetComponents<object>,True
0x65BD778,7741,0x65BDBAC,7741,Merger.Boosters.Systems,BoosterSystem,private void TryDeleteBoosterMergeItem(string boosterUUId) { },True
0x65BDBAC,7741,0x3BED81C,1054,MergeEngine.ECS.Components.Items,ComponentBase,MergeEngine.ECS.Components.Items.ComponentBase$$GetComponent<object>,True
0x65BDBAC,7741,0x65BCB58,7741,Merger.Boosters.Systems,BoosterSystem,private BoardSystem get_BoardSystem() { },True
0x65BDBAC,7741,0x65BEC44,7741,Merger.Boosters.Systems,BoosterSystem,private IdComponent GetLinkedMergeItemIdComponent(string uuid) { },True
0x65BDE8C,7741,0x3C20D84,588,MergeEngine.ECS,Entity,MergeEngine.ECS.Entity$$GetComponent<object>,True
0x65BE11C,7741,0x3BED81C,1054,MergeEngine.ECS.Components.Items,ComponentBase,MergeEngine.ECS.Components.Items.ComponentBase$$GetComponent<object>,True
0x65BE11C,7741,0x3C20D84,588,MergeEngine.ECS,Entity,MergeEngine.ECS.Entity$$GetComponent<object>,True
0x65BE2D0,7741,0x3C20D84,588,MergeEngine.ECS,Entity,MergeEngine.ECS.Entity$$GetComponent<object>,True
0x65BE3D0,7741,0x4BEC164,1004,MergeEngine.ECS.Components,BaseIdComponent<TCapability>,MergeEngine.ECS.Components.BaseIdComponent<object>$$get_UUId,True
0x65BE3D0,7741,0x65BE798,7741,Merger.Boosters.Systems,BoosterSystem,private void ForceDeactivateBooster(BoosterIdComponent boosterId) { },True
0x65BE798,7741,0x3BED81C,1054,MergeEngine.ECS.Components.Items,ComponentBase,MergeEngine.ECS.Components.Items.ComponentBase$$GetComponent<object>,True
0x65BE798,7741,0x4BEC144,1004,MergeEngine.ECS.Components,BaseIdComponent<TCapability>,MergeEngine.ECS.Components.BaseIdComponent<object>$$get_Id,True
0x65BE798,7741,0x4BEC164,1004,MergeEngine.ECS.Components,BaseIdComponent<TCapability>,MergeEngine.ECS.Components.BaseIdComponent<object>$$get_UUId,True
0x65BE798,7741,0x65BEA1C,7741,Merger.Boosters.Systems,BoosterSystem,private void TryDeleteBoosterMergeItem(BoosterIdComponent boosterId) { },True
0x65BE798,7741,0x65BEA7C,7741,Merger.Boosters.Systems,BoosterSystem,private void CheckBoosterDeactivatedRemote(BoosterIdComponent boosterId) { },True
0x65BEA1C,7741,0x4BEC164,1004,MergeEngine.ECS.Components,BaseIdComponent<TCapability>,MergeEngine.ECS.Components.BaseIdComponent<object>$$get_UUId,True
0x65BEEB0,7737,0x4BEC164,1004,MergeEngine.ECS.Components,BaseIdComponent<TCapability>,MergeEngine.ECS.Components.BaseIdComponent<object>$$get_UUId,True
0x65BEF10,7738,0x4BEC164,1004,MergeEngine.ECS.Components,BaseIdComponent<TCapability>,MergeEngine.ECS.Components.BaseIdComponent<object>$$get_UUId,True
0x65BF124,7740,0x4BEC164,1004,MergeEngine.ECS.Components,BaseIdComponent<TCapability>,MergeEngine.ECS.Components.BaseIdComponent<object>$$get_UUId,True
0x65C1464,7765,0x68C97BC,10570,Framework.Core.Services,ServiceBase,protected virtual void InitializeService() { },True
0x65C1648,7765,0x68B2E90,10424,Framework.Core,Base,protected virtual void SubscribeToSignals() { },True
0x65C180C,7765,0x68B2E94,10424,Framework.Core,Base,protected virtual void UnsubscribeFromSignals() { },True
0x65C1F74,7765,0x65C1384,7765,Merger.Boosters.Services,BoosterService,private BoosterSystem get_BoosterSystem() { },True
0x65C2078,7765,0x65C2148,7765,Merger.Boosters.Services,BoosterService,private bool CanProcessBoosters(GameState gameState) { },True
0x65C2148,7765,0x65C22A0,7765,Merger.Boosters.Services,BoosterService,private bool HasAnyBoosterToActivateOnMeta(List<RemoteBoosterData> remoteActiveBoosters) { },True
0x65C234C,7765,0x65C1384,7765,Merger.Boosters.Services,BoosterService,private BoosterSystem get_BoosterSystem() { },True
0x65C24C8,7765,0x3BED81C,1054,MergeEngine.ECS.Components.Items,ComponentBase,MergeEngine.ECS.Components.Items.ComponentBase$$GetComponent<object>,True
0x65C24C8,7765,0x65BBCDC,7735,Merger.Boosters.Systems,BoosterBoardSystem,"public void SyncBoosterAndMergeTimer(Entity activatedBooster, Entity boardItemEntity, bool activateTimer = False) { }",True
0x65C24C8,7765,0x65C12A4,7765,Merger.Boosters.Services,BoosterService,private BoosterBoardSystem get_BoosterBoardSystem() { },True
0x65C24C8,7765,0x65C2A68,7765,Merger.Boosters.Services,BoosterService,private IdComponent GetLinkedMergeItemIdComponent(string uuid) { },True
0x65C2C14,7765,0x3BED81C,1054,MergeEngine.ECS.Components.Items,ComponentBase,MergeEngine.ECS.Components.Items.ComponentBase$$GetComponent<object>,True
0x65C2E94,7765,0x65C11C4,7765,Merger.Boosters.Services,BoosterService,private RewardsSystem get_RewardsSystem() { },True
0x65C2E94,7765,0x6A24C88,1325,MergeEngine.Configuration.Definitions,Reward,"public void .ctor(IEnumerable<IRewardViewData> originalOrderRewards, List<ConditionalRewardMultiple> conditionals) { }",True
0x65C34AC,7765,0x3BED81C,1054,MergeEngine.ECS.Components.Items,ComponentBase,MergeEngine.ECS.Components.Items.ComponentBase$$GetComponent<object>,True
0x65C34AC,7765,0x4BEC144,1004,MergeEngine.ECS.Components,BaseIdComponent<TCapability>,MergeEngine.ECS.Components.BaseIdComponent<object>$$get_Id,True
0x65C34AC,7765,0x4BEC164,1004,MergeEngine.ECS.Components,BaseIdComponent<TCapability>,MergeEngine.ECS.Components.BaseIdComponent<object>$$get_UUId,True
0x65C34AC,7765,0x65C3904,7765,Merger.Boosters.Services,BoosterService,private void TryDeleteBoosterMergeItem(string boosterUUId) { },True
0x65C34AC,7765,0x65C3BDC,7765,Merger.Boosters.Services,BoosterService,private void CheckBoosterDeactivatedRemote(BoosterIdComponent boosterId) { },True
0x65C3904,7765,0x3BED81C,1054,MergeEngine.ECS.Components.Items,ComponentBase,MergeEngine.ECS.Components.Items.ComponentBase$$GetComponent<object>,True
0x65C3904,7765,0x65C10E4,7765,Merger.Boosters.Services,BoosterService,private BoardSystem get_BoardSystem() { },True
0x65C3904,7765,0x65C2A68,7765,Merger.Boosters.Services,BoosterService,private IdComponent GetLinkedMergeItemIdComponent(string uuid) { },True
0x65C3BDC,7765,0x65C1B64,7765,Merger.Boosters.Services,BoosterService,public IPromise<List<RemoteBoosterData>> GetActiveBoosters(bool mustSucceed = False) { },True
0x65C3D3C,7765,0x68C97C0,10570,Framework.Core.Services,ServiceBase,protected virtual void DisposeService() { },True
0x65C3F20,7765,0x65C1B64,7765,Merger.Boosters.Services,BoosterService,public IPromise<List<RemoteBoosterData>> GetActiveBoosters(bool mustSucceed = False) { },True
0x65C3F20,7765,0x65C4330,7765,Merger.Boosters.Services,BoosterService,"private void TryFindCorruptBoosters(out string uuid, out bool hasIssue) { }",True
0x65C4688,7758,0x65C1F74,7765,Merger.Boosters.Services,BoosterService,public void ProcessBoosters(List<RemoteBoosterData> boosters) { },True
0x65C4B90,7759,0x4BEC164,1004,MergeEngine.ECS.Components,BaseIdComponent<TCapability>,MergeEngine.ECS.Components.BaseIdComponent<object>$$get_UUId,True
0x65C4BF8,7761,0x4BEC144,1004,MergeEngine.ECS.Components,BaseIdComponent<TCapability>,MergeEngine.ECS.Components.BaseIdComponent<object>$$get_Id,True
0x65C4D88,7763,0x4BEC144,1004,MergeEngine.ECS.Components,BaseIdComponent<TCapability>,MergeEngine.ECS.Components.BaseIdComponent<object>$$get_Id,True
0x65C4D88,7763,0x4BEC164,1004,MergeEngine.ECS.Components,BaseIdComponent<TCapability>,MergeEngine.ECS.Components.BaseIdComponent<object>$$get_UUId,True
0x65C503C,7763,0x4BEC164,1004,MergeEngine.ECS.Components,BaseIdComponent<TCapability>,MergeEngine.ECS.Components.BaseIdComponent<object>$$get_UUId,True
0x65C5F48,7779,0x65C5C3C,7779,Merger.Boosters.Models,BoosterModel,public IBoosterItem GetBooster(string uniqueId) { },True
0x65C618C,7779,0x65C643C,7779,Merger.Boosters.Models,BoosterModel,private string GetTooltipContentName(RemoteBoosterItem remoteBoosterItem) { },True
0x65C65C0,7779,0x3C20D84,588,MergeEngine.ECS,Entity,MergeEngine.ECS.Entity$$GetComponent<object>,True
0x65C901C,7790,0x4BEC144,1004,MergeEngine.ECS.Components,BaseIdComponent<TCapability>,MergeEngine.ECS.Components.BaseIdComponent<object>$$get_Id,True
0x65C94E8,7826,0x65C9584,7826,Merger.Boosters.Declarations.Definitions,RemoteBoosterItem,private void set_BoosterType(BoosterType value) { },True
0x65C9584,7826,0x600F9C0,1434,MergeEngine.Configuration.Capabilities,CapabilityBase,public void .ctor() { },True
0x65C964C,7826,0x60049CC,1354,MergeEngine.Configuration.Definitions.WeakReferences.References,MergeItemWeakReference,public IItem get_Item() { },True
0x65C9C80,7863,0x65BB630,7735,Merger.Boosters.Systems,BoosterBoardSystem,public void ApplyActiveBoardBooster(RemoteBoosterData boosterData) { },True
0x65C9C80,7863,0x65BBDC8,7735,Merger.Boosters.Systems,BoosterBoardSystem,public void TryActivateEligibleBoardBooster(RemoteBoosterData boosterData) { },True
0x65C9C80,7863,0x65C9B98,7863,Merger.Boosters.Controllers,JokerCardBoosterController,private BoosterBoardSystem get_BoosterBoardSystem() { },True
0x65CD1E0,7884,0x65CD134,7884,Merger.Audio.ViewModels,AudioViewModelBase,public ISound GetSoundById(string soundId) { },True
0x6623D10,8274,0x6623C30,8274,Merger.Game.ViewModel,BoardUIViewModel,private InventorySystem get_InventorySystem() { },True
0x6623D34,8274,0x6623B50,8274,Merger.Game.ViewModel,BoardUIViewModel,private OrdersSystem get_OrdersSystem() { },True
0x6623F28,8274,0x6112BC0,2860,Merger.Rewards.ViewModels,RewardAnimationTargetViewModel,"public void RegisterItemRewardTarget(IRewardType rewardType, RectTransform targetRectTransform, RewardDestinationType destinationType = 3) { }",True
0x6623F28,8274,0x6112E98,2860,Merger.Rewards.ViewModels,RewardAnimationTargetViewModel,"public void RegisterResourceRewardTarget(IRewardType rewardType, RectTransform targetRectTransform, ResourceSource resourceSource = 0) { }",True
0x662440C,8275,0x3CC92E0,8279,Merger.Game.ViewModel,GameBaseViewModel,Merger.Game.ViewModel.GameBaseViewModel$$GetSystem<object>,True
0x6624BAC,8275,0x6624C84,8275,Merger.Game.ViewModel,BoardViewModel,private void SendCoreBoardEnteredAnalytic(string enterStateReason) { },True
0x6624C84,8275,0x6625ED4,8279,Merger.Game.ViewModel,GameBaseViewModel,public BindableProperty<bool> get_Started() { },True
0x6624C84,8275,0x6625F74,8279,Merger.Game.ViewModel,GameBaseViewModel,public BindableProperty<GameState> get_CurrentGameState() { },True
0x6626204,8279,0x6626220,8279,Merger.Game.ViewModel,GameBaseViewModel,protected ShopSystemBase get_ShopSystem() { },True
0x66264F0,8279,0x3CC92E0,8279,Merger.Game.ViewModel,GameBaseViewModel,Merger.Game.ViewModel.GameBaseViewModel$$GetSystem<object>,True
0x66266A8,8279,0x612555C,434,MergeEngine.Model,PlayerResourceEnumExtensions,public static ShopCategoryItemType GetShopCategoryType(PlayerResourceEnum resource) { },True
0x66266A8,8279,0x6626220,8279,Merger.Game.ViewModel,GameBaseViewModel,protected ShopSystemBase get_ShopSystem() { },True
0x66266A8,8279,0x6626550,8279,Merger.Game.ViewModel,GameBaseViewModel,public bool CanAfford(ResourceMultiple price) { },True
0x6626A1C,8279,0x614CB20,3000,Merger.Rewards.Constants,RewardTypesConstants,public static IRewardType GetRewardType(PlayerResourceEnum resourceEnum) { },True
0x662AFA4,8288,0x5FF4108,247,MergeEngine.Signal.Inventory,TryRemoveInventoryItemSignal,"public void .ctor(int slotIndex, InventorySlotType slotType) { }",True
0x662B198,8288,0x66266A8,8279,Merger.Game.ViewModel,GameBaseViewModel,"protected bool NavigateToShopIfCannotAfford(ResourceMultiple resource, IInventoryModel inventoryModel, string mergeItemType, Action backAction) { }",True
0x662B198,8288,0x6A21870,1314,MergeEngine.Configuration.Definitions,ResourceMultiple,"public void .ctor(PlayerResourceEnum resource, int amount, bool shouldBeHidden = False) { }",True
0x662B83C,8288,0x5FF40A8,246,MergeEngine.Signal.Inventory,PurchaseInventorySlotSignal,"public void .ctor(int availableSlots, int inventoryCapacity, int resourceAmountHc, int freeTilesOnBoard, InventorySlotType type) { }",True
0x662B83C,8288,0x614CB20,3000,Merger.Rewards.Constants,RewardTypesConstants,public static IRewardType GetRewardType(PlayerResourceEnum resourceEnum) { },True
0x662B83C,8288,0x6284188,659,MergeEngine.ECS.Systems,InventorySystem,public int NumFreeSlots() { },True
0x662B83C,8288,0x662AC88,8288,Merger.Game.ViewModel,InventoryItemsViewModel,public int get_NumSlots() { },True
0x662B83C,8288,0x662AF14,8288,Merger.Game.ViewModel,InventoryItemsViewModel,private InventorySystem get__inventorySystem() { },True
0x662B83C,8288,0x662AF5C,8288,Merger.Game.ViewModel,InventoryItemsViewModel,private BoardSystem get__boardSystem() { },True
0x662B83C,8288,0x66675F0,919,MergeEngine.ECS.Systems.Board,BoardSystem,public int get_NumEmptyPositions() { },True
0x662BD90,8289,0x662BDAC,8289,Merger.Game.ViewModel,InventoryProducerViewModel,private InventorySystem get_InventorySystem() { },True
0x662BDAC,8289,0x3CC92E0,8279,Merger.Game.ViewModel,GameBaseViewModel,Merger.Game.ViewModel.GameBaseViewModel$$GetSystem<object>,True
0x662BE18,8289,0x662BDAC,8289,Merger.Game.ViewModel,InventoryProducerViewModel,private InventorySystem get_InventorySystem() { },True
0x662BE34,8289,0x5FF4108,247,MergeEngine.Signal.Inventory,TryRemoveInventoryItemSignal,"public void .ctor(int slotIndex, InventorySlotType slotType) { }",True
0x662D0E0,8293,0x614CB20,3000,Merger.Rewards.Constants,RewardTypesConstants,public static IRewardType GetRewardType(PlayerResourceEnum resourceEnum) { },True
0x662D1C8,8293,0x614CB20,3000,Merger.Rewards.Constants,RewardTypesConstants,public static IRewardType GetRewardType(PlayerResourceEnum resourceEnum) { },True
0x664B350,8392,0x664B268,8392,Merger.Game.ViewModel.Board,BoardQueueViewModel,private LiveOpsEventSystem get_LiveOpsEventSystem() { },True
0x664B454,8392,0x664AEE8,8392,Merger.Game.ViewModel.Board,BoardQueueViewModel,private BoardQueueComponent get_BoardQueueComponent() { },True
0x664B454,8392,0x6904354,1128,MergeEngine.ECS.Components.Board,BoardQueueComponent,public QueuedItem Peek() { },True
0x664B51C,8392,0x664AEE8,8392,Merger.Game.ViewModel.Board,BoardQueueViewModel,private BoardQueueComponent get_BoardQueueComponent() { },True
0x664B51C,8392,0x6904354,1128,MergeEngine.ECS.Components.Board,BoardQueueComponent,public QueuedItem Peek() { },True
0x664B664,8392,0x664AFC8,8392,Merger.Game.ViewModel.Board,BoardQueueViewModel,private BoardComponent get_BoardComponent() { },True
0x664B680,8392,0x664AEE8,8392,Merger.Game.ViewModel.Board,BoardQueueViewModel,private BoardQueueComponent get_BoardQueueComponent() { },True
0x664B69C,8392,0x664B0A8,8392,Merger.Game.ViewModel.Board,BoardQueueViewModel,private PlayerProgressionComponent get_PlayerProgressionComponent() { },True
0x664B6F0,8392,0x664B188,8392,Merger.Game.ViewModel.Board,BoardQueueViewModel,private TutorialProgressComponent get_TutorialProgressComponent() { },True
0x664B9D4,8392,0x6112BBC,2860,Merger.Rewards.ViewModels,RewardAnimationTargetViewModel,public virtual void RegisterRewardTargets(RectTransform targetRectTransform) { },True
0x664B9D4,8392,0x6112BC0,2860,Merger.Rewards.ViewModels,RewardAnimationTargetViewModel,"public void RegisterItemRewardTarget(IRewardType rewardType, RectTransform targetRectTransform, RewardDestinationType destinationType = 3) { }",True
0x664B9D4,8392,0x664B87C,8392,Merger.Game.ViewModel.Board,BoardQueueViewModel,public bool get_IsBoardVisible() { },True
0x6657800,894,0x6657ED8,896,MergeEngine.ECS.Systems.Board,BoardInteractionSystem,public void add_ItemTapped(Action<BoardItemPosition> value) { },True
0x6657800,894,0x6657F88,896,MergeEngine.ECS.Systems.Board,BoardInteractionSystem,public void add_ItemDragStarted(Action<BoardItemPosition> value) { },True
0x6657800,894,0x6658038,896,MergeEngine.ECS.Systems.Board,BoardInteractionSystem,"public void add_ItemDragEnded(Action<BoardItemPosition, BoardItemPosition> value) { }",True
0x6657800,894,0x66580E8,907,MergeEngine.ECS.Systems.Board,BoardQueueSystem,public void add_ItemAddedToBoard(Action value) { },True
0x6657800,894,0x6658184,930,MergeEngine.ECS.Systems.Board,MergeSystem,"public void add_ItemMerged(Action<IMergeItem, BoardItemPosition, IMergeItem, IMergeItem> value) { }",True
0x6658234,894,0x665890C,896,MergeEngine.ECS.Systems.Board,BoardInteractionSystem,public void remove_ItemTapped(Action<BoardItemPosition> value) { },True
0x6658234,894,0x66589BC,896,MergeEngine.ECS.Systems.Board,BoardInteractionSystem,public void remove_ItemDragStarted(Action<BoardItemPosition> value) { },True
0x6658234,894,0x6658A6C,896,MergeEngine.ECS.Systems.Board,BoardInteractionSystem,"public void remove_ItemDragEnded(Action<BoardItemPosition, BoardItemPosition> value) { }",True
0x6658234,894,0x6658B1C,907,MergeEngine.ECS.Systems.Board,BoardQueueSystem,public void remove_ItemAddedToBoard(Action value) { },True
0x6658234,894,0x6658BB8,930,MergeEngine.ECS.Systems.Board,MergeSystem,"public void remove_ItemMerged(Action<IMergeItem, BoardItemPosition, IMergeItem, IMergeItem> value) { }",True
0x6658CA8,894,0x3BED81C,1054,MergeEngine.ECS.Components.Items,ComponentBase,MergeEngine.ECS.Components.Items.ComponentBase$$GetComponent<object>,True
0x6658CA8,894,0x3DB6AC8,685,MergeEngine.ECS.Systems,SystemBase,MergeEngine.ECS.Systems.SystemBase$$GetComponents<object>,True
0x6659170,894,0x6658CA8,894,MergeEngine.ECS.Systems.Board,BoardIdleHintSystem,private void FinishHinting() { },True
0x665920C,894,0x3DB6AC8,685,MergeEngine.ECS.Systems,SystemBase,MergeEngine.ECS.Systems.SystemBase$$GetComponents<object>,True
0x6659378,894,0x63AD3A4,729,MergeEngine.ECS.Systems.Timing,TimeSystem,public double get_DeltaTime() { },True
0x6659414,894,0x6274824,625,MergeEngine.ECS.Util,HintUtil,"public static IdComponent GetCollectable(ReadOnlyCollection<PositionComponent> boardItems, IMergingConfigurationModel mergingConfigurationModel) { }",True
0x6659414,894,0x6274B88,625,MergeEngine.ECS.Util,HintUtil,"public static IdComponent GetLowestLevelBasicItem(IEnumerable<PositionComponent> boardItems, IMergingConfigurationModel mergingConfigurationModel) { }",True
0x6659414,894,0x6280B3C,659,MergeEngine.ECS.Systems,InventorySystem,public bool get_Enabled() { },True
0x6659414,894,0x6284290,659,MergeEngine.ECS.Systems,InventorySystem,public bool IsFull() { },True
0x6659414,894,0x665779C,894,MergeEngine.ECS.Systems.Board,BoardIdleHintSystem,private ReadOnlyCollection<PositionComponent> get_allBoardItems() { },True
0x6659414,894,0x66596DC,894,MergeEngine.ECS.Systems.Board,BoardIdleHintSystem,"public Tuple<IdComponent, IdComponent> GetFirstMergeableItemTuple() { }",True
0x6659414,894,0x6659818,894,MergeEngine.ECS.Systems.Board,BoardIdleHintSystem,"private void SetItemsAsHinting(IdComponent itemFrom, IdComponent itemTo) { }",True
0x6659414,894,0x6659888,894,MergeEngine.ECS.Systems.Board,BoardIdleHintSystem,private IdComponent GetOrderObjectiveItem() { },True
0x6659414,894,0x69022D4,1125,MergeEngine.ECS.Components.Board,BoardComponent,public bool get_IsFull() { },True
0x66596DC,894,0x665779C,894,MergeEngine.ECS.Systems.Board,BoardIdleHintSystem,private ReadOnlyCollection<PositionComponent> get_allBoardItems() { },True
0x66596DC,894,0x6659F54,894,MergeEngine.ECS.Systems.Board,BoardIdleHintSystem,private List<string> GetExcludedItemIds() { },True
0x66596DC,894,0x6785344,933,MergeEngine.ECS.Systems.Board,StackingSystem,public bool get_IsStackingEnabled() { },True
0x6659818,894,0x665A0F4,894,MergeEngine.ECS.Systems.Board,BoardIdleHintSystem,"private void <SetItemsAsHinting>g__SetItemAsHinting|49_0(IdComponent from, IdComponent to, bool verifySortOrder = False) { }",True
0x6659818,894,0x665A29C,894,MergeEngine.ECS.Systems.Board,BoardIdleHintSystem,"private void TrySendHintingEvent(IdComponent itemFrom, IdComponent itemTo) { }",True
0x6659888,894,0x3BED81C,1054,MergeEngine.ECS.Components.Items,ComponentBase,MergeEngine.ECS.Components.Items.ComponentBase$$GetComponent<object>,True
0x6659888,894,0x665779C,894,MergeEngine.ECS.Systems.Board,BoardIdleHintSystem,private ReadOnlyCollection<PositionComponent> get_allBoardItems() { },True
0x6659888,894,0x68FD714,1080,MergeEngine.ECS.Components.Items,LockedComponent,public bool get_AnyLock() { },True
0x6659DDC,894,0x3BED81C,1054,MergeEngine.ECS.Components.Items,ComponentBase,MergeEngine.ECS.Components.Items.ComponentBase$$GetComponent<object>,True
0x6659DDC,894,0x68FDC94,1132,MergeEngine.Data,BoardItemPosition,"public void .ctor(int col, int row) { }",True
0x6659DDC,894,0x6904F28,1132,MergeEngine.Data,BoardItemPosition,public Vector2 DirectionTo(BoardItemPosition other) { },True
0x6659DDC,894,0x6905080,1132,MergeEngine.Data,BoardItemPosition,public static BoardItemPosition BottomLeftCorner() { },True
0x665A0F4,894,0x3BED81C,1054,MergeEngine.ECS.Components.Items,ComponentBase,MergeEngine.ECS.Components.Items.ComponentBase$$GetComponent<object>,True
0x665A0F4,894,0x6904F28,1132,MergeEngine.Data,BoardItemPosition,public Vector2 DirectionTo(BoardItemPosition other) { },True
0x665A3F8,894,0x3BED81C,1054,MergeEngine.ECS.Components.Items,ComponentBase,MergeEngine.ECS.Components.Items.ComponentBase$$GetComponent<object>,True
0x665A3F8,894,0x665A740,894,MergeEngine.ECS.Systems.Board,BoardIdleHintSystem,private PositionComponent GetOriginProducerOnBoard(IMergeItem fromMergeItem) { },True
0x665A740,894,0x665AC88,894,MergeEngine.ECS.Systems.Board,BoardIdleHintSystem,private PositionComponent GetItemOnBoard(string uniqueId) { },True
0x665AAC8,894,0x3BED81C,1054,MergeEngine.ECS.Components.Items,ComponentBase,MergeEngine.ECS.Components.Items.ComponentBase$$GetComponent<object>,True
0x665AE08,894,0x3BED81C,1054,MergeEngine.ECS.Components.Items,ComponentBase,MergeEngine.ECS.Components.Items.ComponentBase$$GetComponent<object>,True
0x665AE08,894,0x6658CA8,894,MergeEngine.ECS.Systems.Board,BoardIdleHintSystem,private void FinishHinting() { },True
0x665AE08,894,0x6659818,894,MergeEngine.ECS.Systems.Board,BoardIdleHintSystem,"private void SetItemsAsHinting(IdComponent itemFrom, IdComponent itemTo) { }",True
0x665B0C8,894,0x6903280,1126,MergeEngine.ECS.Components.Board,BoardItemCountComponent,public int GetUnlockedItemsCount(IMergeItem item) { },True
0x665B26C,889,0x68FD7E8,1080,MergeEngine.ECS.Components.Items,LockedComponent,public bool get_BoxedLockedOrLockedByTutorial() { },True
0x665B404,892,0x3BED81C,1054,MergeEngine.ECS.Components.Items,ComponentBase,MergeEngine.ECS.Components.Items.ComponentBase$$GetComponent<object>,True
0x665B404,892,0x68FD714,1080,MergeEngine.ECS.Components.Items,LockedComponent,public bool get_AnyLock() { },True
0x665B5A8,896,0x3DB6C18,685,MergeEngine.ECS.Systems,SystemBase,MergeEngine.ECS.Systems.SystemBase$$GetSystem<object>,True
0x665B618,896,0x665B5A8,896,MergeEngine.ECS.Systems.Board,BoardInteractionSystem,private PowerBoostSystem get_PowerBoostSystem() { },True
0x665B634,896,0x3DB6C18,685,MergeEngine.ECS.Systems,SystemBase,MergeEngine.ECS.Systems.SystemBase$$GetSystem<object>,True
0x665B634,896,0x665B9D0,896,MergeEngine.ECS.Systems.Board,BoardInteractionSystem,private void SetupItemCombiners() { },True
0x665B9D0,896,0x3DB6C18,685,MergeEngine.ECS.Systems,SystemBase,MergeEngine.ECS.Systems.SystemBase$$GetSystem<object>,True
0x665C264,896,0x665B4D8,896,MergeEngine.ECS.Systems.Board,BoardInteractionSystem,private IBoardUIView get_BoardUIView() { },True
0x665C84C,896,0x665B618,896,MergeEngine.ECS.Systems.Board,BoardInteractionSystem,private bool get_ShouldDeselectOnOOE() { },True
0x665C96C,896,0x3C20D84,588,MergeEngine.ECS,Entity,MergeEngine.ECS.Entity$$GetComponent<object>,True
0x665C9E0,896,0x3BED81C,1054,MergeEngine.ECS.Components.Items,ComponentBase,MergeEngine.ECS.Components.Items.ComponentBase$$GetComponent<object>,True
0x665C9E0,896,0x628459C,659,MergeEngine.ECS.Systems,InventorySystem,public bool TryInsert(PositionComponent positionComponent) { },True
0x665C9E0,896,0x665C870,896,MergeEngine.ECS.Systems.Board,BoardInteractionSystem,private void DeselectItem() { },True
0x665C9E0,896,0x665CBB8,896,MergeEngine.ECS.Systems.Board,BoardInteractionSystem,private void EndDrag(BoardItemPosition atPosition) { },True
0x665C9E0,896,0x68FD83C,1080,MergeEngine.ECS.Components.Items,LockedComponent,public bool get_DragLocked() { },True
0x665C9E0,896,0x6902444,1125,MergeEngine.ECS.Components.Board,BoardComponent,public PositionComponent GetItem(BoardItemPosition position) { },True
0x665C9E0,896,0x6905080,1132,MergeEngine.Data,BoardItemPosition,public static BoardItemPosition BottomLeftCorner() { },True
0x665CC60,896,0x3BED81C,1054,MergeEngine.ECS.Components.Items,ComponentBase,MergeEngine.ECS.Components.Items.ComponentBase$$GetComponent<object>,True
0x665CC60,896,0x665D01C,896,MergeEngine.ECS.Systems.Board,BoardInteractionSystem,public SelectedBoardItem GetSelectedBoardItem(PositionComponent positionComponent) { },True
0x665CC60,896,0x665D10C,896,MergeEngine.ECS.Systems.Board,BoardInteractionSystem,private void ActOnTappedItem() { },True
0x665CC60,896,0x665D19C,896,MergeEngine.ECS.Systems.Board,BoardInteractionSystem,"private void SelectItem(SelectedBoardItem selectedBoardItem, PositionComponent tappedItem) { }",True
0x665CC60,896,0x665D394,896,MergeEngine.ECS.Systems.Board,BoardInteractionSystem,private void HandleFireLockedFloatingText(SelectedBoardItem selectedBoardItem) { },True
0x665CC60,896,0x68FBAAC,1051,MergeEngine.ECS.Components.Items,CollectableComponent,public bool get_RequiresDoubleTap() { },True
0x665CC60,896,0x68FD7E8,1080,MergeEngine.ECS.Components.Items,LockedComponent,public bool get_BoxedLockedOrLockedByTutorial() { },True
0x665CC60,896,0x68FD814,1080,MergeEngine.ECS.Components.Items,LockedComponent,public bool get_InteractionLocked() { },True
0x665CC60,896,0x6902444,1125,MergeEngine.ECS.Components.Board,BoardComponent,public PositionComponent GetItem(BoardItemPosition position) { },True
0x665D01C,896,0x6905100,1139,MergeEngine.Data,SelectedBoardItem,"public void .ctor(IMergeItem mergeItem, Entity entity) { }",True
0x665D10C,896,0x3BED81C,1054,MergeEngine.ECS.Components.Items,ComponentBase,MergeEngine.ECS.Components.Items.ComponentBase$$GetComponent<object>,True
0x665D19C,896,0x3BED81C,1054,MergeEngine.ECS.Components.Items,ComponentBase,MergeEngine.ECS.Components.Items.ComponentBase$$GetComponent<object>,True
0x665D19C,896,0x665D914,896,MergeEngine.ECS.Systems.Board,BoardInteractionSystem,"private SelectorMode GetSelectorMode(LockedComponent lockComponent, IMergeItem mergeItem) { }",True
0x665D19C,896,0x676ABD0,9342,Merger.Game.Signal,BoardItemSelectedSignal,public void .ctor(SelectedBoardItem selectedBoardItem) { },True
0x665D914,896,0x68FD714,1080,MergeEngine.ECS.Components.Items,LockedComponent,public bool get_AnyLock() { },True
0x665DA6C,896,0x665D01C,896,MergeEngine.ECS.Systems.Board,BoardInteractionSystem,public SelectedBoardItem GetSelectedBoardItem(PositionComponent positionComponent) { },True
0x665DA6C,896,0x6902444,1125,MergeEngine.ECS.Components.Board,BoardComponent,public PositionComponent GetItem(BoardItemPosition position) { },True
0x665DAC4,896,0x3BED81C,1054,MergeEngine.ECS.Components.Items,ComponentBase,MergeEngine.ECS.Components.Items.ComponentBase$$GetComponent<object>,True
0x665DAC4,896,0x665D01C,896,MergeEngine.ECS.Systems.Board,BoardInteractionSystem,public SelectedBoardItem GetSelectedBoardItem(PositionComponent positionComponent) { },True
0x665DAC4,896,0x665DA6C,896,MergeEngine.ECS.Systems.Board,BoardInteractionSystem,public void SelectItem(BoardItemPosition position) { },True
0x665DAC4,896,0x665DCBC,896,MergeEngine.ECS.Systems.Board,BoardInteractionSystem,private void ResetGuess() { },True
0x665DAC4,896,0x68FD878,1080,MergeEngine.ECS.Components.Items,LockedComponent,public bool get_StartDraggingLocked() { },True
0x665DAC4,896,0x6902444,1125,MergeEngine.ECS.Components.Board,BoardComponent,public PositionComponent GetItem(BoardItemPosition position) { },True
0x665DCBC,896,0x3BED81C,1054,MergeEngine.ECS.Components.Items,ComponentBase,MergeEngine.ECS.Components.Items.ComponentBase$$GetComponent<object>,True
0x665DCBC,896,0x6902444,1125,MergeEngine.ECS.Components.Board,BoardComponent,public PositionComponent GetItem(BoardItemPosition position) { },True
0x665DD80,896,0x665DCBC,896,MergeEngine.ECS.Systems.Board,BoardInteractionSystem,private void ResetGuess() { },True
0x665DD80,896,0x665E098,896,MergeEngine.ECS.Systems.Board,BoardInteractionSystem,private bool TryGuess(BoardItemPosition destination) { },True
0x665DD80,896,0x68FDC94,1132,MergeEngine.Data,BoardItemPosition,"public void .ctor(int col, int row) { }",True
0x665E098,896,0x5FE8460,91,MergeEngine.Util,BoardUtil,"public static bool IsInBounds(BoardItemPosition pos, BoardComponent board) { }",True
0x665E098,896,0x665E83C,896,MergeEngine.ECS.Systems.Board,BoardInteractionSystem,private void ResetInteractionAnimation() { },True
0x665E098,896,0x665F06C,896,MergeEngine.ECS.Systems.Board,BoardInteractionSystem,"private bool CanCombineItems(PositionComponent firstItem, PositionComponent secondItem, BoardItemPosition boardItemPosition) { }",True
0x665E098,896,0x68FDC94,1132,MergeEngine.Data,BoardItemPosition,"public void .ctor(int col, int row) { }",True
0x665E098,896,0x6902444,1125,MergeEngine.ECS.Components.Board,BoardComponent,public PositionComponent GetItem(BoardItemPosition position) { },True
0x665E098,896,0x6904F00,1132,MergeEngine.Data,BoardItemPosition,public bool Equals(BoardItemPosition other) { },True
0x665E198,896,0x3BED81C,1054,MergeEngine.ECS.Components.Items,ComponentBase,MergeEngine.ECS.Components.Items.ComponentBase$$GetComponent<object>,True
0x665E198,896,0x665CBB8,896,MergeEngine.ECS.Systems.Board,BoardInteractionSystem,private void EndDrag(BoardItemPosition atPosition) { },True
0x665E198,896,0x665DA6C,896,MergeEngine.ECS.Systems.Board,BoardInteractionSystem,public void SelectItem(BoardItemPosition position) { },True
0x665E198,896,0x665DCBC,896,MergeEngine.ECS.Systems.Board,BoardInteractionSystem,private void ResetGuess() { },True
0x665E198,896,0x665E784,896,MergeEngine.ECS.Systems.Board,BoardInteractionSystem,"private void SwapOrMoveBackItems(BoardItemPosition oldPosition, BoardItemPosition newPosition, bool itemAtNewPositionLocked, bool itemAtNewPositionDraggingDisabled) { }",True
0x665E198,896,0x665E7F0,896,MergeEngine.ECS.Systems.Board,BoardInteractionSystem,"private void MoveItem(BoardItemPosition oldPosition, BoardItemPosition newPosition, bool sendOperation = True) { }",True
0x665E198,896,0x665E83C,896,MergeEngine.ECS.Systems.Board,BoardInteractionSystem,private void ResetInteractionAnimation() { },True
0x665E198,896,0x68FD7E8,1080,MergeEngine.ECS.Components.Items,LockedComponent,public bool get_BoxedLockedOrLockedByTutorial() { },True
0x665E198,896,0x68FDC94,1132,MergeEngine.Data,BoardItemPosition,"public void .ctor(int col, int row) { }",True
0x665E198,896,0x6902444,1125,MergeEngine.ECS.Components.Board,BoardComponent,public PositionComponent GetItem(BoardItemPosition position) { },True
0x665E784,896,0x665E7F0,896,MergeEngine.ECS.Systems.Board,BoardInteractionSystem,"private void MoveItem(BoardItemPosition oldPosition, BoardItemPosition newPosition, bool sendOperation = True) { }",True
0x665E784,896,0x665EABC,919,MergeEngine.ECS.Systems.Board,BoardSystem,"public void SwapItems(BoardItemPosition firstItemPosition, BoardItemPosition secondItemPosition) { }",True
0x665E784,896,0x6904F00,1132,MergeEngine.Data,BoardItemPosition,public bool Equals(BoardItemPosition other) { },True
0x665E7F0,896,0x665EF68,919,MergeEngine.ECS.Systems.Board,BoardSystem,"public void MoveItem(BoardItemPosition oldPosition, BoardItemPosition newPosition, PositionComponent itemToMove) { }",True
0x665E9F0,896,0x3BED81C,1054,MergeEngine.ECS.Components.Items,ComponentBase,MergeEngine.ECS.Components.Items.ComponentBase$$GetComponent<object>,True
0x665E9F0,896,0x665C870,896,MergeEngine.ECS.Systems.Board,BoardInteractionSystem,private void DeselectItem() { },True
0x665E9F0,896,0x665CBB8,896,MergeEngine.ECS.Systems.Board,BoardInteractionSystem,private void EndDrag(BoardItemPosition atPosition) { },True
0x665E9F0,896,0x665DCBC,896,MergeEngine.ECS.Systems.Board,BoardInteractionSystem,private void ResetGuess() { },True
0x665E9F0,896,0x665E7F0,896,MergeEngine.ECS.Systems.Board,BoardInteractionSystem,"private void MoveItem(BoardItemPosition oldPosition, BoardItemPosition newPosition, bool sendOperation = True) { }",True
0x665EABC,919,0x6902444,1125,MergeEngine.ECS.Components.Board,BoardComponent,public PositionComponent GetItem(BoardItemPosition position) { },True
0x665EABC,919,0x690249C,1125,MergeEngine.ECS.Components.Board,BoardComponent,"public bool SetItem(BoardItemPosition position, PositionComponent item) { }",True
0x665EF40,919,0x665EF68,919,MergeEngine.ECS.Systems.Board,BoardSystem,"public void MoveItem(BoardItemPosition oldPosition, BoardItemPosition newPosition, PositionComponent itemToMove) { }",True
0x665EF68,919,0x690249C,1125,MergeEngine.ECS.Components.Board,BoardComponent,"public bool SetItem(BoardItemPosition position, PositionComponent item) { }",True
0x665F06C,896,0x3BED81C,1054,MergeEngine.ECS.Components.Items,ComponentBase,MergeEngine.ECS.Components.Items.ComponentBase$$GetComponent<object>,True
0x665F378,896,0x3BED81C,1054,MergeEngine.ECS.Components.Items,ComponentBase,MergeEngine.ECS.Components.Items.ComponentBase$$GetComponent<object>,True
0x665F470,895,0x3BED81C,1054,MergeEngine.ECS.Components.Items,ComponentBase,MergeEngine.ECS.Components.Items.ComponentBase$$GetComponent<object>,True
0x665F470,895,0x665E7F0,896,MergeEngine.ECS.Systems.Board,BoardInteractionSystem,"private void MoveItem(BoardItemPosition oldPosition, BoardItemPosition newPosition, bool sendOperation = True) { }",True
0x665F4F0,895,0x3BED81C,1054,MergeEngine.ECS.Components.Items,ComponentBase,MergeEngine.ECS.Components.Items.ComponentBase$$GetComponent<object>,True
0x665F4F0,895,0x665C870,896,MergeEngine.ECS.Systems.Board,BoardInteractionSystem,private void DeselectItem() { },True
0x665F4F0,895,0x665CBB8,896,MergeEngine.ECS.Systems.Board,BoardInteractionSystem,private void EndDrag(BoardItemPosition atPosition) { },True
0x665F4F0,895,0x665DA6C,896,MergeEngine.ECS.Systems.Board,BoardInteractionSystem,public void SelectItem(BoardItemPosition position) { },True
0x665F4F0,895,0x665DCBC,896,MergeEngine.ECS.Systems.Board,BoardInteractionSystem,private void ResetGuess() { },True
0x665F4F0,895,0x665E784,896,MergeEngine.ECS.Systems.Board,BoardInteractionSystem,"private void SwapOrMoveBackItems(BoardItemPosition oldPosition, BoardItemPosition newPosition, bool itemAtNewPositionLocked, bool itemAtNewPositionDraggingDisabled) { }",True
0x665F4F0,895,0x665E7F0,896,MergeEngine.ECS.Systems.Board,BoardInteractionSystem,"private void MoveItem(BoardItemPosition oldPosition, BoardItemPosition newPosition, bool sendOperation = True) { }",True
0x665F4F0,895,0x68FD7E8,1080,MergeEngine.ECS.Components.Items,LockedComponent,public bool get_BoxedLockedOrLockedByTutorial() { },True
0x665F66C,895,0x665F774,924,,IItemsCombiner.OnItemsCombined,"public void .ctor(object object, IntPtr method) { }",True
0x665F814,901,0x3DB6C18,685,MergeEngine.ECS.Systems,SystemBase,MergeEngine.ECS.Systems.SystemBase$$GetSystem<object>,True
0x665FB4C,901,0x3BED81C,1054,MergeEngine.ECS.Components.Items,ComponentBase,MergeEngine.ECS.Components.Items.ComponentBase$$GetComponent<object>,True
0x665FB4C,901,0x3DB6AC8,685,MergeEngine.ECS.Systems,SystemBase,MergeEngine.ECS.Systems.SystemBase$$GetComponents<object>,True
0x665FB4C,901,0x601EEFC,1580,GameCore.Configuration.Definitions,BaseReward,public int get_Amount() { },True
0x665FB4C,901,0x68FD714,1080,MergeEngine.ECS.Components.Items,LockedComponent,public bool get_AnyLock() { },True
0x665FB4C,901,0x6902444,1125,MergeEngine.ECS.Components.Board,BoardComponent,public PositionComponent GetItem(BoardItemPosition position) { },True
0x6660850,901,0x3BED81C,1054,MergeEngine.ECS.Components.Items,ComponentBase,MergeEngine.ECS.Components.Items.ComponentBase$$GetComponent<object>,True
0x6660850,901,0x6004718,1354,MergeEngine.Configuration.Definitions.WeakReferences.References,MergeItemWeakReference,public void .ctor(string uniqueId) { },True
0x6660850,901,0x665FB4C,901,MergeEngine.ECS.Systems.Board,BoardItemConsumerSystem,"private bool GetTaskConsumeItems(IMergeItem preferredMergeItem, Nullable<BoardItemPosition> preferredPosition, IEnumerable<ItemMultiple> itemsToConsume, out List<IdComponent> selectedItems) { }",True
0x6660850,901,0x6903448,1126,MergeEngine.ECS.Components.Board,BoardItemCountComponent,public void UpdateItemToLocked(IMergeItem mergeItem) { },True
0x6660AA4,901,0x3BED81C,1054,MergeEngine.ECS.Components.Items,ComponentBase,MergeEngine.ECS.Components.Items.ComponentBase$$GetComponent<object>,True
0x6660AA4,901,0x6004718,1354,MergeEngine.Configuration.Definitions.WeakReferences.References,MergeItemWeakReference,public void .ctor(string uniqueId) { },True
0x6660AA4,901,0x69035EC,1126,MergeEngine.ECS.Components.Board,BoardItemCountComponent,public void UpdateItemToUnlocked(IMergeItem mergeItem) { },True
0x6660CA4,901,0x6660850,901,MergeEngine.ECS.Systems.Board,BoardItemConsumerSystem,"private List<IdComponent> LockConsumeItems(IMergeItem preferredMergeItem, Nullable<BoardItemPosition> preferredBoardPosition, IEnumerable<ItemMultiple> objectiveItems) { }",True
0x6660D5C,901,0x3C20D84,588,MergeEngine.ECS,Entity,MergeEngine.ECS.Entity$$GetComponent<object>,True
0x6660E80,901,0x6905088,1132,MergeEngine.Data,BoardItemPosition,public static BoardItemPosition TopLeftCorner() { },True
0x6660FF8,901,0x3BED81C,1054,MergeEngine.ECS.Components.Items,ComponentBase,MergeEngine.ECS.Components.Items.ComponentBase$$GetComponent<object>,True
0x6660FF8,901,0x6004718,1354,MergeEngine.Configuration.Definitions.WeakReferences.References,MergeItemWeakReference,public void .ctor(string uniqueId) { },True
0x6660FF8,901,0x665FB4C,901,MergeEngine.ECS.Systems.Board,BoardItemConsumerSystem,"private bool GetTaskConsumeItems(IMergeItem preferredMergeItem, Nullable<BoardItemPosition> preferredPosition, IEnumerable<ItemMultiple> itemsToConsume, out List<IdComponent> selectedItems) { }",True
0x6660FF8,901,0x6661304,899,,BoardItemConsumerSystem.<>c__DisplayClass12_0,"internal void <ConsumeMultipleItems>g__ConsumeItem|0(IMergeItem item, PositionComponent positionComponent, IdComponent matchingIdComponent, float durationMultiplier) { }",True
0x6661880,897,0x3BED81C,1054,MergeEngine.ECS.Components.Items,ComponentBase,MergeEngine.ECS.Components.Items.ComponentBase$$GetComponent<object>,True
0x6661880,897,0x68FD714,1080,MergeEngine.ECS.Components.Items,LockedComponent,public bool get_AnyLock() { },True
0x666250C,907,0x3DB68FC,685,MergeEngine.ECS.Systems,SystemBase,MergeEngine.ECS.Systems.SystemBase$$GetComponent<object>,True
0x666250C,907,0x3DB6C18,685,MergeEngine.ECS.Systems,SystemBase,MergeEngine.ECS.Systems.SystemBase$$GetSystem<object>,True
0x6662AFC,907,0x3C20D84,588,MergeEngine.ECS,Entity,MergeEngine.ECS.Entity$$GetComponent<object>,True
0x6662AFC,907,0x6662CD0,907,MergeEngine.ECS.Systems.Board,BoardQueueSystem,"private QueuedItem EnqueueItemInBoardQueueComponent(BoardItemPosition sourcePosition, IMergeItem mergeItem, Entity entity, BoardQueueOrder boardQueueOrder, ResourceSource source, bool slideBoardItemToQueue) { }",True
0x6662AFC,907,0x67CC9A0,9877,Merger.Services.Backend.Sync.Data.Payloads.Board,BoosterData,public void .ctor() { },True
0x6662CD0,907,0x5FF390C,226,MergeEngine.Signal.Items,ItemQueuedSignal,"public void .ctor(IItem item, Vector2 position, bool animate, ItemQueuedAnalytics analyticsObject, IRewardViewData rewardItemMultiple, bool slideBoardItemToQueue, Func<GameObject> getPrefabInstance, Func<FlyingIconView, InstantiateAndSlideIconsAnimationSettings, Tween> overrideTween, bool activateQueueAfterAnimation = False, InstantiateAndSlideIconsAnimationSettings animationSettings) { }",True
0x6662CD0,907,0x667D0EC,8495,Merger.Game.Data,QueuedItem,"public void .ctor(IItem item, long enqueueTimestamp, BoardQueueOrder boardQueueOrder, string uuidInBoardQueue, Entity entityData, string boosterUuid, string reason) { }",True
0x6662CD0,907,0x68AAF28,10428,Framework.Core.View,ViewComponent,public RectTransform get_RectTransform() { },True
0x6662CD0,907,0x69040B8,1128,MergeEngine.ECS.Components.Board,BoardQueueComponent,public void Enqueue(QueuedItem queuedItem) { },True
0x6662FF8,907,0x6663350,907,MergeEngine.ECS.Systems.Board,BoardQueueSystem,"private QueuedItem EnqueueBoosterItemInBoardQueueComponent(BoardItemPosition sourcePosition, IMergeItem mergeItem, Entity entity, BoardQueueOrder boardQueueOrder, ResourceSource source, bool slideBoardItemToQueue, string boosterUuid) { }",True
0x6662FF8,907,0x67CC9A0,9877,Merger.Services.Backend.Sync.Data.Payloads.Board,BoosterData,public void .ctor() { },True
0x6663350,907,0x5FF390C,226,MergeEngine.Signal.Items,ItemQueuedSignal,"public void .ctor(IItem item, Vector2 position, bool animate, ItemQueuedAnalytics analyticsObject, IRewardViewData rewardItemMultiple, bool slideBoardItemToQueue, Func<GameObject> getPrefabInstance, Func<FlyingIconView, InstantiateAndSlideIconsAnimationSettings, Tween> overrideTween, bool activateQueueAfterAnimation = False, InstantiateAndSlideIconsAnimationSettings animationSettings) { }",True
0x6663350,907,0x667D0EC,8495,Merger.Game.Data,QueuedItem,"public void .ctor(IItem item, long enqueueTimestamp, BoardQueueOrder boardQueueOrder, string uuidInBoardQueue, Entity entityData, string boosterUuid, string reason) { }",True
0x6663350,907,0x68AAF28,10428,Framework.Core.View,ViewComponent,public RectTransform get_RectTransform() { },True
0x6663350,907,0x69040B8,1128,MergeEngine.ECS.Components.Board,BoardQueueComponent,public void Enqueue(QueuedItem queuedItem) { },True
0x666367C,907,0x6662CD0,907,MergeEngine.ECS.Systems.Board,BoardQueueSystem,"private QueuedItem EnqueueItemInBoardQueueComponent(BoardItemPosition sourcePosition, IMergeItem mergeItem, Entity entity, BoardQueueOrder boardQueueOrder, ResourceSource source, bool slideBoardItemToQueue) { }",True
0x66637B4,907,0x6663838,907,MergeEngine.ECS.Systems.Board,BoardQueueSystem,private bool TryDequeueBooster(Vector2 queuePositionInRoot) { },True
0x66637B4,907,0x66639E4,907,MergeEngine.ECS.Systems.Board,BoardQueueSystem,"private bool TryDequeueItem(Vector2 queuePositionInRoot, Vector2 worldPosition) { }",True
0x66637B4,907,0x69037D8,1128,MergeEngine.ECS.Components.Board,BoardQueueComponent,public int get_Count() { },True
0x6663838,907,0x6904354,1128,MergeEngine.ECS.Components.Board,BoardQueueComponent,public QueuedItem Peek() { },True
0x66639E4,907,0x6663C0C,907,MergeEngine.ECS.Systems.Board,BoardQueueSystem,"public bool TryDequeueItem(QueuedItem queuedItem, Vector2 positionInRoot, bool showBoardFullText, out BoardItemPosition boardItemPosition, string targetOrderId, bool useFlyingRewardsAnimation = False, ResourceSource source = 0, bool withoutSlide = False) { }",True
0x66639E4,907,0x6904354,1128,MergeEngine.ECS.Components.Board,BoardQueueComponent,public QueuedItem Peek() { },True
0x6663C0C,907,0x3C20D84,588,MergeEngine.ECS,Entity,MergeEngine.ECS.Entity$$GetComponent<object>,True
0x6663C0C,907,0x6663DE8,907,MergeEngine.ECS.Systems.Board,BoardQueueSystem,"private Entity CreateItemOnBoard(IMergeItem mergeItem, Vector2 queuePositionInRoot, QueuedItem queuedItem, IBoosterItem booster, string boosterUuid, string reasonStr, string targetOrderId, bool useFlyingRewardsAnimation = False, ResourceSource source = 0, bool withoutSlide = False) { }",True
0x6663C0C,907,0x6664320,907,MergeEngine.ECS.Systems.Board,BoardQueueSystem,"private void TrackItemDequeueOperation(IMergeItem dequeuedItem, Entity dequeuedEntity, string dequeuedItemUUIDInQueue, IMergeItem createdItem, Entity createdEntity) { }",True
0x6663C0C,907,0x68FDC94,1132,MergeEngine.Data,BoardItemPosition,"public void .ctor(int col, int row) { }",True
0x6663C0C,907,0x69022D4,1125,MergeEngine.ECS.Components.Board,BoardComponent,public bool get_IsFull() { },True
0x6663DE8,907,0x3C203E4,588,MergeEngine.ECS,Entity,MergeEngine.ECS.Entity$$AddComponent<object>,True
0x6663DE8,907,0x3C20D84,588,MergeEngine.ECS,Entity,MergeEngine.ECS.Entity$$GetComponent<object>,True
0x6663DE8,907,0x5FF37C0,223,MergeEngine.Signal.Items,ItemDequeuedSignal,"public void .ctor(IMergeItem item, int level, IBoosterItem boosterItem, string boosterUuid) { }",True
0x6663DE8,907,0x6664880,919,MergeEngine.ECS.Systems.Board,BoardSystem,public BoardItemPosition GetRandomAvailablePosition() { },True
0x6663DE8,907,0x666498C,907,MergeEngine.ECS.Systems.Board,BoardQueueSystem,"private Entity GetQueuedItemEntity(BoardItemPosition position, IMergeItem mergeItem, QueuedItem queuedItem) { }",True
0x6663DE8,907,0x6664B04,907,MergeEngine.ECS.Systems.Board,BoardQueueSystem,"private void SlideBoosterFromQueue(Vector2 queuePositionInRoot, BoardItemPosition position, BoosterType boosterType) { }",True
0x6663DE8,907,0x6664E18,907,MergeEngine.ECS.Systems.Board,BoardQueueSystem,"private void SlideItemFromQueue(Vector2 position, BoardItemPosition boardPosition, bool useFlyingRewardsAnimation = False, ResourceSource source = 0) { }",True
0x66644F4,907,0x6663C0C,907,MergeEngine.ECS.Systems.Board,BoardQueueSystem,"public bool TryDequeueItem(QueuedItem queuedItem, Vector2 positionInRoot, bool showBoardFullText, out BoardItemPosition boardItemPosition, string targetOrderId, bool useFlyingRewardsAnimation = False, ResourceSource source = 0, bool withoutSlide = False) { }",True
0x66644F4,907,0x690429C,1128,MergeEngine.ECS.Components.Board,BoardQueueComponent,public bool RemoveElement(QueuedItem itemToRemove) { },True
0x66644F4,907,0x69048B4,1128,MergeEngine.ECS.Components.Board,BoardQueueComponent,public List<QueuedItem> ToList() { },True
0x6664880,919,0x6902324,1125,MergeEngine.ECS.Components.Board,BoardComponent,public ReadOnlyCollection<BoardItemPosition> get_EmptyPositions() { },True
0x666498C,907,0x3C20D84,588,MergeEngine.ECS,Entity,MergeEngine.ECS.Entity$$GetComponent<object>,True
0x666498C,907,0x6913BC8,1186,MergeEngine.Configuration,MergeItemInstanceConfiguration,"public static MergeItemInstanceConfiguration CreateBoardConfiguration(BoardItemPosition position, Nullable<ItemOrigin> itemOrigin, LockedCapability lockedCapability, string uuid) { }",True
0x6664B04,907,0x6905088,1132,MergeEngine.Data,BoardItemPosition,public static BoardItemPosition TopLeftCorner() { },True
0x6664E18,907,0x6905088,1132,MergeEngine.Data,BoardItemPosition,public static BoardItemPosition TopLeftCorner() { },True
0x6664FF4,907,0x3C20D84,588,MergeEngine.ECS,Entity,MergeEngine.ECS.Entity$$GetComponent<object>,True
0x6664FF4,907,0x5FF37C0,223,MergeEngine.Signal.Items,ItemDequeuedSignal,"public void .ctor(IMergeItem item, int level, IBoosterItem boosterItem, string boosterUuid) { }",True
0x6664FF4,907,0x65BC1E8,7735,Merger.Boosters.Systems,BoosterBoardSystem,"public void TryLinkBoosterWithMergeItem(IBoosterItem booster, string boosterUuId, Entity boardItemEntity) { }",True
0x6664FF4,907,0x6663DE8,907,MergeEngine.ECS.Systems.Board,BoardQueueSystem,"private Entity CreateItemOnBoard(IMergeItem mergeItem, Vector2 queuePositionInRoot, QueuedItem queuedItem, IBoosterItem booster, string boosterUuid, string reasonStr, string targetOrderId, bool useFlyingRewardsAnimation = False, ResourceSource source = 0, bool withoutSlide = False) { }",True
0x6664FF4,907,0x66658BC,907,MergeEngine.ECS.Systems.Board,BoardQueueSystem,"public void TrackBoosterDequeueOperation(IBoosterItem dequeuedBooster, string dequeuedBoosterUUIDInQueue, IMergeItem createdItem, Entity createdEntity, string boosterUuid) { }",True
0x6664FF4,907,0x67B94A0,9785,Merger.Services.Backend.WebSocket,OperationTrackingSystem,"public void TrackChangeStateOperation(ItemNotificationData itemData, ExtraData extraData) { }",True
0x6664FF4,907,0x68FDC94,1132,MergeEngine.Data,BoardItemPosition,"public void .ctor(int col, int row) { }",True
0x6664FF4,907,0x69022D4,1125,MergeEngine.ECS.Components.Board,BoardComponent,public bool get_IsFull() { },True
0x66658BC,907,0x3D3FD8C,9785,Merger.Services.Backend.WebSocket,OperationTrackingSystem,Merger.Services.Backend.WebSocket.OperationTrackingSystem$$TrackDequeueItemOperation<object>,True
0x66658BC,907,0x69048B4,1128,MergeEngine.ECS.Components.Board,BoardQueueComponent,public List<QueuedItem> ToList() { },True
0x6665CE4,907,0x6662CD0,907,MergeEngine.ECS.Systems.Board,BoardQueueSystem,"private QueuedItem EnqueueItemInBoardQueueComponent(BoardItemPosition sourcePosition, IMergeItem mergeItem, Entity entity, BoardQueueOrder boardQueueOrder, ResourceSource source, bool slideBoardItemToQueue) { }",True
0x6665E20,907,0x5FF390C,226,MergeEngine.Signal.Items,ItemQueuedSignal,"public void .ctor(IItem item, Vector2 position, bool animate, ItemQueuedAnalytics analyticsObject, IRewardViewData rewardItemMultiple, bool slideBoardItemToQueue, Func<GameObject> getPrefabInstance, Func<FlyingIconView, InstantiateAndSlideIconsAnimationSettings, Tween> overrideTween, bool activateQueueAfterAnimation = False, InstantiateAndSlideIconsAnimationSettings animationSettings) { }",True
0x6666E38,908,0x614CB20,3000,Merger.Rewards.Constants,RewardTypesConstants,public static IRewardType GetRewardType(PlayerResourceEnum resourceEnum) { },True
0x6666E38,908,0x6667118,908,MergeEngine.ECS.Systems.Board,ResourcesRefillingStateSystem,"private void UpdateResourceRefill(IRewardType rewardType, BoardResourceRefill refillState) { }",True
0x66672DC,909,0x64EB774,843,MergeEngine.ECS.Systems.Player,ResourcesSystem,"public void SetResource(PlayerResourceEnum resourceType, int value, bool delayDisplay, ResourceSource source) { }",True
0x66675F0,919,0x6902324,1125,MergeEngine.ECS.Components.Board,BoardComponent,public ReadOnlyCollection<BoardItemPosition> get_EmptyPositions() { },True
0x66677AC,919,0x3BED81C,1054,MergeEngine.ECS.Components.Items,ComponentBase,MergeEngine.ECS.Components.Items.ComponentBase$$GetComponent<object>,True
0x66677AC,919,0x66676D4,919,MergeEngine.ECS.Systems.Board,BoardSystem,private ReadOnlyCollection<PositionComponent> get_BoardItems() { },True
0x6667AF8,919,0x3DB6AC8,685,MergeEngine.ECS.Systems,SystemBase,MergeEngine.ECS.Systems.SystemBase$$GetComponents<object>,True
0x6667AF8,919,0x6667EB8,919,MergeEngine.ECS.Systems.Board,BoardSystem,private void CreateBoard() { },True
0x6667AF8,919,0x666805C,919,MergeEngine.ECS.Systems.Board,BoardSystem,private void AddItem(PositionComponent positionComponent) { },True
0x6667EB8,919,0x63A6C88,685,MergeEngine.ECS.Systems,SystemBase,protected bool get_HasStoredSession() { },True
0x666805C,919,0x3BED81C,1054,MergeEngine.ECS.Components.Items,ComponentBase,MergeEngine.ECS.Components.Items.ComponentBase$$GetComponent<object>,True
0x666805C,919,0x5FF3728,221,MergeEngine.Signal.Items,ItemAppearedSignal,"public void .ctor(IMergeItem mergeItem, Entity entity) { }",True
0x666805C,919,0x6669F80,919,MergeEngine.ECS.Systems.Board,BoardSystem,"private int GetProduceCost(bool isBoostable, InteractionComponent interactionComponent) { }",True
0x666805C,919,0x690249C,1125,MergeEngine.ECS.Components.Board,BoardComponent,"public bool SetItem(BoardItemPosition position, PositionComponent item) { }",True
0x6668448,919,0x63A6CC4,685,MergeEngine.ECS.Systems,SystemBase,protected void add_AllSystemsInitialized(Action value) { },True
0x6668918,919,0x3BED81C,1054,MergeEngine.ECS.Components.Items,ComponentBase,MergeEngine.ECS.Components.Items.ComponentBase$$GetComponent<object>,True
0x6668918,919,0x3DB6AC8,685,MergeEngine.ECS.Systems,SystemBase,MergeEngine.ECS.Systems.SystemBase$$GetComponents<object>,True
0x6668918,919,0x6669F80,919,MergeEngine.ECS.Systems.Board,BoardSystem,"private int GetProduceCost(bool isBoostable, InteractionComponent interactionComponent) { }",True
0x6668C48,919,0x3DB6AC8,685,MergeEngine.ECS.Systems,SystemBase,MergeEngine.ECS.Systems.SystemBase$$GetComponents<object>,True
0x6668C48,919,0x6668F84,919,MergeEngine.ECS.Systems.Board,BoardSystem,public void MoveDuplicatePositionedItemsToItemQueue(IEnumerable<PositionComponent> duplicatePositionedItems) { },True
0x6668C48,919,0x66698A0,919,MergeEngine.ECS.Systems.Board,BoardSystem,private void TryDispatchBoardIsFull() { },True
0x6668F84,919,0x690249C,1125,MergeEngine.ECS.Components.Board,BoardComponent,"public bool SetItem(BoardItemPosition position, PositionComponent item) { }",True
0x66698A0,919,0x69022D4,1125,MergeEngine.ECS.Components.Board,BoardComponent,public bool get_IsFull() { },True
0x6669A94,919,0x68FDC94,1132,MergeEngine.Data,BoardItemPosition,"public void .ctor(int col, int row) { }",True
0x6669B24,919,0x3DB6AC8,685,MergeEngine.ECS.Systems,SystemBase,MergeEngine.ECS.Systems.SystemBase$$GetComponents<object>,True
0x6669C6C,919,0x6902324,1125,MergeEngine.ECS.Components.Board,BoardComponent,public ReadOnlyCollection<BoardItemPosition> get_EmptyPositions() { },True
0x6669E54,919,0x3C20D84,588,MergeEngine.ECS,Entity,MergeEngine.ECS.Entity$$GetComponent<object>,True
0x6669E54,919,0x666805C,919,MergeEngine.ECS.Systems.Board,BoardSystem,private void AddItem(PositionComponent positionComponent) { },True
0x6669E54,919,0x676A95C,9337,Merger.Game.Signal,BoardEntityCreatedOnAnotherEntitySignal,public void .ctor() { },True
0x6669E54,919,0x6902324,1125,MergeEngine.ECS.Components.Board,BoardComponent,public ReadOnlyCollection<BoardItemPosition> get_EmptyPositions() { },True
0x6669F68,919,0x666805C,919,MergeEngine.ECS.Systems.Board,BoardSystem,private void AddItem(PositionComponent positionComponent) { },True
0x6669FE4,919,0x68FC474,1063,MergeEngine.ECS.Components.Items,IdComponent,public string get_Uuid() { },True
0x6669FE4,919,0x6902908,1126,MergeEngine.ECS.Components.Board,BoardItemCountComponent,"public void AddItem(IMergeItem mergeItem, LockedComponent lockedComponent) { }",True
0x6669FE4,919,0x6904FE0,1132,MergeEngine.Data,BoardItemPosition,public override string ToString() { },True
0x666A520,919,0x3BED81C,1054,MergeEngine.ECS.Components.Items,ComponentBase,MergeEngine.ECS.Components.Items.ComponentBase$$GetComponent<object>,True
0x666A520,919,0x676AC30,9349,Merger.Game.Signal,BoardTileDoubleEmptiedSignal,public void .ctor() { },True
0x666A520,919,0x68FCF84,1070,MergeEngine.ECS.Components.Items,InteractionComponent,public void AddCostConsumedCallback(Action callback) { },True
0x666A520,919,0x690249C,1125,MergeEngine.ECS.Components.Board,BoardComponent,"public bool SetItem(BoardItemPosition position, PositionComponent item) { }",True
0x666A520,919,0x6902DC8,1126,MergeEngine.ECS.Components.Board,BoardItemCountComponent,"public void RemoveItem(IMergeItem mergeItem, LockedComponent lockedComponent) { }",True
0x666A900,919,0x3C203E4,588,MergeEngine.ECS,Entity,MergeEngine.ECS.Entity$$AddComponent<object>,True
0x666A900,919,0x3C20D84,588,MergeEngine.ECS,Entity,MergeEngine.ECS.Entity$$GetComponent<object>,True
0x666A900,919,0x676E218,9484,Merger.Game.Signal.Combinations,BeforeEntityRemovedSignal,public void .ctor(Entity entity) { },True
0x666AB4C,919,0x6902524,1125,MergeEngine.ECS.Components.Board,BoardComponent,"public List<BoardItemPosition> GetAdjacentPositions(BoardItemPosition position, bool includeDiagonal) { }",True
0x666AEE4,919,0x6902444,1125,MergeEngine.ECS.Components.Board,BoardComponent,public PositionComponent GetItem(BoardItemPosition position) { },True
0x666AF0C,919,0x666AF24,919,MergeEngine.ECS.Systems.Board,BoardSystem,public PositionComponent GetUnlockedItemById(string uniqueId) { },True
0x666AF24,919,0x3DB6AC8,685,MergeEngine.ECS.Systems,SystemBase,MergeEngine.ECS.Systems.SystemBase$$GetComponents<object>,True
0x666B038,919,0x3BED81C,1054,MergeEngine.ECS.Components.Items,ComponentBase,MergeEngine.ECS.Components.Items.ComponentBase$$GetComponent<object>,True
0x666B038,919,0x3DB6AC8,685,MergeEngine.ECS.Systems,SystemBase,MergeEngine.ECS.Systems.SystemBase$$GetComponents<object>,True
0x666B038,919,0x68FD714,1080,MergeEngine.ECS.Components.Items,LockedComponent,public bool get_AnyLock() { },True
0x666B5B0,919,0x3DB6AC8,685,MergeEngine.ECS.Systems,SystemBase,MergeEngine.ECS.Systems.SystemBase$$GetComponents<object>,True
0x666B988,910,0x3BED81C,1054,MergeEngine.ECS.Components.Items,ComponentBase,MergeEngine.ECS.Components.Items.ComponentBase$$GetComponent<object>,True
0x666B9E4,910,0x3BED81C,1054,MergeEngine.ECS.Components.Items,ComponentBase,MergeEngine.ECS.Components.Items.ComponentBase$$GetComponent<object>,True
0x666BA4C,910,0x3BED81C,1054,MergeEngine.ECS.Components.Items,ComponentBase,MergeEngine.ECS.Components.Items.ComponentBase$$GetComponent<object>,True
0x666BC30,914,0x666B7B4,919,MergeEngine.ECS.Systems.Board,BoardSystem,"private void <CreateBoardDistanceLookup>g__InsertDistanceToDictionary|49_3(BoardItemPosition firstPosition, BoardItemPosition secondPosition, ref BoardSystem.<>c__DisplayClass49_1 ) { }",True
0x666BC30,914,0x6904EDC,1132,MergeEngine.Data,BoardItemPosition,public float DistanceTo(BoardItemPosition other) { },True
0x666BE64,918,0x3BED81C,1054,MergeEngine.ECS.Components.Items,ComponentBase,MergeEngine.ECS.Components.Items.ComponentBase$$GetComponent<object>,True
0x666BE64,918,0x68FD714,1080,MergeEngine.ECS.Components.Items,LockedComponent,public bool get_AnyLock() { },True
0x666BF9C,922,0x3DB6AC8,685,MergeEngine.ECS.Systems,SystemBase,MergeEngine.ECS.Systems.SystemBase$$GetComponents<object>,True
0x666BF9C,922,0x63A6D6C,685,MergeEngine.ECS.Systems,SystemBase,protected void remove_AllSystemsInitialized(Action value) { },True
0x666C0C0,922,0x3C20D84,588,MergeEngine.ECS,Entity,MergeEngine.ECS.Entity$$GetComponent<object>,True
0x666C128,922,0x3BED81C,1054,MergeEngine.ECS.Components.Items,ComponentBase,MergeEngine.ECS.Components.Items.ComponentBase$$GetComponent<object>,True
0x666C128,922,0x68FB86C,1049,MergeEngine.ECS.Components.Items,ChargableComponent,public RemoteSpriteLocation get_CurrentStateSprite() { },True
0x666C2B8,922,0x3BED81C,1054,MergeEngine.ECS.Components.Items,ComponentBase,MergeEngine.ECS.Components.Items.ComponentBase$$GetComponent<object>,True
0x666C2B8,922,0x627F73C,648,MergeEngine.ECS.Systems,InteractionSystem,"public bool TryConsumeInteractionCost(InteractionComponent interactionComponent, bool notifyPlayer = True, OperationContext context, CombiningComponent combiningComponent) { }",True
0x666C2B8,922,0x68FCF84,1070,MergeEngine.ECS.Components.Items,InteractionComponent,public void AddCostConsumedCallback(Action callback) { },True
0x666C440,922,0x69004F0,1111,MergeEngine.ECS.Components.InteractionTracking,ChargableTrackingData,public void .ctor() { },True
0x666C6B0,920,0x3BED81C,1054,MergeEngine.ECS.Components.Items,ComponentBase,MergeEngine.ECS.Components.Items.ComponentBase$$GetComponent<object>,True
0x666C7E0,923,0x666CABC,923,MergeEngine.ECS.Systems.Board,GenericTokensStateSystem,"public void UpdateRefillData(IRewardType rewardType, RewardRefillData rewardRefillData) { }",True
0x666CABC,923,0x666C728,923,MergeEngine.ECS.Systems.Board,GenericTokensStateSystem,private ResourceReplenishmentSystem get_ResourceReplenishmentSystem() { },True
0x666CD78,926,0x5FF36D8,220,MergeEngine.Signal.Items,InteractionTrackingSignal,public void .ctor(InteractionTrackingData interactionTrackingData) { },True
0x666CD78,926,0x690067C,1115,MergeEngine.ECS.Components.InteractionTracking,InteractionTrackingComponent,"public bool PrepareData(Func<int, IMergeItem, int> getProduceCost) { }",True
0x666D1C8,929,0x69026C4,1126,MergeEngine.ECS.Components.Board,BoardItemCountComponent,public void add_ItemChanged(Action<IMergeItem> value) { },True
0x666D28C,929,0x6902774,1126,MergeEngine.ECS.Components.Board,BoardItemCountComponent,public void remove_ItemChanged(Action<IMergeItem> value) { },True
0x666D350,929,0x68F81B4,1016,MergeEngine.ECS.Components,InventoryItemCountComponent,public int GetItemInInventoryCount(IMergeItem mergeItem) { },True
0x666D350,929,0x6903280,1126,MergeEngine.ECS.Components.Board,BoardItemCountComponent,public int GetUnlockedItemsCount(IMergeItem item) { },True
0x666D8B8,930,0x3DB6C18,685,MergeEngine.ECS.Systems,SystemBase,MergeEngine.ECS.Systems.SystemBase$$GetSystem<object>,True
0x666D9B0,930,0x3BED81C,1054,MergeEngine.ECS.Components.Items,ComponentBase,MergeEngine.ECS.Components.Items.ComponentBase$$GetComponent<object>,True
0x666DA34,930,0x626EFD0,597,MergeEngine.ECS.Util,BoardItemUtil,"public static bool CanMergeAnyItemOnly(MergeComponent firstMerge, MergeComponent secondMerge, IMergingConfigurationModel _mergingConfigurationModel) { }",True
0x666DA34,930,0x666FD20,930,MergeEngine.ECS.Systems.Board,MergeSystem,"private bool CanMergeSame(MergeComponent item1, MergeComponent item2) { }",True
0x666DA34,930,0x666FE64,930,MergeEngine.ECS.Systems.Board,MergeSystem,"private bool ItemsNotMergeLocked(MergeComponent item1, MergeComponent item2) { }",True
0x666DA34,930,0x666FEF8,930,MergeEngine.ECS.Systems.Board,MergeSystem,"private bool ItemsNotMeteorLocked(MergeComponent item1, MergeComponent item2) { }",True
0x666DAE0,930,0x3BED81C,1054,MergeEngine.ECS.Components.Items,ComponentBase,MergeEngine.ECS.Components.Items.ComponentBase$$GetComponent<object>,True
0x666DAE0,930,0x666DA34,930,MergeEngine.ECS.Systems.Board,MergeSystem,"public bool CanMerge(MergeComponent item1, MergeComponent item2) { }",True
0x666DAE0,930,0x666DBEC,930,MergeEngine.ECS.Systems.Board,MergeSystem,"private bool ShouldVerifyMerge(PositionComponent firstItem, PositionComponent secondItem) { }",True
0x666DAE0,930,0x666DDD0,930,MergeEngine.ECS.Systems.Board,MergeSystem,"private void VerifyMerge(PositionComponent firstItem, PositionComponent secondItem) { }",True
0x666DBEC,930,0x6A1D910,1226,MergeEngine.Configuration.Orders.Difficulty,MergeItemUtils,public static bool IsJokerItem(IMergeItem mergeItem) { },True
0x666DDD0,930,0x3BED81C,1054,MergeEngine.ECS.Components.Items,ComponentBase,MergeEngine.ECS.Components.Items.ComponentBase$$GetComponent<object>,True
0x666DDD0,930,0x666E0EC,930,MergeEngine.ECS.Systems.Board,MergeSystem,"private IMergeItem GetResultItem(MergeComponent firstMergeItem, MergeComponent secondMergeItem) { }",True
0x666DDD0,930,0x676D1D8,9460,Merger.Game.Signal,VerifyBoardMergeSignal,"public void .ctor(MergeCheckItemType mergeCheckType, PositionComponent firstItem, PositionComponent secondItem, IItem checkInitiatingItem, IItem mergeItem, IItem resultItem, Action<BoardItemPosition, BoardItemPosition> confirmMergeAction, Action declineMergeAction) { }",True
0x666E020,930,0x3BED81C,1054,MergeEngine.ECS.Components.Items,ComponentBase,MergeEngine.ECS.Components.Items.ComponentBase$$GetComponent<object>,True
0x666E020,930,0x666E1A8,930,MergeEngine.ECS.Systems.Board,MergeSystem,"public bool TryMergeItems(MergeComponent firstItem, MergeComponent secondItem, BoardItemPosition newPosition) { }",True
0x666E0EC,930,0x6670014,930,MergeEngine.ECS.Systems.Board,MergeSystem,"private IMergeItem GetAnyItemOnlyResult(MergeComponent firstItem, MergeComponent secondItem) { }",True
0x666E0EC,930,0x6670128,930,MergeEngine.ECS.Systems.Board,MergeSystem,"private IMergeItem GetSameItemResult(MergeComponent firstItem, MergeComponent secondItem) { }",True
0x666E140,930,0x6902444,1125,MergeEngine.ECS.Components.Board,BoardComponent,public PositionComponent GetItem(BoardItemPosition position) { },True
0x666E1A8,930,0x666E0EC,930,MergeEngine.ECS.Systems.Board,MergeSystem,"private IMergeItem GetResultItem(MergeComponent firstMergeItem, MergeComponent secondMergeItem) { }",True
0x666E1A8,930,0x666E208,930,MergeEngine.ECS.Systems.Board,MergeSystem,"private void Merge(MergeComponent firstItem, MergeComponent secondItem, BoardItemPosition newPosition, IMergeItem newItem, bool isSpecificMerge = False) { }",True
0x666E208,930,0x3BED81C,1054,MergeEngine.ECS.Components.Items,ComponentBase,MergeEngine.ECS.Components.Items.ComponentBase$$GetComponent<object>,True
0x666E208,930,0x3C20D84,588,MergeEngine.ECS,Entity,MergeEngine.ECS.Entity$$GetComponent<object>,True
0x666E208,930,0x3D21A0C,930,MergeEngine.ECS.Systems.Board,MergeSystem,MergeEngine.ECS.Systems.Board.MergeSystem$$HandleMergeItemCapacity<object>,True
0x666E208,930,0x3D40BB4,9785,Merger.Services.Backend.WebSocket,OperationTrackingSystem,Merger.Services.Backend.WebSocket.OperationTrackingSystem$$TrackMergeOperation<object>,True
0x666E208,930,0x6585520,7490,Merger.Bubbles.ECS.Systems,BubbledItemSystem,"public bool TryDropBubble(PositionComponent newItem, out Entity bubbledEntity) { }",True
0x666E208,930,0x66675F0,919,MergeEngine.ECS.Systems.Board,BoardSystem,public int get_NumEmptyPositions() { },True
0x666E208,930,0x666F61C,930,MergeEngine.ECS.Systems.Board,MergeSystem,"private ValueTuple<bool, ItemNotificationData, ItemNotificationData> HandleStackingJokers(MergeComponent firstItem, IMergeItem firstMergeItem, MergeComponent secondItem, IMergeItem secondMergeItem, ref BoardItemPosition boardItemPosition) { }",True
0x666E208,930,0x666F98C,930,MergeEngine.ECS.Systems.Board,MergeSystem,"private IMergeItem TrySpawnConsumable(PositionComponent mergedItemPosition, out Entity consumableEntity) { }",True
0x666E208,930,0x666FAC4,930,MergeEngine.ECS.Systems.Board,MergeSystem,"private void UpdateItemTimestamps(MergeComponent firstItem, MergeComponent secondItem, Entity mergedItemEntity) { }",True
0x666E208,930,0x676BA84,9382,Merger.Game.Signal,ItemsMergedSignal,"public void .ctor(IMergeItem item, IMergeItem secondMergeItem, IMergeItem createdItem, IMergeItem spawnedResource, bool wasBubbleCreated, bool anyItemLocked, int level, int freeTiles, string actionId, BoardItemPosition createdItemPosition) { }",True
0x666E208,930,0x676C378,9416,Merger.Game.Signal,ProducerUpgradedSignal,"public void .ctor(IMergeItem item, IMergeItem secondMergeItem, IMergeItem createdItem, IMergeItem spawnedResource, bool wasBubbleCreated, bool anyItemLocked, int level, int freeTiles) { }",True
0x666E208,930,0x6913BC8,1186,MergeEngine.Configuration,MergeItemInstanceConfiguration,"public static MergeItemInstanceConfiguration CreateBoardConfiguration(BoardItemPosition position, Nullable<ItemOrigin> itemOrigin, LockedCapability lockedCapability, string uuid) { }",True
0x666F61C,930,0x3BED81C,1054,MergeEngine.ECS.Components.Items,ComponentBase,MergeEngine.ECS.Components.Items.ComponentBase$$GetComponent<object>,True
0x666F61C,930,0x68FDEC8,1089,MergeEngine.ECS.Components.Items,StackingComponent,public void DecrementStackSize(int amount = 1) { },True
0x666F61C,930,0x68FDED4,1089,MergeEngine.ECS.Components.Items,StackingComponent,public bool get_IsStacking() { },True
0x666F61C,930,0x6A1D910,1226,MergeEngine.Configuration.Orders.Difficulty,MergeItemUtils,public static bool IsJokerItem(IMergeItem mergeItem) { },True
0x666F98C,930,0x666FBF0,930,MergeEngine.ECS.Systems.Board,MergeSystem,private void HandleFireMergedFloatingText(BoardItemPosition position) { },True
0x666F98C,930,0x678C6E4,954,MergeEngine.ECS.Systems.Items,ConsumableDropSystem,"public IMergeItem TrySpawnConsumableFor(Entity entity, out Entity consumableEntity) { }",True
0x666FAC4,930,0x3BED81C,1054,MergeEngine.ECS.Components.Items,ComponentBase,MergeEngine.ECS.Components.Items.ComponentBase$$GetComponent<object>,True
0x666FAC4,930,0x3C20D84,588,MergeEngine.ECS,Entity,MergeEngine.ECS.Entity$$GetComponent<object>,True
0x666FD20,930,0x3BED81C,1054,MergeEngine.ECS.Components.Items,ComponentBase,MergeEngine.ECS.Components.Items.ComponentBase$$GetComponent<object>,True
0x666FE64,930,0x3BED81C,1054,MergeEngine.ECS.Components.Items,ComponentBase,MergeEngine.ECS.Components.Items.ComponentBase$$GetComponent<object>,True
0x666FE64,930,0x68FD7AC,1080,MergeEngine.ECS.Components.Items,LockedComponent,public bool get_AnyMergePreventingLock() { },True
0x666FEF8,930,0x3BED81C,1054,MergeEngine.ECS.Components.Items,ComponentBase,MergeEngine.ECS.Components.Items.ComponentBase$$GetComponent<object>,True
0x666FEF8,930,0x6A1D910,1226,MergeEngine.Configuration.Orders.Difficulty,MergeItemUtils,public static bool IsJokerItem(IMergeItem mergeItem) { },True
0x666FEF8,930,0x6A1D9C4,1226,MergeEngine.Configuration.Orders.Difficulty,MergeItemUtils,public static bool IsSplitterItem(IMergeItem mergeItem) { },True
0x6670014,930,0x3BED81C,1054,MergeEngine.ECS.Components.Items,ComponentBase,MergeEngine.ECS.Components.Items.ComponentBase$$GetComponent<object>,True
0x6670014,930,0x626EFD0,597,MergeEngine.ECS.Util,BoardItemUtil,"public static bool CanMergeAnyItemOnly(MergeComponent firstMerge, MergeComponent secondMerge, IMergingConfigurationModel _mergingConfigurationModel) { }",True
0x6670128,930,0x3BED81C,1054,MergeEngine.ECS.Components.Items,ComponentBase,MergeEngine.ECS.Components.Items.ComponentBase$$GetComponent<object>,True
0x6670248,930,0x3BED81C,1054,MergeEngine.ECS.Components.Items,ComponentBase,MergeEngine.ECS.Components.Items.ComponentBase$$GetComponent<object>,True
0x6670248,930,0x626F334,597,MergeEngine.ECS.Util,BoardItemUtil,"public static bool CanMergeSpecificItem(MergeComponent firstMerge, MergeComponent secondMerge, IMergingConfigurationModel _mergingConfigurationModel) { }",True
0x66703FC,8402,0x6670758,8402,Merger.Game.Model,BoardQueueExclusionModel,private bool TryNotify(bool hasChanged) { },True
0x66707C8,8402,0x6670758,8402,Merger.Game.Model,BoardQueueExclusionModel,private bool TryNotify(bool hasChanged) { },True
0x6671AEC,8407,0x6904354,1128,MergeEngine.ECS.Components.Board,BoardQueueComponent,public QueuedItem Peek() { },True
0x667353C,8418,0x667345C,8418,Merger.Game.Model,ImmediateToolsModel,private ImmediateToolsSystem get_ImmediateToolsSystem() { },True
0x6673558,8418,0x667345C,8418,Merger.Game.Model,ImmediateToolsModel,private ImmediateToolsSystem get_ImmediateToolsSystem() { },True
0x667357C,8418,0x667345C,8418,Merger.Game.Model,ImmediateToolsModel,private ImmediateToolsSystem get_ImmediateToolsSystem() { },True
0x667357C,8418,0x67A1AD0,1002,MergeEngine.ECS.Systems.Items.ImmidateToolsSystem,ImmediateToolsSystem,public bool IsTool(IMergeItem mergeItem) { },True
0x66736C8,8418,0x667345C,8418,Merger.Game.Model,ImmediateToolsModel,private ImmediateToolsSystem get_ImmediateToolsSystem() { },True
0x66736C8,8418,0x67A1AD0,1002,MergeEngine.ECS.Systems.Items.ImmidateToolsSystem,ImmediateToolsSystem,public bool IsTool(IMergeItem mergeItem) { },True
0x6687994,8549,0x66877D4,8549,Merger.Game.Command,SellSelectedItemCommand,private BoardSystem get_BoardSystem() { },True
0x6687A70,8549,0x5FF3A28,228,MergeEngine.Signal.Items,ItemSoldSignal,"public void .ctor(IMergeItem item, int level, Reward reward) { }",True
0x6687A70,8549,0x5FF4274,255,MergeEngine.Signal.Board,ConsumeBoardItemSignal,"public void .ctor(Entity entity, Vector2 targetPosition, Action completeCallback, IMergeItem itemToConsume, BoardItemPosition positionOfItemToConsume) { }",True
0x6687A70,8549,0x614CB20,3000,Merger.Rewards.Constants,RewardTypesConstants,public static IRewardType GetRewardType(PlayerResourceEnum resourceEnum) { },True
0x6687A70,8549,0x66878B4,8549,Merger.Game.Command,SellSelectedItemCommand,private OperationTrackingSystem get_OperationTrackingSystem() { },True
0x6687A70,8549,0x668825C,8549,Merger.Game.Command,SellSelectedItemCommand,private Reward GetRewardForSelling(SellCapability sellCapability) { },True
0x6687A70,8549,0x67B9770,9785,Merger.Services.Backend.WebSocket,OperationTrackingSystem,public void TrackSellItemOperation(ItemNotificationData itemData) { },True
0x668825C,8549,0x6A21870,1314,MergeEngine.Configuration.Definitions,ResourceMultiple,"public void .ctor(PlayerResourceEnum resource, int amount, bool shouldBeHidden = False) { }",True
0x668825C,8549,0x6A24C88,1325,MergeEngine.Configuration.Definitions,Reward,"public void .ctor(IEnumerable<IRewardViewData> originalOrderRewards, List<ConditionalRewardMultiple> conditionals) { }",True
0x66883C0,8549,0x5FF3AC0,230,MergeEngine.Signal.Items,ItemUndoCompleteSignal,public void .ctor(Entity item) { },True
0x66883C0,8549,0x5FF4A04,264,MergeEngine.Signal.Board,EnqueueUndoSellItemSignal,"public void .ctor(IMergeItem mergeItem, Entity entity, BoardItemPosition sourcePosition, BoardQueueOrder boardQueueOrder, ResourceSource source, bool slideBoardItemToQueue = False) { }",True
0x66883C0,8549,0x6659DC0,919,MergeEngine.ECS.Systems.Board,BoardSystem,public bool get_IsFull() { },True
0x66883C0,8549,0x66877D4,8549,Merger.Game.Command,SellSelectedItemCommand,private BoardSystem get_BoardSystem() { },True
0x66883C0,8549,0x66878B4,8549,Merger.Game.Command,SellSelectedItemCommand,private OperationTrackingSystem get_OperationTrackingSystem() { },True
0x66883C0,8549,0x6687994,8549,Merger.Game.Command,SellSelectedItemCommand,private IBoardView get_BoardView() { },True
0x66883C0,8549,0x668883C,8549,Merger.Game.Command,SellSelectedItemCommand,private bool ConsumeItemsPrice(IMergeItem item) { },True
0x66883C0,8549,0x6688B08,8549,Merger.Game.Command,SellSelectedItemCommand,private BoardItemPosition GetAvailablePositionForItem(Entity entity) { },True
0x66883C0,8549,0x6799060,981,MergeEngine.ECS.Systems.Items,UndoDataBase,"public void PrepareItemForUndo(BoardItemPosition position, Entity entity) { }",True
0x66883C0,8549,0x67B985C,9785,Merger.Services.Backend.WebSocket,OperationTrackingSystem,public void TrackUndoSellOperation(ItemNotificationData itemData) { },True
0x66883C0,8549,0x68FDC94,1132,MergeEngine.Data,BoardItemPosition,"public void .ctor(int col, int row) { }",True
0x66883C0,8549,0x6905088,1132,MergeEngine.Data,BoardItemPosition,public static BoardItemPosition TopLeftCorner() { },True
0x668883C,8549,0x614CB20,3000,Merger.Rewards.Constants,RewardTypesConstants,public static IRewardType GetRewardType(PlayerResourceEnum resourceEnum) { },True
0x6688B08,8549,0x3C20D84,588,MergeEngine.ECS,Entity,MergeEngine.ECS.Entity$$GetComponent<object>,True
0x6688B08,8549,0x666AEE4,919,MergeEngine.ECS.Systems.Board,BoardSystem,public bool IsPositionEmpty(BoardItemPosition position) { },True
0x6688B08,8549,0x66877D4,8549,Merger.Game.Command,SellSelectedItemCommand,private BoardSystem get_BoardSystem() { },True
0x6688CB8,8548,0x6798AB0,978,MergeEngine.ECS.Systems.Items,UndoSell,"public void .ctor(UndoSellData data, Action<UndoSellData> performUndoCallback) { }",True
0x6688CB8,8548,0x6798FE8,979,MergeEngine.ECS.Systems.Items,UndoSellData,"public void .ctor(Entity entity, IMergeItem mergeItem) { }",True
0x6688CB8,8548,0x6799030,980,MergeEngine.ECS.Systems.Items,SetUndoOperationSignal,public void .ctor(IUndoOperation operation) { },True
0x668E96C,8571,0x668E714,8571,Merger.Game.Views,BoardItemViewBase,protected ILockedComponent get_LockedComponent() { },True
0x668EA18,8571,0x668E714,8571,Merger.Game.Views,BoardItemViewBase,protected ILockedComponent get_LockedComponent() { },True
0x668EACC,8571,0x68AAF28,10428,Framework.Core.View,ViewComponent,public RectTransform get_RectTransform() { },True
0x668F1E0,8575,0x5269B3C,8590,Merger.Game.Views,GameViewBase<TViewModel>,Merger.Game.Views.GameViewBase<object>$$get_HasGameStarted,True
0x668F1E0,8575,0x6623D10,8274,Merger.Game.ViewModel,BoardUIViewModel,public BindableProperty<bool> get_ShowInventoryNotifications() { },True
0x668F1E0,8575,0x6625F74,8279,Merger.Game.ViewModel,GameBaseViewModel,public BindableProperty<GameState> get_CurrentGameState() { },True
0x668F1E0,8575,0x6626160,8279,Merger.Game.ViewModel,GameBaseViewModel,public BindableProperty<CurrentBoardType> get_BoardType() { },True
0x668F434,8575,0x3BC74C4,10424,Framework.Core,Base,Framework.Core.Base$$UnsubscribeFromSignal<object>,True
0x668F434,8575,0x6625F74,8279,Merger.Game.ViewModel,GameBaseViewModel,public BindableProperty<GameState> get_CurrentGameState() { },True
0x668F434,8575,0x6626160,8279,Merger.Game.ViewModel,GameBaseViewModel,public BindableProperty<CurrentBoardType> get_BoardType() { },True
0x668F760,8575,0x6623D10,8274,Merger.Game.ViewModel,BoardUIViewModel,public BindableProperty<bool> get_ShowInventoryNotifications() { },True
0x668F864,8575,0x5269B3C,8590,Merger.Game.Views,GameViewBase<TViewModel>,Merger.Game.Views.GameViewBase<object>$$get_HasGameStarted,True
0x668F864,8575,0x668F8E8,8575,Merger.Game.Views,BoardUIView,private void CheckShowMetaButtonTutorial() { },True
0x668F8E8,8575,0x6623D34,8274,Merger.Game.ViewModel,BoardUIViewModel,public bool CheckShowMetaTutorial() { },True
0x668FBE4,8575,0x6112F0C,2860,Merger.Rewards.ViewModels,RewardAnimationTargetViewModel,public bool IsRewardTarget(RewardAnimationTarget rewardAnimationTarget) { },True
0x66907D8,8587,0x6690818,8587,Merger.Game.Views,BoardView,"private Dictionary<string, BehaviourPrefabData> GetCombinedBehaviourConfig() { }",True
0x6690818,8587,0x6625148,8275,Merger.Game.ViewModel,BoardViewModel,"public IReadOnlyDictionary<string, BehaviourPrefabData> GetBehaviourDataByType() { }",True
0x6690D34,8587,0x66242C4,8275,Merger.Game.ViewModel,BoardViewModel,public GameObject get_BoardItemView2Prefab() { },True
0x66910D8,8587,0x3BC70A8,10424,Framework.Core,Base,Framework.Core.Base$$SubscribeToSignal<object>,True
0x66910D8,8587,0x5269B94,8590,Merger.Game.Views,GameViewBase<TViewModel>,Merger.Game.Views.GameViewBase<object>$$Awake,True
0x66910D8,8587,0x66245F0,8275,Merger.Game.ViewModel,BoardViewModel,public void RegisterView(IBoardView boardView) { },True
0x66910D8,8587,0x66246B0,8275,Merger.Game.ViewModel,BoardViewModel,public void SubscribeToCurrentBoardTypeChanged(Action<CurrentBoardType> listener) { },True
0x6691220,8587,0x662452C,8275,Merger.Game.ViewModel,BoardViewModel,public bool get_IsMainBoard() { },True
0x6691220,8587,0x6691290,8587,Merger.Game.Views,BoardView,private void ApplyCoreBoardVariant() { },True
0x6691290,8587,0x6624488,8275,Merger.Game.ViewModel,BoardViewModel,public bool get_IsNewCoreBoardBackgroundAndBlockersEnabled() { },True
0x669138C,8587,0x6624488,8275,Merger.Game.ViewModel,BoardViewModel,public bool get_IsNewCoreBoardBackgroundAndBlockersEnabled() { },True
0x669151C,8587,0x6624368,8275,Merger.Game.ViewModel,BoardViewModel,public GameObject get_InitializablePool() { },True
0x669151C,8587,0x694BC78,11215,Framework.Core.MVVM.ViewModel,ViewModelBase,"public GameObject InstantiateInjected(GameObject original, Transform parent, bool worldPositionStays = False) { }",True
0x66915CC,8587,0x46544B8,117,MergeEngine.Util,TwoDArray<T>,MergeEngine.Util.TwoDArray<object>$$GetItem,True
0x66915CC,8587,0x68AAF28,10428,Framework.Core.View,ViewComponent,public RectTransform get_RectTransform() { },True
0x6691830,8587,0x66F2458,8862,Merger.Game.Views.Popups.Data,MergeCheckPopupPayload,"public void .ctor(MergeCheckItemType mergeCheckType, BoardItemPosition firstItem, BoardItemPosition secondItem, Action<BoardItemPosition, BoardItemPosition> successAction, IItem checkInitiatingItem, IItem mergeItem, IItem firstResultItem, IItem secondResultItem, Action failAction) { }",True
0x669194C,8587,0x6691A78,8587,Merger.Game.Views,BoardView,"private RectTransform GetFloatingTextTargetTransform(FloatingTextType floatingTextType, BoardItemPosition boardItemPosition) { }",True
0x6691A78,8587,0x46544B8,117,MergeEngine.Util,TwoDArray<T>,MergeEngine.Util.TwoDArray<object>$$GetItem,True
0x6691A78,8587,0x68AAF28,10428,Framework.Core.View,ViewComponent,public RectTransform get_RectTransform() { },True
0x6691B14,8587,0x46544B8,117,MergeEngine.Util,TwoDArray<T>,MergeEngine.Util.TwoDArray<object>$$GetItem,True
0x6691B14,8587,0x68AAF28,10428,Framework.Core.View,ViewComponent,public RectTransform get_RectTransform() { },True
0x6691C28,8587,0x3BC6BD4,10424,Framework.Core,Base,Framework.Core.Base$$FireSignal<object>,True
0x6691C28,8587,0x3BC70A8,10424,Framework.Core,Base,Framework.Core.Base$$SubscribeToSignal<object>,True
0x6691C28,8587,0x3BC7104,10424,Framework.Core,Base,Framework.Core.Base$$SubscribeToSignal<object>,True
0x6691C28,8587,0x3BC7220,10424,Framework.Core,Base,Framework.Core.Base$$TryFireSignal<object>,True
0x6691C28,8587,0x66240EC,8275,Merger.Game.ViewModel,BoardViewModel,public void add_SelectedItemSold(Action value) { },True
0x6691C28,8587,0x6690F38,8587,Merger.Game.Views,BoardView,private void RecalculateCellSizes() { },True
0x6691C28,8587,0x6692070,8587,Merger.Game.Views,BoardView,public void HideSelector() { },True
0x6691C28,8587,0x66920B4,8587,Merger.Game.Views,BoardView,private void InitPowerBoostBanner() { },True
0x6691C28,8587,0x676AC28,9348,Merger.Game.Signal,BoardLoadingFinished,public void .ctor() { },True
0x66922A0,8587,0x6624224,8275,Merger.Game.ViewModel,BoardViewModel,public bool get_IsLiveMergingHudLayoutRefreshEnabled() { },True
0x6692490,8587,0x66969C4,8587,Merger.Game.Views,BoardView,public IBoardItemView GetItemAtPosition(BoardItemPosition position) { },True
0x6692490,8587,0x694B560,11215,Framework.Core.MVVM.ViewModel,ViewModelBase,"public IPromise<GameObject> InstantiatePrefab(IAsset assetDefinition, Transform parent, DiContainer container) { }",True
0x6692880,8587,0x3BC70A8,10424,Framework.Core,Base,Framework.Core.Base$$SubscribeToSignal<object>,True
0x6692880,8587,0x3BC7104,10424,Framework.Core,Base,Framework.Core.Base$$SubscribeToSignal<object>,True
0x6692880,8587,0x676AC40,9350,Merger.Game.Signal,BoardVisibilityChangedSignal,public void .ctor(bool visible) { },True
0x6692C60,8587,0x3BC74C4,10424,Framework.Core,Base,Framework.Core.Base$$UnsubscribeFromSignal<object>,True
0x6692C60,8587,0x3BC7514,10424,Framework.Core,Base,Framework.Core.Base$$UnsubscribeFromSignal<object>,True
0x6692C60,8587,0x676AC40,9350,Merger.Game.Signal,BoardVisibilityChangedSignal,public void .ctor(bool visible) { },True
0x6692FC0,8587,0x3BC74C4,10424,Framework.Core,Base,Framework.Core.Base$$UnsubscribeFromSignal<object>,True
0x6692FC0,8587,0x6624188,8275,Merger.Game.ViewModel,BoardViewModel,public void remove_SelectedItemSold(Action value) { },True
0x6692FC0,8587,0x6624E60,8275,Merger.Game.ViewModel,BoardViewModel,public void UnregisterView(IBoardView boardView) { },True
0x6692FC0,8587,0x66932BC,8587,Merger.Game.Views,BoardView,private void UnsubscribeFromBoardContainerDimensionsChange() { },True
0x6693434,8587,0x4653F70,117,MergeEngine.Util,TwoDArray<T>,MergeEngine.Util.TwoDArray<object>$$.ctor,True
0x6693434,8587,0x465450C,117,MergeEngine.Util,TwoDArray<T>,MergeEngine.Util.TwoDArray<object>$$SetItem,True
0x6693434,8587,0x6690F38,8587,Merger.Game.Views,BoardView,private void RecalculateCellSizes() { },True
0x6693434,8587,0x6693860,8587,Merger.Game.Views,BoardView,private void SetContainerAspectRatio() { },True
0x6693434,8587,0x6693930,8587,Merger.Game.Views,BoardView,public void InitializeBehaviourPools() { },True
0x6693434,8587,0x68FDC94,1132,MergeEngine.Data,BoardItemPosition,"public void .ctor(int col, int row) { }",True
0x6693434,8587,0x694B560,11215,Framework.Core.MVVM.ViewModel,ViewModelBase,"public IPromise<GameObject> InstantiatePrefab(IAsset assetDefinition, Transform parent, DiContainer container) { }",True
0x6693930,8587,0x66250A8,8275,Merger.Game.ViewModel,BoardViewModel,"public IReadOnlyDictionary<BehaviourPrefabData, InstantiationType> GetBehaviourInstantiationTypeByData() { }",True
0x6693930,8587,0x669151C,8587,Merger.Game.Views,BoardView,"private PrefabObjectPool CreatePrefabObjectPool(GeneralObjectPoolData objectPoolData, Transform poolHolder) { }",True
0x6693D9C,8587,0x3BC6BD4,10424,Framework.Core,Base,Framework.Core.Base$$FireSignal<object>,True
0x6693D9C,8587,0x6624224,8275,Merger.Game.ViewModel,BoardViewModel,public bool get_IsLiveMergingHudLayoutRefreshEnabled() { },True
0x6693D9C,8587,0x6690F38,8587,Merger.Game.Views,BoardView,private void RecalculateCellSizes() { },True
0x6693FC0,8587,0x6624FF0,8275,Merger.Game.ViewModel,BoardViewModel,"public void AttachBehaviours(Entity entity, BoardItemView2 boardItemView2) { }",True
0x6693FC0,8587,0x66907D8,8587,Merger.Game.Views,BoardView,"private Dictionary<string, BehaviourPrefabData> get_CombinedBehaviourConfig() { }",True
0x6693FC0,8587,0x6690D34,8587,Merger.Game.Views,BoardView,private PrefabObjectPool GetSharedBoardItemPool() { },True
0x66941A4,8587,0x46544B8,117,MergeEngine.Util,TwoDArray<T>,MergeEngine.Util.TwoDArray<object>$$GetItem,True
0x66941A4,8587,0x6693FC0,8587,Merger.Game.Views,BoardView,"public IBoardItemView CreateItem(VisualComponent visualComponent, Transform container) { }",True
0x66941A4,8587,0x6694268,8587,Merger.Game.Views,BoardView,"private void ToggleSpriteLoaded(IBoardItemView item, bool loadSprite) { }",True
0x66941A4,8587,0x6694330,8587,Merger.Game.Views,BoardView,"private void AddToBoard(BoardItemPosition position, IBoardItemView boardItemView, bool transitionIn) { }",True
0x6694330,8587,0x46544B8,117,MergeEngine.Util,TwoDArray<T>,MergeEngine.Util.TwoDArray<object>$$GetItem,True
0x6694330,8587,0x465450C,117,MergeEngine.Util,TwoDArray<T>,MergeEngine.Util.TwoDArray<object>$$SetItem,True
0x66953EC,8587,0x46544B8,117,MergeEngine.Util,TwoDArray<T>,MergeEngine.Util.TwoDArray<object>$$GetItem,True
0x66953EC,8587,0x68AAF28,10428,Framework.Core.View,ViewComponent,public RectTransform get_RectTransform() { },True
0x669565C,8587,0x6695670,8587,Merger.Game.Views,BoardView,private IBoardItemView GetItemView(BoardItemPosition itemAtPosition) { },True
0x6695778,8587,0x6695670,8587,Merger.Game.Views,BoardView,private IBoardItemView GetItemView(BoardItemPosition itemAtPosition) { },True
0x6695BC8,8587,0x46544B8,117,MergeEngine.Util,TwoDArray<T>,MergeEngine.Util.TwoDArray<object>$$GetItem,True
0x6695BC8,8587,0x465450C,117,MergeEngine.Util,TwoDArray<T>,MergeEngine.Util.TwoDArray<object>$$SetItem,True
0x6695BC8,8587,0x6690D34,8587,Merger.Game.Views,BoardView,private PrefabObjectPool GetSharedBoardItemPool() { },True
0x6695BC8,8587,0x6692070,8587,Merger.Game.Views,BoardView,public void HideSelector() { },True
0x6695BC8,8587,0x66969C4,8587,Merger.Game.Views,BoardView,public IBoardItemView GetItemAtPosition(BoardItemPosition position) { },True
0x6696A1C,8587,0x6692070,8587,Merger.Game.Views,BoardView,public void HideSelector() { },True
0x6696A1C,8587,0x6695670,8587,Merger.Game.Views,BoardView,private IBoardItemView GetItemView(BoardItemPosition itemAtPosition) { },True
0x6696A1C,8587,0x6696B2C,8587,Merger.Game.Views,BoardView,"public bool MoveItemToTopContainer(BoardItemPosition itemAtPosition, bool overrideSorting, bool setSecondLastSiblingIndex = False) { }",True
0x6696B2C,8587,0x6695670,8587,Merger.Game.Views,BoardView,private IBoardItemView GetItemView(BoardItemPosition itemAtPosition) { },True
0x6696DD4,8587,0x46544B8,117,MergeEngine.Util,TwoDArray<T>,MergeEngine.Util.TwoDArray<object>$$GetItem,True
0x6696DD4,8587,0x6695670,8587,Merger.Game.Views,BoardView,private IBoardItemView GetItemView(BoardItemPosition itemAtPosition) { },True
0x669715C,8587,0x66969C4,8587,Merger.Game.Views,BoardView,public IBoardItemView GetItemAtPosition(BoardItemPosition position) { },True
0x669715C,8587,0x66971C4,8587,Merger.Game.Views,BoardView,"public void SlideItem(BoardItemPosition itemAtPosition, BoardItemPosition toPosition, float tweenDuration, Ease ease = 7) { }",True
0x669715C,8587,0x6697430,8587,Merger.Game.Views,BoardView,"private void SetItem(BoardItemPosition position, IBoardItemView boardItemView) { }",True
0x66971C4,8587,0x46544B8,117,MergeEngine.Util,TwoDArray<T>,MergeEngine.Util.TwoDArray<object>$$GetItem,True
0x66971C4,8587,0x6697934,8587,Merger.Game.Views,BoardView,private Vector2 GetBoardCellPositionInBoardContainer(RectTransform boardCell) { },True
0x66971C4,8587,0x6697994,8587,Merger.Game.Views,BoardView,"private IBoardItemView PrepareItemToSlide(BoardItemPosition position, RectTransform container) { }",True
0x66971C4,8587,0x6697BB0,8587,Merger.Game.Views,BoardView,"public TweenerCore<Vector2, Vector2, VectorOptions> SlideGameObject(RectTransform objectToSlide, Vector2 pointToRoot, float tweenDuration, Ease ease = 7) { }",True
0x6697430,8587,0x46544B8,117,MergeEngine.Util,TwoDArray<T>,MergeEngine.Util.TwoDArray<object>$$GetItem,True
0x6697430,8587,0x465450C,117,MergeEngine.Util,TwoDArray<T>,MergeEngine.Util.TwoDArray<object>$$SetItem,True
0x66975D0,8587,0x66969C4,8587,Merger.Game.Views,BoardView,public IBoardItemView GetItemAtPosition(BoardItemPosition position) { },True
0x66975D0,8587,0x66971C4,8587,Merger.Game.Views,BoardView,"public void SlideItem(BoardItemPosition itemAtPosition, BoardItemPosition toPosition, float tweenDuration, Ease ease = 7) { }",True
0x66975D0,8587,0x6697430,8587,Merger.Game.Views,BoardView,"private void SetItem(BoardItemPosition position, IBoardItemView boardItemView) { }",True
0x669766C,8587,0x46544B8,117,MergeEngine.Util,TwoDArray<T>,MergeEngine.Util.TwoDArray<object>$$GetItem,True
0x669766C,8587,0x669785C,8587,Merger.Game.Views,BoardView,"private void Jump(IBoardItemView itemToSlide, float tweenDuration) { }",True
0x669766C,8587,0x6697934,8587,Merger.Game.Views,BoardView,private Vector2 GetBoardCellPositionInBoardContainer(RectTransform boardCell) { },True
0x669766C,8587,0x68AAF28,10428,Framework.Core.View,ViewComponent,public RectTransform get_RectTransform() { },True
0x6697994,8587,0x46544B8,117,MergeEngine.Util,TwoDArray<T>,MergeEngine.Util.TwoDArray<object>$$GetItem,True
0x6697C3C,8587,0x6697994,8587,Merger.Game.Views,BoardView,"private IBoardItemView PrepareItemToSlide(BoardItemPosition position, RectTransform container) { }",True
0x6697C3C,8587,0x6697BB0,8587,Merger.Game.Views,BoardView,"public TweenerCore<Vector2, Vector2, VectorOptions> SlideGameObject(RectTransform objectToSlide, Vector2 pointToRoot, float tweenDuration, Ease ease = 7) { }",True
0x6697E3C,8587,0x6697994,8587,Merger.Game.Views,BoardView,"private IBoardItemView PrepareItemToSlide(BoardItemPosition position, RectTransform container) { }",True
0x6697E3C,8587,0x6697BB0,8587,Merger.Game.Views,BoardView,"public TweenerCore<Vector2, Vector2, VectorOptions> SlideGameObject(RectTransform objectToSlide, Vector2 pointToRoot, float tweenDuration, Ease ease = 7) { }",True
0x66980A4,8587,0x3BC6BD4,10424,Framework.Core,Base,Framework.Core.Base$$FireSignal<object>,True
0x66980A4,8587,0x46544B8,117,MergeEngine.Util,TwoDArray<T>,MergeEngine.Util.TwoDArray<object>$$GetItem,True
0x66980A4,8587,0x601FC10,1591,GameCore.Configuration.Definitions,RewardAmount,public static RewardAmount op_Implicit(int amount) { },True
0x66980A4,8587,0x6698558,8587,Merger.Game.Views,BoardView,"public void BoardItemFlyInAnimationStarted(IBoardItemView itemToSlide, IRewardViewData rewardData) { }",True
0x66980A4,8587,0x6A29E04,1306,MergeEngine.Configuration.Definitions,ItemMultiple,"public void .ctor(string itemId, RewardAmount rewardAmount) { }",True
0x6698558,8587,0x66956C8,8587,Merger.Game.Views,BoardView,private void HideItem(IBoardItemView itemView) { },True
0x6698704,8587,0x6697994,8587,Merger.Game.Views,BoardView,"private IBoardItemView PrepareItemToSlide(BoardItemPosition position, RectTransform container) { }",True
0x6698704,8587,0x669894C,8587,Merger.Game.Views,BoardView,"public Sequence SlideBoosterObject(RectTransform objectToSlide, Vector2 pointToRoot, float tweenDuration, float jumpPower, Ease ease = 7) { }",True
0x6698A14,8587,0x46544B8,117,MergeEngine.Util,TwoDArray<T>,MergeEngine.Util.TwoDArray<object>$$GetItem,True
0x6698A14,8587,0x68AAF28,10428,Framework.Core.View,ViewComponent,public RectTransform get_RectTransform() { },True
0x6698B28,8587,0x46544B8,117,MergeEngine.Util,TwoDArray<T>,MergeEngine.Util.TwoDArray<object>$$GetItem,True
0x6698B28,8587,0x68AAF28,10428,Framework.Core.View,ViewComponent,public RectTransform get_RectTransform() { },True
0x6698BA4,8587,0x6692070,8587,Merger.Game.Views,BoardView,public void HideSelector() { },True
0x6698C64,8587,0x46544B8,117,MergeEngine.Util,TwoDArray<T>,MergeEngine.Util.TwoDArray<object>$$GetItem,True
0x6698E90,8587,0x3BC6BD4,10424,Framework.Core,Base,Framework.Core.Base$$FireSignal<object>,True
0x6698E90,8587,0x662440C,8275,Merger.Game.ViewModel,BoardViewModel,public PowerBoostMultiModesConfig get_CurrentPowerBoostConfig() { },True
0x6699288,8587,0x6624AE8,8275,Merger.Game.ViewModel,BoardViewModel,public void TryStartTutorial() { },True
0x6699288,8587,0x6625ED4,8279,Merger.Game.ViewModel,GameBaseViewModel,public BindableProperty<bool> get_Started() { },True
0x669930C,8587,0x6624D98,8275,Merger.Game.ViewModel,BoardViewModel,public void ChangeGameStateToOther() { },True
0x6699BCC,8578,0x6690D34,8587,Merger.Game.Views,BoardView,private PrefabObjectPool GetSharedBoardItemPool() { },True
0x6699E8C,8579,0x3BC6BD4,10424,Framework.Core,Base,Framework.Core.Base$$FireSignal<object>,True
0x6699E8C,8579,0x676CAB4,9441,Merger.Game.Signal,SlideItemInCompletedSignal,public void .ctor(BoardItemPosition position) { },True
0x669A130,8580,0x6690D34,8587,Merger.Game.Views,BoardView,private PrefabObjectPool GetSharedBoardItemPool() { },True
0x669A240,8581,0x46544B8,117,MergeEngine.Util,TwoDArray<T>,MergeEngine.Util.TwoDArray<object>$$GetItem,True
0x669A420,8582,0x46544B8,117,MergeEngine.Util,TwoDArray<T>,MergeEngine.Util.TwoDArray<object>$$GetItem,True
0x669A8DC,8585,0x669578C,8587,Merger.Game.Views,BoardView,private void ShowItem(IBoardItemView itemView) { },True
0x669AA70,8586,0x3BC6B28,10424,Framework.Core,Base,Framework.Core.Base$$FireSignal<object>,True
0x669AA70,8586,0x6625ED4,8279,Merger.Game.ViewModel,GameBaseViewModel,public BindableProperty<bool> get_Started() { },True
0x6707430,8930,0x671A290,9040,Merger.Game.Views.Components,MergeItemView,public virtual void set_MergeItem(IMergeItem value) { },True
0x6707618,8931,0x662AC88,8288,Merger.Game.ViewModel,InventoryItemsViewModel,public int get_NumSlots() { },True
0x67076B0,8931,0x3BC70A8,10424,Framework.Core,Base,Framework.Core.Base$$SubscribeToSignal<object>,True
0x67076B0,8931,0x6707898,8931,Merger.Game.Views.Inventory,InventoryItemsView,private void ShowInventory() { },True
0x6707898,8931,0x6707A70,8931,Merger.Game.Views.Inventory,InventoryItemsView,private void ClearInventory() { },True
0x6707898,8931,0x6707EA0,8931,Merger.Game.Views.Inventory,InventoryItemsView,private void RepopulateInventory() { },True
0x67078B8,8931,0x3BC74C4,10424,Framework.Core,Base,Framework.Core.Base$$UnsubscribeFromSignal<object>,True
0x67078B8,8931,0x6707A70,8931,Merger.Game.Views.Inventory,InventoryItemsView,private void ClearInventory() { },True
0x6707A70,8931,0x68AAF28,10428,Framework.Core.View,ViewComponent,public RectTransform get_RectTransform() { },True
0x6707EA0,8931,0x662AC88,8288,Merger.Game.ViewModel,InventoryItemsViewModel,public int get_NumSlots() { },True
0x6707EA0,8931,0x662B038,8288,Merger.Game.ViewModel,InventoryItemsViewModel,public IMergeItem GetItem(int slotIndex) { },True
0x6707EA0,8931,0x662B0E8,8288,Merger.Game.ViewModel,InventoryItemsViewModel,public string GetItemUUID(int slotIndex) { },True
0x6707EA0,8931,0x662B710,8288,Merger.Game.ViewModel,InventoryItemsViewModel,"public AssetReferenceT<Sprite> GetItemAsset(int slotIndex, InventorySlotType type) { }",True
0x6707EA0,8931,0x6707170,8930,Merger.Game.Views.Inventory,InventoryItemSlotView,public void add_TryRemove(Action<int> value) { },True
0x6707EA0,8931,0x67072D0,8930,Merger.Game.Views.Inventory,InventoryItemSlotView,"public void add_InfoRequested(Action<IMergeItem, string> value) { }",True
0x6707EA0,8931,0x67074A4,8930,Merger.Game.Views.Inventory,InventoryItemSlotView,public void set_Asset(AssetReferenceT<Sprite> value) { },True
0x6707EA0,8931,0x68AAF28,10428,Framework.Core.View,ViewComponent,public RectTransform get_RectTransform() { },True
0x6707EA0,8931,0x694BC78,11215,Framework.Core.MVVM.ViewModel,ViewModelBase,"public GameObject InstantiateInjected(GameObject original, Transform parent, bool worldPositionStays = False) { }",True
0x670810C,8931,0x662AC88,8288,Merger.Game.ViewModel,InventoryItemsViewModel,public int get_NumSlots() { },True
0x670810C,8931,0x662AD2C,8288,Merger.Game.ViewModel,InventoryItemsViewModel,public int get_NextSlotPrice() { },True
0x670810C,8931,0x662ADD0,8288,Merger.Game.ViewModel,InventoryItemsViewModel,public int get_MaxSlots() { },True
0x670810C,8931,0x662AE74,8288,Merger.Game.ViewModel,InventoryItemsViewModel,public PlayerResourceEnum get_SlotPurchaseResource() { },True
0x670810C,8931,0x68AAF28,10428,Framework.Core.View,ViewComponent,public RectTransform get_RectTransform() { },True
0x670810C,8931,0x694BC78,11215,Framework.Core.MVVM.ViewModel,ViewModelBase,"public GameObject InstantiateInjected(GameObject original, Transform parent, bool worldPositionStays = False) { }",True
0x6708504,8931,0x662B198,8288,Merger.Game.ViewModel,InventoryItemsViewModel,public IPromise TryBuyInventorySlot() { },True
0x67089F4,8931,0x662AC88,8288,Merger.Game.ViewModel,InventoryItemsViewModel,public int get_NumSlots() { },True
0x67089F4,8931,0x662B038,8288,Merger.Game.ViewModel,InventoryItemsViewModel,public IMergeItem GetItem(int slotIndex) { },True
0x67089F4,8931,0x662B0E8,8288,Merger.Game.ViewModel,InventoryItemsViewModel,public string GetItemUUID(int slotIndex) { },True
0x67089F4,8931,0x662B710,8288,Merger.Game.ViewModel,InventoryItemsViewModel,"public AssetReferenceT<Sprite> GetItemAsset(int slotIndex, InventorySlotType type) { }",True
0x67089F4,8931,0x67074A4,8930,Merger.Game.Views.Inventory,InventoryItemSlotView,public void set_Asset(AssetReferenceT<Sprite> value) { },True
0x6708C00,8931,0x68AAF28,10428,Framework.Core.View,ViewComponent,public RectTransform get_RectTransform() { },True
0x6708D88,8931,0x6707220,8930,Merger.Game.Views.Inventory,InventoryItemSlotView,public void remove_TryRemove(Action<int> value) { },True
0x6708E64,8931,0x6707898,8931,Merger.Game.Views.Inventory,InventoryItemsView,private void ShowInventory() { },True
0x6708F0C,8931,0x68AAF28,10428,Framework.Core.View,ViewComponent,public RectTransform get_RectTransform() { },True
0x6709270,8932,0x67093A4,8932,Merger.Game.Views.Inventory,InventoryProducerSlotView,private Animator get_Animator() { },True
0x6709270,8932,0x671A194,9040,Merger.Game.Views.Components,MergeItemView,protected Sprite get_EmptyIconSprite() { },True
0x6709270,8932,0x671A290,9040,Merger.Game.Views.Components,MergeItemView,public virtual void set_MergeItem(IMergeItem value) { },True
0x670945C,8932,0x67093A4,8932,Merger.Game.Views.Inventory,InventoryProducerSlotView,private Animator get_Animator() { },True
0x6709674,8933,0x662BD90,8289,Merger.Game.ViewModel,InventoryProducerViewModel,public ReadOnlyCollection<IMergeItem> get_UnlockedProducerSlotItems() { },True
0x67096E8,8933,0x3BC70A8,10424,Framework.Core,Base,Framework.Core.Base$$SubscribeToSignal<object>,True
0x6709828,8933,0x3BC74C4,10424,Framework.Core,Base,Framework.Core.Base$$UnsubscribeFromSignal<object>,True
0x6709828,8933,0x6709970,8933,Merger.Game.Views.Inventory,InventoryProducerView,private void ClearInventory() { },True
0x6709970,8933,0x68AAF28,10428,Framework.Core.View,ViewComponent,public RectTransform get_RectTransform() { },True
0x6709D8C,8933,0x662BBDC,8289,Merger.Game.ViewModel,InventoryProducerViewModel,public List<ProducerInventorySlotViewData> get_UnlocksAtItems() { },True
0x6709D8C,8933,0x662BD90,8289,Merger.Game.ViewModel,InventoryProducerViewModel,public ReadOnlyCollection<IMergeItem> get_UnlockedProducerSlotItems() { },True
0x6709D8C,8933,0x662BE18,8289,Merger.Game.ViewModel,InventoryProducerViewModel,public ReadOnlyCollection<string> get_NewProducerSlotItemIds() { },True
0x6709D8C,8933,0x662BEC8,8289,Merger.Game.ViewModel,InventoryProducerViewModel,public IMergeItem GetItem(int slotIndex) { },True
0x6709D8C,8933,0x6708F98,8932,Merger.Game.Views.Inventory,InventoryProducerSlotView,public void add_TryRemove(Action<int> value) { },True
0x6709D8C,8933,0x67090F8,8932,Merger.Game.Views.Inventory,InventoryProducerSlotView,public void add_InfoRequested(Action<IMergeItem> value) { },True
0x6709D8C,8933,0x670945C,8932,Merger.Game.Views.Inventory,InventoryProducerSlotView,public void set_IsStored(bool value) { },True
0x6709D8C,8933,0x67095FC,8932,Merger.Game.Views.Inventory,InventoryProducerSlotView,public void ActivateNewBanner() { },True
0x6709D8C,8933,0x6709970,8933,Merger.Game.Views.Inventory,InventoryProducerView,private void ClearInventory() { },True
0x6709D8C,8933,0x670A200,8933,Merger.Game.Views.Inventory,InventoryProducerView,"private void DecorateSlotWithUnlockText(InventoryProducerSlotView producerSlotView, int i) { }",True
0x6709D8C,8933,0x68AAF28,10428,Framework.Core.View,ViewComponent,public RectTransform get_RectTransform() { },True
0x6709D8C,8933,0x694BC78,11215,Framework.Core.MVVM.ViewModel,ViewModelBase,"public GameObject InstantiateInjected(GameObject original, Transform parent, bool worldPositionStays = False) { }",True
0x670A200,8933,0x662BBDC,8289,Merger.Game.ViewModel,InventoryProducerViewModel,public List<ProducerInventorySlotViewData> get_UnlocksAtItems() { },True
0x670A55C,8933,0x68AAF28,10428,Framework.Core.View,ViewComponent,public RectTransform get_RectTransform() { },True
0x670A70C,8933,0x6709048,8932,Merger.Game.Views.Inventory,InventoryProducerSlotView,public void remove_TryRemove(Action<int> value) { },True
0x671A290,9040,0x671A194,9040,Merger.Game.Views.Components,MergeItemView,protected Sprite get_EmptyIconSprite() { },True
0x6730164,9136,0x67301BC,9136,Merger.Game.Views.BoardItem,BoardItemView2,public RectTransform GetContainer(string containerId) { },True
0x6730418,9136,0x668E8A0,8571,Merger.Game.Views,BoardItemViewBase,public void set_IsTweened(bool value) { },True
0x6730418,9136,0x67305AC,9136,Merger.Game.Views.BoardItem,BoardItemView2,private void RegisterExistingBoardItemViewBehaviours() { },True
0x6730418,9136,0x68AAF28,10428,Framework.Core.View,ViewComponent,public RectTransform get_RectTransform() { },True
0x67305AC,9136,0x67309D0,9136,Merger.Game.Views.BoardItem,BoardItemView2,"private void RegisterBehaviour(IBoardItemViewBehaviour behaviour, Type behaviourType, bool isPersistent, bool initialize = True) { }",True
0x6730758,9136,0x68AAF28,10428,Framework.Core.View,ViewComponent,public RectTransform get_RectTransform() { },True
0x67307CC,9136,0x6730D14,9136,Merger.Game.Views.BoardItem,BoardItemView2,"private void RemoveBehaviour(IBoardItemViewBehaviour viewBehaviour, Type behaviourType, bool dispose = True) { }",True
0x6730B08,9136,0x668EBFC,8571,Merger.Game.Views,BoardItemViewBase,protected virtual void PointerClicked() { },True
0x6731040,9136,0x668EACC,8571,Merger.Game.Views,BoardItemViewBase,protected virtual void OnEnable() { },True
0x67316BC,9137,0x6731778,9137,Merger.Game.Views.BoardItem,BoardItemViewBehaviourFactory,private void CreateAttachers() { },True
0x6731778,9137,0x3BDA090,9137,Merger.Game.Views.BoardItem,BoardItemViewBehaviourFactory,Merger.Game.Views.BoardItem.BoardItemViewBehaviourFactory$$RegisterAttacher<object>,True
0x6731BE0,9137,0x673105C,9136,Merger.Game.Views.BoardItem,BoardItemView2,public void NotifyBehaviourAdded() { },True
0x6738DD8,9170,0x6738C8C,9170,Merger.Game.Views.BoardItem.ViewBehaviours,LockBehaviour,public bool get_IsShaking() { },True
0x67392BC,9170,0x68AAF28,10428,Framework.Core.View,ViewComponent,public RectTransform get_RectTransform() { },True
0x674127C,9220,0x68AAF28,10428,Framework.Core.View,ViewComponent,public RectTransform get_RectTransform() { },True
0x67412F0,9220,0x664B454,8392,Merger.Game.ViewModel.Board,BoardQueueViewModel,public AssetReferenceT<Sprite> get_FirstQueuedItemSprite() { },True
0x6741344,9220,0x3BC70A8,10424,Framework.Core,Base,Framework.Core.Base$$SubscribeToSignal<object>,True
0x6741344,9220,0x3BC7104,10424,Framework.Core,Base,Framework.Core.Base$$SubscribeToSignal<object>,True
0x6741344,9220,0x5269B94,8590,Merger.Game.Views,GameViewBase<TViewModel>,Merger.Game.Views.GameViewBase<object>$$Awake,True
0x6741344,9220,0x664B72C,8392,Merger.Game.ViewModel.Board,BoardQueueViewModel,public BindableProperty<GameState> get_PrimaryGameState() { },True
0x67416EC,9220,0x67412F0,9220,Merger.Game.Views.Board,BoardQueueView,private bool get_HasItems() { },True
0x67416EC,9220,0x6741750,9220,Merger.Game.Views.Board,BoardQueueView,private void TryDisplayQueuedItem() { },True
0x67416EC,9220,0x68AAF28,10428,Framework.Core.View,ViewComponent,public RectTransform get_RectTransform() { },True
0x6741750,9220,0x664B454,8392,Merger.Game.ViewModel.Board,BoardQueueViewModel,public AssetReferenceT<Sprite> get_FirstQueuedItemSprite() { },True
0x6741750,9220,0x664B51C,8392,Merger.Game.ViewModel.Board,BoardQueueViewModel,public double get_ItemDuration() { },True
0x6741750,9220,0x664B680,8392,Merger.Game.ViewModel.Board,BoardQueueViewModel,public int get_NumItemsInQueue() { },True
0x6741750,9220,0x6741248,9220,Merger.Game.Views.Board,BoardQueueView,private GameObject get__counter() { },True
0x6741750,9220,0x67412F0,9220,Merger.Game.Views.Board,BoardQueueView,private bool get_HasItems() { },True
0x6741750,9220,0x67424A8,9220,Merger.Game.Views.Board,BoardQueueView,private void TryEnableQueueView() { },True
0x6741994,9220,0x674127C,9220,Merger.Game.Views.Board,BoardQueueView,private RectTransform get_ParentContainer() { },True
0x67419FC,9220,0x67412F0,9220,Merger.Game.Views.Board,BoardQueueView,private bool get_HasItems() { },True
0x6741A4C,9220,0x5269B3C,8590,Merger.Game.Views,GameViewBase<TViewModel>,Merger.Game.Views.GameViewBase<object>$$get_HasGameStarted,True
0x6741A4C,9220,0x664B664,8392,Merger.Game.ViewModel.Board,BoardQueueViewModel,public bool get_IsBoardFull() { },True
0x6741A4C,9220,0x664B680,8392,Merger.Game.ViewModel.Board,BoardQueueViewModel,public int get_NumItemsInQueue() { },True
0x6741A4C,9220,0x664B69C,8392,Merger.Game.ViewModel.Board,BoardQueueViewModel,public int get_PlayerLevel() { },True
0x6741A4C,9220,0x664B6F0,8392,Merger.Game.ViewModel.Board,BoardQueueViewModel,public bool get_ShowingTutorial() { },True
0x6741C18,9220,0x67412F0,9220,Merger.Game.Views.Board,BoardQueueView,private bool get_HasItems() { },True
0x6741C18,9220,0x68AAF28,10428,Framework.Core.View,ViewComponent,public RectTransform get_RectTransform() { },True
0x6741E00,9220,0x3BC74C4,10424,Framework.Core,Base,Framework.Core.Base$$UnsubscribeFromSignal<object>,True
0x6741E00,9220,0x3BC7514,10424,Framework.Core,Base,Framework.Core.Base$$UnsubscribeFromSignal<object>,True
0x6741F9C,9220,0x5269B3C,8590,Merger.Game.Views,GameViewBase<TViewModel>,Merger.Game.Views.GameViewBase<object>$$get_HasGameStarted,True
0x6741F9C,9220,0x6741750,9220,Merger.Game.Views.Board,BoardQueueView,private void TryDisplayQueuedItem() { },True
0x6741F9C,9220,0x6742330,9220,Merger.Game.Views.Board,BoardQueueView,private bool ShouldSkipGrantAnimation(EnqueueItemAnimationSignal signal) { },True
0x6741F9C,9220,0x67424A8,9220,Merger.Game.Views.Board,BoardQueueView,private void TryEnableQueueView() { },True
0x6741F9C,9220,0x674257C,9220,Merger.Game.Views.Board,BoardQueueView,"private bool ShouldSlide(EnqueueItemAnimationSignal signal, Nullable<RewardDestinationType> destinationType) { }",True
0x6741F9C,9220,0x674261C,9220,Merger.Game.Views.Board,BoardQueueView,"private void SlideItemIntoQueue(IItem item, Vector2 itemPositionInRoot, InstantiateAndSlideIconsAnimationSettings animationSettings) { }",True
0x6741F9C,9220,0x68AAF28,10428,Framework.Core.View,ViewComponent,public RectTransform get_RectTransform() { },True
0x6742330,9220,0x6626160,8279,Merger.Game.ViewModel,GameBaseViewModel,public BindableProperty<CurrentBoardType> get_BoardType() { },True
0x67424A8,9220,0x6741248,9220,Merger.Game.Views.Board,BoardQueueView,private GameObject get__counter() { },True
0x67424A8,9220,0x674127C,9220,Merger.Game.Views.Board,BoardQueueView,private RectTransform get_ParentContainer() { },True
0x67424A8,9220,0x67412F0,9220,Merger.Game.Views.Board,BoardQueueView,private bool get_HasItems() { },True
0x67424A8,9220,0x68AAF28,10428,Framework.Core.View,ViewComponent,public RectTransform get_RectTransform() { },True
0x67429E4,9220,0x3BC6BD4,10424,Framework.Core,Base,Framework.Core.Base$$FireSignal<object>,True
0x67429E4,9220,0x5FF4544,259,MergeEngine.Signal.Board,DequeueItemSignal,"public void .ctor(Vector2 queuePositionInRoot, Vector2 queueWorldPosition) { }",True
0x67429E4,9220,0x68AAF28,10428,Framework.Core.View,ViewComponent,public RectTransform get_RectTransform() { },True
0x6742C04,9220,0x674127C,9220,Merger.Game.Views.Board,BoardQueueView,private RectTransform get_ParentContainer() { },True
0x6742C78,9220,0x674127C,9220,Merger.Game.Views.Board,BoardQueueView,private RectTransform get_ParentContainer() { },True
0x6742EA0,9221,0x664ADA4,8392,Merger.Game.ViewModel.Board,BoardQueueViewModel,public BindableProperty<int> get_EffectiveQueueCount() { },True
0x6742F08,9221,0x68AAF28,10428,Framework.Core.View,ViewComponent,public RectTransform get_RectTransform() { },True
0x6742F7C,9221,0x674306C,9221,Merger.Game.Views.Board,BoardQueueView2,private void InitializeUiComponents() { },True
0x6742F7C,9221,0x67431E8,9221,Merger.Game.Views.Board,BoardQueueView2,private void SubscribeOnSignals() { },True
0x67431E8,9221,0x3BC70A8,10424,Framework.Core,Base,Framework.Core.Base$$SubscribeToSignal<object>,True
0x67431E8,9221,0x3BC7104,10424,Framework.Core,Base,Framework.Core.Base$$SubscribeToSignal<object>,True
0x67431E8,9221,0x664ADA4,8392,Merger.Game.ViewModel.Board,BoardQueueViewModel,public BindableProperty<int> get_EffectiveQueueCount() { },True
0x67431E8,9221,0x664AE44,8392,Merger.Game.ViewModel.Board,BoardQueueViewModel,public BindableProperty<AssetReferenceT<Sprite>> get_EffectiveHeadSprite() { },True
0x67431E8,9221,0x664B7D0,8392,Merger.Game.ViewModel.Board,BoardQueueViewModel,public BindableProperty<GameState> get_GameState() { },True
0x67435D0,9221,0x3BC74C4,10424,Framework.Core,Base,Framework.Core.Base$$UnsubscribeFromSignal<object>,True
0x67435D0,9221,0x3BC7514,10424,Framework.Core,Base,Framework.Core.Base$$UnsubscribeFromSignal<object>,True
0x67435D0,9221,0x664ADA4,8392,Merger.Game.ViewModel.Board,BoardQueueViewModel,public BindableProperty<int> get_EffectiveQueueCount() { },True
0x67435D0,9221,0x664AE44,8392,Merger.Game.ViewModel.Board,BoardQueueViewModel,public BindableProperty<AssetReferenceT<Sprite>> get_EffectiveHeadSprite() { },True
0x67435D0,9221,0x664B714,8392,Merger.Game.ViewModel.Board,BoardQueueViewModel,public BindableProperty<bool> get_IsLoading() { },True
0x67435D0,9221,0x664B7D0,8392,Merger.Game.ViewModel.Board,BoardQueueViewModel,public BindableProperty<GameState> get_GameState() { },True
0x6743A58,9221,0x6742F08,9221,Merger.Game.Views.Board,BoardQueueView2,private RectTransform get_ParentContainer() { },True
0x6743AC0,9221,0x6742EA0,9221,Merger.Game.Views.Board,BoardQueueView2,private bool get_HasItems() { },True
0x6743D1C,9221,0x5269B3C,8590,Merger.Game.Views,GameViewBase<TViewModel>,Merger.Game.Views.GameViewBase<object>$$get_HasGameStarted,True
0x6743D1C,9221,0x664B664,8392,Merger.Game.ViewModel.Board,BoardQueueViewModel,public bool get_IsBoardFull() { },True
0x6743D1C,9221,0x664B69C,8392,Merger.Game.ViewModel.Board,BoardQueueViewModel,public int get_PlayerLevel() { },True
0x6743D1C,9221,0x664B6F0,8392,Merger.Game.ViewModel.Board,BoardQueueViewModel,public bool get_ShowingTutorial() { },True
0x6743EB8,9221,0x6742F08,9221,Merger.Game.Views.Board,BoardQueueView2,private RectTransform get_ParentContainer() { },True
0x6743F34,9221,0x664B714,8392,Merger.Game.ViewModel.Board,BoardQueueViewModel,public BindableProperty<bool> get_IsLoading() { },True
0x6743F34,9221,0x6742EA0,9221,Merger.Game.Views.Board,BoardQueueView2,private bool get_HasItems() { },True
0x6743F34,9221,0x6743BA0,9221,Merger.Game.Views.Board,BoardQueueView2,private void ActivateGameObject(bool isOn) { },True
0x6743F34,9221,0x6744020,9221,Merger.Game.Views.Board,BoardQueueView2,private void TryDisplayQueuedItem() { },True
0x6744020,9221,0x664ADA4,8392,Merger.Game.ViewModel.Board,BoardQueueViewModel,public BindableProperty<int> get_EffectiveQueueCount() { },True
0x6744020,9221,0x664AE44,8392,Merger.Game.ViewModel.Board,BoardQueueViewModel,public BindableProperty<AssetReferenceT<Sprite>> get_EffectiveHeadSprite() { },True
0x6744020,9221,0x6742EA0,9221,Merger.Game.Views.Board,BoardQueueView2,private bool get_HasItems() { },True
0x6744020,9221,0x67445C4,9221,Merger.Game.Views.Board,BoardQueueView2,private void TryEnableQueueView() { },True
0x6744020,9221,0x67449C0,9221,Merger.Game.Views.Board,BoardQueueView2,private void UpdateTimerView() { },True
0x6744184,9221,0x5269B3C,8590,Merger.Game.Views,GameViewBase<TViewModel>,Merger.Game.Views.GameViewBase<object>$$get_HasGameStarted,True
0x6744184,9221,0x664BDEC,8392,Merger.Game.ViewModel.Board,BoardQueueViewModel,"public bool ShouldSlide(CurrentBoardType boardType, ItemQueuedSignal signal, Nullable<RewardDestinationType> destinationType, bool activeInHierarchy) { }",True
0x6744184,9221,0x6744020,9221,Merger.Game.Views.Board,BoardQueueView2,private void TryDisplayQueuedItem() { },True
0x6744184,9221,0x67445C4,9221,Merger.Game.Views.Board,BoardQueueView2,private void TryEnableQueueView() { },True
0x6744184,9221,0x674465C,9221,Merger.Game.Views.Board,BoardQueueView2,"private void SlideItemIntoQueue(IItem item, Vector2 itemStartPosition, Func<GameObject> getPrefabInstance, Func<FlyingIconView, InstantiateAndSlideIconsAnimationSettings, Tween> overrideTween, InstantiateAndSlideIconsAnimationSettings animationSettings) { }",True
0x67445C4,9221,0x6742EA0,9221,Merger.Game.Views.Board,BoardQueueView2,private bool get_HasItems() { },True
0x67445C4,9221,0x6742F08,9221,Merger.Game.Views.Board,BoardQueueView2,private RectTransform get_ParentContainer() { },True
0x67445C4,9221,0x6743BA0,9221,Merger.Game.Views.Board,BoardQueueView2,private void ActivateGameObject(bool isOn) { },True
0x67449C0,9221,0x664B51C,8392,Merger.Game.ViewModel.Board,BoardQueueViewModel,public double get_ItemDuration() { },True
0x6744AE8,9221,0x3BC6BD4,10424,Framework.Core,Base,Framework.Core.Base$$FireSignal<object>,True
0x6744AE8,9221,0x5FF4544,259,MergeEngine.Signal.Board,DequeueItemSignal,"public void .ctor(Vector2 queuePositionInRoot, Vector2 queueWorldPosition) { }",True
0x6744AE8,9221,0x664B350,8392,Merger.Game.ViewModel.Board,BoardQueueViewModel,public bool get_CanDequeueInCurrentBoardEvent() { },True
0x6744AE8,9221,0x68AAF28,10428,Framework.Core.View,ViewComponent,public RectTransform get_RectTransform() { },True
0x6744C24,9221,0x6742EA0,9221,Merger.Game.Views.Board,BoardQueueView2,private bool get_HasItems() { },True
0x6744D0C,9221,0x5269B3C,8590,Merger.Game.Views,GameViewBase<TViewModel>,Merger.Game.Views.GameViewBase<object>$$get_HasGameStarted,True
0x6744D0C,9221,0x6744C24,9221,Merger.Game.Views.Board,BoardQueueView2,private void TryPlayHideAnimation() { },True
0x6744DBC,9221,0x5269B3C,8590,Merger.Game.Views,GameViewBase<TViewModel>,Merger.Game.Views.GameViewBase<object>$$get_HasGameStarted,True
0x6744DBC,9221,0x67445C4,9221,Merger.Game.Views.Board,BoardQueueView2,private void TryEnableQueueView() { },True
0x6745100,9221,0x6743BA0,9221,Merger.Game.Views.Board,BoardQueueView2,private void ActivateGameObject(bool isOn) { },True
0x676ACB8,9351,0x5FF3B6C,232,MergeEngine.Signal.Items,MergeItemBubbleSignalBase,"protected void .ctor(IMergeItem item, int level) { }",True
0x676ADA8,9352,0x5FF3B6C,232,MergeEngine.Signal.Items,MergeItemBubbleSignalBase,"protected void .ctor(IMergeItem item, int level) { }",True
0x676AE24,9352,0x5FF3B6C,232,MergeEngine.Signal.Items,MergeItemBubbleSignalBase,"protected void .ctor(IMergeItem item, int level) { }",True
0x676AEA8,9354,0x5FF3B6C,232,MergeEngine.Signal.Items,MergeItemBubbleSignalBase,"protected void .ctor(IMergeItem item, int level) { }",True
0x676C2F8,9415,0x5FF3FB4,244,MergeEngine.Signal.Inventory,ItemAmountInventoryBaseSignal,"public void .ctor(int availableSlots, int inventoryCapacity, int freeTilesOnBoard, InventorySlotType type, int numNewProducerSlots) { }",True
0x67844BC,932,0x6784534,932,MergeEngine.ECS.Systems.Board,SplitSystem,private bool IsLocked(PositionComponent firstItem) { },True
0x67844BC,932,0x678459C,932,MergeEngine.ECS.Systems.Board,SplitSystem,"private bool GetSplitterAndTarget(PositionComponent firstItem, PositionComponent secondItem, out SplitComponent splitItem, out PositionComponent splitTarget, out BoardItemPosition splitterPosition) { }",True
0x67844BC,932,0x67846B4,932,MergeEngine.ECS.Systems.Board,SplitSystem,private bool CanBeSplit(PositionComponent splitTarget) { },True
0x6784534,932,0x3BED81C,1054,MergeEngine.ECS.Components.Items,ComponentBase,MergeEngine.ECS.Components.Items.ComponentBase$$GetComponent<object>,True
0x678459C,932,0x3BED81C,1054,MergeEngine.ECS.Components.Items,ComponentBase,MergeEngine.ECS.Components.Items.ComponentBase$$GetComponent<object>,True
0x67846B4,932,0x3BED81C,1054,MergeEngine.ECS.Components.Items,ComponentBase,MergeEngine.ECS.Components.Items.ComponentBase$$GetComponent<object>,True
0x67846B4,932,0x3BED85C,1054,MergeEngine.ECS.Components.Items,ComponentBase,MergeEngine.ECS.Components.Items.ComponentBase$$GetComponents<object>,True
0x6784A48,932,0x67844BC,932,MergeEngine.ECS.Systems.Board,SplitSystem,"public bool CanCombineItems(PositionComponent firstItem, PositionComponent secondItem) { }",True
0x6784A48,932,0x6784AF4,932,MergeEngine.ECS.Systems.Board,SplitSystem,"private bool ShouldVerifySplit(PositionComponent firstItem, PositionComponent secondItem) { }",True
0x6784A48,932,0x6784CD8,932,MergeEngine.ECS.Systems.Board,SplitSystem,"private void VerifyMerge(PositionComponent firstItem, PositionComponent secondItem) { }",True
0x6784AF4,932,0x6A1D9C4,1226,MergeEngine.Configuration.Orders.Difficulty,MergeItemUtils,public static bool IsSplitterItem(IMergeItem mergeItem) { },True
0x6784CD8,932,0x676D1D8,9460,Merger.Game.Signal,VerifyBoardMergeSignal,"public void .ctor(MergeCheckItemType mergeCheckType, PositionComponent firstItem, PositionComponent secondItem, IItem checkInitiatingItem, IItem mergeItem, IItem resultItem, Action<BoardItemPosition, BoardItemPosition> confirmMergeAction, Action declineMergeAction) { }",True
0x6784CD8,932,0x6784F94,932,MergeEngine.ECS.Systems.Board,SplitSystem,"private IMergeItem GetResultItem(PositionComponent firstItem, PositionComponent secondItem) { }",True
0x6784EE4,932,0x678459C,932,MergeEngine.ECS.Systems.Board,SplitSystem,"private bool GetSplitterAndTarget(PositionComponent firstItem, PositionComponent secondItem, out SplitComponent splitItem, out PositionComponent splitTarget, out BoardItemPosition splitterPosition) { }",True
0x6784EE4,932,0x6785154,932,MergeEngine.ECS.Systems.Board,SplitSystem,"private bool TrySplitItem(SplitComponent splitItem, PositionComponent splitTarget, BoardItemPosition from, BoardItemPosition to, BoardItemPosition splitterPosition) { }",True
0x6784F94,932,0x678459C,932,MergeEngine.ECS.Systems.Board,SplitSystem,"private bool GetSplitterAndTarget(PositionComponent firstItem, PositionComponent secondItem, out SplitComponent splitItem, out PositionComponent splitTarget, out BoardItemPosition splitterPosition) { }",True
0x67850F8,932,0x6660834,919,MergeEngine.ECS.Systems.Board,BoardSystem,public PositionComponent GetItem(BoardItemPosition position) { },True
0x6785154,932,0x67846B4,932,MergeEngine.ECS.Systems.Board,SplitSystem,private bool CanBeSplit(PositionComponent splitTarget) { },True
0x6785154,932,0x67851C4,932,MergeEngine.ECS.Systems.Board,SplitSystem,"private bool Split(SplitComponent splitItem, PositionComponent splitTarget, BoardItemPosition from, BoardItemPosition to, BoardItemPosition splitterPosition) { }",True
0x67851C4,932,0x3BED81C,1054,MergeEngine.ECS.Components.Items,ComponentBase,MergeEngine.ECS.Components.Items.ComponentBase$$GetComponent<object>,True
0x67851C4,932,0x6785344,933,MergeEngine.ECS.Systems.Board,StackingSystem,public bool get_IsStackingEnabled() { },True
0x67851C4,932,0x6785408,932,MergeEngine.ECS.Systems.Board,SplitSystem,"private SplitSystem.SplitContext CreateSplitContext(SplitComponent splitItem, PositionComponent splitTarget, BoardItemPosition from, BoardItemPosition to, BoardItemPosition splitterPosition) { }",True
0x67851C4,932,0x67856C8,932,MergeEngine.ECS.Systems.Board,SplitSystem,private bool SplitStackingWithAvailableSpace(SplitSystem.SplitContext context) { },True
0x67851C4,932,0x67858F8,932,MergeEngine.ECS.Systems.Board,SplitSystem,private bool SplitStackingWithBoardFull(SplitSystem.SplitContext context) { },True
0x67851C4,932,0x6785BC0,932,MergeEngine.ECS.Systems.Board,SplitSystem,"private void Split(SplitComponent splitItem, PositionComponent splitTarget, BoardItemPosition from, BoardItemPosition to) { }",True
0x67851C4,932,0x68FDED4,1089,MergeEngine.ECS.Components.Items,StackingComponent,public bool get_IsStacking() { },True
0x6785344,933,0x6786DDC,933,MergeEngine.ECS.Systems.Board,StackingSystem,private bool GetStackingState() { },True
0x6785408,932,0x3BED81C,1054,MergeEngine.ECS.Components.Items,ComponentBase,MergeEngine.ECS.Components.Items.ComponentBase$$GetComponent<object>,True
0x6785408,932,0x66675F0,919,MergeEngine.ECS.Systems.Board,BoardSystem,public int get_NumEmptyPositions() { },True
0x6785408,932,0x6904F00,1132,MergeEngine.Data,BoardItemPosition,public bool Equals(BoardItemPosition other) { },True
0x67856C8,932,0x665EF68,919,MergeEngine.ECS.Systems.Board,BoardSystem,"public void MoveItem(BoardItemPosition oldPosition, BoardItemPosition newPosition, PositionComponent itemToMove) { }",True
0x67856C8,932,0x6660834,919,MergeEngine.ECS.Systems.Board,BoardSystem,public PositionComponent GetItem(BoardItemPosition position) { },True
0x67856C8,932,0x6669C6C,919,MergeEngine.ECS.Systems.Board,BoardSystem,"public BoardItemPosition GetClosestAvailablePositionTo(BoardItemPosition boardItemPosition, BoardItemPosition[] ignorePositions) { }",True
0x67856C8,932,0x67862E8,932,MergeEngine.ECS.Systems.Board,SplitSystem,"private PositionComponent CreateEntityAt(BoardItemPosition position, IMergeItem item) { }",True
0x67856C8,932,0x6786494,932,MergeEngine.ECS.Systems.Board,SplitSystem,"private void UpdateItemQueueAddedTimestamp(PositionComponent positionComponent, PositionComponent sourcePositionComponent) { }",True
0x67856C8,932,0x67868AC,932,MergeEngine.ECS.Systems.Board,SplitSystem,"private List<ItemNotificationData> BuildAvailableSpaceNotifications(SplitSystem.SplitContext context, PositionComponent movingItem, PositionComponent sentinelItem) { }",True
0x67856C8,932,0x67B91E4,9785,Merger.Services.Backend.WebSocket,OperationTrackingSystem,public void TrackSplitOperation(List<ItemNotificationData> itemsNotificationData) { },True
0x67856C8,932,0x68FDEC8,1089,MergeEngine.ECS.Components.Items,StackingComponent,public void DecrementStackSize(int amount = 1) { },True
0x67858F8,932,0x3C20D84,588,MergeEngine.ECS,Entity,MergeEngine.ECS.Entity$$GetComponent<object>,True
0x67858F8,932,0x5FF4958,262,MergeEngine.Signal.Board,EnqueueItemSignal,"public void .ctor(IMergeItem mergeItem, Entity entity, BoardItemPosition sourcePosition, BoardQueueOrder boardQueueOrder, ResourceSource source, bool slideBoardItemToQueue = False) { }",True
0x67858F8,932,0x67862E8,932,MergeEngine.ECS.Systems.Board,SplitSystem,"private PositionComponent CreateEntityAt(BoardItemPosition position, IMergeItem item) { }",True
0x67858F8,932,0x6786494,932,MergeEngine.ECS.Systems.Board,SplitSystem,"private void UpdateItemQueueAddedTimestamp(PositionComponent positionComponent, PositionComponent sourcePositionComponent) { }",True
0x67858F8,932,0x6786520,932,MergeEngine.ECS.Systems.Board,SplitSystem,"private List<ItemNotificationData> BuildBoardFullNotifications(SplitSystem.SplitContext context, PositionComponent firstSplitItem) { }",True
0x67858F8,932,0x67B91E4,9785,Merger.Services.Backend.WebSocket,OperationTrackingSystem,public void TrackSplitOperation(List<ItemNotificationData> itemsNotificationData) { },True
0x67858F8,932,0x68FDEC8,1089,MergeEngine.ECS.Components.Items,StackingComponent,public void DecrementStackSize(int amount = 1) { },True
0x67858F8,932,0x6913BC8,1186,MergeEngine.Configuration,MergeItemInstanceConfiguration,"public static MergeItemInstanceConfiguration CreateBoardConfiguration(BoardItemPosition position, Nullable<ItemOrigin> itemOrigin, LockedCapability lockedCapability, string uuid) { }",True
0x6785BC0,932,0x3BED81C,1054,MergeEngine.ECS.Components.Items,ComponentBase,MergeEngine.ECS.Components.Items.ComponentBase$$GetComponent<object>,True
0x6785BC0,932,0x665EF68,919,MergeEngine.ECS.Systems.Board,BoardSystem,"public void MoveItem(BoardItemPosition oldPosition, BoardItemPosition newPosition, PositionComponent itemToMove) { }",True
0x6785BC0,932,0x67862E8,932,MergeEngine.ECS.Systems.Board,SplitSystem,"private PositionComponent CreateEntityAt(BoardItemPosition position, IMergeItem item) { }",True
0x6785BC0,932,0x6786494,932,MergeEngine.ECS.Systems.Board,SplitSystem,"private void UpdateItemQueueAddedTimestamp(PositionComponent positionComponent, PositionComponent sourcePositionComponent) { }",True
0x67862E8,932,0x3C20D84,588,MergeEngine.ECS,Entity,MergeEngine.ECS.Entity$$GetComponent<object>,True
0x67862E8,932,0x6913BC8,1186,MergeEngine.Configuration,MergeItemInstanceConfiguration,"public static MergeItemInstanceConfiguration CreateBoardConfiguration(BoardItemPosition position, Nullable<ItemOrigin> itemOrigin, LockedCapability lockedCapability, string uuid) { }",True
0x6786494,932,0x3BED81C,1054,MergeEngine.ECS.Components.Items,ComponentBase,MergeEngine.ECS.Components.Items.ComponentBase$$GetComponent<object>,True
0x6786F88,933,0x3BED81C,1054,MergeEngine.ECS.Components.Items,ComponentBase,MergeEngine.ECS.Components.Items.ComponentBase$$GetComponent<object>,True
0x6786F88,933,0x6785344,933,MergeEngine.ECS.Systems.Board,StackingSystem,public bool get_IsStackingEnabled() { },True
0x6786F88,933,0x6787240,933,MergeEngine.ECS.Systems.Board,StackingSystem,private bool IsLocked(PositionComponent item) { },True
0x6786F88,933,0x67872A8,933,MergeEngine.ECS.Systems.Board,StackingSystem,private bool IsStacking(PositionComponent item) { },True
0x6787240,933,0x3BED81C,1054,MergeEngine.ECS.Components.Items,ComponentBase,MergeEngine.ECS.Components.Items.ComponentBase$$GetComponent<object>,True
0x67872A8,933,0x3BED81C,1054,MergeEngine.ECS.Components.Items,ComponentBase,MergeEngine.ECS.Components.Items.ComponentBase$$GetComponent<object>,True
0x6787304,933,0x6785344,933,MergeEngine.ECS.Systems.Board,StackingSystem,public bool get_IsStackingEnabled() { },True
0x6787304,933,0x6786F88,933,MergeEngine.ECS.Systems.Board,StackingSystem,"public bool CanCombineItems(PositionComponent firstItem, PositionComponent secondItem) { }",True
0x6787304,933,0x67873A0,933,MergeEngine.ECS.Systems.Board,StackingSystem,"private void StackItems(PositionComponent firstItem, PositionComponent secondItem, BoardItemPosition targetPosition) { }",True
0x67873A0,933,0x3BED81C,1054,MergeEngine.ECS.Components.Items,ComponentBase,MergeEngine.ECS.Components.Items.ComponentBase$$GetComponent<object>,True
0x67873A0,933,0x3D40DF4,9785,Merger.Services.Backend.WebSocket,OperationTrackingSystem,Merger.Services.Backend.WebSocket.OperationTrackingSystem$$TrackStackingOperation<object>,True
0x67873A0,933,0x66675F0,919,MergeEngine.ECS.Systems.Board,BoardSystem,public int get_NumEmptyPositions() { },True
0x67873A0,933,0x676BA84,9382,Merger.Game.Signal,ItemsMergedSignal,"public void .ctor(IMergeItem item, IMergeItem secondMergeItem, IMergeItem createdItem, IMergeItem spawnedResource, bool wasBubbleCreated, bool anyItemLocked, int level, int freeTiles, string actionId, BoardItemPosition createdItemPosition) { }",True
0x67873A0,933,0x676BBA0,9383,Merger.Game.Signal,ItemsStackingSignal,"public void .ctor(BoardItemPosition position, int stackSizeAdded, int totalStackSize) { }",True
0x67873A0,933,0x68FDEBC,1089,MergeEngine.ECS.Components.Items,StackingComponent,public void IncrementStackSize(int amount = 1) { },True
0x67878C4,935,0x3DB68FC,685,MergeEngine.ECS.Systems,SystemBase,MergeEngine.ECS.Systems.SystemBase$$GetComponent<object>,True
0x67878C4,935,0x3DB6C18,685,MergeEngine.ECS.Systems,SystemBase,MergeEngine.ECS.Systems.SystemBase$$GetSystem<object>,True
0x67878C4,935,0x627F178,648,MergeEngine.ECS.Systems,InteractionSystem,"public void add_ItemInteracted(Action<IMergeItem, BoardItemPosition, InteractionType, List<ItemMultiple>> value) { }",True
0x67878C4,935,0x6658184,930,MergeEngine.ECS.Systems.Board,MergeSystem,"public void add_ItemMerged(Action<IMergeItem, BoardItemPosition, IMergeItem, IMergeItem> value) { }",True
0x6787A7C,935,0x3BED81C,1054,MergeEngine.ECS.Components.Items,ComponentBase,MergeEngine.ECS.Components.Items.ComponentBase$$GetComponent<object>,True
0x6787A7C,935,0x6787EF4,935,MergeEngine.ECS.Systems.Board,UnboxingSystem,public void UnboxItem(LockedComponent lockedComponent) { },True
0x6787A7C,935,0x6902444,1125,MergeEngine.ECS.Components.Board,BoardComponent,public PositionComponent GetItem(BoardItemPosition position) { },True
0x6787A7C,935,0x6902524,1125,MergeEngine.ECS.Components.Board,BoardComponent,"public List<BoardItemPosition> GetAdjacentPositions(BoardItemPosition position, bool includeDiagonal) { }",True
0x6787EF4,935,0x3BED81C,1054,MergeEngine.ECS.Components.Items,ComponentBase,MergeEngine.ECS.Components.Items.ComponentBase$$GetComponent<object>,True
0x6787EF4,935,0x5FF3BA8,233,MergeEngine.Signal.Items,MergeItemDiscoveredSignal,public void .ctor(IMergeItem item) { },True
0x6787EF4,935,0x6903040,1126,MergeEngine.ECS.Components.Board,BoardItemCountComponent,"public void UpdateItemToUnboxed(IMergeItem mergeItem, LockedComponent lockedComponent) { }",True
0x67881C4,935,0x3BED81C,1054,MergeEngine.ECS.Components.Items,ComponentBase,MergeEngine.ECS.Components.Items.ComponentBase$$GetComponent<object>,True
0x67881C4,935,0x6787EF4,935,MergeEngine.ECS.Systems.Board,UnboxingSystem,public void UnboxItem(LockedComponent lockedComponent) { },True
0x67881C4,935,0x6788908,935,MergeEngine.ECS.Systems.Board,UnboxingSystem,private void NotifyAndTrackInteractionProgress(LockedComponent adjacentItemLocked) { },True
0x67881C4,935,0x6788A80,935,MergeEngine.ECS.Systems.Board,UnboxingSystem,"private void FireLiveOpsZoneUnboxedIfNeeded(LockedComponent adjacentItemLocked, string mergeItemType, string reason, string interactionItems, Vector2 interactionLocation) { }",True
0x67881C4,935,0x6902444,1125,MergeEngine.ECS.Components.Board,BoardComponent,public PositionComponent GetItem(BoardItemPosition position) { },True
0x67881C4,935,0x6902524,1125,MergeEngine.ECS.Components.Board,BoardComponent,"public List<BoardItemPosition> GetAdjacentPositions(BoardItemPosition position, bool includeDiagonal) { }",True
0x67885C8,935,0x3BED81C,1054,MergeEngine.ECS.Components.Items,ComponentBase,MergeEngine.ECS.Components.Items.ComponentBase$$GetComponent<object>,True
0x67885C8,935,0x3C20D84,588,MergeEngine.ECS,Entity,MergeEngine.ECS.Entity$$GetComponent<object>,True
0x67885C8,935,0x6787EF4,935,MergeEngine.ECS.Systems.Board,UnboxingSystem,public void UnboxItem(LockedComponent lockedComponent) { },True
0x67885C8,935,0x6788908,935,MergeEngine.ECS.Systems.Board,UnboxingSystem,private void NotifyAndTrackInteractionProgress(LockedComponent adjacentItemLocked) { },True
0x67885C8,935,0x6788A80,935,MergeEngine.ECS.Systems.Board,UnboxingSystem,"private void FireLiveOpsZoneUnboxedIfNeeded(LockedComponent adjacentItemLocked, string mergeItemType, string reason, string interactionItems, Vector2 interactionLocation) { }",True
0x67885C8,935,0x6902444,1125,MergeEngine.ECS.Components.Board,BoardComponent,public PositionComponent GetItem(BoardItemPosition position) { },True
0x67885C8,935,0x6902524,1125,MergeEngine.ECS.Components.Board,BoardComponent,"public List<BoardItemPosition> GetAdjacentPositions(BoardItemPosition position, bool includeDiagonal) { }",True
0x6788A80,935,0x3BED81C,1054,MergeEngine.ECS.Components.Items,ComponentBase,MergeEngine.ECS.Components.Items.ComponentBase$$GetComponent<object>,True
0x6788A80,935,0x6788C0C,935,MergeEngine.ECS.Systems.Board,UnboxingSystem,private static int GetInteractionAmountLeft(LockedComponent locked) { },True
0x6788E70,936,0x66624F0,907,MergeEngine.ECS.Systems.Board,BoardQueueSystem,public int get_NumItemsInQueue() { },True
0x6788E70,936,0x6788DCC,936,MergeEngine.ECS.Systems.Board,UndoSellAbuseSystem,private int get_QueueThresholdSizeForAbuse() { },True
0x6788EB8,936,0x6788DCC,936,MergeEngine.ECS.Systems.Board,UndoSellAbuseSystem,private int get_QueueThresholdSizeForAbuse() { },True
0x678910C,936,0x3DB6C18,685,MergeEngine.ECS.Systems,SystemBase,MergeEngine.ECS.Systems.SystemBase$$GetSystem<object>,True
0x6789188,936,0x6788E70,936,MergeEngine.ECS.Systems.Board,UndoSellAbuseSystem,public bool get_QueueAbuseThresholdReached() { },True
0x6789330,936,0x66624F0,907,MergeEngine.ECS.Systems.Board,BoardQueueSystem,public int get_NumItemsInQueue() { },True
0x6789330,936,0x6788DCC,936,MergeEngine.ECS.Systems.Board,UndoSellAbuseSystem,private int get_QueueThresholdSizeForAbuse() { },True
0x67894B8,936,0x66624F0,907,MergeEngine.ECS.Systems.Board,BoardQueueSystem,public int get_NumItemsInQueue() { },True
0x67894B8,936,0x6788DCC,936,MergeEngine.ECS.Systems.Board,UndoSellAbuseSystem,private int get_QueueThresholdSizeForAbuse() { },True
0x6789564,936,0x6788E70,936,MergeEngine.ECS.Systems.Board,UndoSellAbuseSystem,public bool get_QueueAbuseThresholdReached() { },True
0x6789564,936,0x6789188,936,MergeEngine.ECS.Systems.Board,UndoSellAbuseSystem,"private void BlockSpawnerAnalytics(bool isBlocked, string spawnerId) { }",True
0x6789854,945,0x676A7D0,9327,Merger.Game.Signal,BoardItemCooldownBaseSignal,"public void .ctor(IMergeItem item, int numEmptyPositions, TimeCycleComponentAnalytics timeCycleComponentAnalytics, string uuId, bool showTimeLeft, ResourceMultiple cooldownPrice) { }",True
0x678989C,946,0x676A7D0,9327,Merger.Game.Signal,BoardItemCooldownBaseSignal,"public void .ctor(IMergeItem item, int numEmptyPositions, TimeCycleComponentAnalytics timeCycleComponentAnalytics, string uuId, bool showTimeLeft, ResourceMultiple cooldownPrice) { }",True
0x6789A18,950,0x3DB68FC,685,MergeEngine.ECS.Systems,SystemBase,MergeEngine.ECS.Systems.SystemBase$$GetComponent<object>,True
0x6789A18,950,0x3DB6C18,685,MergeEngine.ECS.Systems,SystemBase,MergeEngine.ECS.Systems.SystemBase$$GetSystem<object>,True
0x6789C84,950,0x3BED81C,1054,MergeEngine.ECS.Components.Items,ComponentBase,MergeEngine.ECS.Components.Items.ComponentBase$$GetComponent<object>,True
0x6789C84,950,0x3DB6AC8,685,MergeEngine.ECS.Systems,SystemBase,MergeEngine.ECS.Systems.SystemBase$$GetComponents<object>,True
0x6789C84,950,0x678A6E0,950,MergeEngine.ECS.Systems.Items,BoardTileLevelUnlockSystem,private void SpawnAndSlideXpIcons(PositionComponent positionComponent) { },True
0x6789C84,950,0x678A9C0,950,MergeEngine.ECS.Systems.Items,BoardTileLevelUnlockSystem,"private void SendBoardOperation(LockedComponent lockedComponent, int levelLock) { }",True
0x6789C84,950,0x678AC04,950,MergeEngine.ECS.Systems.Items,BoardTileLevelUnlockSystem,private void UnlockItem(LockedComponent lockedComponent) { },True
0x6789C84,950,0x68FD5F8,1080,MergeEngine.ECS.Components.Items,LockedComponent,public bool get_LockedByLevel() { },True
0x678A6E0,950,0x614CB20,3000,Merger.Rewards.Constants,RewardTypesConstants,public static IRewardType GetRewardType(PlayerResourceEnum resourceEnum) { },True
0x678AC04,950,0x5FF3BA8,233,MergeEngine.Signal.Items,MergeItemDiscoveredSignal,public void .ctor(IMergeItem item) { },True
0x678AC04,950,0x6903040,1126,MergeEngine.ECS.Components.Board,BoardItemCountComponent,"public void UpdateItemToUnboxed(IMergeItem mergeItem, LockedComponent lockedComponent) { }",True
0x678AC04,950,0x69035EC,1126,MergeEngine.ECS.Components.Board,BoardItemCountComponent,public void UpdateItemToUnlocked(IMergeItem mergeItem) { },True
0x678AE10,949,0x3BED81C,1054,MergeEngine.ECS.Components.Items,ComponentBase,MergeEngine.ECS.Components.Items.ComponentBase$$GetComponent<object>,True
0x678B208,953,0x3BED81C,1054,MergeEngine.ECS.Components.Items,ComponentBase,MergeEngine.ECS.Components.Items.ComponentBase$$GetComponent<object>,True
0x678B208,953,0x627F73C,648,MergeEngine.ECS.Systems,InteractionSystem,"public bool TryConsumeInteractionCost(InteractionComponent interactionComponent, bool notifyPlayer = True, OperationContext context, CombiningComponent combiningComponent) { }",True
0x678B208,953,0x676AB10,9340,Merger.Game.Signal,BoardItemCollectedSignal,public void .ctor() { },True
0x678B208,953,0x678B58C,953,MergeEngine.ECS.Systems.Items,CollectSystem,public void RemoveItemFromBoard(CollectableComponent collectable) { },True
0x678B208,953,0x678B620,953,MergeEngine.ECS.Systems.Items,CollectSystem,private void HandleVisualState(CollectableComponent collectable) { },True
0x678B208,953,0x67B93B4,9785,Merger.Services.Backend.WebSocket,OperationTrackingSystem,public void TrackCollectOperation(ItemNotificationData itemData) { },True
0x678B58C,953,0x3BED81C,1054,MergeEngine.ECS.Components.Items,ComponentBase,MergeEngine.ECS.Components.Items.ComponentBase$$GetComponent<object>,True
0x678B620,953,0x3BED81C,1054,MergeEngine.ECS.Components.Items,ComponentBase,MergeEngine.ECS.Components.Items.ComponentBase$$GetComponent<object>,True
0x678B72C,953,0x3BED81C,1054,MergeEngine.ECS.Components.Items,ComponentBase,MergeEngine.ECS.Components.Items.ComponentBase$$GetComponent<object>,True
0x678B72C,953,0x68FBBE4,1051,MergeEngine.ECS.Components.Items,CollectableComponent,public Reward get_CollectableReward() { },True
0x678B72C,953,0x6A2B4C8,1325,MergeEngine.Configuration.Definitions,Reward,public bool get_HasMergeItems() { },True
0x678B72C,953,0x6A2CA88,1325,MergeEngine.Configuration.Definitions,Reward,public void AccumulateRewards(Reward otherReward) { },True
0x678BA10,953,0x3BED81C,1054,MergeEngine.ECS.Components.Items,ComponentBase,MergeEngine.ECS.Components.Items.ComponentBase$$GetComponent<object>,True
0x678BA10,953,0x601EEFC,1580,GameCore.Configuration.Definitions,BaseReward,public int get_Amount() { },True
0x678BA10,953,0x68FBAB0,1051,MergeEngine.ECS.Components.Items,CollectableComponent,public bool get_IsCollectableItem() { },True
0x678BA10,953,0x68FBB00,1051,MergeEngine.ECS.Components.Items,CollectableComponent,public bool get_IsCollectableItemWithResource() { },True
0x678BA10,953,0x68FBBE4,1051,MergeEngine.ECS.Components.Items,CollectableComponent,public Reward get_CollectableReward() { },True
0x678BA10,953,0x6A2AAA0,1325,MergeEngine.Configuration.Definitions,Reward,public List<ResourceMultiple> get_Resources() { },True
0x678BEE8,953,0x3BED81C,1054,MergeEngine.ECS.Components.Items,ComponentBase,MergeEngine.ECS.Components.Items.ComponentBase$$GetComponent<object>,True
0x678C228,951,0x3BED81C,1054,MergeEngine.ECS.Components.Items,ComponentBase,MergeEngine.ECS.Components.Items.ComponentBase$$GetComponent<object>,True
0x678C284,952,0x3BED81C,1054,MergeEngine.ECS.Components.Items,ComponentBase,MergeEngine.ECS.Components.Items.ComponentBase$$GetComponent<object>,True
0x678C284,952,0x614CB20,3000,Merger.Rewards.Constants,RewardTypesConstants,public static IRewardType GetRewardType(PlayerResourceEnum resourceEnum) { },True
0x678C284,952,0x6501008,843,MergeEngine.ECS.Systems.Player,ResourcesSystem,"public void AddPendingResource(string resourceType, int amount) { }",True
0x678C284,952,0x65013A0,843,MergeEngine.ECS.Systems.Player,ResourcesSystem,"public void GrantResource(IRewardType rewardType, int amount, bool delayDisplay, ResourceSource source, Dictionary<string, object> analyticParameters, bool shouldChangeRealValue = False, RewardSource rewardSource) { }",True
0x678C284,952,0x678B048,953,MergeEngine.ECS.Systems.Items,CollectSystem,private bool get_IsInBoardEvent() { },True
0x678C284,952,0x678B72C,953,MergeEngine.ECS.Systems.Items,CollectSystem,private void PlayFlyAnimationForCollectableItems(CollectableComponent collectable) { },True
0x678C284,952,0x678BA10,953,MergeEngine.ECS.Systems.Items,CollectSystem,private void CreateFloatingTextSignal(CollectableComponent collectable) { },True
0x678C284,952,0x678BEE8,953,MergeEngine.ECS.Systems.Items,CollectSystem,private void CreateSlidingIcon(CollectableComponent collectable) { },True
0x678C284,952,0x68FBAB0,1051,MergeEngine.ECS.Components.Items,CollectableComponent,public bool get_IsCollectableItem() { },True
0x678C284,952,0x68FBB70,1051,MergeEngine.ECS.Components.Items,CollectableComponent,public bool get_ShouldCollectableItemFly() { },True
0x678C284,952,0x68FBC34,1051,MergeEngine.ECS.Components.Items,CollectableComponent,public bool get_IsImmediateReward() { },True
0x678C284,952,0x6A2B4C8,1325,MergeEngine.Configuration.Definitions,Reward,public bool get_HasMergeItems() { },True
0x678C6E4,954,0x3BED81C,1054,MergeEngine.ECS.Components.Items,ComponentBase,MergeEngine.ECS.Components.Items.ComponentBase$$GetComponent<object>,True
0x678C6E4,954,0x3C20D84,588,MergeEngine.ECS,Entity,MergeEngine.ECS.Entity$$GetComponent<object>,True
0x678C6E4,954,0x6659DC0,919,MergeEngine.ECS.Systems.Board,BoardSystem,public bool get_IsFull() { },True
0x678C6E4,954,0x6669C6C,919,MergeEngine.ECS.Systems.Board,BoardSystem,"public BoardItemPosition GetClosestAvailablePositionTo(BoardItemPosition boardItemPosition, BoardItemPosition[] ignorePositions) { }",True
0x678C6E4,954,0x678C69C,954,MergeEngine.ECS.Systems.Items,ConsumableDropSystem,private BoardSystem get_BoardSystem() { },True
0x678C6E4,954,0x678CB14,954,MergeEngine.ECS.Systems.Items,ConsumableDropSystem,"private IMergeItem SpawnConsumable(PlayerResourceEnum resource, BoardItemPosition boardItemPosition, BoardItemPosition positionFrom, out Entity consumableEntity) { }",True
0x678C6E4,954,0x68FD714,1080,MergeEngine.ECS.Components.Items,LockedComponent,public bool get_AnyLock() { },True
0x678CB14,954,0x614CB20,3000,Merger.Rewards.Constants,RewardTypesConstants,public static IRewardType GetRewardType(PlayerResourceEnum resourceEnum) { },True
0x678CB14,954,0x678C69C,954,MergeEngine.ECS.Systems.Items,ConsumableDropSystem,private BoardSystem get_BoardSystem() { },True
0x678CB14,954,0x6913BC8,1186,MergeEngine.Configuration,MergeItemInstanceConfiguration,"public static MergeItemInstanceConfiguration CreateBoardConfiguration(BoardItemPosition position, Nullable<ItemOrigin> itemOrigin, LockedCapability lockedCapability, string uuid) { }",True
0x678D1C0,964,0x3BED81C,1054,MergeEngine.ECS.Components.Items,ComponentBase,MergeEngine.ECS.Components.Items.ComponentBase$$GetComponent<object>,True
0x678D1C0,964,0x3D402AC,9785,Merger.Services.Backend.WebSocket,OperationTrackingSystem,Merger.Services.Backend.WebSocket.OperationTrackingSystem$$TrackExpendOperation<object>,True
0x678D1C0,964,0x5FF3878,225,MergeEngine.Signal.Items,ItemExpiredSignal,"public void .ctor(IMergeItem mergeItem, ExpendableComponent expendableComponent) { }",True
0x678D1C0,964,0x627F73C,648,MergeEngine.ECS.Systems,InteractionSystem,"public bool TryConsumeInteractionCost(InteractionComponent interactionComponent, bool notifyPlayer = True, OperationContext context, CombiningComponent combiningComponent) { }",True
0x678D1C0,964,0x678CFFC,964,MergeEngine.ECS.Systems.Items,ExpendableSystem,private long get_CurrentServerTimeMS() { },True
0x678D1C0,964,0x678D9F4,964,MergeEngine.ECS.Systems.Items,ExpendableSystem,"private bool CanExpend(ExpendableComponent expendableComponent, PositionComponent positionComponent) { }",True
0x678D1C0,964,0x678DC1C,964,MergeEngine.ECS.Systems.Items,ExpendableSystem,private void SetExpendableTrackingDataWithoutSpawn(ExpendableComponent expendable) { },True
0x678D1C0,964,0x678DCDC,964,MergeEngine.ECS.Systems.Items,ExpendableSystem,"private void TrySpawnParticles(ExpendableComponent expendableComponent, InteractionComponent interactionComponent, PositionComponent positionComponent) { }",True
0x678D1C0,964,0x678DE24,964,MergeEngine.ECS.Systems.Items,ExpendableSystem,"private void TryTransformItem(ExpendableComponent expendableComponent, OperationContext operationContext, string reason, bool shouldHideTransformedItems, CombiningComponent combiningComponent, bool transformTimeLimited = False) { }",True
0x678D1C0,964,0x678E128,964,MergeEngine.ECS.Systems.Items,ExpendableSystem,"private void TrySpawnItems(ExpendableComponent expendableComponent, InteractionComponent interactionComponent, PositionComponent positionComponent, OperationContext operationContext, bool transformTimeLimited = False) { }",True
0x678D1C0,964,0x68FC1C8,1058,MergeEngine.ECS.Components.Items,ExpendableComponent,public bool get_HasTimer() { },True
0x678D1C0,964,0x6930F58,11086,Framework.Core.Services.Backend.Data.Payload,TimerItemData,public void .ctor() { },True
0x678D9F4,964,0x3BED81C,1054,MergeEngine.ECS.Components.Items,ComponentBase,MergeEngine.ECS.Components.Items.ComponentBase$$GetComponent<object>,True
0x678D9F4,964,0x66675F0,919,MergeEngine.ECS.Systems.Board,BoardSystem,public int get_NumEmptyPositions() { },True
0x678DC1C,964,0x69005E4,1113,MergeEngine.ECS.Components.InteractionTracking,ExpendableTrackingData,public void .ctor() { },True
0x678DE24,964,0x3BED81C,1054,MergeEngine.ECS.Components.Items,ComponentBase,MergeEngine.ECS.Components.Items.ComponentBase$$GetComponent<object>,True
0x678DE24,964,0x5FF4C20,272,MergeEngine.Signal.Board,SimulateTapSignal,public void .ctor(PositionComponent positionComponent) { },True
0x678DE24,964,0x678E6E4,964,MergeEngine.ECS.Systems.Items,ExpendableSystem,"private void SpawnItems(ExpendableComponent expendable, bool isTransformationByReason, string reason, int numItemsToSpawn, Func<BoardItemPosition> getPositionFunc, ItemOrigin itemOrigin, OperationContext operationContext, bool shouldHideTransformedItems, bool transformTimeLimited = False) { }",True
0x678DE24,964,0x68FCB34,1070,MergeEngine.ECS.Components.Items,InteractionComponent,public static int get_NextCallbackId() { },True
0x678E128,964,0x66675F0,919,MergeEngine.ECS.Systems.Board,BoardSystem,public int get_NumEmptyPositions() { },True
0x678E128,964,0x678E368,964,MergeEngine.ECS.Systems.Items,ExpendableSystem,"private void SpawnItems(ExpendableComponent expendable, IList<EmptiableWeightedItemSpawnable> itemSpawnables, int numItemsToSpawn, Func<BoardItemPosition> getPositionFunc, ItemOrigin itemOrigin, OperationContext operationContext, bool transformTimeLimited = False) { }",True
0x678E368,964,0x3E36A2C,123,MergeEngine.Util,WeightedItemUtil,"MergeEngine.Util.WeightedItemUtil$$GenerateWeightedItemList<object, object>",True
0x678E368,964,0x4944E1C,121,MergeEngine.Util,WeightedItemList<TItem>,MergeEngine.Util.WeightedItemList<object>$$GetItem,True
0x678E368,964,0x678EB34,964,MergeEngine.ECS.Systems.Items,ExpendableSystem,"private void SpawnItem(WeightedItemSpawnable itemSpawnable, ExpendableComponent expendable, Func<BoardItemPosition> getPositionFunc, ItemOrigin itemOrigin, OperationContext operationContext, bool shouldHideTransformedItems, bool transformTimeLimited = False) { }",True
0x678E6E4,964,0x3E36A2C,123,MergeEngine.Util,WeightedItemUtil,"MergeEngine.Util.WeightedItemUtil$$GenerateWeightedItemList<object, object>",True
0x678E6E4,964,0x4944E1C,121,MergeEngine.Util,WeightedItemList<TItem>,MergeEngine.Util.WeightedItemList<object>$$GetItem,True
0x678E6E4,964,0x678EB34,964,MergeEngine.ECS.Systems.Items,ExpendableSystem,"private void SpawnItem(WeightedItemSpawnable itemSpawnable, ExpendableComponent expendable, Func<BoardItemPosition> getPositionFunc, ItemOrigin itemOrigin, OperationContext operationContext, bool shouldHideTransformedItems, bool transformTimeLimited = False) { }",True
0x678EB34,964,0x3BED81C,1054,MergeEngine.ECS.Components.Items,ComponentBase,MergeEngine.ECS.Components.Items.ComponentBase$$GetComponent<object>,True
0x678EB34,964,0x3C20D84,588,MergeEngine.ECS,Entity,MergeEngine.ECS.Entity$$GetComponent<object>,True
0x678EB34,964,0x60117CC,1454,MergeEngine.Configuration.Capabilities,LockedCapability,"public void .ctor(bool locked, bool boxed, int lockedByLevel, bool bubbled, UnboxingType unboxingType, int interactionAmount, PlayerResourceEnum interactionResource = 1) { }",True
0x678EB34,964,0x626F74C,599,MergeEngine.ECS.Util,BoardSystemUtil,"public static void SlideItemInOnInteractionCostDeducted(BoardSystem boardSystem, BoardItemPosition position, BoardItemPosition fromPosition, InteractionComponent interactionComponent) { }",True
0x678EB34,964,0x678F124,964,MergeEngine.ECS.Systems.Items,ExpendableSystem,"private void UpdateProducersCreatedTimestamp(ExpendableComponent expandable, Entity spawnable) { }",True
0x678EB34,964,0x678F3D4,964,MergeEngine.ECS.Systems.Items,ExpendableSystem,"private void SetExpendableTrackingData(ItemOrigin itemOrigin, WeightedItemSpawnable itemSpawnable, ExpendableComponent expendable) { }",True
0x678EB34,964,0x68FCF84,1070,MergeEngine.ECS.Components.Items,InteractionComponent,public void AddCostConsumedCallback(Action callback) { },True
0x678EB34,964,0x6913BC8,1186,MergeEngine.Configuration,MergeItemInstanceConfiguration,"public static MergeItemInstanceConfiguration CreateBoardConfiguration(BoardItemPosition position, Nullable<ItemOrigin> itemOrigin, LockedCapability lockedCapability, string uuid) { }",True
0x678F124,964,0x3BED81C,1054,MergeEngine.ECS.Components.Items,ComponentBase,MergeEngine.ECS.Components.Items.ComponentBase$$GetComponent<object>,True
0x678F124,964,0x3C20D84,588,MergeEngine.ECS,Entity,MergeEngine.ECS.Entity$$GetComponent<object>,True
0x678F3D4,964,0x6900508,1113,MergeEngine.ECS.Components.InteractionTracking,ExpendableTrackingData,public void set_ExpendItemSpawned(string value) { },True
0x678F3D4,964,0x69005E4,1113,MergeEngine.ECS.Components.InteractionTracking,ExpendableTrackingData,public void .ctor() { },True
0x678F5C0,964,0x3C20D84,588,MergeEngine.ECS,Entity,MergeEngine.ECS.Entity$$GetComponent<object>,True
0x678F5C0,964,0x3D402AC,9785,Merger.Services.Backend.WebSocket,OperationTrackingSystem,Merger.Services.Backend.WebSocket.OperationTrackingSystem$$TrackExpendOperation<object>,True
0x678F5C0,964,0x5FF3878,225,MergeEngine.Signal.Items,ItemExpiredSignal,"public void .ctor(IMergeItem mergeItem, ExpendableComponent expendableComponent) { }",True
0x678F5C0,964,0x66675F0,919,MergeEngine.ECS.Systems.Board,BoardSystem,public int get_NumEmptyPositions() { },True
0x678F5C0,964,0x678DE24,964,MergeEngine.ECS.Systems.Items,ExpendableSystem,"private void TryTransformItem(ExpendableComponent expendableComponent, OperationContext operationContext, string reason, bool shouldHideTransformedItems, CombiningComponent combiningComponent, bool transformTimeLimited = False) { }",True
0x678F5C0,964,0x678E368,964,MergeEngine.ECS.Systems.Items,ExpendableSystem,"private void SpawnItems(ExpendableComponent expendable, IList<EmptiableWeightedItemSpawnable> itemSpawnables, int numItemsToSpawn, Func<BoardItemPosition> getPositionFunc, ItemOrigin itemOrigin, OperationContext operationContext, bool transformTimeLimited = False) { }",True
0x678F5C0,964,0x6790040,964,MergeEngine.ECS.Systems.Items,ExpendableSystem,"private void SetTimeLimitedExtraData(TimeLimitedActivationComponent timeLimitedComponent, ExpendableComponent expendableComponent) { }",True
0x678F5C0,964,0x68FC1C8,1058,MergeEngine.ECS.Components.Items,ExpendableComponent,public bool get_HasTimer() { },True
0x678FC10,964,0x3BED81C,1054,MergeEngine.ECS.Components.Items,ComponentBase,MergeEngine.ECS.Components.Items.ComponentBase$$GetComponent<object>,True
0x678FC10,964,0x3D402AC,9785,Merger.Services.Backend.WebSocket,OperationTrackingSystem,Merger.Services.Backend.WebSocket.OperationTrackingSystem$$TrackExpendOperation<object>,True
0x678FC10,964,0x5FF3878,225,MergeEngine.Signal.Items,ItemExpiredSignal,"public void .ctor(IMergeItem mergeItem, ExpendableComponent expendableComponent) { }",True
0x678FC10,964,0x627F73C,648,MergeEngine.ECS.Systems,InteractionSystem,"public bool TryConsumeInteractionCost(InteractionComponent interactionComponent, bool notifyPlayer = True, OperationContext context, CombiningComponent combiningComponent) { }",True
0x678FC10,964,0x678D9F4,964,MergeEngine.ECS.Systems.Items,ExpendableSystem,"private bool CanExpend(ExpendableComponent expendableComponent, PositionComponent positionComponent) { }",True
0x678FC10,964,0x678DCDC,964,MergeEngine.ECS.Systems.Items,ExpendableSystem,"private void TrySpawnParticles(ExpendableComponent expendableComponent, InteractionComponent interactionComponent, PositionComponent positionComponent) { }",True
0x678FC10,964,0x678DE24,964,MergeEngine.ECS.Systems.Items,ExpendableSystem,"private void TryTransformItem(ExpendableComponent expendableComponent, OperationContext operationContext, string reason, bool shouldHideTransformedItems, CombiningComponent combiningComponent, bool transformTimeLimited = False) { }",True
0x678FC10,964,0x678E128,964,MergeEngine.ECS.Systems.Items,ExpendableSystem,"private void TrySpawnItems(ExpendableComponent expendableComponent, InteractionComponent interactionComponent, PositionComponent positionComponent, OperationContext operationContext, bool transformTimeLimited = False) { }",True
0x678FC10,964,0x6790040,964,MergeEngine.ECS.Systems.Items,ExpendableSystem,"private void SetTimeLimitedExtraData(TimeLimitedActivationComponent timeLimitedComponent, ExpendableComponent expendableComponent) { }",True
0x6790040,964,0x6930F58,11086,Framework.Core.Services.Backend.Data.Payload,TimerItemData,public void .ctor() { },True
0x6790330,957,0x3BED81C,1054,MergeEngine.ECS.Components.Items,ComponentBase,MergeEngine.ECS.Components.Items.ComponentBase$$GetComponent<object>,True
0x679081C,966,0x3DB6C18,685,MergeEngine.ECS.Systems,SystemBase,MergeEngine.ECS.Systems.SystemBase$$GetSystem<object>,True
0x6790A34,966,0x3BED81C,1054,MergeEngine.ECS.Components.Items,ComponentBase,MergeEngine.ECS.Components.Items.ComponentBase$$GetComponent<object>,True
0x6790A34,966,0x64F1070,843,MergeEngine.ECS.Systems.Player,ResourcesSystem,public bool CanAfford(ResourceMultiple resourceMultiple) { },True
0x6790A34,966,0x6660834,919,MergeEngine.ECS.Systems.Board,BoardSystem,public PositionComponent GetItem(BoardItemPosition position) { },True
0x6790EB8,966,0x6790F98,966,MergeEngine.ECS.Systems.Items,SkipCooldownSystem,"private double GetTimeLeft(ITimeLocked timeLocked, IItemSpawning itemSpawning) { }",True
0x67911FC,966,0x6790F98,966,MergeEngine.ECS.Systems.Items,SkipCooldownSystem,"private double GetTimeLeft(ITimeLocked timeLocked, IItemSpawning itemSpawning) { }",True
0x67912D4,966,0x6A21870,1314,MergeEngine.Configuration.Definitions,ResourceMultiple,"public void .ctor(PlayerResourceEnum resource, int amount, bool shouldBeHidden = False) { }",True
0x67913CC,966,0x67906B0,966,MergeEngine.ECS.Systems.Items,SkipCooldownSystem,private SkipCooldownConfig get_SkipCooldownConfig() { },True
0x67913CC,966,0x6A21870,1314,MergeEngine.Configuration.Definitions,ResourceMultiple,"public void .ctor(PlayerResourceEnum resource, int amount, bool shouldBeHidden = False) { }",True
0x6791568,965,0x3BED81C,1054,MergeEngine.ECS.Components.Items,ComponentBase,MergeEngine.ECS.Components.Items.ComponentBase$$GetComponent<object>,True
0x6791568,965,0x3BED85C,1054,MergeEngine.ECS.Components.Items,ComponentBase,MergeEngine.ECS.Components.Items.ComponentBase$$GetComponents<object>,True
0x6791568,965,0x64F1188,843,MergeEngine.ECS.Systems.Player,ResourcesSystem,"public bool ConsumeResource(ResourceMultiple resourceMultiple, bool delayDisplay, ResourceSource source, Dictionary<string, object> analyticParameters, bool shouldChangeRealValue = False) { }",True
0x6791568,965,0x66675F0,919,MergeEngine.ECS.Systems.Board,BoardSystem,public int get_NumEmptyPositions() { },True
0x6791568,965,0x676AB4C,9341,Merger.Game.Signal,BoardItemCooldownSkippedSignal,"public void .ctor(IMergeItem item, int numEmptyPositions, ResourceMultiple price, TimeCycleComponentAnalytics timeCycleComponentAnalytics, bool showTimeLeft) { }",True
0x6791568,965,0x6791540,966,MergeEngine.ECS.Systems.Items,SkipCooldownSystem,private double GetTimeLeft(SelectedBoardItem selectedBoardItem) { },True
0x6791568,965,0x6791AD0,973,MergeEngine.ECS.Systems.Items,TimeLockSystem,public void CompleteUnlocking(TimeLockComponent timeLockComponent) { },True
0x6791568,965,0x6791AF8,969,MergeEngine.ECS.Systems.Items,TimeCycleSystem,"public void ProcessTime(double seconds, ITimeCycleComponent component) { }",True
0x6791FF4,969,0x63A84BC,729,MergeEngine.ECS.Systems.Timing,TimeSystem,public double get_DeltaTimeToProcess() { },True
0x67921FC,969,0x6792768,969,MergeEngine.ECS.Systems.Items,TimeCycleSystem,"private void ProcessCycles(ITimeCycleComponent component, double seconds) { }",True
0x67921FC,969,0x6793788,969,MergeEngine.ECS.Systems.Items,TimeCycleSystem,"private void CheckCooldownState(TimeCycleState previousState, TimeCycleState currentState, IMergeItem item, TimeCycleComponentAnalytics analyticParams, ITimeCycleComponent component) { }",True
0x6792768,969,0x6289F5C,659,MergeEngine.ECS.Systems,InventorySystem,public static string GetDestinationForItem(Entity entity) { },True
0x6792768,969,0x63A73DC,685,MergeEngine.ECS.Systems,SystemBase,protected bool IsCooldownBlocked(Entity entity) { },True
0x6792768,969,0x66675F0,919,MergeEngine.ECS.Systems.Board,BoardSystem,public int get_NumEmptyPositions() { },True
0x6792768,969,0x676A7D0,9327,Merger.Game.Signal,BoardItemCooldownBaseSignal,"public void .ctor(IMergeItem item, int numEmptyPositions, TimeCycleComponentAnalytics timeCycleComponentAnalytics, string uuId, bool showTimeLeft, ResourceMultiple cooldownPrice) { }",True
0x6792768,969,0x67921FC,969,MergeEngine.ECS.Systems.Items,TimeCycleSystem,"private void ProcessDelay(ITimeCycleComponent component, double seconds) { }",True
0x6792768,969,0x6793788,969,MergeEngine.ECS.Systems.Items,TimeCycleSystem,"private void CheckCooldownState(TimeCycleState previousState, TimeCycleState currentState, IMergeItem item, TimeCycleComponentAnalytics analyticParams, ITimeCycleComponent component) { }",True
0x6792768,969,0x6793EA8,969,MergeEngine.ECS.Systems.Items,TimeCycleSystem,private bool SkipCooldownEntirely(ITimeCycleComponent component) { },True
0x6792768,969,0x6793FBC,969,MergeEngine.ECS.Systems.Items,TimeCycleSystem,"private void ProcessCycle(ITimeCycleComponent component, double seconds) { }",True
0x6792768,969,0x67B94A0,9785,Merger.Services.Backend.WebSocket,OperationTrackingSystem,"public void TrackChangeStateOperation(ItemNotificationData itemData, ExtraData extraData) { }",True
0x6793788,969,0x6289F5C,659,MergeEngine.ECS.Systems,InventorySystem,public static string GetDestinationForItem(Entity entity) { },True
0x6793788,969,0x63A73DC,685,MergeEngine.ECS.Systems,SystemBase,protected bool IsCooldownBlocked(Entity entity) { },True
0x6793788,969,0x66675F0,919,MergeEngine.ECS.Systems.Board,BoardSystem,public int get_NumEmptyPositions() { },True
0x6793788,969,0x676A7D0,9327,Merger.Game.Signal,BoardItemCooldownBaseSignal,"public void .ctor(IMergeItem item, int numEmptyPositions, TimeCycleComponentAnalytics timeCycleComponentAnalytics, string uuId, bool showTimeLeft, ResourceMultiple cooldownPrice) { }",True
0x6793788,969,0x678CF40,955,MergeEngine.ECS.Systems.Items,CooldownLifecycleChangeSignal,public void .ctor(bool alive) { },True
0x6793788,969,0x67911FC,966,MergeEngine.ECS.Systems.Items,SkipCooldownSystem,"public ResourceMultiple GetSkipCooldownPrice(TimeLockComponent timeLockComponent, IItemSpawning itemSpawning) { }",True
0x6793788,969,0x67B94A0,9785,Merger.Services.Backend.WebSocket,OperationTrackingSystem,"public void TrackChangeStateOperation(ItemNotificationData itemData, ExtraData extraData) { }",True
0x6794624,968,0x68FD714,1080,MergeEngine.ECS.Components.Items,LockedComponent,public bool get_AnyLock() { },True
0x6794848,971,0x3C20D84,588,MergeEngine.ECS,Entity,MergeEngine.ECS.Entity$$GetComponent<object>,True
0x6794848,971,0x3C21B68,588,MergeEngine.ECS,Entity,"MergeEngine.ECS.Entity$$TryAddComponent<object, object>",True
0x6794848,971,0x60118E4,1465,MergeEngine.Configuration.Capabilities,TimeDurationCapability,public void .ctor() { },True
0x6794848,971,0x6794A24,971,MergeEngine.ECS.Systems.Items,TimeLimitedActivationSystem,"public static ExtraData CreateExtraDataWithTimerItemData(int timeLeft, bool isTimerActivated, string creationReason, string triggerReason, string removeReason) { }",True
0x6794848,971,0x68FC1C8,1058,MergeEngine.ECS.Components.Items,ExpendableComponent,public bool get_HasTimer() { },True
0x6794A24,971,0x6930F58,11086,Framework.Core.Services.Backend.Data.Payload,TimerItemData,public void .ctor() { },True
0x6794B28,971,0x3C20D84,588,MergeEngine.ECS,Entity,MergeEngine.ECS.Entity$$GetComponent<object>,True
0x6794B28,971,0x3C21B68,588,MergeEngine.ECS,Entity,"MergeEngine.ECS.Entity$$TryAddComponent<object, object>",True
0x6794B28,971,0x3DB68FC,685,MergeEngine.ECS.Systems,SystemBase,MergeEngine.ECS.Systems.SystemBase$$GetComponent<object>,True
0x6794B28,971,0x5FF3728,221,MergeEngine.Signal.Items,ItemAppearedSignal,"public void .ctor(IMergeItem mergeItem, Entity entity) { }",True
0x6794B28,971,0x60108A0,1453,MergeEngine.Configuration.Capabilities,ItemsSpawningCapability,public List<IMergeItem> get_SpawnedMergeItems() { },True
0x6794B28,971,0x60118E4,1465,MergeEngine.Configuration.Capabilities,TimeDurationCapability,public void .ctor() { },True
0x6794B28,971,0x67946F8,971,MergeEngine.ECS.Systems.Items,TimeLimitedActivationSystem,private long get_CurrentServerTimeMS() { },True
0x6794B28,971,0x6794A24,971,MergeEngine.ECS.Systems.Items,TimeLimitedActivationSystem,"public static ExtraData CreateExtraDataWithTimerItemData(int timeLeft, bool isTimerActivated, string creationReason, string triggerReason, string removeReason) { }",True
0x6794B28,971,0x67955EC,971,MergeEngine.ECS.Systems.Items,TimeLimitedActivationSystem,private bool IsLocked(ComponentBase component) { },True
0x6794B28,971,0x67B94A0,9785,Merger.Services.Backend.WebSocket,OperationTrackingSystem,"public void TrackChangeStateOperation(ItemNotificationData itemData, ExtraData extraData) { }",True
0x6794B28,971,0x68FC1C8,1058,MergeEngine.ECS.Components.Items,ExpendableComponent,public bool get_HasTimer() { },True
0x6794B28,971,0x6901F0C,1117,MergeEngine.ECS.Components.InteractionTracking,ItemSpawningTrackingData,public void .ctor() { },True
0x67955EC,971,0x3BED81C,1054,MergeEngine.ECS.Components.Items,ComponentBase,MergeEngine.ECS.Components.Items.ComponentBase$$GetComponent<object>,True
0x67956B8,970,0x3BED81C,1054,MergeEngine.ECS.Components.Items,ComponentBase,MergeEngine.ECS.Components.Items.ComponentBase$$GetComponent<object>,True
0x67956B8,970,0x679595C,970,,TimeLimitedActivationSystem.<OnWillProcessComponents>d__11,private void <>m__Finally1() { },True
0x6795BA4,972,0x3BED81C,1054,MergeEngine.ECS.Components.Items,ComponentBase,MergeEngine.ECS.Components.Items.ComponentBase$$GetComponent<object>,True
0x6795BA4,972,0x3C20D84,588,MergeEngine.ECS,Entity,MergeEngine.ECS.Entity$$GetComponent<object>,True
0x6795BA4,972,0x665D01C,896,MergeEngine.ECS.Systems.Board,BoardInteractionSystem,public SelectedBoardItem GetSelectedBoardItem(PositionComponent positionComponent) { },True
0x6795BA4,972,0x676ABD0,9342,Merger.Game.Signal,BoardItemSelectedSignal,public void .ctor(SelectedBoardItem selectedBoardItem) { },True
0x6795BA4,972,0x6794A24,971,MergeEngine.ECS.Systems.Items,TimeLimitedActivationSystem,"public static ExtraData CreateExtraDataWithTimerItemData(int timeLeft, bool isTimerActivated, string creationReason, string triggerReason, string removeReason) { }",True
0x6795BA4,972,0x6795AFC,972,MergeEngine.ECS.Systems.Items,TimeLimitedPostActivationSystem,private long get_CurrentServerTimeMS() { },True
0x6795E4C,973,0x3DB6C18,685,MergeEngine.ECS.Systems,SystemBase,MergeEngine.ECS.Systems.SystemBase$$GetSystem<object>,True
0x6795FC4,973,0x63A7438,685,MergeEngine.ECS.Systems,SystemBase,protected bool IsUnlockBlocked(ComponentBase component) { },True
0x6795FC4,973,0x63A84BC,729,MergeEngine.ECS.Systems.Timing,TimeSystem,public double get_DeltaTimeToProcess() { },True
0x6795FC4,973,0x67964D4,973,MergeEngine.ECS.Systems.Items,TimeLockSystem,"private void FireUnlockStateSignal(TimeLockComponent timeLockComponent, bool isStarted) { }",True
0x67960F4,973,0x6289F5C,659,MergeEngine.ECS.Systems,InventorySystem,public static string GetDestinationForItem(Entity entity) { },True
0x67960F4,973,0x6795FC4,973,MergeEngine.ECS.Systems.Items,TimeLockSystem,private void ProcessCountdown(TimeLockComponent timeLockComponent) { },True
0x67960F4,973,0x67962DC,973,MergeEngine.ECS.Systems.Items,TimeLockSystem,private bool AreItemsInGroupBeingUnlocked(TimeLockComponent timeLockComponent) { },True
0x67960F4,973,0x67964D4,973,MergeEngine.ECS.Systems.Items,TimeLockSystem,"private void FireUnlockStateSignal(TimeLockComponent timeLockComponent, bool isStarted) { }",True
0x67960F4,973,0x67B94A0,9785,Merger.Services.Backend.WebSocket,OperationTrackingSystem,"public void TrackChangeStateOperation(ItemNotificationData itemData, ExtraData extraData) { }",True
0x67964D4,973,0x5FF3A7C,229,MergeEngine.Signal.Items,ItemsUnlockFinishedSignal,"public void .ctor(IMergeItem item, int level) { }",True
0x67964D4,973,0x5FF3AF0,231,MergeEngine.Signal.Items,ItemUnlockStartedSignal,"public void .ctor(IMergeItem item, int level) { }",True
0x67966A8,973,0x67962DC,973,MergeEngine.ECS.Systems.Items,TimeLockSystem,private bool AreItemsInGroupBeingUnlocked(TimeLockComponent timeLockComponent) { },True
0x6796908,973,0x3BED81C,1054,MergeEngine.ECS.Components.Items,ComponentBase,MergeEngine.ECS.Components.Items.ComponentBase$$GetComponent<object>,True
0x6796908,973,0x63A7438,685,MergeEngine.ECS.Systems,SystemBase,protected bool IsUnlockBlocked(ComponentBase component) { },True
0x6796908,973,0x6795FC4,973,MergeEngine.ECS.Systems.Items,TimeLockSystem,private void ProcessCountdown(TimeLockComponent timeLockComponent) { },True
0x6796908,973,0x67960F4,973,MergeEngine.ECS.Systems.Items,TimeLockSystem,private void StartUnlocking(TimeLockComponent timeLockComponent) { },True
0x6796908,973,0x6796D20,973,MergeEngine.ECS.Systems.Items,TimeLockSystem,private void HandleMergeState(TimeLockComponent timeLockComponent) { },True
0x6796908,973,0x68FE14C,1094,MergeEngine.ECS.Components.Items,TimeLockComponent,public bool get_Locked() { },True
0x6796D20,973,0x3BED81C,1054,MergeEngine.ECS.Components.Items,ComponentBase,MergeEngine.ECS.Components.Items.ComponentBase$$GetComponent<object>,True
0x6796DD4,973,0x3C20D84,588,MergeEngine.ECS,Entity,MergeEngine.ECS.Entity$$GetComponent<object>,True
0x6796DD4,973,0x67960F4,973,MergeEngine.ECS.Systems.Items,TimeLockSystem,private void StartUnlocking(TimeLockComponent timeLockComponent) { },True
0x6796FEC,973,0x3C20D84,588,MergeEngine.ECS,Entity,MergeEngine.ECS.Entity$$GetComponent<object>,True
0x6796FEC,973,0x63A7330,685,MergeEngine.ECS.Systems,SystemBase,protected virtual void EntityRemoved(Entity entity) { },True
0x67971E4,974,0x3BED81C,1054,MergeEngine.ECS.Components.Items,ComponentBase,MergeEngine.ECS.Components.Items.ComponentBase$$GetComponent<object>,True
0x67971E4,974,0x6659DC0,919,MergeEngine.ECS.Systems.Board,BoardSystem,public bool get_IsFull() { },True
0x67972F8,974,0x3BED81C,1054,MergeEngine.ECS.Components.Items,ComponentBase,MergeEngine.ECS.Components.Items.ComponentBase$$GetComponent<object>,True
0x67972F8,974,0x4C03AD8,944,MergeEngine.ECS.Systems.Items,BaseToolAnalysisSystem<T>,MergeEngine.ECS.Systems.Items.BaseToolAnalysisSystem<object>$$AnalyzeBoardToolChains,True
0x67972F8,974,0x4C048BC,944,MergeEngine.ECS.Systems.Items,BaseToolAnalysisSystem<T>,MergeEngine.ECS.Systems.Items.BaseToolAnalysisSystem<object>$$ApplyMetagameWeightBoosts,True
0x67972F8,974,0x4C04970,944,MergeEngine.ECS.Systems.Items,BaseToolAnalysisSystem<T>,MergeEngine.ECS.Systems.Items.BaseToolAnalysisSystem<object>$$ApplyToolFiltering,True
0x67972F8,974,0x4C04A08,944,MergeEngine.ECS.Systems.Items,BaseToolAnalysisSystem<T>,MergeEngine.ECS.Systems.Items.BaseToolAnalysisSystem<object>$$CreateChainBasedFilter,True
0x67972F8,974,0x4C04AC4,944,MergeEngine.ECS.Systems.Items,BaseToolAnalysisSystem<T>,MergeEngine.ECS.Systems.Items.BaseToolAnalysisSystem<object>$$SelectRandomWeightedTool,True
0x67972F8,974,0x627F73C,648,MergeEngine.ECS.Systems,InteractionSystem,"public bool TryConsumeInteractionCost(InteractionComponent interactionComponent, bool notifyPlayer = True, OperationContext context, CombiningComponent combiningComponent) { }",True
0x67972F8,974,0x6659DC0,919,MergeEngine.ECS.Systems.Board,BoardSystem,public bool get_IsFull() { },True
0x67972F8,974,0x6797538,974,MergeEngine.ECS.Systems.Items,ToolSpawningSystem,"private Dictionary<PlayerResourceEnum, int> CalculateCurrentToolAmounts(Dictionary<PlayerResourceEnum, int> collectableTools) { }",True
0x67972F8,974,0x6797740,974,MergeEngine.ECS.Systems.Items,ToolSpawningSystem,"private void CreateTool(IMergeGraphItem toolGraph, ToolSpawningComponent origin, bool isUnfinishedChain, int currentLevelSum) { }",True
0x6797538,974,0x614CB20,3000,Merger.Rewards.Constants,RewardTypesConstants,public static IRewardType GetRewardType(PlayerResourceEnum resourceEnum) { },True
0x6797740,974,0x3BED81C,1054,MergeEngine.ECS.Components.Items,ComponentBase,MergeEngine.ECS.Components.Items.ComponentBase$$GetComponent<object>,True
0x6797740,974,0x3C20D84,588,MergeEngine.ECS,Entity,MergeEngine.ECS.Entity$$GetComponent<object>,True
0x6797740,974,0x3D4062C,9785,Merger.Services.Backend.WebSocket,OperationTrackingSystem,Merger.Services.Backend.WebSocket.OperationTrackingSystem$$TrackInteractionOperation<object>,True
0x6797740,974,0x4C04DE8,944,MergeEngine.ECS.Systems.Items,BaseToolAnalysisSystem<T>,MergeEngine.ECS.Systems.Items.BaseToolAnalysisSystem<object>$$GenerateRandomToolFromWeights,True
0x6797740,974,0x5FF3E1C,240,MergeEngine.Signal.Items,ToolItemSpawnedSignal,"public void .ctor(IMergeItem spawned, int level, IMergeItem spawnedFrom) { }",True
0x6797740,974,0x60117A8,1454,MergeEngine.Configuration.Capabilities,LockedCapability,public void .ctor() { },True
0x6797740,974,0x626F74C,599,MergeEngine.ECS.Util,BoardSystemUtil,"public static void SlideItemInOnInteractionCostDeducted(BoardSystem boardSystem, BoardItemPosition position, BoardItemPosition fromPosition, InteractionComponent interactionComponent) { }",True
0x6797740,974,0x6669C6C,919,MergeEngine.ECS.Systems.Board,BoardSystem,"public BoardItemPosition GetClosestAvailablePositionTo(BoardItemPosition boardItemPosition, BoardItemPosition[] ignorePositions) { }",True
0x6797740,974,0x6901FA4,1120,MergeEngine.ECS.Components.InteractionTracking,ToolSpawningTrackingData,public void .ctor() { },True
0x6797740,974,0x6913BC8,1186,MergeEngine.Configuration,MergeItemInstanceConfiguration,"public static MergeItemInstanceConfiguration CreateBoardConfiguration(BoardItemPosition position, Nullable<ItemOrigin> itemOrigin, LockedCapability lockedCapability, string uuid) { }",True
0x6797E70,976,0x6798100,976,MergeEngine.ECS.Systems.Items,ToolsRequiredByBuildingsHelper,"private ToolsRequiredByBuildingsHelper.BuildingUpgradeToBoostData GetCandidateUpgrade(BuildingInstanceProgression building, Dictionary<PlayerResourceEnum, int> currentToolAmounts) { }",True
0x6798100,976,0x601EEFC,1580,GameCore.Configuration.Definitions,BaseReward,public int get_Amount() { },True
0x6798100,976,0x67986F0,976,MergeEngine.ECS.Systems.Items,ToolsRequiredByBuildingsHelper,private List<ResourceMultiple> GetRequiredToolsForStage(IBuildingStage stage) { },True
0x67986F0,976,0x6A2A800,1314,MergeEngine.Configuration.Definitions,ResourceMultiple,public bool IsTool() { },True
0x6798B10,978,0x3C20D84,588,MergeEngine.ECS,Entity,MergeEngine.ECS.Entity$$GetComponent<object>,True
0x6798B78,978,0x6798BF4,978,MergeEngine.ECS.Systems.Items,UndoSell,private bool HasSellCost() { },True
0x6798CB4,978,0x6798BF4,978,MergeEngine.ECS.Systems.Items,UndoSell,private bool HasSellCost() { },True
0x6799060,981,0x3C20D84,588,MergeEngine.ECS,Entity,MergeEngine.ECS.Entity$$GetComponent<object>,True
0x6799910,983,0x6660834,919,MergeEngine.ECS.Systems.Board,BoardSystem,public PositionComponent GetItem(BoardItemPosition position) { },True
0x679B660,987,0x3AF6E54,992,MergeEngine.ECS.Systems.Items.Producers,SpawningItemsSystem<T>,MergeEngine.ECS.Systems.Items.Producers.SpawningItemsSystem<object>$$GetUnlockedComponents<object>,True
0x679B6C4,987,0x3BED81C,1054,MergeEngine.ECS.Components.Items,ComponentBase,MergeEngine.ECS.Components.Items.ComponentBase$$GetComponent<object>,True
0x679B6C4,987,0x4536958,992,MergeEngine.ECS.Systems.Items.Producers,SpawningItemsSystem<T>,MergeEngine.ECS.Systems.Items.Producers.SpawningItemsSystem<object>$$IsLocked,True
0x679B6C4,987,0x4536A00,992,MergeEngine.ECS.Systems.Items.Producers,SpawningItemsSystem<T>,MergeEngine.ECS.Systems.Items.Producers.SpawningItemsSystem<object>$$HandleFloatingTexts,True
0x679B6C4,987,0x53938F8,1103,MergeEngine.ECS.Components.Items.Producers,ItemSpawningComponent<TCapability>,MergeEngine.ECS.Components.Items.Producers.ItemSpawningComponent<object>$$get_ConsumedItemsDependant,True
0x679B6C4,987,0x627F90C,648,MergeEngine.ECS.Systems,InteractionSystem,"public bool CanAffordInteractionCost(InteractionComponent interactionComponent, bool notifyPlayer) { }",True
0x679B6C4,987,0x63A73F8,685,MergeEngine.ECS.Systems,SystemBase,protected bool IsCooldownBlocked(ComponentBase component) { },True
0x679B864,987,0x3BED81C,1054,MergeEngine.ECS.Components.Items,ComponentBase,MergeEngine.ECS.Components.Items.ComponentBase$$GetComponent<object>,True
0x679B864,987,0x3D4062C,9785,Merger.Services.Backend.WebSocket,OperationTrackingSystem,Merger.Services.Backend.WebSocket.OperationTrackingSystem$$TrackInteractionOperation<object>,True
0x679B864,987,0x45330D4,992,MergeEngine.ECS.Systems.Items.Producers,SpawningItemsSystem<T>,MergeEngine.ECS.Systems.Items.Producers.SpawningItemsSystem<object>$$SpawnAt,True
0x679B864,987,0x4536734,992,MergeEngine.ECS.Systems.Items.Producers,SpawningItemsSystem<T>,MergeEngine.ECS.Systems.Items.Producers.SpawningItemsSystem<object>$$TryGetLowLevelProduceData,True
0x679B864,987,0x5FF3C94,237,MergeEngine.Signal.Items,ProducerSpawnedItemSignal,"public void .ctor(ProducerComponent producer, BoardItemPosition position) { }",True
0x679B864,987,0x627826C,631,MergeEngine.ECS.Util,InteractionUtil,"public static int GetEmptyPositionCount(InteractionComponent interactionComponent, BoardSystem boardSystem) { }",True
0x679B864,987,0x627F73C,648,MergeEngine.ECS.Systems,InteractionSystem,"public bool TryConsumeInteractionCost(InteractionComponent interactionComponent, bool notifyPlayer = True, OperationContext context, CombiningComponent combiningComponent) { }",True
0x679B864,987,0x6660834,919,MergeEngine.ECS.Systems.Board,BoardSystem,public PositionComponent GetItem(BoardItemPosition position) { },True
0x679B864,987,0x6669C6C,919,MergeEngine.ECS.Systems.Board,BoardSystem,"public BoardItemPosition GetClosestAvailablePositionTo(BoardItemPosition boardItemPosition, BoardItemPosition[] ignorePositions) { }",True
0x679B864,987,0x679BFEC,987,MergeEngine.ECS.Systems.Items.Producers,ProduceSystem,"private void FireAnalyticsSignal(ProducerComponent producer, IMergeItem item, string spawnedItemUniqueId, int emptyPositionCount) { }",True
0x679B864,987,0x68FCB84,1070,MergeEngine.ECS.Components.Items,InteractionComponent,public bool get_HasInteractionCost() { },True
0x679C184,987,0x679BE50,987,MergeEngine.ECS.Systems.Items.Producers,ProduceSystem,private bool CanCompleteOrder(ProducerComponent producer) { },True
0x679C384,988,0x3BED81C,1054,MergeEngine.ECS.Components.Items,ComponentBase,MergeEngine.ECS.Components.Items.ComponentBase$$GetComponent<object>,True
0x679C384,988,0x4536958,992,MergeEngine.ECS.Systems.Items.Producers,SpawningItemsSystem<T>,MergeEngine.ECS.Systems.Items.Producers.SpawningItemsSystem<object>$$IsLocked,True
0x679C384,988,0x4536A00,992,MergeEngine.ECS.Systems.Items.Producers,SpawningItemsSystem<T>,MergeEngine.ECS.Systems.Items.Producers.SpawningItemsSystem<object>$$HandleFloatingTexts,True
0x679C384,988,0x627F73C,648,MergeEngine.ECS.Systems,InteractionSystem,"public bool TryConsumeInteractionCost(InteractionComponent interactionComponent, bool notifyPlayer = True, OperationContext context, CombiningComponent combiningComponent) { }",True
0x679C4FC,988,0x3BED81C,1054,MergeEngine.ECS.Components.Items,ComponentBase,MergeEngine.ECS.Components.Items.ComponentBase$$GetComponent<object>,True
0x679C4FC,988,0x66675F0,919,MergeEngine.ECS.Systems.Board,BoardSystem,public int get_NumEmptyPositions() { },True
0x679C4FC,988,0x666AB4C,919,MergeEngine.ECS.Systems.Board,BoardSystem,"public List<BoardItemPosition> GetAdjascentPositions(BoardItemPosition position, bool includeDiagonal, Func<BoardItemPosition, bool> includePredicate) { }",True
0x679C4FC,988,0x6789564,936,MergeEngine.ECS.Systems.Board,UndoSellAbuseSystem,public bool SpawnerAbuseIsPossible(string spawnerId) { },True
0x679C7E8,988,0x3BED81C,1054,MergeEngine.ECS.Components.Items,ComponentBase,MergeEngine.ECS.Components.Items.ComponentBase$$GetComponent<object>,True
0x679C7E8,988,0x66675F0,919,MergeEngine.ECS.Systems.Board,BoardSystem,public int get_NumEmptyPositions() { },True
0x679C7E8,988,0x6669C6C,919,MergeEngine.ECS.Systems.Board,BoardSystem,"public BoardItemPosition GetClosestAvailablePositionTo(BoardItemPosition boardItemPosition, BoardItemPosition[] ignorePositions) { }",True
0x679C938,988,0x3BED81C,1054,MergeEngine.ECS.Components.Items,ComponentBase,MergeEngine.ECS.Components.Items.ComponentBase$$GetComponent<object>,True
0x679C938,988,0x3D4062C,9785,Merger.Services.Backend.WebSocket,OperationTrackingSystem,Merger.Services.Backend.WebSocket.OperationTrackingSystem$$TrackInteractionOperation<object>,True
0x679C938,988,0x45330D4,992,MergeEngine.ECS.Systems.Items.Producers,SpawningItemsSystem<T>,MergeEngine.ECS.Systems.Items.Producers.SpawningItemsSystem<object>$$SpawnAt,True
0x679C938,988,0x6660834,919,MergeEngine.ECS.Systems.Board,BoardSystem,public PositionComponent GetItem(BoardItemPosition position) { },True
0x679CDFC,995,0x679CE90,998,MergeEngine.ECS.Systems.Items.Producers.LowLevelItemProduce,LowLevelProduceStrategyBase,protected PowerBoostSystem get_PowerBoostSystem() { },True
0x679D110,995,0x679D1B8,998,MergeEngine.ECS.Systems.Items.Producers.LowLevelItemProduce,LowLevelProduceStrategyBase,protected bool CanPowerBoostItemSpawn(IItemSpawningComponent itemSpawningComponent) { },True
0x679D1B8,998,0x679CE90,998,MergeEngine.ECS.Systems.Items.Producers.LowLevelItemProduce,LowLevelProduceStrategyBase,protected PowerBoostSystem get_PowerBoostSystem() { },True
0x679D408,995,0x679CDFC,995,MergeEngine.ECS.Systems.Items.Producers.LowLevelItemProduce,LowLevelItemProduceByBoardState,private int get_PowerBoostIndex() { },True
0x679D408,995,0x679D894,995,MergeEngine.ECS.Systems.Items.Producers.LowLevelItemProduce,LowLevelItemProduceByBoardState,"private bool TryResolveSpawnedItemSettings(IItemSpawningComponent itemSpawningComponent, out LowLevelItemProduceByBoardState.SpawnedItemSettings spawnedItemSettings) { }",True
0x679D408,995,0x679DA54,995,MergeEngine.ECS.Systems.Items.Producers.LowLevelItemProduce,LowLevelItemProduceByBoardState,"private int GetBoardAndInventoryCount(string itemId, BoardQueueComponent boardQueueComponent) { }",True
0x679D894,995,0x679CD04,995,MergeEngine.ECS.Systems.Items.Producers.LowLevelItemProduce,LowLevelItemProduceByBoardState,private bool get_IsRemoteSpawning() { },True
0x679D894,995,0x679CE90,998,MergeEngine.ECS.Systems.Items.Producers.LowLevelItemProduce,LowLevelProduceStrategyBase,protected PowerBoostSystem get_PowerBoostSystem() { },True
0x679D894,995,0x679DAD8,995,MergeEngine.ECS.Systems.Items.Producers.LowLevelItemProduce,LowLevelItemProduceByBoardState,"private bool TryPeekRemoteSpawnedItem(int boostOption, IMergeItem producer, out LowLevelItemProduceByBoardState.SpawnedItemSettings spawnedItemSettings) { }",True
0x679DA54,995,0x6281150,659,MergeEngine.ECS.Systems,InventorySystem,public int GetItemCountInInventory(string itemId) { },True
0x679DA54,995,0x666B038,919,MergeEngine.ECS.Systems.Board,BoardSystem,public int GetUnlockedItemCountById(string itemId) { },True
0x679DA54,995,0x679E2FC,998,MergeEngine.ECS.Systems.Items.Producers.LowLevelItemProduce,LowLevelProduceStrategyBase,protected BoardSystem get_BoardSystem() { },True
0x679DA54,995,0x679E3DC,998,MergeEngine.ECS.Systems.Items.Producers.LowLevelItemProduce,LowLevelProduceStrategyBase,protected InventorySystem get_InventorySystem() { },True
0x679DA54,995,0x6904A20,1128,MergeEngine.ECS.Components.Board,BoardQueueComponent,public int CountById(string itemId) { },True
0x679DE90,995,0x5FEA5F4,100,MergeEngine.Util,ItemSpawningQueue,public ItemSpawnable PeekNextItem() { },True
0x679E684,996,0x679D1B8,998,MergeEngine.ECS.Systems.Items.Producers.LowLevelItemProduce,LowLevelProduceStrategyBase,protected bool CanPowerBoostItemSpawn(IItemSpawningComponent itemSpawningComponent) { },True
0x679E684,996,0x679EE04,996,MergeEngine.ECS.Systems.Items.Producers.LowLevelItemProduce,LowLevelItemProduceByOrder,"private bool ShouldSpawnLowLevelItem(TaskRequirementProgressBase requirement, IItemSpawningComponent itemSpawningComponent) { }",True
0x679EE04,996,0x6280FB0,659,MergeEngine.ECS.Systems,InventorySystem,public bool IsItemInInventory(string itemId) { },True
0x679EE04,996,0x666AF0C,919,MergeEngine.ECS.Systems.Board,BoardSystem,public bool IsUnlockedItemOnBoard(string itemId) { },True
0x679EE04,996,0x679CE90,998,MergeEngine.ECS.Systems.Items.Producers.LowLevelItemProduce,LowLevelProduceStrategyBase,protected PowerBoostSystem get_PowerBoostSystem() { },True
0x679EE04,996,0x679E2FC,998,MergeEngine.ECS.Systems.Items.Producers.LowLevelItemProduce,LowLevelProduceStrategyBase,protected BoardSystem get_BoardSystem() { },True
0x679EE04,996,0x679E3DC,998,MergeEngine.ECS.Systems.Items.Producers.LowLevelItemProduce,LowLevelProduceStrategyBase,protected InventorySystem get_InventorySystem() { },True
0x679F450,1001,0x3DB68FC,685,MergeEngine.ECS.Systems,SystemBase,MergeEngine.ECS.Systems.SystemBase$$GetComponent<object>,True
0x679F4D0,1001,0x3BED81C,1054,MergeEngine.ECS.Components.Items,ComponentBase,MergeEngine.ECS.Components.Items.ComponentBase$$GetComponent<object>,True
0x679F4D0,1001,0x68FC898,1068,MergeEngine.ECS.Components.Items,ImmediateToolComponent,public bool get_IsToolbox() { },True
0x679F560,1001,0x679F884,1001,MergeEngine.ECS.Systems.Items.ImmidateToolsSystem,ImmediateToolCollectSystem,"private List<IMergeItem> CalculateToolsToSpawn(ImmediateToolComponent toolboxComponent, int numberOfTools) { }",True
0x679F560,1001,0x68FC970,1068,MergeEngine.ECS.Components.Items,ImmediateToolComponent,public int get_NumberOfToolsToSpawn() { },True
0x679F5AC,1001,0x3BED81C,1054,MergeEngine.ECS.Components.Items,ComponentBase,MergeEngine.ECS.Components.Items.ComponentBase$$GetComponent<object>,True
0x679F884,1001,0x4C03AD8,944,MergeEngine.ECS.Systems.Items,BaseToolAnalysisSystem<T>,MergeEngine.ECS.Systems.Items.BaseToolAnalysisSystem<object>$$AnalyzeBoardToolChains,True
0x679F884,1001,0x679FCE0,1001,MergeEngine.ECS.Systems.Items.ImmidateToolsSystem,ImmediateToolCollectSystem,"private void AnalyzeToolsInInventory(List<PlayerResourceEnum> unfinishedChains, Dictionary<PlayerResourceEnum, int> unfinishedItemLevelSumPerChain, Dictionary<PlayerResourceEnum, int> collectableTools) { }",True
0x679F884,1001,0x67A03CC,1001,MergeEngine.ECS.Systems.Items.ImmidateToolsSystem,ImmediateToolCollectSystem,"private ValueTuple<IMergeItem, int> GenerateSingleTool(List<WeightedTool> toolsWeights, List<WeightedToolLevel> toolLevelWeights, List<PlayerResourceEnum> unfinishedChains, Dictionary<PlayerResourceEnum, int> itemsLevelSumPerChain, Dictionary<PlayerResourceEnum, int> collectableTools) { }",True
0x679F884,1001,0x67A059C,1001,MergeEngine.ECS.Systems.Items.ImmidateToolsSystem,ImmediateToolCollectSystem,"private void UpdateChainsAfterToolGeneration(IMergeItem toolItem, int toolLevel, ref List<PlayerResourceEnum> unfinishedChains, ref Dictionary<PlayerResourceEnum, int> itemsLevelSumPerChain, ref Dictionary<PlayerResourceEnum, int> collectableTools) { }",True
0x679F884,1001,0x68FC8E0,1068,MergeEngine.ECS.Components.Items,ImmediateToolComponent,public List<WeightedTool> get_ToolsWeights() { },True
0x679F884,1001,0x68FC928,1068,MergeEngine.ECS.Components.Items,ImmediateToolComponent,public List<WeightedToolLevel> get_ToolLevelsWeights() { },True
0x679FAC8,1001,0x67A09F8,1001,MergeEngine.ECS.Systems.Items.ImmidateToolsSystem,ImmediateToolCollectSystem,"private void SendToolboxCollectNotification(ImmediateToolComponent toolboxComponent, List<string> toolboxContent) { }",True
0x679FAC8,1001,0x67A0CC4,1001,MergeEngine.ECS.Systems.Items.ImmidateToolsSystem,ImmediateToolCollectSystem,"private List<ValueTuple<IMergeItem, ResourceMultiple>> UpdateInventoryAndResources(List<IMergeItem> toolsToSpawn) { }",True
0x679FC54,1001,0x67A0CC4,1001,MergeEngine.ECS.Systems.Items.ImmidateToolsSystem,ImmediateToolCollectSystem,"private List<ValueTuple<IMergeItem, ResourceMultiple>> UpdateInventoryAndResources(List<IMergeItem> toolsToSpawn) { }",True
0x679FC54,1001,0x67A1518,1001,MergeEngine.ECS.Systems.Items.ImmidateToolsSystem,ImmediateToolCollectSystem,private void SendSingleToolCollectNotification(ImmediateToolComponent singleToolComponent) { },True
0x679FCE0,1001,0x614CB20,3000,Merger.Rewards.Constants,RewardTypesConstants,public static IRewardType GetRewardType(PlayerResourceEnum resourceEnum) { },True
0x679FCE0,1001,0x6278C74,632,MergeEngine.ECS.Util,ToolProgressConverterUtil,"public static IMergeItem GetItemFromProgress(PlayerResourceEnum toolType, float progressValue, IResourcesConfigurationModel resourcesConfig) { }",True
0x679FCE0,1001,0x6279000,632,MergeEngine.ECS.Util,ToolProgressConverterUtil,"public static int GetItemLevelSumPerChain(PlayerResourceEnum toolType, float progressValue, IResourcesConfigurationModel resourcesConfig, Dictionary<int, int> powLookup) { }",True
0x67A03CC,1001,0x4C048BC,944,MergeEngine.ECS.Systems.Items,BaseToolAnalysisSystem<T>,MergeEngine.ECS.Systems.Items.BaseToolAnalysisSystem<object>$$ApplyMetagameWeightBoosts,True
0x67A03CC,1001,0x4C04970,944,MergeEngine.ECS.Systems.Items,BaseToolAnalysisSystem<T>,MergeEngine.ECS.Systems.Items.BaseToolAnalysisSystem<object>$$ApplyToolFiltering,True
0x67A03CC,1001,0x4C04A08,944,MergeEngine.ECS.Systems.Items,BaseToolAnalysisSystem<T>,MergeEngine.ECS.Systems.Items.BaseToolAnalysisSystem<object>$$CreateChainBasedFilter,True
0x67A03CC,1001,0x4C04AC4,944,MergeEngine.ECS.Systems.Items,BaseToolAnalysisSystem<T>,MergeEngine.ECS.Systems.Items.BaseToolAnalysisSystem<object>$$SelectRandomWeightedTool,True
0x67A03CC,1001,0x4C04DE8,944,MergeEngine.ECS.Systems.Items,BaseToolAnalysisSystem<T>,MergeEngine.ECS.Systems.Items.BaseToolAnalysisSystem<object>$$GenerateRandomToolFromWeights,True
0x67A09F8,1001,0x3BED81C,1054,MergeEngine.ECS.Components.Items,ComponentBase,MergeEngine.ECS.Components.Items.ComponentBase$$GetComponent<object>,True
0x67A0CC4,1001,0x614CB20,3000,Merger.Rewards.Constants,RewardTypesConstants,public static IRewardType GetRewardType(PlayerResourceEnum resourceEnum) { },True
0x67A0CC4,1001,0x6278A30,632,MergeEngine.ECS.Util,ToolProgressConverterUtil,"public static float GetProgressFromItem(IMergeItem item, IMergingConfigurationModel mergingConfig) { }",True
0x67A0CC4,1001,0x68F7880,1015,MergeEngine.ECS.Components,InventoryComponent,"public void UpdateToolProgress(PlayerResourceEnum toolType, float progressToAdd) { }",True
0x67A0CC4,1001,0x68F793C,1015,MergeEngine.ECS.Components,InventoryComponent,public float GetToolProgressPercentage(PlayerResourceEnum toolType) { },True
0x67A0CC4,1001,0x6A21870,1314,MergeEngine.Configuration.Definitions,ResourceMultiple,"public void .ctor(PlayerResourceEnum resource, int amount, bool shouldBeHidden = False) { }",True
0x67A12E0,1001,0x3BED81C,1054,MergeEngine.ECS.Components.Items,ComponentBase,MergeEngine.ECS.Components.Items.ComponentBase$$GetComponent<object>,True
0x67A12E0,1001,0x5FF3668,219,MergeEngine.Signal.Items,ImmediateToolsCollectedSignal,"public void .ctor(List<ValueTuple<IMergeItem, ResourceMultiple>> toolsWithAnimationData, Vector3 startPosition, Action onAllToolsReachedTarget) { }",True
0x67A1518,1001,0x3BED81C,1054,MergeEngine.ECS.Components.Items,ComponentBase,MergeEngine.ECS.Components.Items.ComponentBase$$GetComponent<object>,True
0x67A18DC,1000,0x3BED81C,1054,MergeEngine.ECS.Components.Items,ComponentBase,MergeEngine.ECS.Components.Items.ComponentBase$$GetComponent<object>,True
0x67A18DC,1000,0x3C20D84,588,MergeEngine.ECS,Entity,MergeEngine.ECS.Entity$$GetComponent<object>,True
0x67A1D7C,1002,0x63A7320,685,MergeEngine.ECS.Systems,SystemBase,protected virtual void OnGameStarted() { },True
0x67A20F8,1002,0x67A2434,1002,MergeEngine.ECS.Systems.Items.ImmidateToolsSystem,ImmediateToolsSystem,private bool IsToolOrToolbox(Entity entity) { },True
0x67A2188,1002,0x3DB6AC8,685,MergeEngine.ECS.Systems,SystemBase,MergeEngine.ECS.Systems.SystemBase$$GetComponents<object>,True
0x67A2188,1002,0x67A20F8,1002,MergeEngine.ECS.Systems.Items.ImmidateToolsSystem,ImmediateToolsSystem,private void ProcessEntity(Entity entity) { },True
0x67A2434,1002,0x3C20D84,588,MergeEngine.ECS,Entity,MergeEngine.ECS.Entity$$GetComponent<object>,True
0x67A2434,1002,0x67A19BC,1002,MergeEngine.ECS.Systems.Items.ImmidateToolsSystem,ImmediateToolsSystem,public bool IsToolbox(IMergeItem mergeItem) { },True
0x67A2538,1002,0x3C20D84,588,MergeEngine.ECS,Entity,MergeEngine.ECS.Entity$$GetComponent<object>,True
0x67A2538,1002,0x67A2764,1002,MergeEngine.ECS.Systems.Items.ImmidateToolsSystem,ImmediateToolsSystem,"private void EnsureImmediateToolComponent(Entity entity, IMergeItem mergeItem) { }",True
0x67A2538,1002,0x67A28EC,1002,MergeEngine.ECS.Systems.Items.ImmidateToolsSystem,ImmediateToolsSystem,private void RemoveConflictingComponents(Entity entity) { },True
0x67A2538,1002,0x67A29CC,1002,MergeEngine.ECS.Systems.Items.ImmidateToolsSystem,ImmediateToolsSystem,"private void RemoveSingleToolComponents(Entity entity, IMergeItem mergeItem) { }",True
0x67A2648,1002,0x3C20D84,588,MergeEngine.ECS,Entity,MergeEngine.ECS.Entity$$GetComponent<object>,True
0x67A2648,1002,0x67A2A9C,1002,MergeEngine.ECS.Systems.Items.ImmidateToolsSystem,ImmediateToolsSystem,private bool HasImmediateToolComponent(Entity entity) { },True
0x67A2648,1002,0x67A2AF8,1002,MergeEngine.ECS.Systems.Items.ImmidateToolsSystem,ImmediateToolsSystem,private void RemoveImmediateComponents(Entity entity) { },True
0x67A2648,1002,0x67A2BF4,1002,MergeEngine.ECS.Systems.Items.ImmidateToolsSystem,ImmediateToolsSystem,"private void RestoreToolBoxComponents(Entity entity, IMergeItem mergeItem) { }",True
0x67A2648,1002,0x67A2EEC,1002,MergeEngine.ECS.Systems.Items.ImmidateToolsSystem,ImmediateToolsSystem,"private void RestoreSingleToolComponents(Entity entity, IMergeItem mergeItem) { }",True
0x67A2764,1002,0x3C20D84,588,MergeEngine.ECS,Entity,MergeEngine.ECS.Entity$$GetComponent<object>,True
0x67A2764,1002,0x60106DC,1447,MergeEngine.Configuration.Capabilities,ImmediateToolCapability,public void .ctor() { },True
0x67A2764,1002,0x60106F8,1447,MergeEngine.Configuration.Capabilities,ImmediateToolCapability,"public void .ctor(ToolSpawningCapability toolSpawning, int numberOfToolsToSpawn) { }",True
0x67A2764,1002,0x67A19BC,1002,MergeEngine.ECS.Systems.Items.ImmidateToolsSystem,ImmediateToolsSystem,public bool IsToolbox(IMergeItem mergeItem) { },True
0x67A28EC,1002,0x3C21700,588,MergeEngine.ECS,Entity,MergeEngine.ECS.Entity$$RemoveComponent<object>,True
0x67A29CC,1002,0x3C20D84,588,MergeEngine.ECS,Entity,MergeEngine.ECS.Entity$$GetComponent<object>,True
0x67A29CC,1002,0x67A1AD0,1002,MergeEngine.ECS.Systems.Items.ImmidateToolsSystem,ImmediateToolsSystem,public bool IsTool(IMergeItem mergeItem) { },True
0x67A2A3C,1002,0x3C20D84,588,MergeEngine.ECS,Entity,MergeEngine.ECS.Entity$$GetComponent<object>,True
0x67A2A9C,1002,0x3C20D84,588,MergeEngine.ECS,Entity,MergeEngine.ECS.Entity$$GetComponent<object>,True
0x67A2B48,1002,0x67A2BF4,1002,MergeEngine.ECS.Systems.Items.ImmidateToolsSystem,ImmediateToolsSystem,"private void RestoreToolBoxComponents(Entity entity, IMergeItem mergeItem) { }",True
0x67A2B70,1002,0x3C20D84,588,MergeEngine.ECS,Entity,MergeEngine.ECS.Entity$$GetComponent<object>,True
0x67A2BF4,1002,0x3C20838,588,MergeEngine.ECS,Entity,"MergeEngine.ECS.Entity$$AddComponent<object, object>",True
0x67A2BF4,1002,0x67A19BC,1002,MergeEngine.ECS.Systems.Items.ImmidateToolsSystem,ImmediateToolsSystem,public bool IsToolbox(IMergeItem mergeItem) { },True
0x67A2EEC,1002,0x3C203E4,588,MergeEngine.ECS,Entity,MergeEngine.ECS.Entity$$AddComponent<object>,True
0x67A2EEC,1002,0x3C20D84,588,MergeEngine.ECS,Entity,MergeEngine.ECS.Entity$$GetComponent<object>,True
0x67A2EEC,1002,0x600FD24,1436,MergeEngine.Configuration.Capabilities,CollectableItemCapability,"public void .ctor(CollectCapability itemConfigurationCollect, CollectResourceCapability itemConfigurationCollectResource) { }",True
0x67A2EEC,1002,0x67A1AD0,1002,MergeEngine.ECS.Systems.Items.ImmidateToolsSystem,ImmediateToolsSystem,public bool IsTool(IMergeItem mergeItem) { },True
0x67C9548,9865,0x68C97BC,10570,Framework.Core.Services,ServiceBase,protected virtual void InitializeService() { },True
0x67C964C,9865,0x67C9734,9872,Merger.Services.Backend.Sync.Data.Payloads,SyncBoardPayload,public void .ctor() { },True
0x67C964C,9865,0x67C97BC,9865,Merger.Services.Backend.Sync.Implementations,SyncBoardService,private BoardStructure ConstructMainBoard(BackendSyncEntitiesWrapper backendSyncEntitiesWrapper) { },True
0x67C97BC,9865,0x67C9974,9873,Merger.Services.Backend.Sync.Data.Payloads,BoardStructure,public void .ctor() { },True
0x67C97BC,9865,0x67C9AF8,9865,Merger.Services.Backend.Sync.Implementations,SyncBoardService,public List<BoardItem> ConstructBoardItems(PersistentEntitiesWrapper boardItems) { },True
0x67C97BC,9865,0x67CAA30,9865,Merger.Services.Backend.Sync.Implementations,SyncBoardService,private List<Resource> ConstructPlayerResources(bool isEvent) { },True
0x67C97BC,9865,0x67CAC28,9865,Merger.Services.Backend.Sync.Implementations,SyncBoardService,private List<FreeVoucher> ConstructFreeVouchers(string eventId) { },True
0x67C9AF8,9865,0x3BED81C,1054,MergeEngine.ECS.Components.Items,ComponentBase,MergeEngine.ECS.Components.Items.ComponentBase$$GetComponent<object>,True
0x67C9AF8,9865,0x3BEE574,606,MergeEngine.ECS.Util,ComponentSerializationUtil,MergeEngine.ECS.Util.ComponentSerializationUtil$$TryDeserialize<object>,True
0x67C9AF8,9865,0x45527F4,9848,Merger.Services.Backend.Sync,SyncPayloadServiceBase<TPayload>,Merger.Services.Backend.Sync.SyncPayloadServiceBase<object>$$get_GameStarted,True
0x67C9AF8,9865,0x67CAD94,9865,Merger.Services.Backend.Sync.Implementations,SyncBoardService,"private void MapIdComponent(ItemPayloadBase item, SerializedIdComponent idComponent) { }",True
0x67C9AF8,9865,0x67CAEF4,9865,Merger.Services.Backend.Sync.Implementations,SyncBoardService,private void TryAddCooldownEndTimes(ItemPayloadBase item) { },True
0x67C9AF8,9865,0x68FC01C,1057,MergeEngine.ECS.Components.Items,DynamicItemConfigComponent,public DynamicMergeItemConfig get_DynamicItemConfig() { },True
0x67CAA30,9865,0x4552B90,9848,Merger.Services.Backend.Sync,SyncPayloadServiceBase<TPayload>,Merger.Services.Backend.Sync.SyncPayloadServiceBase<object>$$GetResourceValue,True
0x67CAC28,9865,0x67CB20C,9865,Merger.Services.Backend.Sync.Implementations,SyncBoardService,private int GetFreeBubbleBurstRemains(string eventId) { },True
0x67CB20C,9865,0x67CB2D8,9865,Merger.Services.Backend.Sync.Implementations,SyncBoardService,private int GetEventFreeBubbleBurst(string eventId) { },True
0x67CC9E0,9878,0x67CCA1C,9881,Merger.Services.Backend.Sync.Data.Payloads.Board,ItemQueue,"public void .ctor(string itemId, string uuid, ItemPayloadBase itemBaseData, DynamicMergeItemConfig dynamicMergeItemConfig, long addedTimestamp = 0) { }",True
0x68418F4,10129,0x6841934,10129,Merger.Services.User.Data.Profile.Game.StartingBoard,StartingBoard,"private MergeBoardItem[,] CreateBoardItems() { }",True
0x6841934,10129,0x6841B00,10130,Merger.Services.User.Data.Profile.Game.StartingBoard,StartingBoardCell,public MergeBoardItem ToMergeBoardItem() { },True
0x6841B00,10130,0x60117CC,1454,MergeEngine.Configuration.Capabilities,LockedCapability,"public void .ctor(bool locked, bool boxed, int lockedByLevel, bool bubbled, UnboxingType unboxingType, int interactionAmount, PlayerResourceEnum interactionResource = 1) { }",True
0x6841B00,10130,0x6012134,1474,MergeEngine.Configuration.Board,MergeBoardItem,public void .ctor() { },True
0x68F755C,1015,0x4D5F358,1054,MergeEngine.ECS.Components.Items,ComponentBase,MergeEngine.ECS.Components.Items.ComponentBase<object>$$.ctor,True
0x68F755C,1015,0x68F7694,1015,MergeEngine.ECS.Components,InventoryComponent,"private Dictionary<PlayerResourceEnum, float> InitializeEmptyToolsProgress() { }",True
0x68F8378,1020,0x3DB6AC8,685,MergeEngine.ECS.Systems,SystemBase,MergeEngine.ECS.Systems.SystemBase$$GetComponents<object>,True
0x68F8614,1022,0x4D5F358,1054,MergeEngine.ECS.Components.Items,ComponentBase,MergeEngine.ECS.Components.Items.ComponentBase<object>$$.ctor,True
0x68F8698,1023,0x4D5F358,1054,MergeEngine.ECS.Components.Items,ComponentBase,MergeEngine.ECS.Components.Items.ComponentBase<object>$$.ctor,True
0x68FB8C0,1049,0x600FA34,1435,MergeEngine.Configuration.Capabilities,ChargableCapability,public RemoteSpriteLocation[] GetStateSpriteAssets() { },True
0x68FBB70,1051,0x68FBAB0,1051,MergeEngine.ECS.Components.Items,CollectableComponent,public bool get_IsCollectableItem() { },True
0x68FBCF8,1051,0x4D5F358,1054,MergeEngine.ECS.Components.Items,ComponentBase,MergeEngine.ECS.Components.Items.ComponentBase<object>$$.ctor,True
0x68FBCF8,1051,0x600FDB4,1438,MergeEngine.Configuration.Capabilities,CollectResourceCapability,public AfterCollectAnimation get_AfterCollectAnimation() { },True
0x68FBF4C,1052,0x626FA5C,603,MergeEngine.ECS.Util,CombiningUtil,public static List<Combination> FindReadyCombinations(CombiningComponent combiningComponent) { },True
0x68FC210,1058,0x6010524,1443,MergeEngine.Configuration.Capabilities,ProducerTimerConfig,public void .ctor(ProducerTimerConfig other) { },True
0x68FCBB4,1070,0x4D5F358,1054,MergeEngine.ECS.Components.Items,ComponentBase,MergeEngine.ECS.Components.Items.ComponentBase<object>$$.ctor,True
0x68FCBB4,1070,0x62782A8,631,MergeEngine.ECS.Util,InteractionUtil,public static bool IsAnyMode(InteractionCapability capability) { },True
0x68FCBB4,1070,0x6278400,631,MergeEngine.ECS.Util,InteractionUtil,public static bool IsComboProducer(InteractionCapability capability) { },True
0x68FD340,1069,0x6A29D38,1306,MergeEngine.Configuration.Definitions,ItemMultiple,"public void .ctor(MergeItemWeakReference itemReference, int amount) { }",True
0x68FD3C8,1071,0x4D5F358,1054,MergeEngine.ECS.Components.Items,ComponentBase,MergeEngine.ECS.Components.Items.ComponentBase<object>$$.ctor,True
0x68FD43C,1072,0x4D5F358,1054,MergeEngine.ECS.Components.Items,ComponentBase,MergeEngine.ECS.Components.Items.ComponentBase<object>$$.ctor,True
0x68FD7E8,1080,0x68FD714,1080,MergeEngine.ECS.Components.Items,LockedComponent,public bool get_AnyLock() { },True
0x68FD83C,1080,0x68FD714,1080,MergeEngine.ECS.Components.Items,LockedComponent,public bool get_AnyLock() { },True
0x68FDAC0,1082,0x4D5F358,1054,MergeEngine.ECS.Components.Items,ComponentBase,MergeEngine.ECS.Components.Items.ComponentBase<object>$$.ctor,True
0x68FDB48,1084,0x4D5F358,1054,MergeEngine.ECS.Components.Items,ComponentBase,MergeEngine.ECS.Components.Items.ComponentBase<object>$$.ctor,True
0x68FDDB0,1089,0x4D5F358,1054,MergeEngine.ECS.Components.Items,ComponentBase,MergeEngine.ECS.Components.Items.ComponentBase<object>$$.ctor,True
0x68FDF34,1091,0x4D5F358,1054,MergeEngine.ECS.Components.Items,ComponentBase,MergeEngine.ECS.Components.Items.ComponentBase<object>$$.ctor,True
0x68FE304,1096,0x4D5F358,1054,MergeEngine.ECS.Components.Items,ComponentBase,MergeEngine.ECS.Components.Items.ComponentBase<object>$$.ctor,True
0x690047C,1107,0x5393940,1103,MergeEngine.ECS.Components.Items.Producers,ItemSpawningComponent<TCapability>,MergeEngine.ECS.Components.Items.Producers.ItemSpawningComponent<object>$$.ctor,True
0x690067C,1115,0x62782A8,631,MergeEngine.ECS.Util,InteractionUtil,public static bool IsAnyMode(InteractionCapability capability) { },True
0x690067C,1115,0x6278400,631,MergeEngine.ECS.Util,InteractionUtil,public static bool IsComboProducer(InteractionCapability capability) { },True
0x690067C,1115,0x6901374,1115,MergeEngine.ECS.Components.InteractionTracking,InteractionTrackingComponent,private void SetSpawnedAndSpawner() { },True
0x690067C,1115,0x690147C,1115,MergeEngine.ECS.Components.InteractionTracking,InteractionTrackingComponent,"private int GetInteractionResourceAmountToConsume(Func<int, IMergeItem, int> getProduceCost) { }",True
0x6902374,1125,0x4653F70,117,MergeEngine.Util,TwoDArray<T>,MergeEngine.Util.TwoDArray<object>$$.ctor,True
0x6902374,1125,0x4D5F358,1054,MergeEngine.ECS.Components.Items,ComponentBase,MergeEngine.ECS.Components.Items.ComponentBase<object>$$.ctor,True
0x690249C,1125,0x465450C,117,MergeEngine.Util,TwoDArray<T>,MergeEngine.Util.TwoDArray<object>$$SetItem,True
0x6902908,1126,0x68FD714,1080,MergeEngine.ECS.Components.Items,LockedComponent,public bool get_AnyLock() { },True
0x6902DC8,1126,0x68FD714,1080,MergeEngine.ECS.Components.Items,LockedComponent,public bool get_AnyLock() { },True
0x6903AE8,1128,0x6903EE4,1128,MergeEngine.ECS.Components.Board,BoardQueueComponent,"private void InsertSorted(LinkedList<QueuedItem> queue, QueuedItem queuedItem) { }",True
0x6903FD0,1128,0x69048B4,1128,MergeEngine.ECS.Components.Board,BoardQueueComponent,public List<QueuedItem> ToList() { },True
0x69040B8,1128,0x6903EE4,1128,MergeEngine.ECS.Components.Board,BoardQueueComponent,"private void InsertSorted(LinkedList<QueuedItem> queue, QueuedItem queuedItem) { }",True
0x6904140,1128,0x6903FD0,1128,MergeEngine.ECS.Components.Board,BoardQueueComponent,private void NotifyQueueChanged() { },True
0x6904140,1128,0x69041FC,1128,MergeEngine.ECS.Components.Board,BoardQueueComponent,private LinkedListNode<QueuedItem> HeadOfQueue() { },True
0x690429C,1128,0x6903FD0,1128,MergeEngine.ECS.Components.Board,BoardQueueComponent,private void NotifyQueueChanged() { },True
0x6904354,1128,0x69041FC,1128,MergeEngine.ECS.Components.Board,BoardQueueComponent,private LinkedListNode<QueuedItem> HeadOfQueue() { },True
0x690439C,1128,0x6904498,1128,MergeEngine.ECS.Components.Board,BoardQueueComponent,private static HashSet<string> CollectIds(List<QueuedItem> queuedItems) { },True
0x6904A20,1128,0x667D01C,8495,Merger.Game.Data,QueuedItem,public string get_Id() { },True
0x6905100,1139,0x3C20D84,588,MergeEngine.ECS,Entity,MergeEngine.ECS.Entity$$GetComponent<object>,True
0x6912B64,1180,0x6912BA4,1180,MergeEngine.Configuration,ItemBase,private RemoteSpriteLocation GetParsedSpriteLocation() { },True
0x6912BA4,1180,0x601F910,1581,GameCore.Configuration.Definitions,ConfigurableScriptableObject,public string get_UniqueId() { },True
0x6912C8C,1180,0x601F910,1581,GameCore.Configuration.Definitions,ConfigurableScriptableObject,public string get_UniqueId() { },True
0x6912F4C,1181,0x6912D04,1181,MergeEngine.Configuration,LocalMergeItemsConfig,private HashSet<string> get_LocalItemNamesHashSet() { },True
0x691362C,1185,0x600FEE0,1442,MergeEngine.Configuration.Capabilities,ExpendableCapability,public List<IMergeItem> get_SpawnedMergeItems() { },True
0x691362C,1185,0x60108A0,1453,MergeEngine.Configuration.Capabilities,ItemsSpawningCapability,public List<IMergeItem> get_SpawnedMergeItems() { },True
0x6913710,1185,0x600FA2C,1433,MergeEngine.Configuration.Capabilities,BubbleItemCapability,public void .ctor() { },True
0x6913710,1185,0x600FD1C,1435,MergeEngine.Configuration.Capabilities,ChargableCapability,public void .ctor() { },True
0x6913710,1185,0x600FDAC,1437,MergeEngine.Configuration.Capabilities,CollectCapability,public void .ctor() { },True
0x6913710,1185,0x600FE48,1438,MergeEngine.Configuration.Capabilities,CollectResourceCapability,public void .ctor() { },True
0x6913710,1185,0x600FE50,1439,MergeEngine.Configuration.Capabilities,DifficultyCapability,public void .ctor() { },True
0x6913710,1185,0x601020C,1442,MergeEngine.Configuration.Capabilities,ExpendableCapability,public void .ctor() { },True
0x6913710,1185,0x6010754,1448,MergeEngine.Configuration.Capabilities,InteractionCapability,public void .ctor() { },True
0x6913710,1185,0x601084C,1449,MergeEngine.Configuration.Capabilities,InteractionConstraintCapability,public void .ctor() { },True
0x6913710,1185,0x6011838,1455,MergeEngine.Configuration.Capabilities,MergeCapability,public void .ctor() { },True
0x6913710,1185,0x6011850,1456,MergeEngine.Configuration.Capabilities,OrderSpawnCapability,public void .ctor() { },True
0x6913710,1185,0x60118A4,1458,MergeEngine.Configuration.Capabilities,ProduceCapability,public void .ctor() { },True
0x6913710,1185,0x60118B0,1460,MergeEngine.Configuration.Capabilities,SellCapability,public void .ctor() { },True
0x6913710,1185,0x60118C8,1461,MergeEngine.Configuration.Capabilities,SpawnCapability,public void .ctor() { },True
0x6913710,1185,0x60118CC,1462,MergeEngine.Configuration.Capabilities,SplitCapability,public void .ctor() { },True
0x6913710,1185,0x60118D4,1463,MergeEngine.Configuration.Capabilities,StackingCapability,public void .ctor() { },True
0x6913710,1185,0x60118EC,1467,MergeEngine.Configuration.Capabilities,TimeLockCapability,public void .ctor() { },True
0x6913710,1185,0x60118FC,1468,MergeEngine.Configuration.Capabilities,ToolSpawningCapability,public void .ctor() { },True
0x6913BC8,1186,0x60117CC,1454,MergeEngine.Configuration.Capabilities,LockedCapability,"public void .ctor(bool locked, bool boxed, int lockedByLevel, bool bubbled, UnboxingType unboxingType, int interactionAmount, PlayerResourceEnum interactionResource = 1) { }",True
0x6913CFC,1186,0x60117CC,1454,MergeEngine.Configuration.Capabilities,LockedCapability,"public void .ctor(bool locked, bool boxed, int lockedByLevel, bool bubbled, UnboxingType unboxingType, int interactionAmount, PlayerResourceEnum interactionResource = 1) { }",True
0x69143B8,1192,0x6914258,1192,MergeEngine.Configuration,ResourceConfig,private ResourceDefinition GetDefinition(string resource) { },True
0x6914470,1192,0x6914258,1192,MergeEngine.Configuration,ResourceConfig,private ResourceDefinition GetDefinition(string resource) { },True
0x6914768,1192,0x6914258,1192,MergeEngine.Configuration,ResourceConfig,private ResourceDefinition GetDefinition(string resource) { },True
0x6914790,1192,0x6A139B8,1191,,ResourceConfig.<>c__DisplayClass9_0,public void .ctor() { },True
0x6914934,1190,0x614CB20,3000,Merger.Rewards.Constants,RewardTypesConstants,public static IRewardType GetRewardType(PlayerResourceEnum resourceEnum) { },True
0x6922468,10924,0x69225F0,10924,Framework.Core.Services.Backend.Repositories,RepositoryBase,"protected HttpRequest CreateGetRequest(string path, bool userAuthorizationHeader = True, string version = ""v1"", Dictionary<string, string> additionalHeaders, bool disableCache = False, RetryStrategy retryStrategy) { }",True
0x69225F0,10924,0x6922934,10924,Framework.Core.Services.Backend.Repositories,RepositoryBase,"private void TryAddRetryStrategy(RequestData requestData, RetryStrategy retryStrategy) { }",True
0x69309A0,11061,0x6930A18,11061,Framework.Core.Services.Backend.Data,ClientMessageNotification,"public void AddMetaData(string key, string value) { }",True
0x694B560,11215,0x694B838,11215,Framework.Core.MVVM.ViewModel,ViewModelBase,private bool IsAssetInvalid(IAsset assetDefinition) { },True
0x694BC94,11215,0x694AF70,11211,Framework.Core.MVVM.ViewModel,NavigationViewModel,"public void RequestTransition(string transition, object payload) { }",True
0x6A21870,1314,0x601F2D4,1580,GameCore.Configuration.Definitions,BaseReward,"protected void .ctor(IRewardType rewardType, RewardAmount rewardAmount, RewardDestination destination) { }",True
0x6A21870,1314,0x601FC6C,1591,GameCore.Configuration.Definitions,RewardAmount,public void .ctor(int amount) { },True
0x6A21870,1314,0x614CB20,3000,Merger.Rewards.Constants,RewardTypesConstants,public static IRewardType GetRewardType(PlayerResourceEnum resourceEnum) { },True
0x6A24C88,1325,0x6A25ACC,1325,MergeEngine.Configuration.Definitions,Reward,public void AddViewData(IRewardViewData rewardViewData) { },True
0x6A28428,1299,0x6A284A4,1299,MergeEngine.Configuration.Definitions,Combination,public List<string> get_ItemsToConsumeIDs() { },True
0x6A29ABC,1306,0x601F55C,1580,GameCore.Configuration.Definitions,BaseReward,public virtual bool Equals(IRewardViewData other) { },True
0x6A29BA4,1306,0x601FC10,1591,GameCore.Configuration.Definitions,RewardAmount,public static RewardAmount op_Implicit(int amount) { },True
0x6A29C34,1306,0x6004718,1354,MergeEngine.Configuration.Definitions.WeakReferences.References,MergeItemWeakReference,public void .ctor(string uniqueId) { },True
0x6A29C34,1306,0x601FC6C,1591,GameCore.Configuration.Definitions,RewardAmount,public void .ctor(int amount) { },True
0x6A29D38,1306,0x601FC6C,1591,GameCore.Configuration.Definitions,RewardAmount,public void .ctor(int amount) { },True
0x6A29E04,1306,0x6004718,1354,MergeEngine.Configuration.Definitions.WeakReferences.References,MergeItemWeakReference,public void .ctor(string uniqueId) { },True
0x6A29F80,1306,0x6020144,1591,GameCore.Configuration.Definitions,RewardAmount,public RewardAmount Clone() { },True
0x6A29F80,1306,0x6A29ECC,1306,MergeEngine.Configuration.Definitions,ItemMultiple,"public void .ctor(MergeItemWeakReference itemReference, RewardAmount rewardAmount, RewardDestination destination, RewardSource rewardSource) { }",True
0x6A2A280,1306,0x601EEFC,1580,GameCore.Configuration.Definitions,BaseReward,public int get_Amount() { },True
0x6A2A59C,1314,0x601F2D4,1580,GameCore.Configuration.Definitions,BaseReward,"protected void .ctor(IRewardType rewardType, RewardAmount rewardAmount, RewardDestination destination) { }",True
0x6A2A59C,1314,0x614CB20,3000,Merger.Rewards.Constants,RewardTypesConstants,public static IRewardType GetRewardType(PlayerResourceEnum resourceEnum) { },True
0x6A2A648,1314,0x601F2D4,1580,GameCore.Configuration.Definitions,BaseReward,"protected void .ctor(IRewardType rewardType, RewardAmount rewardAmount, RewardDestination destination) { }",True
0x6A2A678,1314,0x601F2D4,1580,GameCore.Configuration.Definitions,BaseReward,"protected void .ctor(IRewardType rewardType, RewardAmount rewardAmount, RewardDestination destination) { }",True
0x6A2A6BC,1314,0x6020144,1591,GameCore.Configuration.Definitions,RewardAmount,public RewardAmount Clone() { },True
0x6A2A6BC,1314,0x6A2A59C,1314,MergeEngine.Configuration.Definitions,ResourceMultiple,"public void .ctor(PlayerResourceEnum resource, RewardAmount rewardAmount, RewardDestination destination) { }",True
0x6A2AE4C,1325,0x6A2B1F0,1325,MergeEngine.Configuration.Definitions,Reward,public int Count(IRewardType rewardType) { },True
0x6A2B3F8,1325,0x6A2ADEC,1325,MergeEngine.Configuration.Definitions,Reward,public int get_ResourcesCount() { },True
0x6A2B410,1325,0x6A2AD08,1325,MergeEngine.Configuration.Definitions,Reward,public List<GenericTokenMultiple> get_GenericTokens() { },True
0x6A2B470,1325,0x6A2ADA0,1325,MergeEngine.Configuration.Definitions,Reward,public List<BubbleBlasterMultiple> get_BubbleBlasters() { },True
0x6A2B4C8,1325,0x6A2B398,1325,MergeEngine.Configuration.Definitions,Reward,public int get_ItemsCount() { },True
0x6A2B4E0,1325,0x6A2B130,1325,MergeEngine.Configuration.Definitions,Reward,public int get_BoostersCount() { },True
0x6A2B4F8,1325,0x6A2B338,1325,MergeEngine.Configuration.Definitions,Reward,public int get_PacksCount() { },True
0x6A2B510,1325,0x6A2AE4C,1325,MergeEngine.Configuration.Definitions,Reward,public int Count(IEnumerable<IRewardType> rewardTypes) { },True
0x6A2B57C,1325,0x6A2B190,1325,MergeEngine.Configuration.Definitions,Reward,public int get_FramesCount() { },True
0x6A2B594,1325,0x6A2B1F0,1325,MergeEngine.Configuration.Definitions,Reward,public int Count(IRewardType rewardType) { },True
0x6A2B600,1325,0x6A2B130,1325,MergeEngine.Configuration.Definitions,Reward,public int get_BoostersCount() { },True
0x6A2B600,1325,0x6A2B338,1325,MergeEngine.Configuration.Definitions,Reward,public int get_PacksCount() { },True
0x6A2B600,1325,0x6A2B510,1325,MergeEngine.Configuration.Definitions,Reward,public bool get_HasChests() { },True
0x6A2B600,1325,0x6A2B660,1325,MergeEngine.Configuration.Definitions,Reward,public bool get_HasPortalItems() { },True
0x6A2B600,1325,0x6A2B6CC,1325,MergeEngine.Configuration.Definitions,Reward,public bool get_HasWheels() { },True
0x6A2B660,1325,0x6A2AE4C,1325,MergeEngine.Configuration.Definitions,Reward,public int Count(IEnumerable<IRewardType> rewardTypes) { },True
0x6A2B6CC,1325,0x6A2AD54,1325,MergeEngine.Configuration.Definitions,Reward,public List<WheelMultiple> get_Wheels() { },True
0x6A2B724,1325,0x6A2B2D8,1325,MergeEngine.Configuration.Definitions,Reward,public int get_VanityItemsCount() { },True
0x6A2B73C,1325,0x6A2B130,1325,MergeEngine.Configuration.Definitions,Reward,public int get_BoostersCount() { },True
0x6A2B73C,1325,0x6A2B190,1325,MergeEngine.Configuration.Definitions,Reward,public int get_FramesCount() { },True
0x6A2B73C,1325,0x6A2B2D8,1325,MergeEngine.Configuration.Definitions,Reward,public int get_VanityItemsCount() { },True
0x6A2B73C,1325,0x6A2B338,1325,MergeEngine.Configuration.Definitions,Reward,public int get_PacksCount() { },True
0x6A2B73C,1325,0x6A2B398,1325,MergeEngine.Configuration.Definitions,Reward,public int get_ItemsCount() { },True
0x6A2B73C,1325,0x6A2B510,1325,MergeEngine.Configuration.Definitions,Reward,public bool get_HasChests() { },True
0x6A2B73C,1325,0x6A2B660,1325,MergeEngine.Configuration.Definitions,Reward,public bool get_HasPortalItems() { },True
0x6A2B73C,1325,0x6A2B6CC,1325,MergeEngine.Configuration.Definitions,Reward,public bool get_HasWheels() { },True
0x6A2B81C,1325,0x6A2ADEC,1325,MergeEngine.Configuration.Definitions,Reward,public int get_ResourcesCount() { },True
0x6A2B81C,1325,0x6A2B130,1325,MergeEngine.Configuration.Definitions,Reward,public int get_BoostersCount() { },True
0x6A2B81C,1325,0x6A2B190,1325,MergeEngine.Configuration.Definitions,Reward,public int get_FramesCount() { },True
0x6A2B81C,1325,0x6A2B2D8,1325,MergeEngine.Configuration.Definitions,Reward,public int get_VanityItemsCount() { },True
0x6A2B81C,1325,0x6A2B338,1325,MergeEngine.Configuration.Definitions,Reward,public int get_PacksCount() { },True
0x6A2B81C,1325,0x6A2B398,1325,MergeEngine.Configuration.Definitions,Reward,public int get_ItemsCount() { },True
0x6A2B8A0,1325,0x6A2AC1C,1325,MergeEngine.Configuration.Definitions,Reward,public List<ChestMultiple> get_Chests() { },True
0x6A2B8A0,1325,0x6A2AC68,1325,MergeEngine.Configuration.Definitions,Reward,public List<FrameMultiple> get_Frames() { },True
0x6A2BAC8,1325,0x6A2AB38,1325,MergeEngine.Configuration.Definitions,Reward,public List<BoosterMultiple> get_Boosters() { },True
0x6A2BAC8,1325,0x6A2BA80,1325,MergeEngine.Configuration.Definitions,Reward,public int get_AllRewardsCount() { },True
0x6A2BBF0,1325,0x6A24C88,1325,MergeEngine.Configuration.Definitions,Reward,"public void .ctor(IEnumerable<IRewardViewData> originalOrderRewards, List<ConditionalRewardMultiple> conditionals) { }",True
0x6A2BE30,1325,0x6A24C88,1325,MergeEngine.Configuration.Definitions,Reward,"public void .ctor(IEnumerable<IRewardViewData> originalOrderRewards, List<ConditionalRewardMultiple> conditionals) { }",True
0x6A2C3D4,1325,0x601F034,1580,GameCore.Configuration.Definitions,BaseReward,public void set_Amount(int value) { },True
0x6A2C3D4,1325,0x6A2ACB4,1325,MergeEngine.Configuration.Definitions,Reward,public List<PortalItem> get_PortalItems() { },True
0x6A2CA88,1325,0x6A25ACC,1325,MergeEngine.Configuration.Definitions,Reward,public void AddViewData(IRewardViewData rewardViewData) { },True
0x6A2CA88,1325,0x6A2C190,1325,MergeEngine.Configuration.Definitions,Reward,public bool get_IsEmpty() { },True
0x6A2CC04,1325,0x6A2AAEC,1325,MergeEngine.Configuration.Definitions,Reward,public List<ItemMultiple> get_Items() { },True
0x6A2D37C,1325,0x6A2AC1C,1325,MergeEngine.Configuration.Definitions,Reward,public List<ChestMultiple> get_Chests() { },True
0x6A2D37C,1325,0x6A2B81C,1325,MergeEngine.Configuration.Definitions,Reward,public int get_UnpendingRewardsCount() { },True
0x6A2D42C,1325,0x6A2BBF0,1325,MergeEngine.Configuration.Definitions,Reward,public Reward Clone() { },True
0x6A2D4E0,1325,0x3D7D040,1325,MergeEngine.Configuration.Definitions,Reward,MergeEngine.Configuration.Definitions.Reward$$TryAggregate<object>,True
0x6A2D4E0,1325,0x6A25ACC,1325,MergeEngine.Configuration.Definitions,Reward,public void AddViewData(IRewardViewData rewardViewData) { },True
0x6A2D4E0,1325,0x6A2BBF0,1325,MergeEngine.Configuration.Definitions,Reward,public Reward Clone() { },True
0x6A2D4E0,1325,0x6A2D65C,1325,MergeEngine.Configuration.Definitions,Reward,public void Clear() { },True
0x6A2D6CC,1325,0x6A2AAA0,1325,MergeEngine.Configuration.Definitions,Reward,public List<ResourceMultiple> get_Resources() { },True
0x6A2D6CC,1325,0x6A2BBF0,1325,MergeEngine.Configuration.Definitions,Reward,public Reward Clone() { },True
0x6A2FADC,25658,0x694BC78,11215,Framework.Core.MVVM.ViewModel,ViewModelBase,"public GameObject InstantiateInjected(GameObject original, Transform parent, bool worldPositionStays = False) { }",True
0x6A304E0,25658,0x6A30E14,25658,Merger.MergeBoard.ViewModel,BoardItemBehavioursHandlerViewModel,"private bool TryGetBundlePath(IEnumerable<ClientAsset> assets, out string path) { }",True
0x6A30C5C,25658,0x3BD9990,9136,Merger.Game.Views.BoardItem,BoardItemView2,Merger.Game.Views.BoardItem.BoardItemView2$$AttachBehaviour<object>,True
0x6A31330,25660,0x6278A30,632,MergeEngine.ECS.Util,ToolProgressConverterUtil,"public static float GetProgressFromItem(IMergeItem item, IMergingConfigurationModel mergingConfig) { }",True
0x6A31FF8,25666,0x6A32118,25666,Merger.MergeBoard.ViewModel,MergeBoardSelectorViewModel,private IMergeItem GetMergeItem(Entity entity) { },True
0x6A31FF8,25666,0x6A7A9EC,25794,Merger.MergeBoard.Signals,MergeBoardItemSelectedSignal,public void .ctor(Entity itemViewEntity) { },True
0x6A32118,25666,0x3C1B250,33678,ContextualizedECS,Entity,ContextualizedECS.Entity$$GetComponent<IdComponent>,True
0x6A32118,25666,0x3C1EA68,33678,ContextualizedECS,Entity,ContextualizedECS.Entity$$TryGetComponent<DynamicItemConfigComponent>,True
0x6A32BB4,25667,0x3C1B250,33678,ContextualizedECS,Entity,ContextualizedECS.Entity$$GetComponent<IdComponent>,True
0x6A32BB4,25667,0x6A32B08,25667,Merger.MergeBoard.ViewModel,MergeBoardViewModel,public IItem GetItemById(string id) { },True
0x6A32C24,25667,0x6A9ADFC,25976,Merger.MergeBoard.Data.TickInputActions,InitializeAction,public void .ctor() { },True
0x6A32CA4,25667,0x6A32BB4,25667,Merger.MergeBoard.ViewModel,MergeBoardViewModel,public IItem GetMergeItem(Entity entity) { },True
0x6A32DA4,25667,0x6A32BB4,25667,Merger.MergeBoard.ViewModel,MergeBoardViewModel,public IItem GetMergeItem(Entity entity) { },True
0x6A3626C,25678,0x6A361CC,25678,Merger.MergeBoard.View,IntervalTicker,private long get_CurrentServerTimeMS() { },True
0x6A363A8,25678,0x6A361CC,25678,Merger.MergeBoard.View,IntervalTicker,private long get_CurrentServerTimeMS() { },True
0x6A365F0,25680,0x6A342A4,25709,Merger.MergeBoard.View.Items,MergeBoardItemsContainer,public void remove_ItemRemoved(Action<IBoardItemView> value) { },True
0x6A366D0,25680,0x3DC47BC,33702,ContextualizedECS.Context,TickArgs,ContextualizedECS.Context.TickArgs$$ContainsArgType<object>,True
0x6A366D0,25680,0x3DC5020,33702,ContextualizedECS.Context,TickArgs,ContextualizedECS.Context.TickArgs$$TryGet<object>,True
0x6A366D0,25680,0x6A3676C,25680,Merger.MergeBoard.View,MergeBoardCombinationVerificationView,private void OpenVerifyCombinationPopup(PendingItemsCombinationResult result) { },True
0x6A3676C,25680,0x66F2458,8862,Merger.Game.Views.Popups.Data,MergeCheckPopupPayload,"public void .ctor(MergeCheckItemType mergeCheckType, BoardItemPosition firstItem, BoardItemPosition secondItem, Action<BoardItemPosition, BoardItemPosition> successAction, IItem checkInitiatingItem, IItem mergeItem, IItem firstResultItem, IItem secondResultItem, Action failAction) { }",True
0x6A3676C,25680,0x6A32B08,25667,Merger.MergeBoard.ViewModel,MergeBoardViewModel,public IItem GetItemById(string id) { },True
0x6A3676C,25680,0x6A32BB4,25667,Merger.MergeBoard.ViewModel,MergeBoardViewModel,public IItem GetMergeItem(Entity entity) { },True
0x6A3676C,25680,0x6A369E0,25680,Merger.MergeBoard.View,MergeBoardCombinationVerificationView,private BoardItemPosition GetBoardItemPosition(Entity entity) { },True
0x6A3676C,25680,0x6A36A48,25680,Merger.MergeBoard.View,MergeBoardCombinationVerificationView,private void OnPopupOpened(PendingItemsCombinationResult result) { },True
0x6A369E0,25680,0x3C1AE90,33678,ContextualizedECS,Entity,ContextualizedECS.Entity$$GetComponent<BoardTilePositionComponent>,True
0x6A36A48,25680,0x6A36FA4,25709,Merger.MergeBoard.View.Items,MergeBoardItemsContainer,public IBoardItemView GetItemView(Entity entity) { },True
0x6A36AD8,25680,0x6A36B68,25680,Merger.MergeBoard.View,MergeBoardCombinationVerificationView,"private void OnVerifyCombinationFailed(Entity firstItem, Entity secondItem, MergeCheckItemType checkType) { }",True
0x6A36B68,25680,0x3C1AE90,33678,ContextualizedECS,Entity,ContextualizedECS.Entity$$GetComponent<BoardTilePositionComponent>,True
0x6A36B68,25680,0x6A36C1C,25680,Merger.MergeBoard.View,MergeBoardCombinationVerificationView,private void OnPopupClosed() { },True
0x6A36C58,25680,0x6A36C1C,25680,Merger.MergeBoard.View,MergeBoardCombinationVerificationView,private void OnPopupClosed() { },True
0x6A36C58,25680,0x6A36D80,25702,Merger.MergeBoard.View.Layout,MergeBoardLayout,public Nullable<int> GetIndexForTransform(Transform tileTransform) { },True
0x6A36C58,25680,0x6A9932C,25914,Merger.MergeBoard.Extensions,MergeBoardLayoutExtensions,"public static Transform GetTransformForPosition(IMergeBoardLayout layout, BoardItemPosition position) { }",True
0x6A36C58,25680,0x6A9B804,25984,Merger.MergeBoard.Controller,BoardController,"public void HandleCombinationVerification(bool isSuccess, int firstPosition, int secondPosition, MergeCheckItemType checkItemType) { }",True
0x6A370B0,25681,0x68AAF28,10428,Framework.Core.View,ViewComponent,public RectTransform get_RectTransform() { },True
0x6A37104,25681,0x68AAF28,10428,Framework.Core.View,ViewComponent,public RectTransform get_RectTransform() { },True
0x6A37A78,25684,0x6A3258C,25666,Merger.MergeBoard.ViewModel,MergeBoardSelectorViewModel,public RectTransform GetTransformByPosition(int position) { },True
0x6A37A78,25684,0x6A32634,25666,Merger.MergeBoard.ViewModel,MergeBoardSelectorViewModel,public int GetPositionIndex(IBoardItemView itemView) { },True
0x6A37AF8,25684,0x68AAF28,10428,Framework.Core.View,ViewComponent,public RectTransform get_RectTransform() { },True
0x6A37CD8,25684,0x6A322C8,25666,Merger.MergeBoard.ViewModel,MergeBoardSelectorViewModel,public SelectorMode GetSelectorMode(IVisualComponent visualComponent) { },True
0x6A37CD8,25684,0x6A34678,25709,Merger.MergeBoard.View.Items,MergeBoardItemsContainer,public Entity GetEntityForItemView(IBoardItemView itemView) { },True
0x6A37E14,25684,0x6A324D8,25666,Merger.MergeBoard.ViewModel,MergeBoardSelectorViewModel,public Entity GetEntityAtPosition(int position) { },True
0x6A37E14,25684,0x6A36FA4,25709,Merger.MergeBoard.View.Items,MergeBoardItemsContainer,public IBoardItemView GetItemView(Entity entity) { },True
0x6A37EE0,25684,0x6A37A78,25684,Merger.MergeBoard.View,MergeBoardSelectorView,public void Show() { },True
0x6A37EE0,25684,0x6A37C6C,25684,Merger.MergeBoard.View,MergeBoardSelectorView,public void Hide() { },True
0x6A37EE0,25684,0x6A37CD8,25684,Merger.MergeBoard.View,MergeBoardSelectorView,public void SetSelectedItem(IBoardItemView itemView) { },True
0x6A37EE0,25684,0x6A37E8C,25684,Merger.MergeBoard.View,MergeBoardSelectorView,public void ClearSelection() { },True
0x6A37EE0,25684,0x6A37F3C,25684,Merger.MergeBoard.View,MergeBoardSelectorView,"private bool TryGetItemViewOnSamePosition(IBoardItemView removedItemView, out IBoardItemView boardItemView) { }",True
0x6A37F3C,25684,0x6A324D8,25666,Merger.MergeBoard.ViewModel,MergeBoardSelectorViewModel,public Entity GetEntityAtPosition(int position) { },True
0x6A37F3C,25684,0x6A32634,25666,Merger.MergeBoard.ViewModel,MergeBoardSelectorViewModel,public int GetPositionIndex(IBoardItemView itemView) { },True
0x6A37F3C,25684,0x6A36FA4,25709,Merger.MergeBoard.View.Items,MergeBoardItemsContainer,public IBoardItemView GetItemView(Entity entity) { },True
0x6A38190,25687,0x6A37C6C,25684,Merger.MergeBoard.View,MergeBoardSelectorView,public void Hide() { },True
0x6A38190,25687,0x6A38260,25709,Merger.MergeBoard.View.Items,MergeBoardItemsContainer,public void Initialize() { },True
0x6A38190,25687,0x6A38290,25687,Merger.MergeBoard.View,MergeBoardView,private void PopulateBoard() { },True
0x6A38260,25709,0x6A44800,25708,Merger.MergeBoard.View.Items,MergeBoardItemBehavioursHandler,public void InitializeBehaviourPools() { },True
0x6A38290,25687,0x3BC6B28,10424,Framework.Core,Base,Framework.Core.Base$$FireSignal<object>,True
0x6A38290,25687,0x6A32798,25667,Merger.MergeBoard.ViewModel,MergeBoardViewModel,public IEnumerable<Entity> get_Entities() { },True
0x6A38290,25687,0x6A38AB4,25687,Merger.MergeBoard.View,MergeBoardView,private void ResetBoardPosition() { },True
0x6A38290,25687,0x6A38B14,25687,Merger.MergeBoard.View,MergeBoardView,public void UpdateBoardTiles() { },True
0x6A38388,25687,0x3BC7514,10424,Framework.Core,Base,Framework.Core.Base$$UnsubscribeFromSignal<object>,True
0x6A38388,25687,0x6A38460,25687,Merger.MergeBoard.View,MergeBoardView,private void DestroyBoard() { },True
0x6A38460,25687,0x6A34628,25709,Merger.MergeBoard.View.Items,MergeBoardItemsContainer,public IEnumerable<IBoardItemView> GetAllItemViews() { },True
0x6A38460,25687,0x6A38740,25687,Merger.MergeBoard.View,MergeBoardView,private void DisposeBoardItemView(IBoardItemView boardItemView) { },True
0x6A38A8C,25687,0x6A37C6C,25684,Merger.MergeBoard.View,MergeBoardSelectorView,public void Hide() { },True
0x6A38B14,25687,0x6A326F4,25667,Merger.MergeBoard.ViewModel,MergeBoardViewModel,public IEnumerable<int> get_PlayableTiles() { },True
0x6A38B14,25687,0x6A32798,25667,Merger.MergeBoard.ViewModel,MergeBoardViewModel,public IEnumerable<Entity> get_Entities() { },True
0x6A38B14,25687,0x6A38C44,25687,Merger.MergeBoard.View,MergeBoardView,private void PopulateCells() { },True
0x6A38B14,25687,0x6A39620,25687,Merger.MergeBoard.View,MergeBoardView,private void CreateItems(IEnumerable<Entity> entities) { },True
0x6A38B14,25687,0x6A3CBAC,25687,Merger.MergeBoard.View,MergeBoardView,private void RemoveInactiveItems(List<int> activeIndices) { },True
0x6A39150,25687,0x3C1AE90,33678,ContextualizedECS,Entity,ContextualizedECS.Entity$$GetComponent<BoardTilePositionComponent>,True
0x6A39150,25687,0x6A3283C,25667,Merger.MergeBoard.ViewModel,MergeBoardViewModel,public bool HasTileConfiguration(int tileIndex) { },True
0x6A39150,25687,0x6A39214,25709,Merger.MergeBoard.View.Items,MergeBoardItemsContainer,public bool IsItemExists(Entity entity) { },True
0x6A39150,25687,0x6A3926C,25702,Merger.MergeBoard.View.Layout,MergeBoardLayout,public bool ContainsIndex(int index) { },True
0x6A39150,25687,0x6A392C4,25687,Merger.MergeBoard.View,MergeBoardView,"private void CreateItem(int index, Entity entity) { }",True
0x6A392C4,25687,0x6A3A948,25709,Merger.MergeBoard.View.Items,MergeBoardItemsContainer,"public IBoardItemView AddBoardItem(int index, Entity entity) { }",True
0x6A392C4,25687,0x6A99134,25914,Merger.MergeBoard.Extensions,MergeBoardLayoutExtensions,"public static BoardItemPosition GetItemPositionForIndex(IMergeBoardLayout layout, int index) { }",True
0x6A39620,25687,0x6A39150,25687,Merger.MergeBoard.View,MergeBoardView,private bool CreateItemView(Entity entity) { },True
0x6A39E3C,25687,0x3C1AE90,33678,ContextualizedECS,Entity,ContextualizedECS.Entity$$GetComponent<BoardTilePositionComponent>,True
0x6A39E3C,25687,0x6A36FA4,25709,Merger.MergeBoard.View.Items,MergeBoardItemsContainer,public IBoardItemView GetItemView(Entity entity) { },True
0x6A3A378,25687,0x3DC5020,33702,ContextualizedECS.Context,TickArgs,ContextualizedECS.Context.TickArgs$$TryGet<object>,True
0x6A3A458,25687,0x6A36FA4,25709,Merger.MergeBoard.View.Items,MergeBoardItemsContainer,public IBoardItemView GetItemView(Entity entity) { },True
0x6A3A458,25687,0x6A3A754,25687,Merger.MergeBoard.View,MergeBoardView,"private void RemoveItem(Entity entity, IBoardItemView boardItemView) { }",True
0x6A3A754,25687,0x6A38740,25687,Merger.MergeBoard.View,MergeBoardView,private void DisposeBoardItemView(IBoardItemView boardItemView) { },True
0x6A3A754,25687,0x6A3A874,25687,Merger.MergeBoard.View,MergeBoardView,private void BoardItemDragCancelled(IBoardItemView boardItem) { },True
0x6A3A754,25687,0x6A3A8B0,25709,Merger.MergeBoard.View.Items,MergeBoardItemsContainer,public bool RemoveItem(Entity entity) { },True
0x6A3A874,25687,0x6A3B1BC,25687,Merger.MergeBoard.View,MergeBoardView,private void ResetItemCombinerVisualPresentation() { },True
0x6A3A874,25687,0x6A3B63C,25687,Merger.MergeBoard.View,MergeBoardView,private void ResetDraggedItem() { },True
0x6A3A948,25709,0x6A31A40,25662,Merger.MergeBoard.ViewModel,MergeBoardItemCreatorViewModel,public VisualAdapter GetVisualAdapter(Entity entity) { },True
0x6A3A948,25709,0x6A31AE8,25662,Merger.MergeBoard.ViewModel,MergeBoardItemCreatorViewModel,public Transform GetTransformForIndex(int index) { },True
0x6A3A948,25709,0x6A44698,25708,Merger.MergeBoard.View.Items,MergeBoardItemBehavioursHandler,"public Dictionary<string, BehaviourPrefabData> get_CombinedBehaviourConfig() { }",True
0x6A3A948,25709,0x6A44708,25708,Merger.MergeBoard.View.Items,MergeBoardItemBehavioursHandler,public string get_BehavioursPoolIdStringFormat() { },True
0x6A3A948,25709,0x6A44750,25708,Merger.MergeBoard.View.Items,MergeBoardItemBehavioursHandler,public void AttachBehaviours(IBoardItemView boardItem) { },True
0x6A3A948,25709,0x6A4499C,25709,Merger.MergeBoard.View.Items,MergeBoardItemsContainer,"private void AddItemView(Entity entity, IBoardItemView itemView) { }",True
0x6A3A948,25709,0x6A44A34,25709,Merger.MergeBoard.View.Items,MergeBoardItemsContainer,"private void CreateBlockerView(int index, IBoardItemView boardItemView) { }",True
0x6A3AB08,25687,0x6A3AB64,25687,Merger.MergeBoard.View,MergeBoardView,private IEnumerator HandleBoardResult(TickArgs boardResult) { },True
0x6A3ABEC,25687,0x6A3AF20,25687,Merger.MergeBoard.View,MergeBoardView,private void BoardItemDragStarted(IBoardItemView boardItem) { },True
0x6A3ABEC,25687,0x6A3B1BC,25687,Merger.MergeBoard.View,MergeBoardView,private void ResetItemCombinerVisualPresentation() { },True
0x6A3ABEC,25687,0x6A3B380,25687,Merger.MergeBoard.View,MergeBoardView,private void ApplyVisualPresentationOnOverlapItems(Vector2 pointInLayoutSpace) { },True
0x6A3AF20,25687,0x6A37CD8,25684,Merger.MergeBoard.View,MergeBoardSelectorView,public void SetSelectedItem(IBoardItemView itemView) { },True
0x6A3B380,25687,0x6A32798,25667,Merger.MergeBoard.ViewModel,MergeBoardViewModel,public IEnumerable<Entity> get_Entities() { },True
0x6A3B380,25687,0x6A32924,25667,Merger.MergeBoard.ViewModel,MergeBoardViewModel,"public bool CanCombineItems(Entity draggedEntity, Entity otherEntity, out IItemCombinerValidator validator) { }",True
0x6A3B380,25687,0x6A32A60,25667,Merger.MergeBoard.ViewModel,MergeBoardViewModel,"public bool TryGetItemCombinerVisualPresentation(IItemCombinerValidator validator, out IItemCombinerVisualPresentation visualPresentation) { }",True
0x6A3B380,25687,0x6A34678,25709,Merger.MergeBoard.View.Items,MergeBoardItemsContainer,public Entity GetEntityForItemView(IBoardItemView itemView) { },True
0x6A3B380,25687,0x6A36D80,25702,Merger.MergeBoard.View.Layout,MergeBoardLayout,public Nullable<int> GetIndexForTransform(Transform tileTransform) { },True
0x6A3B380,25687,0x6A36FA4,25709,Merger.MergeBoard.View.Items,MergeBoardItemsContainer,public IBoardItemView GetItemView(Entity entity) { },True
0x6A3B380,25687,0x6A3BBB8,25702,Merger.MergeBoard.View.Layout,MergeBoardLayout,public RectTransform GetTransformForPosition(Vector2 localPosition) { },True
0x6A3B380,25687,0x6A98B30,25912,Merger.MergeBoard.Extensions,MergeBoardEntitiesExtensions,"public static Entity GetEntityAtPosition(IEnumerable<Entity> entities, int position) { }",True
0x6A3B850,25687,0x6A36D80,25702,Merger.MergeBoard.View.Layout,MergeBoardLayout,public Nullable<int> GetIndexForTransform(Transform tileTransform) { },True
0x6A3B850,25687,0x6A37A78,25684,Merger.MergeBoard.View,MergeBoardSelectorView,public void Show() { },True
0x6A3B850,25687,0x6A37E14,25684,Merger.MergeBoard.View,MergeBoardSelectorView,public void SetSelectedItem(int position) { },True
0x6A3B850,25687,0x6A3B1BC,25687,Merger.MergeBoard.View,MergeBoardView,private void ResetItemCombinerVisualPresentation() { },True
0x6A3B850,25687,0x6A3B63C,25687,Merger.MergeBoard.View,MergeBoardView,private void ResetDraggedItem() { },True
0x6A3B850,25687,0x6A3BBB8,25702,Merger.MergeBoard.View.Layout,MergeBoardLayout,public RectTransform GetTransformForPosition(Vector2 localPosition) { },True
0x6A3B850,25687,0x6A9932C,25914,Merger.MergeBoard.Extensions,MergeBoardLayoutExtensions,"public static Transform GetTransformForPosition(IMergeBoardLayout layout, BoardItemPosition position) { }",True
0x6A3B850,25687,0x6A9B490,25984,Merger.MergeBoard.Controller,BoardController,"public void MoveItem(int fromPosition, int toPosition) { }",True
0x6A3BE08,25687,0x6A34678,25709,Merger.MergeBoard.View.Items,MergeBoardItemsContainer,public Entity GetEntityForItemView(IBoardItemView itemView) { },True
0x6A3BE08,25687,0x6A3BF38,25687,Merger.MergeBoard.View,MergeBoardView,private int GetItemIndex(IBoardItemView boardItemView) { },True
0x6A3BE08,25687,0x6A3BFC0,25687,Merger.MergeBoard.View,MergeBoardView,private bool RequireDoubleTap(IBoardItemView boardItemView) { },True
0x6A3BE08,25687,0x6A3C048,25687,Merger.MergeBoard.View,MergeBoardView,private void CheckForDoubleTap(int itemIndex) { },True
0x6A3BE08,25687,0x6A3C0A8,25687,Merger.MergeBoard.View,MergeBoardView,private void OnItemTapped(int itemPosition) { },True
0x6A3BE08,25687,0x6A3C0F4,25687,Merger.MergeBoard.View,MergeBoardView,private void OnItemSelected(int itemIndex) { },True
0x6A3BE08,25687,0x6A3C12C,25687,Merger.MergeBoard.View,MergeBoardView,"private void TryTriggerFloatingText(IBoardItemView boardItemView, Entity entity) { }",True
0x6A3BF38,25687,0x3C1E2E4,33678,ContextualizedECS,Entity,ContextualizedECS.Entity$$TryGetComponent<BoardTilePositionComponent>,True
0x6A3BF38,25687,0x6A34678,25709,Merger.MergeBoard.View.Items,MergeBoardItemsContainer,public Entity GetEntityForItemView(IBoardItemView itemView) { },True
0x6A3BFC0,25687,0x3C1E72C,33678,ContextualizedECS,Entity,ContextualizedECS.Entity$$TryGetComponent<CollectableComponent>,True
0x6A3BFC0,25687,0x6A34678,25709,Merger.MergeBoard.View.Items,MergeBoardItemsContainer,public Entity GetEntityForItemView(IBoardItemView itemView) { },True
0x6A3C0F4,25687,0x6A37A78,25684,Merger.MergeBoard.View,MergeBoardSelectorView,public void Show() { },True
0x6A3C0F4,25687,0x6A37E14,25684,Merger.MergeBoard.View,MergeBoardSelectorView,public void SetSelectedItem(int position) { },True
0x6A3C12C,25687,0x6A32CA4,25667,Merger.MergeBoard.ViewModel,MergeBoardViewModel,public bool IsItemGateway(Entity entity) { },True
0x6A3C12C,25687,0x6A32DA4,25667,Merger.MergeBoard.ViewModel,MergeBoardViewModel,public string GetGatewayFloatingTextKey(Entity entity) { },True
0x6A3C12C,25687,0x6A97FFC,25904,Merger.MergeBoard.Extensions,EntityLockExtension,public static bool OnlyMovementLock(Entity entity) { },True
0x6A3C3BC,25687,0x6A36FA4,25709,Merger.MergeBoard.View.Items,MergeBoardItemsContainer,public IBoardItemView GetItemView(Entity entity) { },True
0x6A3C3BC,25687,0x6A37EE0,25684,Merger.MergeBoard.View,MergeBoardSelectorView,public void RemoveSelectorFromItem(IBoardItemView itemToRemove) { },True
0x6A3C740,25687,0x6A37C6C,25684,Merger.MergeBoard.View,MergeBoardSelectorView,public void Hide() { },True
0x6A3C740,25687,0x6A37E8C,25684,Merger.MergeBoard.View,MergeBoardSelectorView,public void ClearSelection() { },True
0x6A3C740,25687,0x6A3A754,25687,Merger.MergeBoard.View,MergeBoardView,"private void RemoveItem(Entity entity, IBoardItemView boardItemView) { }",True
0x6A3C740,25687,0x6A3B63C,25687,Merger.MergeBoard.View,MergeBoardView,private void ResetDraggedItem() { },True
0x6A3C924,25687,0x6A3C980,25702,Merger.MergeBoard.View.Layout,MergeBoardLayout,public void ClearBoard() { },True
0x6A3CB80,25687,0x6A3C740,25687,Merger.MergeBoard.View,MergeBoardView,private void ClearAllItems() { },True
0x6A3CBAC,25687,0x3C1AE90,33678,ContextualizedECS,Entity,ContextualizedECS.Entity$$GetComponent<BoardTilePositionComponent>,True
0x6A3CBAC,25687,0x6A3A754,25687,Merger.MergeBoard.View,MergeBoardView,"private void RemoveItem(Entity entity, IBoardItemView boardItemView) { }",True
0x6A3CE9C,25686,0x6A32798,25667,Merger.MergeBoard.ViewModel,MergeBoardViewModel,public IEnumerable<Entity> get_Entities() { },True
0x6A3CE9C,25686,0x6A366D0,25680,Merger.MergeBoard.View,MergeBoardCombinationVerificationView,public void ConfirmCombination(TickArgs boardResult) { },True
0x6A3CE9C,25686,0x6A39620,25687,Merger.MergeBoard.View,MergeBoardView,private void CreateItems(IEnumerable<Entity> entities) { },True
0x6A3CE9C,25686,0x6A39E3C,25687,Merger.MergeBoard.View,MergeBoardView,private void UpdateCells(IEnumerable<Entity> entities) { },True
0x6A3CE9C,25686,0x6A3A378,25687,Merger.MergeBoard.View,MergeBoardView,private IReadOnlyCollection<Entity> GetDeletedEntities(TickArgs boardResult) { },True
0x6A3CE9C,25686,0x6A3C3BC,25687,Merger.MergeBoard.View,MergeBoardView,private void RemoveSelectorFromDeletedEntities(IReadOnlyCollection<Entity> deletedEntities) { },True
0x6A3CE9C,25686,0x6A3C6C8,25687,Merger.MergeBoard.View,MergeBoardView,private void FinishHintingIfEntitiesDeleted(IReadOnlyCollection<Entity> deletedEntities) { },True
0x6A3FCD4,25700,0x6A400FC,25700,Merger.MergeBoard.View.Layout,FreeformMergeBoardLayout,private bool IsValidPosition(int position) { },True
0x6A3FCD4,25700,0x6A40154,25700,Merger.MergeBoard.View.Layout,FreeformMergeBoardLayout,private RectTransform GetTile(int position) { },True
0x6A403C8,25700,0x6A400FC,25700,Merger.MergeBoard.View.Layout,FreeformMergeBoardLayout,private bool IsValidPosition(int position) { },True
0x6A40598,25700,0x6A40790,25700,Merger.MergeBoard.View.Layout,FreeformMergeBoardLayout,"private void SetIndexText(Transform tile, int index, bool isActive) { }",True
0x6A40A7C,25697,0x6A40CDC,25697,,FreeformMergeBoardLayout.<GetAllEmptyPositions>d__7,private void <>m__Finally1() { },True
0x6A40E9C,25698,0x6A400FC,25700,Merger.MergeBoard.View.Layout,FreeformMergeBoardLayout,private bool IsValidPosition(int position) { },True
0x6A40E9C,25698,0x6A40154,25700,Merger.MergeBoard.View.Layout,FreeformMergeBoardLayout,private RectTransform GetTile(int position) { },True
0x6A40E9C,25698,0x6A408F0,25700,Merger.MergeBoard.View.Layout,FreeformMergeBoardLayout,private Rect GetTileBounds(RectTransform tile) { },True
0x6A40E9C,25698,0x6A41344,25698,,FreeformMergeBoardLayout.<GetHorizontalVerticalTouchingTiles>d__17,private void <>m__Finally1() { },True
0x6A41504,25699,0x6A400FC,25700,Merger.MergeBoard.View.Layout,FreeformMergeBoardLayout,private bool IsValidPosition(int position) { },True
0x6A41504,25699,0x6A40154,25700,Merger.MergeBoard.View.Layout,FreeformMergeBoardLayout,private RectTransform GetTile(int position) { },True
0x6A41504,25699,0x6A408F0,25700,Merger.MergeBoard.View.Layout,FreeformMergeBoardLayout,private Rect GetTileBounds(RectTransform tile) { },True
0x6A41504,25699,0x6A418AC,25699,,FreeformMergeBoardLayout.<GetTouchingTiles>d__16,private void <>m__Finally1() { },True
0x6A44698,25708,0x6A2FF68,25658,Merger.MergeBoard.ViewModel,BoardItemBehavioursHandlerViewModel,"public Dictionary<string, BehaviourPrefabData> GetCombinedBehaviourConfig(List<BehaviourPrefabData> behaviourOverrides) { }",True
0x6A44750,25708,0x6A304E0,25658,Merger.MergeBoard.ViewModel,BoardItemBehavioursHandlerViewModel,private void PrepareAnimatedSpriteAssets(BoardItemView2 boardItemView2) { },True
0x6A44800,25708,0x6A44698,25708,Merger.MergeBoard.View.Items,MergeBoardItemBehavioursHandler,"public Dictionary<string, BehaviourPrefabData> get_CombinedBehaviourConfig() { }",True
0x6A44A34,25709,0x6A31B90,25662,Merger.MergeBoard.ViewModel,MergeBoardItemCreatorViewModel,public bool HasTileConfiguration(int index) { },True
0x6A44A34,25709,0x6A31C3C,25662,Merger.MergeBoard.ViewModel,MergeBoardItemCreatorViewModel,public DynamicBoardCellConfiguration GetTileConfiguration(int index) { },True
0x6A4D77C,25722,0x3C19C6C,33695,ContextualizedECS.Query,Entities,ContextualizedECS.Query.Entities$$With<BoardTilePositionComponent>,True
0x6A4D77C,25722,0x3D64A64,33699,ContextualizedECS.Query,QueryExtensions,"ContextualizedECS.Query.QueryExtensions$$Query<ValueTuple<object, BoardTilePositionComponent>>",True
0x6A4D77C,25722,0x3DC33E4,33702,ContextualizedECS.Context,TickArgs,ContextualizedECS.Context.TickArgs$$AddArgument<object>,True
0x6A4D77C,25722,0x5F15D08,33694,,Entities.ExcludeDelegate,"public void .ctor(object object, IntPtr method) { }",True
0x6A4D77C,25722,0x6A4DFFC,25722,Merger.MergeBoard.Utils,ExpendSpawnService,private WeightedItemSpawnable SelectWeightedItem(List<WeightedItemSpawnable> items) { },True
0x6A4D77C,25722,0x6A4E2B8,25722,Merger.MergeBoard.Utils,ExpendSpawnService,"private void AddSpawnFailedResult(EmptiableWeightedItemSpawnable item, IEntityFactory entityFactory, TickContext context) { }",True
0x6A4D77C,25722,0x6A98E60,25912,Merger.MergeBoard.Extensions,MergeBoardEntitiesExtensions,"public static void AddEntity(TickContext tickContext, Entity entity, Entity sourceEntity) { }",True
0x6A4D77C,25722,0x6A9A828,25958,Merger.MergeBoard.Data.TickResultArgs,ItemCreatedResult,"public void .ctor(Entity entity, ItemAnalyticsData itemAnalyticsData) { }",True
0x6A4D77C,25722,0x6A9AA90,25966,Merger.MergeBoard.Data.TickResultArgs,ItemSpawnedResult,"public void .ctor(Entity sourceEntity, Entity newEntity, int sourcePosition, int targetPosition, ItemCreatedSource itemCreatedSource, ItemAnalyticsData sourceEntityAnalyticsData, ItemAnalyticsData newEntityAnalyticsData, bool rare = False, bool legendary = False, bool boosted = False) { }",True
0x6A4E2B8,25722,0x6A9A3CC,25945,Merger.MergeBoard.Data.TickResultArgs,ExpendableSpawnFailedResult,"public void .ctor(Entity entity, string reason, IMergeItem mergeItem) { }",True
0x6A4E438,25722,0x3DC33E4,33702,ContextualizedECS.Context,TickArgs,ContextualizedECS.Context.TickArgs$$AddArgument<object>,True
0x6A4E438,25722,0x6A4DFFC,25722,Merger.MergeBoard.Utils,ExpendSpawnService,private WeightedItemSpawnable SelectWeightedItem(List<WeightedItemSpawnable> items) { },True
0x6A4E438,25722,0x6A98E60,25912,Merger.MergeBoard.Extensions,MergeBoardEntitiesExtensions,"public static void AddEntity(TickContext tickContext, Entity entity, Entity sourceEntity) { }",True
0x6A4E438,25722,0x6A9A828,25958,Merger.MergeBoard.Data.TickResultArgs,ItemCreatedResult,"public void .ctor(Entity entity, ItemAnalyticsData itemAnalyticsData) { }",True
0x6A4E438,25722,0x6A9AA90,25966,Merger.MergeBoard.Data.TickResultArgs,ItemSpawnedResult,"public void .ctor(Entity sourceEntity, Entity newEntity, int sourcePosition, int targetPosition, ItemCreatedSource itemCreatedSource, ItemAnalyticsData sourceEntityAnalyticsData, ItemAnalyticsData newEntityAnalyticsData, bool rare = False, bool legendary = False, bool boosted = False) { }",True
0x6A4E898,25725,0x3C1DB24,33678,ContextualizedECS,Entity,ContextualizedECS.Entity$$SetComponent<SpawnerComponent>,True
0x6A4E898,25725,0x3C1DCC8,33678,ContextualizedECS,Entity,ContextualizedECS.Entity$$SetComponent<TimeCycleComponent>,True
0x6A4E898,25725,0x5FE8960,100,MergeEngine.Util,ItemSpawningQueue,public bool get_HasMoreItems() { },True
0x6A4E898,25725,0x5FE8B04,100,MergeEngine.Util,ItemSpawningQueue,"public void Refill(int seed = 0, List<Combination> combinations) { }",True
0x6A4E898,25725,0x6A4E9D8,25725,Merger.MergeBoard.Utils,SpawningItemsUtils,"private static ItemSpawnable GetItemFromQueue(ItemSpawningQueue itemsQueue, InteractionComponent interactionComponent, List<ItemPayloadBase> consumedItems) { }",True
0x6A4E9D8,25725,0x5FE9BF4,100,MergeEngine.Util,ItemSpawningQueue,"public ItemSpawnable GetNextItems(ItemMultiple[] consumedItems, List<Combination> combinations, List<ItemPayloadBase> feedingConsumedItems) { }",True
0x6A4EBA8,25725,0x3C1D988,33678,ContextualizedECS,Entity,ContextualizedECS.Entity$$SetComponent<ProducerComponent>,True
0x6A4EBA8,25725,0x3C1DCC8,33678,ContextualizedECS,Entity,ContextualizedECS.Entity$$SetComponent<TimeCycleComponent>,True
0x6A4EBA8,25725,0x3C1ECB4,33678,ContextualizedECS,Entity,ContextualizedECS.Entity$$TryGetComponent<FeedingCombinationComponent>,True
0x6A4EBA8,25725,0x5FE8960,100,MergeEngine.Util,ItemSpawningQueue,public bool get_HasMoreItems() { },True
0x6A4EBA8,25725,0x5FE8B04,100,MergeEngine.Util,ItemSpawningQueue,"public void Refill(int seed = 0, List<Combination> combinations) { }",True
0x6A4EBA8,25725,0x6A4E9D8,25725,Merger.MergeBoard.Utils,SpawningItemsUtils,"private static ItemSpawnable GetItemFromQueue(ItemSpawningQueue itemsQueue, InteractionComponent interactionComponent, List<ItemPayloadBase> consumedItems) { }",True
0x6A4EBA8,25725,0x6A4EE2C,25725,Merger.MergeBoard.Utils,SpawningItemsUtils,"private static ItemSpawnable TryReplaceWithBoosted(ItemSpawnable itemToProduce, Entity entity, ItemsSpawningCapability itemsSpawningCapability, IMergingConfigurationModel mergingConfigurationModel, IPowerBoostDataProvider powerBoostDataProvider) { }",True
0x6A4EE2C,25725,0x3C1B250,33678,ContextualizedECS,Entity,ContextualizedECS.Entity$$GetComponent<IdComponent>,True
0x6A4EE2C,25725,0x6004718,1354,MergeEngine.Configuration.Definitions.WeakReferences.References,MergeItemWeakReference,public void .ctor(string uniqueId) { },True
0x6A4EE2C,25725,0x6A29A84,1335,MergeEngine.Configuration.Definitions,WeightedItemSpawnable,public void .ctor() { },True
0x6A4EE2C,25725,0x6A29A94,1304,MergeEngine.Configuration.Definitions,FixedItemSpawnable,public void .ctor() { },True
0x6A4EE2C,25725,0x6A29AA4,1308,MergeEngine.Configuration.Definitions,ItemSpawnable,public void .ctor() { },True
0x6A4F57C,25725,0x3C1DCC8,33678,ContextualizedECS,Entity,ContextualizedECS.Entity$$SetComponent<TimeCycleComponent>,True
0x6A56C08,33292,0x3DC33E4,33702,ContextualizedECS.Context,TickArgs,ContextualizedECS.Context.TickArgs$$AddArgument<object>,True
0x6A56C08,33292,0x3DC5020,33702,ContextualizedECS.Context,TickArgs,ContextualizedECS.Context.TickArgs$$TryGet<object>,True
0x6A56C08,33292,0x6A56F24,33292,Merger.MergeBoardQueue.Systems,BoardQueueSystem,"private bool TrySpawnEntityFromQueue(TickContext context, string itemName, IMergeItem mergeItem, ItemPayloadBase itemPayload, out Entity entity, out ItemAnalyticsData analyticsData, out int position) { }",True
0x6A56C08,33292,0x6A57234,33310,Merger.MergeBoardQueue.Data.TickResultArgs,ItemDequeuedResult,"public void .ctor(Entity entity, ItemAnalyticsData itemAnalyticsData, QueuedItem item, int destinationPosition) { }",True
0x6A56C08,33292,0x6A572A0,33311,Merger.MergeBoardQueue.Data.TickResultArgs,ItemRewardSpawnedFromQueueToBoardResult,"public void .ctor(Entity entity, ItemAnalyticsData analyticsData, QueuedItem dequeuedItem, int destinationPosition) { }",True
0x6A56F24,33292,0x3DC33E4,33702,ContextualizedECS.Context,TickArgs,ContextualizedECS.Context.TickArgs$$AddArgument<object>,True
0x6A56F24,33292,0x6A5730C,33292,Merger.MergeBoardQueue.Systems,BoardQueueSystem,"private bool TryFindEmptyPositionUsingModel(TickContext context, out int emptyPosition) { }",True
0x6A56F24,33292,0x6A98E60,25912,Merger.MergeBoard.Extensions,MergeBoardEntitiesExtensions,"public static void AddEntity(TickContext tickContext, Entity entity, Entity sourceEntity) { }",True
0x6A56F24,33292,0x6A9A828,25958,Merger.MergeBoard.Data.TickResultArgs,ItemCreatedResult,"public void .ctor(Entity entity, ItemAnalyticsData itemAnalyticsData) { }",True
0x6A5730C,33292,0x3C19C6C,33695,ContextualizedECS.Query,Entities,ContextualizedECS.Query.Entities$$With<BoardTilePositionComponent>,True
0x6A5730C,33292,0x3D64A64,33699,ContextualizedECS.Query,QueryExtensions,"ContextualizedECS.Query.QueryExtensions$$Query<ValueTuple<object, BoardTilePositionComponent>>",True
0x6A5730C,33292,0x5F15D08,33694,,Entities.ExcludeDelegate,"public void .ctor(object object, IntPtr method) { }",True
0x6A57704,33295,0x3BD97D0,25984,Merger.MergeBoard.Controller,BoardController,Merger.MergeBoard.Controller.BoardController$$DoAction<object>,True
0x6A57704,33295,0x6A578AC,33295,Merger.MergeBoardQueue.Services,MergeBoardItemRewardDequeueStrategy,private bool IsBoardFull() { },True
0x6A57B60,33297,0x6A9AECC,25982,Merger.MergeBoard.Data.Payload,MergeBoardItemNotificationData,public void .ctor() { },True
0x6A57B60,33297,0x6A9AED4,25983,Merger.MergeBoard.Data.Payload,MergeBoardItemPositionNotificationData,public void .ctor(int index) { },True
0x6A58078,33297,0x3C1B250,33678,ContextualizedECS,Entity,ContextualizedECS.Entity$$GetComponent<IdComponent>,True
0x6A58078,33297,0x6A9AECC,25982,Merger.MergeBoard.Data.Payload,MergeBoardItemNotificationData,public void .ctor() { },True
0x6A58078,33297,0x6A9AED4,25983,Merger.MergeBoard.Data.Payload,MergeBoardItemPositionNotificationData,public void .ctor(int index) { },True
0x6A58654,33301,0x694BF50,11221,Framework.Core.MVVM.Model,ModelBase,protected virtual void InitializeModel() { },True
0x6A58654,33301,0x6A5879C,33301,Merger.MergeBoardQueue.Models,BoardQueueModel,private void UpdateBindableProperties() { },True
0x6A5879C,33301,0x6A585FC,33301,Merger.MergeBoardQueue.Models,BoardQueueModel,public int get_Count() { },True
0x6A5879C,33301,0x6A58AA8,33301,Merger.MergeBoardQueue.Models,BoardQueueModel,public QueuedItem Peek() { },True
0x6A5887C,33301,0x68B2E90,10424,Framework.Core,Base,protected virtual void SubscribeToSignals() { },True
0x6A58AA8,33301,0x6A58AF0,33301,Merger.MergeBoardQueue.Models,BoardQueueModel,private LinkedListNode<QueuedItem> HeadOfQueue() { },True
0x6A58B90,33301,0x6A5879C,33301,Merger.MergeBoardQueue.Models,BoardQueueModel,private void UpdateBindableProperties() { },True
0x6A58B90,33301,0x6A587C8,33301,Merger.MergeBoardQueue.Models,BoardQueueModel,public void SyncWithState() { },True
0x6A58B90,33301,0x6A58AF0,33301,Merger.MergeBoardQueue.Models,BoardQueueModel,private LinkedListNode<QueuedItem> HeadOfQueue() { },True
0x6A58F9C,33301,0x6A58FD8,33301,Merger.MergeBoardQueue.Models,BoardQueueModel,"private void EnqueueToSpecificQueue(LinkedList<QueuedItem> queue, QueuedItem queuedItem) { }",True
0x6A590C4,33301,0x6A587C8,33301,Merger.MergeBoardQueue.Models,BoardQueueModel,public void SyncWithState() { },True
0x6A590C4,33301,0x6A58F9C,33301,Merger.MergeBoardQueue.Models,BoardQueueModel,public void Enqueue(QueuedItem queuedItem) { },True
0x6A590C4,33301,0x6A59160,33309,Merger.MergeBoardQueue.Data,QueuedItem,"public void .ctor(IItem item, long enqueueTimestamp, BoardQueueOrder boardQueueOrder, string uuidInBoardQueue, ItemPayloadBase itemPayload) { }",True
0x6A591DC,33301,0x6A58F9C,33301,Merger.MergeBoardQueue.Models,BoardQueueModel,public void Enqueue(QueuedItem queuedItem) { },True
0x6A591DC,33301,0x6A59160,33309,Merger.MergeBoardQueue.Data,QueuedItem,"public void .ctor(IItem item, long enqueueTimestamp, BoardQueueOrder boardQueueOrder, string uuidInBoardQueue, ItemPayloadBase itemPayload) { }",True
0x6A594AC,33301,0x6A5879C,33301,Merger.MergeBoardQueue.Models,BoardQueueModel,private void UpdateBindableProperties() { },True
0x6A594AC,33301,0x6A587C8,33301,Merger.MergeBoardQueue.Models,BoardQueueModel,public void SyncWithState() { },True
0x6A594AC,33301,0x6A58F9C,33301,Merger.MergeBoardQueue.Models,BoardQueueModel,public void Enqueue(QueuedItem queuedItem) { },True
0x6A59BB4,33304,0x3DC4400,33702,ContextualizedECS.Context,TickArgs,ContextualizedECS.Context.TickArgs$$All<object>,True
0x6A59BB4,33304,0x6A5A9EC,33304,Merger.MergeBoardQueue.Logic,BoardQueueProcessor,private void DequeueFinished() { },True
0x6A59BB4,33304,0x6A5AA90,33304,Merger.MergeBoardQueue.Logic,BoardQueueProcessor,"private void Enqueue(Entity entity, IMergeItem mergeItem, ResourceSource source) { }",True
0x6A59BB4,33304,0x6A5AC6C,33304,Merger.MergeBoardQueue.Logic,BoardQueueProcessor,"private void GrantSellPriceResource(string itemId, PlayerResourceEnum resource, int amount) { }",True
0x6A5AA90,33304,0x3C1B250,33678,ContextualizedECS,Entity,ContextualizedECS.Entity$$GetComponent<IdComponent>,True
0x6A5AA90,33304,0x6A59B14,33304,Merger.MergeBoardQueue.Logic,BoardQueueProcessor,private long get_CurrentServerTimeMS() { },True
0x6A5AC6C,33304,0x614CB20,3000,Merger.Rewards.Constants,RewardTypesConstants,public static IRewardType GetRewardType(PlayerResourceEnum resourceEnum) { },True
0x6A5AE3C,33305,0x3DC4400,33702,ContextualizedECS.Context,TickArgs,ContextualizedECS.Context.TickArgs$$All<object>,True
0x6A5AE3C,33305,0x6A5B4D4,33305,Merger.MergeBoardQueue.Logic.BoardOperations,BoardQueueOperationDataCreator,"private void BuildDequeueActions(Entity entity, string uuidInBoardQueue) { }",True
0x6A5B9D4,33308,0x3E5714C,25778,,SystemsZenjectExtension.SystemsBuilderWithContext,Merger.MergeBoard.Systems.SystemsZenjectExtension.SystemsBuilderWithContext$$Register<object>,True
0x6A5B9D4,33308,0x5F1530C,33690,ContextualizedECS.Systems,SystemInfoExtensions,public static SystemInfo First(SystemInfo system) { },True
0x6A5B9D4,33308,0x6A76570,25779,Merger.MergeBoard.Systems,SystemsZenjectExtension,"public static SystemsZenjectExtension.SystemsBuilderWithContext WithContext(SystemsBuilder builder, DiContainer container) { }",True
0x6A5FA08,33593,0x3C1A15C,33695,ContextualizedECS.Query,Entities,"ContextualizedECS.Query.Entities$$With<IdComponent, BoardTilePositionComponent>",True
0x6A5FA08,33593,0x3D65324,33699,ContextualizedECS.Query,QueryExtensions,"ContextualizedECS.Query.QueryExtensions$$Query<ValueTuple<object, IdComponent, BoardTilePositionComponent>>",True
0x6A5FA08,33593,0x3DC33E4,33702,ContextualizedECS.Context,TickArgs,ContextualizedECS.Context.TickArgs$$AddArgument<object>,True
0x6A5FA08,33593,0x3DC5020,33702,ContextualizedECS.Context,TickArgs,ContextualizedECS.Context.TickArgs$$TryGet<object>,True
0x6A5FA08,33593,0x5F15D08,33694,,Entities.ExcludeDelegate,"public void .ctor(object object, IntPtr method) { }",True
0x6A5FA08,33593,0x6A98F6C,25912,Merger.MergeBoard.Extensions,MergeBoardEntitiesExtensions,"public static void RemoveEntity(TickContext tickContext, Entity entity) { }",True
0x6A5FF24,33594,0x3C1AE90,33678,ContextualizedECS,Entity,ContextualizedECS.Entity$$GetComponent<BoardTilePositionComponent>,True
0x6A5FF24,33594,0x3C1B250,33678,ContextualizedECS,Entity,ContextualizedECS.Entity$$GetComponent<IdComponent>,True
0x6A5FF24,33594,0x3C1C348,33678,ContextualizedECS,Entity,ContextualizedECS.Entity$$RemoveComponent<DeadComponent>,True
0x6A5FF24,33594,0x3C1C618,33678,ContextualizedECS,Entity,ContextualizedECS.Entity$$SetComponent<BoardTilePositionComponent>,True
0x6A5FF24,33594,0x3DC33E4,33702,ContextualizedECS.Context,TickArgs,ContextualizedECS.Context.TickArgs$$AddArgument<object>,True
0x6A5FF24,33594,0x3DC5020,33702,ContextualizedECS.Context,TickArgs,ContextualizedECS.Context.TickArgs$$TryGet<object>,True
0x6A5FF24,33594,0x5F14D28,33678,ContextualizedECS,Entity,public void .ctor(Entity otherEntity) { },True
0x6A5FF24,33594,0x6A98E60,25912,Merger.MergeBoard.Extensions,MergeBoardEntitiesExtensions,"public static void AddEntity(TickContext tickContext, Entity entity, Entity sourceEntity) { }",True
0x6A5FF24,33594,0x6A993DC,25914,Merger.MergeBoard.Extensions,MergeBoardLayoutExtensions,"public static bool TryGetClosestEmptyPositionFromContext(IMergeBoardLayout layout, TickContext context, BoardTilePositionComponent producerPositionComponent, out int emptyPosition) { }",True
0x6A5FF24,33594,0x6A9AD68,25974,Merger.MergeBoard.Data.TickResultArgs,UndoSellFailedResult,"public void .ctor(Entity entity, string reason, IMergeItem mergeItem, string itemId, PlayerResourceEnum resource, int amount) { }",True
0x6A6049C,33597,0x3DC4400,33702,ContextualizedECS.Context,TickArgs,ContextualizedECS.Context.TickArgs$$All<object>,True
0x6A608D4,33598,0x3DC4400,33702,ContextualizedECS.Context,TickArgs,ContextualizedECS.Context.TickArgs$$All<object>,True
0x6A60CC8,33600,0x3C1B250,33678,ContextualizedECS,Entity,ContextualizedECS.Entity$$GetComponent<IdComponent>,True
0x6A60CC8,33600,0x3C1BFF8,33678,ContextualizedECS,Entity,ContextualizedECS.Entity$$HasComponent<TimeLimitedActivationComponent>,True
0x6A60CC8,33600,0x3C1FD24,33678,ContextualizedECS,Entity,ContextualizedECS.Entity$$TryGetComponent<TimeDurationComponent>,True
0x6A60CC8,33600,0x6A868E4,25904,Merger.MergeBoard.Extensions,EntityLockExtension,public static bool AnyMovementLock(Entity entity) { },True
0x6A61264,33602,0x3E5714C,25778,,SystemsZenjectExtension.SystemsBuilderWithContext,Merger.MergeBoard.Systems.SystemsZenjectExtension.SystemsBuilderWithContext$$Register<object>,True
0x6A61264,33602,0x5F1530C,33690,ContextualizedECS.Systems,SystemInfoExtensions,public static SystemInfo First(SystemInfo system) { },True
0x6A61264,33602,0x6A76570,25779,Merger.MergeBoard.Systems,SystemsZenjectExtension,"public static SystemsZenjectExtension.SystemsBuilderWithContext WithContext(SystemsBuilder builder, DiContainer container) { }",True
0x6A629C4,33869,0x3C1A00C,33695,ContextualizedECS.Query,Entities,"ContextualizedECS.Query.Entities$$With<BoardTilePositionComponent, TimeCycleComponent>",True
0x6A629C4,33869,0x3D650A4,33699,ContextualizedECS.Query,QueryExtensions,"ContextualizedECS.Query.QueryExtensions$$Query<ValueTuple<object, BoardTilePositionComponent, TimeCycleComponent>>",True
0x6A629C4,33869,0x3DC33E4,33702,ContextualizedECS.Context,TickArgs,ContextualizedECS.Context.TickArgs$$AddArgument<object>,True
0x6A629C4,33869,0x3DC5020,33702,ContextualizedECS.Context,TickArgs,ContextualizedECS.Context.TickArgs$$TryGet<object>,True
0x6A629C4,33869,0x3DC6330,33704,ContextualizedECS.Context,TickContextExtensions,"ContextualizedECS.Context.TickContextExtensions$$SaveChanges<BoardTilePositionComponent, TimeCycleComponent>",True
0x6A629C4,33869,0x5F15D08,33694,,Entities.ExcludeDelegate,"public void .ctor(object object, IntPtr method) { }",True
0x6A62D1C,33877,0x3C1FC04,33678,ContextualizedECS,Entity,ContextualizedECS.Entity$$TryGetComponent<TimeCycleComponent>,True
0x6A62D1C,33877,0x6A9C478,26019,Merger.MergeBoard.Components,TimeCycleComponent,public bool get_ExceededLifetimeLimit() { },True
0x6A62DB4,33871,0x3C1A060,33695,ContextualizedECS.Query,Entities,"ContextualizedECS.Query.Entities$$With<BoardTilePositionComponent, TimeLockComponent>",True
0x6A62DB4,33871,0x3D65144,33699,ContextualizedECS.Query,QueryExtensions,"ContextualizedECS.Query.QueryExtensions$$Query<ValueTuple<object, BoardTilePositionComponent, TimeLockComponent>>",True
0x6A62DB4,33871,0x3DC33E4,33702,ContextualizedECS.Context,TickArgs,ContextualizedECS.Context.TickArgs$$AddArgument<object>,True
0x6A62DB4,33871,0x3DC5020,33702,ContextualizedECS.Context,TickArgs,ContextualizedECS.Context.TickArgs$$TryGet<object>,True
0x6A62DB4,33871,0x3DC63DC,33704,ContextualizedECS.Context,TickContextExtensions,"ContextualizedECS.Context.TickContextExtensions$$SaveChanges<BoardTilePositionComponent, TimeLockComponent>",True
0x6A62DB4,33871,0x5F15D08,33694,,Entities.ExcludeDelegate,"public void .ctor(object object, IntPtr method) { }",True
0x6A630C4,33878,0x3C1FF44,33678,ContextualizedECS,Entity,ContextualizedECS.Entity$$TryGetComponent<TimeLockComponent>,True
0x6A63460,33876,0x6A632D4,33876,Merger.MergeBoardSkipCooldownCapability.Logic,SkipCooldownProvider,public double GetTimeLeft(Entity entity) { },True
0x6A635E0,33876,0x6A21870,1314,MergeEngine.Configuration.Definitions,ResourceMultiple,"public void .ctor(PlayerResourceEnum resource, int amount, bool shouldBeHidden = False) { }",True
0x6A636D8,33876,0x6A21870,1314,MergeEngine.Configuration.Definitions,ResourceMultiple,"public void .ctor(PlayerResourceEnum resource, int amount, bool shouldBeHidden = False) { }",True
0x6A636D8,33876,0x6A63140,33876,Merger.MergeBoardSkipCooldownCapability.Logic,SkipCooldownProvider,private SkipCooldownConfig get_SkipCooldownConfig() { },True
0x6A639A4,33877,0x3C1FC04,33678,ContextualizedECS,Entity,ContextualizedECS.Entity$$TryGetComponent<TimeCycleComponent>,True
0x6A639A4,33877,0x6A9C49C,26019,Merger.MergeBoard.Components,TimeCycleComponent,public double get_TimeLeftForFullCapacity() { },True
0x6A63A30,33878,0x3C1FF44,33678,ContextualizedECS,Entity,ContextualizedECS.Entity$$TryGetComponent<TimeLockComponent>,True
0x6A641EC,33881,0x3E5714C,25778,,SystemsZenjectExtension.SystemsBuilderWithContext,Merger.MergeBoard.Systems.SystemsZenjectExtension.SystemsBuilderWithContext$$Register<object>,True
0x6A641EC,33881,0x5F1530C,33690,ContextualizedECS.Systems,SystemInfoExtensions,public static SystemInfo First(SystemInfo system) { },True
0x6A641EC,33881,0x6A76570,25779,Merger.MergeBoard.Systems,SystemsZenjectExtension,"public static SystemsZenjectExtension.SystemsBuilderWithContext WithContext(SystemsBuilder builder, DiContainer container) { }",True
0x6A64B6C,25726,0x3C1A358,33695,ContextualizedECS.Query,Entities,"ContextualizedECS.Query.Entities$$With<BoardTilePositionComponent, MergeComponent, IdComponent>",True
0x6A64B6C,25726,0x3D65644,33699,ContextualizedECS.Query,QueryExtensions,"ContextualizedECS.Query.QueryExtensions$$Query<ValueTuple<object, BoardTilePositionComponent, MergeComponent, IdComponent>>",True
0x6A64B6C,25726,0x5F15D08,33694,,Entities.ExcludeDelegate,"public void .ctor(object object, IntPtr method) { }",True
0x6A64B6C,25726,0x6A65030,25726,Merger.MergeBoard.Systems,AnyItemMergeSystem,"private bool CanPerformMerge(Entity firstEntity, Entity secondEntity) { }",True
0x6A64B6C,25726,0x6A650F8,25726,Merger.MergeBoard.Systems,AnyItemMergeSystem,"private void PerformMerge(ValueTuple<Entity, BoardTilePositionComponent, MergeComponent, IdComponent> entity, ValueTuple<Entity, BoardTilePositionComponent, MergeComponent, IdComponent> otherEntity, TickContext context) { }",True
0x6A65030,25726,0x3C1E850,33678,ContextualizedECS,Entity,ContextualizedECS.Entity$$TryGetComponent<ConfirmedItemsCombinationComponent>,True
0x6A65030,25726,0x6A860D4,25853,Merger.MergeBoard.Logic.CombineValidators,AnyItemCombinerValidator,"public bool CanCombineItems(Entity entity1, Entity entity2) { }",True
0x6A650F8,25726,0x3DC33E4,33702,ContextualizedECS.Context,TickArgs,ContextualizedECS.Context.TickArgs$$AddArgument<object>,True
0x6A650F8,25726,0x3DC5690,33704,ContextualizedECS.Context,TickContextExtensions,ContextualizedECS.Context.TickContextExtensions$$AddTempComponent<ItemMergedComponent>,True
0x6A650F8,25726,0x6A866A8,25853,Merger.MergeBoard.Logic.CombineValidators,AnyItemCombinerValidator,"public IMergeItem GetCombinationResult(Entity entity1, Entity entity2) { }",True
0x6A650F8,25726,0x6A98E60,25912,Merger.MergeBoard.Extensions,MergeBoardEntitiesExtensions,"public static void AddEntity(TickContext tickContext, Entity entity, Entity sourceEntity) { }",True
0x6A650F8,25726,0x6A98F6C,25912,Merger.MergeBoard.Extensions,MergeBoardEntitiesExtensions,"public static void RemoveEntity(TickContext tickContext, Entity entity) { }",True
0x6A650F8,25726,0x6A9A828,25958,Merger.MergeBoard.Data.TickResultArgs,ItemCreatedResult,"public void .ctor(Entity entity, ItemAnalyticsData itemAnalyticsData) { }",True
0x6A650F8,25726,0x6A9A9DC,25965,Merger.MergeBoard.Data.TickResultArgs,ItemsMergedResult,public void .ctor() { },True
0x6A65460,25727,0x3C1ABE8,33695,ContextualizedECS.Query,Entities,"ContextualizedECS.Query.Entities$$With<ChargeableComponent, ExpendableComponent, BoardTilePositionComponent, IdComponent, PendingInteractionComponent>",True
0x6A65460,25727,0x3D66544,33699,ContextualizedECS.Query,QueryExtensions,"ContextualizedECS.Query.QueryExtensions$$Query<ValueTuple<object, ChargeableComponent, ExpendableComponent, BoardTilePositionComponent, IdComponent, PendingInteractionComponent>>",True
0x6A65460,25727,0x3DC33E4,33702,ContextualizedECS.Context,TickArgs,ContextualizedECS.Context.TickArgs$$AddArgument<object>,True
0x6A65460,25727,0x3DC6F48,33704,ContextualizedECS.Context,TickContextExtensions,"ContextualizedECS.Context.TickContextExtensions$$SaveChanges<ChargeableComponent, ExpendableComponent, BoardTilePositionComponent, IdComponent, PendingInteractionComponent>",True
0x6A65460,25727,0x5F15D08,33694,,Entities.ExcludeDelegate,"public void .ctor(object object, IntPtr method) { }",True
0x6A65460,25727,0x6A9A2A8,25939,Merger.MergeBoard.Data.TickResultArgs,ChargeableChangedResult,public void .ctor() { },True
0x6A656BC,25728,0x3C1AB40,33695,ContextualizedECS.Query,Entities,"ContextualizedECS.Query.Entities$$With<BoardTilePositionComponent, CollectableComponent, IdComponent, PendingInteractionComponent, InteractionComponent>",True
0x6A656BC,25728,0x3D66404,33699,ContextualizedECS.Query,QueryExtensions,"ContextualizedECS.Query.QueryExtensions$$Query<ValueTuple<object, BoardTilePositionComponent, CollectableComponent, IdComponent, PendingInteractionComponent, InteractionComponent>>",True
0x6A656BC,25728,0x3DC33E4,33702,ContextualizedECS.Context,TickArgs,ContextualizedECS.Context.TickArgs$$AddArgument<object>,True
0x6A656BC,25728,0x3DC6DE4,33704,ContextualizedECS.Context,TickContextExtensions,"ContextualizedECS.Context.TickContextExtensions$$SaveChanges<BoardTilePositionComponent, CollectableComponent, IdComponent, PendingInteractionComponent, InteractionComponent>",True
0x6A656BC,25728,0x5F15D08,33694,,Entities.ExcludeDelegate,"public void .ctor(object object, IntPtr method) { }",True
0x6A656BC,25728,0x6A98F6C,25912,Merger.MergeBoard.Extensions,MergeBoardEntitiesExtensions,"public static void RemoveEntity(TickContext tickContext, Entity entity) { }",True
0x6A656BC,25728,0x6A9A764,25955,Merger.MergeBoard.Data.TickResultArgs,ItemCollectedResult,public void .ctor() { },True
0x6A656BC,25728,0x6A9A944,25962,Merger.MergeBoard.Data.TickResultArgs,ItemResourceCollectedResult,public void .ctor() { },True
0x6A656BC,25728,0x6A9BD10,25992,Merger.MergeBoard.Components,CollectableComponent,public bool get_IsImmediateReward() { },True
0x6A656BC,25728,0x6A9C2A4,26013,Merger.MergeBoard.Components,PendingInteractionComponent,public PendingInteractionComponent Use() { },True
0x6A659E4,25730,0x3C1A998,33695,ContextualizedECS.Query,Entities,"ContextualizedECS.Query.Entities$$With<ExpendableComponent, BoardTilePositionComponent, IdComponent, InteractionComponent>",True
0x6A659E4,25730,0x3C1AC3C,33695,ContextualizedECS.Query,Entities,"ContextualizedECS.Query.Entities$$With<ExpendableComponent, BoardTilePositionComponent, IdComponent, InteractionComponent, PendingInteractionComponent>",True
0x6A659E4,25730,0x3D66184,33699,ContextualizedECS.Query,QueryExtensions,"ContextualizedECS.Query.QueryExtensions$$Query<ValueTuple<object, ExpendableComponent, BoardTilePositionComponent, IdComponent, InteractionComponent>>",True
0x6A659E4,25730,0x3D665E4,33699,ContextualizedECS.Query,QueryExtensions,"ContextualizedECS.Query.QueryExtensions$$Query<ValueTuple<object, ExpendableComponent, BoardTilePositionComponent, IdComponent, InteractionComponent, PendingInteractionComponent>>",True
0x6A659E4,25730,0x5F15D08,33694,,Entities.ExcludeDelegate,"public void .ctor(object object, IntPtr method) { }",True
0x6A659E4,25730,0x6A65D1C,25730,Merger.MergeBoard.Systems,ExpendableSystem,"private void ProcessExpendableItem(TickContext context, Entity entity, ExpendableComponent expendableComponent, BoardTilePositionComponent positionComponent, IdComponent idComponent, InteractionComponent interactionComponent, Nullable<PendingInteractionComponent> pendingInteraction) { }",True
0x6A65D1C,25730,0x3C1CD5C,33678,ContextualizedECS,Entity,ContextualizedECS.Entity$$SetComponent<ExpendableComponent>,True
0x6A65D1C,25730,0x3C1D7EC,33678,ContextualizedECS,Entity,ContextualizedECS.Entity$$SetComponent<PendingInteractionComponent>,True
0x6A65D1C,25730,0x3C1FD24,33678,ContextualizedECS,Entity,ContextualizedECS.Entity$$TryGetComponent<TimeDurationComponent>,True
0x6A65D1C,25730,0x3DC33E4,33702,ContextualizedECS.Context,TickArgs,ContextualizedECS.Context.TickArgs$$AddArgument<object>,True
0x6A65D1C,25730,0x6A662E8,25730,Merger.MergeBoard.Systems,ExpendableSystem,"private bool HasSpawnedAnItemThisTick(TickContext context, Entity expendableEntity) { }",True
0x6A65D1C,25730,0x6A972F4,25997,Merger.MergeBoard.Components,ExpendableComponent,public bool get_HasTimer() { },True
0x6A65D1C,25730,0x6A9811C,25905,Merger.MergeBoard.Extensions,EntitySpawnerExtension,public static bool IsSpawner(Entity entity) { },True
0x6A65D1C,25730,0x6A98F6C,25912,Merger.MergeBoard.Extensions,MergeBoardEntitiesExtensions,"public static void RemoveEntity(TickContext tickContext, Entity entity) { }",True
0x6A65D1C,25730,0x6A9A374,25943,Merger.MergeBoard.Data.TickResultArgs,ExpendableInteractionResult,public void .ctor() { },True
0x6A65D1C,25730,0x6A9A3AC,25944,Merger.MergeBoard.Data.TickResultArgs,ExpendableItemRemovedResult,public void .ctor() { },True
0x6A65D1C,25730,0x6A9A8D4,25960,Merger.MergeBoard.Data.TickResultArgs,ItemExpiredResult,public void .ctor() { },True
0x6A65D1C,25730,0x6A9ACD8,25972,Merger.MergeBoard.Data.TickResultArgs,SpawnExpendedOnEachInteractionResult,public void .ctor() { },True
0x6A65D1C,25730,0x6A9C2A4,26013,Merger.MergeBoard.Components,PendingInteractionComponent,public PendingInteractionComponent Use() { },True
0x6A662E8,25730,0x3C19CC0,33695,ContextualizedECS.Query,Entities,ContextualizedECS.Query.Entities$$With<BornComponent>,True
0x6A662E8,25730,0x3D64B04,33699,ContextualizedECS.Query,QueryExtensions,"ContextualizedECS.Query.QueryExtensions$$Query<ValueTuple<object, BornComponent>>",True
0x6A662E8,25730,0x5F15D08,33694,,Entities.ExcludeDelegate,"public void .ctor(object object, IntPtr method) { }",True
0x6A6658C,25732,0x3DC46EC,33702,ContextualizedECS.Context,TickArgs,ContextualizedECS.Context.TickArgs$$ContainsArgType<IntervalTick>,True
0x6A6658C,25732,0x6A66618,25732,Merger.MergeBoard.Systems,ExpendableTimerActivationSystem,private void HandleFirstTimeProduceTrigger(TickContext context) { },True
0x6A6658C,25732,0x6A66964,25732,Merger.MergeBoard.Systems,ExpendableTimerActivationSystem,private void HandleCreatedTrigger(TickContext context) { },True
0x6A66618,25732,0x3C1ADE4,33695,ContextualizedECS.Query,Entities,"ContextualizedECS.Query.Entities$$With<ExpendableComponent, IdComponent, InteractionComponent, PendingInteractionComponent, TimeLimitedActivationComponent, TimeDurationComponent>",True
0x6A66618,25732,0x3D66864,33699,ContextualizedECS.Query,QueryExtensions,"ContextualizedECS.Query.QueryExtensions$$Query<ValueTuple<object, ExpendableComponent, IdComponent, InteractionComponent, PendingInteractionComponent, TimeLimitedActivationComponent, TimeDurationComponent>>",True
0x6A66618,25732,0x3DC33E4,33702,ContextualizedECS.Context,TickArgs,ContextualizedECS.Context.TickArgs$$AddArgument<object>,True
0x6A66618,25732,0x5F15D08,33694,,Entities.ExcludeDelegate,"public void .ctor(object object, IntPtr method) { }",True
0x6A66618,25732,0x6A66F68,25732,Merger.MergeBoard.Systems,ExpendableTimerActivationSystem,"private void ActivateTimer(Entity entity, TimeDurationComponent timeDurationComponent, TimeLimitedActivationComponent timeLimitedActivationComponent, ExpendableComponent expendableComponent, string triggerReason) { }",True
0x6A66618,25732,0x6A9A45C,25946,Merger.MergeBoard.Data.TickResultArgs,ExpendableTimerActivatedResult,public void .ctor() { },True
0x6A66964,25732,0x3C1A4A8,33695,ContextualizedECS.Query,Entities,"ContextualizedECS.Query.Entities$$With<ExpendableComponent, TimeLimitedActivationComponent, TimeDurationComponent>",True
0x6A66964,25732,0x3D658C4,33699,ContextualizedECS.Query,QueryExtensions,"ContextualizedECS.Query.QueryExtensions$$Query<ValueTuple<object, ExpendableComponent, TimeLimitedActivationComponent, TimeDurationComponent>>",True
0x6A66964,25732,0x3DC33E4,33702,ContextualizedECS.Context,TickArgs,ContextualizedECS.Context.TickArgs$$AddArgument<object>,True
0x6A66964,25732,0x5F15D08,33694,,Entities.ExcludeDelegate,"public void .ctor(object object, IntPtr method) { }",True
0x6A66964,25732,0x6A66F68,25732,Merger.MergeBoard.Systems,ExpendableTimerActivationSystem,"private void ActivateTimer(Entity entity, TimeDurationComponent timeDurationComponent, TimeLimitedActivationComponent timeLimitedActivationComponent, ExpendableComponent expendableComponent, string triggerReason) { }",True
0x6A66964,25732,0x6A9A45C,25946,Merger.MergeBoard.Data.TickResultArgs,ExpendableTimerActivatedResult,public void .ctor() { },True
0x6A66F68,25732,0x3C1DDA0,33678,ContextualizedECS,Entity,ContextualizedECS.Entity$$SetComponent<TimeDurationComponent>,True
0x6A66F68,25732,0x3C1DE74,33678,ContextualizedECS,Entity,ContextualizedECS.Entity$$SetComponent<TimeLimitedActivationComponent>,True
0x6A66F68,25732,0x6A664EC,25732,Merger.MergeBoard.Systems,ExpendableTimerActivationSystem,private long get_CurrentServerTimeMS() { },True
0x6A66F68,25732,0x6A67128,25732,Merger.MergeBoard.Systems,ExpendableTimerActivationSystem,"private void SaveAnalyticSessionData(Entity entity, ExpendableComponent expendableComponent, string triggerReason) { }",True
0x6A67128,25732,0x3C1B250,33678,ContextualizedECS,Entity,ContextualizedECS.Entity$$GetComponent<IdComponent>,True
0x6A67128,25732,0x6794A24,971,MergeEngine.ECS.Systems.Items,TimeLimitedActivationSystem,"public static ExtraData CreateExtraDataWithTimerItemData(int timeLeft, bool isTimerActivated, string creationReason, string triggerReason, string removeReason) { }",True
0x6A67320,25731,0x6A868E4,25904,Merger.MergeBoard.Extensions,EntityLockExtension,public static bool AnyMovementLock(Entity entity) { },True
0x6A67368,25734,0x3C1A0B4,33695,ContextualizedECS.Query,Entities,"ContextualizedECS.Query.Entities$$With<BornComponent, IdComponent>",True
0x6A67368,25734,0x3C1ECB4,33678,ContextualizedECS,Entity,ContextualizedECS.Entity$$TryGetComponent<FeedingCombinationComponent>,True
0x6A67368,25734,0x3D651E4,33699,ContextualizedECS.Query,QueryExtensions,"ContextualizedECS.Query.QueryExtensions$$Query<ValueTuple<object, BornComponent, IdComponent>>",True
0x6A67368,25734,0x3DC89F0,33704,ContextualizedECS.Context,TickContextExtensions,ContextualizedECS.Context.TickContextExtensions$$SaveChanges<FeedingCombinationComponent>,True
0x6A67368,25734,0x5F15D08,33694,,Entities.ExcludeDelegate,"public void .ctor(object object, IntPtr method) { }",True
0x6A67918,25737,0x3C1A4FC,33695,ContextualizedECS.Query,Entities,"ContextualizedECS.Query.Entities$$With<FeedingCombinationComponent, DeadComponent, BoardTilePositionComponent>",True
0x6A67918,25737,0x3D65964,33699,ContextualizedECS.Query,QueryExtensions,"ContextualizedECS.Query.QueryExtensions$$Query<ValueTuple<object, FeedingCombinationComponent, DeadComponent, BoardTilePositionComponent>>",True
0x6A67918,25737,0x3DC5020,33702,ContextualizedECS.Context,TickArgs,ContextualizedECS.Context.TickArgs$$TryGet<object>,True
0x6A67918,25737,0x6A67CC0,25737,Merger.MergeBoard.Systems,FeedingCombinationExtractSystem,"private void ExtractItemByAction(TickContext context, Entity feedingEntity, string itemId) { }",True
0x6A67918,25737,0x6A67DBC,25737,Merger.MergeBoard.Systems,FeedingCombinationExtractSystem,"private void ExtractItemByTime(TickContext context, Entity feedingEntity, string itemId, int deadPosition = 0) { }",True
0x6A67918,25737,0x6A86B60,25999,Merger.MergeBoard.Components,FeedingCombinationComponent,public List<string> get_ConsumedItemIds() { },True
0x6A67CC0,25737,0x3DC33E4,33702,ContextualizedECS.Context,TickArgs,ContextualizedECS.Context.TickArgs$$AddArgument<object>,True
0x6A67CC0,25737,0x6A68000,25737,Merger.MergeBoard.Systems,FeedingCombinationExtractSystem,"private void HandleExtract(TickContext context, Entity feedingEntity, string itemId, int emptyPosition) { }",True
0x6A67CC0,25737,0x6A99994,25914,Merger.MergeBoard.Extensions,MergeBoardLayoutExtensions,"public static bool TryGetRandomEmptyPositionFromContext(IMergeBoardLayout layout, TickContext context, out int emptyPosition) { }",True
0x6A67CC0,25737,0x6A9A188,25934,Merger.MergeBoard.Data.TickResultArgs,BoardIsFullResult,public void .ctor(Entity entity) { },True
0x6A67DBC,25737,0x3DC33E4,33702,ContextualizedECS.Context,TickArgs,ContextualizedECS.Context.TickArgs$$AddArgument<object>,True
0x6A67DBC,25737,0x6A68000,25737,Merger.MergeBoard.Systems,FeedingCombinationExtractSystem,"private void HandleExtract(TickContext context, Entity feedingEntity, string itemId, int emptyPosition) { }",True
0x6A67DBC,25737,0x6A68264,25737,Merger.MergeBoard.Systems,FeedingCombinationExtractSystem,"private FeedingCombinationConsumedItemSnapshot FindConsumedItemSnapshot(Entity feedingEntity, string itemId) { }",True
0x6A67DBC,25737,0x6A99684,25914,Merger.MergeBoard.Extensions,MergeBoardLayoutExtensions,"public static bool TryGetRandomEmptyPositionIncludingDeadPosition(IMergeBoardLayout layout, TickContext context, int deadPosition, out int emptyPosition) { }",True
0x6A67DBC,25737,0x6A9A4F0,25948,Merger.MergeBoard.Data.TickResultArgs,ExtractFailedResult,"public void .ctor(Entity entity, string reason, IMergeItem mergeItem) { }",True
0x6A68000,25737,0x3C1AE90,33678,ContextualizedECS,Entity,ContextualizedECS.Entity$$GetComponent<BoardTilePositionComponent>,True
0x6A68000,25737,0x3C1B16C,33678,ContextualizedECS,Entity,ContextualizedECS.Entity$$GetComponent<FeedingCombinationComponent>,True
0x6A68000,25737,0x3DC33E4,33702,ContextualizedECS.Context,TickArgs,ContextualizedECS.Context.TickArgs$$AddArgument<object>,True
0x6A68000,25737,0x3DC89F0,33704,ContextualizedECS.Context,TickContextExtensions,ContextualizedECS.Context.TickContextExtensions$$SaveChanges<FeedingCombinationComponent>,True
0x6A68000,25737,0x6A68264,25737,Merger.MergeBoard.Systems,FeedingCombinationExtractSystem,"private FeedingCombinationConsumedItemSnapshot FindConsumedItemSnapshot(Entity feedingEntity, string itemId) { }",True
0x6A68000,25737,0x6A98E60,25912,Merger.MergeBoard.Extensions,MergeBoardEntitiesExtensions,"public static void AddEntity(TickContext tickContext, Entity entity, Entity sourceEntity) { }",True
0x6A68000,25737,0x6A9A5A0,25949,Merger.MergeBoard.Data.TickResultArgs,FeedingCombinationItemExtractedResult,public void .ctor() { },True
0x6A68264,25737,0x3C1B16C,33678,ContextualizedECS,Entity,ContextualizedECS.Entity$$GetComponent<FeedingCombinationComponent>,True
0x6A6846C,25738,0x3DC47BC,33702,ContextualizedECS.Context,TickArgs,ContextualizedECS.Context.TickArgs$$ContainsArgType<object>,True
0x6A6846C,25738,0x6A684F4,25738,Merger.MergeBoard.Systems,FeedingCombinationFeedSystem,private void TryFeedItem(TickContext context) { },True
0x6A6846C,25738,0x6A687EC,25738,Merger.MergeBoard.Systems,FeedingCombinationFeedSystem,private void CheckForFedProducers(TickContext context) { },True
0x6A684F4,25738,0x3C1A304,33695,ContextualizedECS.Query,Entities,"ContextualizedECS.Query.Entities$$With<BoardTilePositionComponent, ItemMovedComponent, IdComponent>",True
0x6A684F4,25738,0x3C1AD3C,33695,ContextualizedECS.Query,Entities,"ContextualizedECS.Query.Entities$$With<BoardTilePositionComponent, FeedingCombinationComponent, IdComponent, InteractionComponent, ProducerComponent, TimeCycleComponent>",True
0x6A684F4,25738,0x3D655A4,33699,ContextualizedECS.Query,QueryExtensions,"ContextualizedECS.Query.QueryExtensions$$Query<ValueTuple<object, BoardTilePositionComponent, ItemMovedComponent, IdComponent>>",True
0x6A684F4,25738,0x3D66724,33699,ContextualizedECS.Query,QueryExtensions,"ContextualizedECS.Query.QueryExtensions$$Query<ValueTuple<object, BoardTilePositionComponent, FeedingCombinationComponent, IdComponent, InteractionComponent, ProducerComponent, TimeCycleComponent>>",True
0x6A684F4,25738,0x5F15D08,33694,,Entities.ExcludeDelegate,"public void .ctor(object object, IntPtr method) { }",True
0x6A684F4,25738,0x6A68D3C,25738,Merger.MergeBoard.Systems,FeedingCombinationFeedSystem,"private void FeedItem(ValueTuple<Entity, BoardTilePositionComponent, FeedingCombinationComponent, IdComponent, InteractionComponent, ProducerComponent, TimeCycleComponent> feedingCombinationsEntity, ValueTuple<Entity, BoardTilePositionComponent, ItemMovedComponent, IdComponent> consumedEntity, TickContext context) { }",True
0x6A684F4,25738,0x6A867E0,25854,Merger.MergeBoard.Logic.CombineValidators,FeedingItemCombinerValidator,"public bool CanCombineItems(Entity movedEntity, Entity otherEntity) { }",True
0x6A687EC,25738,0x3C1A89C,33695,ContextualizedECS.Query,Entities,"ContextualizedECS.Query.Entities$$With<BoardTilePositionComponent, ProducerComponent, FeedingCombinationComponent, InteractionComponent>",True
0x6A687EC,25738,0x3C1D988,33678,ContextualizedECS,Entity,ContextualizedECS.Entity$$SetComponent<ProducerComponent>,True
0x6A687EC,25738,0x3D65FA4,33699,ContextualizedECS.Query,QueryExtensions,"ContextualizedECS.Query.QueryExtensions$$Query<ValueTuple<object, BoardTilePositionComponent, ProducerComponent, FeedingCombinationComponent, InteractionComponent>>",True
0x6A687EC,25738,0x5F15D08,33694,,Entities.ExcludeDelegate,"public void .ctor(object object, IntPtr method) { }",True
0x6A687EC,25738,0x6A86B60,25999,Merger.MergeBoard.Components,FeedingCombinationComponent,public List<string> get_ConsumedItemIds() { },True
0x6A687EC,25738,0x6A9868C,25911,Merger.MergeBoard.Extensions,InteractionComponentExtensions,"public static List<Combination> FindReadyCombinations(InteractionComponent interactionComponent, List<string> itemsIds) { }",True
0x6A68D3C,25738,0x3DC33E4,33702,ContextualizedECS.Context,TickArgs,ContextualizedECS.Context.TickArgs$$AddArgument<object>,True
0x6A68D3C,25738,0x3DC74F4,33704,ContextualizedECS.Context,TickContextExtensions,"ContextualizedECS.Context.TickContextExtensions$$SaveChanges<BoardTilePositionComponent, FeedingCombinationComponent, IdComponent, InteractionComponent, ProducerComponent, TimeCycleComponent>",True
0x6A68D3C,25738,0x6A98F6C,25912,Merger.MergeBoard.Extensions,MergeBoardEntitiesExtensions,"public static void RemoveEntity(TickContext tickContext, Entity entity) { }",True
0x6A68D3C,25738,0x6A9A5D8,25950,Merger.MergeBoard.Data.TickResultArgs,FeedingCombinationItemInsertedResult,public void .ctor() { },True
0x6A68F9C,25739,0x3C1A15C,33695,ContextualizedECS.Query,Entities,"ContextualizedECS.Query.Entities$$With<IdComponent, BoardTilePositionComponent>",True
0x6A68F9C,25739,0x3D65324,33699,ContextualizedECS.Query,QueryExtensions,"ContextualizedECS.Query.QueryExtensions$$Query<ValueTuple<object, IdComponent, BoardTilePositionComponent>>",True
0x6A68F9C,25739,0x5F15D08,33694,,Entities.ExcludeDelegate,"public void .ctor(object object, IntPtr method) { }",True
0x6A68F9C,25739,0x6A69568,25739,Merger.MergeBoard.Systems,ImmediateToolsConversionSystem,private bool IsToolOrToolbox(string itemId) { },True
0x6A68F9C,25739,0x6A69640,25739,Merger.MergeBoard.Systems,ImmediateToolsConversionSystem,"private void EnforceImmediateToolBehavior(Entity entity, IdComponent idComponent) { }",True
0x6A68F9C,25739,0x6A698AC,25739,Merger.MergeBoard.Systems,ImmediateToolsConversionSystem,"private void RemoveImmediateToolBehavior(Entity entity, IdComponent idComponent, BoardTilePositionComponent boardTilePositionComponent) { }",True
0x6A69568,25739,0x6A69A94,25739,Merger.MergeBoard.Systems,ImmediateToolsConversionSystem,private bool IsToolbox(IMergeItem mergeItem) { },True
0x6A69640,25739,0x3C1B070,33678,ContextualizedECS,Entity,ContextualizedECS.Entity$$GetComponent<ExpendableComponent>,True
0x6A69640,25739,0x3C1B52C,33678,ContextualizedECS,Entity,ContextualizedECS.Entity$$GetComponent<MergeComponent>,True
0x6A69640,25739,0x3C1BB38,33678,ContextualizedECS,Entity,ContextualizedECS.Entity$$HasComponent<ImmediateToolComponent>,True
0x6A69640,25739,0x3C1C258,33678,ContextualizedECS,Entity,ContextualizedECS.Entity$$RemoveComponent<CollectableComponent>,True
0x6A69640,25739,0x3C1C3C0,33678,ContextualizedECS,Entity,ContextualizedECS.Entity$$RemoveComponent<ExpendableComponent>,True
0x6A69640,25739,0x3C1C528,33678,ContextualizedECS,Entity,ContextualizedECS.Entity$$RemoveComponent<ToolSpawningComponent>,True
0x6A69640,25739,0x3C1D0A4,33678,ContextualizedECS,Entity,ContextualizedECS.Entity$$SetComponent<ImmediateToolComponent>,True
0x6A69640,25739,0x3C1D650,33678,ContextualizedECS,Entity,ContextualizedECS.Entity$$SetComponent<MergeComponent>,True
0x6A69640,25739,0x3C20060,33678,ContextualizedECS,Entity,ContextualizedECS.Entity$$TryGetComponent<ToolSpawningComponent>,True
0x6A69640,25739,0x6A69BA8,25739,Merger.MergeBoard.Systems,ImmediateToolsConversionSystem,private bool IsTool(IMergeItem mergeItem) { },True
0x6A698AC,25739,0x3C1EB8C,33678,ContextualizedECS,Entity,ContextualizedECS.Entity$$TryGetComponent<ExpendableComponent>,True
0x6A698AC,25739,0x3C1EEF4,33678,ContextualizedECS,Entity,ContextualizedECS.Entity$$TryGetComponent<ImmediateToolComponent>,True
0x6A698AC,25739,0x5F14FB4,33678,ContextualizedECS,Entity,public void OverrideComponents(Entity otherEntity) { },True
0x6A69CD4,25741,0x3C1AA40,33695,ContextualizedECS.Query,Entities,"ContextualizedECS.Query.Entities$$With<IdComponent, BoardTilePositionComponent, ImmediateToolComponent, PendingInteractionComponent>",True
0x6A69CD4,25741,0x3D662C4,33699,ContextualizedECS.Query,QueryExtensions,"ContextualizedECS.Query.QueryExtensions$$Query<ValueTuple<object, IdComponent, BoardTilePositionComponent, ImmediateToolComponent, PendingInteractionComponent>>",True
0x6A69CD4,25741,0x5F15D08,33694,,Entities.ExcludeDelegate,"public void .ctor(object object, IntPtr method) { }",True
0x6A69CD4,25741,0x6A69EC0,25741,Merger.MergeBoard.Systems,ImmediateToolsSystem,"private void CollectToolBox(TickContext context, Entity entity, PendingInteractionComponent pendingInteraction, ImmediateToolComponent immediateToolComponent) { }",True
0x6A69CD4,25741,0x6A6A45C,25741,Merger.MergeBoard.Systems,ImmediateToolsSystem,"private void CollectSingleTool(TickContext context, Entity entity, PendingInteractionComponent pendingInteractionComponent, IdComponent idComponent) { }",True
0x6A69CD4,25741,0x6A9BF74,26002,Merger.MergeBoard.Components,ImmediateToolComponent,public bool get_IsToolbox() { },True
0x6A69EC0,25741,0x3C19D68,33695,ContextualizedECS.Query,Entities,ContextualizedECS.Query.Entities$$With<IdComponent>,True
0x6A69EC0,25741,0x3C1AE90,33678,ContextualizedECS,Entity,ContextualizedECS.Entity$$GetComponent<BoardTilePositionComponent>,True
0x6A69EC0,25741,0x3C1D7EC,33678,ContextualizedECS,Entity,ContextualizedECS.Entity$$SetComponent<PendingInteractionComponent>,True
0x6A69EC0,25741,0x3D64C44,33699,ContextualizedECS.Query,QueryExtensions,"ContextualizedECS.Query.QueryExtensions$$Query<ValueTuple<object, IdComponent>>",True
0x6A69EC0,25741,0x3DC33E4,33702,ContextualizedECS.Context,TickArgs,ContextualizedECS.Context.TickArgs$$AddArgument<object>,True
0x6A69EC0,25741,0x5F15D08,33694,,Entities.ExcludeDelegate,"public void .ctor(object object, IntPtr method) { }",True
0x6A69EC0,25741,0x6A6A610,25741,Merger.MergeBoard.Systems,ImmediateToolsSystem,"private void UpdateToolProgressionData(IMergeItem toolItem, ref Dictionary<PlayerResourceEnum, ToolProgressionData> toolsProgressionData) { }",True
0x6A69EC0,25741,0x6A98F6C,25912,Merger.MergeBoard.Extensions,MergeBoardEntitiesExtensions,"public static void RemoveEntity(TickContext tickContext, Entity entity) { }",True
0x6A69EC0,25741,0x6A9A610,25952,Merger.MergeBoard.Data.TickResultArgs,ImmediateToolBoxCollectedResult,"public void .ctor(Entity entity, int position, IList<IMergeItem> collectedTools) { }",True
0x6A69EC0,25741,0x6A9C2A4,26013,Merger.MergeBoard.Components,PendingInteractionComponent,public PendingInteractionComponent Use() { },True
0x6A6A45C,25741,0x3C1AE90,33678,ContextualizedECS,Entity,ContextualizedECS.Entity$$GetComponent<BoardTilePositionComponent>,True
0x6A6A45C,25741,0x3C1D7EC,33678,ContextualizedECS,Entity,ContextualizedECS.Entity$$SetComponent<PendingInteractionComponent>,True
0x6A6A45C,25741,0x3DC33E4,33702,ContextualizedECS.Context,TickArgs,ContextualizedECS.Context.TickArgs$$AddArgument<object>,True
0x6A6A45C,25741,0x6A98F6C,25912,Merger.MergeBoard.Extensions,MergeBoardEntitiesExtensions,"public static void RemoveEntity(TickContext tickContext, Entity entity) { }",True
0x6A6A45C,25741,0x6A9A694,25953,Merger.MergeBoard.Data.TickResultArgs,ImmediateToolFragmentCollectedResult,"public void .ctor(Entity entity, int position, IMergeItem collectedTool) { }",True
0x6A6A45C,25741,0x6A9C2A4,26013,Merger.MergeBoard.Components,PendingInteractionComponent,public PendingInteractionComponent Use() { },True
0x6A6A9B8,25740,0x6A868E4,25904,Merger.MergeBoard.Extensions,EntityLockExtension,public static bool AnyMovementLock(Entity entity) { },True
0x6A6A9E0,25743,0x3C1A204,33695,ContextualizedECS.Query,Entities,"ContextualizedECS.Query.Entities$$With<PendingInteractionComponent, InteractionComponent>",True
0x6A6A9E0,25743,0x3D65464,33699,ContextualizedECS.Query,QueryExtensions,"ContextualizedECS.Query.QueryExtensions$$Query<ValueTuple<object, PendingInteractionComponent, InteractionComponent>>",True
0x6A6A9E0,25743,0x3DC5E54,33704,ContextualizedECS.Context,TickContextExtensions,ContextualizedECS.Context.TickContextExtensions$$AddTempComponent<ResourceConsumedComponent>,True
0x6A6A9E0,25743,0x6A6AF00,25743,Merger.MergeBoard.Systems,InteractionCostSystem,"private void ConsumeItems(TickContext context, Entity interactedEntity, PendingInteractionComponent pendingInteractionComponent, InteractionComponent interactionComponent) { }",True
0x6A6AF00,25743,0x3C1AE90,33678,ContextualizedECS,Entity,ContextualizedECS.Entity$$GetComponent<BoardTilePositionComponent>,True
0x6A6AF00,25743,0x3C1B250,33678,ContextualizedECS,Entity,ContextualizedECS.Entity$$GetComponent<IdComponent>,True
0x6A6AF00,25743,0x3C1D25C,33678,ContextualizedECS,Entity,ContextualizedECS.Entity$$SetComponent<ItemConsumedComponent>,True
0x6A6AF00,25743,0x3DC33E4,33702,ContextualizedECS.Context,TickArgs,ContextualizedECS.Context.TickArgs$$AddArgument<object>,True
0x6A6AF00,25743,0x5F16680,33703,ContextualizedECS.Context,TickContext,public IEnumerable<Entity> get_Entities() { },True
0x6A6AF00,25743,0x6A98F6C,25912,Merger.MergeBoard.Extensions,MergeBoardEntitiesExtensions,"public static void RemoveEntity(TickContext tickContext, Entity entity) { }",True
0x6A6AF00,25743,0x6A9A7AC,25956,Merger.MergeBoard.Data.TickResultArgs,ItemConsumedResult,public void .ctor() { },True
0x6A6B180,25742,0x3C1B250,33678,ContextualizedECS,Entity,ContextualizedECS.Entity$$GetComponent<IdComponent>,True
0x6A6B1F8,25747,0x3DC47BC,33702,ContextualizedECS.Context,TickArgs,ContextualizedECS.Context.TickArgs$$ContainsArgType<object>,True
0x6A6B1F8,25747,0x3DC5020,33702,ContextualizedECS.Context,TickArgs,ContextualizedECS.Context.TickArgs$$TryGet<object>,True
0x6A6B1F8,25747,0x6A6B2BC,25747,Merger.MergeBoard.Systems,InteractionSystem,"private void HandleInteractByTap(TickContext context, TapAction tap) { }",True
0x6A6B1F8,25747,0x6A6B684,25747,Merger.MergeBoard.Systems,InteractionSystem,private void HandleInteractForConsumableItem(TickContext context) { },True
0x6A6B2BC,25747,0x3C1A1B0,33695,ContextualizedECS.Query,Entities,"ContextualizedECS.Query.Entities$$With<InteractionComponent, BoardTilePositionComponent>",True
0x6A6B2BC,25747,0x3D653C4,33699,ContextualizedECS.Query,QueryExtensions,"ContextualizedECS.Query.QueryExtensions$$Query<ValueTuple<object, InteractionComponent, BoardTilePositionComponent>>",True
0x6A6B2BC,25747,0x3DC33E4,33702,ContextualizedECS.Context,TickArgs,ContextualizedECS.Context.TickArgs$$AddArgument<object>,True
0x6A6B2BC,25747,0x3DC5CC0,33704,ContextualizedECS.Context,TickContextExtensions,ContextualizedECS.Context.TickContextExtensions$$AddTempComponent<PendingInteractionComponent>,True
0x6A6B2BC,25747,0x5F15D08,33694,,Entities.ExcludeDelegate,"public void .ctor(object object, IntPtr method) { }",True
0x6A6B2BC,25747,0x6A6B9AC,25747,Merger.MergeBoard.Systems,InteractionSystem,"private bool IsInteractionAvailable(TickContext context, Entity interactableEntity) { }",True
0x6A6B2BC,25747,0x6A6BA7C,25747,Merger.MergeBoard.Systems,InteractionSystem,"private string GetDefaultEntityUuidToConsume(TickContext context, ItemMultiple itemToConsume) { }",True
0x6A6B2BC,25747,0x6A9A290,25938,Merger.MergeBoard.Data.TickResultArgs,CantAffordInteractionResult,public void .ctor() { },True
0x6A6B684,25747,0x3C1A2B0,33695,ContextualizedECS.Query,Entities,"ContextualizedECS.Query.Entities$$With<BoardTilePositionComponent, IdComponent, InteractionComponent>",True
0x6A6B684,25747,0x3C1A304,33695,ContextualizedECS.Query,Entities,"ContextualizedECS.Query.Entities$$With<BoardTilePositionComponent, ItemMovedComponent, IdComponent>",True
0x6A6B684,25747,0x3D65504,33699,ContextualizedECS.Query,QueryExtensions,"ContextualizedECS.Query.QueryExtensions$$Query<ValueTuple<object, BoardTilePositionComponent, IdComponent, InteractionComponent>>",True
0x6A6B684,25747,0x3D655A4,33699,ContextualizedECS.Query,QueryExtensions,"ContextualizedECS.Query.QueryExtensions$$Query<ValueTuple<object, BoardTilePositionComponent, ItemMovedComponent, IdComponent>>",True
0x6A6B684,25747,0x3DC5CC0,33704,ContextualizedECS.Context,TickContextExtensions,ContextualizedECS.Context.TickContextExtensions$$AddTempComponent<PendingInteractionComponent>,True
0x6A6B684,25747,0x5F15D08,33694,,Entities.ExcludeDelegate,"public void .ctor(object object, IntPtr method) { }",True
0x6A6B684,25747,0x6A6B9AC,25747,Merger.MergeBoard.Systems,InteractionSystem,"private bool IsInteractionAvailable(TickContext context, Entity interactableEntity) { }",True
0x6A6B684,25747,0x6A8727C,25856,Merger.MergeBoard.Logic.CombineValidators,ItemConsumableCombinerValidator,"public bool CanCombineItems(Entity movedEntity, Entity otherEntity) { }",True
0x6A6B9AC,25747,0x3C1B840,33678,ContextualizedECS,Entity,ContextualizedECS.Entity$$HasComponent<CooldownBlockComponent>,True
0x6A6B9AC,25747,0x3DC33E4,33702,ContextualizedECS.Context,TickArgs,ContextualizedECS.Context.TickArgs$$AddArgument<object>,True
0x6A6B9AC,25747,0x6A868E4,25904,Merger.MergeBoard.Extensions,EntityLockExtension,public static bool AnyMovementLock(Entity entity) { },True
0x6A6B9AC,25747,0x6A9A2CC,25941,Merger.MergeBoard.Data.TickResultArgs,CooldownBlocked,public void .ctor(Entity entity) { },True
0x6A6BA7C,25747,0x3C1B250,33678,ContextualizedECS,Entity,ContextualizedECS.Entity$$GetComponent<IdComponent>,True
0x6A6BA7C,25747,0x5F16680,33703,ContextualizedECS.Context,TickContext,public IEnumerable<Entity> get_Entities() { },True
0x6A6BBCC,25747,0x3C1B250,33678,ContextualizedECS,Entity,ContextualizedECS.Entity$$GetComponent<IdComponent>,True
0x6A6BBCC,25747,0x6A868E4,25904,Merger.MergeBoard.Extensions,EntityLockExtension,public static bool AnyMovementLock(Entity entity) { },True
0x6A6BCEC,25751,0x6A6BD48,25751,Merger.MergeBoard.Systems,ItemDiscoverySystem,private void DiscoverNewCreatedItems(TickContext context) { },True
0x6A6BCEC,25751,0x6A6C244,25751,Merger.MergeBoard.Systems,ItemDiscoverySystem,private void DiscoverUnboxedItems(TickContext context) { },True
0x6A6BCEC,25751,0x6A6C740,25751,Merger.MergeBoard.Systems,ItemDiscoverySystem,private void DiscoverExistingItemsOnInitialize(TickContext context) { },True
0x6A6BD48,25751,0x3D65AA4,33699,ContextualizedECS.Query,QueryExtensions,"ContextualizedECS.Query.QueryExtensions$$Query<ValueTuple<object, IdComponent, LockComponent, BoxComponent>>",True
0x6A6BD48,25751,0x5F15D08,33694,,Entities.ExcludeDelegate,"public void .ctor(object object, IntPtr method) { }",True
0x6A6BD48,25751,0x6A6CB80,25748,,ItemDiscoverySystem.DiscoverableItems,"public static Entities.MatchDelegate<ValueTuple<Entity, IdComponent, LockComponent, BoxComponent>> GetMatchMethod() { }",True
0x6A6BD48,25751,0x6A6CC04,25751,Merger.MergeBoard.Systems,ItemDiscoverySystem,"private void HandleDiscoveryForEntity(ItemDiscoverySystem.DiscoverableItems discoverableNewItem, TickContext context) { }",True
0x6A6BD48,25751,0x6A6D664,25748,,ItemDiscoverySystem.DiscoverableItems,"public void .ctor(ValueTuple<Entity, IdComponent, LockComponent, BoxComponent> tuple) { }",True
0x6A6C244,25751,0x3D65AA4,33699,ContextualizedECS.Query,QueryExtensions,"ContextualizedECS.Query.QueryExtensions$$Query<ValueTuple<object, IdComponent, LockComponent, BoxComponent>>",True
0x6A6C244,25751,0x5F15D08,33694,,Entities.ExcludeDelegate,"public void .ctor(object object, IntPtr method) { }",True
0x6A6C244,25751,0x6A6CB80,25748,,ItemDiscoverySystem.DiscoverableItems,"public static Entities.MatchDelegate<ValueTuple<Entity, IdComponent, LockComponent, BoxComponent>> GetMatchMethod() { }",True
0x6A6C244,25751,0x6A6CC04,25751,Merger.MergeBoard.Systems,ItemDiscoverySystem,"private void HandleDiscoveryForEntity(ItemDiscoverySystem.DiscoverableItems discoverableNewItem, TickContext context) { }",True
0x6A6C244,25751,0x6A6D664,25748,,ItemDiscoverySystem.DiscoverableItems,"public void .ctor(ValueTuple<Entity, IdComponent, LockComponent, BoxComponent> tuple) { }",True
0x6A6C740,25751,0x3D65AA4,33699,ContextualizedECS.Query,QueryExtensions,"ContextualizedECS.Query.QueryExtensions$$Query<ValueTuple<object, IdComponent, LockComponent, BoxComponent>>",True
0x6A6C740,25751,0x3DC47BC,33702,ContextualizedECS.Context,TickArgs,ContextualizedECS.Context.TickArgs$$ContainsArgType<object>,True
0x6A6C740,25751,0x5F15D08,33694,,Entities.ExcludeDelegate,"public void .ctor(object object, IntPtr method) { }",True
0x6A6C740,25751,0x6A6CB80,25748,,ItemDiscoverySystem.DiscoverableItems,"public static Entities.MatchDelegate<ValueTuple<Entity, IdComponent, LockComponent, BoxComponent>> GetMatchMethod() { }",True
0x6A6C740,25751,0x6A6CC04,25751,Merger.MergeBoard.Systems,ItemDiscoverySystem,"private void HandleDiscoveryForEntity(ItemDiscoverySystem.DiscoverableItems discoverableNewItem, TickContext context) { }",True
0x6A6C740,25751,0x6A6D664,25748,,ItemDiscoverySystem.DiscoverableItems,"public void .ctor(ValueTuple<Entity, IdComponent, LockComponent, BoxComponent> tuple) { }",True
0x6A6CBC0,25748,0x6A6D664,25748,,ItemDiscoverySystem.DiscoverableItems,"public void .ctor(ValueTuple<Entity, IdComponent, LockComponent, BoxComponent> tuple) { }",True
0x6A6CC04,25751,0x3C1BE30,33678,ContextualizedECS,Entity,ContextualizedECS.Entity$$HasComponent<ProducerComponent>,True
0x6A6CC04,25751,0x3C1BEC8,33678,ContextualizedECS,Entity,ContextualizedECS.Entity$$HasComponent<SpawnerComponent>,True
0x6A6CC04,25751,0x6A6CD80,25751,Merger.MergeBoard.Systems,ItemDiscoverySystem,"private void OnItemSpawnerDiscovered(IMergeItem mergeItem, TickContext context) { }",True
0x6A6CC04,25751,0x6A6D320,25751,Merger.MergeBoard.Systems,ItemDiscoverySystem,"private void OnItemDiscovered(IMergeItem item, TickContext context) { }",True
0x6A6CC04,25751,0x6A6D4B4,25751,Merger.MergeBoard.Systems,ItemDiscoverySystem,"private void OnItemCreated(IMergeItem item, Entity entity, TickContext context) { }",True
0x6A6CD80,25751,0x600FEE0,1442,MergeEngine.Configuration.Capabilities,ExpendableCapability,public List<IMergeItem> get_SpawnedMergeItems() { },True
0x6A6CD80,25751,0x60108A0,1453,MergeEngine.Configuration.Capabilities,ItemsSpawningCapability,public List<IMergeItem> get_SpawnedMergeItems() { },True
0x6A6D320,25751,0x6A9A874,25959,Merger.MergeBoard.Data.TickResultArgs,ItemDiscoveredForFirstTime,public void .ctor(IMergeItem item) { },True
0x6A6D4B4,25751,0x6A9A7C4,25957,Merger.MergeBoard.Data.TickResultArgs,ItemCreatedForFirstTime,"public void .ctor(IMergeItem item, Entity entity) { }",True
0x6A6D94C,25750,0x6A6D320,25751,Merger.MergeBoard.Systems,ItemDiscoverySystem,"private void OnItemDiscovered(IMergeItem item, TickContext context) { }",True
0x6A6D98C,25753,0x3C19C6C,33695,ContextualizedECS.Query,Entities,ContextualizedECS.Query.Entities$$With<BoardTilePositionComponent>,True
0x6A6D98C,25753,0x3D64A64,33699,ContextualizedECS.Query,QueryExtensions,"ContextualizedECS.Query.QueryExtensions$$Query<ValueTuple<object, BoardTilePositionComponent>>",True
0x6A6D98C,25753,0x3DC5020,33702,ContextualizedECS.Context,TickArgs,ContextualizedECS.Context.TickArgs$$TryGet<object>,True
0x6A6D98C,25753,0x5F15D08,33694,,Entities.ExcludeDelegate,"public void .ctor(object object, IntPtr method) { }",True
0x6A6D98C,25753,0x6A980B4,25904,Merger.MergeBoard.Extensions,EntityLockExtension,public static bool FixedPosition(Entity entity) { },True
0x6A6D98C,25753,0x6A98FC0,25912,Merger.MergeBoard.Extensions,MergeBoardEntitiesExtensions,"public static void BlockMovement(TickContext context, Entity entity, int originalPosition) { }",True
0x6A6DE7C,25754,0x3C1A7F4,33695,ContextualizedECS.Query,Entities,"ContextualizedECS.Query.Entities$$With<BoardTilePositionComponent, IdComponent, DynamicItemConfigComponent, PendingInteractionComponent>",True
0x6A6DE7C,25754,0x3D65E64,33699,ContextualizedECS.Query,QueryExtensions,"ContextualizedECS.Query.QueryExtensions$$Query<ValueTuple<object, BoardTilePositionComponent, IdComponent, DynamicItemConfigComponent, PendingInteractionComponent>>",True
0x6A6DE7C,25754,0x3DC33E4,33702,ContextualizedECS.Context,TickArgs,ContextualizedECS.Context.TickArgs$$AddArgument<object>,True
0x6A6DE7C,25754,0x3DC5020,33702,ContextualizedECS.Context,TickArgs,ContextualizedECS.Context.TickArgs$$TryGet<object>,True
0x6A6DE7C,25754,0x5F15D08,33694,,Entities.ExcludeDelegate,"public void .ctor(object object, IntPtr method) { }",True
0x6A6DE7C,25754,0x6A98E60,25912,Merger.MergeBoard.Extensions,MergeBoardEntitiesExtensions,"public static void AddEntity(TickContext tickContext, Entity entity, Entity sourceEntity) { }",True
0x6A6DE7C,25754,0x6A98F6C,25912,Merger.MergeBoard.Extensions,MergeBoardEntitiesExtensions,"public static void RemoveEntity(TickContext tickContext, Entity entity) { }",True
0x6A6DE7C,25754,0x6A9A828,25958,Merger.MergeBoard.Data.TickResultArgs,ItemCreatedResult,"public void .ctor(Entity entity, ItemAnalyticsData itemAnalyticsData) { }",True
0x6A6DE7C,25754,0x6A9A98C,25963,Merger.MergeBoard.Data.TickResultArgs,ItemSelectionBoxPendingPickResult,public void .ctor() { },True
0x6A6DE7C,25754,0x6A9A9D4,25964,Merger.MergeBoard.Data.TickResultArgs,ItemSelectionBoxTransformedResult,public void .ctor() { },True
0x6A6E390,25757,0x6A6E400,25757,Merger.MergeBoard.Systems,ItemUnboxingSystem,private void UnboxOnConsume(TickContext context) { },True
0x6A6E390,25757,0x6A6EC5C,25757,Merger.MergeBoard.Systems,ItemUnboxingSystem,private void UnboxOnMerge(TickContext context) { },True
0x6A6E390,25757,0x6A6F388,25757,Merger.MergeBoard.Systems,ItemUnboxingSystem,private void UnboxOnResourceConsume(TickContext context) { },True
0x6A6E390,25757,0x6A6FC40,25757,Merger.MergeBoard.Systems,ItemUnboxingSystem,private void UnboxOnDemand(TickContext context) { },True
0x6A6E400,25757,0x3C1A400,33695,ContextualizedECS.Query,Entities,"ContextualizedECS.Query.Entities$$With<DeadComponent, ItemConsumedComponent, IdComponent>",True
0x6A6E400,25757,0x3C1AF74,33678,ContextualizedECS,Entity,ContextualizedECS.Entity$$GetComponent<BoxComponent>,True
0x6A6E400,25757,0x3C1C7A8,33678,ContextualizedECS,Entity,ContextualizedECS.Entity$$SetComponent<BoxComponent>,True
0x6A6E400,25757,0x3D65784,33699,ContextualizedECS.Query,QueryExtensions,"ContextualizedECS.Query.QueryExtensions$$Query<ValueTuple<object, DeadComponent, ItemConsumedComponent, IdComponent>>",True
0x6A6E400,25757,0x3DC33E4,33702,ContextualizedECS.Context,TickArgs,ContextualizedECS.Context.TickArgs$$AddArgument<object>,True
0x6A6E400,25757,0x6A6FEB0,25757,Merger.MergeBoard.Systems,ItemUnboxingSystem,"private IList<Entity> GetAdjacentBoxedEntities(TickContext context, int position) { }",True
0x6A6E400,25757,0x6A702E4,25757,Merger.MergeBoard.Systems,ItemUnboxingSystem,"private void UnboxItem(TickContext context, Entity boxedEntity, BoxComponent boxComponent, string reason, int interactionPosition) { }",True
0x6A6E400,25757,0x6A9A288,25937,Merger.MergeBoard.Data.TickResultArgs,BoxedItemInteractionAmountChanged,public void .ctor() { },True
0x6A6EC5C,25757,0x3C1A74C,33695,ContextualizedECS.Query,Entities,"ContextualizedECS.Query.Entities$$With<BoardTilePositionComponent, BornComponent, IdComponent, ItemMergedComponent>",True
0x6A6EC5C,25757,0x3C1AF74,33678,ContextualizedECS,Entity,ContextualizedECS.Entity$$GetComponent<BoxComponent>,True
0x6A6EC5C,25757,0x3D65D24,33699,ContextualizedECS.Query,QueryExtensions,"ContextualizedECS.Query.QueryExtensions$$Query<ValueTuple<object, BoardTilePositionComponent, BornComponent, IdComponent, ItemMergedComponent>>",True
0x6A6EC5C,25757,0x5F15D08,33694,,Entities.ExcludeDelegate,"public void .ctor(object object, IntPtr method) { }",True
0x6A6EC5C,25757,0x6A6FEB0,25757,Merger.MergeBoard.Systems,ItemUnboxingSystem,"private IList<Entity> GetAdjacentBoxedEntities(TickContext context, int position) { }",True
0x6A6EC5C,25757,0x6A702E4,25757,Merger.MergeBoard.Systems,ItemUnboxingSystem,"private void UnboxItem(TickContext context, Entity boxedEntity, BoxComponent boxComponent, string reason, int interactionPosition) { }",True
0x6A6F388,25757,0x3C1A5F8,33695,ContextualizedECS.Query,Entities,"ContextualizedECS.Query.Entities$$With<ResourceConsumedComponent, InteractionComponent, BoardTilePositionComponent>",True
0x6A6F388,25757,0x3C1AF74,33678,ContextualizedECS,Entity,ContextualizedECS.Entity$$GetComponent<BoxComponent>,True
0x6A6F388,25757,0x3C1C7A8,33678,ContextualizedECS,Entity,ContextualizedECS.Entity$$SetComponent<BoxComponent>,True
0x6A6F388,25757,0x3D65B44,33699,ContextualizedECS.Query,QueryExtensions,"ContextualizedECS.Query.QueryExtensions$$Query<ValueTuple<object, ResourceConsumedComponent, InteractionComponent, BoardTilePositionComponent>>",True
0x6A6F388,25757,0x3DC33E4,33702,ContextualizedECS.Context,TickArgs,ContextualizedECS.Context.TickArgs$$AddArgument<object>,True
0x6A6F388,25757,0x5F15D08,33694,,Entities.ExcludeDelegate,"public void .ctor(object object, IntPtr method) { }",True
0x6A6F388,25757,0x6A6FEB0,25757,Merger.MergeBoard.Systems,ItemUnboxingSystem,"private IList<Entity> GetAdjacentBoxedEntities(TickContext context, int position) { }",True
0x6A6F388,25757,0x6A702E4,25757,Merger.MergeBoard.Systems,ItemUnboxingSystem,"private void UnboxItem(TickContext context, Entity boxedEntity, BoxComponent boxComponent, string reason, int interactionPosition) { }",True
0x6A6F388,25757,0x6A9A288,25937,Merger.MergeBoard.Data.TickResultArgs,BoxedItemInteractionAmountChanged,public void .ctor() { },True
0x6A6FC40,25757,0x3C1E2E4,33678,ContextualizedECS,Entity,ContextualizedECS.Entity$$TryGetComponent<BoardTilePositionComponent>,True
0x6A6FC40,25757,0x3C1E508,33678,ContextualizedECS,Entity,ContextualizedECS.Entity$$TryGetComponent<BoxComponent>,True
0x6A6FC40,25757,0x3DC5020,33702,ContextualizedECS.Context,TickArgs,ContextualizedECS.Context.TickArgs$$TryGet<object>,True
0x6A6FC40,25757,0x6A702E4,25757,Merger.MergeBoard.Systems,ItemUnboxingSystem,"private void UnboxItem(TickContext context, Entity boxedEntity, BoxComponent boxComponent, string reason, int interactionPosition) { }",True
0x6A6FEB0,25757,0x6A704CC,25757,Merger.MergeBoard.Systems,ItemUnboxingSystem,"private bool TryGetBoxedEntity(TickContext context, int position, out Entity entity) { }",True
0x6A702E4,25757,0x3C1AE90,33678,ContextualizedECS,Entity,ContextualizedECS.Entity$$GetComponent<BoardTilePositionComponent>,True
0x6A702E4,25757,0x3C1C7A8,33678,ContextualizedECS,Entity,ContextualizedECS.Entity$$SetComponent<BoxComponent>,True
0x6A702E4,25757,0x3DC33E4,33702,ContextualizedECS.Context,TickArgs,ContextualizedECS.Context.TickArgs$$AddArgument<object>,True
0x6A702E4,25757,0x3DC59A8,33704,ContextualizedECS.Context,TickContextExtensions,ContextualizedECS.Context.TickContextExtensions$$AddTempComponent<ItemUnboxedComponent>,True
0x6A702E4,25757,0x6A706D8,25757,Merger.MergeBoard.Systems,ItemUnboxingSystem,"private ValueTuple<string, string> GetSourcesForAnalytics(TickContext context, int position) { }",True
0x6A702E4,25757,0x6A9AC10,25968,Merger.MergeBoard.Data.TickResultArgs,ItemUnboxedResult,public void .ctor() { },True
0x6A704CC,25757,0x3C19F10,33695,ContextualizedECS.Query,Entities,"ContextualizedECS.Query.Entities$$With<BoardTilePositionComponent, BoxComponent>",True
0x6A704CC,25757,0x3D64EC4,33699,ContextualizedECS.Query,QueryExtensions,"ContextualizedECS.Query.QueryExtensions$$Query<ValueTuple<object, BoardTilePositionComponent, BoxComponent>>",True
0x6A704CC,25757,0x5F15D08,33694,,Entities.ExcludeDelegate,"public void .ctor(object object, IntPtr method) { }",True
0x6A706D8,25757,0x3C1A550,33695,ContextualizedECS.Query,Entities,"ContextualizedECS.Query.Entities$$With<IdComponent, DeadComponent, BoardTilePositionComponent>",True
0x6A706D8,25757,0x3D65A04,33699,ContextualizedECS.Query,QueryExtensions,"ContextualizedECS.Query.QueryExtensions$$Query<ValueTuple<object, IdComponent, DeadComponent, BoardTilePositionComponent>>",True
0x6A70964,25758,0x6A70988,25758,Merger.MergeBoard.Systems,ItemUnlockingSystem,private void UnlockOnDemand(TickContext context) { },True
0x6A70988,25758,0x3DC5020,33702,ContextualizedECS.Context,TickArgs,ContextualizedECS.Context.TickArgs$$TryGet<object>,True
0x6A70988,25758,0x6A70A14,25758,Merger.MergeBoard.Systems,ItemUnlockingSystem,"private void UnlockEntities(TickContext context, List<Entity> entities) { }",True
0x6A70A14,25758,0x3C1D588,33678,ContextualizedECS,Entity,ContextualizedECS.Entity$$SetComponent<LockComponent>,True
0x6A70A14,25758,0x3C1E2E4,33678,ContextualizedECS,Entity,ContextualizedECS.Entity$$TryGetComponent<BoardTilePositionComponent>,True
0x6A70A14,25758,0x3C1F470,33678,ContextualizedECS,Entity,ContextualizedECS.Entity$$TryGetComponent<LockComponent>,True
0x6A70A14,25758,0x3DC33E4,33702,ContextualizedECS.Context,TickArgs,ContextualizedECS.Context.TickArgs$$AddArgument<object>,True
0x6A70A14,25758,0x6A9AC38,25969,Merger.MergeBoard.Data.TickResultArgs,ItemUnlockedResult,public void .ctor() { },True
0x6A70CA8,25759,0x3C19D14,33695,ContextualizedECS.Query,Entities,ContextualizedECS.Query.Entities$$With<DeadComponent>,True
0x6A70CA8,25759,0x3D64BA4,33699,ContextualizedECS.Query,QueryExtensions,"ContextualizedECS.Query.QueryExtensions$$Query<ValueTuple<object, DeadComponent>>",True
0x6A70CA8,25759,0x3DC33E4,33702,ContextualizedECS.Context,TickArgs,ContextualizedECS.Context.TickArgs$$AddArgument<object>,True
0x6A70CA8,25759,0x6A70F94,25759,Merger.MergeBoard.Systems,KillSystem,private void RemoveTempComponents(TickContext context) { },True
0x6A70CA8,25759,0x6A9A32C,25942,Merger.MergeBoard.Data.TickResultArgs,EntitiesKilledResult,public void .ctor() { },True
0x6A70F94,25759,0x5F14F5C,33678,ContextualizedECS,Entity,public bool RemoveComponent(Type type) { },True
0x6A71228,25760,0x3C1A358,33695,ContextualizedECS.Query,Entities,"ContextualizedECS.Query.Entities$$With<BoardTilePositionComponent, MergeComponent, IdComponent>",True
0x6A71228,25760,0x3D65644,33699,ContextualizedECS.Query,QueryExtensions,"ContextualizedECS.Query.QueryExtensions$$Query<ValueTuple<object, BoardTilePositionComponent, MergeComponent, IdComponent>>",True
0x6A71228,25760,0x3DC47BC,33702,ContextualizedECS.Context,TickArgs,ContextualizedECS.Context.TickArgs$$ContainsArgType<object>,True
0x6A71228,25760,0x5F15D08,33694,,Entities.ExcludeDelegate,"public void .ctor(object object, IntPtr method) { }",True
0x6A71228,25760,0x6A7170C,25760,Merger.MergeBoard.Systems,MergeSystem,"private void PerformMerge(ValueTuple<Entity, BoardTilePositionComponent, MergeComponent, IdComponent> entity, ValueTuple<Entity, BoardTilePositionComponent, MergeComponent, IdComponent> otherEntity, TickContext context) { }",True
0x6A71228,25760,0x6A87644,25857,Merger.MergeBoard.Logic.CombineValidators,MergeItemCombinerValidator,"public bool CanCombineItems(Entity entity1, Entity entity2) { }",True
0x6A7170C,25760,0x3DC33E4,33702,ContextualizedECS.Context,TickArgs,ContextualizedECS.Context.TickArgs$$AddArgument<object>,True
0x6A7170C,25760,0x3DC5690,33704,ContextualizedECS.Context,TickContextExtensions,ContextualizedECS.Context.TickContextExtensions$$AddTempComponent<ItemMergedComponent>,True
0x6A7170C,25760,0x6A98E60,25912,Merger.MergeBoard.Extensions,MergeBoardEntitiesExtensions,"public static void AddEntity(TickContext tickContext, Entity entity, Entity sourceEntity) { }",True
0x6A7170C,25760,0x6A98F6C,25912,Merger.MergeBoard.Extensions,MergeBoardEntitiesExtensions,"public static void RemoveEntity(TickContext tickContext, Entity entity) { }",True
0x6A7170C,25760,0x6A9A828,25958,Merger.MergeBoard.Data.TickResultArgs,ItemCreatedResult,"public void .ctor(Entity entity, ItemAnalyticsData itemAnalyticsData) { }",True
0x6A7170C,25760,0x6A9A9DC,25965,Merger.MergeBoard.Data.TickResultArgs,ItemsMergedResult,public void .ctor() { },True
0x6A71B54,25762,0x3C19C6C,33695,ContextualizedECS.Query,Entities,ContextualizedECS.Query.Entities$$With<BoardTilePositionComponent>,True
0x6A71B54,25762,0x3C1C618,33678,ContextualizedECS,Entity,ContextualizedECS.Entity$$SetComponent<BoardTilePositionComponent>,True
0x6A71B54,25762,0x3D64A64,33699,ContextualizedECS.Query,QueryExtensions,"ContextualizedECS.Query.QueryExtensions$$Query<ValueTuple<object, BoardTilePositionComponent>>",True
0x6A71B54,25762,0x3DC33E4,33702,ContextualizedECS.Context,TickArgs,ContextualizedECS.Context.TickArgs$$AddArgument<object>,True
0x6A71B54,25762,0x3DC5020,33702,ContextualizedECS.Context,TickArgs,ContextualizedECS.Context.TickArgs$$TryGet<object>,True
0x6A71B54,25762,0x3DC581C,33704,ContextualizedECS.Context,TickContextExtensions,ContextualizedECS.Context.TickContextExtensions$$AddTempComponent<ItemMovedComponent>,True
0x6A71B54,25762,0x5F15D08,33694,,Entities.ExcludeDelegate,"public void .ctor(object object, IntPtr method) { }",True
0x6A71B54,25762,0x6A9A8DC,25961,Merger.MergeBoard.Data.TickResultArgs,ItemMovedResult,public void .ctor() { },True
0x6A71E58,25765,0x3DC5020,33702,ContextualizedECS.Context,TickArgs,ContextualizedECS.Context.TickArgs$$TryGet<object>,True
0x6A71E58,25765,0x6A72048,25765,Merger.MergeBoard.Systems,PendingItemsCombinationSystem,"private static bool FindEntityAtPosition(TickContext context, int position, out ValueTuple<Entity, BoardTilePositionComponent, MergeComponent> result) { }",True
0x6A71E58,25765,0x6A7223C,25765,Merger.MergeBoard.Systems,PendingItemsCombinationSystem,"private static void SetPendingConfirmationState(TickContext context, ValueTuple<Entity, BoardTilePositionComponent, MergeComponent> fromEntity, ValueTuple<Entity, BoardTilePositionComponent, MergeComponent> toEntity, MoveAction moveAction) { }",True
0x6A71E58,25765,0x6A72308,25765,Merger.MergeBoard.Systems,PendingItemsCombinationSystem,"private void PendingMergeConfirmation(TickContext context, ValueTuple<Entity, BoardTilePositionComponent, MergeComponent> entity, ValueTuple<Entity, BoardTilePositionComponent, MergeComponent> otherEntity) { }",True
0x6A71E58,25765,0x6A72488,25765,Merger.MergeBoard.Systems,PendingItemsCombinationSystem,"private void PendingSplitConfirmation(TickContext context, ValueTuple<Entity, BoardTilePositionComponent, MergeComponent> entity, ValueTuple<Entity, BoardTilePositionComponent, MergeComponent> otherEntity) { }",True
0x6A71E58,25765,0x6A725C4,25765,Merger.MergeBoard.Systems,PendingItemsCombinationSystem,"private void HandleCombinationVerification(TickContext context, ItemsCombinationConfirmationAction confirmationAction) { }",True
0x6A71E58,25765,0x6A860D4,25853,Merger.MergeBoard.Logic.CombineValidators,AnyItemCombinerValidator,"public bool CanCombineItems(Entity entity1, Entity entity2) { }",True
0x6A71E58,25765,0x6A87CA0,25858,Merger.MergeBoard.Logic.CombineValidators,SplitterItemCombinerValidator,"public bool CanCombineItems(Entity entity1, Entity entity2) { }",True
0x6A72048,25765,0x3C19FB8,33695,ContextualizedECS.Query,Entities,"ContextualizedECS.Query.Entities$$With<BoardTilePositionComponent, MergeComponent>",True
0x6A72048,25765,0x3D65004,33699,ContextualizedECS.Query,QueryExtensions,"ContextualizedECS.Query.QueryExtensions$$Query<ValueTuple<object, BoardTilePositionComponent, MergeComponent>>",True
0x6A72048,25765,0x5F15D08,33694,,Entities.ExcludeDelegate,"public void .ctor(object object, IntPtr method) { }",True
0x6A7223C,25765,0x3C1D8C0,33678,ContextualizedECS,Entity,ContextualizedECS.Entity$$SetComponent<PendingItemsCombinationComponent>,True
0x6A7223C,25765,0x6A98FC0,25912,Merger.MergeBoard.Extensions,MergeBoardEntitiesExtensions,"public static void BlockMovement(TickContext context, Entity entity, int originalPosition) { }",True
0x6A72308,25765,0x6A866A8,25853,Merger.MergeBoard.Logic.CombineValidators,AnyItemCombinerValidator,"public IMergeItem GetCombinationResult(Entity entity1, Entity entity2) { }",True
0x6A72308,25765,0x6A9ACA0,25971,Merger.MergeBoard.Data.TickResultArgs,PendingItemsCombinationResult,public void .ctor() { },True
0x6A72488,25765,0x3C1B250,33678,ContextualizedECS,Entity,ContextualizedECS.Entity$$GetComponent<IdComponent>,True
0x6A72488,25765,0x3DC33E4,33702,ContextualizedECS.Context,TickArgs,ContextualizedECS.Context.TickArgs$$AddArgument<object>,True
0x6A72488,25765,0x6A883D4,25858,Merger.MergeBoard.Logic.CombineValidators,SplitterItemCombinerValidator,public string GetSplitResultItemId(string targetItemId) { },True
0x6A72488,25765,0x6A9ACA0,25971,Merger.MergeBoard.Data.TickResultArgs,PendingItemsCombinationResult,public void .ctor() { },True
0x6A725C4,25765,0x3C1B250,33678,ContextualizedECS,Entity,ContextualizedECS.Entity$$GetComponent<IdComponent>,True
0x6A725C4,25765,0x3C1C438,33678,ContextualizedECS,Entity,ContextualizedECS.Entity$$RemoveComponent<PendingItemsCombinationComponent>,True
0x6A725C4,25765,0x3DC5504,33704,ContextualizedECS.Context,TickContextExtensions,ContextualizedECS.Context.TickContextExtensions$$AddTempComponent<ConfirmedItemsCombinationComponent>,True
0x6A725C4,25765,0x6A72A10,25765,Merger.MergeBoard.Systems,PendingItemsCombinationSystem,"private IEnumerable<ValueTuple<ValueTuple<Entity, BoardTilePositionComponent, MergeComponent, IdComponent, PendingItemsCombinationComponent>, ValueTuple<Entity, BoardTilePositionComponent, MergeComponent, IdComponent, PendingItemsCombinationComponent>>> FindPendingVerificationPairs(TickContext context, string firstEntityUuid, string secondEntityUuid) { }",True
0x6A72A10,25765,0x3C1A848,33695,ContextualizedECS.Query,Entities,"ContextualizedECS.Query.Entities$$With<BoardTilePositionComponent, MergeComponent, IdComponent, PendingItemsCombinationComponent>",True
0x6A72A10,25765,0x3D65F04,33699,ContextualizedECS.Query,QueryExtensions,"ContextualizedECS.Query.QueryExtensions$$Query<ValueTuple<object, BoardTilePositionComponent, MergeComponent, IdComponent, PendingItemsCombinationComponent>>",True
0x6A72A10,25765,0x5F15D08,33694,,Entities.ExcludeDelegate,"public void .ctor(object object, IntPtr method) { }",True
0x6A72C98,25768,0x6A72CE0,25768,Merger.MergeBoard.Systems,ProducerSystem,private void ProduceItemOnInteract(TickContext context) { },True
0x6A72C98,25768,0x6A731D8,25768,Merger.MergeBoard.Systems,ProducerSystem,private void ProduceItemIfReady(TickContext context) { },True
0x6A72CE0,25768,0x3C19C6C,33695,ContextualizedECS.Query,Entities,ContextualizedECS.Query.Entities$$With<BoardTilePositionComponent>,True
0x6A72CE0,25768,0x3C1AB94,33695,ContextualizedECS.Query,Entities,"ContextualizedECS.Query.Entities$$With<BoardTilePositionComponent, ProducerComponent, TimeCycleComponent, PendingInteractionComponent, InteractionComponent>",True
0x6A72CE0,25768,0x3C1D7EC,33678,ContextualizedECS,Entity,ContextualizedECS.Entity$$SetComponent<PendingInteractionComponent>,True
0x6A72CE0,25768,0x3D64A64,33699,ContextualizedECS.Query,QueryExtensions,"ContextualizedECS.Query.QueryExtensions$$Query<ValueTuple<object, BoardTilePositionComponent>>",True
0x6A72CE0,25768,0x3D664A4,33699,ContextualizedECS.Query,QueryExtensions,"ContextualizedECS.Query.QueryExtensions$$Query<ValueTuple<object, BoardTilePositionComponent, ProducerComponent, TimeCycleComponent, PendingInteractionComponent, InteractionComponent>>",True
0x6A72CE0,25768,0x3DC33E4,33702,ContextualizedECS.Context,TickArgs,ContextualizedECS.Context.TickArgs$$AddArgument<object>,True
0x6A72CE0,25768,0x5F15D08,33694,,Entities.ExcludeDelegate,"public void .ctor(object object, IntPtr method) { }",True
0x6A72CE0,25768,0x6A73634,25768,Merger.MergeBoard.Systems,ProducerSystem,"private bool TryProduceItem(TickContext context, Entity entity, BoardTilePositionComponent boardTilePositionComponent, ProducerComponent producerComponent, TimeCycleComponent timeCycleComponent, InteractionComponent interactionComponent, int emptyPosition) { }",True
0x6A72CE0,25768,0x6A9A188,25934,Merger.MergeBoard.Data.TickResultArgs,BoardIsFullResult,public void .ctor(Entity entity) { },True
0x6A72CE0,25768,0x6A9C2A4,26013,Merger.MergeBoard.Components,PendingInteractionComponent,public PendingInteractionComponent Use() { },True
0x6A731D8,25768,0x3C1A8F0,33695,ContextualizedECS.Query,Entities,"ContextualizedECS.Query.Entities$$With<BoardTilePositionComponent, ProducerComponent, TimeCycleComponent, InteractionComponent>",True
0x6A731D8,25768,0x3C1D988,33678,ContextualizedECS,Entity,ContextualizedECS.Entity$$SetComponent<ProducerComponent>,True
0x6A731D8,25768,0x3D66044,33699,ContextualizedECS.Query,QueryExtensions,"ContextualizedECS.Query.QueryExtensions$$Query<ValueTuple<object, BoardTilePositionComponent, ProducerComponent, TimeCycleComponent, InteractionComponent>>",True
0x6A731D8,25768,0x5F15D08,33694,,Entities.ExcludeDelegate,"public void .ctor(object object, IntPtr method) { }",True
0x6A731D8,25768,0x6A73634,25768,Merger.MergeBoard.Systems,ProducerSystem,"private bool TryProduceItem(TickContext context, Entity entity, BoardTilePositionComponent boardTilePositionComponent, ProducerComponent producerComponent, TimeCycleComponent timeCycleComponent, InteractionComponent interactionComponent, int emptyPosition) { }",True
0x6A731D8,25768,0x6A993DC,25914,Merger.MergeBoard.Extensions,MergeBoardLayoutExtensions,"public static bool TryGetClosestEmptyPositionFromContext(IMergeBoardLayout layout, TickContext context, BoardTilePositionComponent producerPositionComponent, out int emptyPosition) { }",True
0x6A73634,25768,0x3DC33E4,33702,ContextualizedECS.Context,TickArgs,ContextualizedECS.Context.TickArgs$$AddArgument<object>,True
0x6A73634,25768,0x6A4EBA8,25725,Merger.MergeBoard.Utils,SpawningItemsUtils,"public static ItemSpawnable GetItemToProduce(Entity entity, ProducerComponent producerComponent, TimeCycleComponent timeCycleComponent, InteractionComponent interactionComponent, IMergingConfigurationModel mergingConfigurationModel, IPowerBoostDataProvider powerBoostDataProvider) { }",True
0x6A73634,25768,0x6A4F57C,25725,Merger.MergeBoard.Utils,SpawningItemsUtils,"public static void DecrementItemsToProduce(ref TimeCycleComponent timeCycle, Entity entity) { }",True
0x6A73634,25768,0x6A98E60,25912,Merger.MergeBoard.Extensions,MergeBoardEntitiesExtensions,"public static void AddEntity(TickContext tickContext, Entity entity, Entity sourceEntity) { }",True
0x6A73634,25768,0x6A9A828,25958,Merger.MergeBoard.Data.TickResultArgs,ItemCreatedResult,"public void .ctor(Entity entity, ItemAnalyticsData itemAnalyticsData) { }",True
0x6A73634,25768,0x6A9AA90,25966,Merger.MergeBoard.Data.TickResultArgs,ItemSpawnedResult,"public void .ctor(Entity sourceEntity, Entity newEntity, int sourcePosition, int targetPosition, ItemCreatedSource itemCreatedSource, ItemAnalyticsData sourceEntityAnalyticsData, ItemAnalyticsData newEntityAnalyticsData, bool rare = False, bool legendary = False, bool boosted = False) { }",True
0x6A73A24,25770,0x3C1A7A0,33695,ContextualizedECS.Query,Entities,"ContextualizedECS.Query.Entities$$With<BoardTilePositionComponent, IdComponent, BornComponent, ItemMergedComponent>",True
0x6A73A24,25770,0x3D65DC4,33699,ContextualizedECS.Query,QueryExtensions,"ContextualizedECS.Query.QueryExtensions$$Query<ValueTuple<object, BoardTilePositionComponent, IdComponent, BornComponent, ItemMergedComponent>>",True
0x6A73A24,25770,0x5F15D08,33694,,Entities.ExcludeDelegate,"public void .ctor(object object, IntPtr method) { }",True
0x6A73A24,25770,0x6A73F14,25770,Merger.MergeBoard.Systems,ResourceItemDropSystem,"private void SpawnResourceItem(TickContext context, PlayerResourceEnum resource, int emptyPosition, Entity sourceEntity, BoardTilePositionComponent sourceEntityPositionComponent) { }",True
0x6A73A24,25770,0x6A993DC,25914,Merger.MergeBoard.Extensions,MergeBoardLayoutExtensions,"public static bool TryGetClosestEmptyPositionFromContext(IMergeBoardLayout layout, TickContext context, BoardTilePositionComponent producerPositionComponent, out int emptyPosition) { }",True
0x6A73F14,25770,0x3DC33E4,33702,ContextualizedECS.Context,TickArgs,ContextualizedECS.Context.TickArgs$$AddArgument<object>,True
0x6A73F14,25770,0x614CB20,3000,Merger.Rewards.Constants,RewardTypesConstants,public static IRewardType GetRewardType(PlayerResourceEnum resourceEnum) { },True
0x6A73F14,25770,0x6A98E60,25912,Merger.MergeBoard.Extensions,MergeBoardEntitiesExtensions,"public static void AddEntity(TickContext tickContext, Entity entity, Entity sourceEntity) { }",True
0x6A73F14,25770,0x6A9A828,25958,Merger.MergeBoard.Data.TickResultArgs,ItemCreatedResult,"public void .ctor(Entity entity, ItemAnalyticsData itemAnalyticsData) { }",True
0x6A73F14,25770,0x6A9AA90,25966,Merger.MergeBoard.Data.TickResultArgs,ItemSpawnedResult,"public void .ctor(Entity sourceEntity, Entity newEntity, int sourcePosition, int targetPosition, ItemCreatedSource itemCreatedSource, ItemAnalyticsData sourceEntityAnalyticsData, ItemAnalyticsData newEntityAnalyticsData, bool rare = False, bool legendary = False, bool boosted = False) { }",True
0x6A74384,25769,0x6A868E4,25904,Merger.MergeBoard.Extensions,EntityLockExtension,public static bool AnyMovementLock(Entity entity) { },True
0x6A743A4,25773,0x3C1AC90,33695,ContextualizedECS.Query,Entities,"ContextualizedECS.Query.Entities$$With<SpawnerComponent, TimeCycleComponent, BoardTilePositionComponent, IdComponent, InteractionComponent>",True
0x6A743A4,25773,0x3D66684,33699,ContextualizedECS.Query,QueryExtensions,"ContextualizedECS.Query.QueryExtensions$$Query<ValueTuple<object, SpawnerComponent, TimeCycleComponent, BoardTilePositionComponent, IdComponent, InteractionComponent>>",True
0x6A743A4,25773,0x3DC46EC,33702,ContextualizedECS.Context,TickArgs,ContextualizedECS.Context.TickArgs$$ContainsArgType<IntervalTick>,True
0x6A743A4,25773,0x5F15D08,33694,,Entities.ExcludeDelegate,"public void .ctor(object object, IntPtr method) { }",True
0x6A743A4,25773,0x6A74708,25773,Merger.MergeBoard.Systems,SpawnerSystem,private void HandleSpawnByTap(TickContext context) { },True
0x6A743A4,25773,0x6A74AA4,25773,Merger.MergeBoard.Systems,SpawnerSystem,"private void HandleSpawnByTick(TickContext context, Entity spawnerEntity, SpawnerComponent spawnerComponent, TimeCycleComponent timeCycleComponent, BoardTilePositionComponent spawnerPositionComponent, InteractionComponent interactionComponent) { }",True
0x6A74708,25773,0x3C1AD90,33695,ContextualizedECS.Query,Entities,"ContextualizedECS.Query.Entities$$With<BoardTilePositionComponent, SpawnerComponent, IdComponent, TimeCycleComponent, InteractionComponent, PendingInteractionComponent>",True
0x6A74708,25773,0x3C1D7EC,33678,ContextualizedECS,Entity,ContextualizedECS.Entity$$SetComponent<PendingInteractionComponent>,True
0x6A74708,25773,0x3D667C4,33699,ContextualizedECS.Query,QueryExtensions,"ContextualizedECS.Query.QueryExtensions$$Query<ValueTuple<object, BoardTilePositionComponent, SpawnerComponent, IdComponent, TimeCycleComponent, InteractionComponent, PendingInteractionComponent>>",True
0x6A74708,25773,0x3DC33E4,33702,ContextualizedECS.Context,TickArgs,ContextualizedECS.Context.TickArgs$$AddArgument<object>,True
0x6A74708,25773,0x5F15D08,33694,,Entities.ExcludeDelegate,"public void .ctor(object object, IntPtr method) { }",True
0x6A74708,25773,0x6A4E898,25725,Merger.MergeBoard.Utils,SpawningItemsUtils,"public static ItemSpawnable GetItemToSpawn(Entity entity, SpawnerComponent spawnerComponent, TimeCycleComponent timeCycleComponent, InteractionComponent interactionComponent) { }",True
0x6A74708,25773,0x6A75030,25773,Merger.MergeBoard.Systems,SpawnerSystem,"private void SpawnItem(TickContext context, Entity entity, BoardTilePositionComponent positionComponent, ref TimeCycleComponent timeCycleComponent, int emptyPosition, ItemSpawnable itemToSpawn) { }",True
0x6A74708,25773,0x6A993DC,25914,Merger.MergeBoard.Extensions,MergeBoardLayoutExtensions,"public static bool TryGetClosestEmptyPositionFromContext(IMergeBoardLayout layout, TickContext context, BoardTilePositionComponent producerPositionComponent, out int emptyPosition) { }",True
0x6A74708,25773,0x6A9A188,25934,Merger.MergeBoard.Data.TickResultArgs,BoardIsFullResult,public void .ctor(Entity entity) { },True
0x6A74708,25773,0x6A9C2A4,26013,Merger.MergeBoard.Components,PendingInteractionComponent,public PendingInteractionComponent Use() { },True
0x6A74AA4,25773,0x3C19F64,33695,ContextualizedECS.Query,Entities,"ContextualizedECS.Query.Entities$$With<BoardTilePositionComponent, IdComponent>",True
0x6A74AA4,25773,0x3D64F64,33699,ContextualizedECS.Query,QueryExtensions,"ContextualizedECS.Query.QueryExtensions$$Query<ValueTuple<object, BoardTilePositionComponent, IdComponent>>",True
0x6A74AA4,25773,0x5F15D08,33694,,Entities.ExcludeDelegate,"public void .ctor(object object, IntPtr method) { }",True
0x6A74AA4,25773,0x6A4E898,25725,Merger.MergeBoard.Utils,SpawningItemsUtils,"public static ItemSpawnable GetItemToSpawn(Entity entity, SpawnerComponent spawnerComponent, TimeCycleComponent timeCycleComponent, InteractionComponent interactionComponent) { }",True
0x6A74AA4,25773,0x6A75030,25773,Merger.MergeBoard.Systems,SpawnerSystem,"private void SpawnItem(TickContext context, Entity entity, BoardTilePositionComponent positionComponent, ref TimeCycleComponent timeCycleComponent, int emptyPosition, ItemSpawnable itemToSpawn) { }",True
0x6A74AA4,25773,0x6A9C32C,26017,Merger.MergeBoard.Components,SpawnerComponent,public bool get_Anywhere() { },True
0x6A75030,25773,0x3DC33E4,33702,ContextualizedECS.Context,TickArgs,ContextualizedECS.Context.TickArgs$$AddArgument<object>,True
0x6A75030,25773,0x6A4F57C,25725,Merger.MergeBoard.Utils,SpawningItemsUtils,"public static void DecrementItemsToProduce(ref TimeCycleComponent timeCycle, Entity entity) { }",True
0x6A75030,25773,0x6A98E60,25912,Merger.MergeBoard.Extensions,MergeBoardEntitiesExtensions,"public static void AddEntity(TickContext tickContext, Entity entity, Entity sourceEntity) { }",True
0x6A75030,25773,0x6A9A828,25958,Merger.MergeBoard.Data.TickResultArgs,ItemCreatedResult,"public void .ctor(Entity entity, ItemAnalyticsData itemAnalyticsData) { }",True
0x6A75030,25773,0x6A9AA90,25966,Merger.MergeBoard.Data.TickResultArgs,ItemSpawnedResult,"public void .ctor(Entity sourceEntity, Entity newEntity, int sourcePosition, int targetPosition, ItemCreatedSource itemCreatedSource, ItemAnalyticsData sourceEntityAnalyticsData, ItemAnalyticsData newEntityAnalyticsData, bool rare = False, bool legendary = False, bool boosted = False) { }",True
0x6A753A4,25771,0x6A868E4,25904,Merger.MergeBoard.Extensions,EntityLockExtension,public static bool AnyMovementLock(Entity entity) { },True
0x6A753C4,25771,0x6A868E4,25904,Merger.MergeBoard.Extensions,EntityLockExtension,public static bool AnyMovementLock(Entity entity) { },True
0x6A75450,25775,0x3C1A358,33695,ContextualizedECS.Query,Entities,"ContextualizedECS.Query.Entities$$With<BoardTilePositionComponent, MergeComponent, IdComponent>",True
0x6A75450,25775,0x3D65644,33699,ContextualizedECS.Query,QueryExtensions,"ContextualizedECS.Query.QueryExtensions$$Query<ValueTuple<object, BoardTilePositionComponent, MergeComponent, IdComponent>>",True
0x6A75450,25775,0x5F15D08,33694,,Entities.ExcludeDelegate,"public void .ctor(object object, IntPtr method) { }",True
0x6A75450,25775,0x6A75914,25775,Merger.MergeBoard.Systems,SplitSystem,"private bool CanPerformSplit(Entity firstEntity, Entity secondEntity) { }",True
0x6A75450,25775,0x6A759E4,25775,Merger.MergeBoard.Systems,SplitSystem,"private void PerformSplit(ValueTuple<Entity, BoardTilePositionComponent, MergeComponent, IdComponent> firstEntity, ValueTuple<Entity, BoardTilePositionComponent, MergeComponent, IdComponent> secondEntity, TickContext context) { }",True
0x6A75914,25775,0x3C1E850,33678,ContextualizedECS,Entity,ContextualizedECS.Entity$$TryGetComponent<ConfirmedItemsCombinationComponent>,True
0x6A75914,25775,0x6A87CA0,25858,Merger.MergeBoard.Logic.CombineValidators,SplitterItemCombinerValidator,"public bool CanCombineItems(Entity entity1, Entity entity2) { }",True
0x6A759E4,25775,0x3DC33E4,33702,ContextualizedECS.Context,TickArgs,ContextualizedECS.Context.TickArgs$$AddArgument<object>,True
0x6A759E4,25775,0x6A75D88,25775,Merger.MergeBoard.Systems,SplitSystem,"private int GetOriginalSplitterPosition(TickContext context, ValueTuple<Entity, BoardTilePositionComponent, MergeComponent, IdComponent> splitterEntity, ValueTuple<Entity, BoardTilePositionComponent, MergeComponent, IdComponent> targetEntity) { }",True
0x6A759E4,25775,0x6A75E44,25775,Merger.MergeBoard.Systems,SplitSystem,"private Entity CreateSplitResultEntity(string itemId, int position) { }",True
0x6A759E4,25775,0x6A883D4,25858,Merger.MergeBoard.Logic.CombineValidators,SplitterItemCombinerValidator,public string GetSplitResultItemId(string targetItemId) { },True
0x6A759E4,25775,0x6A98E60,25912,Merger.MergeBoard.Extensions,MergeBoardEntitiesExtensions,"public static void AddEntity(TickContext tickContext, Entity entity, Entity sourceEntity) { }",True
0x6A759E4,25775,0x6A98F6C,25912,Merger.MergeBoard.Extensions,MergeBoardEntitiesExtensions,"public static void RemoveEntity(TickContext tickContext, Entity entity) { }",True
0x6A759E4,25775,0x6A9A828,25958,Merger.MergeBoard.Data.TickResultArgs,ItemCreatedResult,"public void .ctor(Entity entity, ItemAnalyticsData itemAnalyticsData) { }",True
0x6A759E4,25775,0x6A9ABA8,25967,Merger.MergeBoard.Data.TickResultArgs,ItemSplitResult,public void .ctor() { },True
0x6A75D88,25775,0x3C1F364,33678,ContextualizedECS,Entity,ContextualizedECS.Entity$$TryGetComponent<ItemMovedComponent>,True
0x6A75D88,25775,0x6A75F0C,25775,Merger.MergeBoard.Systems,SplitSystem,"private int FindNearestPosition(TickContext context, int targetPosition) { }",True
0x6A75F0C,25775,0x3C19C6C,33695,ContextualizedECS.Query,Entities,ContextualizedECS.Query.Entities$$With<BoardTilePositionComponent>,True
0x6A75F0C,25775,0x3D64A64,33699,ContextualizedECS.Query,QueryExtensions,"ContextualizedECS.Query.QueryExtensions$$Query<ValueTuple<object, BoardTilePositionComponent>>",True
0x6A761E4,25777,0x3C19C6C,33695,ContextualizedECS.Query,Entities,ContextualizedECS.Query.Entities$$With<BoardTilePositionComponent>,True
0x6A761E4,25777,0x3C19DBC,33695,ContextualizedECS.Query,Entities,ContextualizedECS.Query.Entities$$With<ItemMovedComponent>,True
0x6A761E4,25777,0x3C1C618,33678,ContextualizedECS,Entity,ContextualizedECS.Entity$$SetComponent<BoardTilePositionComponent>,True
0x6A761E4,25777,0x3D64A64,33699,ContextualizedECS.Query,QueryExtensions,"ContextualizedECS.Query.QueryExtensions$$Query<ValueTuple<object, BoardTilePositionComponent>>",True
0x6A761E4,25777,0x3D64CE4,33699,ContextualizedECS.Query,QueryExtensions,"ContextualizedECS.Query.QueryExtensions$$Query<ValueTuple<object, ItemMovedComponent>>",True
0x6A761E4,25777,0x3DC33E4,33702,ContextualizedECS.Context,TickArgs,ContextualizedECS.Context.TickArgs$$AddArgument<object>,True
0x6A761E4,25777,0x3DC47BC,33702,ContextualizedECS.Context,TickArgs,ContextualizedECS.Context.TickArgs$$ContainsArgType<object>,True
0x6A761E4,25777,0x5F15D08,33694,,Entities.ExcludeDelegate,"public void .ctor(object object, IntPtr method) { }",True
0x6A761E4,25777,0x6A9A8DC,25961,Merger.MergeBoard.Data.TickResultArgs,ItemMovedResult,public void .ctor() { },True
0x6A761E4,25777,0x6A9BBF8,25987,Merger.MergeBoard.Components,BoardTilePositionComponent,public void .ctor(int position) { },True
0x6A765EC,25781,0x3C19E10,33695,ContextualizedECS.Query,Entities,ContextualizedECS.Query.Entities$$With<TimeCycleComponent>,True
0x6A765EC,25781,0x3C1C2D0,33678,ContextualizedECS,Entity,ContextualizedECS.Entity$$RemoveComponent<CooldownBlockComponent>,True
0x6A765EC,25781,0x3C1CAF0,33678,ContextualizedECS,Entity,ContextualizedECS.Entity$$SetComponent<CooldownBlockComponent>,True
0x6A765EC,25781,0x3C1DCC8,33678,ContextualizedECS,Entity,ContextualizedECS.Entity$$SetComponent<TimeCycleComponent>,True
0x6A765EC,25781,0x3D64D84,33699,ContextualizedECS.Query,QueryExtensions,"ContextualizedECS.Query.QueryExtensions$$Query<ValueTuple<object, TimeCycleComponent>>",True
0x6A765EC,25781,0x3DC4ED4,33702,ContextualizedECS.Context,TickArgs,ContextualizedECS.Context.TickArgs$$TryGet<IntervalTick>,True
0x6A765EC,25781,0x6A76BE4,25781,Merger.MergeBoard.Systems,TimeCycleSystem,"private void ProcessTime(TickContext context, double seconds, ref TimeCycleComponent component, Entity entity) { }",True
0x6A765EC,25781,0x6A9C478,26019,Merger.MergeBoard.Components,TimeCycleComponent,public bool get_ExceededLifetimeLimit() { },True
0x6A76BB0,25781,0x6A76BE4,25781,Merger.MergeBoard.Systems,TimeCycleSystem,"private void ProcessTime(TickContext context, double seconds, ref TimeCycleComponent component, Entity entity) { }",True
0x6A76BE4,25781,0x6A76CAC,25781,Merger.MergeBoard.Systems,TimeCycleSystem,"private void ProcessDelay(TickContext context, double seconds, ref TimeCycleComponent component, Entity entity) { }",True
0x6A76BE4,25781,0x6A76D50,25781,Merger.MergeBoard.Systems,TimeCycleSystem,"private void ProcessCycles(TickContext context, double seconds, ref TimeCycleComponent component, Entity entity) { }",True
0x6A76BE4,25781,0x6A9C478,26019,Merger.MergeBoard.Components,TimeCycleComponent,public bool get_ExceededLifetimeLimit() { },True
0x6A76CAC,25781,0x6A76D50,25781,Merger.MergeBoard.Systems,TimeCycleSystem,"private void ProcessCycles(TickContext context, double seconds, ref TimeCycleComponent component, Entity entity) { }",True
0x6A76CAC,25781,0x6A76F04,25781,Merger.MergeBoard.Systems,TimeCycleSystem,"private void AddCooldownStartedResult(TickContext context, ref TimeCycleComponent timeCycleComponent, Entity entity) { }",True
0x6A76D50,25781,0x6A76CAC,25781,Merger.MergeBoard.Systems,TimeCycleSystem,"private void ProcessDelay(TickContext context, double seconds, ref TimeCycleComponent component, Entity entity) { }",True
0x6A76D50,25781,0x6A76F04,25781,Merger.MergeBoard.Systems,TimeCycleSystem,"private void AddCooldownStartedResult(TickContext context, ref TimeCycleComponent timeCycleComponent, Entity entity) { }",True
0x6A76D50,25781,0x6A770CC,25781,Merger.MergeBoard.Systems,TimeCycleSystem,"private void ProcessCycle(TickContext context, double seconds, ref TimeCycleComponent component, Entity entity) { }",True
0x6A76D50,25781,0x6A771C4,25781,Merger.MergeBoard.Systems,TimeCycleSystem,"private void AddCooldownEndedResult(TickContext context, ref TimeCycleComponent timeCycleComponent, Entity entity) { }",True
0x6A76F04,25781,0x3C1DCC8,33678,ContextualizedECS,Entity,ContextualizedECS.Entity$$SetComponent<TimeCycleComponent>,True
0x6A76F04,25781,0x3DC33E4,33702,ContextualizedECS.Context,TickArgs,ContextualizedECS.Context.TickArgs$$AddArgument<object>,True
0x6A76F04,25781,0x6A9A210,25936,Merger.MergeBoard.Data.TickResultArgs,BoardItemCooldownStartedResult,public void .ctor() { },True
0x6A76F04,25781,0x6A9A2C4,25940,Merger.MergeBoard.Data.TickResultArgs,CooldownLifecycleChangeResult,public void .ctor() { },True
0x6A770CC,25781,0x6A76D50,25781,Merger.MergeBoard.Systems,TimeCycleSystem,"private void ProcessCycles(TickContext context, double seconds, ref TimeCycleComponent component, Entity entity) { }",True
0x6A771C4,25781,0x3C1DCC8,33678,ContextualizedECS,Entity,ContextualizedECS.Entity$$SetComponent<TimeCycleComponent>,True
0x6A771C4,25781,0x3DC33E4,33702,ContextualizedECS.Context,TickArgs,ContextualizedECS.Context.TickArgs$$AddArgument<object>,True
0x6A771C4,25781,0x6A9A1E8,25935,Merger.MergeBoard.Data.TickResultArgs,BoardItemCooldownEndedResult,public void .ctor() { },True
0x6A771C4,25781,0x6A9A2C4,25940,Merger.MergeBoard.Data.TickResultArgs,CooldownLifecycleChangeResult,public void .ctor() { },True
0x6A773E0,25780,0x6A868E4,25904,Merger.MergeBoard.Extensions,EntityLockExtension,public static bool AnyMovementLock(Entity entity) { },True
0x6A77400,25783,0x3C1A64C,33695,ContextualizedECS.Query,Entities,"ContextualizedECS.Query.Entities$$With<TimeDurationComponent, IdComponent, BoardTilePositionComponent>",True
0x6A77400,25783,0x3C1DDA0,33678,ContextualizedECS,Entity,ContextualizedECS.Entity$$SetComponent<TimeDurationComponent>,True
0x6A77400,25783,0x3C1DE74,33678,ContextualizedECS,Entity,ContextualizedECS.Entity$$SetComponent<TimeLimitedActivationComponent>,True
0x6A77400,25783,0x3C1FE34,33678,ContextualizedECS,Entity,ContextualizedECS.Entity$$TryGetComponent<TimeLimitedActivationComponent>,True
0x6A77400,25783,0x3D65BE4,33699,ContextualizedECS.Query,QueryExtensions,"ContextualizedECS.Query.QueryExtensions$$Query<ValueTuple<object, TimeDurationComponent, IdComponent, BoardTilePositionComponent>>",True
0x6A77400,25783,0x3DC4ED4,33702,ContextualizedECS.Context,TickArgs,ContextualizedECS.Context.TickArgs$$TryGet<IntervalTick>,True
0x6A77400,25783,0x5F15D08,33694,,Entities.ExcludeDelegate,"public void .ctor(object object, IntPtr method) { }",True
0x6A77B34,25782,0x6A868E4,25904,Merger.MergeBoard.Extensions,EntityLockExtension,public static bool AnyMovementLock(Entity entity) { },True
0x6A77B70,25787,0x3DC4ED4,33702,ContextualizedECS.Context,TickArgs,ContextualizedECS.Context.TickArgs$$TryGet<IntervalTick>,True
0x6A77B70,25787,0x3DC5020,33702,ContextualizedECS.Context,TickArgs,ContextualizedECS.Context.TickArgs$$TryGet<object>,True
0x6A77B70,25787,0x6A77C40,25787,Merger.MergeBoard.Systems,TimeLockSystem,"private void HandleTapAction(TickContext context, TapAction tapAction) { }",True
0x6A77B70,25787,0x6A77E88,25787,Merger.MergeBoard.Systems,TimeLockSystem,"private void ProcessIntervalTick(TickContext context, IntervalTick intervalTick) { }",True
0x6A77C40,25787,0x3C1A6A0,33695,ContextualizedECS.Query,Entities,"ContextualizedECS.Query.Entities$$With<TimeLockComponent, BoardTilePositionComponent, IdComponent>",True
0x6A77C40,25787,0x3D65C84,33699,ContextualizedECS.Query,QueryExtensions,"ContextualizedECS.Query.QueryExtensions$$Query<ValueTuple<object, TimeLockComponent, BoardTilePositionComponent, IdComponent>>",True
0x6A77C40,25787,0x5F15D08,33694,,Entities.ExcludeDelegate,"public void .ctor(object object, IntPtr method) { }",True
0x6A77C40,25787,0x6A78328,25787,Merger.MergeBoard.Systems,TimeLockSystem,"private bool HasOtherUnlockInProgress(TickContext context, Entity currentEntity, TimeLockGroup lockGroup) { }",True
0x6A77C40,25787,0x6A78508,25787,Merger.MergeBoard.Systems,TimeLockSystem,"private void StartUnlocking(TickContext context, Entity entity, ref TimeLockComponent timeLock) { }",True
0x6A77C40,25787,0x6A868E4,25904,Merger.MergeBoard.Extensions,EntityLockExtension,public static bool AnyMovementLock(Entity entity) { },True
0x6A77E88,25787,0x3C1A6A0,33695,ContextualizedECS.Query,Entities,"ContextualizedECS.Query.Entities$$With<TimeLockComponent, BoardTilePositionComponent, IdComponent>",True
0x6A77E88,25787,0x3C1E010,33678,ContextualizedECS,Entity,ContextualizedECS.Entity$$SetComponent<TimeLockComponent>,True
0x6A77E88,25787,0x3D65C84,33699,ContextualizedECS.Query,QueryExtensions,"ContextualizedECS.Query.QueryExtensions$$Query<ValueTuple<object, TimeLockComponent, BoardTilePositionComponent, IdComponent>>",True
0x6A77E88,25787,0x5F15D08,33694,,Entities.ExcludeDelegate,"public void .ctor(object object, IntPtr method) { }",True
0x6A77E88,25787,0x6A78648,25787,Merger.MergeBoard.Systems,TimeLockSystem,"private void ProcessInteractionLockGroup(TickContext context, Entity entity, ref TimeLockComponent timeLock, IdComponent id, HashSet<TimeLockGroup> groupsBeingUnlocked) { }",True
0x6A77E88,25787,0x6A78754,25787,Merger.MergeBoard.Systems,TimeLockSystem,"private void UpdateCanBeUnlockedFlag(ref TimeLockComponent timeLock, HashSet<TimeLockGroup> groupsBeingUnlocked) { }",True
0x6A77E88,25787,0x6A78800,25787,Merger.MergeBoard.Systems,TimeLockSystem,"private void UpdateTimeLockBlockComponent(Entity entity, in TimeLockComponent timeLock) { }",True
0x6A77E88,25787,0x6A788D8,25787,Merger.MergeBoard.Systems,TimeLockSystem,"private void BlockMergeComponentIfUsed(Entity entity, ref TimeLockComponent modifiedTimeLock) { }",True
0x6A77E88,25787,0x6A789D4,25787,Merger.MergeBoard.Systems,TimeLockSystem,private void ApplyGroupLockBlock(TickContext context) { },True
0x6A78328,25787,0x3C19E64,33695,ContextualizedECS.Query,Entities,ContextualizedECS.Query.Entities$$With<TimeLockComponent>,True
0x6A78328,25787,0x3D64E24,33699,ContextualizedECS.Query,QueryExtensions,"ContextualizedECS.Query.QueryExtensions$$Query<ValueTuple<object, TimeLockComponent>>",True
0x6A78328,25787,0x5F15D08,33694,,Entities.ExcludeDelegate,"public void .ctor(object object, IntPtr method) { }",True
0x6A78508,25787,0x3C1C090,33678,ContextualizedECS,Entity,ContextualizedECS.Entity$$HasComponent<TimeLockBlockComponent>,True
0x6A78508,25787,0x3C1DF48,33678,ContextualizedECS,Entity,ContextualizedECS.Entity$$SetComponent<TimeLockBlockComponent>,True
0x6A78508,25787,0x3DC33E4,33702,ContextualizedECS.Context,TickArgs,ContextualizedECS.Context.TickArgs$$AddArgument<object>,True
0x6A78508,25787,0x3DC8A38,33704,ContextualizedECS.Context,TickContextExtensions,ContextualizedECS.Context.TickContextExtensions$$SaveChanges<TimeLockComponent>,True
0x6A78508,25787,0x6A9A6F8,25954,Merger.MergeBoard.Data.TickResultArgs,ItemBeingTimeUnlockedResult,public void .ctor() { },True
0x6A78648,25787,0x6A78508,25787,Merger.MergeBoard.Systems,TimeLockSystem,"private void StartUnlocking(TickContext context, Entity entity, ref TimeLockComponent timeLock) { }",True
0x6A78648,25787,0x6A9C624,26024,Merger.MergeBoard.Components,TimeLockComponent,public bool get_Locked() { },True
0x6A78800,25787,0x3C1C090,33678,ContextualizedECS,Entity,ContextualizedECS.Entity$$HasComponent<TimeLockBlockComponent>,True
0x6A788D8,25787,0x3C1D650,33678,ContextualizedECS,Entity,ContextualizedECS.Entity$$SetComponent<MergeComponent>,True
0x6A788D8,25787,0x3C1F57C,33678,ContextualizedECS,Entity,ContextualizedECS.Entity$$TryGetComponent<MergeComponent>,True
0x6A788D8,25787,0x3C1FC04,33678,ContextualizedECS,Entity,ContextualizedECS.Entity$$TryGetComponent<TimeCycleComponent>,True
0x6A789D4,25787,0x3C19E64,33695,ContextualizedECS.Query,Entities,ContextualizedECS.Query.Entities$$With<TimeLockComponent>,True
0x6A789D4,25787,0x3C1C090,33678,ContextualizedECS,Entity,ContextualizedECS.Entity$$HasComponent<TimeLockBlockComponent>,True
0x6A789D4,25787,0x3C1C4B0,33678,ContextualizedECS,Entity,ContextualizedECS.Entity$$RemoveComponent<TimeLockBlockComponent>,True
0x6A789D4,25787,0x3C1DF48,33678,ContextualizedECS,Entity,ContextualizedECS.Entity$$SetComponent<TimeLockBlockComponent>,True
0x6A789D4,25787,0x3D64E24,33699,ContextualizedECS.Query,QueryExtensions,"ContextualizedECS.Query.QueryExtensions$$Query<ValueTuple<object, TimeLockComponent>>",True
0x6A789D4,25787,0x5F15D08,33694,,Entities.ExcludeDelegate,"public void .ctor(object object, IntPtr method) { }",True
0x6A789D4,25787,0x6A9C624,26024,Merger.MergeBoard.Components,TimeLockComponent,public bool get_Locked() { },True
0x6A78FD0,25789,0x3C1A944,33695,ContextualizedECS.Query,Entities,"ContextualizedECS.Query.Entities$$With<BoardTilePositionComponent, ToolSpawningComponent, PendingInteractionComponent, InteractionComponent>",True
0x6A78FD0,25789,0x3D660E4,33699,ContextualizedECS.Query,QueryExtensions,"ContextualizedECS.Query.QueryExtensions$$Query<ValueTuple<object, BoardTilePositionComponent, ToolSpawningComponent, PendingInteractionComponent, InteractionComponent>>",True
0x6A78FD0,25789,0x3DC33E4,33702,ContextualizedECS.Context,TickArgs,ContextualizedECS.Context.TickArgs$$AddArgument<object>,True
0x6A78FD0,25789,0x3DC6964,33704,ContextualizedECS.Context,TickContextExtensions,"ContextualizedECS.Context.TickContextExtensions$$SaveChanges<BoardTilePositionComponent, ToolSpawningComponent, PendingInteractionComponent, InteractionComponent>",True
0x6A78FD0,25789,0x5F15D08,33694,,Entities.ExcludeDelegate,"public void .ctor(object object, IntPtr method) { }",True
0x6A78FD0,25789,0x6A79214,25789,Merger.MergeBoard.Systems,ToolSpawningSystem,"private void SpawnTool(TickContext context, int emptyPosition, ValueTuple<Entity, BoardTilePositionComponent, ToolSpawningComponent, PendingInteractionComponent, InteractionComponent> selectedEntity) { }",True
0x6A78FD0,25789,0x6A993DC,25914,Merger.MergeBoard.Extensions,MergeBoardLayoutExtensions,"public static bool TryGetClosestEmptyPositionFromContext(IMergeBoardLayout layout, TickContext context, BoardTilePositionComponent producerPositionComponent, out int emptyPosition) { }",True
0x6A78FD0,25789,0x6A9A188,25934,Merger.MergeBoard.Data.TickResultArgs,BoardIsFullResult,public void .ctor(Entity entity) { },True
0x6A78FD0,25789,0x6A9C2A4,26013,Merger.MergeBoard.Components,PendingInteractionComponent,public PendingInteractionComponent Use() { },True
0x6A79214,25789,0x3C19D68,33695,ContextualizedECS.Query,Entities,ContextualizedECS.Query.Entities$$With<IdComponent>,True
0x6A79214,25789,0x3D64C44,33699,ContextualizedECS.Query,QueryExtensions,"ContextualizedECS.Query.QueryExtensions$$Query<ValueTuple<object, IdComponent>>",True
0x6A79214,25789,0x3DC33E4,33702,ContextualizedECS.Context,TickArgs,ContextualizedECS.Context.TickArgs$$AddArgument<object>,True
0x6A79214,25789,0x5F15D08,33694,,Entities.ExcludeDelegate,"public void .ctor(object object, IntPtr method) { }",True
0x6A79214,25789,0x6A98E60,25912,Merger.MergeBoard.Extensions,MergeBoardEntitiesExtensions,"public static void AddEntity(TickContext tickContext, Entity entity, Entity sourceEntity) { }",True
0x6A79214,25789,0x6A9A828,25958,Merger.MergeBoard.Data.TickResultArgs,ItemCreatedResult,"public void .ctor(Entity entity, ItemAnalyticsData itemAnalyticsData) { }",True
0x6A79214,25789,0x6A9AA90,25966,Merger.MergeBoard.Data.TickResultArgs,ItemSpawnedResult,"public void .ctor(Entity sourceEntity, Entity newEntity, int sourcePosition, int targetPosition, ItemCreatedSource itemCreatedSource, ItemAnalyticsData sourceEntityAnalyticsData, ItemAnalyticsData newEntityAnalyticsData, bool rare = False, bool legendary = False, bool boosted = False) { }",True
0x6A798B0,25788,0x6A868E4,25904,Merger.MergeBoard.Extensions,EntityLockExtension,public static bool AnyMovementLock(Entity entity) { },True
0x6A798D8,25791,0x3C1A454,33695,ContextualizedECS.Query,Entities,"ContextualizedECS.Query.Entities$$With<ExpendableComponent, BoardTilePositionComponent, DeadComponent>",True
0x6A798D8,25791,0x3C1A9EC,33695,ContextualizedECS.Query,Entities,"ContextualizedECS.Query.Entities$$With<ExpendableComponent, BoardTilePositionComponent, TimeDurationComponent, TimeLimitedActivationComponent>",True
0x6A798D8,25791,0x3D65824,33699,ContextualizedECS.Query,QueryExtensions,"ContextualizedECS.Query.QueryExtensions$$Query<ValueTuple<object, ExpendableComponent, BoardTilePositionComponent, DeadComponent>>",True
0x6A798D8,25791,0x3D66224,33699,ContextualizedECS.Query,QueryExtensions,"ContextualizedECS.Query.QueryExtensions$$Query<ValueTuple<object, ExpendableComponent, BoardTilePositionComponent, TimeDurationComponent, TimeLimitedActivationComponent>>",True
0x6A798D8,25791,0x5F15D08,33694,,Entities.ExcludeDelegate,"public void .ctor(object object, IntPtr method) { }",True
0x6A798D8,25791,0x6A79C6C,25791,Merger.MergeBoard.Systems,TransformSystem,"private void HandleTransformByInteract(TickContext context, ExpendableComponent expendableComponent, Entity entity, BoardTilePositionComponent positionComponent) { }",True
0x6A798D8,25791,0x6A7A064,25791,Merger.MergeBoard.Systems,TransformSystem,"private void HandleTransformByDuration(TickContext context, ExpendableComponent expendableComponent, Entity entity, BoardTilePositionComponent positionComponent) { }",True
0x6A79C6C,25791,0x6A972F4,25997,Merger.MergeBoard.Components,ExpendableComponent,public bool get_HasTimer() { },True
0x6A7A064,25791,0x3DC33E4,33702,ContextualizedECS.Context,TickArgs,ContextualizedECS.Context.TickArgs$$AddArgument<object>,True
0x6A7A064,25791,0x6A7A45C,25791,Merger.MergeBoard.Systems,TransformSystem,"private void TransformTimeLimitedItem(TickContext context, Entity entity, ExpendableComponent expendableComponent, BoardTilePositionComponent positionComponent, ItemAnalyticsData analyticsData) { }",True
0x6A7A064,25791,0x6A7A760,25791,Merger.MergeBoard.Systems,TransformSystem,"private void EmitItemExpiredResult(TickContext context, Entity entity, int position, ItemAnalyticsData analyticsData, string reason, string subReason) { }",True
0x6A7A064,25791,0x6A98F6C,25912,Merger.MergeBoard.Extensions,MergeBoardEntitiesExtensions,"public static void RemoveEntity(TickContext tickContext, Entity entity) { }",True
0x6A7A064,25791,0x6A9ACD8,25972,Merger.MergeBoard.Data.TickResultArgs,SpawnExpendedOnEachInteractionResult,public void .ctor() { },True
0x6A7A064,25791,0x6A9AD00,25973,Merger.MergeBoard.Data.TickResultArgs,TimeDurationEndedResult,public void .ctor() { },True
0x6A7A45C,25791,0x3DC33E4,33702,ContextualizedECS.Context,TickArgs,ContextualizedECS.Context.TickArgs$$AddArgument<object>,True
0x6A7A45C,25791,0x6A7A760,25791,Merger.MergeBoard.Systems,TransformSystem,"private void EmitItemExpiredResult(TickContext context, Entity entity, int position, ItemAnalyticsData analyticsData, string reason, string subReason) { }",True
0x6A7A45C,25791,0x6A9A4B8,25947,Merger.MergeBoard.Data.TickResultArgs,ExpendFromTransformTimeLimitResult,public void .ctor() { },True
0x6A7A760,25791,0x6A9A8D4,25960,Merger.MergeBoard.Data.TickResultArgs,ItemExpiredResult,public void .ctor() { },True
0x6A7BD8C,25800,0x4C1693C,10569,Framework.Core.Services,BlockingFlagsService<TEnum>,Framework.Core.Services.BlockingFlagsService<Int32Enum>$$get_Enabled,True
0x6A7BD8C,25800,0x4C16B98,10569,Framework.Core.Services,BlockingFlagsService<TEnum>,Framework.Core.Services.BlockingFlagsService<Int32Enum>$$HasBlockingFlag,True
0x6A7BD8C,25800,0x6A7C02C,25800,Merger.MergeBoard.Services,MergeBoardOperationTrackingService,"private ClientMessageNotification CreateClientMessageNotification(string topic, string action, object payload, Dictionary<string, string> metadata, string debugData) { }",True
0x6A7BD8C,25800,0x6A7C0E8,25800,Merger.MergeBoard.Services,MergeBoardOperationTrackingService,private void SendTrackingData(ClientMessageNotification clientMsg) { },True
0x6A7C02C,25800,0x6930C58,11061,Framework.Core.Services.Backend.Data,ClientMessageNotification,public void .ctor() { },True
0x6A7D254,25810,0x6A7D5FC,25810,Merger.MergeBoard.Models,ItemsDiscoveryModel,private void RebuildRewardPendingIds() { },True
0x6A7DA1C,25812,0x5F163F0,33700,ContextualizedECS.Context,EntitiesManager,public void .ctor() { },True
0x6A7E2CC,25816,0x694BF58,11221,Framework.Core.MVVM.Model,ModelBase,public void .ctor() { },True
0x6A80BD0,25826,0x3C1F018,33678,ContextualizedECS,Entity,ContextualizedECS.Entity$$TryGetComponent<InteractionComponent>,True
0x6A80BD0,25826,0x3DC4400,33702,ContextualizedECS.Context,TickArgs,ContextualizedECS.Context.TickArgs$$All<object>,True
0x6A8108C,25828,0x3C1F018,33678,ContextualizedECS,Entity,ContextualizedECS.Entity$$TryGetComponent<InteractionComponent>,True
0x6A8108C,25828,0x6A8114C,25828,Merger.MergeBoard.Logic,ItemInteractionAffordabilityChecker,private bool CanAffordResourceInteractionCost(InteractionComponent interactionComponent) { },True
0x6A8108C,25828,0x6A812C4,25828,Merger.MergeBoard.Logic,ItemInteractionAffordabilityChecker,"private bool CanAffordItemInteractionCost(Entity entity, InteractionComponent interactionComponent) { }",True
0x6A8114C,25828,0x614CB20,3000,Merger.Rewards.Constants,RewardTypesConstants,public static IRewardType GetRewardType(PlayerResourceEnum resourceEnum) { },True
0x6A812C4,25828,0x3C1ECB4,33678,ContextualizedECS,Entity,ContextualizedECS.Entity$$TryGetComponent<FeedingCombinationComponent>,True
0x6A812C4,25828,0x6A86B60,25999,Merger.MergeBoard.Components,FeedingCombinationComponent,public List<string> get_ConsumedItemIds() { },True
0x6A812C4,25828,0x6A9859C,25911,Merger.MergeBoard.Extensions,InteractionComponentExtensions,"public static ItemMultiple FindReadyItemToConsume(InteractionComponent interactionComponent, List<string> itemsIds) { }",True
0x6A812C4,25828,0x6A9868C,25911,Merger.MergeBoard.Extensions,InteractionComponentExtensions,"public static List<Combination> FindReadyCombinations(InteractionComponent interactionComponent, List<string> itemsIds) { }",True
0x6A81624,25828,0x614CB20,3000,Merger.Rewards.Constants,RewardTypesConstants,public static IRewardType GetRewardType(PlayerResourceEnum resourceEnum) { },True
0x6A817A0,25827,0x6A868E4,25904,Merger.MergeBoard.Extensions,EntityLockExtension,public static bool AnyMovementLock(Entity entity) { },True
0x6A817C0,25827,0x3C1B250,33678,ContextualizedECS,Entity,ContextualizedECS.Entity$$GetComponent<IdComponent>,True
0x6A81824,25830,0x3DC47BC,33702,ContextualizedECS.Context,TickArgs,ContextualizedECS.Context.TickArgs$$ContainsArgType<object>,True
0x6A81824,25830,0x3DC5020,33702,ContextualizedECS.Context,TickArgs,ContextualizedECS.Context.TickArgs$$TryGet<object>,True
0x6A81824,25830,0x6A818D0,25830,Merger.MergeBoard.Logic,ItemSelectionBoxPickHandler,"public void OpenItemSelectionBoxPopup(Entity entity, IMergeItem mergeItem, string uuid, int boardIndex) { }",True
0x6A818D0,25830,0x6A81E14,25830,Merger.MergeBoard.Logic,ItemSelectionBoxPickHandler,private bool AreAllItemsAvailable(List<ItemSelectionBoxPredictedItem> predictedItems) { },True
0x6A818D0,25830,0x6A81ED0,25830,Merger.MergeBoard.Logic,ItemSelectionBoxPickHandler,"private void ShowPopup(IMergeItem mergeItem, BoardItemPosition boardItemPosition, string uuid, int itemsCount) { }",True
0x6A818D0,25830,0x6A82324,25830,Merger.MergeBoard.Logic,ItemSelectionBoxPickHandler,"private void GenerateContent(Entity entity, IMergeItem mergeItem, string uuid, string reason) { }",True
0x6A818D0,25830,0x6A99134,25914,Merger.MergeBoard.Extensions,MergeBoardLayoutExtensions,"public static BoardItemPosition GetItemPositionForIndex(IMergeBoardLayout layout, int index) { }",True
0x6A82C04,25829,0x6004718,1354,MergeEngine.Configuration.Definitions.WeakReferences.References,MergeItemWeakReference,public void .ctor(string uniqueId) { },True
0x6A83470,25836,0x614CB20,3000,Merger.Rewards.Constants,RewardTypesConstants,public static IRewardType GetRewardType(PlayerResourceEnum resourceEnum) { },True
0x6A836AC,25836,0x6279270,632,MergeEngine.ECS.Util,ToolProgressConverterUtil,"public static int GetItemLevelSumPerChain(float progressValue, IMergeGraphItem toolGraph) { }",True
0x6A836AC,25836,0x6A838EC,25836,Merger.MergeBoard.Logic,ToolSpawnHandler,private int GetMaxItemMergeValue(IMergeGraphItem toolGraph) { },True
0x6A836AC,25836,0x6A839AC,25836,Merger.MergeBoard.Logic,ToolSpawnHandler,"private int SumItemsMergeValue(IMergeGraphItem toolGraph, IEnumerable<string> boardItemIds) { }",True
0x6A836AC,25836,0x6A9A180,25932,Merger.MergeBoard.Data,ToolProgressionData,public void .ctor() { },True
0x6A839AC,25836,0x6A84E28,25834,,ToolSpawnHandler.<>c__DisplayClass26_0,public void .ctor() { },True
0x6A83BE0,25836,0x6A83CDC,25836,Merger.MergeBoard.Logic,ToolSpawnHandler,"private PlayerResourceEnum SelectRandomWeightedTool(List<WeightedTool> availableToolsToSpawn, Dictionary<PlayerResourceEnum, ToolProgressionData> toolsProgressionOnBoard) { }",True
0x6A83BE0,25836,0x6A83F4C,25836,Merger.MergeBoard.Logic,ToolSpawnHandler,"private List<WeightedToolLevel> FilterToolLevelsByProgressionOnBoard(List<WeightedToolLevel> toolLevelWeights, ToolProgressionData toolProgressionData) { }",True
0x6A83BE0,25836,0x6A84068,25836,Merger.MergeBoard.Logic,ToolSpawnHandler,"private IMergeItem GenerateRandomToolItemFromWeights(List<WeightedToolLevel> toolLevelWeights, IMergeGraphItem toolGraph) { }",True
0x6A83BE0,25836,0x6A84D70,25932,Merger.MergeBoard.Data,ToolProgressionData,public int get_IncompletableCount() { },True
0x6A83CDC,25836,0x3E36E88,123,MergeEngine.Util,WeightedItemUtil,"MergeEngine.Util.WeightedItemUtil$$GenerateWeightedItemList<WeightedTool, Int32Enum>",True
0x6A83CDC,25836,0x6A8434C,25836,Merger.MergeBoard.Logic,ToolSpawnHandler,"private List<WeightedTool> GetFilteredTools(List<WeightedTool> availableToolsToSpawn, Dictionary<PlayerResourceEnum, ToolProgressionData> toolsProgressionOnBoard) { }",True
0x6A83CDC,25836,0x6A843FC,25836,Merger.MergeBoard.Logic,ToolSpawnHandler,"private Dictionary<PlayerResourceEnum, int> CalculateCurrentToolAmounts(Dictionary<PlayerResourceEnum, ToolProgressionData> toolsProgressionOnBoard) { }",True
0x6A83CDC,25836,0x6A84674,25836,Merger.MergeBoard.Logic,ToolSpawnHandler,"private void ApplyMetagameWeightBoosts(List<WeightedTool> availableToolsToSpawn, Dictionary<PlayerResourceEnum, int> currentToolAmounts) { }",True
0x6A83F4C,25836,0x6A84DBC,25833,,ToolSpawnHandler.<>c__DisplayClass22_0,public void .ctor() { },True
0x6A84068,25836,0x3E372E4,123,MergeEngine.Util,WeightedItemUtil,"MergeEngine.Util.WeightedItemUtil$$GenerateWeightedItemList<WeightedToolLevel, int>",True
0x6A84068,25836,0x4944654,121,MergeEngine.Util,WeightedItemList<TItem>,MergeEngine.Util.WeightedItemList<int>$$GetItem,True
0x6A8434C,25836,0x6A848D8,25836,Merger.MergeBoard.Logic,ToolSpawnHandler,"private Func<WeightedTool, bool> GetToolSpawnPriorityStrategy(Dictionary<PlayerResourceEnum, ToolProgressionData> toolsProgressionOnBoard) { }",True
0x6A843FC,25836,0x614CB20,3000,Merger.Rewards.Constants,RewardTypesConstants,public static IRewardType GetRewardType(PlayerResourceEnum resourceEnum) { },True
0x6A843FC,25836,0x6A9A174,25932,Merger.MergeBoard.Data,ToolProgressionData,public int get_CompletableCount() { },True
0x6A84674,25836,0x6797E70,976,MergeEngine.ECS.Systems.Items,ToolsRequiredByBuildingsHelper,"public HashSet<PlayerResourceEnum> FindToolsNeededByUpgrade(List<BuildingInstanceProgression> unlockedBuildings, Dictionary<PlayerResourceEnum, int> currentToolAmounts) { }",True
0x6A84780,25836,0x6A8328C,25836,Merger.MergeBoard.Logic,ToolSpawnHandler,private float get_ToolsRequiredByMetagameBooster() { },True
0x6A848D8,25836,0x6A84FB0,25835,,ToolSpawnHandler.<>c__DisplayClass29_0,public void .ctor() { },True
0x6A84B78,25836,0x6798A68,976,MergeEngine.ECS.Systems.Items,ToolsRequiredByBuildingsHelper,public void .ctor() { },True
0x6A84DC4,25833,0x6A8433C,25836,Merger.MergeBoard.Logic,ToolSpawnHandler,public int CalculateMergeValue(int itemLevel) { },True
0x6A85148,25839,0x6A85194,25996,Merger.MergeBoard.Components,DynamicItemConfigComponent,public void .ctor(DynamicMergeItemConfig dynamicItemConfig) { },True
0x6A85828,25846,0x5FE89C8,100,MergeEngine.Util,ItemSpawningQueue,"public void .ctor(ItemsSpawningCapability capability, int seed, int startIndex = 0) { }",True
0x6A85828,25846,0x6278558,631,MergeEngine.ECS.Util,InteractionUtil,public static bool IsAnyMode(ProduceCapability capability) { },True
0x6A85828,25846,0x62785B8,631,MergeEngine.ECS.Util,InteractionUtil,public static bool IsComboProducer(ProduceCapability capability) { },True
0x6A85BD8,25845,0x6A29A84,1335,MergeEngine.Configuration.Definitions,WeightedItemSpawnable,public void .ctor() { },True
0x6A85C54,25847,0x5FE89C8,100,MergeEngine.Util,ItemSpawningQueue,"public void .ctor(ItemsSpawningCapability capability, int seed, int startIndex = 0) { }",True
0x6A85F70,25849,0x6A85ED0,25849,Merger.MergeBoard.Logic.State.Updaters,TimeDurationComponentStateUpdater,private long get_CurrentServerTimeMS() { },True
0x6A860D4,25853,0x3C1B250,33678,ContextualizedECS,Entity,ContextualizedECS.Entity$$GetComponent<IdComponent>,True
0x6A860D4,25853,0x3C1BE30,33678,ContextualizedECS,Entity,ContextualizedECS.Entity$$HasComponent<ProducerComponent>,True
0x6A860D4,25853,0x3C1BEC8,33678,ContextualizedECS,Entity,ContextualizedECS.Entity$$HasComponent<SpawnerComponent>,True
0x6A860D4,25853,0x3C1E508,33678,ContextualizedECS,Entity,ContextualizedECS.Entity$$TryGetComponent<BoxComponent>,True
0x6A860D4,25853,0x3C1F57C,33678,ContextualizedECS,Entity,ContextualizedECS.Entity$$TryGetComponent<MergeComponent>,True
0x6A866A8,25853,0x3C1B250,33678,ContextualizedECS,Entity,ContextualizedECS.Entity$$GetComponent<IdComponent>,True
0x6A866A8,25853,0x3C1B52C,33678,ContextualizedECS,Entity,ContextualizedECS.Entity$$GetComponent<MergeComponent>,True
0x6A867E0,25854,0x3C1B250,33678,ContextualizedECS,Entity,ContextualizedECS.Entity$$GetComponent<IdComponent>,True
0x6A867E0,25854,0x3C1ECB4,33678,ContextualizedECS,Entity,ContextualizedECS.Entity$$TryGetComponent<FeedingCombinationComponent>,True
0x6A867E0,25854,0x3C1F018,33678,ContextualizedECS,Entity,ContextualizedECS.Entity$$TryGetComponent<InteractionComponent>,True
0x6A867E0,25854,0x6A868E4,25904,Merger.MergeBoard.Extensions,EntityLockExtension,public static bool AnyMovementLock(Entity entity) { },True
0x6A867E0,25854,0x6A86998,25854,Merger.MergeBoard.Logic.CombineValidators,FeedingItemCombinerValidator,"private bool CanFeed(FeedingCombinationComponent feedingCombinationComponent, InteractionComponent interactionComponent, string itemId) { }",True
0x6A868E4,25904,0x3C1E508,33678,ContextualizedECS,Entity,ContextualizedECS.Entity$$TryGetComponent<BoxComponent>,True
0x6A868E4,25904,0x3C1F470,33678,ContextualizedECS,Entity,ContextualizedECS.Entity$$TryGetComponent<LockComponent>,True
0x6A86998,25854,0x6A86B60,25999,Merger.MergeBoard.Components,FeedingCombinationComponent,public List<string> get_ConsumedItemIds() { },True
0x6A86998,25854,0x6A86C80,25908,Merger.MergeBoard.Extensions,FeedingCombinationComponentExtensions,"public static List<Combination> GetCombinationsInProgressWithItem(FeedingCombinationComponent feedingCombinationComponent, List<Combination> combinations, string itemId) { }",True
0x6A86998,25854,0x6A8702C,25911,Merger.MergeBoard.Extensions,InteractionComponentExtensions,"public static Combination TryFindSuitableCombination(InteractionComponent interactionComponent, string itemId) { }",True
0x6A86C80,25908,0x6A284A4,1299,MergeEngine.Configuration.Definitions,Combination,public List<string> get_ItemsToConsumeIDs() { },True
0x6A86C80,25908,0x6A86B60,25999,Merger.MergeBoard.Components,FeedingCombinationComponent,public List<string> get_ConsumedItemIds() { },True
0x6A86C80,25908,0x6A981CC,25908,Merger.MergeBoard.Extensions,FeedingCombinationComponentExtensions,"public static List<Combination> GetCombinationsInProgress(FeedingCombinationComponent feedingCombinationComponent, List<Combination> combinations) { }",True
0x6A8702C,25911,0x6A284A4,1299,MergeEngine.Configuration.Definitions,Combination,public List<string> get_ItemsToConsumeIDs() { },True
0x6A8727C,25856,0x3C1B250,33678,ContextualizedECS,Entity,ContextualizedECS.Entity$$GetComponent<IdComponent>,True
0x6A8727C,25856,0x3C1B840,33678,ContextualizedECS,Entity,ContextualizedECS.Entity$$HasComponent<CooldownBlockComponent>,True
0x6A8727C,25856,0x3C1F018,33678,ContextualizedECS,Entity,ContextualizedECS.Entity$$TryGetComponent<InteractionComponent>,True
0x6A8727C,25856,0x6A868E4,25904,Merger.MergeBoard.Extensions,EntityLockExtension,public static bool AnyMovementLock(Entity entity) { },True
0x6A8727C,25856,0x6A873A8,25856,Merger.MergeBoard.Logic.CombineValidators,ItemConsumableCombinerValidator,"private bool CanConsume(InteractionComponent interactionComponent, string itemId) { }",True
0x6A873A8,25856,0x6A8751C,26004,Merger.MergeBoard.Components,InteractionComponent,public string[] get_ItemsToConsumeIds() { },True
0x6A87644,25857,0x3C1B250,33678,ContextualizedECS,Entity,ContextualizedECS.Entity$$GetComponent<IdComponent>,True
0x6A87644,25857,0x3C1E508,33678,ContextualizedECS,Entity,ContextualizedECS.Entity$$TryGetComponent<BoxComponent>,True
0x6A87644,25857,0x3C1F57C,33678,ContextualizedECS,Entity,ContextualizedECS.Entity$$TryGetComponent<MergeComponent>,True
0x6A87644,25857,0x6A868E4,25904,Merger.MergeBoard.Extensions,EntityLockExtension,public static bool AnyMovementLock(Entity entity) { },True
0x6A87644,25857,0x6A87820,25857,Merger.MergeBoard.Logic.CombineValidators,MergeItemCombinerValidator,"private bool CanMergeSame(MergeComponent item1, MergeComponent item2, IdComponent id1, IdComponent id2) { }",True
0x6A87644,25857,0x6A87990,25857,Merger.MergeBoard.Logic.CombineValidators,MergeItemCombinerValidator,"private bool CanMergeSpecificItem(MergeComponent firstMerge, MergeComponent secondMerge, IdComponent id1, IdComponent id2) { }",True
0x6A87CA0,25858,0x3C1B250,33678,ContextualizedECS,Entity,ContextualizedECS.Entity$$GetComponent<IdComponent>,True
0x6A87CA0,25858,0x3C1BE30,33678,ContextualizedECS,Entity,ContextualizedECS.Entity$$HasComponent<ProducerComponent>,True
0x6A87CA0,25858,0x3C1BEC8,33678,ContextualizedECS,Entity,ContextualizedECS.Entity$$HasComponent<SpawnerComponent>,True
0x6A87CA0,25858,0x3C1BFF8,33678,ContextualizedECS,Entity,ContextualizedECS.Entity$$HasComponent<TimeLimitedActivationComponent>,True
0x6A87CA0,25858,0x3C1E508,33678,ContextualizedECS,Entity,ContextualizedECS.Entity$$TryGetComponent<BoxComponent>,True
0x6A87CA0,25858,0x3C1F57C,33678,ContextualizedECS,Entity,ContextualizedECS.Entity$$TryGetComponent<MergeComponent>,True
0x6A87CA0,25858,0x3C1FD24,33678,ContextualizedECS,Entity,ContextualizedECS.Entity$$TryGetComponent<TimeDurationComponent>,True
0x6A87CA0,25858,0x6A868E4,25904,Merger.MergeBoard.Extensions,EntityLockExtension,public static bool AnyMovementLock(Entity entity) { },True
0x6A87CA0,25858,0x6A8809C,25858,Merger.MergeBoard.Logic.CombineValidators,SplitterItemCombinerValidator,private bool CanBeSplit(string itemId) { },True
0x6A88548,25860,0x3DC4400,33702,ContextualizedECS.Context,TickArgs,ContextualizedECS.Context.TickArgs$$All<object>,True
0x6A89E00,25859,0x3C1B8D8,33678,ContextualizedECS,Entity,ContextualizedECS.Entity$$HasComponent<DeadComponent>,True
0x6A89E9C,25862,0x3DC4400,33702,ContextualizedECS.Context,TickArgs,ContextualizedECS.Context.TickArgs$$All<object>,True
0x6A8A5F4,25863,0x3DC4400,33702,ContextualizedECS.Context,TickArgs,ContextualizedECS.Context.TickArgs$$All<object>,True
0x6A8AA2C,25865,0x3DC4400,33702,ContextualizedECS.Context,TickArgs,ContextualizedECS.Context.TickArgs$$All<object>,True
0x6A8B7E0,25866,0x3DC4400,33702,ContextualizedECS.Context,TickArgs,ContextualizedECS.Context.TickArgs$$All<object>,True
0x6A8BC94,25867,0x3DC4400,33702,ContextualizedECS.Context,TickArgs,ContextualizedECS.Context.TickArgs$$All<object>,True
0x6A8C14C,25869,0x3DC4400,33702,ContextualizedECS.Context,TickArgs,ContextualizedECS.Context.TickArgs$$All<object>,True
0x6A8C14C,25869,0x6A8CB04,25869,Merger.MergeBoard.Logic.BoardOperations,BoardInteractionOperationDataCreator,private HashSet<Entity> GetCollectedEntities(TickArgs tickArgs) { },True
0x6A8CB04,25869,0x3DC4400,33702,ContextualizedECS.Context,TickArgs,ContextualizedECS.Context.TickArgs$$All<object>,True
0x6A8D1F0,25871,0x3DC4400,33702,ContextualizedECS.Context,TickArgs,ContextualizedECS.Context.TickArgs$$All<object>,True
0x6A8DBB0,25872,0x3DC4400,33702,ContextualizedECS.Context,TickArgs,ContextualizedECS.Context.TickArgs$$All<object>,True
0x6A8DBB0,25872,0x3DC47BC,33702,ContextualizedECS.Context,TickArgs,ContextualizedECS.Context.TickArgs$$ContainsArgType<object>,True
0x6A8E46C,25875,0x5F16624,33702,ContextualizedECS.Context,TickArgs,public bool HasArguments() { },True
0x6A8E46C,25875,0x6A8E824,25875,Merger.MergeBoard.Logic.BoardOperations,BoardOperationsTracker,"private Dictionary<string, string> GetOperationsMetadata(TickArgs result) { }",True
0x6A8E824,25875,0x3DC5020,33702,ContextualizedECS.Context,TickArgs,ContextualizedECS.Context.TickArgs$$TryGet<object>,True
0x6A8E95C,25876,0x3DC4400,33702,ContextualizedECS.Context,TickArgs,ContextualizedECS.Context.TickArgs$$All<object>,True
0x6A8EE10,25877,0x3DC4400,33702,ContextualizedECS.Context,TickArgs,ContextualizedECS.Context.TickArgs$$All<object>,True
0x6A9125C,25889,0x3DC4400,33702,ContextualizedECS.Context,TickArgs,ContextualizedECS.Context.TickArgs$$All<object>,True
0x6A9125C,25889,0x614CB20,3000,Merger.Rewards.Constants,RewardTypesConstants,public static IRewardType GetRewardType(PlayerResourceEnum resourceEnum) { },True
0x6A9125C,25889,0x6A2B3F8,1325,MergeEngine.Configuration.Definitions,Reward,public bool get_HasResources() { },True
0x6A9125C,25889,0x6A2B4C8,1325,MergeEngine.Configuration.Definitions,Reward,public bool get_HasMergeItems() { },True
0x6A9125C,25889,0x6A91C30,25889,Merger.MergeBoard.Handlers,CollectableItemsGrantProcessor,"private void PlayFlyAnimationForCollectableItems(ItemCollectedResult collected, Reward rewardReceivedFromBackend) { }",True
0x6A9125C,25889,0x6A91DE8,25889,Merger.MergeBoard.Handlers,CollectableItemsGrantProcessor,"private void GrantResource(string itemId, IRewardType rewardType, int amount, ResourceSource resourceSource) { }",True
0x6A9125C,25889,0x6A91F48,25889,Merger.MergeBoard.Handlers,CollectableItemsGrantProcessor,"private void PlayResourceGrantAnimation(ItemResourceCollectedResult resourceCollected, Action onComplete) { }",True
0x6A91C30,25889,0x3BC6BD4,10424,Framework.Core,Base,Framework.Core.Base$$FireSignal<object>,True
0x6A91C30,25889,0x6A2B4C8,1325,MergeEngine.Configuration.Definitions,Reward,public bool get_HasMergeItems() { },True
0x6A91C30,25889,0x6A2CA88,1325,MergeEngine.Configuration.Definitions,Reward,public void AccumulateRewards(Reward otherReward) { },True
0x6A91C30,25889,0x6A92464,25889,Merger.MergeBoard.Handlers,CollectableItemsGrantProcessor,private Transform GetTransformAtPosition(int positionComponentPosition) { },True
0x6A91F48,25889,0x3BC6BD4,10424,Framework.Core,Base,Framework.Core.Base$$FireSignal<object>,True
0x6A91F48,25889,0x3BC70A8,10424,Framework.Core,Base,Framework.Core.Base$$SubscribeToSignal<object>,True
0x6A91F48,25889,0x601FC10,1591,GameCore.Configuration.Definitions,RewardAmount,public static RewardAmount op_Implicit(int amount) { },True
0x6A91F48,25889,0x6A24C88,1325,MergeEngine.Configuration.Definitions,Reward,"public void .ctor(IEnumerable<IRewardViewData> originalOrderRewards, List<ConditionalRewardMultiple> conditionals) { }",True
0x6A91F48,25889,0x6A2A59C,1314,MergeEngine.Configuration.Definitions,ResourceMultiple,"public void .ctor(PlayerResourceEnum resource, RewardAmount rewardAmount, RewardDestination destination) { }",True
0x6A91F48,25889,0x6A2E900,1326,MergeEngine.Configuration.Definitions,RewardDestination,public void .ctor() { },True
0x6A91F48,25889,0x6A92464,25889,Merger.MergeBoard.Handlers,CollectableItemsGrantProcessor,private Transform GetTransformAtPosition(int positionComponentPosition) { },True
0x6A922E4,25889,0x68B2EF8,10424,Framework.Core,Base,protected virtual void HandleDisposed() { },True
0x6A9259C,25886,0x614CB20,3000,Merger.Rewards.Constants,RewardTypesConstants,public static IRewardType GetRewardType(PlayerResourceEnum resourceEnum) { },True
0x6A92734,25888,0x3BC74C4,10424,Framework.Core,Base,Framework.Core.Base$$UnsubscribeFromSignal<object>,True
0x6A92810,25892,0x3DC4400,33702,ContextualizedECS.Context,TickArgs,ContextualizedECS.Context.TickArgs$$All<object>,True
0x6A9306C,25893,0x6A7AA24,25795,Merger.MergeBoard.Signals,MergeBoardNewItemCreatedSignal,public void .ctor(string itemId) { },True
0x6A93EC0,25903,0x6A93F00,25903,Merger.MergeBoard.Factories,MergeBoardItemsEntityFactory,private List<IBoardItemComponentStateUpdater> GetComponentUpdaterList() { },True
0x6A93F00,25903,0x6A850A0,25837,Merger.MergeBoard.Logic.State.Updaters,BoxComponentStateUpdater,public void .ctor() { },True
0x6A93F00,25903,0x6A85100,25838,Merger.MergeBoard.Logic.State.Updaters,ChargeableComponentStateUpdater,public void .ctor() { },True
0x6A93F00,25903,0x6A85258,25839,Merger.MergeBoard.Logic.State.Updaters,DynamicItemConfigComponentStateUpdater,public void .ctor() { },True
0x6A93F00,25903,0x6A852B8,25840,Merger.MergeBoard.Logic.State.Updaters,ExpendableComponentStateUpdater,public void .ctor() { },True
0x6A93F00,25903,0x6A85590,25841,Merger.MergeBoard.Logic.State.Updaters,FeedingCombinationComponentStateUpdater,public void .ctor() { },True
0x6A93F00,25903,0x6A85780,25843,Merger.MergeBoard.Logic.State.Updaters,IdComponentStateUpdater,public void .ctor() { },True
0x6A93F00,25903,0x6A857E0,25844,Merger.MergeBoard.Logic.State.Updaters,LockComponentStateUpdater,public void .ctor() { },True
0x6A93F00,25903,0x6A85B08,25846,Merger.MergeBoard.Logic.State.Updaters,ProducerComponentStateUpdater,public void .ctor() { },True
0x6A93F00,25903,0x6A85D00,25847,Merger.MergeBoard.Logic.State.Updaters,SpawnerComponentStateUpdater,public void .ctor() { },True
0x6A93F00,25903,0x6A85E24,25848,Merger.MergeBoard.Logic.State.Updaters,TimeCycleComponentStateUpdater,public void .ctor() { },True
0x6A93F00,25903,0x6A85E6C,25849,Merger.MergeBoard.Logic.State.Updaters,TimeDurationComponentStateUpdater,public void .ctor(IServerTimeService serverTimeService) { },True
0x6A93F00,25903,0x6A86014,25850,Merger.MergeBoard.Logic.State.Updaters,TimeLimitedActivationComponentStateUpdater,public void .ctor() { },True
0x6A93F00,25903,0x6A8608C,25851,Merger.MergeBoard.Logic.State.Updaters,TimeLockComponentStateUpdater,public void .ctor() { },True
0x6A94700,25903,0x60046EC,1350,MergeEngine.Configuration.Definitions.WeakReferences.References,DynamicMergeItemWeakReference,"public void .ctor(string uniqueId, DynamicMergeItemConfig dynamicMergeItemData) { }",True
0x6A94700,25903,0x6A94840,25903,Merger.MergeBoard.Factories,MergeBoardItemsEntityFactory,"private Entity CreateBoardItemEntity(IMergeItem itemConfiguration, int position, ItemOrigin origin) { }",True
0x6A94700,25903,0x6A95B80,25903,Merger.MergeBoard.Factories,MergeBoardItemsEntityFactory,"private void UpdateLockComponent(Entity createdEntity, bool isLocked) { }",True
0x6A94840,25903,0x3C1C618,33678,ContextualizedECS,Entity,ContextualizedECS.Entity$$SetComponent<BoardTilePositionComponent>,True
0x6A94840,25903,0x3C1C7A8,33678,ContextualizedECS,Entity,ContextualizedECS.Entity$$SetComponent<BoxComponent>,True
0x6A94840,25903,0x3C1CFC8,33678,ContextualizedECS,Entity,ContextualizedECS.Entity$$SetComponent<IdComponent>,True
0x6A94840,25903,0x3C1D180,33678,ContextualizedECS,Entity,ContextualizedECS.Entity$$SetComponent<InteractionComponent>,True
0x6A94840,25903,0x3C1D588,33678,ContextualizedECS,Entity,ContextualizedECS.Entity$$SetComponent<LockComponent>,True
0x6A94840,25903,0x3D1FC44,25903,Merger.MergeBoard.Factories,MergeBoardItemsEntityFactory,Merger.MergeBoard.Factories.MergeBoardItemsEntityFactory$$TryAddComponent<ChargeableComponent>,True
0x6A94840,25903,0x3D1FCD0,25903,Merger.MergeBoard.Factories,MergeBoardItemsEntityFactory,Merger.MergeBoard.Factories.MergeBoardItemsEntityFactory$$TryAddComponent<CollectableComponent>,True
0x6A94840,25903,0x3D1FD84,25903,Merger.MergeBoard.Factories,MergeBoardItemsEntityFactory,Merger.MergeBoard.Factories.MergeBoardItemsEntityFactory$$TryAddComponent<ExpendableComponent>,True
0x6A94840,25903,0x3D1FE34,25903,Merger.MergeBoard.Factories,MergeBoardItemsEntityFactory,Merger.MergeBoard.Factories.MergeBoardItemsEntityFactory$$TryAddComponent<FeedingCombinationComponent>,True
0x6A94840,25903,0x3D1FF4C,25903,Merger.MergeBoard.Factories,MergeBoardItemsEntityFactory,Merger.MergeBoard.Factories.MergeBoardItemsEntityFactory$$TryAddComponent<MergeComponent>,True
0x6A94840,25903,0x3D1FFE4,25903,Merger.MergeBoard.Factories,MergeBoardItemsEntityFactory,Merger.MergeBoard.Factories.MergeBoardItemsEntityFactory$$TryAddComponent<ProducerComponent>,True
0x6A94840,25903,0x3D20084,25903,Merger.MergeBoard.Factories,MergeBoardItemsEntityFactory,Merger.MergeBoard.Factories.MergeBoardItemsEntityFactory$$TryAddComponent<SpawnerComponent>,True
0x6A94840,25903,0x3D20138,25903,Merger.MergeBoard.Factories,MergeBoardItemsEntityFactory,Merger.MergeBoard.Factories.MergeBoardItemsEntityFactory$$TryAddComponent<SplitComponent>,True
0x6A94840,25903,0x3D201C4,25903,Merger.MergeBoard.Factories,MergeBoardItemsEntityFactory,Merger.MergeBoard.Factories.MergeBoardItemsEntityFactory$$TryAddComponent<TimeCycleComponent>,True
0x6A94840,25903,0x3D20284,25903,Merger.MergeBoard.Factories,MergeBoardItemsEntityFactory,Merger.MergeBoard.Factories.MergeBoardItemsEntityFactory$$TryAddComponent<TimeLockComponent>,True
0x6A94840,25903,0x3D20338,25903,Merger.MergeBoard.Factories,MergeBoardItemsEntityFactory,Merger.MergeBoard.Factories.MergeBoardItemsEntityFactory$$TryAddComponent<ToolSpawningComponent>,True
0x6A94840,25903,0x5F14CA0,33678,ContextualizedECS,Entity,public void .ctor() { },True
0x6A94840,25903,0x600FD24,1436,MergeEngine.Configuration.Capabilities,CollectableItemCapability,"public void .ctor(CollectCapability itemConfigurationCollect, CollectResourceCapability itemConfigurationCollectResource) { }",True
0x6A94840,25903,0x60105A8,1445,MergeEngine.Configuration.Capabilities,FeedingCombinationCapability,public void .ctor(InteractionCapability interactionCapability) { },True
0x6A94840,25903,0x6A95F98,26001,Merger.MergeBoard.Components,IdComponent,"public void .ctor(string id, ItemOrigin origin) { }",True
0x6A94840,25903,0x6A960A8,25903,Merger.MergeBoard.Factories,MergeBoardItemsEntityFactory,"private void TryAddInteractionConstraint(Entity entity, InteractionConstraintCapability interactionConstraint) { }",True
0x6A94840,25903,0x6A961E0,25903,Merger.MergeBoard.Factories,MergeBoardItemsEntityFactory,private InteractionComponent CreateInteractionComponent(IMergeItem itemConfiguration) { },True
0x6A94840,25903,0x6A9659C,25903,Merger.MergeBoard.Factories,MergeBoardItemsEntityFactory,"private void ResolveDynamicItemConfig(Entity entity, DynamicMergeItemConfig dynamicItemConfig) { }",True
0x6A95B80,25903,0x3C1D588,33678,ContextualizedECS,Entity,ContextualizedECS.Entity$$SetComponent<LockComponent>,True
0x6A95B80,25903,0x3C1F470,33678,ContextualizedECS,Entity,ContextualizedECS.Entity$$TryGetComponent<LockComponent>,True
0x6A95C18,25903,0x60046EC,1350,MergeEngine.Configuration.Definitions.WeakReferences.References,DynamicMergeItemWeakReference,"public void .ctor(string uniqueId, DynamicMergeItemConfig dynamicMergeItemData) { }",True
0x6A95C18,25903,0x6A94840,25903,Merger.MergeBoard.Factories,MergeBoardItemsEntityFactory,"private Entity CreateBoardItemEntity(IMergeItem itemConfiguration, int position, ItemOrigin origin) { }",True
0x6A95C18,25903,0x6A95DB0,25903,Merger.MergeBoard.Factories,MergeBoardItemsEntityFactory,"private void UpdateComponentsFromState(Entity entity, ItemPayloadBase itemState) { }",True
0x6A95DB0,25903,0x6A93EC0,25903,Merger.MergeBoard.Factories,MergeBoardItemsEntityFactory,private List<IBoardItemComponentStateUpdater> get_ComponentUpdaters() { },True
0x6A95DB0,25903,0x6A9787C,25903,Merger.MergeBoard.Factories,MergeBoardItemsEntityFactory,private void CalculateCyclesDelay(SerializedItemSpawningComponent itemSpawningComponent) { },True
0x6A95DB0,25903,0x6A97920,25903,Merger.MergeBoard.Factories,MergeBoardItemsEntityFactory,private void CalculateUnlockTimeLeft(SerializedTimeLockComponent timeLockComponent) { },True
0x6A961E0,25903,0x601060C,1448,MergeEngine.Configuration.Capabilities,InteractionCapability,public bool get_Enabled() { },True
0x6A961E0,25903,0x62782A8,631,MergeEngine.ECS.Util,InteractionUtil,public static bool IsAnyMode(InteractionCapability capability) { },True
0x6A9659C,25903,0x3C1CC80,33678,ContextualizedECS,Entity,ContextualizedECS.Entity$$SetComponent<DynamicItemConfigComponent>,True
0x6A9659C,25903,0x6A85194,25996,Merger.MergeBoard.Components,DynamicItemConfigComponent,public void .ctor(DynamicMergeItemConfig dynamicItemConfig) { },True
0x6A96628,25903,0x600FA34,1435,MergeEngine.Configuration.Capabilities,ChargableCapability,public RemoteSpriteLocation[] GetStateSpriteAssets() { },True
0x6A9678C,25903,0x5FE89C8,100,MergeEngine.Util,ItemSpawningQueue,"public void .ctor(ItemsSpawningCapability capability, int seed, int startIndex = 0) { }",True
0x6A9678C,25903,0x5FE932C,100,MergeEngine.Util,ItemSpawningQueue,"public void AddCombinationWeightedItems(List<Combination> combinations, int numItemsInCycles) { }",True
0x6A9678C,25903,0x5FEA444,100,MergeEngine.Util,ItemSpawningQueue,public void AddWeightedItems(List<WeightedItemSpawnable> items) { },True
0x6A9678C,25903,0x6278558,631,MergeEngine.ECS.Util,InteractionUtil,public static bool IsAnyMode(ProduceCapability capability) { },True
0x6A9678C,25903,0x62785B8,631,MergeEngine.ECS.Util,InteractionUtil,public static bool IsComboProducer(ProduceCapability capability) { },True
0x6A96C90,25903,0x5FE89C8,100,MergeEngine.Util,ItemSpawningQueue,"public void .ctor(ItemsSpawningCapability capability, int seed, int startIndex = 0) { }",True
0x6A96F48,25903,0x3C1DE74,33678,ContextualizedECS,Entity,ContextualizedECS.Entity$$SetComponent<TimeLimitedActivationComponent>,True
0x6A96F48,25903,0x6A97304,25903,Merger.MergeBoard.Factories,MergeBoardItemsEntityFactory,"private TimeLimitedActivationComponent CreateTimeLimitedActivationComponent(Entity entity, ExpendableComponent expendableComponent) { }",True
0x6A97304,25903,0x3C1DDA0,33678,ContextualizedECS,Entity,ContextualizedECS.Entity$$SetComponent<TimeDurationComponent>,True
0x6A97660,25903,0x600FDB4,1438,MergeEngine.Configuration.Capabilities,CollectResourceCapability,public AfterCollectAnimation get_AfterCollectAnimation() { },True
0x6A9787C,25903,0x6A93E20,25903,Merger.MergeBoard.Factories,MergeBoardItemsEntityFactory,private long get_CurrentServerTimeMS() { },True
0x6A97920,25903,0x6A93E20,25903,Merger.MergeBoard.Factories,MergeBoardItemsEntityFactory,private long get_CurrentServerTimeMS() { },True
0x6A97A18,25901,0x6A29A84,1335,MergeEngine.Configuration.Definitions,WeightedItemSpawnable,public void .ctor() { },True
0x6A97AAC,25901,0x6A29D38,1306,MergeEngine.Configuration.Definitions,ItemMultiple,"public void .ctor(MergeItemWeakReference itemReference, int amount) { }",True
0x6A97BC8,25902,0x6A9678C,25903,Merger.MergeBoard.Factories,MergeBoardItemsEntityFactory,private ProducerComponent CreateProducerComponent(IMergeItem mergeItem) { },True
0x6A97C00,25902,0x6A97448,25903,Merger.MergeBoard.Factories,MergeBoardItemsEntityFactory,private TimeCycleComponent CreateTimeCycleComponent(ProduceCapability produceCapability) { },True
0x6A97CD4,25902,0x6A96C90,25903,Merger.MergeBoard.Factories,MergeBoardItemsEntityFactory,private SpawnerComponent CreateSpawnerComponent(IMergeItem mergeItem) { },True
0x6A97D14,25902,0x6A974DC,25903,Merger.MergeBoard.Factories,MergeBoardItemsEntityFactory,private TimeCycleComponent CreateTimeCycleComponent(SpawnCapability spawnCapability) { },True
0x6A97DEC,25902,0x6A96F48,25903,Merger.MergeBoard.Factories,MergeBoardItemsEntityFactory,"private ExpendableComponent CreateExpandableComponent(Entity entity, IMergeItem mergeItem) { }",True
0x6A97E4C,25902,0x6A97570,25903,Merger.MergeBoard.Factories,MergeBoardItemsEntityFactory,private TimeLockComponent CreateTimeLockComponent(IMergeItem itemConfiguration) { },True
0x6A97F44,25902,0x6A97660,25903,Merger.MergeBoard.Factories,MergeBoardItemsEntityFactory,private CollectableComponent CreateCollectableComponent(CollectableItemCapability collectableItemCapability) { },True
0x6A97F84,25904,0x3C1E508,33678,ContextualizedECS,Entity,ContextualizedECS.Entity$$TryGetComponent<BoxComponent>,True
0x6A97FFC,25904,0x3C1E508,33678,ContextualizedECS,Entity,ContextualizedECS.Entity$$TryGetComponent<BoxComponent>,True
0x6A97FFC,25904,0x3C1F470,33678,ContextualizedECS,Entity,ContextualizedECS.Entity$$TryGetComponent<LockComponent>,True
0x6A980B4,25904,0x3C1BAA0,33678,ContextualizedECS,Entity,ContextualizedECS.Entity$$HasComponent<FixedPositionComponent>,True
0x6A980B4,25904,0x6A868E4,25904,Merger.MergeBoard.Extensions,EntityLockExtension,public static bool AnyMovementLock(Entity entity) { },True
0x6A9811C,25905,0x3C1BE30,33678,ContextualizedECS,Entity,ContextualizedECS.Entity$$HasComponent<ProducerComponent>,True
0x6A9811C,25905,0x3C1BEC8,33678,ContextualizedECS,Entity,ContextualizedECS.Entity$$HasComponent<SpawnerComponent>,True
0x6A981CC,25908,0x6A86B60,25999,Merger.MergeBoard.Components,FeedingCombinationComponent,public List<string> get_ConsumedItemIds() { },True
0x6A98538,25907,0x6A284A4,1299,MergeEngine.Configuration.Definitions,Combination,public List<string> get_ItemsToConsumeIDs() { },True
0x6A9868C,25911,0x6A284A4,1299,MergeEngine.Configuration.Definitions,Combination,public List<string> get_ItemsToConsumeIDs() { },True
0x6A98B30,25912,0x3C1E2E4,33678,ContextualizedECS,Entity,ContextualizedECS.Entity$$TryGetComponent<BoardTilePositionComponent>,True
0x6A98E60,25912,0x3DC5378,33704,ContextualizedECS.Context,TickContextExtensions,ContextualizedECS.Context.TickContextExtensions$$AddTempComponent<BornComponent>,True
0x6A98FC0,25912,0x3DC33E4,33702,ContextualizedECS.Context,TickArgs,ContextualizedECS.Context.TickArgs$$AddArgument<object>,True
0x6A98FC0,25912,0x3DC5B34,33704,ContextualizedECS.Context,TickContextExtensions,ContextualizedECS.Context.TickContextExtensions$$AddTempComponent<MoveBlockComponent>,True
0x6A990BC,25912,0x3C1B250,33678,ContextualizedECS,Entity,ContextualizedECS.Entity$$GetComponent<IdComponent>,True
0x6A99134,25914,0x68FDC94,1132,MergeEngine.Data,BoardItemPosition,"public void .ctor(int col, int row) { }",True
0x6A993DC,25914,0x3C19C6C,33695,ContextualizedECS.Query,Entities,ContextualizedECS.Query.Entities$$With<BoardTilePositionComponent>,True
0x6A993DC,25914,0x3D64A64,33699,ContextualizedECS.Query,QueryExtensions,"ContextualizedECS.Query.QueryExtensions$$Query<ValueTuple<object, BoardTilePositionComponent>>",True
0x6A993DC,25914,0x5F15D08,33694,,Entities.ExcludeDelegate,"public void .ctor(object object, IntPtr method) { }",True
0x6A99684,25914,0x3C19C6C,33695,ContextualizedECS.Query,Entities,ContextualizedECS.Query.Entities$$With<BoardTilePositionComponent>,True
0x6A99684,25914,0x3D64A64,33699,ContextualizedECS.Query,QueryExtensions,"ContextualizedECS.Query.QueryExtensions$$Query<ValueTuple<object, BoardTilePositionComponent>>",True
0x6A99684,25914,0x5F15D08,33694,,Entities.ExcludeDelegate,"public void .ctor(object object, IntPtr method) { }",True
0x6A99994,25914,0x3C19C6C,33695,ContextualizedECS.Query,Entities,ContextualizedECS.Query.Entities$$With<BoardTilePositionComponent>,True
0x6A99994,25914,0x3D64A64,33699,ContextualizedECS.Query,QueryExtensions,"ContextualizedECS.Query.QueryExtensions$$Query<ValueTuple<object, BoardTilePositionComponent>>",True
0x6A99994,25914,0x5F15D08,33694,,Entities.ExcludeDelegate,"public void .ctor(object object, IntPtr method) { }",True
0x6A9AF14,25984,0x3E5714C,25778,,SystemsZenjectExtension.SystemsBuilderWithContext,Merger.MergeBoard.Systems.SystemsZenjectExtension.SystemsBuilderWithContext$$Register<object>,True
0x6A9AF14,25984,0x5F15454,33691,ContextualizedECS.Systems,SystemsBuilder,public SystemsManager Build() { },True
0x6A9AF14,25984,0x5F15698,33691,ContextualizedECS.Systems,SystemsBuilder,public void .ctor() { },True
0x6A9AF14,25984,0x6A76570,25779,Merger.MergeBoard.Systems,SystemsZenjectExtension,"public static SystemsZenjectExtension.SystemsBuilderWithContext WithContext(SystemsBuilder builder, DiContainer container) { }",True
0x6A9B490,25984,0x3DC33E4,33702,ContextualizedECS.Context,TickArgs,ContextualizedECS.Context.TickArgs$$AddArgument<object>,True
0x6A9B490,25984,0x5F157BC,33702,ContextualizedECS.Context,TickArgs,public void .ctor() { },True
0x6A9B560,25984,0x5F15720,33692,ContextualizedECS.Systems,SystemsManager,"public TickArgs Tick(TickArgs tickArgs, IEntitiesHolder entitiesHolder) { }",True
0x6A9B64C,25984,0x3DC33E4,33702,ContextualizedECS.Context,TickArgs,ContextualizedECS.Context.TickArgs$$AddArgument<object>,True
0x6A9B64C,25984,0x5F157BC,33702,ContextualizedECS.Context,TickArgs,public void .ctor() { },True
0x6A9B738,25984,0x3DC33E4,33702,ContextualizedECS.Context,TickArgs,ContextualizedECS.Context.TickArgs$$AddArgument<object>,True
0x6A9B738,25984,0x5F157BC,33702,ContextualizedECS.Context,TickArgs,public void .ctor() { },True
0x6A9B804,25984,0x3DC33E4,33702,ContextualizedECS.Context,TickArgs,ContextualizedECS.Context.TickArgs$$AddArgument<object>,True
0x6A9B804,25984,0x5F157BC,33702,ContextualizedECS.Context,TickArgs,public void .ctor() { },True
0x6A9B804,25984,0x6A98B30,25912,Merger.MergeBoard.Extensions,MergeBoardEntitiesExtensions,"public static Entity GetEntityAtPosition(IEnumerable<Entity> entities, int position) { }",True
0x6A9BB4C,25984,0x3DC31A8,33702,ContextualizedECS.Context,TickArgs,ContextualizedECS.Context.TickArgs$$AddArgument<IntervalTick>,True
0x6A9BB4C,25984,0x5F157BC,33702,ContextualizedECS.Context,TickArgs,public void .ctor() { },True
0x6A9C09C,26009,0x6A9C0B4,26009,Merger.MergeBoard.Components,LockAdapter,private LockComponent get_LockComponent() { },True
0x6A9C0B4,26009,0x3C1B448,33678,ContextualizedECS,Entity,ContextualizedECS.Entity$$GetComponent<LockComponent>,True
0x6A9C10C,26009,0x6A9C134,26009,Merger.MergeBoard.Components,LockAdapter,private BoxComponent get_BoxComponent() { },True
0x6A9C134,26009,0x3C1AF74,33678,ContextualizedECS,Entity,ContextualizedECS.Entity$$GetComponent<BoxComponent>,True
0x6A9E918,26029,0x3DC33E4,33702,ContextualizedECS.Context,TickArgs,ContextualizedECS.Context.TickArgs$$AddArgument<object>,True
0x6A9E918,26029,0x5F157BC,33702,ContextualizedECS.Context,TickArgs,public void .ctor() { },True
0x6A9E918,26029,0x6A99240,25914,Merger.MergeBoard.Extensions,MergeBoardLayoutExtensions,"public static int GetIndexFromBoardItemPosition(IMergeBoardLayout layout, BoardItemPosition position) { }",True
0x6A9EC04,26031,0x3C1A3AC,33695,ContextualizedECS.Query,Entities,"ContextualizedECS.Query.Entities$$With<CollectableComponent, IdComponent, BornComponent>",True
0x6A9EC04,26031,0x3D656E4,33699,ContextualizedECS.Query,QueryExtensions,"ContextualizedECS.Query.QueryExtensions$$Query<ValueTuple<object, CollectableComponent, IdComponent, BornComponent>>",True
0x6A9EC04,26031,0x3DC47BC,33702,ContextualizedECS.Context,TickArgs,ContextualizedECS.Context.TickArgs$$ContainsArgType<object>,True
0x6A9EC04,26031,0x5F15D08,33694,,Entities.ExcludeDelegate,"public void .ctor(object object, IntPtr method) { }",True
0x6A9EC04,26031,0x6A9F138,26031,Merger.MergeBoard.CoinMultipliers.Systems,CoinMultiplierApplySystem,private void ProcessAllComponents(TickContext context) { },True
0x6A9EC04,26031,0x6A9F5F8,26031,Merger.MergeBoard.CoinMultipliers.Systems,CoinMultiplierApplySystem,"private void ProcessComponent(Entity entity, CollectableComponent collectableComponent, string itemId) { }",True
0x6A9F138,26031,0x3C1A108,33695,ContextualizedECS.Query,Entities,"ContextualizedECS.Query.Entities$$With<CollectableComponent, IdComponent>",True
0x6A9F138,26031,0x3D65284,33699,ContextualizedECS.Query,QueryExtensions,"ContextualizedECS.Query.QueryExtensions$$Query<ValueTuple<object, CollectableComponent, IdComponent>>",True
0x6A9F138,26031,0x5F15D08,33694,,Entities.ExcludeDelegate,"public void .ctor(object object, IntPtr method) { }",True
0x6A9F138,26031,0x6A9F5F8,26031,Merger.MergeBoard.CoinMultipliers.Systems,CoinMultiplierApplySystem,"private void ProcessComponent(Entity entity, CollectableComponent collectableComponent, string itemId) { }",True
0x6A9F5F8,26031,0x3C1C94C,33678,ContextualizedECS,Entity,ContextualizedECS.Entity$$SetComponent<CollectableComponent>,True
0x6ACCCA8,32774,0x3E5714C,25778,,SystemsZenjectExtension.SystemsBuilderWithContext,Merger.MergeBoard.Systems.SystemsZenjectExtension.SystemsBuilderWithContext$$Register<object>,True
0x6ACCCA8,32774,0x5F1530C,33690,ContextualizedECS.Systems,SystemInfoExtensions,public static SystemInfo First(SystemInfo system) { },True
0x6ACCCA8,32774,0x6A76570,25779,Merger.MergeBoard.Systems,SystemsZenjectExtension,"public static SystemsZenjectExtension.SystemsBuilderWithContext WithContext(SystemsBuilder builder, DiContainer container) { }",True
0x6ACCD30,32775,0x3C1AA94,33695,ContextualizedECS.Query,Entities,"ContextualizedECS.Query.Entities$$With<IdComponent, InteractionComponent, BoardTilePositionComponent, ProducerComponent>",True
0x6ACCD30,32775,0x3C1D180,33678,ContextualizedECS,Entity,ContextualizedECS.Entity$$SetComponent<InteractionComponent>,True
0x6ACCD30,32775,0x3D66364,33699,ContextualizedECS.Query,QueryExtensions,"ContextualizedECS.Query.QueryExtensions$$Query<ValueTuple<object, IdComponent, InteractionComponent, BoardTilePositionComponent, ProducerComponent>>",True
0x6ACCD30,32775,0x3DC5020,33702,ContextualizedECS.Context,TickArgs,ContextualizedECS.Context.TickArgs$$TryGet<object>,True
0x6ACCD30,32775,0x5F15D08,33694,,Entities.ExcludeDelegate,"public void .ctor(object object, IntPtr method) { }",True
0x6ACEA18,32791,0x6ACE868,32791,Merger.MergeBoard.PowerBoost.Services,PowerBoostModesCalculator,private BindableProperty<int> get_EnergyResource() { },True
0x6ACEA18,32791,0x6ACEBB4,32791,Merger.MergeBoard.PowerBoost.Services,PowerBoostModesCalculator,private void CalculateAvailableBoostsByLevel() { },True
0x6ACEA18,32791,0x6ACEEBC,32791,Merger.MergeBoard.PowerBoost.Services,PowerBoostModesCalculator,private void CalculatePlayableBoosts() { },True
0x6ACEAEC,32791,0x6ACEBB4,32791,Merger.MergeBoard.PowerBoost.Services,PowerBoostModesCalculator,private void CalculateAvailableBoostsByLevel() { },True
0x6ACEB04,32791,0x6ACE868,32791,Merger.MergeBoard.PowerBoost.Services,PowerBoostModesCalculator,private BindableProperty<int> get_EnergyResource() { },True
0x6ACEBB4,32791,0x6AD00C8,32791,Merger.MergeBoard.PowerBoost.Services,PowerBoostModesCalculator,private List<BoostModeConfig> GetBoostConfigsForLevel() { },True
0x6ACEEBC,32791,0x6ACE868,32791,Merger.MergeBoard.PowerBoost.Services,PowerBoostModesCalculator,private BindableProperty<int> get_EnergyResource() { },True
0x6ACEEBC,32791,0x6AD00C8,32791,Merger.MergeBoard.PowerBoost.Services,PowerBoostModesCalculator,private List<BoostModeConfig> GetBoostConfigsForLevel() { },True
0x6ACF2D4,32791,0x6ACF520,32791,Merger.MergeBoard.PowerBoost.Services,PowerBoostModesCalculator,public IReadOnlyList<int> GetUnlockableBoosts() { },True
0x6ACF6A4,32791,0x6ACEBB4,32791,Merger.MergeBoard.PowerBoost.Services,PowerBoostModesCalculator,private void CalculateAvailableBoostsByLevel() { },True
0x6ACF6A4,32791,0x6ACEEBC,32791,Merger.MergeBoard.PowerBoost.Services,PowerBoostModesCalculator,private void CalculatePlayableBoosts() { },True
0x6ACF9A4,32791,0x6ACE93C,32791,Merger.MergeBoard.PowerBoost.Services,PowerBoostModesCalculator,public int get_MaxAvailableBoost() { },True
0x6ACFBF8,32791,0x6ACFDB0,32791,Merger.MergeBoard.PowerBoost.Services,PowerBoostModesCalculator,public int CalculateNextBoost() { },True
0x6AD07A8,32792,0x6AD0950,32792,Merger.MergeBoard.PowerBoost.Services,PowerBoostPersistanceService,private void LoadData() { },True
0x6AD0950,32792,0x6AD0FCC,32803,Merger.MergeBoard.PowerBoost.Data,LocalPlayerPersistentPowerBoostData,public void .ctor() { },True
0x6AD0D48,32792,0x6AD0950,32792,Merger.MergeBoard.PowerBoost.Services,PowerBoostPersistanceService,private void LoadData() { },True
0x6AD1054,32792,0x6AD0950,32792,Merger.MergeBoard.PowerBoost.Services,PowerBoostPersistanceService,private void LoadData() { },True
0x6AD1114,32792,0x6AD0950,32792,Merger.MergeBoard.PowerBoost.Services,PowerBoostPersistanceService,private void LoadData() { },True
0x6AD15B8,32793,0x6AD13C4,32793,Merger.MergeBoard.PowerBoost.Providers,MergeBoardPowerBoostDataProvider,public int get_CurrentPowerBoost() { },True
0x6AD16E4,32793,0x6AD13C4,32793,Merger.MergeBoard.PowerBoost.Providers,MergeBoardPowerBoostDataProvider,public int get_CurrentPowerBoost() { },True
0x6AD16E4,32793,0x6AD1518,32793,Merger.MergeBoard.PowerBoost.Providers,MergeBoardPowerBoostDataProvider,public int get_MaxAvailableBoost() { },True
0x6AD1CC0,32796,0x6AD1C64,32796,Merger.MergeBoard.PowerBoost.Models,PowerBoostModel,public bool get_HasConfiguration() { },True
0x6AD3834,32806,0x3C1AE90,33678,ContextualizedECS,Entity,ContextualizedECS.Entity$$GetComponent<BoardTilePositionComponent>,True
0x6AD3834,32806,0x3C1B250,33678,ContextualizedECS,Entity,ContextualizedECS.Entity$$GetComponent<IdComponent>,True
0x6AD3834,32806,0x6010918,1453,MergeEngine.Configuration.Capabilities,ItemsSpawningCapability,public List<IMergeItem> GetSpawningList() { },True
0x6AD41F4,32807,0x3C1B250,33678,ContextualizedECS,Entity,ContextualizedECS.Entity$$GetComponent<IdComponent>,True
0x6AD4EFC,33617,0x68C97BC,10570,Framework.Core.Services,ServiceBase,protected virtual void InitializeService() { },True
0x6AD4EFC,33617,0x6AD5000,33625,Merger.ProducerExcitement.Services.ChannelListeners,ProducerExcitementCreatedChannelListener,"public void .ctor(ISignalBus signalBus, IJsonService jsonService, IGameSessionModel gameSessionModel) { }",True
0x6AD5FA0,33624,0x68C97BC,10570,Framework.Core.Services,ServiceBase,protected virtual void InitializeService() { },True
0x6AD6138,33624,0x6AD62D8,33624,Merger.ProducerExcitement.Services,ProducerExcitementService,private void UnregisterAllCycleTimers() { },True
0x6AD6540,33624,0x6659DC0,919,MergeEngine.ECS.Systems.Board,BoardSystem,public bool get_IsFull() { },True
0x6AD6540,33624,0x6669C6C,919,MergeEngine.ECS.Systems.Board,BoardSystem,"public BoardItemPosition GetClosestAvailablePositionTo(BoardItemPosition boardItemPosition, BoardItemPosition[] ignorePositions) { }",True
0x6AD6540,33624,0x6AD5D00,33624,Merger.ProducerExcitement.Services,ProducerExcitementService,private BoardSystem get_BoardSystem() { },True
0x6AD6540,33624,0x6AD6920,33624,Merger.ProducerExcitement.Services,ProducerExcitementService,"private bool TryGetExcitementPosition(BoardItemPosition originalItemPosition, out BoardItemPosition excitementPosition) { }",True
0x6AD6540,33624,0x6AD6B7C,33624,Merger.ProducerExcitement.Services,ProducerExcitementService,"private ProducerExcitementItemResponse ConsumeExcitementForProducer(string producerId, out int claimedExcitementId) { }",True
0x6AD6540,33624,0x6AD7550,33624,Merger.ProducerExcitement.Services,ProducerExcitementService,"private Entity CreateExcitementEntity(string itemId, BoardItemPosition position) { }",True
0x6AD6540,33624,0x6AD76D8,33624,Merger.ProducerExcitement.Services,ProducerExcitementService,"private void ReportGhostModeInteraction(Entity excitementEntity, Entity producerEntity, IMergeItem producerItem, int excitementId) { }",True
0x6AD6920,33624,0x6659DC0,919,MergeEngine.ECS.Systems.Board,BoardSystem,public bool get_IsFull() { },True
0x6AD6920,33624,0x666764C,919,MergeEngine.ECS.Systems.Board,BoardSystem,public ReadOnlyCollection<BoardItemPosition> get_EmptyPositions() { },True
0x6AD6920,33624,0x6669C6C,919,MergeEngine.ECS.Systems.Board,BoardSystem,"public BoardItemPosition GetClosestAvailablePositionTo(BoardItemPosition boardItemPosition, BoardItemPosition[] ignorePositions) { }",True
0x6AD6920,33624,0x666AB4C,919,MergeEngine.ECS.Systems.Board,BoardSystem,"public List<BoardItemPosition> GetAdjascentPositions(BoardItemPosition position, bool includeDiagonal, Func<BoardItemPosition, bool> includePredicate) { }",True
0x6AD6920,33624,0x6AD5D00,33624,Merger.ProducerExcitement.Services,ProducerExcitementService,private BoardSystem get_BoardSystem() { },True
0x6AD6B7C,33624,0x6AD5C20,33624,Merger.ProducerExcitement.Services,ProducerExcitementService,private OrdersSystem get_OrdersSystem() { },True
0x6AD6B7C,33624,0x6AD5EC0,33624,Merger.ProducerExcitement.Services,ProducerExcitementService,private PowerBoostSystem get_PowerBoostSystem() { },True
0x6AD7550,33624,0x6913BC8,1186,MergeEngine.Configuration,MergeItemInstanceConfiguration,"public static MergeItemInstanceConfiguration CreateBoardConfiguration(BoardItemPosition position, Nullable<ItemOrigin> itemOrigin, LockedCapability lockedCapability, string uuid) { }",True
0x6AD76D8,33624,0x3C20D84,588,MergeEngine.ECS,Entity,MergeEngine.ECS.Entity$$GetComponent<object>,True
0x6AD76D8,33624,0x3D4062C,9785,Merger.Services.Backend.WebSocket,OperationTrackingSystem,Merger.Services.Backend.WebSocket.OperationTrackingSystem$$TrackInteractionOperation<object>,True
0x6AD76D8,33624,0x6AD5DE0,33624,Merger.ProducerExcitement.Services,ProducerExcitementService,private OperationTrackingSystem get_OperationTrackingSystem() { },True
0x6AD76D8,33624,0x6AD7C18,33624,Merger.ProducerExcitement.Services,ProducerExcitementService,private string GetMaxLevelPrimaryProducerIdOnBoard(IMergeItem producerItem) { },True
0x6AD7C18,33624,0x666AF0C,919,MergeEngine.ECS.Systems.Board,BoardSystem,public bool IsUnlockedItemOnBoard(string itemId) { },True
0x6AD7C18,33624,0x6AD5D00,33624,Merger.ProducerExcitement.Services,ProducerExcitementService,private BoardSystem get_BoardSystem() { },True
0x6AD80C0,33624,0x6AD8184,33624,Merger.ProducerExcitement.Services,ProducerExcitementService,private void RegisterCycleEndTimer(long cycleEndDate) { },True
0x6AD8DE4,33627,0x6AD9334,33627,Merger.ProducerExcitement.Models,ProducerExcitementModel,"private void SetVisibilityMode(int excitementClaimId, ExcitementVisibility visibility) { }",True
0x6AD91BC,33627,0x68B2E90,10424,Framework.Core,Base,protected virtual void SubscribeToSignals() { },True
0x6AD926C,33627,0x68B2E94,10424,Framework.Core,Base,protected virtual void UnsubscribeFromSignals() { },True
0x6B489A4,32826,0x3DC5020,33702,ContextualizedECS.Context,TickArgs,ContextualizedECS.Context.TickArgs$$TryGet<object>,True
0x6B489A4,32826,0x6B48A30,32826,Merger.TimeLimitedItems.Systems,TimeLimitedItemsCleanUpSystem,"private void CleanUpEntities(TickContext context, List<Entity> entities) { }",True
0x6B48A30,32826,0x3DC33E4,33702,ContextualizedECS.Context,TickArgs,ContextualizedECS.Context.TickArgs$$AddArgument<object>,True
0x6B48A30,32826,0x6A98F6C,25912,Merger.MergeBoard.Extensions,MergeBoardEntitiesExtensions,"public static void RemoveEntity(TickContext tickContext, Entity entity) { }",True
0x6B49684,32835,0x3C1EDCC,33678,ContextualizedECS,Entity,ContextualizedECS.Entity$$TryGetComponent<IdComponent>,True
0x6B4B8E4,32845,0x6B4B694,32846,Merger.TimeLimitedItems.Handlers,TimeLimitedItemsBoardMiniGameCleanUpHandler,private void ExtractQueuedItems(List<QueuedItem> queuedItemsToDestroy) { },True
0x6B4BC88,32848,0x6B4BA18,32848,Merger.TimeLimitedItems.Handlers,TimeLimitedItemsControllerCleanupHandler,private bool get_HasConnectedActiveBoardMiniGame() { },True
0x6B4BC88,32848,0x6B4BB40,32848,Merger.TimeLimitedItems.Handlers,TimeLimitedItemsControllerCleanupHandler,private bool get_HasRelatedActivePendingBoardMiniGame() { },True
0x6B4BD7C,32848,0x68B2E90,10424,Framework.Core,Base,protected virtual void SubscribeToSignals() { },True
0x6B4C72C,32850,0x6B4C9A8,32850,Merger.TimeLimitedItems.Handlers,TimeLimitedItemsDestroyOperationsBuilder,private List<MergeBoardItemNotificationData> BuildBoardItemNotificationData(List<Entity> entities) { },True
0x6B4C72C,32850,0x6B4CC00,32850,Merger.TimeLimitedItems.Handlers,TimeLimitedItemsDestroyOperationsBuilder,private List<MergeBoardItemNotificationData> BuildQueueItemNotificationData(List<QueuedItem> queuedItems) { },True
0x6B4CD94,32849,0x6A9AECC,25982,Merger.MergeBoard.Data.Payload,MergeBoardItemNotificationData,public void .ctor() { },True
0x6B4D92C,32854,0x3D73D84,10924,Framework.Core.Services.Backend.Repositories,RepositoryBase,Framework.Core.Services.Backend.Repositories.RepositoryBase$$MakeWebsocketRequest<object>,True
0x6B4D92C,32854,0x6B4DC50,32857,Merger.TimeLimitedItems.Data,TimeLimitedItemsCleanupPayload,"public void .ctor(string eventId, OperationNotificationData[] boardOperations) { }",True
0x6B4DD40,32855,0x3E5714C,25778,,SystemsZenjectExtension.SystemsBuilderWithContext,Merger.MergeBoard.Systems.SystemsZenjectExtension.SystemsBuilderWithContext$$Register<object>,True
0x6B4DD40,32855,0x5F1530C,33690,ContextualizedECS.Systems,SystemInfoExtensions,public static SystemInfo First(SystemInfo system) { },True
0x6B4DD40,32855,0x6A76570,25779,Merger.MergeBoard.Systems,SystemsZenjectExtension,"public static SystemsZenjectExtension.SystemsBuilderWithContext WithContext(SystemsBuilder builder, DiContainer container) { }",True
0x6B4E424,32864,0x51BAC70,6441,Merger.RemoteLiveOps.Controllers,EventControllerBase<TEventData>,Merger.RemoteLiveOps.Controllers.EventControllerBase<object>$$get_CurrentServerTimeMS,True
0x6B4E554,32864,0x51BAF28,6441,Merger.RemoteLiveOps.Controllers,EventControllerBase<TEventData>,Merger.RemoteLiveOps.Controllers.EventControllerBase<object>$$OnInitialized,True
0x6B4E554,32864,0x6B4E4B4,32864,Merger.TimeLimitedItems.Controllers,TimeLimitedItemsEventController,private bool get_IsInCompensationPeriod() { },True
0x6B4E554,32864,0x6B4E504,32864,Merger.TimeLimitedItems.Controllers,TimeLimitedItemsEventController,private bool get_IsInCleanupPhase() { },True
0x6B4E554,32864,0x6B4E744,32864,Merger.TimeLimitedItems.Controllers,TimeLimitedItemsEventController,private void RegisterPopupTriggers() { },True
0x6B4E83C,32864,0x51BCA88,6441,Merger.RemoteLiveOps.Controllers,EventControllerBase<TEventData>,Merger.RemoteLiveOps.Controllers.EventControllerBase<object>$$EventReadyForActivation,True
0x6B4E91C,32864,0x6B4E3D8,32864,Merger.TimeLimitedItems.Controllers,TimeLimitedItemsEventController,private bool get_IsEventDataValid() { },True
0x6B4E91C,32864,0x6B4EBB8,32864,Merger.TimeLimitedItems.Controllers,TimeLimitedItemsEventController,private void EnablePopupTriggers() { },True
0x6B4EC68,32864,0x51BAF68,6441,Merger.RemoteLiveOps.Controllers,EventControllerBase<TEventData>,Merger.RemoteLiveOps.Controllers.EventControllerBase<object>$$OnAfterAssetsDownloaded,True
0x6B4EC68,32864,0x6B4E4B4,32864,Merger.TimeLimitedItems.Controllers,TimeLimitedItemsEventController,private bool get_IsInCompensationPeriod() { },True
0x6B4EC68,32864,0x6B4E504,32864,Merger.TimeLimitedItems.Controllers,TimeLimitedItemsEventController,private bool get_IsInCleanupPhase() { },True
0x6B4F028,32864,0x51BCA18,6441,Merger.RemoteLiveOps.Controllers,EventControllerBase<TEventData>,Merger.RemoteLiveOps.Controllers.EventControllerBase<object>$$Tick,True
0x6B4F028,32864,0x6B4E424,32864,Merger.TimeLimitedItems.Controllers,TimeLimitedItemsEventController,private bool get_IsEventTimeExpired() { },True
0x6B4F028,32864,0x6B4E504,32864,Merger.TimeLimitedItems.Controllers,TimeLimitedItemsEventController,private bool get_IsInCleanupPhase() { },True
0x6B4F09C,32864,0x6B4E504,32864,Merger.TimeLimitedItems.Controllers,TimeLimitedItemsEventController,private bool get_IsInCleanupPhase() { },True
0x6B4F348,32864,0x51BB144,6441,Merger.RemoteLiveOps.Controllers,EventControllerBase<TEventData>,Merger.RemoteLiveOps.Controllers.EventControllerBase<object>$$EndEvent,True
0x6B4F348,32864,0x6B4F4F4,32864,Merger.TimeLimitedItems.Controllers,TimeLimitedItemsEventController,private void DisposeEventInProgress() { },True
0x6B4F348,32864,0x6B4F598,32864,Merger.TimeLimitedItems.Controllers,TimeLimitedItemsEventController,private void UnregisterPopupTriggers() { },True
