source_file,namespace,type,typedef_index,field_declaration_and_offset
code/AssetRipper_generated_CSharp/Assembly-CSharp/ButterflyWorkShopConfig.cs,,ButterflyWorkShopConfig,180,private int <Id>k__BackingField; // 0x8
code/AssetRipper_generated_CSharp/Assembly-CSharp/ButterflyWorkShopConfig.cs,,ButterflyWorkShopConfig,180,private int <LineId>k__BackingField; // 0xC
code/AssetRipper_generated_CSharp/Assembly-CSharp/ButterflyWorkShopConfig.cs,,ButterflyWorkShopConfig,180,private List<int> <InitItems>k__BackingField; // 0x10
code/AssetRipper_generated_CSharp/Assembly-CSharp/ButterflyWorkShopConfig.cs,,ButterflyWorkShopConfig,180,private List<int> <OutPut>k__BackingField; // 0x14
code/AssetRipper_generated_CSharp/Assembly-CSharp/ButterflyWorkShopConfig.cs,,ButterflyWorkShopConfig,180,private List<int> <Weight>k__BackingField; // 0x18
code/AssetRipper_generated_CSharp/Assembly-CSharp/ButterflyWorkShopConfig.cs,,ButterflyWorkShopConfig,180,private int <MaxWeight>k__BackingField; // 0x1C
code/AssetRipper_generated_CSharp/Assembly-CSharp/ButterflyWorkShopConfig.cs,,ButterflyWorkShopConfig,180,private List<int> <RewardId>k__BackingField; // 0x20
code/AssetRipper_generated_CSharp/Assembly-CSharp/ButterflyWorkShopConfig.cs,,ButterflyWorkShopConfig,180,private List<int> <RewardNum>k__BackingField; // 0x24
code/AssetRipper_generated_CSharp/Assembly-CSharp/ButterflyWorkShopProductAttenuationConfig.cs,,ButterflyWorkShopProductAttenuationConfig,182,private int <Id>k__BackingField; // 0x8
code/AssetRipper_generated_CSharp/Assembly-CSharp/ButterflyWorkShopProductAttenuationConfig.cs,,ButterflyWorkShopProductAttenuationConfig,182,private int <ProductCount>k__BackingField; // 0xC
code/AssetRipper_generated_CSharp/Assembly-CSharp/ButterflyWorkShopProductAttenuationConfig.cs,,ButterflyWorkShopProductAttenuationConfig,182,private float <TotalWeightMulti>k__BackingField; // 0x10
code/AssetRipper_generated_CSharp/Assembly-CSharp/ButterflyWorkShopModel.cs,,ButterflyWorkShopModel.<>c,187,public static readonly ButterflyWorkShopModel.<>c <>9; // 0x0
code/AssetRipper_generated_CSharp/Assembly-CSharp/ButterflyWorkShopModel.cs,,ButterflyWorkShopModel.<>c,187,public static Action <>9__42_0; // 0x4
code/AssetRipper_generated_CSharp/Assembly-CSharp/ButterflyWorkShopModel.cs,,ButterflyWorkShopModel.<>c,187,public static Predicate<StageRewardConfig> <>9__57_0; // 0x8
code/AssetRipper_generated_CSharp/Assembly-CSharp/ButterflyWorkShopModel.cs,,ButterflyWorkShopModel.<>c__DisplayClass13_0,188,public int level; // 0x8
code/AssetRipper_generated_CSharp/Assembly-CSharp/ButterflyWorkShopModel.cs,,ButterflyWorkShopModel.<>c__DisplayClass38_0,189,public Vector3 position; // 0x8
code/AssetRipper_generated_CSharp/Assembly-CSharp/ButterflyWorkShopModel.cs,,ButterflyWorkShopModel.<>c__DisplayClass38_0,189,public Action action; // 0x14
code/AssetRipper_generated_CSharp/Assembly-CSharp/ButterflyWorkShopModel.cs,,ButterflyWorkShopModel.<>c__DisplayClass42_0,190,public Vector3 position; // 0x8
code/AssetRipper_generated_CSharp/Assembly-CSharp/ButterflyWorkShopModel.cs,,ButterflyWorkShopModel.<>c__DisplayClass42_0,190,public Action action; // 0x14
code/AssetRipper_generated_CSharp/Assembly-CSharp/ButterflyWorkShopModel.cs,,ButterflyWorkShopModel.<>c__DisplayClass47_0,191,public TableShop tableShop; // 0x8
code/AssetRipper_generated_CSharp/Assembly-CSharp/ButterflyWorkShopModel.cs,,ButterflyWorkShopModel.<>c__DisplayClass48_0,192,public ButterflyWorkShopModel <>4__this; // 0x8
code/AssetRipper_generated_CSharp/Assembly-CSharp/ButterflyWorkShopModel.cs,,ButterflyWorkShopModel.<>c__DisplayClass48_0,192,public List<ResData> listResData; // 0xC
code/AssetRipper_generated_CSharp/Assembly-CSharp/ButterflyWorkShopModel.cs,,ButterflyWorkShopModel.<>c__DisplayClass58_0,193,public int index; // 0x8
code/AssetRipper_generated_CSharp/Assembly-CSharp/ButterflyWorkShopModel.cs,,ButterflyWorkShopModel.<>c__DisplayClass59_0,194,public ButterflyWorkShopModel <>4__this; // 0x8
code/AssetRipper_generated_CSharp/Assembly-CSharp/ButterflyWorkShopModel.cs,,ButterflyWorkShopModel.<>c__DisplayClass59_0,194,public int type; // 0xC
code/AssetRipper_generated_CSharp/Assembly-CSharp/ButterflyWorkShopModel.cs,,ButterflyWorkShopModel.<>c__DisplayClass62_0,195,public ButterflyWorkShopModel <>4__this; // 0x8
code/AssetRipper_generated_CSharp/Assembly-CSharp/ButterflyWorkShopModel.cs,,ButterflyWorkShopModel.<>c__DisplayClass62_0,195,public TaskCompletionSource<bool> taskRewardCollect; // 0xC
code/AssetRipper_generated_CSharp/Assembly-CSharp/ButterflyWorkShopModel.cs,,ButterflyWorkShopModel.<OnNewItem>d__64,196,public int <>1__state; // 0x0
code/AssetRipper_generated_CSharp/Assembly-CSharp/ButterflyWorkShopModel.cs,,ButterflyWorkShopModel.<OnNewItem>d__64,196,public AsyncVoidMethodBuilder <>t__builder; // 0x4
code/AssetRipper_generated_CSharp/Assembly-CSharp/ButterflyWorkShopModel.cs,,ButterflyWorkShopModel.<OnNewItem>d__64,196,public ButterflyWorkShopModel <>4__this; // 0x14
code/AssetRipper_generated_CSharp/Assembly-CSharp/ButterflyWorkShopModel.cs,,ButterflyWorkShopModel.<OnNewItem>d__64,196,public int id; // 0x18
code/AssetRipper_generated_CSharp/Assembly-CSharp/ButterflyWorkShopModel.cs,,ButterflyWorkShopModel.<OnNewItem>d__64,196,public int index; // 0x1C
code/AssetRipper_generated_CSharp/Assembly-CSharp/ButterflyWorkShopModel.cs,,ButterflyWorkShopModel.<OnUseItem>d__62,197,public int <>1__state; // 0x0
code/AssetRipper_generated_CSharp/Assembly-CSharp/ButterflyWorkShopModel.cs,,ButterflyWorkShopModel.<OnUseItem>d__62,197,public AsyncVoidMethodBuilder <>t__builder; // 0x4
code/AssetRipper_generated_CSharp/Assembly-CSharp/ButterflyWorkShopModel.cs,,ButterflyWorkShopModel.<OnUseItem>d__62,197,public ButterflyWorkShopModel <>4__this; // 0x14
code/AssetRipper_generated_CSharp/Assembly-CSharp/ButterflyWorkShopModel.cs,,ButterflyWorkShopModel.<OnUseItem>d__62,197,public int id; // 0x18
code/AssetRipper_generated_CSharp/Assembly-CSharp/ButterflyWorkShopModel.cs,,ButterflyWorkShopModel.<OnUseItem>d__62,197,public int index; // 0x1C
code/AssetRipper_generated_CSharp/Assembly-CSharp/ButterflyWorkShopModel.cs,,ButterflyWorkShopModel.<OnUseItem>d__62,197,private ButterflyWorkShopModel.<>c__DisplayClass62_0 <>8__1; // 0x20
code/AssetRipper_generated_CSharp/Assembly-CSharp/ButterflyWorkShopModel.cs,,ButterflyWorkShopModel.<OnUseItem>d__62,197,private List<ResData> <rewardsList>5__2; // 0x24
code/AssetRipper_generated_CSharp/Assembly-CSharp/ButterflyWorkShopModel.cs,,ButterflyWorkShopModel.<OnUseItem>d__62,197,private int <targetIndex>5__3; // 0x28
code/AssetRipper_generated_CSharp/Assembly-CSharp/ButterflyWorkShopModel.cs,,ButterflyWorkShopModel.<OnUseItem>d__62,197,private GameBIManager.ItemChangeReasonArgs <reasonArgs>5__4; // 0x30
code/AssetRipper_generated_CSharp/Assembly-CSharp/ButterflyWorkShopModel.cs,,ButterflyWorkShopModel.<OnUseItem>d__62,197,private TaskAwaiter <>u__1; // 0x50
code/AssetRipper_generated_CSharp/Assembly-CSharp/ButterflyWorkShopModel.cs,,ButterflyWorkShopModel.<OnUseItem>d__62,197,private TaskAwaiter<bool> <>u__2; // 0x54
code/AssetRipper_generated_CSharp/Assembly-CSharp/ButterflyWorkShopModel.cs,,ButterflyWorkShopModel,198,public static bool InGuideChain; // 0x0
code/AssetRipper_generated_CSharp/Assembly-CSharp/ButterflyWorkShopModel.cs,,ButterflyWorkShopModel,198,public const int BOARD_WIDTH = 5;
code/AssetRipper_generated_CSharp/Assembly-CSharp/ButterflyWorkShopModel.cs,,ButterflyWorkShopModel,198,public const int BOARD_HEIGHT = 2;
code/AssetRipper_generated_CSharp/Assembly-CSharp/ButterflyWorkShopModel.cs,,ButterflyWorkShopModel,198,private static ButterflyWorkShopModel _instance; // 0x4
code/AssetRipper_generated_CSharp/Assembly-CSharp/ButterflyWorkShopModel.cs,,ButterflyWorkShopModel,198,"private Dictionary<int, TableMergeItem> _mergeItemDictionary; // 0x3C"
code/AssetRipper_generated_CSharp/Assembly-CSharp/ButterflyWorkShopModel.cs,,ButterflyWorkShopModel,198,public int UnSetItemsCount; // 0x40
code/AssetRipper_generated_CSharp/Assembly-CSharp/ButterflyWorkShopModel.cs,,ButterflyWorkShopModel,198,public const ulong Offset = 0;
code/AssetRipper_generated_CSharp/Assembly-CSharp/ButterflyWorkShopModel.cs,,ButterflyWorkShopModel,198,private static GameObject _flyItemObj; // 0x8
code/AssetRipper_generated_CSharp/Assembly-CSharp/ButterflyWorkShopModel.cs,,ButterflyWorkShopModel,198,private static GameObject _butterFly; // 0xC
code/AssetRipper_generated_CSharp/Assembly-CSharp/ButterflyWorkShopModel.cs,,ButterflyWorkShopModel,198,private static string coolTimeKey; // 0x10
code/AssetRipper_generated_CSharp/Assembly-CSharp/ButterflyWorkShopModel.cs,,ButterflyWorkShopModel,198,public bool IsInUseItem; // 0x44
code/AssetRipper_generated_CSharp/Assembly-CSharp/CatSwimmingModel.cs,,CatSwimmingModel.<>c__DisplayClass47_0,263,public TableMergeItem tableMergeItem; // 0x8
code/AssetRipper_generated_CSharp/Assembly-CSharp/CatSwimmingModel.cs,,CatSwimmingModel.<>c__DisplayClass48_0,264,public int seat; // 0x8
code/AssetRipper_generated_CSharp/Assembly-CSharp/CatSwimmingModel.cs,,CatSwimmingModel.<>c__DisplayClass49_0,265,public StorageOrderItem storageOrderItem; // 0x8
code/AssetRipper_generated_CSharp/Assembly-CSharp/CatSwimmingModel.cs,,CatSwimmingModel.<>c__DisplayClass50_0,266,public Game_CatSwimming gameCatSwimming; // 0x8
code/AssetRipper_generated_CSharp/Assembly-CSharp/CatSwimmingModel.cs,,CatSwimmingModel.<>c__DisplayClass50_0,266,public int count; // 0xC
code/AssetRipper_generated_CSharp/Assembly-CSharp/CatSwimmingModel.cs,,CatSwimmingModel.<>c__DisplayClass50_0,266,public List<TaskCompletionSource<bool>> addValueTask; // 0x10
code/AssetRipper_generated_CSharp/Assembly-CSharp/CatSwimmingModel.cs,,CatSwimmingModel.<>c__DisplayClass51_0,267,public int count; // 0x8
code/AssetRipper_generated_CSharp/Assembly-CSharp/CatSwimmingModel.cs,,CatSwimmingModel.<>c__DisplayClass51_0,267,public List<TaskCompletionSource<bool>> addValueTask; // 0xC
code/AssetRipper_generated_CSharp/Assembly-CSharp/CatSwimmingModel.cs,,CatSwimmingModel.<>c__DisplayClass53_0,268,public Vector3 endPos; // 0x8
code/AssetRipper_generated_CSharp/Assembly-CSharp/CatSwimmingModel.cs,,CatSwimmingModel.<>c__DisplayClass53_0,268,public CatSwimmingModel <>4__this; // 0x14
code/AssetRipper_generated_CSharp/Assembly-CSharp/CatSwimmingModel.cs,,CatSwimmingModel.<>c__DisplayClass53_0,268,public Action endCall; // 0x18
code/AssetRipper_generated_CSharp/Assembly-CSharp/CatSwimmingModel.cs,,CatSwimmingModel.<>c__DisplayClass53_1,269,public int ind; // 0x8
code/AssetRipper_generated_CSharp/Assembly-CSharp/CatSwimmingModel.cs,,CatSwimmingModel.<>c__DisplayClass53_1,269,public CatSwimmingModel.<>c__DisplayClass53_0 CS$<>8__locals1; // 0xC
code/AssetRipper_generated_CSharp/Assembly-CSharp/CatSwimmingModel.cs,,CatSwimmingModel.<AddActivityScore>d__50,270,public int <>1__state; // 0x0
code/AssetRipper_generated_CSharp/Assembly-CSharp/CatSwimmingModel.cs,,CatSwimmingModel.<AddActivityScore>d__50,270,public AsyncVoidMethodBuilder <>t__builder; // 0x4
code/AssetRipper_generated_CSharp/Assembly-CSharp/CatSwimmingModel.cs,,CatSwimmingModel.<AddActivityScore>d__50,270,public int count; // 0x14
code/AssetRipper_generated_CSharp/Assembly-CSharp/CatSwimmingModel.cs,,CatSwimmingModel.<AddActivityScore>d__50,270,public CatSwimmingModel <>4__this; // 0x18
code/AssetRipper_generated_CSharp/Assembly-CSharp/CatSwimmingModel.cs,,CatSwimmingModel.<AddActivityScore>d__50,270,public Vector3 srcPos; // 0x1C
code/AssetRipper_generated_CSharp/Assembly-CSharp/CatSwimmingModel.cs,,CatSwimmingModel.<AddScore>d__35,271,public int <>1__state; // 0x0
code/AssetRipper_generated_CSharp/Assembly-CSharp/CatSwimmingModel.cs,,CatSwimmingModel.<AddScore>d__35,271,public AsyncVoidMethodBuilder <>t__builder; // 0x4
code/AssetRipper_generated_CSharp/Assembly-CSharp/CatSwimmingModel.cs,,CatSwimmingModel.<AddScore>d__35,271,public CatSwimmingModel <>4__this; // 0x14
code/AssetRipper_generated_CSharp/Assembly-CSharp/CatSwimmingModel.cs,,CatSwimmingModel.<AddScore>d__35,271,public int score; // 0x18
code/AssetRipper_generated_CSharp/Assembly-CSharp/CatSwimmingModel.cs,,CatSwimmingModel.<AddScore>d__35,271,public List<TaskCompletionSource<bool>> addValueTask; // 0x1C
code/AssetRipper_generated_CSharp/Assembly-CSharp/CatSwimmingModel.cs,,CatSwimmingModel.<AddScore>d__35,271,private TaskAwaiter<bool> <>u__1; // 0x20
code/AssetRipper_generated_CSharp/Assembly-CSharp/CatSwimmingModel.cs,,CatSwimmingModel,272,private static CatSwimmingModel _instance; // 0x0
code/AssetRipper_generated_CSharp/Assembly-CSharp/CatSwimmingModel.cs,,CatSwimmingModel,272,private int _lastCurLevel; // 0x3C
code/AssetRipper_generated_CSharp/Assembly-CSharp/CatSwimmingModel.cs,,CatSwimmingModel,272,private int _lastTotalLevel; // 0x40
code/AssetRipper_generated_CSharp/Assembly-CSharp/CatSwimmingModel.cs,,CatSwimmingModel,272,private int _curLevel; // 0x44
code/AssetRipper_generated_CSharp/Assembly-CSharp/CatSwimmingModel.cs,,CatSwimmingModel,272,private int _totalLevel; // 0x48
code/AssetRipper_generated_CSharp/Assembly-CSharp/CatSwimmingModel.cs,,CatSwimmingModel,272,private bool LoopCreateStorage; // 0x4C
code/AssetRipper_generated_CSharp/Assembly-CSharp/CatSwimmingModel.cs,,CatSwimmingModel,272,private List<TaskCompletionSource<bool>> AddScoreAsyncLock; // 0x50
code/AssetRipper_generated_CSharp/Assembly-CSharp/CatSwimmingModel.cs,,CatSwimmingModel,272,private bool AddScoreInAsync; // 0x54
code/AssetRipper_generated_CSharp/Assembly-CSharp/CatSwimmingModel.cs,,CatSwimmingModel,272,"private Dictionary<int, CatSwimmingProductConfig> _CatSwimmingProductConfig; // 0x58"
code/AssetRipper_generated_CSharp/Assembly-CSharp/CatSwimmingModel.cs,,CatSwimmingModel,272,private bool _isFlyCollection; // 0x5C
code/AssetRipper_generated_CSharp/Assembly-CSharp/CatSwimmingModel.cs,,CatSwimmingModel,272,private bool _lastActivityOpenState; // 0x5D
code/AssetRipper_generated_CSharp/Assembly-CSharp/CatSwimmingModel.cs,,CatSwimmingModel,272,"public Dictionary<int, CatSwimmingConfig> CatSwimmingDictionary; // 0x60"
code/AssetRipper_generated_CSharp/Assembly-CSharp/CatSwimmingModel.cs,,CatSwimmingModel,272,public int MaxLevel; // 0x64
code/AssetRipper_generated_CSharp/Assembly-CSharp/CatSwimmingModel.cs,,CatSwimmingModel,272,public int MinLevel; // 0x68
code/AssetRipper_generated_CSharp/Assembly-CSharp/CatSwimmingModel.cs,,CatSwimmingModel,272,public int MaxScore; // 0x6C
code/AssetRipper_generated_CSharp/Assembly-CSharp/FishCultureModel.cs,,FishCultureModel.<>c,544,public static readonly FishCultureModel.<>c <>9; // 0x0
code/AssetRipper_generated_CSharp/Assembly-CSharp/FishCultureModel.cs,,FishCultureModel.<>c,544,public static Action <>9__36_0; // 0x4
code/AssetRipper_generated_CSharp/Assembly-CSharp/FishCultureModel.cs,,FishCultureModel.<>c__DisplayClass35_0,545,public TableMergeItem tableMergeItem; // 0x8
code/AssetRipper_generated_CSharp/Assembly-CSharp/FishCultureModel.cs,,FishCultureModel.<>c__DisplayClass38_0,546,public Vector3 endPos; // 0x8
code/AssetRipper_generated_CSharp/Assembly-CSharp/FishCultureModel.cs,,FishCultureModel.<>c__DisplayClass38_0,546,public FishCultureModel <>4__this; // 0x14
code/AssetRipper_generated_CSharp/Assembly-CSharp/FishCultureModel.cs,,FishCultureModel.<>c__DisplayClass38_0,546,public Action endCall; // 0x18
code/AssetRipper_generated_CSharp/Assembly-CSharp/FishCultureModel.cs,,FishCultureModel.<>c__DisplayClass38_1,547,public int ind; // 0x8
code/AssetRipper_generated_CSharp/Assembly-CSharp/FishCultureModel.cs,,FishCultureModel.<>c__DisplayClass38_1,547,public FishCultureModel.<>c__DisplayClass38_0 CS$<>8__locals1; // 0xC
code/AssetRipper_generated_CSharp/Assembly-CSharp/FishCultureModel.cs,,FishCultureModel.<>c__DisplayClass41_0,548,public StorageOrderItem taskItem; // 0x8
code/AssetRipper_generated_CSharp/Assembly-CSharp/FishCultureModel.cs,,FishCultureModel.<InitFromServerData>d__29,549,public int <>1__state; // 0x0
code/AssetRipper_generated_CSharp/Assembly-CSharp/FishCultureModel.cs,,FishCultureModel.<InitFromServerData>d__29,549,public AsyncVoidMethodBuilder <>t__builder; // 0x4
code/AssetRipper_generated_CSharp/Assembly-CSharp/FishCultureModel.cs,,FishCultureModel.<InitFromServerData>d__29,549,public string configJson; // 0x14
code/AssetRipper_generated_CSharp/Assembly-CSharp/FishCultureModel.cs,,FishCultureModel.<InitFromServerData>d__29,549,public FishCultureModel <>4__this; // 0x18
code/AssetRipper_generated_CSharp/Assembly-CSharp/FishCultureModel.cs,,FishCultureModel.<InitFromServerData>d__29,549,public string activityId; // 0x1C
code/AssetRipper_generated_CSharp/Assembly-CSharp/FishCultureModel.cs,,FishCultureModel.<InitFromServerData>d__29,549,public string activityType; // 0x20
code/AssetRipper_generated_CSharp/Assembly-CSharp/FishCultureModel.cs,,FishCultureModel.<InitFromServerData>d__29,549,public ulong startTime; // 0x28
code/AssetRipper_generated_CSharp/Assembly-CSharp/FishCultureModel.cs,,FishCultureModel.<InitFromServerData>d__29,549,public ulong endTime; // 0x30
code/AssetRipper_generated_CSharp/Assembly-CSharp/FishCultureModel.cs,,FishCultureModel.<InitFromServerData>d__29,549,public ulong rewardEndTime; // 0x38
code/AssetRipper_generated_CSharp/Assembly-CSharp/FishCultureModel.cs,,FishCultureModel.<InitFromServerData>d__29,549,public bool manualEnd; // 0x40
code/AssetRipper_generated_CSharp/Assembly-CSharp/FishCultureModel.cs,,FishCultureModel.<InitFromServerData>d__29,549,public string activitySubType; // 0x44
code/AssetRipper_generated_CSharp/Assembly-CSharp/FishCultureModel.cs,,FishCultureModel.<InitFromServerData>d__29,549,private TaskAwaiter <>u__1; // 0x48
code/AssetRipper_generated_CSharp/Assembly-CSharp/FishCultureModel.cs,,FishCultureModel,550,private static FishCultureModel _instance; // 0x0
code/AssetRipper_generated_CSharp/Assembly-CSharp/FishCultureModel.cs,,FishCultureModel,550,private bool _isFlyCollection; // 0x39
code/AssetRipper_generated_CSharp/Assembly-CSharp/FishCultureModel.cs,,FishCultureModel,550,private bool _lastActivityOpenState; // 0x3A
code/AssetRipper_generated_CSharp/Assembly-CSharp/FishCultureModel.cs,,FishCultureModel,550,"public const string preheatCoolTimeKey = ""FishCulturePreheat"";"
code/AssetRipper_generated_CSharp/Assembly-CSharp/MapAdventureOneBarrier.cs,,MapAdventureOneBarrier,717,private int <Id>k__BackingField; // 0x8
code/AssetRipper_generated_CSharp/Assembly-CSharp/MapAdventureOneBarrier.cs,,MapAdventureOneBarrier,717,private int <Index>k__BackingField; // 0xC
code/AssetRipper_generated_CSharp/Assembly-CSharp/MapAdventureOneBarrier.cs,,MapAdventureOneBarrier,717,private int <BarrierItemId>k__BackingField; // 0x10
code/AssetRipper_generated_CSharp/Assembly-CSharp/MapAdventureOneBarrierItem.cs,,MapAdventureOneBarrierItem,718,private int <Id>k__BackingField; // 0x8
code/AssetRipper_generated_CSharp/Assembly-CSharp/MapAdventureOneBarrierItem.cs,,MapAdventureOneBarrierItem,718,private int <BarrierType>k__BackingField; // 0xC
code/AssetRipper_generated_CSharp/Assembly-CSharp/MapAdventureOneBarrierItem.cs,,MapAdventureOneBarrierItem,718,private int <ConsumeNum>k__BackingField; // 0x10
code/AssetRipper_generated_CSharp/Assembly-CSharp/MapAdventureOneBarrierItem.cs,,MapAdventureOneBarrierItem,718,private int <ConsumeCount>k__BackingField; // 0x14
code/AssetRipper_generated_CSharp/Assembly-CSharp/MapAdventureOneBarrierItem.cs,,MapAdventureOneBarrierItem,718,private List<int> <RewardId>k__BackingField; // 0x18
code/AssetRipper_generated_CSharp/Assembly-CSharp/MapAdventureOneBarrierItem.cs,,MapAdventureOneBarrierItem,718,private List<int> <RewardNum>k__BackingField; // 0x1C
code/AssetRipper_generated_CSharp/Assembly-CSharp/MapAdventureOneBarrierItem.cs,,MapAdventureOneBarrierItem,718,private List<int> <RewardId2>k__BackingField; // 0x20
code/AssetRipper_generated_CSharp/Assembly-CSharp/MapAdventureOneBarrierItem.cs,,MapAdventureOneBarrierItem,718,private List<int> <RewardNum2>k__BackingField; // 0x24
code/AssetRipper_generated_CSharp/Assembly-CSharp/MapAdventureOneBoardGrid.cs,,MapAdventureOneBoardGrid,719,private int <Id>k__BackingField; // 0x8
code/AssetRipper_generated_CSharp/Assembly-CSharp/MapAdventureOneBoardGrid.cs,,MapAdventureOneBoardGrid,719,private int <ItemId>k__BackingField; // 0xC
code/AssetRipper_generated_CSharp/Assembly-CSharp/MapAdventureOneBoardGrid.cs,,MapAdventureOneBoardGrid,719,private int <State>k__BackingField; // 0x10
code/AssetRipper_generated_CSharp/Assembly-CSharp/MapAdventureOneConfig.cs,,MapAdventureOneConfig,720,private int <Id>k__BackingField; // 0x8
code/AssetRipper_generated_CSharp/Assembly-CSharp/MapAdventureOneConfig.cs,,MapAdventureOneConfig,720,private int <Strength>k__BackingField; // 0xC
code/AssetRipper_generated_CSharp/Assembly-CSharp/MapAdventureOneConfig.cs,,MapAdventureOneConfig,720,private int <RedPointNum>k__BackingField; // 0x10
code/AssetRipper_generated_CSharp/Assembly-CSharp/MapAdventureOneConfig.cs,,MapAdventureOneConfig,720,private int <CameraScaleMin>k__BackingField; // 0x14
code/AssetRipper_generated_CSharp/Assembly-CSharp/MapAdventureOneConfig.cs,,MapAdventureOneConfig,720,private int <CameraScaleMax>k__BackingField; // 0x18
code/AssetRipper_generated_CSharp/Assembly-CSharp/MapAdventureOneDeleItemConfig.cs,,MapAdventureOneDeleItemConfig,721,private int <Id>k__BackingField; // 0x8
code/AssetRipper_generated_CSharp/Assembly-CSharp/MapAdventureOneDeleItemConfig.cs,,MapAdventureOneDeleItemConfig,721,private int <ItemId>k__BackingField; // 0xC
code/AssetRipper_generated_CSharp/Assembly-CSharp/MapAdventureOneMergeConfig.cs,,MapAdventureOneMergeConfig,724,private int <Id>k__BackingField; // 0x8
code/AssetRipper_generated_CSharp/Assembly-CSharp/MapAdventureOneMergeConfig.cs,,MapAdventureOneMergeConfig,724,private int <LineId>k__BackingField; // 0xC
code/AssetRipper_generated_CSharp/Assembly-CSharp/MapAdventureOneMergeConfig.cs,,MapAdventureOneMergeConfig,724,private int <LineIdChild>k__BackingField; // 0x10
code/AssetRipper_generated_CSharp/Assembly-CSharp/MapAdventureOneMergeConfig.cs,,MapAdventureOneMergeConfig,724,private List<int> <NoRecycleItems>k__BackingField; // 0x14
code/AssetRipper_generated_CSharp/Assembly-CSharp/MapAdventureOneMergeConfig.cs,,MapAdventureOneMergeConfig,724,private List<int> <UnlockItemIds>k__BackingField; // 0x18
code/AssetRipper_generated_CSharp/Assembly-CSharp/MapAdventureOneMergeConfig.cs,,MapAdventureOneMergeConfig,724,private int <UnlockStep>k__BackingField; // 0x1C
code/AssetRipper_generated_CSharp/Assembly-CSharp/MapAdventureOneMergeConfig.cs,,MapAdventureOneMergeConfig,724,private List<int> <MoveCheckNum>k__BackingField; // 0x20
code/AssetRipper_generated_CSharp/Assembly-CSharp/MapAdventureOneUnlockFog.cs,,MapAdventureOneUnlockFog,729,private int <Id>k__BackingField; // 0x8
code/AssetRipper_generated_CSharp/Assembly-CSharp/MapAdventureOneUnlockFog.cs,,MapAdventureOneUnlockFog,729,private int <FogId>k__BackingField; // 0xC
code/AssetRipper_generated_CSharp/Assembly-CSharp/MapAdventureOneUnlockFog.cs,,MapAdventureOneUnlockFog,729,private int <UnLockItem>k__BackingField; // 0x10
code/AssetRipper_generated_CSharp/Assembly-CSharp/MapAdventureTwoBarrier.cs,,MapAdventureTwoBarrier,731,private int <Id>k__BackingField; // 0x8
code/AssetRipper_generated_CSharp/Assembly-CSharp/MapAdventureTwoBarrier.cs,,MapAdventureTwoBarrier,731,private int <Index>k__BackingField; // 0xC
code/AssetRipper_generated_CSharp/Assembly-CSharp/MapAdventureTwoBarrier.cs,,MapAdventureTwoBarrier,731,private int <BarrierItemId>k__BackingField; // 0x10
code/AssetRipper_generated_CSharp/Assembly-CSharp/MapAdventureTwoBarrierItem.cs,,MapAdventureTwoBarrierItem,732,private int <Id>k__BackingField; // 0x8
code/AssetRipper_generated_CSharp/Assembly-CSharp/MapAdventureTwoBarrierItem.cs,,MapAdventureTwoBarrierItem,732,private int <BarrierType>k__BackingField; // 0xC
code/AssetRipper_generated_CSharp/Assembly-CSharp/MapAdventureTwoBarrierItem.cs,,MapAdventureTwoBarrierItem,732,private int <ConsumeNum>k__BackingField; // 0x10
code/AssetRipper_generated_CSharp/Assembly-CSharp/MapAdventureTwoBarrierItem.cs,,MapAdventureTwoBarrierItem,732,private int <ConsumeCount>k__BackingField; // 0x14
code/AssetRipper_generated_CSharp/Assembly-CSharp/MapAdventureTwoBarrierItem.cs,,MapAdventureTwoBarrierItem,732,private List<int> <RewardId>k__BackingField; // 0x18
code/AssetRipper_generated_CSharp/Assembly-CSharp/MapAdventureTwoBarrierItem.cs,,MapAdventureTwoBarrierItem,732,private List<int> <RewardNum>k__BackingField; // 0x1C
code/AssetRipper_generated_CSharp/Assembly-CSharp/MapAdventureTwoBarrierItem.cs,,MapAdventureTwoBarrierItem,732,private List<int> <RewardId2>k__BackingField; // 0x20
code/AssetRipper_generated_CSharp/Assembly-CSharp/MapAdventureTwoBarrierItem.cs,,MapAdventureTwoBarrierItem,732,private List<int> <RewardNum2>k__BackingField; // 0x24
code/AssetRipper_generated_CSharp/Assembly-CSharp/MapAdventureTwoBoardGrid.cs,,MapAdventureTwoBoardGrid,734,private int <Id>k__BackingField; // 0x8
code/AssetRipper_generated_CSharp/Assembly-CSharp/MapAdventureTwoBoardGrid.cs,,MapAdventureTwoBoardGrid,734,private int <ItemId>k__BackingField; // 0xC
code/AssetRipper_generated_CSharp/Assembly-CSharp/MapAdventureTwoBoardGrid.cs,,MapAdventureTwoBoardGrid,734,private int <State>k__BackingField; // 0x10
code/AssetRipper_generated_CSharp/Assembly-CSharp/MapAdventureTwoConfig.cs,,MapAdventureTwoConfig,735,private int <Id>k__BackingField; // 0x8
code/AssetRipper_generated_CSharp/Assembly-CSharp/MapAdventureTwoConfig.cs,,MapAdventureTwoConfig,735,private int <Strength>k__BackingField; // 0xC
code/AssetRipper_generated_CSharp/Assembly-CSharp/MapAdventureTwoConfig.cs,,MapAdventureTwoConfig,735,private int <RedPointNum>k__BackingField; // 0x10
code/AssetRipper_generated_CSharp/Assembly-CSharp/MapAdventureTwoConfig.cs,,MapAdventureTwoConfig,735,private int <CameraScaleMin>k__BackingField; // 0x14
code/AssetRipper_generated_CSharp/Assembly-CSharp/MapAdventureTwoConfig.cs,,MapAdventureTwoConfig,735,private int <CameraScaleMax>k__BackingField; // 0x18
code/AssetRipper_generated_CSharp/Assembly-CSharp/MapAdventureTwoDeleItemConfig.cs,,MapAdventureTwoDeleItemConfig,736,private int <Id>k__BackingField; // 0x8
code/AssetRipper_generated_CSharp/Assembly-CSharp/MapAdventureTwoDeleItemConfig.cs,,MapAdventureTwoDeleItemConfig,736,private int <ItemId>k__BackingField; // 0xC
code/AssetRipper_generated_CSharp/Assembly-CSharp/MapAdventureTwoMergeConfig.cs,,MapAdventureTwoMergeConfig,739,private int <Id>k__BackingField; // 0x8
code/AssetRipper_generated_CSharp/Assembly-CSharp/MapAdventureTwoMergeConfig.cs,,MapAdventureTwoMergeConfig,739,private int <LineId>k__BackingField; // 0xC
code/AssetRipper_generated_CSharp/Assembly-CSharp/MapAdventureTwoMergeConfig.cs,,MapAdventureTwoMergeConfig,739,private int <LineIdChild>k__BackingField; // 0x10
code/AssetRipper_generated_CSharp/Assembly-CSharp/MapAdventureTwoMergeConfig.cs,,MapAdventureTwoMergeConfig,739,private List<int> <NoRecycleItems>k__BackingField; // 0x14
code/AssetRipper_generated_CSharp/Assembly-CSharp/MapAdventureTwoMergeConfig.cs,,MapAdventureTwoMergeConfig,739,private List<int> <UnlockItemIds>k__BackingField; // 0x18
code/AssetRipper_generated_CSharp/Assembly-CSharp/MapAdventureTwoMergeConfig.cs,,MapAdventureTwoMergeConfig,739,private int <UnlockStep>k__BackingField; // 0x1C
code/AssetRipper_generated_CSharp/Assembly-CSharp/MapAdventureTwoMergeConfig.cs,,MapAdventureTwoMergeConfig,739,private List<int> <MoveCheckNum>k__BackingField; // 0x20
code/AssetRipper_generated_CSharp/Assembly-CSharp/MapAdventureTwoMergeConfig.cs,,MapAdventureTwoMergeConfig,739,private int <IsOpenBP>k__BackingField; // 0x24
code/AssetRipper_generated_CSharp/Assembly-CSharp/MapAdventureTwoMergeConfig.cs,,MapAdventureTwoMergeConfig,739,private int <BpShopID>k__BackingField; // 0x28
code/AssetRipper_generated_CSharp/Assembly-CSharp/MapAdventureTwoUnlockFog.cs,,MapAdventureTwoUnlockFog,745,private int <Id>k__BackingField; // 0x8
code/AssetRipper_generated_CSharp/Assembly-CSharp/MapAdventureTwoUnlockFog.cs,,MapAdventureTwoUnlockFog,745,private int <FogId>k__BackingField; // 0xC
code/AssetRipper_generated_CSharp/Assembly-CSharp/MapAdventureTwoUnlockFog.cs,,MapAdventureTwoUnlockFog,745,private int <UnLockItem>k__BackingField; // 0x10
code/AssetRipper_generated_CSharp/Assembly-CSharp/MomentsLightModel.cs,,MomentsLightModel.MomentsLightPicStatus,785,public int value__; // 0x0
code/AssetRipper_generated_CSharp/Assembly-CSharp/MomentsLightModel.cs,,MomentsLightModel.MomentsLightPicStatus,785,public const MomentsLightModel.MomentsLightPicStatus Locked = 0;
code/AssetRipper_generated_CSharp/Assembly-CSharp/MomentsLightModel.cs,,MomentsLightModel.MomentsLightPicStatus,785,public const MomentsLightModel.MomentsLightPicStatus Unlocked = 1;
code/AssetRipper_generated_CSharp/Assembly-CSharp/MomentsLightModel.cs,,MomentsLightModel.MomentsLightPicStatus,785,public const MomentsLightModel.MomentsLightPicStatus Drawing = 2;
code/AssetRipper_generated_CSharp/Assembly-CSharp/MomentsLightModel.cs,,MomentsLightModel.MomentsLightPicStatus,785,public const MomentsLightModel.MomentsLightPicStatus Completed = 3;
code/AssetRipper_generated_CSharp/Assembly-CSharp/MomentsLightModel.cs,,MomentsLightModel.<>c,786,public static readonly MomentsLightModel.<>c <>9; // 0x0
code/AssetRipper_generated_CSharp/Assembly-CSharp/MomentsLightModel.cs,,MomentsLightModel.<>c,786,public static Comparison<MomentsLightPic> <>9__25_0; // 0x4
code/AssetRipper_generated_CSharp/Assembly-CSharp/MomentsLightModel.cs,,MomentsLightModel.<>c,786,public static Comparison<MomentsLightPic> <>9__26_0; // 0x8
code/AssetRipper_generated_CSharp/Assembly-CSharp/MomentsLightModel.cs,,MomentsLightModel.<>c,786,public static Action <>9__28_1; // 0xC
code/AssetRipper_generated_CSharp/Assembly-CSharp/MomentsLightModel.cs,,MomentsLightModel.<>c,786,public static Action <>9__36_0; // 0x10
code/AssetRipper_generated_CSharp/Assembly-CSharp/MomentsLightModel.cs,,MomentsLightModel.<>c__DisplayClass18_0,787,public int picId; // 0x8
code/AssetRipper_generated_CSharp/Assembly-CSharp/MomentsLightModel.cs,,MomentsLightModel.<>c__DisplayClass21_0,788,public int picId; // 0x8
code/AssetRipper_generated_CSharp/Assembly-CSharp/MomentsLightModel.cs,,MomentsLightModel.<>c__DisplayClass23_0,789,public int picId; // 0x8
code/AssetRipper_generated_CSharp/Assembly-CSharp/MomentsLightModel.cs,,MomentsLightModel.<>c__DisplayClass28_0,790,public int shopId; // 0x8
code/AssetRipper_generated_CSharp/Assembly-CSharp/MomentsLightModel.cs,,MomentsLightModel,791,private static MomentsLightModel _instance; // 0x0
code/AssetRipper_generated_CSharp/Assembly-CSharp/MomentsLightModel.cs,,MomentsLightModel,791,private static string CanShowUICoolTimeKey; // 0x4
code/AssetRipper_generated_CSharp/Assembly-CSharp/PizzaTowerModel.cs,,PizzaTowerModel.<>c__DisplayClass48_0,845,public TableMergeItem tableMergeItem; // 0x8
code/AssetRipper_generated_CSharp/Assembly-CSharp/PizzaTowerModel.cs,,PizzaTowerModel.<>c__DisplayClass49_0,846,public int seat; // 0x8
code/AssetRipper_generated_CSharp/Assembly-CSharp/PizzaTowerModel.cs,,PizzaTowerModel.<>c__DisplayClass50_0,847,public StorageOrderItem storageOrderItem; // 0x8
code/AssetRipper_generated_CSharp/Assembly-CSharp/PizzaTowerModel.cs,,PizzaTowerModel.<>c__DisplayClass51_0,848,public Game_PizzaTower gamePizzaTower; // 0x8
code/AssetRipper_generated_CSharp/Assembly-CSharp/PizzaTowerModel.cs,,PizzaTowerModel.<>c__DisplayClass51_0,848,public int count; // 0xC
code/AssetRipper_generated_CSharp/Assembly-CSharp/PizzaTowerModel.cs,,PizzaTowerModel.<>c__DisplayClass51_0,848,public List<TaskCompletionSource<bool>> addValueTask; // 0x10
code/AssetRipper_generated_CSharp/Assembly-CSharp/PizzaTowerModel.cs,,PizzaTowerModel.<>c__DisplayClass52_0,849,public Game_PizzaTower gamePizzaTower; // 0x8
code/AssetRipper_generated_CSharp/Assembly-CSharp/PizzaTowerModel.cs,,PizzaTowerModel.<>c__DisplayClass52_0,849,public int count; // 0xC
code/AssetRipper_generated_CSharp/Assembly-CSharp/PizzaTowerModel.cs,,PizzaTowerModel.<>c__DisplayClass52_0,849,public List<TaskCompletionSource<bool>> addValueTask; // 0x10
code/AssetRipper_generated_CSharp/Assembly-CSharp/PizzaTowerModel.cs,,PizzaTowerModel.<>c__DisplayClass54_0,850,public Vector3 endPos; // 0x8
code/AssetRipper_generated_CSharp/Assembly-CSharp/PizzaTowerModel.cs,,PizzaTowerModel.<>c__DisplayClass54_0,850,public PizzaTowerModel <>4__this; // 0x14
code/AssetRipper_generated_CSharp/Assembly-CSharp/PizzaTowerModel.cs,,PizzaTowerModel.<>c__DisplayClass54_0,850,public Action endCall; // 0x18
code/AssetRipper_generated_CSharp/Assembly-CSharp/PizzaTowerModel.cs,,PizzaTowerModel.<>c__DisplayClass54_1,851,public int ind; // 0x8
code/AssetRipper_generated_CSharp/Assembly-CSharp/PizzaTowerModel.cs,,PizzaTowerModel.<>c__DisplayClass54_1,851,public PizzaTowerModel.<>c__DisplayClass54_0 CS$<>8__locals1; // 0xC
code/AssetRipper_generated_CSharp/Assembly-CSharp/PizzaTowerModel.cs,,PizzaTowerModel.<AddActivityScore>d__51,852,public int <>1__state; // 0x0
code/AssetRipper_generated_CSharp/Assembly-CSharp/PizzaTowerModel.cs,,PizzaTowerModel.<AddActivityScore>d__51,852,public AsyncVoidMethodBuilder <>t__builder; // 0x4
code/AssetRipper_generated_CSharp/Assembly-CSharp/PizzaTowerModel.cs,,PizzaTowerModel.<AddActivityScore>d__51,852,public int count; // 0x14
code/AssetRipper_generated_CSharp/Assembly-CSharp/PizzaTowerModel.cs,,PizzaTowerModel.<AddActivityScore>d__51,852,public PizzaTowerModel <>4__this; // 0x18
code/AssetRipper_generated_CSharp/Assembly-CSharp/PizzaTowerModel.cs,,PizzaTowerModel.<AddActivityScore>d__51,852,public Vector3 srcPos; // 0x1C
code/AssetRipper_generated_CSharp/Assembly-CSharp/PizzaTowerModel.cs,,PizzaTowerModel.<AddScore>d__36,853,public int <>1__state; // 0x0
code/AssetRipper_generated_CSharp/Assembly-CSharp/PizzaTowerModel.cs,,PizzaTowerModel.<AddScore>d__36,853,public AsyncVoidMethodBuilder <>t__builder; // 0x4
code/AssetRipper_generated_CSharp/Assembly-CSharp/PizzaTowerModel.cs,,PizzaTowerModel.<AddScore>d__36,853,public PizzaTowerModel <>4__this; // 0x14
code/AssetRipper_generated_CSharp/Assembly-CSharp/PizzaTowerModel.cs,,PizzaTowerModel.<AddScore>d__36,853,public int score; // 0x18
code/AssetRipper_generated_CSharp/Assembly-CSharp/PizzaTowerModel.cs,,PizzaTowerModel.<AddScore>d__36,853,public List<TaskCompletionSource<bool>> addValueTask; // 0x1C
code/AssetRipper_generated_CSharp/Assembly-CSharp/PizzaTowerModel.cs,,PizzaTowerModel.<AddScore>d__36,853,private TaskAwaiter<bool> <>u__1; // 0x20
code/AssetRipper_generated_CSharp/Assembly-CSharp/PizzaTowerModel.cs,,PizzaTowerModel,854,private static PizzaTowerModel _instance; // 0x0
code/AssetRipper_generated_CSharp/Assembly-CSharp/PizzaTowerModel.cs,,PizzaTowerModel,854,private int _lastCurLevel; // 0x3C
code/AssetRipper_generated_CSharp/Assembly-CSharp/PizzaTowerModel.cs,,PizzaTowerModel,854,private int _lastTotalLevel; // 0x40
code/AssetRipper_generated_CSharp/Assembly-CSharp/PizzaTowerModel.cs,,PizzaTowerModel,854,private int _curLevel; // 0x44
code/AssetRipper_generated_CSharp/Assembly-CSharp/PizzaTowerModel.cs,,PizzaTowerModel,854,private int _totalLevel; // 0x48
code/AssetRipper_generated_CSharp/Assembly-CSharp/PizzaTowerModel.cs,,PizzaTowerModel,854,private bool LoopCreateStorage; // 0x4C
code/AssetRipper_generated_CSharp/Assembly-CSharp/PizzaTowerModel.cs,,PizzaTowerModel,854,private List<TaskCompletionSource<bool>> AddScoreAsyncLock; // 0x50
code/AssetRipper_generated_CSharp/Assembly-CSharp/PizzaTowerModel.cs,,PizzaTowerModel,854,private bool AddScoreInAsync; // 0x54
code/AssetRipper_generated_CSharp/Assembly-CSharp/PizzaTowerModel.cs,,PizzaTowerModel,854,"private Dictionary<int, PizzaTowerProductConfig> _PizzaTowerProductConfig; // 0x58"
code/AssetRipper_generated_CSharp/Assembly-CSharp/PizzaTowerModel.cs,,PizzaTowerModel,854,private bool _isFlyCollection; // 0x5C
code/AssetRipper_generated_CSharp/Assembly-CSharp/PizzaTowerModel.cs,,PizzaTowerModel,854,private bool _lastActivityOpenState; // 0x5D
code/AssetRipper_generated_CSharp/Assembly-CSharp/PizzaTowerModel.cs,,PizzaTowerModel,854,"public Dictionary<int, PizzaTowerConfig> PizzaTowerDictionary; // 0x60"
code/AssetRipper_generated_CSharp/Assembly-CSharp/PizzaTowerModel.cs,,PizzaTowerModel,854,public int MaxLevel; // 0x64
code/AssetRipper_generated_CSharp/Assembly-CSharp/PizzaTowerModel.cs,,PizzaTowerModel,854,public int MinLevel; // 0x68
code/AssetRipper_generated_CSharp/Assembly-CSharp/PizzaTowerModel.cs,,PizzaTowerModel,854,public int MaxScore; // 0x6C
code/AssetRipper_generated_CSharp/Assembly-CSharp/SummerWatermelonConfig.cs,,SummerWatermelonConfig,997,private int <Id>k__BackingField; // 0x8
code/AssetRipper_generated_CSharp/Assembly-CSharp/SummerWatermelonConfig.cs,,SummerWatermelonConfig,997,private int <LineId>k__BackingField; // 0xC
code/AssetRipper_generated_CSharp/Assembly-CSharp/SummerWatermelonConfig.cs,,SummerWatermelonConfig,997,private List<int> <InitItems>k__BackingField; // 0x10
code/AssetRipper_generated_CSharp/Assembly-CSharp/SummerWatermelonProductAttenuationConfig.cs,,SummerWatermelonProductAttenuationConfig,1001,private int <Id>k__BackingField; // 0x8
code/AssetRipper_generated_CSharp/Assembly-CSharp/SummerWatermelonProductAttenuationConfig.cs,,SummerWatermelonProductAttenuationConfig,1001,private int <ProductCount>k__BackingField; // 0xC
code/AssetRipper_generated_CSharp/Assembly-CSharp/SummerWatermelonProductAttenuationConfig.cs,,SummerWatermelonProductAttenuationConfig,1001,private float <TotalWeightMulti>k__BackingField; // 0x10
code/AssetRipper_generated_CSharp/Assembly-CSharp/SummerWatermelonProductConfig.cs,,SummerWatermelonProductConfig,1002,private int <Id>k__BackingField; // 0x8
code/AssetRipper_generated_CSharp/Assembly-CSharp/SummerWatermelonProductConfig.cs,,SummerWatermelonProductConfig,1002,private int <ItemId>k__BackingField; // 0xC
code/AssetRipper_generated_CSharp/Assembly-CSharp/SummerWatermelonProductConfig.cs,,SummerWatermelonProductConfig,1002,private List<int> <OutPut>k__BackingField; // 0x10
code/AssetRipper_generated_CSharp/Assembly-CSharp/SummerWatermelonProductConfig.cs,,SummerWatermelonProductConfig,1002,private List<int> <Weight>k__BackingField; // 0x14
code/AssetRipper_generated_CSharp/Assembly-CSharp/SummerWatermelonProductConfig.cs,,SummerWatermelonProductConfig,1002,private int <MaxWeight>k__BackingField; // 0x18
code/AssetRipper_generated_CSharp/Assembly-CSharp/SummerWatermelonMergeBoard.cs,,SummerWatermelonMergeBoard.<>c,1005,public static readonly SummerWatermelonMergeBoard.<>c <>9; // 0x0
code/AssetRipper_generated_CSharp/Assembly-CSharp/SummerWatermelonMergeBoard.cs,,SummerWatermelonMergeBoard.<>c,1005,public static Action <>9__2_0; // 0x4
code/AssetRipper_generated_CSharp/Assembly-CSharp/SummerWatermelonModel.cs,,SummerWatermelonModel.<>c__DisplayClass53_0,1007,public Vector3 position; // 0x8
code/AssetRipper_generated_CSharp/Assembly-CSharp/SummerWatermelonModel.cs,,SummerWatermelonModel.<>c__DisplayClass53_0,1007,public Action action; // 0x14
code/AssetRipper_generated_CSharp/Assembly-CSharp/SummerWatermelonModel.cs,,SummerWatermelonModel.<>c__DisplayClass84_0,1008,public List<ResData> rewardsList; // 0x8
code/AssetRipper_generated_CSharp/Assembly-CSharp/SummerWatermelonModel.cs,,SummerWatermelonModel.<>c__DisplayClass84_0,1008,public TaskCompletionSource<bool> taskRewardCollect; // 0xC
code/AssetRipper_generated_CSharp/Assembly-CSharp/SummerWatermelonModel.cs,,SummerWatermelonModel.<>c__DisplayClass92_0,1009,public SummerWatermelonModel <>4__this; // 0x8
code/AssetRipper_generated_CSharp/Assembly-CSharp/SummerWatermelonModel.cs,,SummerWatermelonModel.<>c__DisplayClass92_0,1009,public bool openPopup; // 0xC
code/AssetRipper_generated_CSharp/Assembly-CSharp/SummerWatermelonModel.cs,,SummerWatermelonModel.<OnNewItem>d__84,1010,public int <>1__state; // 0x0
code/AssetRipper_generated_CSharp/Assembly-CSharp/SummerWatermelonModel.cs,,SummerWatermelonModel.<OnNewItem>d__84,1010,public AsyncVoidMethodBuilder <>t__builder; // 0x4
code/AssetRipper_generated_CSharp/Assembly-CSharp/SummerWatermelonModel.cs,,SummerWatermelonModel.<OnNewItem>d__84,1010,public int id; // 0x14
code/AssetRipper_generated_CSharp/Assembly-CSharp/SummerWatermelonModel.cs,,SummerWatermelonModel.<OnNewItem>d__84,1010,public SummerWatermelonModel <>4__this; // 0x18
code/AssetRipper_generated_CSharp/Assembly-CSharp/SummerWatermelonModel.cs,,SummerWatermelonModel.<OnNewItem>d__84,1010,public RefreshItemSource source; // 0x1C
code/AssetRipper_generated_CSharp/Assembly-CSharp/SummerWatermelonModel.cs,,SummerWatermelonModel.<OnNewItem>d__84,1010,private SummerWatermelonModel.<>c__DisplayClass84_0 <>8__1; // 0x20
code/AssetRipper_generated_CSharp/Assembly-CSharp/SummerWatermelonModel.cs,,SummerWatermelonModel.<OnNewItem>d__84,1010,private TableMergeItem <itemConfig>5__2; // 0x24
code/AssetRipper_generated_CSharp/Assembly-CSharp/SummerWatermelonModel.cs,,SummerWatermelonModel.<OnNewItem>d__84,1010,private TaskAwaiter <>u__1; // 0x28
code/AssetRipper_generated_CSharp/Assembly-CSharp/SummerWatermelonModel.cs,,SummerWatermelonModel.<OnNewItem>d__84,1010,private TaskAwaiter<bool> <>u__2; // 0x2C
code/AssetRipper_generated_CSharp/Assembly-CSharp/SummerWatermelonModel.cs,,SummerWatermelonModel,1011,public static bool InGuideChain; // 0x0
code/AssetRipper_generated_CSharp/Assembly-CSharp/SummerWatermelonModel.cs,,SummerWatermelonModel,1011,public const int BOARD_WIDTH = 5;
code/AssetRipper_generated_CSharp/Assembly-CSharp/SummerWatermelonModel.cs,,SummerWatermelonModel,1011,public const int BOARD_HEIGHT = 5;
code/AssetRipper_generated_CSharp/Assembly-CSharp/SummerWatermelonModel.cs,,SummerWatermelonModel,1011,private static SummerWatermelonModel _instance; // 0x4
code/AssetRipper_generated_CSharp/Assembly-CSharp/SummerWatermelonModel.cs,,SummerWatermelonModel,1011,"private Dictionary<int, SummerWatermelonProductConfig> _summerWatermelonProductConfig; // 0x3C"
code/AssetRipper_generated_CSharp/Assembly-CSharp/SummerWatermelonModel.cs,,SummerWatermelonModel,1011,"private Dictionary<int, SummerWatermelonFirstTimeRewardConfig> _summerWatermelonFirstTimeRewardConfig; // 0x40"
code/AssetRipper_generated_CSharp/Assembly-CSharp/SummerWatermelonModel.cs,,SummerWatermelonModel,1011,"private Dictionary<int, SummerWatermelonMergeRewardConfig> _summerWatermelonMergeRewardConfig; // 0x44"
code/AssetRipper_generated_CSharp/Assembly-CSharp/SummerWatermelonModel.cs,,SummerWatermelonModel,1011,"private Dictionary<int, TableMergeItem> _mergeItemDictionary; // 0x48"
code/AssetRipper_generated_CSharp/Assembly-CSharp/SummerWatermelonModel.cs,,SummerWatermelonModel,1011,public int UnSetItemsCount; // 0x4C
code/AssetRipper_generated_CSharp/Assembly-CSharp/SummerWatermelonModel.cs,,SummerWatermelonModel,1011,public const ulong Offset = 0;
code/AssetRipper_generated_CSharp/Assembly-CSharp/SummerWatermelonModel.cs,,SummerWatermelonModel,1011,private bool _isInit; // 0x50
code/AssetRipper_generated_CSharp/Assembly-CSharp/SummerWatermelonModel.cs,,SummerWatermelonModel,1011,private static GameObject _flyItemObj; // 0x8
code/AssetRipper_generated_CSharp/Assembly-CSharp/SummerWatermelonModel.cs,,SummerWatermelonModel,1011,private bool _lastActivityOpenState; // 0x51
code/AssetRipper_generated_CSharp/Assembly-CSharp/SummerWatermelonModel.cs,,SummerWatermelonModel,1011,public static string packageCoolTimeKey; // 0xC
code/AssetRipper_generated_CSharp/Assembly-CSharp/SummerWatermelonThirtyConfig.cs,,SummerWatermelonThirtyConfig,1030,private int <Id>k__BackingField; // 0x8
code/AssetRipper_generated_CSharp/Assembly-CSharp/SummerWatermelonThirtyConfig.cs,,SummerWatermelonThirtyConfig,1030,private int <LineId>k__BackingField; // 0xC
code/AssetRipper_generated_CSharp/Assembly-CSharp/SummerWatermelonThirtyConfig.cs,,SummerWatermelonThirtyConfig,1030,private List<int> <InitItems>k__BackingField; // 0x10
code/AssetRipper_generated_CSharp/Assembly-CSharp/SummerWatermelonThirtyConfig.cs,,SummerWatermelonThirtyConfig,1030,private int <LineIdChild>k__BackingField; // 0x14
code/AssetRipper_generated_CSharp/Assembly-CSharp/SummerWatermelonThirtyConfig.cs,,SummerWatermelonThirtyConfig,1030,private List<int> <BigBoardUnlockLevel>k__BackingField; // 0x18
code/AssetRipper_generated_CSharp/Assembly-CSharp/SummerWatermelonThirtyConfig.cs,,SummerWatermelonThirtyConfig,1030,private List<int> <NoRecycleItems>k__BackingField; // 0x1C
code/AssetRipper_generated_CSharp/Assembly-CSharp/SummerWatermelonThirtyConfig.cs,,SummerWatermelonThirtyConfig,1030,private int <IsOpenBP>k__BackingField; // 0x20
code/AssetRipper_generated_CSharp/Assembly-CSharp/SummerWatermelonThirtyConfig.cs,,SummerWatermelonThirtyConfig,1030,private int <BpShopID>k__BackingField; // 0x24
code/AssetRipper_generated_CSharp/Assembly-CSharp/SummerWatermelonThirtyConfig.cs,,SummerWatermelonThirtyConfig,1030,private int <DecorationLevel>k__BackingField; // 0x28
code/AssetRipper_generated_CSharp/Assembly-CSharp/SummerWatermelonThirtyDeleItemConfig.cs,,SummerWatermelonThirtyDeleItemConfig,1031,private int <Id>k__BackingField; // 0x8
code/AssetRipper_generated_CSharp/Assembly-CSharp/SummerWatermelonThirtyDeleItemConfig.cs,,SummerWatermelonThirtyDeleItemConfig,1031,private int <ItemId>k__BackingField; // 0xC
code/AssetRipper_generated_CSharp/Assembly-CSharp/SummerWatermelonThirtyProductAttenuationConfig.cs,,SummerWatermelonThirtyProductAttenuationConfig,1037,private int <Id>k__BackingField; // 0x8
code/AssetRipper_generated_CSharp/Assembly-CSharp/SummerWatermelonThirtyProductAttenuationConfig.cs,,SummerWatermelonThirtyProductAttenuationConfig,1037,private int <ProductCount>k__BackingField; // 0xC
code/AssetRipper_generated_CSharp/Assembly-CSharp/SummerWatermelonThirtyProductAttenuationConfig.cs,,SummerWatermelonThirtyProductAttenuationConfig,1037,private float <TotalWeightMulti>k__BackingField; // 0x10
code/AssetRipper_generated_CSharp/Assembly-CSharp/SummerWatermelonThirtyProductConfig.cs,,SummerWatermelonThirtyProductConfig,1038,private int <Id>k__BackingField; // 0x8
code/AssetRipper_generated_CSharp/Assembly-CSharp/SummerWatermelonThirtyProductConfig.cs,,SummerWatermelonThirtyProductConfig,1038,private int <ItemId>k__BackingField; // 0xC
code/AssetRipper_generated_CSharp/Assembly-CSharp/SummerWatermelonThirtyProductConfig.cs,,SummerWatermelonThirtyProductConfig,1038,private List<int> <OutPut>k__BackingField; // 0x10
code/AssetRipper_generated_CSharp/Assembly-CSharp/SummerWatermelonThirtyProductConfig.cs,,SummerWatermelonThirtyProductConfig,1038,private List<int> <Weight>k__BackingField; // 0x14
code/AssetRipper_generated_CSharp/Assembly-CSharp/SummerWatermelonThirtyProductConfig.cs,,SummerWatermelonThirtyProductConfig,1038,private int <MaxWeight>k__BackingField; // 0x18
code/AssetRipper_generated_CSharp/Assembly-CSharp/SummerWatermelonThirtyThreeConfig.cs,,SummerWatermelonThirtyThreeConfig,1042,private int <Id>k__BackingField; // 0x8
code/AssetRipper_generated_CSharp/Assembly-CSharp/SummerWatermelonThirtyThreeConfig.cs,,SummerWatermelonThirtyThreeConfig,1042,private int <LineId>k__BackingField; // 0xC
code/AssetRipper_generated_CSharp/Assembly-CSharp/SummerWatermelonThirtyThreeConfig.cs,,SummerWatermelonThirtyThreeConfig,1042,private List<int> <InitItems>k__BackingField; // 0x10
code/AssetRipper_generated_CSharp/Assembly-CSharp/SummerWatermelonThirtyThreeConfig.cs,,SummerWatermelonThirtyThreeConfig,1042,private int <LineIdChild>k__BackingField; // 0x14
code/AssetRipper_generated_CSharp/Assembly-CSharp/SummerWatermelonThirtyThreeConfig.cs,,SummerWatermelonThirtyThreeConfig,1042,private int <BigBoardUnlockLevel>k__BackingField; // 0x18
code/AssetRipper_generated_CSharp/Assembly-CSharp/SummerWatermelonThirtyThreeConfig.cs,,SummerWatermelonThirtyThreeConfig,1042,private List<int> <NoRecycleItems>k__BackingField; // 0x1C
code/AssetRipper_generated_CSharp/Assembly-CSharp/SummerWatermelonThirtyThreeConfig.cs,,SummerWatermelonThirtyThreeConfig,1042,private int <IsOpenBP>k__BackingField; // 0x20
code/AssetRipper_generated_CSharp/Assembly-CSharp/SummerWatermelonThirtyThreeConfig.cs,,SummerWatermelonThirtyThreeConfig,1042,private int <BpShopID>k__BackingField; // 0x24
code/AssetRipper_generated_CSharp/Assembly-CSharp/SummerWatermelonThirtyThreeConfig.cs,,SummerWatermelonThirtyThreeConfig,1042,private List<int> <UnlockItemIds>k__BackingField; // 0x28
code/AssetRipper_generated_CSharp/Assembly-CSharp/SummerWatermelonThirtyThreeConfig.cs,,SummerWatermelonThirtyThreeConfig,1042,private int <UnlockStep>k__BackingField; // 0x2C
code/AssetRipper_generated_CSharp/Assembly-CSharp/SummerWatermelonThirtyThreeConfig.cs,,SummerWatermelonThirtyThreeConfig,1042,private List<int> <MoveCheckNum>k__BackingField; // 0x30
code/AssetRipper_generated_CSharp/Assembly-CSharp/SummerWatermelonThirtyThreeDeleItemConfig.cs,,SummerWatermelonThirtyThreeDeleItemConfig,1043,private int <Id>k__BackingField; // 0x8
code/AssetRipper_generated_CSharp/Assembly-CSharp/SummerWatermelonThirtyThreeDeleItemConfig.cs,,SummerWatermelonThirtyThreeDeleItemConfig,1043,private int <ItemId>k__BackingField; // 0xC
code/AssetRipper_generated_CSharp/Assembly-CSharp/SummerWatermelonThirtyThreeProductAttenuationConfig.cs,,SummerWatermelonThirtyThreeProductAttenuationConfig,1049,private int <Id>k__BackingField; // 0x8
code/AssetRipper_generated_CSharp/Assembly-CSharp/SummerWatermelonThirtyThreeProductAttenuationConfig.cs,,SummerWatermelonThirtyThreeProductAttenuationConfig,1049,private int <ProductCount>k__BackingField; // 0xC
code/AssetRipper_generated_CSharp/Assembly-CSharp/SummerWatermelonThirtyThreeProductAttenuationConfig.cs,,SummerWatermelonThirtyThreeProductAttenuationConfig,1049,private float <TotalWeightMulti>k__BackingField; // 0x10
code/AssetRipper_generated_CSharp/Assembly-CSharp/SummerWatermelonThirtyThreeProductConfig.cs,,SummerWatermelonThirtyThreeProductConfig,1050,private int <Id>k__BackingField; // 0x8
code/AssetRipper_generated_CSharp/Assembly-CSharp/SummerWatermelonThirtyThreeProductConfig.cs,,SummerWatermelonThirtyThreeProductConfig,1050,private int <ItemId>k__BackingField; // 0xC
code/AssetRipper_generated_CSharp/Assembly-CSharp/SummerWatermelonThirtyThreeProductConfig.cs,,SummerWatermelonThirtyThreeProductConfig,1050,private List<int> <OutPut>k__BackingField; // 0x10
code/AssetRipper_generated_CSharp/Assembly-CSharp/SummerWatermelonThirtyThreeProductConfig.cs,,SummerWatermelonThirtyThreeProductConfig,1050,private List<int> <Weight>k__BackingField; // 0x14
code/AssetRipper_generated_CSharp/Assembly-CSharp/SummerWatermelonThirtyThreeProductConfig.cs,,SummerWatermelonThirtyThreeProductConfig,1050,private int <MaxWeight>k__BackingField; // 0x18
code/AssetRipper_generated_CSharp/Assembly-CSharp/BigBoardGridEight.cs,,BigBoardGridEight,1051,private int <Id>k__BackingField; // 0x8
code/AssetRipper_generated_CSharp/Assembly-CSharp/BigBoardGridEight.cs,,BigBoardGridEight,1051,private int <ItemId>k__BackingField; // 0xC
code/AssetRipper_generated_CSharp/Assembly-CSharp/BigBoardGridEight.cs,,BigBoardGridEight,1051,private int <State>k__BackingField; // 0x10
code/AssetRipper_generated_CSharp/Assembly-CSharp/BigBoardGridEight.cs,,BigBoardGridEight,1051,private int <UnlockState>k__BackingField; // 0x14
code/AssetRipper_generated_CSharp/Assembly-CSharp/BigBoardGridEight.cs,,BigBoardGridEight,1051,private List<int> <ReplaceItem>k__BackingField; // 0x18
code/AssetRipper_generated_CSharp/Assembly-CSharp/SummerWatermelonEightConfig.cs,,SummerWatermelonEightConfig,1053,private int <Id>k__BackingField; // 0x8
code/AssetRipper_generated_CSharp/Assembly-CSharp/SummerWatermelonEightConfig.cs,,SummerWatermelonEightConfig,1053,private int <Hoe>k__BackingField; // 0xC
code/AssetRipper_generated_CSharp/Assembly-CSharp/SummerWatermelonEightConfig.cs,,SummerWatermelonEightConfig,1053,private List<int> <RecycleItems>k__BackingField; // 0x10
code/AssetRipper_generated_CSharp/Assembly-CSharp/SummerWatermelonEightConfig.cs,,SummerWatermelonEightConfig,1053,private List<int> <CollectAllReward>k__BackingField; // 0x14
code/AssetRipper_generated_CSharp/Assembly-CSharp/SummerWatermelonEightConfig.cs,,SummerWatermelonEightConfig,1053,private List<int> <CollectAllRewardCount>k__BackingField; // 0x18
code/AssetRipper_generated_CSharp/Assembly-CSharp/SummerWatermelonEightDeleItemConfig.cs,,SummerWatermelonEightDeleItemConfig,1054,private int <Id>k__BackingField; // 0x8
code/AssetRipper_generated_CSharp/Assembly-CSharp/SummerWatermelonEightDeleItemConfig.cs,,SummerWatermelonEightDeleItemConfig,1054,private int <ItemId>k__BackingField; // 0xC
code/AssetRipper_generated_CSharp/Assembly-CSharp/SummerWatermelonEighTeenConfig.cs,,SummerWatermelonEighTeenConfig,1064,private int <Id>k__BackingField; // 0x8
code/AssetRipper_generated_CSharp/Assembly-CSharp/SummerWatermelonEighTeenConfig.cs,,SummerWatermelonEighTeenConfig,1064,private int <LineId>k__BackingField; // 0xC
code/AssetRipper_generated_CSharp/Assembly-CSharp/SummerWatermelonEighTeenConfig.cs,,SummerWatermelonEighTeenConfig,1064,private List<int> <InitItems>k__BackingField; // 0x10
code/AssetRipper_generated_CSharp/Assembly-CSharp/SummerWatermelonEighTeenConfig.cs,,SummerWatermelonEighTeenConfig,1064,private int <LineIdChild>k__BackingField; // 0x14
code/AssetRipper_generated_CSharp/Assembly-CSharp/SummerWatermelonEighTeenConfig.cs,,SummerWatermelonEighTeenConfig,1064,private int <BigBoardUnlockLevel>k__BackingField; // 0x18
code/AssetRipper_generated_CSharp/Assembly-CSharp/SummerWatermelonEighTeenConfig.cs,,SummerWatermelonEighTeenConfig,1064,private List<int> <NoRecycleItems>k__BackingField; // 0x1C
code/AssetRipper_generated_CSharp/Assembly-CSharp/SummerWatermelonEighTeenConfig.cs,,SummerWatermelonEighTeenConfig,1064,private int <IsOpenBP>k__BackingField; // 0x20
code/AssetRipper_generated_CSharp/Assembly-CSharp/SummerWatermelonEighTeenConfig.cs,,SummerWatermelonEighTeenConfig,1064,private int <BpShopID>k__BackingField; // 0x24
code/AssetRipper_generated_CSharp/Assembly-CSharp/SummerWatermelonEighTeenConfig.cs,,SummerWatermelonEighTeenConfig,1064,private List<int> <UnlockItemIds>k__BackingField; // 0x28
code/AssetRipper_generated_CSharp/Assembly-CSharp/SummerWatermelonEighTeenConfig.cs,,SummerWatermelonEighTeenConfig,1064,private int <UnlockStep>k__BackingField; // 0x2C
code/AssetRipper_generated_CSharp/Assembly-CSharp/SummerWatermelonEighTeenConfig.cs,,SummerWatermelonEighTeenConfig,1064,private List<int> <MoveCheckNum>k__BackingField; // 0x30
code/AssetRipper_generated_CSharp/Assembly-CSharp/SummerWatermelonEighTeenDeleItemConfig.cs,,SummerWatermelonEighTeenDeleItemConfig,1065,private int <Id>k__BackingField; // 0x8
code/AssetRipper_generated_CSharp/Assembly-CSharp/SummerWatermelonEighTeenDeleItemConfig.cs,,SummerWatermelonEighTeenDeleItemConfig,1065,private int <ItemId>k__BackingField; // 0xC
code/AssetRipper_generated_CSharp/Assembly-CSharp/SummerWatermelonEighTeenProductAttenuationConfig.cs,,SummerWatermelonEighTeenProductAttenuationConfig,1070,private int <Id>k__BackingField; // 0x8
code/AssetRipper_generated_CSharp/Assembly-CSharp/SummerWatermelonEighTeenProductAttenuationConfig.cs,,SummerWatermelonEighTeenProductAttenuationConfig,1070,private int <ProductCount>k__BackingField; // 0xC
code/AssetRipper_generated_CSharp/Assembly-CSharp/SummerWatermelonEighTeenProductAttenuationConfig.cs,,SummerWatermelonEighTeenProductAttenuationConfig,1070,private float <TotalWeightMulti>k__BackingField; // 0x10
code/AssetRipper_generated_CSharp/Assembly-CSharp/SummerWatermelonEighTeenProductConfig.cs,,SummerWatermelonEighTeenProductConfig,1071,private int <Id>k__BackingField; // 0x8
code/AssetRipper_generated_CSharp/Assembly-CSharp/SummerWatermelonEighTeenProductConfig.cs,,SummerWatermelonEighTeenProductConfig,1071,private int <ItemId>k__BackingField; // 0xC
code/AssetRipper_generated_CSharp/Assembly-CSharp/SummerWatermelonEighTeenProductConfig.cs,,SummerWatermelonEighTeenProductConfig,1071,private List<int> <OutPut>k__BackingField; // 0x10
code/AssetRipper_generated_CSharp/Assembly-CSharp/SummerWatermelonEighTeenProductConfig.cs,,SummerWatermelonEighTeenProductConfig,1071,private List<int> <Weight>k__BackingField; // 0x14
code/AssetRipper_generated_CSharp/Assembly-CSharp/SummerWatermelonEighTeenProductConfig.cs,,SummerWatermelonEighTeenProductConfig,1071,private int <MaxWeight>k__BackingField; // 0x18
code/AssetRipper_generated_CSharp/Assembly-CSharp/SummerWatermelonElevenConfig.cs,,SummerWatermelonElevenConfig,1077,private int <Id>k__BackingField; // 0x8
code/AssetRipper_generated_CSharp/Assembly-CSharp/SummerWatermelonElevenConfig.cs,,SummerWatermelonElevenConfig,1077,private int <LineId>k__BackingField; // 0xC
code/AssetRipper_generated_CSharp/Assembly-CSharp/SummerWatermelonElevenConfig.cs,,SummerWatermelonElevenConfig,1077,private List<int> <InitItems>k__BackingField; // 0x10
code/AssetRipper_generated_CSharp/Assembly-CSharp/SummerWatermelonElevenConfig.cs,,SummerWatermelonElevenConfig,1077,private int <LineIdChild>k__BackingField; // 0x14
code/AssetRipper_generated_CSharp/Assembly-CSharp/SummerWatermelonElevenConfig.cs,,SummerWatermelonElevenConfig,1077,private int <BigBoardUnlockLevel>k__BackingField; // 0x18
code/AssetRipper_generated_CSharp/Assembly-CSharp/SummerWatermelonElevenConfig.cs,,SummerWatermelonElevenConfig,1077,private List<int> <NoRecycleItems>k__BackingField; // 0x1C
code/AssetRipper_generated_CSharp/Assembly-CSharp/SummerWatermelonElevenConfig.cs,,SummerWatermelonElevenConfig,1077,private int <IsOpenBP>k__BackingField; // 0x20
code/AssetRipper_generated_CSharp/Assembly-CSharp/SummerWatermelonElevenConfig.cs,,SummerWatermelonElevenConfig,1077,private int <BpShopID>k__BackingField; // 0x24
code/AssetRipper_generated_CSharp/Assembly-CSharp/SummerWatermelonElevenDeleItemConfig.cs,,SummerWatermelonElevenDeleItemConfig,1078,private int <Id>k__BackingField; // 0x8
code/AssetRipper_generated_CSharp/Assembly-CSharp/SummerWatermelonElevenDeleItemConfig.cs,,SummerWatermelonElevenDeleItemConfig,1078,private int <ItemId>k__BackingField; // 0xC
code/AssetRipper_generated_CSharp/Assembly-CSharp/SummerWatermelonElevenProductAttenuationConfig.cs,,SummerWatermelonElevenProductAttenuationConfig,1084,private int <Id>k__BackingField; // 0x8
code/AssetRipper_generated_CSharp/Assembly-CSharp/SummerWatermelonElevenProductAttenuationConfig.cs,,SummerWatermelonElevenProductAttenuationConfig,1084,private int <ProductCount>k__BackingField; // 0xC
code/AssetRipper_generated_CSharp/Assembly-CSharp/SummerWatermelonElevenProductAttenuationConfig.cs,,SummerWatermelonElevenProductAttenuationConfig,1084,private float <TotalWeightMulti>k__BackingField; // 0x10
code/AssetRipper_generated_CSharp/Assembly-CSharp/SummerWatermelonElevenProductConfig.cs,,SummerWatermelonElevenProductConfig,1085,private int <Id>k__BackingField; // 0x8
code/AssetRipper_generated_CSharp/Assembly-CSharp/SummerWatermelonElevenProductConfig.cs,,SummerWatermelonElevenProductConfig,1085,private int <ItemId>k__BackingField; // 0xC
code/AssetRipper_generated_CSharp/Assembly-CSharp/SummerWatermelonElevenProductConfig.cs,,SummerWatermelonElevenProductConfig,1085,private List<int> <OutPut>k__BackingField; // 0x10
code/AssetRipper_generated_CSharp/Assembly-CSharp/SummerWatermelonElevenProductConfig.cs,,SummerWatermelonElevenProductConfig,1085,private List<int> <Weight>k__BackingField; // 0x14
code/AssetRipper_generated_CSharp/Assembly-CSharp/SummerWatermelonElevenProductConfig.cs,,SummerWatermelonElevenProductConfig,1085,private int <MaxWeight>k__BackingField; // 0x18
code/AssetRipper_generated_CSharp/Assembly-CSharp/SummerWatermelonFifteenConfig.cs,,SummerWatermelonFifteenConfig,1094,private int <Id>k__BackingField; // 0x8
code/AssetRipper_generated_CSharp/Assembly-CSharp/SummerWatermelonFifteenConfig.cs,,SummerWatermelonFifteenConfig,1094,private int <LineId>k__BackingField; // 0xC
code/AssetRipper_generated_CSharp/Assembly-CSharp/SummerWatermelonFifteenConfig.cs,,SummerWatermelonFifteenConfig,1094,private List<int> <InitItems>k__BackingField; // 0x10
code/AssetRipper_generated_CSharp/Assembly-CSharp/SummerWatermelonFifteenConfig.cs,,SummerWatermelonFifteenConfig,1094,private int <LineIdChild>k__BackingField; // 0x14
code/AssetRipper_generated_CSharp/Assembly-CSharp/SummerWatermelonFifteenConfig.cs,,SummerWatermelonFifteenConfig,1094,private List<int> <BigBoardUnlockLevel>k__BackingField; // 0x18
code/AssetRipper_generated_CSharp/Assembly-CSharp/SummerWatermelonFifteenConfig.cs,,SummerWatermelonFifteenConfig,1094,private List<int> <NoRecycleItems>k__BackingField; // 0x1C
code/AssetRipper_generated_CSharp/Assembly-CSharp/SummerWatermelonFifteenConfig.cs,,SummerWatermelonFifteenConfig,1094,private int <IsOpenBP>k__BackingField; // 0x20
code/AssetRipper_generated_CSharp/Assembly-CSharp/SummerWatermelonFifteenConfig.cs,,SummerWatermelonFifteenConfig,1094,private int <BpShopID>k__BackingField; // 0x24
code/AssetRipper_generated_CSharp/Assembly-CSharp/SummerWatermelonFifteenDeleItemConfig.cs,,SummerWatermelonFifteenDeleItemConfig,1095,private int <Id>k__BackingField; // 0x8
code/AssetRipper_generated_CSharp/Assembly-CSharp/SummerWatermelonFifteenDeleItemConfig.cs,,SummerWatermelonFifteenDeleItemConfig,1095,private int <ItemId>k__BackingField; // 0xC
code/AssetRipper_generated_CSharp/Assembly-CSharp/SummerWatermelonFifteenProductAttenuationConfig.cs,,SummerWatermelonFifteenProductAttenuationConfig,1101,private int <Id>k__BackingField; // 0x8
code/AssetRipper_generated_CSharp/Assembly-CSharp/SummerWatermelonFifteenProductAttenuationConfig.cs,,SummerWatermelonFifteenProductAttenuationConfig,1101,private int <ProductCount>k__BackingField; // 0xC
code/AssetRipper_generated_CSharp/Assembly-CSharp/SummerWatermelonFifteenProductAttenuationConfig.cs,,SummerWatermelonFifteenProductAttenuationConfig,1101,private float <TotalWeightMulti>k__BackingField; // 0x10
code/AssetRipper_generated_CSharp/Assembly-CSharp/SummerWatermelonFifteenProductConfig.cs,,SummerWatermelonFifteenProductConfig,1102,private int <Id>k__BackingField; // 0x8
code/AssetRipper_generated_CSharp/Assembly-CSharp/SummerWatermelonFifteenProductConfig.cs,,SummerWatermelonFifteenProductConfig,1102,private int <ItemId>k__BackingField; // 0xC
code/AssetRipper_generated_CSharp/Assembly-CSharp/SummerWatermelonFifteenProductConfig.cs,,SummerWatermelonFifteenProductConfig,1102,private List<int> <OutPut>k__BackingField; // 0x10
code/AssetRipper_generated_CSharp/Assembly-CSharp/SummerWatermelonFifteenProductConfig.cs,,SummerWatermelonFifteenProductConfig,1102,private List<int> <Weight>k__BackingField; // 0x14
code/AssetRipper_generated_CSharp/Assembly-CSharp/SummerWatermelonFifteenProductConfig.cs,,SummerWatermelonFifteenProductConfig,1102,private int <MaxWeight>k__BackingField; // 0x18
code/AssetRipper_generated_CSharp/Assembly-CSharp/SummerWatermelonFiveConfig.cs,,SummerWatermelonFiveConfig,1107,private int <Id>k__BackingField; // 0x8
code/AssetRipper_generated_CSharp/Assembly-CSharp/SummerWatermelonFiveConfig.cs,,SummerWatermelonFiveConfig,1107,private int <LineId>k__BackingField; // 0xC
code/AssetRipper_generated_CSharp/Assembly-CSharp/SummerWatermelonFiveConfig.cs,,SummerWatermelonFiveConfig,1107,private List<int> <InitItems>k__BackingField; // 0x10
code/AssetRipper_generated_CSharp/Assembly-CSharp/SummerWatermelonFiveConfig.cs,,SummerWatermelonFiveConfig,1107,private int <LineIdChild>k__BackingField; // 0x14
code/AssetRipper_generated_CSharp/Assembly-CSharp/SummerWatermelonFiveConfig.cs,,SummerWatermelonFiveConfig,1107,private int <BigBoardUnlockLevel>k__BackingField; // 0x18
code/AssetRipper_generated_CSharp/Assembly-CSharp/SummerWatermelonFiveConfig.cs,,SummerWatermelonFiveConfig,1107,private List<int> <NoRecycleItems>k__BackingField; // 0x1C
code/AssetRipper_generated_CSharp/Assembly-CSharp/SummerWatermelonFiveConfig.cs,,SummerWatermelonFiveConfig,1107,private int <IsOpenBP>k__BackingField; // 0x20
code/AssetRipper_generated_CSharp/Assembly-CSharp/SummerWatermelonFiveConfig.cs,,SummerWatermelonFiveConfig,1107,private int <BpShopID>k__BackingField; // 0x24
code/AssetRipper_generated_CSharp/Assembly-CSharp/SummerWatermelonFiveDeleItemConfig.cs,,SummerWatermelonFiveDeleItemConfig,1108,private int <Id>k__BackingField; // 0x8
code/AssetRipper_generated_CSharp/Assembly-CSharp/SummerWatermelonFiveDeleItemConfig.cs,,SummerWatermelonFiveDeleItemConfig,1108,private int <ItemId>k__BackingField; // 0xC
code/AssetRipper_generated_CSharp/Assembly-CSharp/SummerWatermelonFiveProductAttenuationConfig.cs,,SummerWatermelonFiveProductAttenuationConfig,1114,private int <Id>k__BackingField; // 0x8
code/AssetRipper_generated_CSharp/Assembly-CSharp/SummerWatermelonFiveProductAttenuationConfig.cs,,SummerWatermelonFiveProductAttenuationConfig,1114,private int <ProductCount>k__BackingField; // 0xC
code/AssetRipper_generated_CSharp/Assembly-CSharp/SummerWatermelonFiveProductAttenuationConfig.cs,,SummerWatermelonFiveProductAttenuationConfig,1114,private float <TotalWeightMulti>k__BackingField; // 0x10
code/AssetRipper_generated_CSharp/Assembly-CSharp/SummerWatermelonFiveProductConfig.cs,,SummerWatermelonFiveProductConfig,1115,private int <Id>k__BackingField; // 0x8
code/AssetRipper_generated_CSharp/Assembly-CSharp/SummerWatermelonFiveProductConfig.cs,,SummerWatermelonFiveProductConfig,1115,private int <ItemId>k__BackingField; // 0xC
code/AssetRipper_generated_CSharp/Assembly-CSharp/SummerWatermelonFiveProductConfig.cs,,SummerWatermelonFiveProductConfig,1115,private List<int> <OutPut>k__BackingField; // 0x10
code/AssetRipper_generated_CSharp/Assembly-CSharp/SummerWatermelonFiveProductConfig.cs,,SummerWatermelonFiveProductConfig,1115,private List<int> <Weight>k__BackingField; // 0x14
code/AssetRipper_generated_CSharp/Assembly-CSharp/SummerWatermelonFiveProductConfig.cs,,SummerWatermelonFiveProductConfig,1115,private int <MaxWeight>k__BackingField; // 0x18
code/AssetRipper_generated_CSharp/Assembly-CSharp/BigBoardGridFour.cs,,BigBoardGridFour,1116,private int <Id>k__BackingField; // 0x8
code/AssetRipper_generated_CSharp/Assembly-CSharp/BigBoardGridFour.cs,,BigBoardGridFour,1116,private int <ItemId>k__BackingField; // 0xC
code/AssetRipper_generated_CSharp/Assembly-CSharp/BigBoardGridFour.cs,,BigBoardGridFour,1116,private int <State>k__BackingField; // 0x10
code/AssetRipper_generated_CSharp/Assembly-CSharp/BigBoardGridFour.cs,,BigBoardGridFour,1116,private int <UnlockState>k__BackingField; // 0x14
code/AssetRipper_generated_CSharp/Assembly-CSharp/BigBoardGridFour.cs,,BigBoardGridFour,1116,private List<int> <ReplaceItem>k__BackingField; // 0x18
code/AssetRipper_generated_CSharp/Assembly-CSharp/SummerWatermelonFourConfig.cs,,SummerWatermelonFourConfig,1119,private int <Id>k__BackingField; // 0x8
code/AssetRipper_generated_CSharp/Assembly-CSharp/SummerWatermelonFourConfig.cs,,SummerWatermelonFourConfig,1119,private int <Hoe>k__BackingField; // 0xC
code/AssetRipper_generated_CSharp/Assembly-CSharp/SummerWatermelonFourConfig.cs,,SummerWatermelonFourConfig,1119,private List<int> <RecycleItems>k__BackingField; // 0x10
code/AssetRipper_generated_CSharp/Assembly-CSharp/SummerWatermelonFourConfig.cs,,SummerWatermelonFourConfig,1119,private List<int> <CollectAllReward>k__BackingField; // 0x14
code/AssetRipper_generated_CSharp/Assembly-CSharp/SummerWatermelonFourConfig.cs,,SummerWatermelonFourConfig,1119,private List<int> <CollectAllRewardCount>k__BackingField; // 0x18
code/AssetRipper_generated_CSharp/Assembly-CSharp/SummerWatermelonFourDeleItemConfig.cs,,SummerWatermelonFourDeleItemConfig,1120,private int <Id>k__BackingField; // 0x8
code/AssetRipper_generated_CSharp/Assembly-CSharp/SummerWatermelonFourDeleItemConfig.cs,,SummerWatermelonFourDeleItemConfig,1120,private int <ItemId>k__BackingField; // 0xC
code/AssetRipper_generated_CSharp/Assembly-CSharp/SummerWatermelonFourteenConfig.cs,,SummerWatermelonFourteenConfig,1131,private int <Id>k__BackingField; // 0x8
code/AssetRipper_generated_CSharp/Assembly-CSharp/SummerWatermelonFourteenConfig.cs,,SummerWatermelonFourteenConfig,1131,private int <LineId>k__BackingField; // 0xC
code/AssetRipper_generated_CSharp/Assembly-CSharp/SummerWatermelonFourteenConfig.cs,,SummerWatermelonFourteenConfig,1131,private List<int> <InitItems>k__BackingField; // 0x10
code/AssetRipper_generated_CSharp/Assembly-CSharp/SummerWatermelonFourteenConfig.cs,,SummerWatermelonFourteenConfig,1131,private int <LineIdChild>k__BackingField; // 0x14
code/AssetRipper_generated_CSharp/Assembly-CSharp/SummerWatermelonFourteenConfig.cs,,SummerWatermelonFourteenConfig,1131,private int <BigBoardUnlockLevel>k__BackingField; // 0x18
code/AssetRipper_generated_CSharp/Assembly-CSharp/SummerWatermelonFourteenConfig.cs,,SummerWatermelonFourteenConfig,1131,private List<int> <NoRecycleItems>k__BackingField; // 0x1C
code/AssetRipper_generated_CSharp/Assembly-CSharp/SummerWatermelonFourteenConfig.cs,,SummerWatermelonFourteenConfig,1131,private int <IsOpenBP>k__BackingField; // 0x20
code/AssetRipper_generated_CSharp/Assembly-CSharp/SummerWatermelonFourteenConfig.cs,,SummerWatermelonFourteenConfig,1131,private int <BpShopID>k__BackingField; // 0x24
code/AssetRipper_generated_CSharp/Assembly-CSharp/SummerWatermelonFourteenDeleItemConfig.cs,,SummerWatermelonFourteenDeleItemConfig,1132,private int <Id>k__BackingField; // 0x8
code/AssetRipper_generated_CSharp/Assembly-CSharp/SummerWatermelonFourteenDeleItemConfig.cs,,SummerWatermelonFourteenDeleItemConfig,1132,private int <ItemId>k__BackingField; // 0xC
code/AssetRipper_generated_CSharp/Assembly-CSharp/SummerWatermelonFourteenProductAttenuationConfig.cs,,SummerWatermelonFourteenProductAttenuationConfig,1137,private int <Id>k__BackingField; // 0x8
code/AssetRipper_generated_CSharp/Assembly-CSharp/SummerWatermelonFourteenProductAttenuationConfig.cs,,SummerWatermelonFourteenProductAttenuationConfig,1137,private int <ProductCount>k__BackingField; // 0xC
code/AssetRipper_generated_CSharp/Assembly-CSharp/SummerWatermelonFourteenProductAttenuationConfig.cs,,SummerWatermelonFourteenProductAttenuationConfig,1137,private float <TotalWeightMulti>k__BackingField; // 0x10
code/AssetRipper_generated_CSharp/Assembly-CSharp/SummerWatermelonFourteenProductConfig.cs,,SummerWatermelonFourteenProductConfig,1138,private int <Id>k__BackingField; // 0x8
code/AssetRipper_generated_CSharp/Assembly-CSharp/SummerWatermelonFourteenProductConfig.cs,,SummerWatermelonFourteenProductConfig,1138,private int <ItemId>k__BackingField; // 0xC
code/AssetRipper_generated_CSharp/Assembly-CSharp/SummerWatermelonFourteenProductConfig.cs,,SummerWatermelonFourteenProductConfig,1138,private List<int> <OutPut>k__BackingField; // 0x10
code/AssetRipper_generated_CSharp/Assembly-CSharp/SummerWatermelonFourteenProductConfig.cs,,SummerWatermelonFourteenProductConfig,1138,private List<int> <Weight>k__BackingField; // 0x14
code/AssetRipper_generated_CSharp/Assembly-CSharp/SummerWatermelonFourteenProductConfig.cs,,SummerWatermelonFourteenProductConfig,1138,private int <MaxWeight>k__BackingField; // 0x18
code/AssetRipper_generated_CSharp/Assembly-CSharp/SummerWatermelonTwentyEightConfig.cs,,SummerWatermelonTwentyEightConfig,1145,private int <Id>k__BackingField; // 0x8
code/AssetRipper_generated_CSharp/Assembly-CSharp/SummerWatermelonTwentyEightConfig.cs,,SummerWatermelonTwentyEightConfig,1145,private int <LineId>k__BackingField; // 0xC
code/AssetRipper_generated_CSharp/Assembly-CSharp/SummerWatermelonTwentyEightConfig.cs,,SummerWatermelonTwentyEightConfig,1145,private List<int> <InitItems>k__BackingField; // 0x10
code/AssetRipper_generated_CSharp/Assembly-CSharp/SummerWatermelonTwentyEightConfig.cs,,SummerWatermelonTwentyEightConfig,1145,private int <LineIdChild>k__BackingField; // 0x14
code/AssetRipper_generated_CSharp/Assembly-CSharp/SummerWatermelonTwentyEightConfig.cs,,SummerWatermelonTwentyEightConfig,1145,private List<int> <BigBoardUnlockLevel>k__BackingField; // 0x18
code/AssetRipper_generated_CSharp/Assembly-CSharp/SummerWatermelonTwentyEightConfig.cs,,SummerWatermelonTwentyEightConfig,1145,private List<int> <NoRecycleItems>k__BackingField; // 0x1C
code/AssetRipper_generated_CSharp/Assembly-CSharp/SummerWatermelonTwentyEightConfig.cs,,SummerWatermelonTwentyEightConfig,1145,private int <IsOpenBP>k__BackingField; // 0x20
code/AssetRipper_generated_CSharp/Assembly-CSharp/SummerWatermelonTwentyEightConfig.cs,,SummerWatermelonTwentyEightConfig,1145,private int <BpShopID>k__BackingField; // 0x24
code/AssetRipper_generated_CSharp/Assembly-CSharp/SummerWatermelonTwentyEightConfig.cs,,SummerWatermelonTwentyEightConfig,1145,private int <DecorationLevel>k__BackingField; // 0x28
code/AssetRipper_generated_CSharp/Assembly-CSharp/SummerWatermelonTwentyEightDeleItemConfig.cs,,SummerWatermelonTwentyEightDeleItemConfig,1146,private int <Id>k__BackingField; // 0x8
code/AssetRipper_generated_CSharp/Assembly-CSharp/SummerWatermelonTwentyEightDeleItemConfig.cs,,SummerWatermelonTwentyEightDeleItemConfig,1146,private int <ItemId>k__BackingField; // 0xC
code/AssetRipper_generated_CSharp/Assembly-CSharp/SummerWatermelonTwentyEightProductAttenuationConfig.cs,,SummerWatermelonTwentyEightProductAttenuationConfig,1152,private int <Id>k__BackingField; // 0x8
code/AssetRipper_generated_CSharp/Assembly-CSharp/SummerWatermelonTwentyEightProductAttenuationConfig.cs,,SummerWatermelonTwentyEightProductAttenuationConfig,1152,private int <ProductCount>k__BackingField; // 0xC
code/AssetRipper_generated_CSharp/Assembly-CSharp/SummerWatermelonTwentyEightProductAttenuationConfig.cs,,SummerWatermelonTwentyEightProductAttenuationConfig,1152,private float <TotalWeightMulti>k__BackingField; // 0x10
code/AssetRipper_generated_CSharp/Assembly-CSharp/SummerWatermelonTwentyEightProductConfig.cs,,SummerWatermelonTwentyEightProductConfig,1153,private int <Id>k__BackingField; // 0x8
code/AssetRipper_generated_CSharp/Assembly-CSharp/SummerWatermelonTwentyEightProductConfig.cs,,SummerWatermelonTwentyEightProductConfig,1153,private int <ItemId>k__BackingField; // 0xC
code/AssetRipper_generated_CSharp/Assembly-CSharp/SummerWatermelonTwentyEightProductConfig.cs,,SummerWatermelonTwentyEightProductConfig,1153,private List<int> <OutPut>k__BackingField; // 0x10
code/AssetRipper_generated_CSharp/Assembly-CSharp/SummerWatermelonTwentyEightProductConfig.cs,,SummerWatermelonTwentyEightProductConfig,1153,private List<int> <Weight>k__BackingField; // 0x14
code/AssetRipper_generated_CSharp/Assembly-CSharp/SummerWatermelonTwentyEightProductConfig.cs,,SummerWatermelonTwentyEightProductConfig,1153,private int <MaxWeight>k__BackingField; // 0x18
code/AssetRipper_generated_CSharp/Assembly-CSharp/SummerWatermelonThirtyOneConfig.cs,,SummerWatermelonThirtyOneConfig,1157,private int <Id>k__BackingField; // 0x8
code/AssetRipper_generated_CSharp/Assembly-CSharp/SummerWatermelonThirtyOneConfig.cs,,SummerWatermelonThirtyOneConfig,1157,private int <LineId>k__BackingField; // 0xC
code/AssetRipper_generated_CSharp/Assembly-CSharp/SummerWatermelonThirtyOneConfig.cs,,SummerWatermelonThirtyOneConfig,1157,private List<int> <InitItems>k__BackingField; // 0x10
code/AssetRipper_generated_CSharp/Assembly-CSharp/SummerWatermelonThirtyOneConfig.cs,,SummerWatermelonThirtyOneConfig,1157,private int <LineIdChild>k__BackingField; // 0x14
code/AssetRipper_generated_CSharp/Assembly-CSharp/SummerWatermelonThirtyOneConfig.cs,,SummerWatermelonThirtyOneConfig,1157,private int <BigBoardUnlockLevel>k__BackingField; // 0x18
code/AssetRipper_generated_CSharp/Assembly-CSharp/SummerWatermelonThirtyOneConfig.cs,,SummerWatermelonThirtyOneConfig,1157,private List<int> <NoRecycleItems>k__BackingField; // 0x1C
code/AssetRipper_generated_CSharp/Assembly-CSharp/SummerWatermelonThirtyOneConfig.cs,,SummerWatermelonThirtyOneConfig,1157,private int <IsOpenBP>k__BackingField; // 0x20
code/AssetRipper_generated_CSharp/Assembly-CSharp/SummerWatermelonThirtyOneConfig.cs,,SummerWatermelonThirtyOneConfig,1157,private int <BpShopID>k__BackingField; // 0x24
code/AssetRipper_generated_CSharp/Assembly-CSharp/SummerWatermelonThirtyOneConfig.cs,,SummerWatermelonThirtyOneConfig,1157,private List<int> <UnlockItemIds>k__BackingField; // 0x28
code/AssetRipper_generated_CSharp/Assembly-CSharp/SummerWatermelonThirtyOneConfig.cs,,SummerWatermelonThirtyOneConfig,1157,private int <UnlockStep>k__BackingField; // 0x2C
code/AssetRipper_generated_CSharp/Assembly-CSharp/SummerWatermelonThirtyOneConfig.cs,,SummerWatermelonThirtyOneConfig,1157,private List<int> <MoveCheckNum>k__BackingField; // 0x30
code/AssetRipper_generated_CSharp/Assembly-CSharp/SummerWatermelonThirtyOneDeleItemConfig.cs,,SummerWatermelonThirtyOneDeleItemConfig,1158,private int <Id>k__BackingField; // 0x8
code/AssetRipper_generated_CSharp/Assembly-CSharp/SummerWatermelonThirtyOneDeleItemConfig.cs,,SummerWatermelonThirtyOneDeleItemConfig,1158,private int <ItemId>k__BackingField; // 0xC
code/AssetRipper_generated_CSharp/Assembly-CSharp/SummerWatermelonThirtyOneProductAttenuationConfig.cs,,SummerWatermelonThirtyOneProductAttenuationConfig,1164,private int <Id>k__BackingField; // 0x8
code/AssetRipper_generated_CSharp/Assembly-CSharp/SummerWatermelonThirtyOneProductAttenuationConfig.cs,,SummerWatermelonThirtyOneProductAttenuationConfig,1164,private int <ProductCount>k__BackingField; // 0xC
code/AssetRipper_generated_CSharp/Assembly-CSharp/SummerWatermelonThirtyOneProductAttenuationConfig.cs,,SummerWatermelonThirtyOneProductAttenuationConfig,1164,private float <TotalWeightMulti>k__BackingField; // 0x10
code/AssetRipper_generated_CSharp/Assembly-CSharp/SummerWatermelonThirtyOneProductConfig.cs,,SummerWatermelonThirtyOneProductConfig,1165,private int <Id>k__BackingField; // 0x8
code/AssetRipper_generated_CSharp/Assembly-CSharp/SummerWatermelonThirtyOneProductConfig.cs,,SummerWatermelonThirtyOneProductConfig,1165,private int <ItemId>k__BackingField; // 0xC
code/AssetRipper_generated_CSharp/Assembly-CSharp/SummerWatermelonThirtyOneProductConfig.cs,,SummerWatermelonThirtyOneProductConfig,1165,private List<int> <OutPut>k__BackingField; // 0x10
code/AssetRipper_generated_CSharp/Assembly-CSharp/SummerWatermelonThirtyOneProductConfig.cs,,SummerWatermelonThirtyOneProductConfig,1165,private List<int> <Weight>k__BackingField; // 0x14
code/AssetRipper_generated_CSharp/Assembly-CSharp/SummerWatermelonThirtyOneProductConfig.cs,,SummerWatermelonThirtyOneProductConfig,1165,private int <MaxWeight>k__BackingField; // 0x18
code/AssetRipper_generated_CSharp/Assembly-CSharp/SummerWatermelonNineConfig.cs,,SummerWatermelonNineConfig,1169,private int <Id>k__BackingField; // 0x8
code/AssetRipper_generated_CSharp/Assembly-CSharp/SummerWatermelonNineConfig.cs,,SummerWatermelonNineConfig,1169,private int <LineId>k__BackingField; // 0xC
code/AssetRipper_generated_CSharp/Assembly-CSharp/SummerWatermelonNineConfig.cs,,SummerWatermelonNineConfig,1169,private List<int> <InitItems>k__BackingField; // 0x10
code/AssetRipper_generated_CSharp/Assembly-CSharp/SummerWatermelonNineConfig.cs,,SummerWatermelonNineConfig,1169,private int <LineIdChild>k__BackingField; // 0x14
code/AssetRipper_generated_CSharp/Assembly-CSharp/SummerWatermelonNineConfig.cs,,SummerWatermelonNineConfig,1169,private int <BigBoardUnlockLevel>k__BackingField; // 0x18
code/AssetRipper_generated_CSharp/Assembly-CSharp/SummerWatermelonNineConfig.cs,,SummerWatermelonNineConfig,1169,private List<int> <NoRecycleItems>k__BackingField; // 0x1C
code/AssetRipper_generated_CSharp/Assembly-CSharp/SummerWatermelonNineDeleItemConfig.cs,,SummerWatermelonNineDeleItemConfig,1170,private int <Id>k__BackingField; // 0x8
code/AssetRipper_generated_CSharp/Assembly-CSharp/SummerWatermelonNineDeleItemConfig.cs,,SummerWatermelonNineDeleItemConfig,1170,private int <ItemId>k__BackingField; // 0xC
code/AssetRipper_generated_CSharp/Assembly-CSharp/SummerWatermelonNineProductAttenuationConfig.cs,,SummerWatermelonNineProductAttenuationConfig,1175,private int <Id>k__BackingField; // 0x8
code/AssetRipper_generated_CSharp/Assembly-CSharp/SummerWatermelonNineProductAttenuationConfig.cs,,SummerWatermelonNineProductAttenuationConfig,1175,private int <ProductCount>k__BackingField; // 0xC
code/AssetRipper_generated_CSharp/Assembly-CSharp/SummerWatermelonNineProductAttenuationConfig.cs,,SummerWatermelonNineProductAttenuationConfig,1175,private float <TotalWeightMulti>k__BackingField; // 0x10
code/AssetRipper_generated_CSharp/Assembly-CSharp/SummerWatermelonNineProductConfig.cs,,SummerWatermelonNineProductConfig,1176,private int <Id>k__BackingField; // 0x8
code/AssetRipper_generated_CSharp/Assembly-CSharp/SummerWatermelonNineProductConfig.cs,,SummerWatermelonNineProductConfig,1176,private int <ItemId>k__BackingField; // 0xC
code/AssetRipper_generated_CSharp/Assembly-CSharp/SummerWatermelonNineProductConfig.cs,,SummerWatermelonNineProductConfig,1176,private List<int> <OutPut>k__BackingField; // 0x10
code/AssetRipper_generated_CSharp/Assembly-CSharp/SummerWatermelonNineProductConfig.cs,,SummerWatermelonNineProductConfig,1176,private List<int> <Weight>k__BackingField; // 0x14
code/AssetRipper_generated_CSharp/Assembly-CSharp/SummerWatermelonNineProductConfig.cs,,SummerWatermelonNineProductConfig,1176,private int <MaxWeight>k__BackingField; // 0x18
code/AssetRipper_generated_CSharp/Assembly-CSharp/SummerWatermelonNineteenConfig.cs,,SummerWatermelonNineteenConfig,1183,private int <Id>k__BackingField; // 0x8
code/AssetRipper_generated_CSharp/Assembly-CSharp/SummerWatermelonNineteenConfig.cs,,SummerWatermelonNineteenConfig,1183,private int <LineId>k__BackingField; // 0xC
code/AssetRipper_generated_CSharp/Assembly-CSharp/SummerWatermelonNineteenConfig.cs,,SummerWatermelonNineteenConfig,1183,private List<int> <InitItems>k__BackingField; // 0x10
code/AssetRipper_generated_CSharp/Assembly-CSharp/SummerWatermelonNineteenConfig.cs,,SummerWatermelonNineteenConfig,1183,private int <LineIdChild>k__BackingField; // 0x14
code/AssetRipper_generated_CSharp/Assembly-CSharp/SummerWatermelonNineteenConfig.cs,,SummerWatermelonNineteenConfig,1183,private List<int> <BigBoardUnlockLevel>k__BackingField; // 0x18
code/AssetRipper_generated_CSharp/Assembly-CSharp/SummerWatermelonNineteenConfig.cs,,SummerWatermelonNineteenConfig,1183,private List<int> <NoRecycleItems>k__BackingField; // 0x1C
code/AssetRipper_generated_CSharp/Assembly-CSharp/SummerWatermelonNineteenConfig.cs,,SummerWatermelonNineteenConfig,1183,private int <IsOpenBP>k__BackingField; // 0x20
code/AssetRipper_generated_CSharp/Assembly-CSharp/SummerWatermelonNineteenConfig.cs,,SummerWatermelonNineteenConfig,1183,private int <BpShopID>k__BackingField; // 0x24
code/AssetRipper_generated_CSharp/Assembly-CSharp/SummerWatermelonNineteenConfig.cs,,SummerWatermelonNineteenConfig,1183,private int <DecorationLevel>k__BackingField; // 0x28
code/AssetRipper_generated_CSharp/Assembly-CSharp/SummerWatermelonNineteenDeleItemConfig.cs,,SummerWatermelonNineteenDeleItemConfig,1184,private int <Id>k__BackingField; // 0x8
code/AssetRipper_generated_CSharp/Assembly-CSharp/SummerWatermelonNineteenDeleItemConfig.cs,,SummerWatermelonNineteenDeleItemConfig,1184,private int <ItemId>k__BackingField; // 0xC
code/AssetRipper_generated_CSharp/Assembly-CSharp/SummerWatermelonNineteenProductAttenuationConfig.cs,,SummerWatermelonNineteenProductAttenuationConfig,1190,private int <Id>k__BackingField; // 0x8
code/AssetRipper_generated_CSharp/Assembly-CSharp/SummerWatermelonNineteenProductAttenuationConfig.cs,,SummerWatermelonNineteenProductAttenuationConfig,1190,private int <ProductCount>k__BackingField; // 0xC
code/AssetRipper_generated_CSharp/Assembly-CSharp/SummerWatermelonNineteenProductAttenuationConfig.cs,,SummerWatermelonNineteenProductAttenuationConfig,1190,private float <TotalWeightMulti>k__BackingField; // 0x10
code/AssetRipper_generated_CSharp/Assembly-CSharp/SummerWatermelonNineteenProductConfig.cs,,SummerWatermelonNineteenProductConfig,1191,private int <Id>k__BackingField; // 0x8
code/AssetRipper_generated_CSharp/Assembly-CSharp/SummerWatermelonNineteenProductConfig.cs,,SummerWatermelonNineteenProductConfig,1191,private int <ItemId>k__BackingField; // 0xC
code/AssetRipper_generated_CSharp/Assembly-CSharp/SummerWatermelonNineteenProductConfig.cs,,SummerWatermelonNineteenProductConfig,1191,private List<int> <OutPut>k__BackingField; // 0x10
code/AssetRipper_generated_CSharp/Assembly-CSharp/SummerWatermelonNineteenProductConfig.cs,,SummerWatermelonNineteenProductConfig,1191,private List<int> <Weight>k__BackingField; // 0x14
code/AssetRipper_generated_CSharp/Assembly-CSharp/SummerWatermelonNineteenProductConfig.cs,,SummerWatermelonNineteenProductConfig,1191,private int <MaxWeight>k__BackingField; // 0x18
code/AssetRipper_generated_CSharp/Assembly-CSharp/SummerWatermelonTwentyNineConfig.cs,,SummerWatermelonTwentyNineConfig,1195,private int <Id>k__BackingField; // 0x8
code/AssetRipper_generated_CSharp/Assembly-CSharp/SummerWatermelonTwentyNineConfig.cs,,SummerWatermelonTwentyNineConfig,1195,private int <LineId>k__BackingField; // 0xC
code/AssetRipper_generated_CSharp/Assembly-CSharp/SummerWatermelonTwentyNineConfig.cs,,SummerWatermelonTwentyNineConfig,1195,private List<int> <InitItems>k__BackingField; // 0x10
code/AssetRipper_generated_CSharp/Assembly-CSharp/SummerWatermelonTwentyNineConfig.cs,,SummerWatermelonTwentyNineConfig,1195,private int <LineIdChild>k__BackingField; // 0x14
code/AssetRipper_generated_CSharp/Assembly-CSharp/SummerWatermelonTwentyNineConfig.cs,,SummerWatermelonTwentyNineConfig,1195,private int <BigBoardUnlockLevel>k__BackingField; // 0x18
code/AssetRipper_generated_CSharp/Assembly-CSharp/SummerWatermelonTwentyNineConfig.cs,,SummerWatermelonTwentyNineConfig,1195,private List<int> <NoRecycleItems>k__BackingField; // 0x1C
code/AssetRipper_generated_CSharp/Assembly-CSharp/SummerWatermelonTwentyNineConfig.cs,,SummerWatermelonTwentyNineConfig,1195,private int <IsOpenBP>k__BackingField; // 0x20
code/AssetRipper_generated_CSharp/Assembly-CSharp/SummerWatermelonTwentyNineConfig.cs,,SummerWatermelonTwentyNineConfig,1195,private int <BpShopID>k__BackingField; // 0x24
code/AssetRipper_generated_CSharp/Assembly-CSharp/SummerWatermelonTwentyNineConfig.cs,,SummerWatermelonTwentyNineConfig,1195,private List<int> <UnlockItemIds>k__BackingField; // 0x28
code/AssetRipper_generated_CSharp/Assembly-CSharp/SummerWatermelonTwentyNineConfig.cs,,SummerWatermelonTwentyNineConfig,1195,private int <UnlockStep>k__BackingField; // 0x2C
code/AssetRipper_generated_CSharp/Assembly-CSharp/SummerWatermelonTwentyNineConfig.cs,,SummerWatermelonTwentyNineConfig,1195,private List<int> <MoveCheckNum>k__BackingField; // 0x30
code/AssetRipper_generated_CSharp/Assembly-CSharp/SummerWatermelonTwentyNineDeleItemConfig.cs,,SummerWatermelonTwentyNineDeleItemConfig,1196,private int <Id>k__BackingField; // 0x8
code/AssetRipper_generated_CSharp/Assembly-CSharp/SummerWatermelonTwentyNineDeleItemConfig.cs,,SummerWatermelonTwentyNineDeleItemConfig,1196,private int <ItemId>k__BackingField; // 0xC
code/AssetRipper_generated_CSharp/Assembly-CSharp/SummerWatermelonTwentyNineProductAttenuationConfig.cs,,SummerWatermelonTwentyNineProductAttenuationConfig,1202,private int <Id>k__BackingField; // 0x8
code/AssetRipper_generated_CSharp/Assembly-CSharp/SummerWatermelonTwentyNineProductAttenuationConfig.cs,,SummerWatermelonTwentyNineProductAttenuationConfig,1202,private int <ProductCount>k__BackingField; // 0xC
code/AssetRipper_generated_CSharp/Assembly-CSharp/SummerWatermelonTwentyNineProductAttenuationConfig.cs,,SummerWatermelonTwentyNineProductAttenuationConfig,1202,private float <TotalWeightMulti>k__BackingField; // 0x10
code/AssetRipper_generated_CSharp/Assembly-CSharp/SummerWatermelonTwentyNineProductConfig.cs,,SummerWatermelonTwentyNineProductConfig,1203,private int <Id>k__BackingField; // 0x8
code/AssetRipper_generated_CSharp/Assembly-CSharp/SummerWatermelonTwentyNineProductConfig.cs,,SummerWatermelonTwentyNineProductConfig,1203,private int <ItemId>k__BackingField; // 0xC
code/AssetRipper_generated_CSharp/Assembly-CSharp/SummerWatermelonTwentyNineProductConfig.cs,,SummerWatermelonTwentyNineProductConfig,1203,private List<int> <OutPut>k__BackingField; // 0x10
code/AssetRipper_generated_CSharp/Assembly-CSharp/SummerWatermelonTwentyNineProductConfig.cs,,SummerWatermelonTwentyNineProductConfig,1203,private List<int> <Weight>k__BackingField; // 0x14
code/AssetRipper_generated_CSharp/Assembly-CSharp/SummerWatermelonTwentyNineProductConfig.cs,,SummerWatermelonTwentyNineProductConfig,1203,private int <MaxWeight>k__BackingField; // 0x18
code/AssetRipper_generated_CSharp/Assembly-CSharp/SummerWatermelonThirtyTwoConfig.cs,,SummerWatermelonThirtyTwoConfig,1210,private int <Id>k__BackingField; // 0x8
code/AssetRipper_generated_CSharp/Assembly-CSharp/SummerWatermelonThirtyTwoConfig.cs,,SummerWatermelonThirtyTwoConfig,1210,private int <LineId>k__BackingField; // 0xC
code/AssetRipper_generated_CSharp/Assembly-CSharp/SummerWatermelonThirtyTwoConfig.cs,,SummerWatermelonThirtyTwoConfig,1210,private List<int> <InitItems>k__BackingField; // 0x10
code/AssetRipper_generated_CSharp/Assembly-CSharp/SummerWatermelonThirtyTwoConfig.cs,,SummerWatermelonThirtyTwoConfig,1210,private int <LineIdChild>k__BackingField; // 0x14
code/AssetRipper_generated_CSharp/Assembly-CSharp/SummerWatermelonThirtyTwoConfig.cs,,SummerWatermelonThirtyTwoConfig,1210,private List<int> <BigBoardUnlockLevel>k__BackingField; // 0x18
code/AssetRipper_generated_CSharp/Assembly-CSharp/SummerWatermelonThirtyTwoConfig.cs,,SummerWatermelonThirtyTwoConfig,1210,private List<int> <NoRecycleItems>k__BackingField; // 0x1C
code/AssetRipper_generated_CSharp/Assembly-CSharp/SummerWatermelonThirtyTwoConfig.cs,,SummerWatermelonThirtyTwoConfig,1210,private int <IsOpenBP>k__BackingField; // 0x20
code/AssetRipper_generated_CSharp/Assembly-CSharp/SummerWatermelonThirtyTwoConfig.cs,,SummerWatermelonThirtyTwoConfig,1210,private int <BpShopID>k__BackingField; // 0x24
code/AssetRipper_generated_CSharp/Assembly-CSharp/SummerWatermelonThirtyTwoConfig.cs,,SummerWatermelonThirtyTwoConfig,1210,private int <DecorationLevel>k__BackingField; // 0x28
code/AssetRipper_generated_CSharp/Assembly-CSharp/SummerWatermelonThirtyTwoDeleItemConfig.cs,,SummerWatermelonThirtyTwoDeleItemConfig,1211,private int <Id>k__BackingField; // 0x8
code/AssetRipper_generated_CSharp/Assembly-CSharp/SummerWatermelonThirtyTwoDeleItemConfig.cs,,SummerWatermelonThirtyTwoDeleItemConfig,1211,private int <ItemId>k__BackingField; // 0xC
code/AssetRipper_generated_CSharp/Assembly-CSharp/SummerWatermelonThirtyTwoProductAttenuationConfig.cs,,SummerWatermelonThirtyTwoProductAttenuationConfig,1217,private int <Id>k__BackingField; // 0x8
code/AssetRipper_generated_CSharp/Assembly-CSharp/SummerWatermelonThirtyTwoProductAttenuationConfig.cs,,SummerWatermelonThirtyTwoProductAttenuationConfig,1217,private int <ProductCount>k__BackingField; // 0xC
code/AssetRipper_generated_CSharp/Assembly-CSharp/SummerWatermelonThirtyTwoProductAttenuationConfig.cs,,SummerWatermelonThirtyTwoProductAttenuationConfig,1217,private float <TotalWeightMulti>k__BackingField; // 0x10
code/AssetRipper_generated_CSharp/Assembly-CSharp/SummerWatermelonThirtyTwoProductConfig.cs,,SummerWatermelonThirtyTwoProductConfig,1218,private int <Id>k__BackingField; // 0x8
code/AssetRipper_generated_CSharp/Assembly-CSharp/SummerWatermelonThirtyTwoProductConfig.cs,,SummerWatermelonThirtyTwoProductConfig,1218,private int <ItemId>k__BackingField; // 0xC
code/AssetRipper_generated_CSharp/Assembly-CSharp/SummerWatermelonThirtyTwoProductConfig.cs,,SummerWatermelonThirtyTwoProductConfig,1218,private List<int> <OutPut>k__BackingField; // 0x10
code/AssetRipper_generated_CSharp/Assembly-CSharp/SummerWatermelonThirtyTwoProductConfig.cs,,SummerWatermelonThirtyTwoProductConfig,1218,private List<int> <Weight>k__BackingField; // 0x14
code/AssetRipper_generated_CSharp/Assembly-CSharp/SummerWatermelonThirtyTwoProductConfig.cs,,SummerWatermelonThirtyTwoProductConfig,1218,private int <MaxWeight>k__BackingField; // 0x18
code/AssetRipper_generated_CSharp/Assembly-CSharp/SummerWatermelonSevenConfig.cs,,SummerWatermelonSevenConfig,1222,private int <Id>k__BackingField; // 0x8
code/AssetRipper_generated_CSharp/Assembly-CSharp/SummerWatermelonSevenConfig.cs,,SummerWatermelonSevenConfig,1222,private int <LineId>k__BackingField; // 0xC
code/AssetRipper_generated_CSharp/Assembly-CSharp/SummerWatermelonSevenConfig.cs,,SummerWatermelonSevenConfig,1222,private List<int> <InitItems>k__BackingField; // 0x10
code/AssetRipper_generated_CSharp/Assembly-CSharp/SummerWatermelonSevenConfig.cs,,SummerWatermelonSevenConfig,1222,private int <LineIdChild>k__BackingField; // 0x14
code/AssetRipper_generated_CSharp/Assembly-CSharp/SummerWatermelonSevenConfig.cs,,SummerWatermelonSevenConfig,1222,private int <BigBoardUnlockLevel>k__BackingField; // 0x18
code/AssetRipper_generated_CSharp/Assembly-CSharp/SummerWatermelonSevenConfig.cs,,SummerWatermelonSevenConfig,1222,private List<int> <NoRecycleItems>k__BackingField; // 0x1C
code/AssetRipper_generated_CSharp/Assembly-CSharp/SummerWatermelonSevenDeleItemConfig.cs,,SummerWatermelonSevenDeleItemConfig,1223,private int <Id>k__BackingField; // 0x8
code/AssetRipper_generated_CSharp/Assembly-CSharp/SummerWatermelonSevenDeleItemConfig.cs,,SummerWatermelonSevenDeleItemConfig,1223,private int <ItemId>k__BackingField; // 0xC
code/AssetRipper_generated_CSharp/Assembly-CSharp/SummerWatermelonSevenProductAttenuationConfig.cs,,SummerWatermelonSevenProductAttenuationConfig,1228,private int <Id>k__BackingField; // 0x8
code/AssetRipper_generated_CSharp/Assembly-CSharp/SummerWatermelonSevenProductAttenuationConfig.cs,,SummerWatermelonSevenProductAttenuationConfig,1228,private int <ProductCount>k__BackingField; // 0xC
code/AssetRipper_generated_CSharp/Assembly-CSharp/SummerWatermelonSevenProductAttenuationConfig.cs,,SummerWatermelonSevenProductAttenuationConfig,1228,private float <TotalWeightMulti>k__BackingField; // 0x10
code/AssetRipper_generated_CSharp/Assembly-CSharp/SummerWatermelonSevenProductConfig.cs,,SummerWatermelonSevenProductConfig,1229,private int <Id>k__BackingField; // 0x8
code/AssetRipper_generated_CSharp/Assembly-CSharp/SummerWatermelonSevenProductConfig.cs,,SummerWatermelonSevenProductConfig,1229,private int <ItemId>k__BackingField; // 0xC
code/AssetRipper_generated_CSharp/Assembly-CSharp/SummerWatermelonSevenProductConfig.cs,,SummerWatermelonSevenProductConfig,1229,private List<int> <OutPut>k__BackingField; // 0x10
code/AssetRipper_generated_CSharp/Assembly-CSharp/SummerWatermelonSevenProductConfig.cs,,SummerWatermelonSevenProductConfig,1229,private List<int> <Weight>k__BackingField; // 0x14
code/AssetRipper_generated_CSharp/Assembly-CSharp/SummerWatermelonSevenProductConfig.cs,,SummerWatermelonSevenProductConfig,1229,private int <MaxWeight>k__BackingField; // 0x18
code/AssetRipper_generated_CSharp/Assembly-CSharp/SummerWatermelonSevenTeenConfig.cs,,SummerWatermelonSevenTeenConfig,1236,private int <Id>k__BackingField; // 0x8
code/AssetRipper_generated_CSharp/Assembly-CSharp/SummerWatermelonSevenTeenConfig.cs,,SummerWatermelonSevenTeenConfig,1236,private int <LineId>k__BackingField; // 0xC
code/AssetRipper_generated_CSharp/Assembly-CSharp/SummerWatermelonSevenTeenConfig.cs,,SummerWatermelonSevenTeenConfig,1236,private List<int> <InitItems>k__BackingField; // 0x10
code/AssetRipper_generated_CSharp/Assembly-CSharp/SummerWatermelonSevenTeenConfig.cs,,SummerWatermelonSevenTeenConfig,1236,private int <LineIdChild>k__BackingField; // 0x14
code/AssetRipper_generated_CSharp/Assembly-CSharp/SummerWatermelonSevenTeenConfig.cs,,SummerWatermelonSevenTeenConfig,1236,private List<int> <BigBoardUnlockLevel>k__BackingField; // 0x18
code/AssetRipper_generated_CSharp/Assembly-CSharp/SummerWatermelonSevenTeenConfig.cs,,SummerWatermelonSevenTeenConfig,1236,private List<int> <NoRecycleItems>k__BackingField; // 0x1C
code/AssetRipper_generated_CSharp/Assembly-CSharp/SummerWatermelonSevenTeenConfig.cs,,SummerWatermelonSevenTeenConfig,1236,private int <IsOpenBP>k__BackingField; // 0x20
code/AssetRipper_generated_CSharp/Assembly-CSharp/SummerWatermelonSevenTeenConfig.cs,,SummerWatermelonSevenTeenConfig,1236,private int <BpShopID>k__BackingField; // 0x24
code/AssetRipper_generated_CSharp/Assembly-CSharp/SummerWatermelonSevenTeenConfig.cs,,SummerWatermelonSevenTeenConfig,1236,private int <DecorationLevel>k__BackingField; // 0x28
code/AssetRipper_generated_CSharp/Assembly-CSharp/SummerWatermelonSevenTeenDeleItemConfig.cs,,SummerWatermelonSevenTeenDeleItemConfig,1237,private int <Id>k__BackingField; // 0x8
code/AssetRipper_generated_CSharp/Assembly-CSharp/SummerWatermelonSevenTeenDeleItemConfig.cs,,SummerWatermelonSevenTeenDeleItemConfig,1237,private int <ItemId>k__BackingField; // 0xC
code/AssetRipper_generated_CSharp/Assembly-CSharp/SummerWatermelonSevenTeenProductAttenuationConfig.cs,,SummerWatermelonSevenTeenProductAttenuationConfig,1243,private int <Id>k__BackingField; // 0x8
code/AssetRipper_generated_CSharp/Assembly-CSharp/SummerWatermelonSevenTeenProductAttenuationConfig.cs,,SummerWatermelonSevenTeenProductAttenuationConfig,1243,private int <ProductCount>k__BackingField; // 0xC
code/AssetRipper_generated_CSharp/Assembly-CSharp/SummerWatermelonSevenTeenProductAttenuationConfig.cs,,SummerWatermelonSevenTeenProductAttenuationConfig,1243,private float <TotalWeightMulti>k__BackingField; // 0x10
code/AssetRipper_generated_CSharp/Assembly-CSharp/SummerWatermelonSevenTeenProductConfig.cs,,SummerWatermelonSevenTeenProductConfig,1244,private int <Id>k__BackingField; // 0x8
code/AssetRipper_generated_CSharp/Assembly-CSharp/SummerWatermelonSevenTeenProductConfig.cs,,SummerWatermelonSevenTeenProductConfig,1244,private int <ItemId>k__BackingField; // 0xC
code/AssetRipper_generated_CSharp/Assembly-CSharp/SummerWatermelonSevenTeenProductConfig.cs,,SummerWatermelonSevenTeenProductConfig,1244,private List<int> <OutPut>k__BackingField; // 0x10
code/AssetRipper_generated_CSharp/Assembly-CSharp/SummerWatermelonSevenTeenProductConfig.cs,,SummerWatermelonSevenTeenProductConfig,1244,private List<int> <Weight>k__BackingField; // 0x14
code/AssetRipper_generated_CSharp/Assembly-CSharp/SummerWatermelonSevenTeenProductConfig.cs,,SummerWatermelonSevenTeenProductConfig,1244,private int <MaxWeight>k__BackingField; // 0x18
code/AssetRipper_generated_CSharp/Assembly-CSharp/BigBoardGridSix.cs,,BigBoardGridSix,1245,private int <Id>k__BackingField; // 0x8
code/AssetRipper_generated_CSharp/Assembly-CSharp/BigBoardGridSix.cs,,BigBoardGridSix,1245,private int <ItemId>k__BackingField; // 0xC
code/AssetRipper_generated_CSharp/Assembly-CSharp/BigBoardGridSix.cs,,BigBoardGridSix,1245,private int <State>k__BackingField; // 0x10
code/AssetRipper_generated_CSharp/Assembly-CSharp/BigBoardGridSix.cs,,BigBoardGridSix,1245,private int <UnlockState>k__BackingField; // 0x14
code/AssetRipper_generated_CSharp/Assembly-CSharp/BigBoardGridSix.cs,,BigBoardGridSix,1245,private List<int> <ReplaceItem>k__BackingField; // 0x18
code/AssetRipper_generated_CSharp/Assembly-CSharp/SummerWatermelonSixConfig.cs,,SummerWatermelonSixConfig,1247,private int <Id>k__BackingField; // 0x8
code/AssetRipper_generated_CSharp/Assembly-CSharp/SummerWatermelonSixConfig.cs,,SummerWatermelonSixConfig,1247,private int <Hoe>k__BackingField; // 0xC
code/AssetRipper_generated_CSharp/Assembly-CSharp/SummerWatermelonSixConfig.cs,,SummerWatermelonSixConfig,1247,private List<int> <RecycleItems>k__BackingField; // 0x10
code/AssetRipper_generated_CSharp/Assembly-CSharp/SummerWatermelonSixConfig.cs,,SummerWatermelonSixConfig,1247,private List<int> <CollectAllReward>k__BackingField; // 0x14
code/AssetRipper_generated_CSharp/Assembly-CSharp/SummerWatermelonSixConfig.cs,,SummerWatermelonSixConfig,1247,private List<int> <CollectAllRewardCount>k__BackingField; // 0x18
code/AssetRipper_generated_CSharp/Assembly-CSharp/SummerWatermelonSixDeleItemConfig.cs,,SummerWatermelonSixDeleItemConfig,1248,private int <Id>k__BackingField; // 0x8
code/AssetRipper_generated_CSharp/Assembly-CSharp/SummerWatermelonSixDeleItemConfig.cs,,SummerWatermelonSixDeleItemConfig,1248,private int <ItemId>k__BackingField; // 0xC
code/AssetRipper_generated_CSharp/Assembly-CSharp/SummerWatermelonSixTeenConfig.cs,,SummerWatermelonSixTeenConfig,1258,private int <Id>k__BackingField; // 0x8
code/AssetRipper_generated_CSharp/Assembly-CSharp/SummerWatermelonSixTeenConfig.cs,,SummerWatermelonSixTeenConfig,1258,private int <LineId>k__BackingField; // 0xC
code/AssetRipper_generated_CSharp/Assembly-CSharp/SummerWatermelonSixTeenConfig.cs,,SummerWatermelonSixTeenConfig,1258,private List<int> <InitItems>k__BackingField; // 0x10
code/AssetRipper_generated_CSharp/Assembly-CSharp/SummerWatermelonSixTeenConfig.cs,,SummerWatermelonSixTeenConfig,1258,private int <LineIdChild>k__BackingField; // 0x14
code/AssetRipper_generated_CSharp/Assembly-CSharp/SummerWatermelonSixTeenConfig.cs,,SummerWatermelonSixTeenConfig,1258,private int <BigBoardUnlockLevel>k__BackingField; // 0x18
code/AssetRipper_generated_CSharp/Assembly-CSharp/SummerWatermelonSixTeenConfig.cs,,SummerWatermelonSixTeenConfig,1258,private List<int> <NoRecycleItems>k__BackingField; // 0x1C
code/AssetRipper_generated_CSharp/Assembly-CSharp/SummerWatermelonSixTeenConfig.cs,,SummerWatermelonSixTeenConfig,1258,private int <IsOpenBP>k__BackingField; // 0x20
code/AssetRipper_generated_CSharp/Assembly-CSharp/SummerWatermelonSixTeenConfig.cs,,SummerWatermelonSixTeenConfig,1258,private int <BpShopID>k__BackingField; // 0x24
code/AssetRipper_generated_CSharp/Assembly-CSharp/SummerWatermelonSixTeenConfig.cs,,SummerWatermelonSixTeenConfig,1258,private List<int> <UnlockItemIds>k__BackingField; // 0x28
code/AssetRipper_generated_CSharp/Assembly-CSharp/SummerWatermelonSixTeenConfig.cs,,SummerWatermelonSixTeenConfig,1258,private int <UnlockStep>k__BackingField; // 0x2C
code/AssetRipper_generated_CSharp/Assembly-CSharp/SummerWatermelonSixTeenConfig.cs,,SummerWatermelonSixTeenConfig,1258,private List<int> <MoveCheckNum>k__BackingField; // 0x30
code/AssetRipper_generated_CSharp/Assembly-CSharp/SummerWatermelonSixTeenDeleItemConfig.cs,,SummerWatermelonSixTeenDeleItemConfig,1259,private int <Id>k__BackingField; // 0x8
code/AssetRipper_generated_CSharp/Assembly-CSharp/SummerWatermelonSixTeenDeleItemConfig.cs,,SummerWatermelonSixTeenDeleItemConfig,1259,private int <ItemId>k__BackingField; // 0xC
code/AssetRipper_generated_CSharp/Assembly-CSharp/SummerWatermelonSixTeenProductAttenuationConfig.cs,,SummerWatermelonSixTeenProductAttenuationConfig,1264,private int <Id>k__BackingField; // 0x8
code/AssetRipper_generated_CSharp/Assembly-CSharp/SummerWatermelonSixTeenProductAttenuationConfig.cs,,SummerWatermelonSixTeenProductAttenuationConfig,1264,private int <ProductCount>k__BackingField; // 0xC
code/AssetRipper_generated_CSharp/Assembly-CSharp/SummerWatermelonSixTeenProductAttenuationConfig.cs,,SummerWatermelonSixTeenProductAttenuationConfig,1264,private float <TotalWeightMulti>k__BackingField; // 0x10
code/AssetRipper_generated_CSharp/Assembly-CSharp/SummerWatermelonSixTeenProductConfig.cs,,SummerWatermelonSixTeenProductConfig,1265,private int <Id>k__BackingField; // 0x8
code/AssetRipper_generated_CSharp/Assembly-CSharp/SummerWatermelonSixTeenProductConfig.cs,,SummerWatermelonSixTeenProductConfig,1265,private int <ItemId>k__BackingField; // 0xC
code/AssetRipper_generated_CSharp/Assembly-CSharp/SummerWatermelonSixTeenProductConfig.cs,,SummerWatermelonSixTeenProductConfig,1265,private List<int> <OutPut>k__BackingField; // 0x10
code/AssetRipper_generated_CSharp/Assembly-CSharp/SummerWatermelonSixTeenProductConfig.cs,,SummerWatermelonSixTeenProductConfig,1265,private List<int> <Weight>k__BackingField; // 0x14
code/AssetRipper_generated_CSharp/Assembly-CSharp/SummerWatermelonSixTeenProductConfig.cs,,SummerWatermelonSixTeenProductConfig,1265,private int <MaxWeight>k__BackingField; // 0x18
code/AssetRipper_generated_CSharp/Assembly-CSharp/SummerWatermelonThirtyFourConfig.cs,,SummerWatermelonThirtyFourConfig,1272,private int <Id>k__BackingField; // 0x8
code/AssetRipper_generated_CSharp/Assembly-CSharp/SummerWatermelonThirtyFourConfig.cs,,SummerWatermelonThirtyFourConfig,1272,private int <LineId>k__BackingField; // 0xC
code/AssetRipper_generated_CSharp/Assembly-CSharp/SummerWatermelonThirtyFourConfig.cs,,SummerWatermelonThirtyFourConfig,1272,private List<int> <InitItems>k__BackingField; // 0x10
code/AssetRipper_generated_CSharp/Assembly-CSharp/SummerWatermelonThirtyFourConfig.cs,,SummerWatermelonThirtyFourConfig,1272,private int <LineIdChild>k__BackingField; // 0x14
code/AssetRipper_generated_CSharp/Assembly-CSharp/SummerWatermelonThirtyFourConfig.cs,,SummerWatermelonThirtyFourConfig,1272,private List<int> <BigBoardUnlockLevel>k__BackingField; // 0x18
code/AssetRipper_generated_CSharp/Assembly-CSharp/SummerWatermelonThirtyFourConfig.cs,,SummerWatermelonThirtyFourConfig,1272,private List<int> <NoRecycleItems>k__BackingField; // 0x1C
code/AssetRipper_generated_CSharp/Assembly-CSharp/SummerWatermelonThirtyFourConfig.cs,,SummerWatermelonThirtyFourConfig,1272,private int <IsOpenBP>k__BackingField; // 0x20
code/AssetRipper_generated_CSharp/Assembly-CSharp/SummerWatermelonThirtyFourConfig.cs,,SummerWatermelonThirtyFourConfig,1272,private int <BpShopID>k__BackingField; // 0x24
code/AssetRipper_generated_CSharp/Assembly-CSharp/SummerWatermelonThirtyFourConfig.cs,,SummerWatermelonThirtyFourConfig,1272,private int <DecorationLevel>k__BackingField; // 0x28
code/AssetRipper_generated_CSharp/Assembly-CSharp/SummerWatermelonThirtyFourDeleItemConfig.cs,,SummerWatermelonThirtyFourDeleItemConfig,1273,private int <Id>k__BackingField; // 0x8
code/AssetRipper_generated_CSharp/Assembly-CSharp/SummerWatermelonThirtyFourDeleItemConfig.cs,,SummerWatermelonThirtyFourDeleItemConfig,1273,private int <ItemId>k__BackingField; // 0xC
code/AssetRipper_generated_CSharp/Assembly-CSharp/SummerWatermelonThirtyFourProductAttenuationConfig.cs,,SummerWatermelonThirtyFourProductAttenuationConfig,1279,private int <Id>k__BackingField; // 0x8
code/AssetRipper_generated_CSharp/Assembly-CSharp/SummerWatermelonThirtyFourProductAttenuationConfig.cs,,SummerWatermelonThirtyFourProductAttenuationConfig,1279,private int <ProductCount>k__BackingField; // 0xC
code/AssetRipper_generated_CSharp/Assembly-CSharp/SummerWatermelonThirtyFourProductAttenuationConfig.cs,,SummerWatermelonThirtyFourProductAttenuationConfig,1279,private float <TotalWeightMulti>k__BackingField; // 0x10
code/AssetRipper_generated_CSharp/Assembly-CSharp/SummerWatermelonThirtyFourProductConfig.cs,,SummerWatermelonThirtyFourProductConfig,1280,private int <Id>k__BackingField; // 0x8
code/AssetRipper_generated_CSharp/Assembly-CSharp/SummerWatermelonThirtyFourProductConfig.cs,,SummerWatermelonThirtyFourProductConfig,1280,private int <ItemId>k__BackingField; // 0xC
code/AssetRipper_generated_CSharp/Assembly-CSharp/SummerWatermelonThirtyFourProductConfig.cs,,SummerWatermelonThirtyFourProductConfig,1280,private List<int> <OutPut>k__BackingField; // 0x10
code/AssetRipper_generated_CSharp/Assembly-CSharp/SummerWatermelonThirtyFourProductConfig.cs,,SummerWatermelonThirtyFourProductConfig,1280,private List<int> <Weight>k__BackingField; // 0x14
code/AssetRipper_generated_CSharp/Assembly-CSharp/SummerWatermelonThirtyFourProductConfig.cs,,SummerWatermelonThirtyFourProductConfig,1280,private int <MaxWeight>k__BackingField; // 0x18
code/AssetRipper_generated_CSharp/Assembly-CSharp/SummerWatermelonTenConfig.cs,,SummerWatermelonTenConfig,1284,private int <Id>k__BackingField; // 0x8
code/AssetRipper_generated_CSharp/Assembly-CSharp/SummerWatermelonTenConfig.cs,,SummerWatermelonTenConfig,1284,private int <LineId>k__BackingField; // 0xC
code/AssetRipper_generated_CSharp/Assembly-CSharp/SummerWatermelonTenConfig.cs,,SummerWatermelonTenConfig,1284,private List<int> <InitItems>k__BackingField; // 0x10
code/AssetRipper_generated_CSharp/Assembly-CSharp/SummerWatermelonTenConfig.cs,,SummerWatermelonTenConfig,1284,private int <LineIdChild>k__BackingField; // 0x14
code/AssetRipper_generated_CSharp/Assembly-CSharp/SummerWatermelonTenConfig.cs,,SummerWatermelonTenConfig,1284,private int <BigBoardUnlockLevel>k__BackingField; // 0x18
code/AssetRipper_generated_CSharp/Assembly-CSharp/SummerWatermelonTenConfig.cs,,SummerWatermelonTenConfig,1284,private List<int> <NoRecycleItems>k__BackingField; // 0x1C
code/AssetRipper_generated_CSharp/Assembly-CSharp/SummerWatermelonTenConfig.cs,,SummerWatermelonTenConfig,1284,private int <IsOpenBP>k__BackingField; // 0x20
code/AssetRipper_generated_CSharp/Assembly-CSharp/SummerWatermelonTenConfig.cs,,SummerWatermelonTenConfig,1284,private int <BpShopID>k__BackingField; // 0x24
code/AssetRipper_generated_CSharp/Assembly-CSharp/SummerWatermelonTenConfig.cs,,SummerWatermelonTenConfig,1284,private List<int> <UnlockItemIds>k__BackingField; // 0x28
code/AssetRipper_generated_CSharp/Assembly-CSharp/SummerWatermelonTenConfig.cs,,SummerWatermelonTenConfig,1284,private int <UnlockStep>k__BackingField; // 0x2C
code/AssetRipper_generated_CSharp/Assembly-CSharp/SummerWatermelonTenConfig.cs,,SummerWatermelonTenConfig,1284,private List<int> <MoveCheckNum>k__BackingField; // 0x30
code/AssetRipper_generated_CSharp/Assembly-CSharp/SummerWatermelonTenDeleItemConfig.cs,,SummerWatermelonTenDeleItemConfig,1285,private int <Id>k__BackingField; // 0x8
code/AssetRipper_generated_CSharp/Assembly-CSharp/SummerWatermelonTenDeleItemConfig.cs,,SummerWatermelonTenDeleItemConfig,1285,private int <ItemId>k__BackingField; // 0xC
code/AssetRipper_generated_CSharp/Assembly-CSharp/SummerWatermelonTenProductAttenuationConfig.cs,,SummerWatermelonTenProductAttenuationConfig,1290,private int <Id>k__BackingField; // 0x8
code/AssetRipper_generated_CSharp/Assembly-CSharp/SummerWatermelonTenProductAttenuationConfig.cs,,SummerWatermelonTenProductAttenuationConfig,1290,private int <ProductCount>k__BackingField; // 0xC
code/AssetRipper_generated_CSharp/Assembly-CSharp/SummerWatermelonTenProductAttenuationConfig.cs,,SummerWatermelonTenProductAttenuationConfig,1290,private float <TotalWeightMulti>k__BackingField; // 0x10
code/AssetRipper_generated_CSharp/Assembly-CSharp/SummerWatermelonTenProductConfig.cs,,SummerWatermelonTenProductConfig,1291,private int <Id>k__BackingField; // 0x8
code/AssetRipper_generated_CSharp/Assembly-CSharp/SummerWatermelonTenProductConfig.cs,,SummerWatermelonTenProductConfig,1291,private int <ItemId>k__BackingField; // 0xC
code/AssetRipper_generated_CSharp/Assembly-CSharp/SummerWatermelonTenProductConfig.cs,,SummerWatermelonTenProductConfig,1291,private List<int> <OutPut>k__BackingField; // 0x10
code/AssetRipper_generated_CSharp/Assembly-CSharp/SummerWatermelonTenProductConfig.cs,,SummerWatermelonTenProductConfig,1291,private List<int> <Weight>k__BackingField; // 0x14
code/AssetRipper_generated_CSharp/Assembly-CSharp/SummerWatermelonTenProductConfig.cs,,SummerWatermelonTenProductConfig,1291,private int <MaxWeight>k__BackingField; // 0x18
code/AssetRipper_generated_CSharp/Assembly-CSharp/SummerWatermelonThirteenConfig.cs,,SummerWatermelonThirteenConfig,1298,private int <Id>k__BackingField; // 0x8
code/AssetRipper_generated_CSharp/Assembly-CSharp/SummerWatermelonThirteenConfig.cs,,SummerWatermelonThirteenConfig,1298,private int <LineId>k__BackingField; // 0xC
code/AssetRipper_generated_CSharp/Assembly-CSharp/SummerWatermelonThirteenConfig.cs,,SummerWatermelonThirteenConfig,1298,private List<int> <InitItems>k__BackingField; // 0x10
code/AssetRipper_generated_CSharp/Assembly-CSharp/SummerWatermelonThirteenConfig.cs,,SummerWatermelonThirteenConfig,1298,private int <LineIdChild>k__BackingField; // 0x14
code/AssetRipper_generated_CSharp/Assembly-CSharp/SummerWatermelonThirteenConfig.cs,,SummerWatermelonThirteenConfig,1298,private List<int> <BigBoardUnlockLevel>k__BackingField; // 0x18
code/AssetRipper_generated_CSharp/Assembly-CSharp/SummerWatermelonThirteenConfig.cs,,SummerWatermelonThirteenConfig,1298,private List<int> <NoRecycleItems>k__BackingField; // 0x1C
code/AssetRipper_generated_CSharp/Assembly-CSharp/SummerWatermelonThirteenConfig.cs,,SummerWatermelonThirteenConfig,1298,private int <IsOpenBP>k__BackingField; // 0x20
code/AssetRipper_generated_CSharp/Assembly-CSharp/SummerWatermelonThirteenConfig.cs,,SummerWatermelonThirteenConfig,1298,private int <BpShopID>k__BackingField; // 0x24
code/AssetRipper_generated_CSharp/Assembly-CSharp/SummerWatermelonThirteenDeleItemConfig.cs,,SummerWatermelonThirteenDeleItemConfig,1299,private int <Id>k__BackingField; // 0x8
code/AssetRipper_generated_CSharp/Assembly-CSharp/SummerWatermelonThirteenDeleItemConfig.cs,,SummerWatermelonThirteenDeleItemConfig,1299,private int <ItemId>k__BackingField; // 0xC
code/AssetRipper_generated_CSharp/Assembly-CSharp/SummerWatermelonThirteenProductAttenuationConfig.cs,,SummerWatermelonThirteenProductAttenuationConfig,1305,private int <Id>k__BackingField; // 0x8
code/AssetRipper_generated_CSharp/Assembly-CSharp/SummerWatermelonThirteenProductAttenuationConfig.cs,,SummerWatermelonThirteenProductAttenuationConfig,1305,private int <ProductCount>k__BackingField; // 0xC
code/AssetRipper_generated_CSharp/Assembly-CSharp/SummerWatermelonThirteenProductAttenuationConfig.cs,,SummerWatermelonThirteenProductAttenuationConfig,1305,private float <TotalWeightMulti>k__BackingField; // 0x10
code/AssetRipper_generated_CSharp/Assembly-CSharp/SummerWatermelonThirteenProductConfig.cs,,SummerWatermelonThirteenProductConfig,1306,private int <Id>k__BackingField; // 0x8
code/AssetRipper_generated_CSharp/Assembly-CSharp/SummerWatermelonThirteenProductConfig.cs,,SummerWatermelonThirteenProductConfig,1306,private int <ItemId>k__BackingField; // 0xC
code/AssetRipper_generated_CSharp/Assembly-CSharp/SummerWatermelonThirteenProductConfig.cs,,SummerWatermelonThirteenProductConfig,1306,private List<int> <OutPut>k__BackingField; // 0x10
code/AssetRipper_generated_CSharp/Assembly-CSharp/SummerWatermelonThirteenProductConfig.cs,,SummerWatermelonThirteenProductConfig,1306,private List<int> <Weight>k__BackingField; // 0x14
code/AssetRipper_generated_CSharp/Assembly-CSharp/SummerWatermelonThirteenProductConfig.cs,,SummerWatermelonThirteenProductConfig,1306,private int <MaxWeight>k__BackingField; // 0x18
code/AssetRipper_generated_CSharp/Assembly-CSharp/SummerWatermelonThreeConfig.cs,,SummerWatermelonThreeConfig,1311,private int <Id>k__BackingField; // 0x8
code/AssetRipper_generated_CSharp/Assembly-CSharp/SummerWatermelonThreeConfig.cs,,SummerWatermelonThreeConfig,1311,private int <LineId>k__BackingField; // 0xC
code/AssetRipper_generated_CSharp/Assembly-CSharp/SummerWatermelonThreeConfig.cs,,SummerWatermelonThreeConfig,1311,private List<int> <InitItems>k__BackingField; // 0x10
code/AssetRipper_generated_CSharp/Assembly-CSharp/SummerWatermelonThreeConfig.cs,,SummerWatermelonThreeConfig,1311,private int <LineIdChild>k__BackingField; // 0x14
code/AssetRipper_generated_CSharp/Assembly-CSharp/SummerWatermelonThreeConfig.cs,,SummerWatermelonThreeConfig,1311,private int <BigBoardUnlockLevel>k__BackingField; // 0x18
code/AssetRipper_generated_CSharp/Assembly-CSharp/SummerWatermelonThreeConfig.cs,,SummerWatermelonThreeConfig,1311,private List<int> <NoRecycleItems>k__BackingField; // 0x1C
code/AssetRipper_generated_CSharp/Assembly-CSharp/SummerWatermelonThreeConfig.cs,,SummerWatermelonThreeConfig,1311,private int <IsOpenBP>k__BackingField; // 0x20
code/AssetRipper_generated_CSharp/Assembly-CSharp/SummerWatermelonThreeConfig.cs,,SummerWatermelonThreeConfig,1311,private int <BpShopID>k__BackingField; // 0x24
code/AssetRipper_generated_CSharp/Assembly-CSharp/SummerWatermelonThreeDeleItemConfig.cs,,SummerWatermelonThreeDeleItemConfig,1312,private int <Id>k__BackingField; // 0x8
code/AssetRipper_generated_CSharp/Assembly-CSharp/SummerWatermelonThreeDeleItemConfig.cs,,SummerWatermelonThreeDeleItemConfig,1312,private int <ItemId>k__BackingField; // 0xC
code/AssetRipper_generated_CSharp/Assembly-CSharp/SummerWatermelonThreeProductAttenuationConfig.cs,,SummerWatermelonThreeProductAttenuationConfig,1318,private int <Id>k__BackingField; // 0x8
code/AssetRipper_generated_CSharp/Assembly-CSharp/SummerWatermelonThreeProductAttenuationConfig.cs,,SummerWatermelonThreeProductAttenuationConfig,1318,private int <ProductCount>k__BackingField; // 0xC
code/AssetRipper_generated_CSharp/Assembly-CSharp/SummerWatermelonThreeProductAttenuationConfig.cs,,SummerWatermelonThreeProductAttenuationConfig,1318,private float <TotalWeightMulti>k__BackingField; // 0x10
code/AssetRipper_generated_CSharp/Assembly-CSharp/SummerWatermelonThreeProductConfig.cs,,SummerWatermelonThreeProductConfig,1319,private int <Id>k__BackingField; // 0x8
code/AssetRipper_generated_CSharp/Assembly-CSharp/SummerWatermelonThreeProductConfig.cs,,SummerWatermelonThreeProductConfig,1319,private int <ItemId>k__BackingField; // 0xC
code/AssetRipper_generated_CSharp/Assembly-CSharp/SummerWatermelonThreeProductConfig.cs,,SummerWatermelonThreeProductConfig,1319,private List<int> <OutPut>k__BackingField; // 0x10
code/AssetRipper_generated_CSharp/Assembly-CSharp/SummerWatermelonThreeProductConfig.cs,,SummerWatermelonThreeProductConfig,1319,private List<int> <Weight>k__BackingField; // 0x14
code/AssetRipper_generated_CSharp/Assembly-CSharp/SummerWatermelonThreeProductConfig.cs,,SummerWatermelonThreeProductConfig,1319,private int <MaxWeight>k__BackingField; // 0x18
code/AssetRipper_generated_CSharp/Assembly-CSharp/SummerWatermelonTwelveConfig.cs,,SummerWatermelonTwelveConfig,1326,private int <Id>k__BackingField; // 0x8
code/AssetRipper_generated_CSharp/Assembly-CSharp/SummerWatermelonTwelveConfig.cs,,SummerWatermelonTwelveConfig,1326,private int <LineId>k__BackingField; // 0xC
code/AssetRipper_generated_CSharp/Assembly-CSharp/SummerWatermelonTwelveConfig.cs,,SummerWatermelonTwelveConfig,1326,private List<int> <InitItems>k__BackingField; // 0x10
code/AssetRipper_generated_CSharp/Assembly-CSharp/SummerWatermelonTwelveConfig.cs,,SummerWatermelonTwelveConfig,1326,private int <LineIdChild>k__BackingField; // 0x14
code/AssetRipper_generated_CSharp/Assembly-CSharp/SummerWatermelonTwelveConfig.cs,,SummerWatermelonTwelveConfig,1326,private List<int> <BigBoardUnlockLevel>k__BackingField; // 0x18
code/AssetRipper_generated_CSharp/Assembly-CSharp/SummerWatermelonTwelveConfig.cs,,SummerWatermelonTwelveConfig,1326,private List<int> <NoRecycleItems>k__BackingField; // 0x1C
code/AssetRipper_generated_CSharp/Assembly-CSharp/SummerWatermelonTwelveConfig.cs,,SummerWatermelonTwelveConfig,1326,private int <IsOpenBP>k__BackingField; // 0x20
code/AssetRipper_generated_CSharp/Assembly-CSharp/SummerWatermelonTwelveConfig.cs,,SummerWatermelonTwelveConfig,1326,private int <BpShopID>k__BackingField; // 0x24
code/AssetRipper_generated_CSharp/Assembly-CSharp/SummerWatermelonTwelveDeleItemConfig.cs,,SummerWatermelonTwelveDeleItemConfig,1327,private int <Id>k__BackingField; // 0x8
code/AssetRipper_generated_CSharp/Assembly-CSharp/SummerWatermelonTwelveDeleItemConfig.cs,,SummerWatermelonTwelveDeleItemConfig,1327,private int <ItemId>k__BackingField; // 0xC
code/AssetRipper_generated_CSharp/Assembly-CSharp/SummerWatermelonTwelveProductAttenuationConfig.cs,,SummerWatermelonTwelveProductAttenuationConfig,1333,private int <Id>k__BackingField; // 0x8
code/AssetRipper_generated_CSharp/Assembly-CSharp/SummerWatermelonTwelveProductAttenuationConfig.cs,,SummerWatermelonTwelveProductAttenuationConfig,1333,private int <ProductCount>k__BackingField; // 0xC
code/AssetRipper_generated_CSharp/Assembly-CSharp/SummerWatermelonTwelveProductAttenuationConfig.cs,,SummerWatermelonTwelveProductAttenuationConfig,1333,private float <TotalWeightMulti>k__BackingField; // 0x10
code/AssetRipper_generated_CSharp/Assembly-CSharp/SummerWatermelonTwelveProductConfig.cs,,SummerWatermelonTwelveProductConfig,1334,private int <Id>k__BackingField; // 0x8
code/AssetRipper_generated_CSharp/Assembly-CSharp/SummerWatermelonTwelveProductConfig.cs,,SummerWatermelonTwelveProductConfig,1334,private int <ItemId>k__BackingField; // 0xC
code/AssetRipper_generated_CSharp/Assembly-CSharp/SummerWatermelonTwelveProductConfig.cs,,SummerWatermelonTwelveProductConfig,1334,private List<int> <OutPut>k__BackingField; // 0x10
code/AssetRipper_generated_CSharp/Assembly-CSharp/SummerWatermelonTwelveProductConfig.cs,,SummerWatermelonTwelveProductConfig,1334,private List<int> <Weight>k__BackingField; // 0x14
code/AssetRipper_generated_CSharp/Assembly-CSharp/SummerWatermelonTwelveProductConfig.cs,,SummerWatermelonTwelveProductConfig,1334,private int <MaxWeight>k__BackingField; // 0x18
code/AssetRipper_generated_CSharp/Assembly-CSharp/SummerWatermelonTwentyConfig.cs,,SummerWatermelonTwentyConfig,1338,private int <Id>k__BackingField; // 0x8
code/AssetRipper_generated_CSharp/Assembly-CSharp/SummerWatermelonTwentyConfig.cs,,SummerWatermelonTwentyConfig,1338,private int <LineId>k__BackingField; // 0xC
code/AssetRipper_generated_CSharp/Assembly-CSharp/SummerWatermelonTwentyConfig.cs,,SummerWatermelonTwentyConfig,1338,private List<int> <InitItems>k__BackingField; // 0x10
code/AssetRipper_generated_CSharp/Assembly-CSharp/SummerWatermelonTwentyConfig.cs,,SummerWatermelonTwentyConfig,1338,private int <LineIdChild>k__BackingField; // 0x14
code/AssetRipper_generated_CSharp/Assembly-CSharp/SummerWatermelonTwentyConfig.cs,,SummerWatermelonTwentyConfig,1338,private int <BigBoardUnlockLevel>k__BackingField; // 0x18
code/AssetRipper_generated_CSharp/Assembly-CSharp/SummerWatermelonTwentyConfig.cs,,SummerWatermelonTwentyConfig,1338,private List<int> <NoRecycleItems>k__BackingField; // 0x1C
code/AssetRipper_generated_CSharp/Assembly-CSharp/SummerWatermelonTwentyConfig.cs,,SummerWatermelonTwentyConfig,1338,private int <IsOpenBP>k__BackingField; // 0x20
code/AssetRipper_generated_CSharp/Assembly-CSharp/SummerWatermelonTwentyConfig.cs,,SummerWatermelonTwentyConfig,1338,private int <BpShopID>k__BackingField; // 0x24
code/AssetRipper_generated_CSharp/Assembly-CSharp/SummerWatermelonTwentyConfig.cs,,SummerWatermelonTwentyConfig,1338,private List<int> <UnlockItemIds>k__BackingField; // 0x28
code/AssetRipper_generated_CSharp/Assembly-CSharp/SummerWatermelonTwentyConfig.cs,,SummerWatermelonTwentyConfig,1338,private int <UnlockStep>k__BackingField; // 0x2C
code/AssetRipper_generated_CSharp/Assembly-CSharp/SummerWatermelonTwentyConfig.cs,,SummerWatermelonTwentyConfig,1338,private List<int> <MoveCheckNum>k__BackingField; // 0x30
code/AssetRipper_generated_CSharp/Assembly-CSharp/SummerWatermelonTwentyDeleItemConfig.cs,,SummerWatermelonTwentyDeleItemConfig,1339,private int <Id>k__BackingField; // 0x8
code/AssetRipper_generated_CSharp/Assembly-CSharp/SummerWatermelonTwentyDeleItemConfig.cs,,SummerWatermelonTwentyDeleItemConfig,1339,private int <ItemId>k__BackingField; // 0xC
code/AssetRipper_generated_CSharp/Assembly-CSharp/SummerWatermelonTwentyProductAttenuationConfig.cs,,SummerWatermelonTwentyProductAttenuationConfig,1345,private int <Id>k__BackingField; // 0x8
code/AssetRipper_generated_CSharp/Assembly-CSharp/SummerWatermelonTwentyProductAttenuationConfig.cs,,SummerWatermelonTwentyProductAttenuationConfig,1345,private int <ProductCount>k__BackingField; // 0xC
code/AssetRipper_generated_CSharp/Assembly-CSharp/SummerWatermelonTwentyProductAttenuationConfig.cs,,SummerWatermelonTwentyProductAttenuationConfig,1345,private float <TotalWeightMulti>k__BackingField; // 0x10
code/AssetRipper_generated_CSharp/Assembly-CSharp/SummerWatermelonTwentyProductConfig.cs,,SummerWatermelonTwentyProductConfig,1346,private int <Id>k__BackingField; // 0x8
code/AssetRipper_generated_CSharp/Assembly-CSharp/SummerWatermelonTwentyProductConfig.cs,,SummerWatermelonTwentyProductConfig,1346,private int <ItemId>k__BackingField; // 0xC
code/AssetRipper_generated_CSharp/Assembly-CSharp/SummerWatermelonTwentyProductConfig.cs,,SummerWatermelonTwentyProductConfig,1346,private List<int> <OutPut>k__BackingField; // 0x10
code/AssetRipper_generated_CSharp/Assembly-CSharp/SummerWatermelonTwentyProductConfig.cs,,SummerWatermelonTwentyProductConfig,1346,private List<int> <Weight>k__BackingField; // 0x14
code/AssetRipper_generated_CSharp/Assembly-CSharp/SummerWatermelonTwentyProductConfig.cs,,SummerWatermelonTwentyProductConfig,1346,private int <MaxWeight>k__BackingField; // 0x18
code/AssetRipper_generated_CSharp/Assembly-CSharp/SummerWatermelonTwentyFiveConfig.cs,,SummerWatermelonTwentyFiveConfig,1350,private int <Id>k__BackingField; // 0x8
code/AssetRipper_generated_CSharp/Assembly-CSharp/SummerWatermelonTwentyFiveConfig.cs,,SummerWatermelonTwentyFiveConfig,1350,private int <LineId>k__BackingField; // 0xC
code/AssetRipper_generated_CSharp/Assembly-CSharp/SummerWatermelonTwentyFiveConfig.cs,,SummerWatermelonTwentyFiveConfig,1350,private List<int> <InitItems>k__BackingField; // 0x10
code/AssetRipper_generated_CSharp/Assembly-CSharp/SummerWatermelonTwentyFiveConfig.cs,,SummerWatermelonTwentyFiveConfig,1350,private int <LineIdChild>k__BackingField; // 0x14
code/AssetRipper_generated_CSharp/Assembly-CSharp/SummerWatermelonTwentyFiveConfig.cs,,SummerWatermelonTwentyFiveConfig,1350,private int <BigBoardUnlockLevel>k__BackingField; // 0x18
code/AssetRipper_generated_CSharp/Assembly-CSharp/SummerWatermelonTwentyFiveConfig.cs,,SummerWatermelonTwentyFiveConfig,1350,private List<int> <NoRecycleItems>k__BackingField; // 0x1C
code/AssetRipper_generated_CSharp/Assembly-CSharp/SummerWatermelonTwentyFiveConfig.cs,,SummerWatermelonTwentyFiveConfig,1350,private int <IsOpenBP>k__BackingField; // 0x20
code/AssetRipper_generated_CSharp/Assembly-CSharp/SummerWatermelonTwentyFiveConfig.cs,,SummerWatermelonTwentyFiveConfig,1350,private int <BpShopID>k__BackingField; // 0x24
code/AssetRipper_generated_CSharp/Assembly-CSharp/SummerWatermelonTwentyFiveConfig.cs,,SummerWatermelonTwentyFiveConfig,1350,private List<int> <UnlockItemIds>k__BackingField; // 0x28
code/AssetRipper_generated_CSharp/Assembly-CSharp/SummerWatermelonTwentyFiveConfig.cs,,SummerWatermelonTwentyFiveConfig,1350,private int <UnlockStep>k__BackingField; // 0x2C
code/AssetRipper_generated_CSharp/Assembly-CSharp/SummerWatermelonTwentyFiveConfig.cs,,SummerWatermelonTwentyFiveConfig,1350,private List<int> <MoveCheckNum>k__BackingField; // 0x30
code/AssetRipper_generated_CSharp/Assembly-CSharp/SummerWatermelonTwentyFiveDeleItemConfig.cs,,SummerWatermelonTwentyFiveDeleItemConfig,1351,private int <Id>k__BackingField; // 0x8
code/AssetRipper_generated_CSharp/Assembly-CSharp/SummerWatermelonTwentyFiveDeleItemConfig.cs,,SummerWatermelonTwentyFiveDeleItemConfig,1351,private int <ItemId>k__BackingField; // 0xC
code/AssetRipper_generated_CSharp/Assembly-CSharp/SummerWatermelonTwentyFiveProductAttenuationConfig.cs,,SummerWatermelonTwentyFiveProductAttenuationConfig,1357,private int <Id>k__BackingField; // 0x8
code/AssetRipper_generated_CSharp/Assembly-CSharp/SummerWatermelonTwentyFiveProductAttenuationConfig.cs,,SummerWatermelonTwentyFiveProductAttenuationConfig,1357,private int <ProductCount>k__BackingField; // 0xC
code/AssetRipper_generated_CSharp/Assembly-CSharp/SummerWatermelonTwentyFiveProductAttenuationConfig.cs,,SummerWatermelonTwentyFiveProductAttenuationConfig,1357,private float <TotalWeightMulti>k__BackingField; // 0x10
code/AssetRipper_generated_CSharp/Assembly-CSharp/SummerWatermelonTwentyFiveProductConfig.cs,,SummerWatermelonTwentyFiveProductConfig,1358,private int <Id>k__BackingField; // 0x8
code/AssetRipper_generated_CSharp/Assembly-CSharp/SummerWatermelonTwentyFiveProductConfig.cs,,SummerWatermelonTwentyFiveProductConfig,1358,private int <ItemId>k__BackingField; // 0xC
code/AssetRipper_generated_CSharp/Assembly-CSharp/SummerWatermelonTwentyFiveProductConfig.cs,,SummerWatermelonTwentyFiveProductConfig,1358,private List<int> <OutPut>k__BackingField; // 0x10
code/AssetRipper_generated_CSharp/Assembly-CSharp/SummerWatermelonTwentyFiveProductConfig.cs,,SummerWatermelonTwentyFiveProductConfig,1358,private List<int> <Weight>k__BackingField; // 0x14
code/AssetRipper_generated_CSharp/Assembly-CSharp/SummerWatermelonTwentyFiveProductConfig.cs,,SummerWatermelonTwentyFiveProductConfig,1358,private int <MaxWeight>k__BackingField; // 0x18
code/AssetRipper_generated_CSharp/Assembly-CSharp/SummerWatermelonTwentyFourConfig.cs,,SummerWatermelonTwentyFourConfig,1365,private int <Id>k__BackingField; // 0x8
code/AssetRipper_generated_CSharp/Assembly-CSharp/SummerWatermelonTwentyFourConfig.cs,,SummerWatermelonTwentyFourConfig,1365,private int <LineId>k__BackingField; // 0xC
code/AssetRipper_generated_CSharp/Assembly-CSharp/SummerWatermelonTwentyFourConfig.cs,,SummerWatermelonTwentyFourConfig,1365,private List<int> <InitItems>k__BackingField; // 0x10
code/AssetRipper_generated_CSharp/Assembly-CSharp/SummerWatermelonTwentyFourConfig.cs,,SummerWatermelonTwentyFourConfig,1365,private int <LineIdChild>k__BackingField; // 0x14
code/AssetRipper_generated_CSharp/Assembly-CSharp/SummerWatermelonTwentyFourConfig.cs,,SummerWatermelonTwentyFourConfig,1365,private List<int> <BigBoardUnlockLevel>k__BackingField; // 0x18
code/AssetRipper_generated_CSharp/Assembly-CSharp/SummerWatermelonTwentyFourConfig.cs,,SummerWatermelonTwentyFourConfig,1365,private List<int> <NoRecycleItems>k__BackingField; // 0x1C
code/AssetRipper_generated_CSharp/Assembly-CSharp/SummerWatermelonTwentyFourConfig.cs,,SummerWatermelonTwentyFourConfig,1365,private int <IsOpenBP>k__BackingField; // 0x20
code/AssetRipper_generated_CSharp/Assembly-CSharp/SummerWatermelonTwentyFourConfig.cs,,SummerWatermelonTwentyFourConfig,1365,private int <BpShopID>k__BackingField; // 0x24
code/AssetRipper_generated_CSharp/Assembly-CSharp/SummerWatermelonTwentyFourConfig.cs,,SummerWatermelonTwentyFourConfig,1365,private int <DecorationLevel>k__BackingField; // 0x28
code/AssetRipper_generated_CSharp/Assembly-CSharp/SummerWatermelonTwentyFourDeleItemConfig.cs,,SummerWatermelonTwentyFourDeleItemConfig,1366,private int <Id>k__BackingField; // 0x8
code/AssetRipper_generated_CSharp/Assembly-CSharp/SummerWatermelonTwentyFourDeleItemConfig.cs,,SummerWatermelonTwentyFourDeleItemConfig,1366,private int <ItemId>k__BackingField; // 0xC
code/AssetRipper_generated_CSharp/Assembly-CSharp/SummerWatermelonTwentyFourProductAttenuationConfig.cs,,SummerWatermelonTwentyFourProductAttenuationConfig,1372,private int <Id>k__BackingField; // 0x8
code/AssetRipper_generated_CSharp/Assembly-CSharp/SummerWatermelonTwentyFourProductAttenuationConfig.cs,,SummerWatermelonTwentyFourProductAttenuationConfig,1372,private int <ProductCount>k__BackingField; // 0xC
code/AssetRipper_generated_CSharp/Assembly-CSharp/SummerWatermelonTwentyFourProductAttenuationConfig.cs,,SummerWatermelonTwentyFourProductAttenuationConfig,1372,private float <TotalWeightMulti>k__BackingField; // 0x10
code/AssetRipper_generated_CSharp/Assembly-CSharp/SummerWatermelonTwentyFourProductConfig.cs,,SummerWatermelonTwentyFourProductConfig,1373,private int <Id>k__BackingField; // 0x8
code/AssetRipper_generated_CSharp/Assembly-CSharp/SummerWatermelonTwentyFourProductConfig.cs,,SummerWatermelonTwentyFourProductConfig,1373,private int <ItemId>k__BackingField; // 0xC
code/AssetRipper_generated_CSharp/Assembly-CSharp/SummerWatermelonTwentyFourProductConfig.cs,,SummerWatermelonTwentyFourProductConfig,1373,private List<int> <OutPut>k__BackingField; // 0x10
code/AssetRipper_generated_CSharp/Assembly-CSharp/SummerWatermelonTwentyFourProductConfig.cs,,SummerWatermelonTwentyFourProductConfig,1373,private List<int> <Weight>k__BackingField; // 0x14
code/AssetRipper_generated_CSharp/Assembly-CSharp/SummerWatermelonTwentyFourProductConfig.cs,,SummerWatermelonTwentyFourProductConfig,1373,private int <MaxWeight>k__BackingField; // 0x18
code/AssetRipper_generated_CSharp/Assembly-CSharp/SummerWatermelonTwentyOneConfig.cs,,SummerWatermelonTwentyOneConfig,1380,private int <Id>k__BackingField; // 0x8
code/AssetRipper_generated_CSharp/Assembly-CSharp/SummerWatermelonTwentyOneConfig.cs,,SummerWatermelonTwentyOneConfig,1380,private int <LineId>k__BackingField; // 0xC
code/AssetRipper_generated_CSharp/Assembly-CSharp/SummerWatermelonTwentyOneConfig.cs,,SummerWatermelonTwentyOneConfig,1380,private List<int> <InitItems>k__BackingField; // 0x10
code/AssetRipper_generated_CSharp/Assembly-CSharp/SummerWatermelonTwentyOneConfig.cs,,SummerWatermelonTwentyOneConfig,1380,private int <LineIdChild>k__BackingField; // 0x14
code/AssetRipper_generated_CSharp/Assembly-CSharp/SummerWatermelonTwentyOneConfig.cs,,SummerWatermelonTwentyOneConfig,1380,private List<int> <BigBoardUnlockLevel>k__BackingField; // 0x18
code/AssetRipper_generated_CSharp/Assembly-CSharp/SummerWatermelonTwentyOneConfig.cs,,SummerWatermelonTwentyOneConfig,1380,private List<int> <NoRecycleItems>k__BackingField; // 0x1C
code/AssetRipper_generated_CSharp/Assembly-CSharp/SummerWatermelonTwentyOneConfig.cs,,SummerWatermelonTwentyOneConfig,1380,private int <IsOpenBP>k__BackingField; // 0x20
code/AssetRipper_generated_CSharp/Assembly-CSharp/SummerWatermelonTwentyOneConfig.cs,,SummerWatermelonTwentyOneConfig,1380,private int <BpShopID>k__BackingField; // 0x24
code/AssetRipper_generated_CSharp/Assembly-CSharp/SummerWatermelonTwentyOneConfig.cs,,SummerWatermelonTwentyOneConfig,1380,private int <DecorationLevel>k__BackingField; // 0x28
code/AssetRipper_generated_CSharp/Assembly-CSharp/SummerWatermelonTwentyOneDeleItemConfig.cs,,SummerWatermelonTwentyOneDeleItemConfig,1381,private int <Id>k__BackingField; // 0x8
code/AssetRipper_generated_CSharp/Assembly-CSharp/SummerWatermelonTwentyOneDeleItemConfig.cs,,SummerWatermelonTwentyOneDeleItemConfig,1381,private int <ItemId>k__BackingField; // 0xC
code/AssetRipper_generated_CSharp/Assembly-CSharp/SummerWatermelonTwentyOneProductAttenuationConfig.cs,,SummerWatermelonTwentyOneProductAttenuationConfig,1387,private int <Id>k__BackingField; // 0x8
code/AssetRipper_generated_CSharp/Assembly-CSharp/SummerWatermelonTwentyOneProductAttenuationConfig.cs,,SummerWatermelonTwentyOneProductAttenuationConfig,1387,private int <ProductCount>k__BackingField; // 0xC
code/AssetRipper_generated_CSharp/Assembly-CSharp/SummerWatermelonTwentyOneProductAttenuationConfig.cs,,SummerWatermelonTwentyOneProductAttenuationConfig,1387,private float <TotalWeightMulti>k__BackingField; // 0x10
code/AssetRipper_generated_CSharp/Assembly-CSharp/SummerWatermelonTwentyOneProductConfig.cs,,SummerWatermelonTwentyOneProductConfig,1388,private int <Id>k__BackingField; // 0x8
code/AssetRipper_generated_CSharp/Assembly-CSharp/SummerWatermelonTwentyOneProductConfig.cs,,SummerWatermelonTwentyOneProductConfig,1388,private int <ItemId>k__BackingField; // 0xC
code/AssetRipper_generated_CSharp/Assembly-CSharp/SummerWatermelonTwentyOneProductConfig.cs,,SummerWatermelonTwentyOneProductConfig,1388,private List<int> <OutPut>k__BackingField; // 0x10
code/AssetRipper_generated_CSharp/Assembly-CSharp/SummerWatermelonTwentyOneProductConfig.cs,,SummerWatermelonTwentyOneProductConfig,1388,private List<int> <Weight>k__BackingField; // 0x14
code/AssetRipper_generated_CSharp/Assembly-CSharp/SummerWatermelonTwentyOneProductConfig.cs,,SummerWatermelonTwentyOneProductConfig,1388,private int <MaxWeight>k__BackingField; // 0x18
code/AssetRipper_generated_CSharp/Assembly-CSharp/SummerWatermelonTwentySevenConfig.cs,,SummerWatermelonTwentySevenConfig,1392,private int <Id>k__BackingField; // 0x8
code/AssetRipper_generated_CSharp/Assembly-CSharp/SummerWatermelonTwentySevenConfig.cs,,SummerWatermelonTwentySevenConfig,1392,private int <LineId>k__BackingField; // 0xC
code/AssetRipper_generated_CSharp/Assembly-CSharp/SummerWatermelonTwentySevenConfig.cs,,SummerWatermelonTwentySevenConfig,1392,private List<int> <InitItems>k__BackingField; // 0x10
code/AssetRipper_generated_CSharp/Assembly-CSharp/SummerWatermelonTwentySevenConfig.cs,,SummerWatermelonTwentySevenConfig,1392,private int <LineIdChild>k__BackingField; // 0x14
code/AssetRipper_generated_CSharp/Assembly-CSharp/SummerWatermelonTwentySevenConfig.cs,,SummerWatermelonTwentySevenConfig,1392,private int <BigBoardUnlockLevel>k__BackingField; // 0x18
code/AssetRipper_generated_CSharp/Assembly-CSharp/SummerWatermelonTwentySevenConfig.cs,,SummerWatermelonTwentySevenConfig,1392,private List<int> <NoRecycleItems>k__BackingField; // 0x1C
code/AssetRipper_generated_CSharp/Assembly-CSharp/SummerWatermelonTwentySevenConfig.cs,,SummerWatermelonTwentySevenConfig,1392,private int <IsOpenBP>k__BackingField; // 0x20
code/AssetRipper_generated_CSharp/Assembly-CSharp/SummerWatermelonTwentySevenConfig.cs,,SummerWatermelonTwentySevenConfig,1392,private int <BpShopID>k__BackingField; // 0x24
code/AssetRipper_generated_CSharp/Assembly-CSharp/SummerWatermelonTwentySevenConfig.cs,,SummerWatermelonTwentySevenConfig,1392,private List<int> <UnlockItemIds>k__BackingField; // 0x28
code/AssetRipper_generated_CSharp/Assembly-CSharp/SummerWatermelonTwentySevenConfig.cs,,SummerWatermelonTwentySevenConfig,1392,private int <UnlockStep>k__BackingField; // 0x2C
code/AssetRipper_generated_CSharp/Assembly-CSharp/SummerWatermelonTwentySevenConfig.cs,,SummerWatermelonTwentySevenConfig,1392,private List<int> <MoveCheckNum>k__BackingField; // 0x30
code/AssetRipper_generated_CSharp/Assembly-CSharp/SummerWatermelonTwentySevenDeleItemConfig.cs,,SummerWatermelonTwentySevenDeleItemConfig,1393,private int <Id>k__BackingField; // 0x8
code/AssetRipper_generated_CSharp/Assembly-CSharp/SummerWatermelonTwentySevenDeleItemConfig.cs,,SummerWatermelonTwentySevenDeleItemConfig,1393,private int <ItemId>k__BackingField; // 0xC
code/AssetRipper_generated_CSharp/Assembly-CSharp/SummerWatermelonTwentySevenProductAttenuationConfig.cs,,SummerWatermelonTwentySevenProductAttenuationConfig,1399,private int <Id>k__BackingField; // 0x8
code/AssetRipper_generated_CSharp/Assembly-CSharp/SummerWatermelonTwentySevenProductAttenuationConfig.cs,,SummerWatermelonTwentySevenProductAttenuationConfig,1399,private int <ProductCount>k__BackingField; // 0xC
code/AssetRipper_generated_CSharp/Assembly-CSharp/SummerWatermelonTwentySevenProductAttenuationConfig.cs,,SummerWatermelonTwentySevenProductAttenuationConfig,1399,private float <TotalWeightMulti>k__BackingField; // 0x10
code/AssetRipper_generated_CSharp/Assembly-CSharp/SummerWatermelonTwentySevenProductConfig.cs,,SummerWatermelonTwentySevenProductConfig,1400,private int <Id>k__BackingField; // 0x8
code/AssetRipper_generated_CSharp/Assembly-CSharp/SummerWatermelonTwentySevenProductConfig.cs,,SummerWatermelonTwentySevenProductConfig,1400,private int <ItemId>k__BackingField; // 0xC
code/AssetRipper_generated_CSharp/Assembly-CSharp/SummerWatermelonTwentySevenProductConfig.cs,,SummerWatermelonTwentySevenProductConfig,1400,private List<int> <OutPut>k__BackingField; // 0x10
code/AssetRipper_generated_CSharp/Assembly-CSharp/SummerWatermelonTwentySevenProductConfig.cs,,SummerWatermelonTwentySevenProductConfig,1400,private List<int> <Weight>k__BackingField; // 0x14
code/AssetRipper_generated_CSharp/Assembly-CSharp/SummerWatermelonTwentySevenProductConfig.cs,,SummerWatermelonTwentySevenProductConfig,1400,private int <MaxWeight>k__BackingField; // 0x18
code/AssetRipper_generated_CSharp/Assembly-CSharp/SummerWatermelonTwentySixConfig.cs,,SummerWatermelonTwentySixConfig,1407,private int <Id>k__BackingField; // 0x8
code/AssetRipper_generated_CSharp/Assembly-CSharp/SummerWatermelonTwentySixConfig.cs,,SummerWatermelonTwentySixConfig,1407,private int <LineId>k__BackingField; // 0xC
code/AssetRipper_generated_CSharp/Assembly-CSharp/SummerWatermelonTwentySixConfig.cs,,SummerWatermelonTwentySixConfig,1407,private List<int> <InitItems>k__BackingField; // 0x10
code/AssetRipper_generated_CSharp/Assembly-CSharp/SummerWatermelonTwentySixConfig.cs,,SummerWatermelonTwentySixConfig,1407,private int <LineIdChild>k__BackingField; // 0x14
code/AssetRipper_generated_CSharp/Assembly-CSharp/SummerWatermelonTwentySixConfig.cs,,SummerWatermelonTwentySixConfig,1407,private List<int> <BigBoardUnlockLevel>k__BackingField; // 0x18
code/AssetRipper_generated_CSharp/Assembly-CSharp/SummerWatermelonTwentySixConfig.cs,,SummerWatermelonTwentySixConfig,1407,private List<int> <NoRecycleItems>k__BackingField; // 0x1C
code/AssetRipper_generated_CSharp/Assembly-CSharp/SummerWatermelonTwentySixConfig.cs,,SummerWatermelonTwentySixConfig,1407,private int <IsOpenBP>k__BackingField; // 0x20
code/AssetRipper_generated_CSharp/Assembly-CSharp/SummerWatermelonTwentySixConfig.cs,,SummerWatermelonTwentySixConfig,1407,private int <BpShopID>k__BackingField; // 0x24
code/AssetRipper_generated_CSharp/Assembly-CSharp/SummerWatermelonTwentySixConfig.cs,,SummerWatermelonTwentySixConfig,1407,private int <DecorationLevel>k__BackingField; // 0x28
code/AssetRipper_generated_CSharp/Assembly-CSharp/SummerWatermelonTwentySixDeleItemConfig.cs,,SummerWatermelonTwentySixDeleItemConfig,1408,private int <Id>k__BackingField; // 0x8
code/AssetRipper_generated_CSharp/Assembly-CSharp/SummerWatermelonTwentySixDeleItemConfig.cs,,SummerWatermelonTwentySixDeleItemConfig,1408,private int <ItemId>k__BackingField; // 0xC
code/AssetRipper_generated_CSharp/Assembly-CSharp/SummerWatermelonTwentySixProductAttenuationConfig.cs,,SummerWatermelonTwentySixProductAttenuationConfig,1414,private int <Id>k__BackingField; // 0x8
code/AssetRipper_generated_CSharp/Assembly-CSharp/SummerWatermelonTwentySixProductAttenuationConfig.cs,,SummerWatermelonTwentySixProductAttenuationConfig,1414,private int <ProductCount>k__BackingField; // 0xC
code/AssetRipper_generated_CSharp/Assembly-CSharp/SummerWatermelonTwentySixProductAttenuationConfig.cs,,SummerWatermelonTwentySixProductAttenuationConfig,1414,private float <TotalWeightMulti>k__BackingField; // 0x10
code/AssetRipper_generated_CSharp/Assembly-CSharp/SummerWatermelonTwentySixProductConfig.cs,,SummerWatermelonTwentySixProductConfig,1415,private int <Id>k__BackingField; // 0x8
code/AssetRipper_generated_CSharp/Assembly-CSharp/SummerWatermelonTwentySixProductConfig.cs,,SummerWatermelonTwentySixProductConfig,1415,private int <ItemId>k__BackingField; // 0xC
code/AssetRipper_generated_CSharp/Assembly-CSharp/SummerWatermelonTwentySixProductConfig.cs,,SummerWatermelonTwentySixProductConfig,1415,private List<int> <OutPut>k__BackingField; // 0x10
code/AssetRipper_generated_CSharp/Assembly-CSharp/SummerWatermelonTwentySixProductConfig.cs,,SummerWatermelonTwentySixProductConfig,1415,private List<int> <Weight>k__BackingField; // 0x14
code/AssetRipper_generated_CSharp/Assembly-CSharp/SummerWatermelonTwentySixProductConfig.cs,,SummerWatermelonTwentySixProductConfig,1415,private int <MaxWeight>k__BackingField; // 0x18
code/AssetRipper_generated_CSharp/Assembly-CSharp/SummerWatermelonTwentyThreeConfig.cs,,SummerWatermelonTwentyThreeConfig,1419,private int <Id>k__BackingField; // 0x8
code/AssetRipper_generated_CSharp/Assembly-CSharp/SummerWatermelonTwentyThreeConfig.cs,,SummerWatermelonTwentyThreeConfig,1419,private int <LineId>k__BackingField; // 0xC
code/AssetRipper_generated_CSharp/Assembly-CSharp/SummerWatermelonTwentyThreeConfig.cs,,SummerWatermelonTwentyThreeConfig,1419,private List<int> <InitItems>k__BackingField; // 0x10
code/AssetRipper_generated_CSharp/Assembly-CSharp/SummerWatermelonTwentyThreeConfig.cs,,SummerWatermelonTwentyThreeConfig,1419,private int <LineIdChild>k__BackingField; // 0x14
code/AssetRipper_generated_CSharp/Assembly-CSharp/SummerWatermelonTwentyThreeConfig.cs,,SummerWatermelonTwentyThreeConfig,1419,private int <BigBoardUnlockLevel>k__BackingField; // 0x18
code/AssetRipper_generated_CSharp/Assembly-CSharp/SummerWatermelonTwentyThreeConfig.cs,,SummerWatermelonTwentyThreeConfig,1419,private List<int> <NoRecycleItems>k__BackingField; // 0x1C
code/AssetRipper_generated_CSharp/Assembly-CSharp/SummerWatermelonTwentyThreeConfig.cs,,SummerWatermelonTwentyThreeConfig,1419,private int <IsOpenBP>k__BackingField; // 0x20
code/AssetRipper_generated_CSharp/Assembly-CSharp/SummerWatermelonTwentyThreeConfig.cs,,SummerWatermelonTwentyThreeConfig,1419,private int <BpShopID>k__BackingField; // 0x24
code/AssetRipper_generated_CSharp/Assembly-CSharp/SummerWatermelonTwentyThreeConfig.cs,,SummerWatermelonTwentyThreeConfig,1419,private List<int> <UnlockItemIds>k__BackingField; // 0x28
code/AssetRipper_generated_CSharp/Assembly-CSharp/SummerWatermelonTwentyThreeConfig.cs,,SummerWatermelonTwentyThreeConfig,1419,private int <UnlockStep>k__BackingField; // 0x2C
code/AssetRipper_generated_CSharp/Assembly-CSharp/SummerWatermelonTwentyThreeConfig.cs,,SummerWatermelonTwentyThreeConfig,1419,private List<int> <MoveCheckNum>k__BackingField; // 0x30
code/AssetRipper_generated_CSharp/Assembly-CSharp/SummerWatermelonTwentyThreeDeleItemConfig.cs,,SummerWatermelonTwentyThreeDeleItemConfig,1420,private int <Id>k__BackingField; // 0x8
code/AssetRipper_generated_CSharp/Assembly-CSharp/SummerWatermelonTwentyThreeDeleItemConfig.cs,,SummerWatermelonTwentyThreeDeleItemConfig,1420,private int <ItemId>k__BackingField; // 0xC
code/AssetRipper_generated_CSharp/Assembly-CSharp/SummerWatermelonTwentyThreeProductAttenuationConfig.cs,,SummerWatermelonTwentyThreeProductAttenuationConfig,1426,private int <Id>k__BackingField; // 0x8
code/AssetRipper_generated_CSharp/Assembly-CSharp/SummerWatermelonTwentyThreeProductAttenuationConfig.cs,,SummerWatermelonTwentyThreeProductAttenuationConfig,1426,private int <ProductCount>k__BackingField; // 0xC
code/AssetRipper_generated_CSharp/Assembly-CSharp/SummerWatermelonTwentyThreeProductAttenuationConfig.cs,,SummerWatermelonTwentyThreeProductAttenuationConfig,1426,private float <TotalWeightMulti>k__BackingField; // 0x10
code/AssetRipper_generated_CSharp/Assembly-CSharp/SummerWatermelonTwentyThreeProductConfig.cs,,SummerWatermelonTwentyThreeProductConfig,1427,private int <Id>k__BackingField; // 0x8
code/AssetRipper_generated_CSharp/Assembly-CSharp/SummerWatermelonTwentyThreeProductConfig.cs,,SummerWatermelonTwentyThreeProductConfig,1427,private int <ItemId>k__BackingField; // 0xC
code/AssetRipper_generated_CSharp/Assembly-CSharp/SummerWatermelonTwentyThreeProductConfig.cs,,SummerWatermelonTwentyThreeProductConfig,1427,private List<int> <OutPut>k__BackingField; // 0x10
code/AssetRipper_generated_CSharp/Assembly-CSharp/SummerWatermelonTwentyThreeProductConfig.cs,,SummerWatermelonTwentyThreeProductConfig,1427,private List<int> <Weight>k__BackingField; // 0x14
code/AssetRipper_generated_CSharp/Assembly-CSharp/SummerWatermelonTwentyThreeProductConfig.cs,,SummerWatermelonTwentyThreeProductConfig,1427,private int <MaxWeight>k__BackingField; // 0x18
code/AssetRipper_generated_CSharp/Assembly-CSharp/SummerWatermelonTwentyTwoConfig.cs,,SummerWatermelonTwentyTwoConfig,1434,private int <Id>k__BackingField; // 0x8
code/AssetRipper_generated_CSharp/Assembly-CSharp/SummerWatermelonTwentyTwoConfig.cs,,SummerWatermelonTwentyTwoConfig,1434,private int <LineId>k__BackingField; // 0xC
code/AssetRipper_generated_CSharp/Assembly-CSharp/SummerWatermelonTwentyTwoConfig.cs,,SummerWatermelonTwentyTwoConfig,1434,private List<int> <InitItems>k__BackingField; // 0x10
code/AssetRipper_generated_CSharp/Assembly-CSharp/SummerWatermelonTwentyTwoConfig.cs,,SummerWatermelonTwentyTwoConfig,1434,private int <LineIdChild>k__BackingField; // 0x14
code/AssetRipper_generated_CSharp/Assembly-CSharp/SummerWatermelonTwentyTwoConfig.cs,,SummerWatermelonTwentyTwoConfig,1434,private List<int> <BigBoardUnlockLevel>k__BackingField; // 0x18
code/AssetRipper_generated_CSharp/Assembly-CSharp/SummerWatermelonTwentyTwoConfig.cs,,SummerWatermelonTwentyTwoConfig,1434,private List<int> <NoRecycleItems>k__BackingField; // 0x1C
code/AssetRipper_generated_CSharp/Assembly-CSharp/SummerWatermelonTwentyTwoConfig.cs,,SummerWatermelonTwentyTwoConfig,1434,private int <IsOpenBP>k__BackingField; // 0x20
code/AssetRipper_generated_CSharp/Assembly-CSharp/SummerWatermelonTwentyTwoConfig.cs,,SummerWatermelonTwentyTwoConfig,1434,private int <BpShopID>k__BackingField; // 0x24
code/AssetRipper_generated_CSharp/Assembly-CSharp/SummerWatermelonTwentyTwoConfig.cs,,SummerWatermelonTwentyTwoConfig,1434,private int <DecorationLevel>k__BackingField; // 0x28
code/AssetRipper_generated_CSharp/Assembly-CSharp/SummerWatermelonTwentyTwoDeleItemConfig.cs,,SummerWatermelonTwentyTwoDeleItemConfig,1435,private int <Id>k__BackingField; // 0x8
code/AssetRipper_generated_CSharp/Assembly-CSharp/SummerWatermelonTwentyTwoDeleItemConfig.cs,,SummerWatermelonTwentyTwoDeleItemConfig,1435,private int <ItemId>k__BackingField; // 0xC
code/AssetRipper_generated_CSharp/Assembly-CSharp/SummerWatermelonTwentyTwoProductAttenuationConfig.cs,,SummerWatermelonTwentyTwoProductAttenuationConfig,1441,private int <Id>k__BackingField; // 0x8
code/AssetRipper_generated_CSharp/Assembly-CSharp/SummerWatermelonTwentyTwoProductAttenuationConfig.cs,,SummerWatermelonTwentyTwoProductAttenuationConfig,1441,private int <ProductCount>k__BackingField; // 0xC
code/AssetRipper_generated_CSharp/Assembly-CSharp/SummerWatermelonTwentyTwoProductAttenuationConfig.cs,,SummerWatermelonTwentyTwoProductAttenuationConfig,1441,private float <TotalWeightMulti>k__BackingField; // 0x10
code/AssetRipper_generated_CSharp/Assembly-CSharp/SummerWatermelonTwentyTwoProductConfig.cs,,SummerWatermelonTwentyTwoProductConfig,1442,private int <Id>k__BackingField; // 0x8
code/AssetRipper_generated_CSharp/Assembly-CSharp/SummerWatermelonTwentyTwoProductConfig.cs,,SummerWatermelonTwentyTwoProductConfig,1442,private int <ItemId>k__BackingField; // 0xC
code/AssetRipper_generated_CSharp/Assembly-CSharp/SummerWatermelonTwentyTwoProductConfig.cs,,SummerWatermelonTwentyTwoProductConfig,1442,private List<int> <OutPut>k__BackingField; // 0x10
code/AssetRipper_generated_CSharp/Assembly-CSharp/SummerWatermelonTwentyTwoProductConfig.cs,,SummerWatermelonTwentyTwoProductConfig,1442,private List<int> <Weight>k__BackingField; // 0x14
code/AssetRipper_generated_CSharp/Assembly-CSharp/SummerWatermelonTwentyTwoProductConfig.cs,,SummerWatermelonTwentyTwoProductConfig,1442,private int <MaxWeight>k__BackingField; // 0x18
code/AssetRipper_generated_CSharp/Assembly-CSharp/SummerWatermelonTwoConfig.cs,,SummerWatermelonTwoConfig,1446,private int <Id>k__BackingField; // 0x8
code/AssetRipper_generated_CSharp/Assembly-CSharp/SummerWatermelonTwoConfig.cs,,SummerWatermelonTwoConfig,1446,private int <LineId>k__BackingField; // 0xC
code/AssetRipper_generated_CSharp/Assembly-CSharp/SummerWatermelonTwoConfig.cs,,SummerWatermelonTwoConfig,1446,private List<int> <InitItems>k__BackingField; // 0x10
code/AssetRipper_generated_CSharp/Assembly-CSharp/SummerWatermelonTwoConfig.cs,,SummerWatermelonTwoConfig,1446,private int <LineIdChild>k__BackingField; // 0x14
code/AssetRipper_generated_CSharp/Assembly-CSharp/SummerWatermelonTwoConfig.cs,,SummerWatermelonTwoConfig,1446,private int <BigBoardUnlockLevel>k__BackingField; // 0x18
code/AssetRipper_generated_CSharp/Assembly-CSharp/SummerWatermelonTwoDeleItemConfig.cs,,SummerWatermelonTwoDeleItemConfig,1447,private int <Id>k__BackingField; // 0x8
code/AssetRipper_generated_CSharp/Assembly-CSharp/SummerWatermelonTwoDeleItemConfig.cs,,SummerWatermelonTwoDeleItemConfig,1447,private int <ItemId>k__BackingField; // 0xC
code/AssetRipper_generated_CSharp/Assembly-CSharp/SummerWatermelonTwoProductAttenuationConfig.cs,,SummerWatermelonTwoProductAttenuationConfig,1451,private int <Id>k__BackingField; // 0x8
code/AssetRipper_generated_CSharp/Assembly-CSharp/SummerWatermelonTwoProductAttenuationConfig.cs,,SummerWatermelonTwoProductAttenuationConfig,1451,private int <ProductCount>k__BackingField; // 0xC
code/AssetRipper_generated_CSharp/Assembly-CSharp/SummerWatermelonTwoProductAttenuationConfig.cs,,SummerWatermelonTwoProductAttenuationConfig,1451,private float <TotalWeightMulti>k__BackingField; // 0x10
code/AssetRipper_generated_CSharp/Assembly-CSharp/SummerWatermelonTwoProductConfig.cs,,SummerWatermelonTwoProductConfig,1452,private int <Id>k__BackingField; // 0x8
code/AssetRipper_generated_CSharp/Assembly-CSharp/SummerWatermelonTwoProductConfig.cs,,SummerWatermelonTwoProductConfig,1452,private int <ItemId>k__BackingField; // 0xC
code/AssetRipper_generated_CSharp/Assembly-CSharp/SummerWatermelonTwoProductConfig.cs,,SummerWatermelonTwoProductConfig,1452,private List<int> <OutPut>k__BackingField; // 0x10
code/AssetRipper_generated_CSharp/Assembly-CSharp/SummerWatermelonTwoProductConfig.cs,,SummerWatermelonTwoProductConfig,1452,private List<int> <Weight>k__BackingField; // 0x14
code/AssetRipper_generated_CSharp/Assembly-CSharp/SummerWatermelonTwoProductConfig.cs,,SummerWatermelonTwoProductConfig,1452,private int <MaxWeight>k__BackingField; // 0x18
code/AssetRipper_generated_CSharp/Assembly-CSharp/NewbieRoomConfig.cs,,NewbieRoomConfig,1762,private int <Id>k__BackingField; // 0x8
code/AssetRipper_generated_CSharp/Assembly-CSharp/NewbieRoomConfig.cs,,NewbieRoomConfig,1762,private List<int> <NodeChapter>k__BackingField; // 0xC
code/AssetRipper_generated_CSharp/Assembly-CSharp/NewbieRoomConfig.cs,,NewbieRoomConfig,1762,private int <Duration>k__BackingField; // 0x10
code/AssetRipper_generated_CSharp/Assembly-CSharp/NewbieRoomMergeBoard.cs,,NewbieRoomMergeBoard,1767,public UIPopupNewbieRoomMergeBoardController _controller; // 0xE4
code/AssetRipper_generated_CSharp/Assembly-CSharp/BaseEvent.cs,,BaseEvent,1850,public string type; // 0x8
code/AssetRipper_generated_CSharp/Assembly-CSharp/BaseEvent.cs,,BaseEvent,1850,public object[] datas; // 0xC
code/AssetRipper_generated_CSharp/Assembly-CSharp/GameConfigManager.cs,,GameConfigManager.<>c,1967,public static readonly GameConfigManager.<>c <>9; // 0x0
code/AssetRipper_generated_CSharp/Assembly-CSharp/GameConfigManager.cs,,GameConfigManager.<>c,1967,public static Comparison<TableMergeItem> <>9__18_1; // 0x4
code/AssetRipper_generated_CSharp/Assembly-CSharp/GameConfigManager.cs,,GameConfigManager.<>c,1967,public static Comparison<TableMergeItem> <>9__18_2; // 0x8
code/AssetRipper_generated_CSharp/Assembly-CSharp/GameConfigManager.cs,,GameConfigManager.<>c__DisplayClass26_0,1968,public Common common; // 0x8
code/AssetRipper_generated_CSharp/Assembly-CSharp/GameConfigManager.cs,,GameConfigManager.<>c__DisplayClass27_0,1969,public Common common; // 0x8
code/AssetRipper_generated_CSharp/Assembly-CSharp/GameConfigManager.cs,,GameConfigManager,1970,public List<TableMergeItem> MergeItemList; // 0x10
code/AssetRipper_generated_CSharp/Assembly-CSharp/GameConfigManager.cs,,GameConfigManager,1970,public List<TableMergeItem2> MergeItemList2; // 0x14
code/AssetRipper_generated_CSharp/Assembly-CSharp/GameConfigManager.cs,,GameConfigManager,1970,public List<TableMergeLine> MergeLineList; // 0x18
code/AssetRipper_generated_CSharp/Assembly-CSharp/GameConfigManager.cs,,GameConfigManager,1970,public List<TableBoardGrid> BoardGridList; // 0x1C
code/AssetRipper_generated_CSharp/Assembly-CSharp/GameConfigManager.cs,,GameConfigManager,1970,public List<TableBoardGrid2> BoardGridList2; // 0x20
code/AssetRipper_generated_CSharp/Assembly-CSharp/GameConfigManager.cs,,GameConfigManager,1970,public List<TableLevel> LevelList; // 0x24
code/AssetRipper_generated_CSharp/Assembly-CSharp/GameConfigManager.cs,,GameConfigManager,1970,public List<TableBag> BagList; // 0x28
code/AssetRipper_generated_CSharp/Assembly-CSharp/GameConfigManager.cs,,GameConfigManager,1970,public List<TableBagBuilding> BagBuildingList; // 0x2C
code/AssetRipper_generated_CSharp/Assembly-CSharp/GameConfigManager.cs,,GameConfigManager,1970,public List<TableIceGlobalConfig> IceGlobalConfigs; // 0x30
code/AssetRipper_generated_CSharp/Assembly-CSharp/GameConfigManager.cs,,GameConfigManager,1970,public List<TableIceItemConfig> IceItemConfigs; // 0x34
code/AssetRipper_generated_CSharp/Assembly-CSharp/GameConfigManager.cs,,GameConfigManager,1970,"private Dictionary<int, TableMergeItem> mergeItemDir; // 0x38"
code/AssetRipper_generated_CSharp/Assembly-CSharp/GameConfigManager.cs,,GameConfigManager,1970,"private Dictionary<int, TableMergeItem> mergeItemDir2; // 0x3C"
code/AssetRipper_generated_CSharp/Assembly-CSharp/GameConfigManager.cs,,GameConfigManager,1970,"private Dictionary<int, TableMergeLine> mergeLineDir; // 0x40"
code/AssetRipper_generated_CSharp/Assembly-CSharp/GameConfigManager.cs,,GameConfigManager,1970,"private Dictionary<int, List<TableMergeItem>> mergeInLineDir; // 0x44"
code/AssetRipper_generated_CSharp/Assembly-CSharp/GameConfigManager.cs,,GameConfigManager,1970,"private Dictionary<int, List<TableMergeItem>> mergeSourceItems; // 0x48"
code/AssetRipper_generated_CSharp/Assembly-CSharp/GameConfigManager.cs,,GameConfigManager,1970,"private Dictionary<int, TableChoiceChest> choiceChestDir; // 0x4C"
code/AssetRipper_generated_CSharp/Assembly-CSharp/GameConfigManager.cs,,GameConfigManager,1970,public List<TableChoiceChest> ChoiceChestList; // 0x50
code/AssetRipper_generated_CSharp/Assembly-CSharp/GameConfigManager.cs,,GameConfigManager,1970,public bool InitFlag; // 0x54
code/AssetRipper_generated_CSharp/Assembly-CSharp/TableBoardGrid.cs,,TableBoardGrid,2030,public int id; // 0x8
code/AssetRipper_generated_CSharp/Assembly-CSharp/TableBoardGrid.cs,,TableBoardGrid,2030,public int itemId; // 0xC
code/AssetRipper_generated_CSharp/Assembly-CSharp/TableBoardGrid.cs,,TableBoardGrid,2030,public int state; // 0x10
code/AssetRipper_generated_CSharp/Assembly-CSharp/TableBoardGrid2.cs,,TableBoardGrid2,2031,public int id; // 0x8
code/AssetRipper_generated_CSharp/Assembly-CSharp/TableBoardGrid2.cs,,TableBoardGrid2,2031,public int itemId; // 0xC
code/AssetRipper_generated_CSharp/Assembly-CSharp/TableBoardGrid2.cs,,TableBoardGrid2,2031,public int state; // 0x10
code/AssetRipper_generated_CSharp/Assembly-CSharp/TableMergeItem.cs,,TableMergeItem,2037,public int id; // 0x8
code/AssetRipper_generated_CSharp/Assembly-CSharp/TableMergeItem.cs,,TableMergeItem,2037,public string name_key; // 0xC
code/AssetRipper_generated_CSharp/Assembly-CSharp/TableMergeItem.cs,,TableMergeItem,2037,public string image; // 0x10
code/AssetRipper_generated_CSharp/Assembly-CSharp/TableMergeItem.cs,,TableMergeItem,2037,public string image_full; // 0x14
code/AssetRipper_generated_CSharp/Assembly-CSharp/TableMergeItem.cs,,TableMergeItem,2037,public float offsetY; // 0x18
code/AssetRipper_generated_CSharp/Assembly-CSharp/TableMergeItem.cs,,TableMergeItem,2037,public int type; // 0x1C
code/AssetRipper_generated_CSharp/Assembly-CSharp/TableMergeItem.cs,,TableMergeItem,2037,public int subType; // 0x20
code/AssetRipper_generated_CSharp/Assembly-CSharp/TableMergeItem.cs,,TableMergeItem,2037,public bool showText; // 0x24
code/AssetRipper_generated_CSharp/Assembly-CSharp/TableMergeItem.cs,,TableMergeItem,2037,public string showAnimAsset; // 0x28
code/AssetRipper_generated_CSharp/Assembly-CSharp/TableMergeItem.cs,,TableMergeItem,2037,public int level; // 0x2C
code/AssetRipper_generated_CSharp/Assembly-CSharp/TableMergeItem.cs,,TableMergeItem,2037,public int in_line; // 0x30
code/AssetRipper_generated_CSharp/Assembly-CSharp/TableMergeItem.cs,,TableMergeItem,2037,public int airIsland; // 0x34
code/AssetRipper_generated_CSharp/Assembly-CSharp/TableMergeItem.cs,,TableMergeItem,2037,public int[] re_line; // 0x38
code/AssetRipper_generated_CSharp/Assembly-CSharp/TableMergeItem.cs,,TableMergeItem,2037,public int[] reSp_line; // 0x3C
code/AssetRipper_generated_CSharp/Assembly-CSharp/TableMergeItem.cs,,TableMergeItem,2037,public bool order_possible; // 0x40
code/AssetRipper_generated_CSharp/Assembly-CSharp/TableMergeItem.cs,,TableMergeItem,2037,public string item_des; // 0x44
code/AssetRipper_generated_CSharp/Assembly-CSharp/TableMergeItem.cs,,TableMergeItem,2037,public int pre_level; // 0x48
code/AssetRipper_generated_CSharp/Assembly-CSharp/TableMergeItem.cs,,TableMergeItem,2037,public int next_level; // 0x4C
code/AssetRipper_generated_CSharp/Assembly-CSharp/TableMergeItem.cs,,TableMergeItem,2037,public int sold_gold; // 0x50
code/AssetRipper_generated_CSharp/Assembly-CSharp/TableMergeItem.cs,,TableMergeItem,2037,public int output_lock; // 0x54
code/AssetRipper_generated_CSharp/Assembly-CSharp/TableMergeItem.cs,,TableMergeItem,2037,public bool energy_frenzy; // 0x58
code/AssetRipper_generated_CSharp/Assembly-CSharp/TableMergeItem.cs,,TableMergeItem,2037,public bool is_product_all_cd; // 0x59
code/AssetRipper_generated_CSharp/Assembly-CSharp/TableMergeItem.cs,,TableMergeItem,2037,public float cd_time; // 0x5C
code/AssetRipper_generated_CSharp/Assembly-CSharp/TableMergeItem.cs,,TableMergeItem,2037,public int[] outputLimit; // 0x60
code/AssetRipper_generated_CSharp/Assembly-CSharp/TableMergeItem.cs,,TableMergeItem,2037,public int[] outputLimitByTimes; // 0x64
code/AssetRipper_generated_CSharp/Assembly-CSharp/TableMergeItem.cs,,TableMergeItem,2037,public int[] dynamicPowerItem; // 0x68
code/AssetRipper_generated_CSharp/Assembly-CSharp/TableMergeItem.cs,,TableMergeItem,2037,public int dynamicPower; // 0x6C
code/AssetRipper_generated_CSharp/Assembly-CSharp/TableMergeItem.cs,,TableMergeItem,2037,public int[] active_cost; // 0x70
code/AssetRipper_generated_CSharp/Assembly-CSharp/TableMergeItem.cs,,TableMergeItem,2037,public int[] produce_cost; // 0x74
code/AssetRipper_generated_CSharp/Assembly-CSharp/TableMergeItem.cs,,TableMergeItem,2037,public bool isIgnoreCd; // 0x78
code/AssetRipper_generated_CSharp/Assembly-CSharp/TableMergeItem.cs,,TableMergeItem,2037,public int[] cdspeed_cost; // 0x7C
code/AssetRipper_generated_CSharp/Assembly-CSharp/TableMergeItem.cs,,TableMergeItem,2037,public int[] output_cost; // 0x80
code/AssetRipper_generated_CSharp/Assembly-CSharp/TableMergeItem.cs,,TableMergeItem,2037,public int[] output; // 0x84
code/AssetRipper_generated_CSharp/Assembly-CSharp/TableMergeItem.cs,,TableMergeItem,2037,public int[] power; // 0x88
code/AssetRipper_generated_CSharp/Assembly-CSharp/TableMergeItem.cs,,TableMergeItem,2037,public int output_amount; // 0x8C
code/AssetRipper_generated_CSharp/Assembly-CSharp/TableMergeItem.cs,,TableMergeItem,2037,public int max_output_amount; // 0x90
code/AssetRipper_generated_CSharp/Assembly-CSharp/TableMergeItem.cs,,TableMergeItem,2037,public int[] time_cdspeed_cost; // 0x94
code/AssetRipper_generated_CSharp/Assembly-CSharp/TableMergeItem.cs,,TableMergeItem,2037,public int[] timeOutput_cost; // 0x98
code/AssetRipper_generated_CSharp/Assembly-CSharp/TableMergeItem.cs,,TableMergeItem,2037,public int[] timeOutput; // 0x9C
code/AssetRipper_generated_CSharp/Assembly-CSharp/TableMergeItem.cs,,TableMergeItem,2037,public int[] timeOutputPower; // 0xA0
code/AssetRipper_generated_CSharp/Assembly-CSharp/TableMergeItem.cs,,TableMergeItem,2037,public int time_output_amount; // 0xA4
code/AssetRipper_generated_CSharp/Assembly-CSharp/TableMergeItem.cs,,TableMergeItem,2037,public int time_max_output_amount; // 0xA8
code/AssetRipper_generated_CSharp/Assembly-CSharp/TableMergeItem.cs,,TableMergeItem,2037,public int[] Max_Drop_Interval; // 0xAC
code/AssetRipper_generated_CSharp/Assembly-CSharp/TableMergeItem.cs,,TableMergeItem,2037,public int[] show_power; // 0xB0
code/AssetRipper_generated_CSharp/Assembly-CSharp/TableMergeItem.cs,,TableMergeItem,2037,public int onelife; // 0xB4
code/AssetRipper_generated_CSharp/Assembly-CSharp/TableMergeItem.cs,,TableMergeItem,2037,public int out_death; // 0xB8
code/AssetRipper_generated_CSharp/Assembly-CSharp/TableMergeItem.cs,,TableMergeItem,2037,public int value; // 0xBC
code/AssetRipper_generated_CSharp/Assembly-CSharp/TableMergeItem.cs,,TableMergeItem,2037,public int[] bubble_rate; // 0xC0
code/AssetRipper_generated_CSharp/Assembly-CSharp/TableMergeItem.cs,,TableMergeItem,2037,public int[] unlcok_power_bubble; // 0xC4
code/AssetRipper_generated_CSharp/Assembly-CSharp/TableMergeItem.cs,,TableMergeItem,2037,public int unlcok_cost_bubble; // 0xC8
code/AssetRipper_generated_CSharp/Assembly-CSharp/TableMergeItem.cs,,TableMergeItem,2037,public int day_bubble_count; // 0xCC
code/AssetRipper_generated_CSharp/Assembly-CSharp/TableMergeItem.cs,,TableMergeItem,2037,public int unlcok_cost_net; // 0xD0
code/AssetRipper_generated_CSharp/Assembly-CSharp/TableMergeItem.cs,,TableMergeItem,2037,public int booster_factor; // 0xD4
code/AssetRipper_generated_CSharp/Assembly-CSharp/TableMergeItem.cs,,TableMergeItem,2037,public int Gem_split; // 0xD8
code/AssetRipper_generated_CSharp/Assembly-CSharp/TableMergeItem.cs,,TableMergeItem,2037,public bool rv_speedup; // 0xDC
code/AssetRipper_generated_CSharp/Assembly-CSharp/TableMergeItem.cs,,TableMergeItem,2037,public bool sold_confirm; // 0xDD
code/AssetRipper_generated_CSharp/Assembly-CSharp/TableMergeItem.cs,,TableMergeItem,2037,public int rv_speed_count; // 0xE0
code/AssetRipper_generated_CSharp/Assembly-CSharp/TableMergeItem.cs,,TableMergeItem,2037,public int original_count; // 0xE4
code/AssetRipper_generated_CSharp/Assembly-CSharp/TableMergeItem.cs,,TableMergeItem,2037,public int time_original_count; // 0xE8
code/AssetRipper_generated_CSharp/Assembly-CSharp/TableMergeItem.cs,,TableMergeItem,2037,public int[] gallery_award; // 0xEC
code/AssetRipper_generated_CSharp/Assembly-CSharp/TableMergeItem.cs,,TableMergeItem,2037,public int price; // 0xF0
code/AssetRipper_generated_CSharp/Assembly-CSharp/TableMergeItem.cs,,TableMergeItem,2037,public bool isSpecial; // 0xF4
code/AssetRipper_generated_CSharp/Assembly-CSharp/TableMergeItem.cs,,TableMergeItem,2037,public int output_rules_task; // 0xF8
code/AssetRipper_generated_CSharp/Assembly-CSharp/TableMergeItem.cs,,TableMergeItem,2037,public bool master_card_undo; // 0xFC
code/AssetRipper_generated_CSharp/Assembly-CSharp/TableMergeItem.cs,,TableMergeItem,2037,public int merge_output; // 0x100
code/AssetRipper_generated_CSharp/Assembly-CSharp/TableMergeItem.cs,,TableMergeItem,2037,public int merge_effect_index; // 0x104
code/AssetRipper_generated_CSharp/Assembly-CSharp/TableMergeItem.cs,,TableMergeItem,2037,public int[] output_probability; // 0x108
code/AssetRipper_generated_CSharp/Assembly-CSharp/TableMergeItem.cs,,TableMergeItem,2037,public int[] big_smale_cd; // 0x10C
code/AssetRipper_generated_CSharp/Assembly-CSharp/TableMergeItem.cs,,TableMergeItem,2037,public string big_smale_cdspeed; // 0x110
code/AssetRipper_generated_CSharp/Assembly-CSharp/TableMergeItem.cs,,TableMergeItem,2037,public int recovery_item; // 0x114
code/AssetRipper_generated_CSharp/Assembly-CSharp/TableMergeItem.cs,,TableMergeItem,2037,public int[] level_box_produce; // 0x118
code/AssetRipper_generated_CSharp/Assembly-CSharp/TableMergeItem.cs,,TableMergeItem,2037,public bool isBuildingBag; // 0x11C
code/AssetRipper_generated_CSharp/Assembly-CSharp/TableMergeItem2.cs,,TableMergeItem2,2038,public int id; // 0x8
code/AssetRipper_generated_CSharp/Assembly-CSharp/TableMergeItem2.cs,,TableMergeItem2,2038,public string name_key; // 0xC
code/AssetRipper_generated_CSharp/Assembly-CSharp/TableMergeItem2.cs,,TableMergeItem2,2038,public string image; // 0x10
code/AssetRipper_generated_CSharp/Assembly-CSharp/TableMergeItem2.cs,,TableMergeItem2,2038,public string image_full; // 0x14
code/AssetRipper_generated_CSharp/Assembly-CSharp/TableMergeItem2.cs,,TableMergeItem2,2038,public float offsetY; // 0x18
code/AssetRipper_generated_CSharp/Assembly-CSharp/TableMergeItem2.cs,,TableMergeItem2,2038,public int type; // 0x1C
code/AssetRipper_generated_CSharp/Assembly-CSharp/TableMergeItem2.cs,,TableMergeItem2,2038,public int subType; // 0x20
code/AssetRipper_generated_CSharp/Assembly-CSharp/TableMergeItem2.cs,,TableMergeItem2,2038,public bool showText; // 0x24
code/AssetRipper_generated_CSharp/Assembly-CSharp/TableMergeItem2.cs,,TableMergeItem2,2038,public string showAnimAsset; // 0x28
code/AssetRipper_generated_CSharp/Assembly-CSharp/TableMergeItem2.cs,,TableMergeItem2,2038,public int level; // 0x2C
code/AssetRipper_generated_CSharp/Assembly-CSharp/TableMergeItem2.cs,,TableMergeItem2,2038,public int in_line; // 0x30
code/AssetRipper_generated_CSharp/Assembly-CSharp/TableMergeItem2.cs,,TableMergeItem2,2038,public int[] re_line; // 0x34
code/AssetRipper_generated_CSharp/Assembly-CSharp/TableMergeItem2.cs,,TableMergeItem2,2038,public int[] reSp_line; // 0x38
code/AssetRipper_generated_CSharp/Assembly-CSharp/TableMergeItem2.cs,,TableMergeItem2,2038,public bool order_possible; // 0x3C
code/AssetRipper_generated_CSharp/Assembly-CSharp/TableMergeItem2.cs,,TableMergeItem2,2038,public string item_des; // 0x40
code/AssetRipper_generated_CSharp/Assembly-CSharp/TableMergeItem2.cs,,TableMergeItem2,2038,public int pre_level; // 0x44
code/AssetRipper_generated_CSharp/Assembly-CSharp/TableMergeItem2.cs,,TableMergeItem2,2038,public int next_level; // 0x48
code/AssetRipper_generated_CSharp/Assembly-CSharp/TableMergeItem2.cs,,TableMergeItem2,2038,public int sold_gold; // 0x4C
code/AssetRipper_generated_CSharp/Assembly-CSharp/TableMergeItem2.cs,,TableMergeItem2,2038,public int output_lock; // 0x50
code/AssetRipper_generated_CSharp/Assembly-CSharp/TableMergeItem2.cs,,TableMergeItem2,2038,public bool energy_frenzy; // 0x54
code/AssetRipper_generated_CSharp/Assembly-CSharp/TableMergeItem2.cs,,TableMergeItem2,2038,public bool is_product_all_cd; // 0x55
code/AssetRipper_generated_CSharp/Assembly-CSharp/TableMergeItem2.cs,,TableMergeItem2,2038,public float cd_time; // 0x58
code/AssetRipper_generated_CSharp/Assembly-CSharp/TableMergeItem2.cs,,TableMergeItem2,2038,public int[] outputLimit; // 0x5C
code/AssetRipper_generated_CSharp/Assembly-CSharp/TableMergeItem2.cs,,TableMergeItem2,2038,public int[] outputLimitByTimes; // 0x60
code/AssetRipper_generated_CSharp/Assembly-CSharp/TableMergeItem2.cs,,TableMergeItem2,2038,public int[] dynamicPowerItem; // 0x64
code/AssetRipper_generated_CSharp/Assembly-CSharp/TableMergeItem2.cs,,TableMergeItem2,2038,public int dynamicPower; // 0x68
code/AssetRipper_generated_CSharp/Assembly-CSharp/TableMergeItem2.cs,,TableMergeItem2,2038,public int[] active_cost; // 0x6C
code/AssetRipper_generated_CSharp/Assembly-CSharp/TableMergeItem2.cs,,TableMergeItem2,2038,public int[] produce_cost; // 0x70
code/AssetRipper_generated_CSharp/Assembly-CSharp/TableMergeItem2.cs,,TableMergeItem2,2038,public bool isIgnoreCd; // 0x74
code/AssetRipper_generated_CSharp/Assembly-CSharp/TableMergeItem2.cs,,TableMergeItem2,2038,public int[] cdspeed_cost; // 0x78
code/AssetRipper_generated_CSharp/Assembly-CSharp/TableMergeItem2.cs,,TableMergeItem2,2038,public int[] output_cost; // 0x7C
code/AssetRipper_generated_CSharp/Assembly-CSharp/TableMergeItem2.cs,,TableMergeItem2,2038,public int[] output; // 0x80
code/AssetRipper_generated_CSharp/Assembly-CSharp/TableMergeItem2.cs,,TableMergeItem2,2038,public int[] power; // 0x84
code/AssetRipper_generated_CSharp/Assembly-CSharp/TableMergeItem2.cs,,TableMergeItem2,2038,public int output_amount; // 0x88
code/AssetRipper_generated_CSharp/Assembly-CSharp/TableMergeItem2.cs,,TableMergeItem2,2038,public int max_output_amount; // 0x8C
code/AssetRipper_generated_CSharp/Assembly-CSharp/TableMergeItem2.cs,,TableMergeItem2,2038,public int[] time_cdspeed_cost; // 0x90
code/AssetRipper_generated_CSharp/Assembly-CSharp/TableMergeItem2.cs,,TableMergeItem2,2038,public int[] timeOutput_cost; // 0x94
code/AssetRipper_generated_CSharp/Assembly-CSharp/TableMergeItem2.cs,,TableMergeItem2,2038,public int[] timeOutput; // 0x98
code/AssetRipper_generated_CSharp/Assembly-CSharp/TableMergeItem2.cs,,TableMergeItem2,2038,public int[] timeOutputPower; // 0x9C
code/AssetRipper_generated_CSharp/Assembly-CSharp/TableMergeItem2.cs,,TableMergeItem2,2038,public int time_output_amount; // 0xA0
code/AssetRipper_generated_CSharp/Assembly-CSharp/TableMergeItem2.cs,,TableMergeItem2,2038,public int time_max_output_amount; // 0xA4
code/AssetRipper_generated_CSharp/Assembly-CSharp/TableMergeItem2.cs,,TableMergeItem2,2038,public int[] Max_Drop_Interval; // 0xA8
code/AssetRipper_generated_CSharp/Assembly-CSharp/TableMergeItem2.cs,,TableMergeItem2,2038,public int[] show_power; // 0xAC
code/AssetRipper_generated_CSharp/Assembly-CSharp/TableMergeItem2.cs,,TableMergeItem2,2038,public int onelife; // 0xB0
code/AssetRipper_generated_CSharp/Assembly-CSharp/TableMergeItem2.cs,,TableMergeItem2,2038,public int out_death; // 0xB4
code/AssetRipper_generated_CSharp/Assembly-CSharp/TableMergeItem2.cs,,TableMergeItem2,2038,public int value; // 0xB8
code/AssetRipper_generated_CSharp/Assembly-CSharp/TableMergeItem2.cs,,TableMergeItem2,2038,public int[] bubble_rate; // 0xBC
code/AssetRipper_generated_CSharp/Assembly-CSharp/TableMergeItem2.cs,,TableMergeItem2,2038,public int[] unlcok_power_bubble; // 0xC0
code/AssetRipper_generated_CSharp/Assembly-CSharp/TableMergeItem2.cs,,TableMergeItem2,2038,public int unlcok_cost_bubble; // 0xC4
code/AssetRipper_generated_CSharp/Assembly-CSharp/TableMergeItem2.cs,,TableMergeItem2,2038,public int day_bubble_count; // 0xC8
code/AssetRipper_generated_CSharp/Assembly-CSharp/TableMergeItem2.cs,,TableMergeItem2,2038,public int unlcok_cost_net; // 0xCC
code/AssetRipper_generated_CSharp/Assembly-CSharp/TableMergeItem2.cs,,TableMergeItem2,2038,public int booster_factor; // 0xD0
code/AssetRipper_generated_CSharp/Assembly-CSharp/TableMergeItem2.cs,,TableMergeItem2,2038,public int Gem_split; // 0xD4
code/AssetRipper_generated_CSharp/Assembly-CSharp/TableMergeItem2.cs,,TableMergeItem2,2038,public bool rv_speedup; // 0xD8
code/AssetRipper_generated_CSharp/Assembly-CSharp/TableMergeItem2.cs,,TableMergeItem2,2038,public bool sold_confirm; // 0xD9
code/AssetRipper_generated_CSharp/Assembly-CSharp/TableMergeItem2.cs,,TableMergeItem2,2038,public int rv_speed_count; // 0xDC
code/AssetRipper_generated_CSharp/Assembly-CSharp/TableMergeItem2.cs,,TableMergeItem2,2038,public int original_count; // 0xE0
code/AssetRipper_generated_CSharp/Assembly-CSharp/TableMergeItem2.cs,,TableMergeItem2,2038,public int time_original_count; // 0xE4
code/AssetRipper_generated_CSharp/Assembly-CSharp/TableMergeItem2.cs,,TableMergeItem2,2038,public int[] gallery_award; // 0xE8
code/AssetRipper_generated_CSharp/Assembly-CSharp/TableMergeItem2.cs,,TableMergeItem2,2038,public int price; // 0xEC
code/AssetRipper_generated_CSharp/Assembly-CSharp/TableMergeItem2.cs,,TableMergeItem2,2038,public bool isSpecial; // 0xF0
code/AssetRipper_generated_CSharp/Assembly-CSharp/TableMergeItem2.cs,,TableMergeItem2,2038,public int output_rules_task; // 0xF4
code/AssetRipper_generated_CSharp/Assembly-CSharp/TableMergeItem2.cs,,TableMergeItem2,2038,public bool master_card_undo; // 0xF8
code/AssetRipper_generated_CSharp/Assembly-CSharp/TableMergeItem2.cs,,TableMergeItem2,2038,public int merge_output; // 0xFC
code/AssetRipper_generated_CSharp/Assembly-CSharp/TableMergeItem2.cs,,TableMergeItem2,2038,public int merge_effect_index; // 0x100
code/AssetRipper_generated_CSharp/Assembly-CSharp/TableMergeItem2.cs,,TableMergeItem2,2038,public int[] output_probability; // 0x104
code/AssetRipper_generated_CSharp/Assembly-CSharp/TableMergeItem2.cs,,TableMergeItem2,2038,public int[] big_smale_cd; // 0x108
code/AssetRipper_generated_CSharp/Assembly-CSharp/TableMergeItem2.cs,,TableMergeItem2,2038,public string big_smale_cdspeed; // 0x10C
code/AssetRipper_generated_CSharp/Assembly-CSharp/TableMergeItem2.cs,,TableMergeItem2,2038,public int recovery_item; // 0x110
code/AssetRipper_generated_CSharp/Assembly-CSharp/TableMergeItem2.cs,,TableMergeItem2,2038,public int[] level_box_produce; // 0x114
code/AssetRipper_generated_CSharp/Assembly-CSharp/TableMergeItem2.cs,,TableMergeItem2,2038,public bool isBuildingBag; // 0x118
code/AssetRipper_generated_CSharp/Assembly-CSharp/TableMergeLine.cs,,TableMergeLine,2039,public int id; // 0x8
code/AssetRipper_generated_CSharp/Assembly-CSharp/TableMergeLine.cs,,TableMergeLine,2039,public string name; // 0xC
code/AssetRipper_generated_CSharp/Assembly-CSharp/TableMergeLine.cs,,TableMergeLine,2039,public int type; // 0x10
code/AssetRipper_generated_CSharp/Assembly-CSharp/TableMergeLine.cs,,TableMergeLine,2039,public int group; // 0x14
code/AssetRipper_generated_CSharp/Assembly-CSharp/TableMergeLine.cs,,TableMergeLine,2039,public bool customSort; // 0x18
code/AssetRipper_generated_CSharp/Assembly-CSharp/TableMergeLine.cs,,TableMergeLine,2039,public int amount; // 0x1C
code/AssetRipper_generated_CSharp/Assembly-CSharp/TableMergeLine.cs,,TableMergeLine,2039,public int[] output; // 0x20
code/AssetRipper_generated_CSharp/Assembly-CSharp/TableMergeLine.cs,,TableMergeLine,2039,public int[] re_line; // 0x24
code/AssetRipper_generated_CSharp/Assembly-CSharp/TableMergeLine.cs,,TableMergeLine,2039,public int[] presetDropQueue; // 0x28
code/AssetRipper_generated_CSharp/Assembly-CSharp/TableMergeLine.cs,,TableMergeLine,2039,public int[] presetDropQueue1; // 0x2C
code/AssetRipper_generated_CSharp/Assembly-CSharp/TableMergeLine.cs,,TableMergeLine,2039,public bool Sales_Protect; // 0x30
code/AssetRipper_generated_CSharp/Assembly-CSharp/TableUnlockMergeLine.cs,,TableUnlockMergeLine,2040,public int id; // 0x8
code/AssetRipper_generated_CSharp/Assembly-CSharp/TableUnlockMergeLine.cs,,TableUnlockMergeLine,2040,public int unlockType; // 0xC
code/AssetRipper_generated_CSharp/Assembly-CSharp/TableUnlockMergeLine.cs,,TableUnlockMergeLine,2040,public int[] unlockParam; // 0x10
code/AssetRipper_generated_CSharp/Assembly-CSharp/TableUnlockMergeLine.cs,,TableUnlockMergeLine,2040,public int unlockMergeId; // 0x14
code/AssetRipper_generated_CSharp/Assembly-CSharp/TableUnlockMergeLine.cs,,TableUnlockMergeLine,2040,public string desKey; // 0x18
code/AssetRipper_generated_CSharp/Assembly-CSharp/TableUnlockMergeLine.cs,,TableUnlockMergeLine,2040,public string animName; // 0x1C
code/AssetRipper_generated_CSharp/Assembly-CSharp/MBDrag.cs,,MBDrag,2252,public RectTransform target; // 0x10
code/AssetRipper_generated_CSharp/Assembly-CSharp/MBDrag.cs,,MBDrag,2252,public Action<bool> onDragEnd; // 0x14
code/AssetRipper_generated_CSharp/Assembly-CSharp/MBDrag.cs,,MBDrag,2252,public Action<bool> onEnterExitTarget; // 0x18
code/AssetRipper_generated_CSharp/Assembly-CSharp/MBDrag.cs,,MBDrag,2252,public Transform screenOrigin; // 0x1C
code/AssetRipper_generated_CSharp/Assembly-CSharp/MBDrag.cs,,MBDrag,2252,private Vector3 _originPosition; // 0x20
code/AssetRipper_generated_CSharp/Assembly-CSharp/MBDrag.cs,,MBDrag,2252,private bool _isDragging; // 0x2C
code/AssetRipper_generated_CSharp/Assembly-CSharp/MBDrag.cs,,MBDrag,2252,private bool _isInTarget; // 0x2D
code/AssetRipper_generated_CSharp/Assembly-CSharp/MergeGuideLogic.cs,,MergeGuideLogic,2696,private int guideGridIndex; // 0x10
code/AssetRipper_generated_CSharp/Assembly-CSharp/MergeGuideLogic.cs,,MergeGuideLogic,2696,private MergeBoard.Grid cdGridItem; // 0x14
code/AssetRipper_generated_CSharp/Assembly-CSharp/MergeGuideLogic.cs,,MergeGuideLogic,2696,private Coroutine _coroutineProduct; // 0x18
code/AssetRipper_generated_CSharp/Assembly-CSharp/MergeGuideLogic.cs,,MergeGuideLogic,2696,private static bool _frenzyCard2TipPlaying; // 0x0
code/AssetRipper_generated_CSharp/Assembly-CSharp/MergeGuideLogic.cs,,MergeGuideLogic,2696,private static bool _frenzyCard2TipRequested; // 0x1
code/AssetRipper_generated_CSharp/Assembly-CSharp/MergeManager.cs,,MergeManager.MergeBoardDataStruct,2701,public int EmptyBoardGridCount; // 0x8
code/AssetRipper_generated_CSharp/Assembly-CSharp/MergeManager.cs,,MergeManager.MergeBoardDataStruct,2701,public int EmptyBagGridCount; // 0xC
code/AssetRipper_generated_CSharp/Assembly-CSharp/MergeManager.cs,,MergeManager.MergeBoardDataStruct,2701,public int UnlockBagGridCount; // 0x10
code/AssetRipper_generated_CSharp/Assembly-CSharp/MergeManager.cs,,MergeManager.MergeBoardDataStruct,2701,public int EmptyBuildBagGridCount; // 0x14
code/AssetRipper_generated_CSharp/Assembly-CSharp/MergeManager.cs,,MergeManager.MergeBoardDataStruct,2701,public int UnlockBuildBagGridCount; // 0x18
code/AssetRipper_generated_CSharp/Assembly-CSharp/MergeManager.cs,,MergeManager.MergeBoardDataStruct,2701,"public Dictionary<int, int> BoardItems; // 0x1C"
code/AssetRipper_generated_CSharp/Assembly-CSharp/MergeManager.cs,,MergeManager.MergeBoardDataStruct,2701,"public Dictionary<int, int> BagItems; // 0x20"
code/AssetRipper_generated_CSharp/Assembly-CSharp/MergeManager.cs,,MergeManager.MergeBoardDataStruct,2701,"public Dictionary<int, int> BuildBagItems; // 0x24"
code/AssetRipper_generated_CSharp/Assembly-CSharp/MergeManager.cs,,MergeManager.<>c,2702,public static readonly MergeManager.<>c <>9; // 0x0
code/AssetRipper_generated_CSharp/Assembly-CSharp/MergeManager.cs,,MergeManager.<>c,2702,public static Predicate<TableBag> <>9__50_0; // 0x4
code/AssetRipper_generated_CSharp/Assembly-CSharp/MergeManager.cs,,MergeManager.<>c,2702,public static Predicate<TableBagBuilding> <>9__219_0; // 0x8
code/AssetRipper_generated_CSharp/Assembly-CSharp/MergeManager.cs,,MergeManager.<>c,2702,public static Predicate<StorageMergeItem> <>9__222_0; // 0xC
code/AssetRipper_generated_CSharp/Assembly-CSharp/MergeManager.cs,,MergeManager.<>c,2702,public static Comparison<TableMergeItem> <>9__279_0; // 0x10
code/AssetRipper_generated_CSharp/Assembly-CSharp/MergeManager.cs,,MergeManager.<>c,2702,"public static Func<KeyValuePair<int, List<int>>, int> <>9__297_0; // 0x14"
code/AssetRipper_generated_CSharp/Assembly-CSharp/MergeManager.cs,,MergeManager.<>c,2702,"public static Func<KeyValuePair<int, List<int>>, int> <>9__297_1; // 0x18"
code/AssetRipper_generated_CSharp/Assembly-CSharp/MergeManager.cs,,MergeManager.<>c,2702,"public static Func<KeyValuePair<int, List<int>>, List<int>> <>9__297_2; // 0x1C"
code/AssetRipper_generated_CSharp/Assembly-CSharp/MergeManager.cs,,MergeManager.<>c,2702,"public static Func<KeyValuePair<int, List<int>>, int> <>9__297_3; // 0x20"
code/AssetRipper_generated_CSharp/Assembly-CSharp/MergeManager.cs,,MergeManager.<>c,2702,"public static Func<KeyValuePair<int, List<int>>, int> <>9__297_4; // 0x24"
code/AssetRipper_generated_CSharp/Assembly-CSharp/MergeManager.cs,,MergeManager.<>c,2702,"public static Func<KeyValuePair<int, List<int>>, List<int>> <>9__297_5; // 0x28"
code/AssetRipper_generated_CSharp/Assembly-CSharp/MergeManager.cs,,MergeManager.<>c,2702,public static Action <>9__305_0; // 0x2C
code/AssetRipper_generated_CSharp/Assembly-CSharp/MergeManager.cs,,MergeManager.<>c__DisplayClass200_0,2703,public MergeManager <>4__this; // 0x8
code/AssetRipper_generated_CSharp/Assembly-CSharp/MergeManager.cs,,MergeManager.<>c__DisplayClass200_0,2703,public MergeBoardEnum boardId; // 0xC
code/AssetRipper_generated_CSharp/Assembly-CSharp/MergeManager.cs,,MergeManager.<>c__DisplayClass200_0,2703,public string sources; // 0x10
code/AssetRipper_generated_CSharp/Assembly-CSharp/MergeManager.cs,,MergeManager.<>c__DisplayClass200_1,2704,public TableMergeItem config; // 0x8
code/AssetRipper_generated_CSharp/Assembly-CSharp/MergeManager.cs,,MergeManager.<>c__DisplayClass200_1,2704,public MergeBoard.Grid grid; // 0xC
code/AssetRipper_generated_CSharp/Assembly-CSharp/MergeManager.cs,,MergeManager.<>c__DisplayClass200_1,2704,public int index; // 0x10
code/AssetRipper_generated_CSharp/Assembly-CSharp/MergeManager.cs,,MergeManager.<>c__DisplayClass200_1,2704,public MergeManager.<>c__DisplayClass200_0 CS$<>8__locals1; // 0x14
code/AssetRipper_generated_CSharp/Assembly-CSharp/MergeManager.cs,,MergeManager.<>c__DisplayClass200_1,2704,public TweenCallback <>9__1; // 0x18
code/AssetRipper_generated_CSharp/Assembly-CSharp/MergeManager.cs,,MergeManager.<>c__DisplayClass283_0,2705,public MergeManager <>4__this; // 0x8
code/AssetRipper_generated_CSharp/Assembly-CSharp/MergeManager.cs,,MergeManager.<>c__DisplayClass283_0,2705,public int i; // 0xC
code/AssetRipper_generated_CSharp/Assembly-CSharp/MergeManager.cs,,MergeManager.<>c__DisplayClass283_0,2705,public Predicate<TableMergeLine> <>9__0; // 0x10
code/AssetRipper_generated_CSharp/Assembly-CSharp/MergeManager.cs,,MergeManager.<>c__DisplayClass284_0,2706,public MergeItemStatus status; // 0x8
code/AssetRipper_generated_CSharp/Assembly-CSharp/MergeManager.cs,,MergeManager.<>c__DisplayClass314_0,2707,public MergeManager <>4__this; // 0x8
code/AssetRipper_generated_CSharp/Assembly-CSharp/MergeManager.cs,,MergeManager.<>c__DisplayClass314_0,2707,public MergeBoardEnum boardId; // 0xC
code/AssetRipper_generated_CSharp/Assembly-CSharp/MergeManager.cs,,MergeManager.<>c__DisplayClass314_0,2707,public string sources; // 0x10
code/AssetRipper_generated_CSharp/Assembly-CSharp/MergeManager.cs,,MergeManager.<>c__DisplayClass314_1,2708,public int index; // 0x8
code/AssetRipper_generated_CSharp/Assembly-CSharp/MergeManager.cs,,MergeManager.<>c__DisplayClass314_1,2708,public MergeManager.<>c__DisplayClass314_0 CS$<>8__locals1; // 0xC
code/AssetRipper_generated_CSharp/Assembly-CSharp/MergeManager.cs,,MergeManager,2709,private Random random; // 0x10
code/AssetRipper_generated_CSharp/Assembly-CSharp/MergeManager.cs,,MergeManager,2709,public const int BOARD_WIDTH = 7;
code/AssetRipper_generated_CSharp/Assembly-CSharp/MergeManager.cs,,MergeManager,2709,public const int BOARD_HEIGHT = 9;
code/AssetRipper_generated_CSharp/Assembly-CSharp/MergeManager.cs,,MergeManager,2709,public const int BAG_CAPACITY = 5;
code/AssetRipper_generated_CSharp/Assembly-CSharp/MergeManager.cs,,MergeManager,2709,public const int BubbleCD = 60;
code/AssetRipper_generated_CSharp/Assembly-CSharp/MergeManager.cs,,MergeManager,2709,private static ClassObjectPool mergeItemPool; // 0x0
code/AssetRipper_generated_CSharp/Assembly-CSharp/MergeManager.cs,,MergeManager,2709,"protected StorageDictionary<int, StorageMergeBoard> storageMergeBoardDict; // 0x14"
code/AssetRipper_generated_CSharp/Assembly-CSharp/MergeManager.cs,,MergeManager,2709,protected int mergeBoadrId1; // 0x18
code/AssetRipper_generated_CSharp/Assembly-CSharp/MergeManager.cs,,MergeManager,2709,"private Dictionary<int, int> mergeItemCounts; // 0x1C"
code/AssetRipper_generated_CSharp/Assembly-CSharp/MergeManager.cs,,MergeManager,2709,public bool mergeItemCountsDirty; // 0x20
code/AssetRipper_generated_CSharp/Assembly-CSharp/MergeManager.cs,,MergeManager,2709,"public Dictionary<int, int> _requirementData; // 0x24"
code/AssetRipper_generated_CSharp/Assembly-CSharp/MergeManager.cs,,MergeManager,2709,private int[] easterLines; // 0x28
code/AssetRipper_generated_CSharp/Assembly-CSharp/MergeManager.cs,,MergeManager,2709,private int[] sealLines; // 0x2C
code/AssetRipper_generated_CSharp/Assembly-CSharp/MergeManager.cs,,MergeManager,2709,private int[] dolphinLines; // 0x30
code/AssetRipper_generated_CSharp/Assembly-CSharp/MergeManager.cs,,MergeManager,2709,"private Dictionary<int, List<TableMergeItem>> productItems; // 0x34"
code/AssetRipper_generated_CSharp/Assembly-CSharp/MergeManager.cs,,MergeManager,2709,"private static Dictionary<MergeBoardEnum, int> _leftEmptyGridCountDic; // 0x4"
code/AssetRipper_generated_CSharp/Assembly-CSharp/MergeManager.cs,,MergeManager,2709,"private static Dictionary<MergeBoardEnum, int> _leftBagEmptyGridCountDic; // 0x8"
code/AssetRipper_generated_CSharp/Assembly-CSharp/MergeManager.cs,,MergeManager,2709,"private static Dictionary<MergeBoardEnum, int> _bagGridCountDic; // 0xC"
code/AssetRipper_generated_CSharp/Assembly-CSharp/MergeManager.cs,,MergeManager,2709,public static bool IsDestroy; // 0x10
code/AssetRipper_generated_CSharp/Assembly-CSharp/MergeManager.cs,,MergeManager,2709,private bool <IsInUnlimitedProductState>k__BackingField; // 0x38
code/AssetRipper_generated_CSharp/Assembly-CSharp/RefreshItemSource.cs,,RefreshItemSource,2710,public int value__; // 0x0
code/AssetRipper_generated_CSharp/Assembly-CSharp/RefreshItemSource.cs,,RefreshItemSource,2710,public const RefreshItemSource none = 0;
code/AssetRipper_generated_CSharp/Assembly-CSharp/RefreshItemSource.cs,,RefreshItemSource,2710,public const RefreshItemSource remove = 1;
code/AssetRipper_generated_CSharp/Assembly-CSharp/RefreshItemSource.cs,,RefreshItemSource,2710,public const RefreshItemSource product = 2;
code/AssetRipper_generated_CSharp/Assembly-CSharp/RefreshItemSource.cs,,RefreshItemSource,2710,public const RefreshItemSource timeProduct = 3;
code/AssetRipper_generated_CSharp/Assembly-CSharp/RefreshItemSource.cs,,RefreshItemSource,2710,public const RefreshItemSource unlock = 4;
code/AssetRipper_generated_CSharp/Assembly-CSharp/RefreshItemSource.cs,,RefreshItemSource,2710,public const RefreshItemSource rewards = 5;
code/AssetRipper_generated_CSharp/Assembly-CSharp/RefreshItemSource.cs,,RefreshItemSource,2710,public const RefreshItemSource bag = 6;
code/AssetRipper_generated_CSharp/Assembly-CSharp/RefreshItemSource.cs,,RefreshItemSource,2710,public const RefreshItemSource deathAdd = 7;
code/AssetRipper_generated_CSharp/Assembly-CSharp/RefreshItemSource.cs,,RefreshItemSource,2710,public const RefreshItemSource merge = 8;
code/AssetRipper_generated_CSharp/Assembly-CSharp/RefreshItemSource.cs,,RefreshItemSource,2710,public const RefreshItemSource notDeal = 9;
code/AssetRipper_generated_CSharp/Assembly-CSharp/RefreshItemSource.cs,,RefreshItemSource,2710,public const RefreshItemSource mergeOk = 10;
code/AssetRipper_generated_CSharp/Assembly-CSharp/RefreshItemSource.cs,,RefreshItemSource,2710,public const RefreshItemSource mergeOk_omnipoten = 11;
code/AssetRipper_generated_CSharp/Assembly-CSharp/RefreshItemSource.cs,,RefreshItemSource,2710,public const RefreshItemSource mergeBubble = 12;
code/AssetRipper_generated_CSharp/Assembly-CSharp/RefreshItemSource.cs,,RefreshItemSource,2710,public const RefreshItemSource iceCube = 13;
code/AssetRipper_generated_CSharp/Assembly-CSharp/RefreshItemSource.cs,,RefreshItemSource,2710,public const RefreshItemSource exp = 14;
code/AssetRipper_generated_CSharp/Assembly-CSharp/RefreshItemSource.cs,,RefreshItemSource,2710,public const RefreshItemSource webUnlock = 15;
code/AssetRipper_generated_CSharp/Assembly-CSharp/RefreshItemSource.cs,,RefreshItemSource,2710,public const RefreshItemSource newGuide = 16;
code/AssetRipper_generated_CSharp/Assembly-CSharp/MergeBoardEnum.cs,,MergeBoardEnum,2711,public int value__; // 0x0
code/AssetRipper_generated_CSharp/Assembly-CSharp/MergeBoardEnum.cs,,MergeBoardEnum,2711,public const MergeBoardEnum Main = 0;
code/AssetRipper_generated_CSharp/Assembly-CSharp/MergeBoardEnum.cs,,MergeBoardEnum,2711,public const MergeBoardEnum ButterflyWorkShop = 11;
code/AssetRipper_generated_CSharp/Assembly-CSharp/MergeBoardEnum.cs,,MergeBoardEnum,2711,public const MergeBoardEnum NewbieRoom = 12;
code/AssetRipper_generated_CSharp/Assembly-CSharp/MergeBoardEnum.cs,,MergeBoardEnum,2711,public const MergeBoardEnum Stimulate = -1;
code/AssetRipper_generated_CSharp/Assembly-CSharp/MergeBoardEnum.cs,,MergeBoardEnum,2711,public const MergeBoardEnum SummerWatermelon = 13;
code/AssetRipper_generated_CSharp/Assembly-CSharp/MergeBoardEnum.cs,,MergeBoardEnum,2711,public const MergeBoardEnum SummerWatermelonTwoMin = 14;
code/AssetRipper_generated_CSharp/Assembly-CSharp/MergeBoardEnum.cs,,MergeBoardEnum,2711,public const MergeBoardEnum SummerWatermelonTwoMax = 15;
code/AssetRipper_generated_CSharp/Assembly-CSharp/MergeBoardEnum.cs,,MergeBoardEnum,2711,public const MergeBoardEnum SummerWatermelonThreeMin = 16;
code/AssetRipper_generated_CSharp/Assembly-CSharp/MergeBoardEnum.cs,,MergeBoardEnum,2711,public const MergeBoardEnum SummerWatermelonThreeMax = 17;
code/AssetRipper_generated_CSharp/Assembly-CSharp/MergeBoardEnum.cs,,MergeBoardEnum,2711,public const MergeBoardEnum SummerWatermelonFour = 18;
code/AssetRipper_generated_CSharp/Assembly-CSharp/MergeBoardEnum.cs,,MergeBoardEnum,2711,public const MergeBoardEnum SummerWatermelonFiveMin = 19;
code/AssetRipper_generated_CSharp/Assembly-CSharp/MergeBoardEnum.cs,,MergeBoardEnum,2711,public const MergeBoardEnum SummerWatermelonFiveMax = 20;
code/AssetRipper_generated_CSharp/Assembly-CSharp/MergeBoardEnum.cs,,MergeBoardEnum,2711,public const MergeBoardEnum SummerWatermelonSix = 21;
code/AssetRipper_generated_CSharp/Assembly-CSharp/MergeBoardEnum.cs,,MergeBoardEnum,2711,public const MergeBoardEnum SummerWatermelonSevenMin = 22;
code/AssetRipper_generated_CSharp/Assembly-CSharp/MergeBoardEnum.cs,,MergeBoardEnum,2711,public const MergeBoardEnum SummerWatermelonSevenMax = 23;
code/AssetRipper_generated_CSharp/Assembly-CSharp/MergeBoardEnum.cs,,MergeBoardEnum,2711,public const MergeBoardEnum SummerWatermelonEight = 24;
code/AssetRipper_generated_CSharp/Assembly-CSharp/MergeBoardEnum.cs,,MergeBoardEnum,2711,public const MergeBoardEnum SummerWatermelonNineMin = 25;
code/AssetRipper_generated_CSharp/Assembly-CSharp/MergeBoardEnum.cs,,MergeBoardEnum,2711,public const MergeBoardEnum SummerWatermelonNineMax = 26;
code/AssetRipper_generated_CSharp/Assembly-CSharp/MergeBoardEnum.cs,,MergeBoardEnum,2711,public const MergeBoardEnum SummerWatermelonTen = 27;
code/AssetRipper_generated_CSharp/Assembly-CSharp/MergeBoardEnum.cs,,MergeBoardEnum,2711,public const MergeBoardEnum SummerWatermelonElevenMin = 28;
code/AssetRipper_generated_CSharp/Assembly-CSharp/MergeBoardEnum.cs,,MergeBoardEnum,2711,public const MergeBoardEnum SummerWatermelonElevenMax = 29;
code/AssetRipper_generated_CSharp/Assembly-CSharp/MergeBoardEnum.cs,,MergeBoardEnum,2711,public const MergeBoardEnum SummerWatermelonTwelve1 = 30;
code/AssetRipper_generated_CSharp/Assembly-CSharp/MergeBoardEnum.cs,,MergeBoardEnum,2711,public const MergeBoardEnum SummerWatermelonTwelve2 = 31;
code/AssetRipper_generated_CSharp/Assembly-CSharp/MergeBoardEnum.cs,,MergeBoardEnum,2711,public const MergeBoardEnum SummerWatermelonTwelve3 = 32;
code/AssetRipper_generated_CSharp/Assembly-CSharp/MergeBoardEnum.cs,,MergeBoardEnum,2711,public const MergeBoardEnum SummerWatermelonTwelve4 = 33;
code/AssetRipper_generated_CSharp/Assembly-CSharp/MergeBoardEnum.cs,,MergeBoardEnum,2711,public const MergeBoardEnum SummerWatermelonThirteen1 = 34;
code/AssetRipper_generated_CSharp/Assembly-CSharp/MergeBoardEnum.cs,,MergeBoardEnum,2711,public const MergeBoardEnum SummerWatermelonThirteen2 = 35;
code/AssetRipper_generated_CSharp/Assembly-CSharp/MergeBoardEnum.cs,,MergeBoardEnum,2711,public const MergeBoardEnum SummerWatermelonThirteen3 = 36;
code/AssetRipper_generated_CSharp/Assembly-CSharp/MergeBoardEnum.cs,,MergeBoardEnum,2711,public const MergeBoardEnum SummerWatermelonThirteen4 = 37;
code/AssetRipper_generated_CSharp/Assembly-CSharp/MergeBoardEnum.cs,,MergeBoardEnum,2711,public const MergeBoardEnum SummerWatermelonFourteenMin = 38;
code/AssetRipper_generated_CSharp/Assembly-CSharp/MergeBoardEnum.cs,,MergeBoardEnum,2711,public const MergeBoardEnum SummerWatermelonFourteenMax = 39;
code/AssetRipper_generated_CSharp/Assembly-CSharp/MergeBoardEnum.cs,,MergeBoardEnum,2711,public const MergeBoardEnum SummerWatermelonFifteen1 = 40;
code/AssetRipper_generated_CSharp/Assembly-CSharp/MergeBoardEnum.cs,,MergeBoardEnum,2711,public const MergeBoardEnum SummerWatermelonFifteen2 = 41;
code/AssetRipper_generated_CSharp/Assembly-CSharp/MergeBoardEnum.cs,,MergeBoardEnum,2711,public const MergeBoardEnum SummerWatermelonFifteen3 = 42;
code/AssetRipper_generated_CSharp/Assembly-CSharp/MergeBoardEnum.cs,,MergeBoardEnum,2711,public const MergeBoardEnum SummerWatermelonFifteen4 = 43;
code/AssetRipper_generated_CSharp/Assembly-CSharp/MergeBoardEnum.cs,,MergeBoardEnum,2711,public const MergeBoardEnum SummerWatermelonSixteen = 44;
code/AssetRipper_generated_CSharp/Assembly-CSharp/MergeBoardEnum.cs,,MergeBoardEnum,2711,public const MergeBoardEnum SummerWatermelonSeventeen1 = 45;
code/AssetRipper_generated_CSharp/Assembly-CSharp/MergeBoardEnum.cs,,MergeBoardEnum,2711,public const MergeBoardEnum SummerWatermelonSeventeen2 = 46;
code/AssetRipper_generated_CSharp/Assembly-CSharp/MergeBoardEnum.cs,,MergeBoardEnum,2711,public const MergeBoardEnum SummerWatermelonSeventeen3 = 47;
code/AssetRipper_generated_CSharp/Assembly-CSharp/MergeBoardEnum.cs,,MergeBoardEnum,2711,public const MergeBoardEnum SummerWatermelonSeventeen4 = 48;
code/AssetRipper_generated_CSharp/Assembly-CSharp/MergeBoardEnum.cs,,MergeBoardEnum,2711,public const MergeBoardEnum SummerWatermelonEighteen = 49;
code/AssetRipper_generated_CSharp/Assembly-CSharp/MergeBoardEnum.cs,,MergeBoardEnum,2711,public const MergeBoardEnum SummerWatermelonNineteen1 = 50;
code/AssetRipper_generated_CSharp/Assembly-CSharp/MergeBoardEnum.cs,,MergeBoardEnum,2711,public const MergeBoardEnum SummerWatermelonNineteen2 = 51;
code/AssetRipper_generated_CSharp/Assembly-CSharp/MergeBoardEnum.cs,,MergeBoardEnum,2711,public const MergeBoardEnum SummerWatermelonNineteen3 = 52;
code/AssetRipper_generated_CSharp/Assembly-CSharp/MergeBoardEnum.cs,,MergeBoardEnum,2711,public const MergeBoardEnum SummerWatermelonNineteen4 = 53;
code/AssetRipper_generated_CSharp/Assembly-CSharp/MergeBoardEnum.cs,,MergeBoardEnum,2711,public const MergeBoardEnum SummerWatermelonTwenty = 54;
code/AssetRipper_generated_CSharp/Assembly-CSharp/MergeBoardEnum.cs,,MergeBoardEnum,2711,public const MergeBoardEnum SummerWatermelonTwentyOne1 = 55;
code/AssetRipper_generated_CSharp/Assembly-CSharp/MergeBoardEnum.cs,,MergeBoardEnum,2711,public const MergeBoardEnum SummerWatermelonTwentyOne2 = 56;
code/AssetRipper_generated_CSharp/Assembly-CSharp/MergeBoardEnum.cs,,MergeBoardEnum,2711,public const MergeBoardEnum SummerWatermelonTwentyOne3 = 57;
code/AssetRipper_generated_CSharp/Assembly-CSharp/MergeBoardEnum.cs,,MergeBoardEnum,2711,public const MergeBoardEnum SummerWatermelonTwentyOne4 = 58;
code/AssetRipper_generated_CSharp/Assembly-CSharp/MergeBoardEnum.cs,,MergeBoardEnum,2711,public const MergeBoardEnum MapAdventureOne = 59;
code/AssetRipper_generated_CSharp/Assembly-CSharp/MergeBoardEnum.cs,,MergeBoardEnum,2711,public const MergeBoardEnum MapAdventureTwo = 89;
code/AssetRipper_generated_CSharp/Assembly-CSharp/MergeBoardEnum.cs,,MergeBoardEnum,2711,public const MergeBoardEnum SummerWatermelonTwentyTwo1 = 60;
code/AssetRipper_generated_CSharp/Assembly-CSharp/MergeBoardEnum.cs,,MergeBoardEnum,2711,public const MergeBoardEnum SummerWatermelonTwentyTwo2 = 61;
code/AssetRipper_generated_CSharp/Assembly-CSharp/MergeBoardEnum.cs,,MergeBoardEnum,2711,public const MergeBoardEnum SummerWatermelonTwentyTwo3 = 62;
code/AssetRipper_generated_CSharp/Assembly-CSharp/MergeBoardEnum.cs,,MergeBoardEnum,2711,public const MergeBoardEnum SummerWatermelonTwentyTwo4 = 63;
code/AssetRipper_generated_CSharp/Assembly-CSharp/MergeBoardEnum.cs,,MergeBoardEnum,2711,public const MergeBoardEnum SummerWatermelonTwentyThree = 64;
code/AssetRipper_generated_CSharp/Assembly-CSharp/MergeBoardEnum.cs,,MergeBoardEnum,2711,public const MergeBoardEnum SummerWatermelonTwentyFour1 = 65;
code/AssetRipper_generated_CSharp/Assembly-CSharp/MergeBoardEnum.cs,,MergeBoardEnum,2711,public const MergeBoardEnum SummerWatermelonTwentyFour2 = 66;
code/AssetRipper_generated_CSharp/Assembly-CSharp/MergeBoardEnum.cs,,MergeBoardEnum,2711,public const MergeBoardEnum SummerWatermelonTwentyFour3 = 67;
code/AssetRipper_generated_CSharp/Assembly-CSharp/MergeBoardEnum.cs,,MergeBoardEnum,2711,public const MergeBoardEnum SummerWatermelonTwentyFour4 = 68;
code/AssetRipper_generated_CSharp/Assembly-CSharp/MergeBoardEnum.cs,,MergeBoardEnum,2711,public const MergeBoardEnum SummerWatermelonTwentyFive = 69;
code/AssetRipper_generated_CSharp/Assembly-CSharp/MergeBoardEnum.cs,,MergeBoardEnum,2711,public const MergeBoardEnum SummerWatermelonTwentySix1 = 70;
code/AssetRipper_generated_CSharp/Assembly-CSharp/MergeBoardEnum.cs,,MergeBoardEnum,2711,public const MergeBoardEnum SummerWatermelonTwentySix2 = 71;
code/AssetRipper_generated_CSharp/Assembly-CSharp/MergeBoardEnum.cs,,MergeBoardEnum,2711,public const MergeBoardEnum SummerWatermelonTwentySix3 = 72;
code/AssetRipper_generated_CSharp/Assembly-CSharp/MergeBoardEnum.cs,,MergeBoardEnum,2711,public const MergeBoardEnum SummerWatermelonTwentySix4 = 73;
code/AssetRipper_generated_CSharp/Assembly-CSharp/MergeBoardEnum.cs,,MergeBoardEnum,2711,public const MergeBoardEnum SummerWatermelonTwentySeven = 74;
code/AssetRipper_generated_CSharp/Assembly-CSharp/MergeBoardEnum.cs,,MergeBoardEnum,2711,public const MergeBoardEnum SummerWatermelonTwentyEight1 = 75;
code/AssetRipper_generated_CSharp/Assembly-CSharp/MergeBoardEnum.cs,,MergeBoardEnum,2711,public const MergeBoardEnum SummerWatermelonTwentyEight2 = 76;
code/AssetRipper_generated_CSharp/Assembly-CSharp/MergeBoardEnum.cs,,MergeBoardEnum,2711,public const MergeBoardEnum SummerWatermelonTwentyEight3 = 77;
code/AssetRipper_generated_CSharp/Assembly-CSharp/MergeBoardEnum.cs,,MergeBoardEnum,2711,public const MergeBoardEnum SummerWatermelonTwentyEight4 = 78;
code/AssetRipper_generated_CSharp/Assembly-CSharp/MergeBoardEnum.cs,,MergeBoardEnum,2711,public const MergeBoardEnum SummerWatermelonTwentyNine = 79;
code/AssetRipper_generated_CSharp/Assembly-CSharp/MergeBoardEnum.cs,,MergeBoardEnum,2711,public const MergeBoardEnum SummerWatermelonThirty1 = 80;
code/AssetRipper_generated_CSharp/Assembly-CSharp/MergeBoardEnum.cs,,MergeBoardEnum,2711,public const MergeBoardEnum SummerWatermelonThirty2 = 81;
code/AssetRipper_generated_CSharp/Assembly-CSharp/MergeBoardEnum.cs,,MergeBoardEnum,2711,public const MergeBoardEnum SummerWatermelonThirty3 = 82;
code/AssetRipper_generated_CSharp/Assembly-CSharp/MergeBoardEnum.cs,,MergeBoardEnum,2711,public const MergeBoardEnum SummerWatermelonThirty4 = 83;
code/AssetRipper_generated_CSharp/Assembly-CSharp/MergeBoardEnum.cs,,MergeBoardEnum,2711,public const MergeBoardEnum SummerWatermelonThirtyOne = 84;
code/AssetRipper_generated_CSharp/Assembly-CSharp/MergeBoardEnum.cs,,MergeBoardEnum,2711,public const MergeBoardEnum SummerWatermelonThirtyTwo1 = 85;
code/AssetRipper_generated_CSharp/Assembly-CSharp/MergeBoardEnum.cs,,MergeBoardEnum,2711,public const MergeBoardEnum SummerWatermelonThirtyTwo2 = 86;
code/AssetRipper_generated_CSharp/Assembly-CSharp/MergeBoardEnum.cs,,MergeBoardEnum,2711,public const MergeBoardEnum SummerWatermelonThirtyTwo3 = 87;
code/AssetRipper_generated_CSharp/Assembly-CSharp/MergeBoardEnum.cs,,MergeBoardEnum,2711,public const MergeBoardEnum SummerWatermelonThirtyTwo4 = 88;
code/AssetRipper_generated_CSharp/Assembly-CSharp/MergeBoardEnum.cs,,MergeBoardEnum,2711,public const MergeBoardEnum SummerWatermelonThirtyFour1 = 90;
code/AssetRipper_generated_CSharp/Assembly-CSharp/MergeBoardEnum.cs,,MergeBoardEnum,2711,public const MergeBoardEnum SummerWatermelonThirtyFour2 = 91;
code/AssetRipper_generated_CSharp/Assembly-CSharp/MergeBoardEnum.cs,,MergeBoardEnum,2711,public const MergeBoardEnum SummerWatermelonThirtyFour3 = 92;
code/AssetRipper_generated_CSharp/Assembly-CSharp/MergeBoardEnum.cs,,MergeBoardEnum,2711,public const MergeBoardEnum SummerWatermelonThirtyFour4 = 93;
code/AssetRipper_generated_CSharp/Assembly-CSharp/MergeBoardEnum.cs,,MergeBoardEnum,2711,public const MergeBoardEnum SummerWatermelonThirtyThree = 94;
code/AssetRipper_generated_CSharp/Assembly-CSharp/MergeResourceManager.cs,,MergeResourceManager.MergeSourcesType,2715,public int value__; // 0x0
code/AssetRipper_generated_CSharp/Assembly-CSharp/MergeResourceManager.cs,,MergeResourceManager.MergeSourcesType,2715,public const MergeResourceManager.MergeSourcesType None = 0;
code/AssetRipper_generated_CSharp/Assembly-CSharp/MergeResourceManager.cs,,MergeResourceManager.MergeSourcesType,2715,public const MergeResourceManager.MergeSourcesType Board = 1;
code/AssetRipper_generated_CSharp/Assembly-CSharp/MergeResourceManager.cs,,MergeResourceManager.MergeSourcesType,2715,public const MergeResourceManager.MergeSourcesType Pack = 2;
code/AssetRipper_generated_CSharp/Assembly-CSharp/MergeResourceManager.cs,,MergeResourceManager.MergeSourcesType,2715,public const MergeResourceManager.MergeSourcesType Reward = 3;
code/AssetRipper_generated_CSharp/Assembly-CSharp/MergeResourceManager.cs,,MergeResourceManager.MergeSourcesType,2715,public const MergeResourceManager.MergeSourcesType Max = 4;
code/AssetRipper_generated_CSharp/Assembly-CSharp/MergeResourceManager.cs,,MergeResourceManager,2716,private MergeResourceManager.MergeSourcesType _mergeSources; // 0x8
code/AssetRipper_generated_CSharp/Assembly-CSharp/MergeResourceManager.cs,,MergeResourceManager,2716,private TableMergeItem getResourcesMerge; // 0xC
code/AssetRipper_generated_CSharp/Assembly-CSharp/MergeResourceManager.cs,,MergeResourceManager,2716,private int packResIndex; // 0x10
code/AssetRipper_generated_CSharp/Assembly-CSharp/MergeResourceManager.cs,,MergeResourceManager,2716,private int rewardResId; // 0x14
code/AssetRipper_generated_CSharp/Assembly-CSharp/MergeBoard.cs,,MergeBoard.Grid,2717,private int _id; // 0x8
code/AssetRipper_generated_CSharp/Assembly-CSharp/MergeBoard.cs,,MergeBoard.Grid,2717,public MergeBoardItem board; // 0xC
code/AssetRipper_generated_CSharp/Assembly-CSharp/MergeBoard.cs,,MergeBoard.Grid,2717,public int oldId; // 0x10
code/AssetRipper_generated_CSharp/Assembly-CSharp/MergeBoard.cs,,MergeBoard.Grid,2717,public int state; // 0x14
code/AssetRipper_generated_CSharp/Assembly-CSharp/MergeBoard.cs,,MergeBoard.Grid,2717,public float cd; // 0x18
code/AssetRipper_generated_CSharp/Assembly-CSharp/MergeBoard.cs,,MergeBoard.Grid,2717,public int xIndex; // 0x1C
code/AssetRipper_generated_CSharp/Assembly-CSharp/MergeBoard.cs,,MergeBoard.Grid,2717,public int yIndex; // 0x20
code/AssetRipper_generated_CSharp/Assembly-CSharp/MergeBoard.cs,,MergeBoard.Grid,2717,public int index; // 0x24
code/AssetRipper_generated_CSharp/Assembly-CSharp/MergeBoard.cs,,MergeBoard.Grid,2717,public bool isProduct; // 0x28
code/AssetRipper_generated_CSharp/Assembly-CSharp/MergeBoard.cs,,MergeBoard.Grid,2717,public bool isAnim; // 0x29
code/AssetRipper_generated_CSharp/Assembly-CSharp/MergeBoard.cs,,MergeBoard.AutoTipType,2718,public int value__; // 0x0
code/AssetRipper_generated_CSharp/Assembly-CSharp/MergeBoard.cs,,MergeBoard.AutoTipType,2718,public const MergeBoard.AutoTipType None = -1;
code/AssetRipper_generated_CSharp/Assembly-CSharp/MergeBoard.cs,,MergeBoard.AutoTipType,2718,public const MergeBoard.AutoTipType Web = 0;
code/AssetRipper_generated_CSharp/Assembly-CSharp/MergeBoard.cs,,MergeBoard.AutoTipType,2718,public const MergeBoard.AutoTipType Unlock = 1;
code/AssetRipper_generated_CSharp/Assembly-CSharp/MergeBoard.cs,,MergeBoard.AutoTipType,2718,public const MergeBoard.AutoTipType Product = 2;
code/AssetRipper_generated_CSharp/Assembly-CSharp/MergeBoard.cs,,MergeBoard.AutoTipType,2718,public const MergeBoard.AutoTipType Count = 3;
code/AssetRipper_generated_CSharp/Assembly-CSharp/MergeBoard.cs,,MergeBoard.<>c,2719,public static readonly MergeBoard.<>c <>9; // 0x0
code/AssetRipper_generated_CSharp/Assembly-CSharp/MergeBoard.cs,,MergeBoard.<>c,2719,public static Action <>9__67_2; // 0x4
code/AssetRipper_generated_CSharp/Assembly-CSharp/MergeBoard.cs,,MergeBoard.<>c,2719,public static Action <>9__67_3; // 0x8
code/AssetRipper_generated_CSharp/Assembly-CSharp/MergeBoard.cs,,MergeBoard.<>c,2719,public static Action <>9__67_0; // 0xC
code/AssetRipper_generated_CSharp/Assembly-CSharp/MergeBoard.cs,,MergeBoard.<>c,2719,public static Action <>9__67_1; // 0x10
code/AssetRipper_generated_CSharp/Assembly-CSharp/MergeBoard.cs,,MergeBoard.<>c,2719,public static Predicate<EnergyShop> <>9__142_0; // 0x14
code/AssetRipper_generated_CSharp/Assembly-CSharp/MergeBoard.cs,,MergeBoard.<>c__DisplayClass139_0,2720,public int firstItemId; // 0x8
code/AssetRipper_generated_CSharp/Assembly-CSharp/MergeBoard.cs,,MergeBoard.<>c__DisplayClass139_1,2721,public int currentTotalDifficulty; // 0x8
code/AssetRipper_generated_CSharp/Assembly-CSharp/MergeBoard.cs,,MergeBoard.<>c__DisplayClass155_0,2722,public int targetId; // 0x8
code/AssetRipper_generated_CSharp/Assembly-CSharp/MergeBoard.cs,,MergeBoard.<>c__DisplayClass155_0,2722,public Predicate<MergeBoard.Grid> <>9__0; // 0xC
code/AssetRipper_generated_CSharp/Assembly-CSharp/MergeBoard.cs,,MergeBoard.<>c__DisplayClass178_0,2723,public MergeBoard <>4__this; // 0x8
code/AssetRipper_generated_CSharp/Assembly-CSharp/MergeBoard.cs,,MergeBoard.<>c__DisplayClass178_0,2723,public int index; // 0xC
code/AssetRipper_generated_CSharp/Assembly-CSharp/MergeBoard.cs,,MergeBoard.<>c__DisplayClass178_1,2724,public TableMergeItem itemConfig; // 0x8
code/AssetRipper_generated_CSharp/Assembly-CSharp/MergeBoard.cs,,MergeBoard.<>c__DisplayClass178_10,2725,public int tempindex; // 0x8
code/AssetRipper_generated_CSharp/Assembly-CSharp/MergeBoard.cs,,MergeBoard.<>c__DisplayClass178_10,2725,public MergeBoard.<>c__DisplayClass178_9 CS$<>8__locals5; // 0xC
code/AssetRipper_generated_CSharp/Assembly-CSharp/MergeBoard.cs,,MergeBoard.<>c__DisplayClass178_11,2726,public int pruductCount; // 0x8
code/AssetRipper_generated_CSharp/Assembly-CSharp/MergeBoard.cs,,MergeBoard.<>c__DisplayClass178_12,2727,public int tempIndex; // 0x8
code/AssetRipper_generated_CSharp/Assembly-CSharp/MergeBoard.cs,,MergeBoard.<>c__DisplayClass178_12,2727,public MergeBoard.<>c__DisplayClass178_11 CS$<>8__locals6; // 0xC
code/AssetRipper_generated_CSharp/Assembly-CSharp/MergeBoard.cs,,MergeBoard.<>c__DisplayClass178_2,2728,public int tempindex; // 0x8
code/AssetRipper_generated_CSharp/Assembly-CSharp/MergeBoard.cs,,MergeBoard.<>c__DisplayClass178_2,2728,public MergeBoard.<>c__DisplayClass178_1 CS$<>8__locals1; // 0xC
code/AssetRipper_generated_CSharp/Assembly-CSharp/MergeBoard.cs,,MergeBoard.<>c__DisplayClass178_3,2729,public int pruductCount; // 0x8
code/AssetRipper_generated_CSharp/Assembly-CSharp/MergeBoard.cs,,MergeBoard.<>c__DisplayClass178_4,2730,public int tempIndex; // 0x8
code/AssetRipper_generated_CSharp/Assembly-CSharp/MergeBoard.cs,,MergeBoard.<>c__DisplayClass178_4,2730,public MergeBoard.<>c__DisplayClass178_3 CS$<>8__locals2; // 0xC
code/AssetRipper_generated_CSharp/Assembly-CSharp/MergeBoard.cs,,MergeBoard.<>c__DisplayClass178_5,2731,public TableMergeItem itemConfig; // 0x8
code/AssetRipper_generated_CSharp/Assembly-CSharp/MergeBoard.cs,,MergeBoard.<>c__DisplayClass178_6,2732,public int tempindex; // 0x8
code/AssetRipper_generated_CSharp/Assembly-CSharp/MergeBoard.cs,,MergeBoard.<>c__DisplayClass178_6,2732,public MergeBoard.<>c__DisplayClass178_5 CS$<>8__locals3; // 0xC
code/AssetRipper_generated_CSharp/Assembly-CSharp/MergeBoard.cs,,MergeBoard.<>c__DisplayClass178_7,2733,public int pruductCount; // 0x8
code/AssetRipper_generated_CSharp/Assembly-CSharp/MergeBoard.cs,,MergeBoard.<>c__DisplayClass178_8,2734,public int tempIndex; // 0x8
code/AssetRipper_generated_CSharp/Assembly-CSharp/MergeBoard.cs,,MergeBoard.<>c__DisplayClass178_8,2734,public MergeBoard.<>c__DisplayClass178_7 CS$<>8__locals4; // 0xC
code/AssetRipper_generated_CSharp/Assembly-CSharp/MergeBoard.cs,,MergeBoard.<>c__DisplayClass178_9,2735,public TableMergeItem itemConfig; // 0x8
code/AssetRipper_generated_CSharp/Assembly-CSharp/MergeBoard.cs,,MergeBoard.<>c__DisplayClass183_0,2736,public MergeBoard <>4__this; // 0x8
code/AssetRipper_generated_CSharp/Assembly-CSharp/MergeBoard.cs,,MergeBoard.<>c__DisplayClass183_0,2736,public int index; // 0xC
code/AssetRipper_generated_CSharp/Assembly-CSharp/MergeBoard.cs,,MergeBoard.<>c__DisplayClass183_0,2736,public int nowActiveIndex; // 0x10
code/AssetRipper_generated_CSharp/Assembly-CSharp/MergeBoard.cs,,MergeBoard.<>c__DisplayClass183_0,2736,public int upperId; // 0x14
code/AssetRipper_generated_CSharp/Assembly-CSharp/MergeBoard.cs,,MergeBoard.<>c__DisplayClass184_0,2737,public MergeBoard <>4__this; // 0x8
code/AssetRipper_generated_CSharp/Assembly-CSharp/MergeBoard.cs,,MergeBoard.<>c__DisplayClass184_0,2737,public int index; // 0xC
code/AssetRipper_generated_CSharp/Assembly-CSharp/MergeBoard.cs,,MergeBoard.<>c__DisplayClass184_0,2737,public int gridIndex; // 0x10
code/AssetRipper_generated_CSharp/Assembly-CSharp/MergeBoard.cs,,MergeBoard.<>c__DisplayClass184_0,2737,public TableMergeItem itemConfig; // 0x14
code/AssetRipper_generated_CSharp/Assembly-CSharp/MergeBoard.cs,,MergeBoard.<>c__DisplayClass184_0,2737,public int nowActiveIndex; // 0x18
code/AssetRipper_generated_CSharp/Assembly-CSharp/MergeBoard.cs,,MergeBoard.<>c__DisplayClass185_0,2738,public int nowActiveIndex; // 0x8
code/AssetRipper_generated_CSharp/Assembly-CSharp/MergeBoard.cs,,MergeBoard.<>c__DisplayClass185_0,2738,public MergeBoard <>4__this; // 0xC
code/AssetRipper_generated_CSharp/Assembly-CSharp/MergeBoard.cs,,MergeBoard.<>c__DisplayClass185_0,2738,public int index; // 0x10
code/AssetRipper_generated_CSharp/Assembly-CSharp/MergeBoard.cs,,MergeBoard.<>c__DisplayClass188_0,2739,public int index; // 0x8
code/AssetRipper_generated_CSharp/Assembly-CSharp/MergeBoard.cs,,MergeBoard.<>c__DisplayClass188_0,2739,public MergeBoard <>4__this; // 0xC
code/AssetRipper_generated_CSharp/Assembly-CSharp/MergeBoard.cs,,MergeBoard.<>c__DisplayClass188_0,2739,public int nowActiveIndex; // 0x10
code/AssetRipper_generated_CSharp/Assembly-CSharp/MergeBoard.cs,,MergeBoard.<>c__DisplayClass189_0,2740,public int index; // 0x8
code/AssetRipper_generated_CSharp/Assembly-CSharp/MergeBoard.cs,,MergeBoard.<>c__DisplayClass189_0,2740,public MergeBoard <>4__this; // 0xC
code/AssetRipper_generated_CSharp/Assembly-CSharp/MergeBoard.cs,,MergeBoard.<>c__DisplayClass189_0,2740,public int nowActiveIndex; // 0x10
code/AssetRipper_generated_CSharp/Assembly-CSharp/MergeBoard.cs,,MergeBoard.<>c__DisplayClass4_0,2741,public GameObject poolRoot; // 0x8
code/AssetRipper_generated_CSharp/Assembly-CSharp/MergeBoard.cs,,MergeBoard.<>c__DisplayClass53_0,2742,public bool autoTips; // 0x8
code/AssetRipper_generated_CSharp/Assembly-CSharp/MergeBoard.cs,,MergeBoard.<>c__DisplayClass53_0,2742,public MergeBoard <>4__this; // 0xC
code/AssetRipper_generated_CSharp/Assembly-CSharp/MergeBoard.cs,,MergeBoard.<>c__DisplayClass53_0,2742,public MergeBoard.Grid grid; // 0x10
code/AssetRipper_generated_CSharp/Assembly-CSharp/MergeBoard.cs,,MergeBoard.<>c__DisplayClass53_0,2742,public int index; // 0x14
code/AssetRipper_generated_CSharp/Assembly-CSharp/MergeBoard.cs,,MergeBoard.<>c__DisplayClass53_0,2742,public GameObject temp; // 0x18
code/AssetRipper_generated_CSharp/Assembly-CSharp/MergeBoard.cs,,MergeBoard.<>c__DisplayClass89_0,2743,public MergeBoard.Grid grid; // 0x8
code/AssetRipper_generated_CSharp/Assembly-CSharp/MergeBoard.cs,,MergeBoard.<>c__DisplayClass89_0,2743,public Action tweenEndCall; // 0xC
code/AssetRipper_generated_CSharp/Assembly-CSharp/MergeBoard.cs,,MergeBoard.<DelayPlayAnim>d__152,2744,private int <>1__state; // 0x8
code/AssetRipper_generated_CSharp/Assembly-CSharp/MergeBoard.cs,,MergeBoard.<DelayPlayAnim>d__152,2744,private object <>2__current; // 0xC
code/AssetRipper_generated_CSharp/Assembly-CSharp/MergeBoard.cs,,MergeBoard.<DelayPlayAnim>d__152,2744,public float delayTime; // 0x10
code/AssetRipper_generated_CSharp/Assembly-CSharp/MergeBoard.cs,,MergeBoard.<DelayPlayAnim>d__152,2744,public MergeBoard <>4__this; // 0x14
code/AssetRipper_generated_CSharp/Assembly-CSharp/MergeBoard.cs,,MergeBoard.<DelayWorkGuideLogic>d__56,2745,private int <>1__state; // 0x8
code/AssetRipper_generated_CSharp/Assembly-CSharp/MergeBoard.cs,,MergeBoard.<DelayWorkGuideLogic>d__56,2745,private object <>2__current; // 0xC
code/AssetRipper_generated_CSharp/Assembly-CSharp/MergeBoard.cs,,MergeBoard.<DelayWorkGuideLogic>d__56,2745,public MergeBoard <>4__this; // 0x10
code/AssetRipper_generated_CSharp/Assembly-CSharp/MergeBoard.cs,,MergeBoard.<PlayTimeSpeedAnimation>d__94,2746,private int <>1__state; // 0x8
code/AssetRipper_generated_CSharp/Assembly-CSharp/MergeBoard.cs,,MergeBoard.<PlayTimeSpeedAnimation>d__94,2746,private object <>2__current; // 0xC
code/AssetRipper_generated_CSharp/Assembly-CSharp/MergeBoard.cs,,MergeBoard.<PlayTimeSpeedAnimation>d__94,2746,public MergeBoard <>4__this; // 0x10
code/AssetRipper_generated_CSharp/Assembly-CSharp/MergeBoard.cs,,MergeBoard.<PlayTimeSpeedAnimation>d__94,2746,public int index; // 0x14
code/AssetRipper_generated_CSharp/Assembly-CSharp/MergeBoard.cs,,MergeBoard.<PlayTimeSpeedAnimation>d__94,2746,private int <i>5__2; // 0x18
code/AssetRipper_generated_CSharp/Assembly-CSharp/MergeBoard.cs,,MergeBoard.<PlayTimeTween>d__95,2747,private int <>1__state; // 0x8
code/AssetRipper_generated_CSharp/Assembly-CSharp/MergeBoard.cs,,MergeBoard.<PlayTimeTween>d__95,2747,private object <>2__current; // 0xC
code/AssetRipper_generated_CSharp/Assembly-CSharp/MergeBoard.cs,,MergeBoard.<PlayTimeTween>d__95,2747,public MergeBoard <>4__this; // 0x10
code/AssetRipper_generated_CSharp/Assembly-CSharp/MergeBoard.cs,,MergeBoard.<PlayTimeTween>d__95,2747,public List<int> list; // 0x14
code/AssetRipper_generated_CSharp/Assembly-CSharp/MergeBoard.cs,,MergeBoard.<PlayTimeTween>d__95,2747,public int index; // 0x18
code/AssetRipper_generated_CSharp/Assembly-CSharp/MergeBoard.cs,,MergeBoard,2748,public int _boardID; // 0x10
code/AssetRipper_generated_CSharp/Assembly-CSharp/MergeBoard.cs,,MergeBoard,2748,public static SimpleGameObjectPool itemPool; // 0x0
code/AssetRipper_generated_CSharp/Assembly-CSharp/MergeBoard.cs,,MergeBoard,2748,private static bool itemPoolInited; // 0x4
code/AssetRipper_generated_CSharp/Assembly-CSharp/MergeBoard.cs,,MergeBoard,2748,private RectTransform <mContent>k__BackingField; // 0x14
code/AssetRipper_generated_CSharp/Assembly-CSharp/MergeBoard.cs,,MergeBoard,2748,private Vector3 originalScale; // 0x18
code/AssetRipper_generated_CSharp/Assembly-CSharp/MergeBoard.cs,,MergeBoard,2748,private RectTransform mFullShield; // 0x24
code/AssetRipper_generated_CSharp/Assembly-CSharp/MergeBoard.cs,,MergeBoard,2748,private Transform mDragLayer; // 0x28
code/AssetRipper_generated_CSharp/Assembly-CSharp/MergeBoard.cs,,MergeBoard,2748,private Rect boardRect; // 0x2C
code/AssetRipper_generated_CSharp/Assembly-CSharp/MergeBoard.cs,,MergeBoard,2748,private Vector2 gridSize; // 0x3C
code/AssetRipper_generated_CSharp/Assembly-CSharp/MergeBoard.cs,,MergeBoard,2748,protected MergeBoard.Grid[] grids; // 0x44
code/AssetRipper_generated_CSharp/Assembly-CSharp/MergeBoard.cs,,MergeBoard,2748,private int boardWidth; // 0x48
code/AssetRipper_generated_CSharp/Assembly-CSharp/MergeBoard.cs,,MergeBoard,2748,private int boardHeight; // 0x4C
code/AssetRipper_generated_CSharp/Assembly-CSharp/MergeBoard.cs,,MergeBoard,2748,public List<MergeBoard.Grid> mergeTipList; // 0x50
code/AssetRipper_generated_CSharp/Assembly-CSharp/MergeBoard.cs,,MergeBoard,2748,private FocusLogic _focusLogic; // 0x54
code/AssetRipper_generated_CSharp/Assembly-CSharp/MergeBoard.cs,,MergeBoard,2748,private Coroutine _dealyAnim; // 0x58
code/AssetRipper_generated_CSharp/Assembly-CSharp/MergeBoard.cs,,MergeBoard,2748,private Coroutine _dealyGuide; // 0x5C
code/AssetRipper_generated_CSharp/Assembly-CSharp/MergeBoard.cs,,MergeBoard,2748,private HashSet<GameObject> _doAnimationList; // 0x60
code/AssetRipper_generated_CSharp/Assembly-CSharp/MergeBoard.cs,,MergeBoard,2748,private int[][] rectBorder; // 0x64
code/AssetRipper_generated_CSharp/Assembly-CSharp/MergeBoard.cs,,MergeBoard,2748,private int gridSizeSub; // 0x68
code/AssetRipper_generated_CSharp/Assembly-CSharp/MergeBoard.cs,,MergeBoard,2748,private List<int> anmationList; // 0x6C
code/AssetRipper_generated_CSharp/Assembly-CSharp/MergeBoard.cs,,MergeBoard,2748,private List<int> targetAnmationList; // 0x70
code/AssetRipper_generated_CSharp/Assembly-CSharp/MergeBoard.cs,,MergeBoard,2748,private List<MergeBoard.Grid> canEatFoods; // 0x74
code/AssetRipper_generated_CSharp/Assembly-CSharp/MergeBoard.cs,,MergeBoard,2748,private Vector3 _pointerDownPosition; // 0x78
code/AssetRipper_generated_CSharp/Assembly-CSharp/MergeBoard.cs,,MergeBoard,2748,private bool _dragLock; // 0x84
code/AssetRipper_generated_CSharp/Assembly-CSharp/MergeBoard.cs,,MergeBoard,2748,private Vector3 _dragPosition; // 0x88
code/AssetRipper_generated_CSharp/Assembly-CSharp/MergeBoard.cs,,MergeBoard,2748,private bool _isMerge; // 0x94
code/AssetRipper_generated_CSharp/Assembly-CSharp/MergeBoard.cs,,MergeBoard,2748,private Tweener _dragTweener; // 0x98
code/AssetRipper_generated_CSharp/Assembly-CSharp/MergeBoard.cs,,MergeBoard,2748,private int _selectIndex; // 0x9C
code/AssetRipper_generated_CSharp/Assembly-CSharp/MergeBoard.cs,,MergeBoard,2748,private int _focusIndex; // 0xA0
code/AssetRipper_generated_CSharp/Assembly-CSharp/MergeBoard.cs,,MergeBoard,2748,private int _playSoundIndex; // 0xA4
code/AssetRipper_generated_CSharp/Assembly-CSharp/MergeBoard.cs,,MergeBoard,2748,private bool _isOneClickProcessing; // 0xA8
code/AssetRipper_generated_CSharp/Assembly-CSharp/MergeBoard.cs,,MergeBoard,2748,private List<RectTransform> eventObjectList; // 0xAC
code/AssetRipper_generated_CSharp/Assembly-CSharp/MergeBoard.cs,,MergeBoard,2748,private int <activeIndex>k__BackingField; // 0xB0
code/AssetRipper_generated_CSharp/Assembly-CSharp/MergeBoard.cs,,MergeBoard,2748,private int _lastIndex; // 0xB4
code/AssetRipper_generated_CSharp/Assembly-CSharp/MergeBoard.cs,,MergeBoard,2748,private BaseEventData _baseEventData; // 0xB8
code/AssetRipper_generated_CSharp/Assembly-CSharp/MergeBoard.cs,,MergeBoard,2748,private GameObject _curPointerObject; // 0xBC
code/AssetRipper_generated_CSharp/Assembly-CSharp/MergeBoard.cs,,MergeBoard,2748,private GameObject _curDragObject; // 0xC0
code/AssetRipper_generated_CSharp/Assembly-CSharp/MergeBoard.cs,,MergeBoard,2748,private float foucsTime; // 0xC4
code/AssetRipper_generated_CSharp/Assembly-CSharp/MergeBoard.cs,,MergeBoard,2748,private bool _isDraging; // 0xC8
code/AssetRipper_generated_CSharp/Assembly-CSharp/MergeBoard.cs,,MergeBoard,2748,private List<RaycastResult> _tempRaycastResults; // 0xCC
code/AssetRipper_generated_CSharp/Assembly-CSharp/MergeBoard.cs,,MergeBoard,2748,"private Dictionary<MergeBoard.AutoTipType, List<MergeBoard.Grid>> autoTipMap; // 0xD0"
code/AssetRipper_generated_CSharp/Assembly-CSharp/MergeBoard.cs,,MergeBoard,2748,"private Dictionary<int, List<MergeBoard.Grid>> autoTipGrids; // 0xD4"
code/AssetRipper_generated_CSharp/Assembly-CSharp/MergeBoard.cs,,MergeBoard,2748,public List<MergeBoard.Grid> TempAutoTipsItems; // 0xD8
code/AssetRipper_generated_CSharp/Assembly-CSharp/MergeBoard.cs,,MergeBoard,2748,"private List<Func<int, bool>> _procedureHint; // 0xDC"
code/AssetRipper_generated_CSharp/Assembly-CSharp/MergeBoard.cs,,MergeBoard,2748,"private List<Func<int, bool>> _procedureHandle; // 0xE0"
code/AssetRipper_generated_CSharp/Assembly-CSharp/MergeBoardItem.cs,,MergeBoardItem.<>c,2749,public static readonly MergeBoardItem.<>c <>9; // 0x0
code/AssetRipper_generated_CSharp/Assembly-CSharp/MergeBoardItem.cs,,MergeBoardItem.<>c,2749,public static TweenCallback <>9__101_0; // 0x4
code/AssetRipper_generated_CSharp/Assembly-CSharp/MergeBoardItem.cs,,MergeBoardItem.<>c,2749,public static Action <>9__139_0; // 0x8
code/AssetRipper_generated_CSharp/Assembly-CSharp/MergeBoardItem.cs,,MergeBoardItem.<>c,2749,public static Action <>9__141_1; // 0xC
code/AssetRipper_generated_CSharp/Assembly-CSharp/MergeBoardItem.cs,,MergeBoardItem.<>c__DisplayClass100_0,2750,public MergeBoardItem <>4__this; // 0x8
code/AssetRipper_generated_CSharp/Assembly-CSharp/MergeBoardItem.cs,,MergeBoardItem.<>c__DisplayClass100_0,2750,public string name; // 0xC
code/AssetRipper_generated_CSharp/Assembly-CSharp/MergeBoardItem.cs,,MergeBoardItem.<>c__DisplayClass118_0,2751,public MergeBoardItem <>4__this; // 0x8
code/AssetRipper_generated_CSharp/Assembly-CSharp/MergeBoardItem.cs,,MergeBoardItem.<>c__DisplayClass118_0,2751,public StorageMergeItem boardItem; // 0xC
code/AssetRipper_generated_CSharp/Assembly-CSharp/MergeBoardItem.cs,,MergeBoardItem.<>c__DisplayClass129_0,2752,public MergeBoardItem <>4__this; // 0x8
code/AssetRipper_generated_CSharp/Assembly-CSharp/MergeBoardItem.cs,,MergeBoardItem.<>c__DisplayClass129_0,2752,public Action tweenEndCall; // 0xC
code/AssetRipper_generated_CSharp/Assembly-CSharp/MergeBoardItem.cs,,MergeBoardItem.<>c__DisplayClass134_0,2753,public Action cb; // 0x8
code/AssetRipper_generated_CSharp/Assembly-CSharp/MergeBoardItem.cs,,MergeBoardItem.<>c__DisplayClass134_0,2753,public MergeBoardItem <>4__this; // 0xC
code/AssetRipper_generated_CSharp/Assembly-CSharp/MergeBoardItem.cs,,MergeBoardItem.<>c__DisplayClass136_0,2754,public Action cb; // 0x8
code/AssetRipper_generated_CSharp/Assembly-CSharp/MergeBoardItem.cs,,MergeBoardItem.<>c__DisplayClass138_0,2755,public Transform target1; // 0x8
code/AssetRipper_generated_CSharp/Assembly-CSharp/MergeBoardItem.cs,,MergeBoardItem.<>c__DisplayClass138_0,2755,public Action <>9__0; // 0xC
code/AssetRipper_generated_CSharp/Assembly-CSharp/MergeBoardItem.cs,,MergeBoardItem.<>c__DisplayClass141_0,2756,public Game_Detective gameEntry; // 0x8
code/AssetRipper_generated_CSharp/Assembly-CSharp/MergeBoardItem.cs,,MergeBoardItem.<>c__DisplayClass141_0,2756,public TableMergeItem tableMerge; // 0xC
code/AssetRipper_generated_CSharp/Assembly-CSharp/MergeBoardItem.cs,,MergeBoardItem.<>c__DisplayClass141_0,2756,public int oldIndex; // 0x10
code/AssetRipper_generated_CSharp/Assembly-CSharp/MergeBoardItem.cs,,MergeBoardItem.<>c__DisplayClass141_0,2756,public Transform target; // 0x14
code/AssetRipper_generated_CSharp/Assembly-CSharp/MergeBoardItem.cs,,MergeBoardItem.<>c__DisplayClass141_0,2756,public int dogScore; // 0x18
code/AssetRipper_generated_CSharp/Assembly-CSharp/MergeBoardItem.cs,,MergeBoardItem.<>c__DisplayClass141_0,2756,public int dogCurIndex; // 0x1C
code/AssetRipper_generated_CSharp/Assembly-CSharp/MergeBoardItem.cs,,MergeBoardItem.<>c__DisplayClass161_0,2757,public int curIndex; // 0x8
code/AssetRipper_generated_CSharp/Assembly-CSharp/MergeBoardItem.cs,,MergeBoardItem.<>c__DisplayClass161_0,2757,public MergeBoardItem <>4__this; // 0xC
code/AssetRipper_generated_CSharp/Assembly-CSharp/MergeBoardItem.cs,,MergeBoardItem.<>c__DisplayClass163_0,2758,public int curIndex; // 0x8
code/AssetRipper_generated_CSharp/Assembly-CSharp/MergeBoardItem.cs,,MergeBoardItem.<>c__DisplayClass163_0,2758,public MergeBoardItem <>4__this; // 0xC
code/AssetRipper_generated_CSharp/Assembly-CSharp/MergeBoardItem.cs,,MergeBoardItem.<>c__DisplayClass476_0,2759,public MergeBoardItem <>4__this; // 0x8
code/AssetRipper_generated_CSharp/Assembly-CSharp/MergeBoardItem.cs,,MergeBoardItem.<>c__DisplayClass476_0,2759,public Action cb; // 0xC
code/AssetRipper_generated_CSharp/Assembly-CSharp/MergeBoardItem.cs,,MergeBoardItem.<>c__DisplayClass506_0,2760,public MergeBoardItem <>4__this; // 0x8
code/AssetRipper_generated_CSharp/Assembly-CSharp/MergeBoardItem.cs,,MergeBoardItem.<>c__DisplayClass506_0,2760,public Action cb; // 0xC
code/AssetRipper_generated_CSharp/Assembly-CSharp/MergeBoardItem.cs,,MergeBoardItem.<>c__DisplayClass538_0,2761,public MergeBoardItem <>4__this; // 0x8
code/AssetRipper_generated_CSharp/Assembly-CSharp/MergeBoardItem.cs,,MergeBoardItem.<>c__DisplayClass538_0,2761,public Action cb; // 0xC
code/AssetRipper_generated_CSharp/Assembly-CSharp/MergeBoardItem.cs,,MergeBoardItem.<HideOrderBoxHintAfterDelay>d__158,2762,private int <>1__state; // 0x8
code/AssetRipper_generated_CSharp/Assembly-CSharp/MergeBoardItem.cs,,MergeBoardItem.<HideOrderBoxHintAfterDelay>d__158,2762,private object <>2__current; // 0xC
code/AssetRipper_generated_CSharp/Assembly-CSharp/MergeBoardItem.cs,,MergeBoardItem.<HideOrderBoxHintAfterDelay>d__158,2762,public MergeBoardItem <>4__this; // 0x10
code/AssetRipper_generated_CSharp/Assembly-CSharp/MergeBoardItem.cs,,MergeBoardItem.<OnDecompos>d__143,2763,private int <>1__state; // 0x8
code/AssetRipper_generated_CSharp/Assembly-CSharp/MergeBoardItem.cs,,MergeBoardItem.<OnDecompos>d__143,2763,private object <>2__current; // 0xC
code/AssetRipper_generated_CSharp/Assembly-CSharp/MergeBoardItem.cs,,MergeBoardItem.<OnDecompos>d__143,2763,public MergeBoardItem <>4__this; // 0x10
code/AssetRipper_generated_CSharp/Assembly-CSharp/MergeBoardItem.cs,,MergeBoardItem.<OnDecompos>d__143,2763,private TableMergeItem <lastLevelItem>5__2; // 0x14
code/AssetRipper_generated_CSharp/Assembly-CSharp/MergeBoardItem.cs,,MergeBoardItem.<OnDecompos>d__143,2763,private int <gridIndex>5__3; // 0x18
code/AssetRipper_generated_CSharp/Assembly-CSharp/MergeBoardItem.cs,,MergeBoardItem,2764,private MergeBoardEnum _boardId; // 0x10
code/AssetRipper_generated_CSharp/Assembly-CSharp/MergeBoardItem.cs,,MergeBoardItem,2764,private bool _boardIdSetFlag; // 0x14
code/AssetRipper_generated_CSharp/Assembly-CSharp/MergeBoardItem.cs,,MergeBoardItem,2764,private string[] _mergeEffectName; // 0x18
code/AssetRipper_generated_CSharp/Assembly-CSharp/MergeBoardItem.cs,,MergeBoardItem,2764,public TableMergeItem tableMergeItem; // 0x1C
code/AssetRipper_generated_CSharp/Assembly-CSharp/MergeBoardItem.cs,,MergeBoardItem,2764,private Transform obj_output; // 0x20
code/AssetRipper_generated_CSharp/Assembly-CSharp/MergeBoardItem.cs,,MergeBoardItem,2764,private Transform obj_output_special; // 0x24
code/AssetRipper_generated_CSharp/Assembly-CSharp/MergeBoardItem.cs,,MergeBoardItem,2764,private Transform vfx_increase; // 0x28
code/AssetRipper_generated_CSharp/Assembly-CSharp/MergeBoardItem.cs,,MergeBoardItem,2764,private Transform obj_merge; // 0x2C
code/AssetRipper_generated_CSharp/Assembly-CSharp/MergeBoardItem.cs,,MergeBoardItem,2764,private Transform obj_smoke; // 0x30
code/AssetRipper_generated_CSharp/Assembly-CSharp/MergeBoardItem.cs,,MergeBoardItem,2764,private Transform obj_bubble; // 0x34
code/AssetRipper_generated_CSharp/Assembly-CSharp/MergeBoardItem.cs,,MergeBoardItem,2764,private Transform obj_bubble_tag; // 0x38
code/AssetRipper_generated_CSharp/Assembly-CSharp/MergeBoardItem.cs,,MergeBoardItem,2764,private Transform obj_box; // 0x3C
code/AssetRipper_generated_CSharp/Assembly-CSharp/MergeBoardItem.cs,,MergeBoardItem,2764,private Transform obj_box_happygo; // 0x40
code/AssetRipper_generated_CSharp/Assembly-CSharp/MergeBoardItem.cs,,MergeBoardItem,2764,private Transform obj_ring; // 0x44
code/AssetRipper_generated_CSharp/Assembly-CSharp/MergeBoardItem.cs,,MergeBoardItem,2764,private Transform obj_task; // 0x48
code/AssetRipper_generated_CSharp/Assembly-CSharp/MergeBoardItem.cs,,MergeBoardItem,2764,private Transform obj_dailyTask; // 0x4C
code/AssetRipper_generated_CSharp/Assembly-CSharp/MergeBoardItem.cs,,MergeBoardItem,2764,private Transform obj_orderTask; // 0x50
code/AssetRipper_generated_CSharp/Assembly-CSharp/MergeBoardItem.cs,,MergeBoardItem,2764,private Transform obj_garageCleanup; // 0x54
code/AssetRipper_generated_CSharp/Assembly-CSharp/MergeBoardItem.cs,,MergeBoardItem,2764,private Image obj_energy; // 0x58
code/AssetRipper_generated_CSharp/Assembly-CSharp/MergeBoardItem.cs,,MergeBoardItem,2764,private Transform obj_energyTorrent; // 0x5C
code/AssetRipper_generated_CSharp/Assembly-CSharp/MergeBoardItem.cs,,MergeBoardItem,2764,private Transform obj_lock; // 0x60
code/AssetRipper_generated_CSharp/Assembly-CSharp/MergeBoardItem.cs,,MergeBoardItem,2764,private Transform obj_icon; // 0x64
code/AssetRipper_generated_CSharp/Assembly-CSharp/MergeBoardItem.cs,,MergeBoardItem,2764,private Transform obj_time; // 0x68
code/AssetRipper_generated_CSharp/Assembly-CSharp/MergeBoardItem.cs,,MergeBoardItem,2764,private Transform obj_mc_time; // 0x6C
code/AssetRipper_generated_CSharp/Assembly-CSharp/MergeBoardItem.cs,,MergeBoardItem,2764,private Transform obj_vfx_speed; // 0x70
code/AssetRipper_generated_CSharp/Assembly-CSharp/MergeBoardItem.cs,,MergeBoardItem,2764,private Transform obj_timeMask; // 0x74
code/AssetRipper_generated_CSharp/Assembly-CSharp/MergeBoardItem.cs,,MergeBoardItem,2764,private Transform obj_power; // 0x78
code/AssetRipper_generated_CSharp/Assembly-CSharp/MergeBoardItem.cs,,MergeBoardItem,2764,private Transform obj_tap; // 0x7C
code/AssetRipper_generated_CSharp/Assembly-CSharp/MergeBoardItem.cs,,MergeBoardItem,2764,private Transform obj_hint; // 0x80
code/AssetRipper_generated_CSharp/Assembly-CSharp/MergeBoardItem.cs,,MergeBoardItem,2764,private Transform obj_orderBoxHint; // 0x84
code/AssetRipper_generated_CSharp/Assembly-CSharp/MergeBoardItem.cs,,MergeBoardItem,2764,private Transform obj_openTips; // 0x88
code/AssetRipper_generated_CSharp/Assembly-CSharp/MergeBoardItem.cs,,MergeBoardItem,2764,private Transform obj_taskBg; // 0x8C
code/AssetRipper_generated_CSharp/Assembly-CSharp/MergeBoardItem.cs,,MergeBoardItem,2764,public Transform vfx_trail; // 0x90
code/AssetRipper_generated_CSharp/Assembly-CSharp/MergeBoardItem.cs,,MergeBoardItem,2764,private Transform obj_bubbleGroup; // 0x94
code/AssetRipper_generated_CSharp/Assembly-CSharp/MergeBoardItem.cs,,MergeBoardItem,2764,private Transform vfx_boxHappyGo; // 0x98
code/AssetRipper_generated_CSharp/Assembly-CSharp/MergeBoardItem.cs,,MergeBoardItem,2764,private Image image_bubble; // 0x9C
code/AssetRipper_generated_CSharp/Assembly-CSharp/MergeBoardItem.cs,,MergeBoardItem,2764,private Image image_bubble1; // 0xA0
code/AssetRipper_generated_CSharp/Assembly-CSharp/MergeBoardItem.cs,,MergeBoardItem,2764,public Image image_icon; // 0xA4
code/AssetRipper_generated_CSharp/Assembly-CSharp/MergeBoardItem.cs,,MergeBoardItem,2764,private Image image_lock; // 0xA8
code/AssetRipper_generated_CSharp/Assembly-CSharp/MergeBoardItem.cs,,MergeBoardItem,2764,private Image image_lock_happygo; // 0xAC
code/AssetRipper_generated_CSharp/Assembly-CSharp/MergeBoardItem.cs,,MergeBoardItem,2764,private Image image_time; // 0xB0
code/AssetRipper_generated_CSharp/Assembly-CSharp/MergeBoardItem.cs,,MergeBoardItem,2764,private Image image_box; // 0xB4
code/AssetRipper_generated_CSharp/Assembly-CSharp/MergeBoardItem.cs,,MergeBoardItem,2764,private Transform obj_combo; // 0xB8
code/AssetRipper_generated_CSharp/Assembly-CSharp/MergeBoardItem.cs,,MergeBoardItem,2764,private Transform obj_energyDouble; // 0xBC
code/AssetRipper_generated_CSharp/Assembly-CSharp/MergeBoardItem.cs,,MergeBoardItem,2764,private Transform obj_energyTorrentDouble; // 0xC0
code/AssetRipper_generated_CSharp/Assembly-CSharp/MergeBoardItem.cs,,MergeBoardItem,2764,private Animator animator; // 0xC4
code/AssetRipper_generated_CSharp/Assembly-CSharp/MergeBoardItem.cs,,MergeBoardItem,2764,private Animator anim_bubble; // 0xC8
code/AssetRipper_generated_CSharp/Assembly-CSharp/MergeBoardItem.cs,,MergeBoardItem,2764,private Animator anim_time; // 0xCC
code/AssetRipper_generated_CSharp/Assembly-CSharp/MergeBoardItem.cs,,MergeBoardItem,2764,private Animator anim_box; // 0xD0
code/AssetRipper_generated_CSharp/Assembly-CSharp/MergeBoardItem.cs,,MergeBoardItem,2764,private Animator anim_power; // 0xD4
code/AssetRipper_generated_CSharp/Assembly-CSharp/MergeBoardItem.cs,,MergeBoardItem,2764,private Animator anim_combo; // 0xD8
code/AssetRipper_generated_CSharp/Assembly-CSharp/MergeBoardItem.cs,,MergeBoardItem,2764,private Animator anim_criticalHit; // 0xDC
code/AssetRipper_generated_CSharp/Assembly-CSharp/MergeBoardItem.cs,,MergeBoardItem,2764,private LocalizeTextMeshProUGUI _textCombo; // 0xE0
code/AssetRipper_generated_CSharp/Assembly-CSharp/MergeBoardItem.cs,,MergeBoardItem,2764,private Transform _fullLevel; // 0xE4
code/AssetRipper_generated_CSharp/Assembly-CSharp/MergeBoardItem.cs,,MergeBoardItem,2764,private Transform vfx_transition_01; // 0xE8
code/AssetRipper_generated_CSharp/Assembly-CSharp/MergeBoardItem.cs,,MergeBoardItem,2764,private Material ui_grey; // 0xEC
code/AssetRipper_generated_CSharp/Assembly-CSharp/MergeBoardItem.cs,,MergeBoardItem,2764,private Slider _eatSlider; // 0xF0
code/AssetRipper_generated_CSharp/Assembly-CSharp/MergeBoardItem.cs,,MergeBoardItem,2764,private GameObject _eatBackGround; // 0xF4
code/AssetRipper_generated_CSharp/Assembly-CSharp/MergeBoardItem.cs,,MergeBoardItem,2764,private Transform _iceCubeGroup; // 0xF8
code/AssetRipper_generated_CSharp/Assembly-CSharp/MergeBoardItem.cs,,MergeBoardItem,2764,private Image _iceCubeSlider; // 0xFC
code/AssetRipper_generated_CSharp/Assembly-CSharp/MergeBoardItem.cs,,MergeBoardItem,2764,private Transform _iceCubeSliderPointer; // 0x100
code/AssetRipper_generated_CSharp/Assembly-CSharp/MergeBoardItem.cs,,MergeBoardItem,2764,private Image image_iceCube; // 0x104
code/AssetRipper_generated_CSharp/Assembly-CSharp/MergeBoardItem.cs,,MergeBoardItem,2764,private float itemSize; // 0x108
code/AssetRipper_generated_CSharp/Assembly-CSharp/MergeBoardItem.cs,,MergeBoardItem,2764,private int _id; // 0x10C
code/AssetRipper_generated_CSharp/Assembly-CSharp/MergeBoardItem.cs,,MergeBoardItem,2764,private MergeItemStatus _state; // 0x110
code/AssetRipper_generated_CSharp/Assembly-CSharp/MergeBoardItem.cs,,MergeBoardItem,2764,private int _index; // 0x114
code/AssetRipper_generated_CSharp/Assembly-CSharp/MergeBoardItem.cs,,MergeBoardItem,2764,private bool isProductItem; // 0x118
code/AssetRipper_generated_CSharp/Assembly-CSharp/MergeBoardItem.cs,,MergeBoardItem,2764,private bool isTimeProductItem; // 0x119
code/AssetRipper_generated_CSharp/Assembly-CSharp/MergeBoardItem.cs,,MergeBoardItem,2764,private bool isEnergyProduct; // 0x11A
code/AssetRipper_generated_CSharp/Assembly-CSharp/MergeBoardItem.cs,,MergeBoardItem,2764,public StorageMergeItem storageMergeItem; // 0x11C
code/AssetRipper_generated_CSharp/Assembly-CSharp/MergeBoardItem.cs,,MergeBoardItem,2764,"private Dictionary<string, Coroutine> mergeDelayAnims; // 0x120"
code/AssetRipper_generated_CSharp/Assembly-CSharp/MergeBoardItem.cs,,MergeBoardItem,2764,private Coroutine _orderBoxHintCoroutine; // 0x124
code/AssetRipper_generated_CSharp/Assembly-CSharp/MergeBoardItem.cs,,MergeBoardItem,2764,public Vector3 _orgLocalPosition; // 0x128
code/AssetRipper_generated_CSharp/Assembly-CSharp/MergeBoardItem.cs,,MergeBoardItem,2764,private Sequence _doTweenSequence; // 0x134
code/AssetRipper_generated_CSharp/Assembly-CSharp/MergeBoardItem.cs,,MergeBoardItem,2764,private Vector3 _oldLocalPosition; // 0x138
code/AssetRipper_generated_CSharp/Assembly-CSharp/MergeBoardItem.cs,,MergeBoardItem,2764,private Vector3 _orgLockPosition; // 0x144
code/AssetRipper_generated_CSharp/Assembly-CSharp/MergeBoardItem.cs,,MergeBoardItem,2764,public Vector3 _orgIconLocalPosition; // 0x150
code/AssetRipper_generated_CSharp/Assembly-CSharp/MergeBoardItem.cs,,MergeBoardItem,2764,private bool _isShowBubble; // 0x15C
code/AssetRipper_generated_CSharp/Assembly-CSharp/MergeBoardItem.cs,,MergeBoardItem,2764,private int _biscuitId; // 0x160
code/AssetRipper_generated_CSharp/Assembly-CSharp/MergeBoardItem.cs,,MergeBoardItem,2764,private Vector3[] path; // 0x164
code/AssetRipper_generated_CSharp/Assembly-CSharp/MergeBoardItem.cs,,MergeBoardItem,2764,private float[] _energyPowerScale; // 0x168
code/AssetRipper_generated_CSharp/Assembly-CSharp/MergeBoardItem.cs,,MergeBoardItem,2764,private float speedTweenTime; // 0x16C
code/AssetRipper_generated_CSharp/Assembly-CSharp/MergeBoardItem.cs,,MergeBoardItem,2764,private int _comboEfIndex; // 0x170
code/AssetRipper_generated_CSharp/Assembly-CSharp/MergeBoardItem.cs,,MergeBoardItem,2764,private int _criticalHitIndex; // 0x174
code/AssetRipper_generated_CSharp/Assembly-CSharp/MergeBoardItem.cs,,MergeBoardItem,2764,private Image _mapAdventureOneBoxIcon; // 0x178
code/AssetRipper_generated_CSharp/Assembly-CSharp/MergeBoardItem.cs,,MergeBoardItem,2764,private Image _mapAdventureOneLockIcon; // 0x17C
code/AssetRipper_generated_CSharp/Assembly-CSharp/MergeBoardItem.cs,,MergeBoardItem,2764,private Transform _mapAdventureOneBoxFx; // 0x180
code/AssetRipper_generated_CSharp/Assembly-CSharp/MergeBoardItem.cs,,MergeBoardItem,2764,private Transform _mapAdventureOneUnlockFx; // 0x184
code/AssetRipper_generated_CSharp/Assembly-CSharp/MergeBoardItem.cs,,MergeBoardItem,2764,private bool _isMapAdventureOne; // 0x188
code/AssetRipper_generated_CSharp/Assembly-CSharp/MergeBoardItem.cs,,MergeBoardItem,2764,"private const string _mapAdventureOnePrefabName = ""MapAdventure1"";"
code/AssetRipper_generated_CSharp/Assembly-CSharp/MergeBoardItem.cs,,MergeBoardItem,2764,private MergeBoardEnum[] _mapAdventureOneBoard; // 0x18C
code/AssetRipper_generated_CSharp/Assembly-CSharp/MergeBoardItem.cs,,MergeBoardItem,2764,private Image _mapAdventureTwoBoxIcon; // 0x190
code/AssetRipper_generated_CSharp/Assembly-CSharp/MergeBoardItem.cs,,MergeBoardItem,2764,private Image _mapAdventureTwoLockIcon; // 0x194
code/AssetRipper_generated_CSharp/Assembly-CSharp/MergeBoardItem.cs,,MergeBoardItem,2764,private Transform _mapAdventureTwoBoxFx; // 0x198
code/AssetRipper_generated_CSharp/Assembly-CSharp/MergeBoardItem.cs,,MergeBoardItem,2764,private Transform _mapAdventureTwoUnlockFx; // 0x19C
code/AssetRipper_generated_CSharp/Assembly-CSharp/MergeBoardItem.cs,,MergeBoardItem,2764,private bool _isMapAdventureTwo; // 0x1A0
code/AssetRipper_generated_CSharp/Assembly-CSharp/MergeBoardItem.cs,,MergeBoardItem,2764,"private const string _mapAdventureTwoPrefabName = ""MapAdventure2"";"
code/AssetRipper_generated_CSharp/Assembly-CSharp/MergeBoardItem.cs,,MergeBoardItem,2764,private MergeBoardEnum[] _mapAdventureTwoBoard; // 0x1A4
code/AssetRipper_generated_CSharp/Assembly-CSharp/MergeBoardItem.cs,,MergeBoardItem,2764,private Image _summerWatermelonBoxIconTen; // 0x1A8
code/AssetRipper_generated_CSharp/Assembly-CSharp/MergeBoardItem.cs,,MergeBoardItem,2764,private Image _summerWatermelonLockIconTen; // 0x1AC
code/AssetRipper_generated_CSharp/Assembly-CSharp/MergeBoardItem.cs,,MergeBoardItem,2764,private Transform _summerWatermelonBoxFxTen; // 0x1B0
code/AssetRipper_generated_CSharp/Assembly-CSharp/MergeBoardItem.cs,,MergeBoardItem,2764,private Transform _summerWatermelonUnlockFxTen; // 0x1B4
code/AssetRipper_generated_CSharp/Assembly-CSharp/MergeBoardItem.cs,,MergeBoardItem,2764,private bool _isSummerWatermelonTen; // 0x1B8
code/AssetRipper_generated_CSharp/Assembly-CSharp/MergeBoardItem.cs,,MergeBoardItem,2764,"private const string _summerWatermelonTenPrefabName = ""SummerWatermelon10"";"
code/AssetRipper_generated_CSharp/Assembly-CSharp/MergeBoardItem.cs,,MergeBoardItem,2764,private MergeBoardEnum[] _summerWatermelonTenBoard; // 0x1BC
code/AssetRipper_generated_CSharp/Assembly-CSharp/MergeBoardItem.cs,,MergeBoardItem,2764,private Image _summerWatermelonBoxIconEleven; // 0x1C0
code/AssetRipper_generated_CSharp/Assembly-CSharp/MergeBoardItem.cs,,MergeBoardItem,2764,private Image _summerWatermelonLockIconEleven; // 0x1C4
code/AssetRipper_generated_CSharp/Assembly-CSharp/MergeBoardItem.cs,,MergeBoardItem,2764,private Transform _summerWatermelonBoxFxEleven; // 0x1C8
code/AssetRipper_generated_CSharp/Assembly-CSharp/MergeBoardItem.cs,,MergeBoardItem,2764,private Transform _summerWatermelonUnlockFxEleven; // 0x1CC
code/AssetRipper_generated_CSharp/Assembly-CSharp/MergeBoardItem.cs,,MergeBoardItem,2764,private bool _isSummerWatermelonEleven; // 0x1D0
code/AssetRipper_generated_CSharp/Assembly-CSharp/MergeBoardItem.cs,,MergeBoardItem,2764,"private const string _summerWatermelonElevenPrefabName = ""SummerWatermelon11"";"
code/AssetRipper_generated_CSharp/Assembly-CSharp/MergeBoardItem.cs,,MergeBoardItem,2764,private MergeBoardEnum[] _summerWatermelonElevenBoard; // 0x1D4
code/AssetRipper_generated_CSharp/Assembly-CSharp/MergeBoardItem.cs,,MergeBoardItem,2764,private Image _summerWatermelonBoxIconTwelve; // 0x1D8
code/AssetRipper_generated_CSharp/Assembly-CSharp/MergeBoardItem.cs,,MergeBoardItem,2764,private Image _summerWatermelonLockIconTwelve; // 0x1DC
code/AssetRipper_generated_CSharp/Assembly-CSharp/MergeBoardItem.cs,,MergeBoardItem,2764,private Transform _summerWatermelonBoxFxTwelve; // 0x1E0
code/AssetRipper_generated_CSharp/Assembly-CSharp/MergeBoardItem.cs,,MergeBoardItem,2764,private Transform _summerWatermelonUnlockFxTwelve; // 0x1E4
code/AssetRipper_generated_CSharp/Assembly-CSharp/MergeBoardItem.cs,,MergeBoardItem,2764,private bool _isSummerWatermelonTwelve; // 0x1E8
code/AssetRipper_generated_CSharp/Assembly-CSharp/MergeBoardItem.cs,,MergeBoardItem,2764,"private const string _summerWatermelonTwelvePrefabName = ""SummerWatermelon12"";"
code/AssetRipper_generated_CSharp/Assembly-CSharp/MergeBoardItem.cs,,MergeBoardItem,2764,private MergeBoardEnum[] _summerWatermelonTwelveBoard; // 0x1EC
code/AssetRipper_generated_CSharp/Assembly-CSharp/MergeBoardItem.cs,,MergeBoardItem,2764,private Image _summerWatermelonBoxIconThirteen; // 0x1F0
code/AssetRipper_generated_CSharp/Assembly-CSharp/MergeBoardItem.cs,,MergeBoardItem,2764,private Image _summerWatermelonLockIconThirteen; // 0x1F4
code/AssetRipper_generated_CSharp/Assembly-CSharp/MergeBoardItem.cs,,MergeBoardItem,2764,private Transform _summerWatermelonBoxFxThirteen; // 0x1F8
code/AssetRipper_generated_CSharp/Assembly-CSharp/MergeBoardItem.cs,,MergeBoardItem,2764,private Transform _summerWatermelonUnlockFxThirteen; // 0x1FC
code/AssetRipper_generated_CSharp/Assembly-CSharp/MergeBoardItem.cs,,MergeBoardItem,2764,private bool _isSummerWatermelonThirteen; // 0x200
code/AssetRipper_generated_CSharp/Assembly-CSharp/MergeBoardItem.cs,,MergeBoardItem,2764,"private const string _summerWatermelonThirteenPrefabName = ""SummerWatermelon13"";"
code/AssetRipper_generated_CSharp/Assembly-CSharp/MergeBoardItem.cs,,MergeBoardItem,2764,private MergeBoardEnum[] _summerWatermelonThirteenBoard; // 0x204
code/AssetRipper_generated_CSharp/Assembly-CSharp/MergeBoardItem.cs,,MergeBoardItem,2764,private Image _summerWatermelonBoxIconFourteen; // 0x208
code/AssetRipper_generated_CSharp/Assembly-CSharp/MergeBoardItem.cs,,MergeBoardItem,2764,private Image _summerWatermelonLockIconFourteen; // 0x20C
code/AssetRipper_generated_CSharp/Assembly-CSharp/MergeBoardItem.cs,,MergeBoardItem,2764,private Transform _summerWatermelonBoxFxFourteen; // 0x210
code/AssetRipper_generated_CSharp/Assembly-CSharp/MergeBoardItem.cs,,MergeBoardItem,2764,private Transform _summerWatermelonUnlockFxFourteen; // 0x214
code/AssetRipper_generated_CSharp/Assembly-CSharp/MergeBoardItem.cs,,MergeBoardItem,2764,private bool _isSummerWatermelonFourteen; // 0x218
code/AssetRipper_generated_CSharp/Assembly-CSharp/MergeBoardItem.cs,,MergeBoardItem,2764,"private const string _summerWatermelonFourteenPrefabName = ""SummerWatermelon14"";"
code/AssetRipper_generated_CSharp/Assembly-CSharp/MergeBoardItem.cs,,MergeBoardItem,2764,private MergeBoardEnum[] _summerWatermelonFourteenBoard; // 0x21C
code/AssetRipper_generated_CSharp/Assembly-CSharp/MergeBoardItem.cs,,MergeBoardItem,2764,private Image _summerWatermelonBoxIconFifteen; // 0x220
code/AssetRipper_generated_CSharp/Assembly-CSharp/MergeBoardItem.cs,,MergeBoardItem,2764,private Image _summerWatermelonLockIconFifteen; // 0x224
code/AssetRipper_generated_CSharp/Assembly-CSharp/MergeBoardItem.cs,,MergeBoardItem,2764,private Transform _summerWatermelonBoxFxFifteen; // 0x228
code/AssetRipper_generated_CSharp/Assembly-CSharp/MergeBoardItem.cs,,MergeBoardItem,2764,private Transform _summerWatermelonUnlockFxFifteen; // 0x22C
code/AssetRipper_generated_CSharp/Assembly-CSharp/MergeBoardItem.cs,,MergeBoardItem,2764,private bool _isSummerWatermelonFifteen; // 0x230
code/AssetRipper_generated_CSharp/Assembly-CSharp/MergeBoardItem.cs,,MergeBoardItem,2764,"private const string _summerWatermelonFifteenPrefabName = ""SummerWatermelon15"";"
code/AssetRipper_generated_CSharp/Assembly-CSharp/MergeBoardItem.cs,,MergeBoardItem,2764,private MergeBoardEnum[] _summerWatermelonFifteenBoard; // 0x234
code/AssetRipper_generated_CSharp/Assembly-CSharp/MergeBoardItem.cs,,MergeBoardItem,2764,private Image _summerWatermelonBoxIconSixteen; // 0x238
code/AssetRipper_generated_CSharp/Assembly-CSharp/MergeBoardItem.cs,,MergeBoardItem,2764,private Image _summerWatermelonLockIconSixteen; // 0x23C
code/AssetRipper_generated_CSharp/Assembly-CSharp/MergeBoardItem.cs,,MergeBoardItem,2764,private Transform _summerWatermelonBoxFxSixteen; // 0x240
code/AssetRipper_generated_CSharp/Assembly-CSharp/MergeBoardItem.cs,,MergeBoardItem,2764,private Transform _summerWatermelonUnlockFxSixteen; // 0x244
code/AssetRipper_generated_CSharp/Assembly-CSharp/MergeBoardItem.cs,,MergeBoardItem,2764,private bool _isSummerWatermelonSixteen; // 0x248
code/AssetRipper_generated_CSharp/Assembly-CSharp/MergeBoardItem.cs,,MergeBoardItem,2764,"private const string _summerWatermelonSixteenPrefabName = ""SummerWatermelon16"";"
code/AssetRipper_generated_CSharp/Assembly-CSharp/MergeBoardItem.cs,,MergeBoardItem,2764,private MergeBoardEnum[] _summerWatermelonSixteenBoard; // 0x24C
code/AssetRipper_generated_CSharp/Assembly-CSharp/MergeBoardItem.cs,,MergeBoardItem,2764,private Image _summerWatermelonBoxIconSeventeen; // 0x250
code/AssetRipper_generated_CSharp/Assembly-CSharp/MergeBoardItem.cs,,MergeBoardItem,2764,private Image _summerWatermelonLockIconSeventeen; // 0x254
code/AssetRipper_generated_CSharp/Assembly-CSharp/MergeBoardItem.cs,,MergeBoardItem,2764,private Transform _summerWatermelonBoxFxSeventeen; // 0x258
code/AssetRipper_generated_CSharp/Assembly-CSharp/MergeBoardItem.cs,,MergeBoardItem,2764,private Transform _summerWatermelonUnlockFxSeventeen; // 0x25C
code/AssetRipper_generated_CSharp/Assembly-CSharp/MergeBoardItem.cs,,MergeBoardItem,2764,private bool _isSummerWatermelonSeventeen; // 0x260
code/AssetRipper_generated_CSharp/Assembly-CSharp/MergeBoardItem.cs,,MergeBoardItem,2764,"private const string _summerWatermelonSeventeenPrefabName = ""SummerWatermelon17"";"
code/AssetRipper_generated_CSharp/Assembly-CSharp/MergeBoardItem.cs,,MergeBoardItem,2764,private MergeBoardEnum[] _summerWatermelonSeventeenBoard; // 0x264
code/AssetRipper_generated_CSharp/Assembly-CSharp/MergeBoardItem.cs,,MergeBoardItem,2764,private Image _summerWatermelonBoxIconEighteen; // 0x268
code/AssetRipper_generated_CSharp/Assembly-CSharp/MergeBoardItem.cs,,MergeBoardItem,2764,private Image _summerWatermelonLockIconEighteen; // 0x26C
code/AssetRipper_generated_CSharp/Assembly-CSharp/MergeBoardItem.cs,,MergeBoardItem,2764,private Transform _summerWatermelonBoxFxEighteen; // 0x270
code/AssetRipper_generated_CSharp/Assembly-CSharp/MergeBoardItem.cs,,MergeBoardItem,2764,private Transform _summerWatermelonUnlockFxEighteen; // 0x274
code/AssetRipper_generated_CSharp/Assembly-CSharp/MergeBoardItem.cs,,MergeBoardItem,2764,private bool _isSummerWatermelonEighteen; // 0x278
code/AssetRipper_generated_CSharp/Assembly-CSharp/MergeBoardItem.cs,,MergeBoardItem,2764,"private const string _summerWatermelonEighteenPrefabName = ""SummerWatermelon18"";"
code/AssetRipper_generated_CSharp/Assembly-CSharp/MergeBoardItem.cs,,MergeBoardItem,2764,private MergeBoardEnum[] _summerWatermelonEighteenBoard; // 0x27C
code/AssetRipper_generated_CSharp/Assembly-CSharp/MergeBoardItem.cs,,MergeBoardItem,2764,private Image _summerWatermelonBoxIconNineteen; // 0x280
code/AssetRipper_generated_CSharp/Assembly-CSharp/MergeBoardItem.cs,,MergeBoardItem,2764,private Image _summerWatermelonLockIconNineteen; // 0x284
code/AssetRipper_generated_CSharp/Assembly-CSharp/MergeBoardItem.cs,,MergeBoardItem,2764,private Transform _summerWatermelonBoxFxNineteen; // 0x288
code/AssetRipper_generated_CSharp/Assembly-CSharp/MergeBoardItem.cs,,MergeBoardItem,2764,private Transform _summerWatermelonUnlockFxNineteen; // 0x28C
code/AssetRipper_generated_CSharp/Assembly-CSharp/MergeBoardItem.cs,,MergeBoardItem,2764,private bool _isSummerWatermelonNineteen; // 0x290
code/AssetRipper_generated_CSharp/Assembly-CSharp/MergeBoardItem.cs,,MergeBoardItem,2764,"private const string _summerWatermelonNineteenPrefabName = ""SummerWatermelon19"";"
code/AssetRipper_generated_CSharp/Assembly-CSharp/MergeBoardItem.cs,,MergeBoardItem,2764,private MergeBoardEnum[] _summerWatermelonNineteenBoard; // 0x294
code/AssetRipper_generated_CSharp/Assembly-CSharp/MergeBoardItem.cs,,MergeBoardItem,2764,private Image _summerWatermelonBoxIcon; // 0x298
code/AssetRipper_generated_CSharp/Assembly-CSharp/MergeBoardItem.cs,,MergeBoardItem,2764,private Image _summerWatermelonLockIcon; // 0x29C
code/AssetRipper_generated_CSharp/Assembly-CSharp/MergeBoardItem.cs,,MergeBoardItem,2764,private Transform _summerWatermelonBoxFx; // 0x2A0
code/AssetRipper_generated_CSharp/Assembly-CSharp/MergeBoardItem.cs,,MergeBoardItem,2764,private Transform _summerWatermelonUnlockFx; // 0x2A4
code/AssetRipper_generated_CSharp/Assembly-CSharp/MergeBoardItem.cs,,MergeBoardItem,2764,private bool _isSummerWatermelonTwo; // 0x2A8
code/AssetRipper_generated_CSharp/Assembly-CSharp/MergeBoardItem.cs,,MergeBoardItem,2764,"private const string _summerWatermelonTwoPrefabName = ""SummerWatermelon2"";"
code/AssetRipper_generated_CSharp/Assembly-CSharp/MergeBoardItem.cs,,MergeBoardItem,2764,private MergeBoardEnum[] _summerWatermelonTwoBoard; // 0x2AC
code/AssetRipper_generated_CSharp/Assembly-CSharp/MergeBoardItem.cs,,MergeBoardItem,2764,private Image _summerWatermelonBoxIconTwenty; // 0x2B0
code/AssetRipper_generated_CSharp/Assembly-CSharp/MergeBoardItem.cs,,MergeBoardItem,2764,private Image _summerWatermelonLockIconTwenty; // 0x2B4
code/AssetRipper_generated_CSharp/Assembly-CSharp/MergeBoardItem.cs,,MergeBoardItem,2764,private Transform _summerWatermelonBoxFxTwenty; // 0x2B8
code/AssetRipper_generated_CSharp/Assembly-CSharp/MergeBoardItem.cs,,MergeBoardItem,2764,private Transform _summerWatermelonUnlockFxTwenty; // 0x2BC
code/AssetRipper_generated_CSharp/Assembly-CSharp/MergeBoardItem.cs,,MergeBoardItem,2764,private bool _isSummerWatermelonTwenty; // 0x2C0
code/AssetRipper_generated_CSharp/Assembly-CSharp/MergeBoardItem.cs,,MergeBoardItem,2764,"private const string _summerWatermelonTwentyPrefabName = ""SummerWatermelon20"";"
code/AssetRipper_generated_CSharp/Assembly-CSharp/MergeBoardItem.cs,,MergeBoardItem,2764,private MergeBoardEnum[] _summerWatermelonTwentyBoard; // 0x2C4
code/AssetRipper_generated_CSharp/Assembly-CSharp/MergeBoardItem.cs,,MergeBoardItem,2764,private Image _summerWatermelonBoxIconTwentyOne; // 0x2C8
code/AssetRipper_generated_CSharp/Assembly-CSharp/MergeBoardItem.cs,,MergeBoardItem,2764,private Image _summerWatermelonLockIconTwentyOne; // 0x2CC
code/AssetRipper_generated_CSharp/Assembly-CSharp/MergeBoardItem.cs,,MergeBoardItem,2764,private Transform _summerWatermelonBoxFxTwentyOne; // 0x2D0
code/AssetRipper_generated_CSharp/Assembly-CSharp/MergeBoardItem.cs,,MergeBoardItem,2764,private Transform _summerWatermelonUnlockFxTwentyOne; // 0x2D4
code/AssetRipper_generated_CSharp/Assembly-CSharp/MergeBoardItem.cs,,MergeBoardItem,2764,private bool _isSummerWatermelonTwentyOne; // 0x2D8
code/AssetRipper_generated_CSharp/Assembly-CSharp/MergeBoardItem.cs,,MergeBoardItem,2764,"private const string _summerWatermelonTwentyOnePrefabName = ""SummerWatermelon21"";"
code/AssetRipper_generated_CSharp/Assembly-CSharp/MergeBoardItem.cs,,MergeBoardItem,2764,private MergeBoardEnum[] _summerWatermelonTwentyOneBoard; // 0x2DC
code/AssetRipper_generated_CSharp/Assembly-CSharp/MergeBoardItem.cs,,MergeBoardItem,2764,private Image _summerWatermelonBoxIconTwentyTwo; // 0x2E0
code/AssetRipper_generated_CSharp/Assembly-CSharp/MergeBoardItem.cs,,MergeBoardItem,2764,private Image _summerWatermelonLockIconTwentyTwo; // 0x2E4
code/AssetRipper_generated_CSharp/Assembly-CSharp/MergeBoardItem.cs,,MergeBoardItem,2764,private Transform _summerWatermelonBoxFxTwentyTwo; // 0x2E8
code/AssetRipper_generated_CSharp/Assembly-CSharp/MergeBoardItem.cs,,MergeBoardItem,2764,private Transform _summerWatermelonUnlockFxTwentyTwo; // 0x2EC
code/AssetRipper_generated_CSharp/Assembly-CSharp/MergeBoardItem.cs,,MergeBoardItem,2764,private bool _isSummerWatermelonTwentyTwo; // 0x2F0
code/AssetRipper_generated_CSharp/Assembly-CSharp/MergeBoardItem.cs,,MergeBoardItem,2764,"private const string _summerWatermelonTwentyTwoPrefabName = ""SummerWatermelon22"";"
code/AssetRipper_generated_CSharp/Assembly-CSharp/MergeBoardItem.cs,,MergeBoardItem,2764,private MergeBoardEnum[] _summerWatermelonTwentyTwoBoard; // 0x2F4
code/AssetRipper_generated_CSharp/Assembly-CSharp/MergeBoardItem.cs,,MergeBoardItem,2764,private Image _summerWatermelonBoxIconTwentyThree; // 0x2F8
code/AssetRipper_generated_CSharp/Assembly-CSharp/MergeBoardItem.cs,,MergeBoardItem,2764,private Image _summerWatermelonLockIconTwentyThree; // 0x2FC
code/AssetRipper_generated_CSharp/Assembly-CSharp/MergeBoardItem.cs,,MergeBoardItem,2764,private Transform _summerWatermelonBoxFxTwentyThree; // 0x300
code/AssetRipper_generated_CSharp/Assembly-CSharp/MergeBoardItem.cs,,MergeBoardItem,2764,private Transform _summerWatermelonUnlockFxTwentyThree; // 0x304
code/AssetRipper_generated_CSharp/Assembly-CSharp/MergeBoardItem.cs,,MergeBoardItem,2764,private bool _isSummerWatermelonTwentyThree; // 0x308
code/AssetRipper_generated_CSharp/Assembly-CSharp/MergeBoardItem.cs,,MergeBoardItem,2764,"private const string _summerWatermelonTwentyThreePrefabName = ""SummerWatermelon23"";"
code/AssetRipper_generated_CSharp/Assembly-CSharp/MergeBoardItem.cs,,MergeBoardItem,2764,private MergeBoardEnum[] _summerWatermelonTwentyThreeBoard; // 0x30C
code/AssetRipper_generated_CSharp/Assembly-CSharp/MergeBoardItem.cs,,MergeBoardItem,2764,private Image _summerWatermelonBoxIconTwentyFour; // 0x310
code/AssetRipper_generated_CSharp/Assembly-CSharp/MergeBoardItem.cs,,MergeBoardItem,2764,private Image _summerWatermelonLockIconTwentyFour; // 0x314
code/AssetRipper_generated_CSharp/Assembly-CSharp/MergeBoardItem.cs,,MergeBoardItem,2764,private Transform _summerWatermelonBoxFxTwentyFour; // 0x318
code/AssetRipper_generated_CSharp/Assembly-CSharp/MergeBoardItem.cs,,MergeBoardItem,2764,private Transform _summerWatermelonUnlockFxTwentyFour; // 0x31C
code/AssetRipper_generated_CSharp/Assembly-CSharp/MergeBoardItem.cs,,MergeBoardItem,2764,private bool _isSummerWatermelonTwentyFour; // 0x320
code/AssetRipper_generated_CSharp/Assembly-CSharp/MergeBoardItem.cs,,MergeBoardItem,2764,"private const string _summerWatermelonTwentyFourPrefabName = ""SummerWatermelon24"";"
code/AssetRipper_generated_CSharp/Assembly-CSharp/MergeBoardItem.cs,,MergeBoardItem,2764,private MergeBoardEnum[] _summerWatermelonTwentyFourBoard; // 0x324
code/AssetRipper_generated_CSharp/Assembly-CSharp/MergeBoardItem.cs,,MergeBoardItem,2764,private Image _summerWatermelonBoxIconTwentyFive; // 0x328
code/AssetRipper_generated_CSharp/Assembly-CSharp/MergeBoardItem.cs,,MergeBoardItem,2764,private Image _summerWatermelonLockIconTwentyFive; // 0x32C
code/AssetRipper_generated_CSharp/Assembly-CSharp/MergeBoardItem.cs,,MergeBoardItem,2764,private Transform _summerWatermelonBoxFxTwentyFive; // 0x330
code/AssetRipper_generated_CSharp/Assembly-CSharp/MergeBoardItem.cs,,MergeBoardItem,2764,private Transform _summerWatermelonUnlockFxTwentyFive; // 0x334
code/AssetRipper_generated_CSharp/Assembly-CSharp/MergeBoardItem.cs,,MergeBoardItem,2764,private bool _isSummerWatermelonTwentyFive; // 0x338
code/AssetRipper_generated_CSharp/Assembly-CSharp/MergeBoardItem.cs,,MergeBoardItem,2764,"private const string _summerWatermelonTwentyFivePrefabName = ""SummerWatermelon25"";"
code/AssetRipper_generated_CSharp/Assembly-CSharp/MergeBoardItem.cs,,MergeBoardItem,2764,private MergeBoardEnum[] _summerWatermelonTwentyFiveBoard; // 0x33C
code/AssetRipper_generated_CSharp/Assembly-CSharp/MergeBoardItem.cs,,MergeBoardItem,2764,private Image _summerWatermelonBoxIconTwentySix; // 0x340
code/AssetRipper_generated_CSharp/Assembly-CSharp/MergeBoardItem.cs,,MergeBoardItem,2764,private Image _summerWatermelonLockIconTwentySix; // 0x344
code/AssetRipper_generated_CSharp/Assembly-CSharp/MergeBoardItem.cs,,MergeBoardItem,2764,private Transform _summerWatermelonBoxFxTwentySix; // 0x348
code/AssetRipper_generated_CSharp/Assembly-CSharp/MergeBoardItem.cs,,MergeBoardItem,2764,private Transform _summerWatermelonUnlockFxTwentySix; // 0x34C
code/AssetRipper_generated_CSharp/Assembly-CSharp/MergeBoardItem.cs,,MergeBoardItem,2764,private bool _isSummerWatermelonTwentySix; // 0x350
code/AssetRipper_generated_CSharp/Assembly-CSharp/MergeBoardItem.cs,,MergeBoardItem,2764,"private const string _summerWatermelonTwentySixPrefabName = ""SummerWatermelon26"";"
code/AssetRipper_generated_CSharp/Assembly-CSharp/MergeBoardItem.cs,,MergeBoardItem,2764,private MergeBoardEnum[] _summerWatermelonTwentySixBoard; // 0x354
code/AssetRipper_generated_CSharp/Assembly-CSharp/MergeBoardItem.cs,,MergeBoardItem,2764,private Image _summerWatermelonBoxIconTwentySeven; // 0x358
code/AssetRipper_generated_CSharp/Assembly-CSharp/MergeBoardItem.cs,,MergeBoardItem,2764,private Image _summerWatermelonLockIconTwentySeven; // 0x35C
code/AssetRipper_generated_CSharp/Assembly-CSharp/MergeBoardItem.cs,,MergeBoardItem,2764,private Transform _summerWatermelonBoxFxTwentySeven; // 0x360
code/AssetRipper_generated_CSharp/Assembly-CSharp/MergeBoardItem.cs,,MergeBoardItem,2764,private Transform _summerWatermelonUnlockFxTwentySeven; // 0x364
code/AssetRipper_generated_CSharp/Assembly-CSharp/MergeBoardItem.cs,,MergeBoardItem,2764,private bool _isSummerWatermelonTwentySeven; // 0x368
code/AssetRipper_generated_CSharp/Assembly-CSharp/MergeBoardItem.cs,,MergeBoardItem,2764,"private const string _summerWatermelonTwentySevenPrefabName = ""SummerWatermelon27"";"
code/AssetRipper_generated_CSharp/Assembly-CSharp/MergeBoardItem.cs,,MergeBoardItem,2764,private MergeBoardEnum[] _summerWatermelonTwentySevenBoard; // 0x36C
code/AssetRipper_generated_CSharp/Assembly-CSharp/MergeBoardItem.cs,,MergeBoardItem,2764,private Image _summerWatermelonBoxIconTwentyEight; // 0x370
code/AssetRipper_generated_CSharp/Assembly-CSharp/MergeBoardItem.cs,,MergeBoardItem,2764,private Image _summerWatermelonLockIconTwentyEight; // 0x374
code/AssetRipper_generated_CSharp/Assembly-CSharp/MergeBoardItem.cs,,MergeBoardItem,2764,private Transform _summerWatermelonBoxFxTwentyEight; // 0x378
code/AssetRipper_generated_CSharp/Assembly-CSharp/MergeBoardItem.cs,,MergeBoardItem,2764,private Transform _summerWatermelonUnlockFxTwentyEight; // 0x37C
code/AssetRipper_generated_CSharp/Assembly-CSharp/MergeBoardItem.cs,,MergeBoardItem,2764,private bool _isSummerWatermelonTwentyEight; // 0x380
code/AssetRipper_generated_CSharp/Assembly-CSharp/MergeBoardItem.cs,,MergeBoardItem,2764,"private const string _summerWatermelonTwentyEightPrefabName = ""SummerWatermelon28"";"
code/AssetRipper_generated_CSharp/Assembly-CSharp/MergeBoardItem.cs,,MergeBoardItem,2764,private MergeBoardEnum[] _summerWatermelonTwentyEightBoard; // 0x384
code/AssetRipper_generated_CSharp/Assembly-CSharp/MergeBoardItem.cs,,MergeBoardItem,2764,private Image _summerWatermelonBoxIconTwentyNine; // 0x388
code/AssetRipper_generated_CSharp/Assembly-CSharp/MergeBoardItem.cs,,MergeBoardItem,2764,private Image _summerWatermelonLockIconTwentyNine; // 0x38C
code/AssetRipper_generated_CSharp/Assembly-CSharp/MergeBoardItem.cs,,MergeBoardItem,2764,private Transform _summerWatermelonBoxFxTwentyNine; // 0x390
code/AssetRipper_generated_CSharp/Assembly-CSharp/MergeBoardItem.cs,,MergeBoardItem,2764,private Transform _summerWatermelonUnlockFxTwentyNine; // 0x394
code/AssetRipper_generated_CSharp/Assembly-CSharp/MergeBoardItem.cs,,MergeBoardItem,2764,private bool _isSummerWatermelonTwentyNine; // 0x398
code/AssetRipper_generated_CSharp/Assembly-CSharp/MergeBoardItem.cs,,MergeBoardItem,2764,"private const string _summerWatermelonTwentyNinePrefabName = ""SummerWatermelon29"";"
code/AssetRipper_generated_CSharp/Assembly-CSharp/MergeBoardItem.cs,,MergeBoardItem,2764,private MergeBoardEnum[] _summerWatermelonTwentyNineBoard; // 0x39C
code/AssetRipper_generated_CSharp/Assembly-CSharp/MergeBoardItem.cs,,MergeBoardItem,2764,private Image _summerWatermelonBoxIconThree; // 0x3A0
code/AssetRipper_generated_CSharp/Assembly-CSharp/MergeBoardItem.cs,,MergeBoardItem,2764,private Image _summerWatermelonLockIconThree; // 0x3A4
code/AssetRipper_generated_CSharp/Assembly-CSharp/MergeBoardItem.cs,,MergeBoardItem,2764,private Transform _summerWatermelonBoxFxThree; // 0x3A8
code/AssetRipper_generated_CSharp/Assembly-CSharp/MergeBoardItem.cs,,MergeBoardItem,2764,private Transform _summerWatermelonUnlockFxThree; // 0x3AC
code/AssetRipper_generated_CSharp/Assembly-CSharp/MergeBoardItem.cs,,MergeBoardItem,2764,private bool _isSummerWatermelonThree; // 0x3B0
code/AssetRipper_generated_CSharp/Assembly-CSharp/MergeBoardItem.cs,,MergeBoardItem,2764,"private const string _summerWatermelonThreePrefabName = ""SummerWatermelon3"";"
code/AssetRipper_generated_CSharp/Assembly-CSharp/MergeBoardItem.cs,,MergeBoardItem,2764,private MergeBoardEnum[] _summerWatermelonThreeBoard; // 0x3B4
code/AssetRipper_generated_CSharp/Assembly-CSharp/MergeBoardItem.cs,,MergeBoardItem,2764,private Image _summerWatermelonBoxIconThirty; // 0x3B8
code/AssetRipper_generated_CSharp/Assembly-CSharp/MergeBoardItem.cs,,MergeBoardItem,2764,private Image _summerWatermelonLockIconThirty; // 0x3BC
code/AssetRipper_generated_CSharp/Assembly-CSharp/MergeBoardItem.cs,,MergeBoardItem,2764,private Transform _summerWatermelonBoxFxThirty; // 0x3C0
code/AssetRipper_generated_CSharp/Assembly-CSharp/MergeBoardItem.cs,,MergeBoardItem,2764,private Transform _summerWatermelonUnlockFxThirty; // 0x3C4
code/AssetRipper_generated_CSharp/Assembly-CSharp/MergeBoardItem.cs,,MergeBoardItem,2764,private bool _isSummerWatermelonThirty; // 0x3C8
code/AssetRipper_generated_CSharp/Assembly-CSharp/MergeBoardItem.cs,,MergeBoardItem,2764,"private const string _summerWatermelonThirtyPrefabName = ""SummerWatermelon30"";"
code/AssetRipper_generated_CSharp/Assembly-CSharp/MergeBoardItem.cs,,MergeBoardItem,2764,private MergeBoardEnum[] _summerWatermelonThirtyBoard; // 0x3CC
code/AssetRipper_generated_CSharp/Assembly-CSharp/MergeBoardItem.cs,,MergeBoardItem,2764,private Image _summerWatermelonBoxIconThirtyOne; // 0x3D0
code/AssetRipper_generated_CSharp/Assembly-CSharp/MergeBoardItem.cs,,MergeBoardItem,2764,private Image _summerWatermelonLockIconThirtyOne; // 0x3D4
code/AssetRipper_generated_CSharp/Assembly-CSharp/MergeBoardItem.cs,,MergeBoardItem,2764,private Transform _summerWatermelonBoxFxThirtyOne; // 0x3D8
code/AssetRipper_generated_CSharp/Assembly-CSharp/MergeBoardItem.cs,,MergeBoardItem,2764,private Transform _summerWatermelonUnlockFxThirtyOne; // 0x3DC
code/AssetRipper_generated_CSharp/Assembly-CSharp/MergeBoardItem.cs,,MergeBoardItem,2764,private bool _isSummerWatermelonThirtyOne; // 0x3E0
code/AssetRipper_generated_CSharp/Assembly-CSharp/MergeBoardItem.cs,,MergeBoardItem,2764,"private const string _summerWatermelonThirtyOnePrefabName = ""SummerWatermelon31"";"
code/AssetRipper_generated_CSharp/Assembly-CSharp/MergeBoardItem.cs,,MergeBoardItem,2764,private MergeBoardEnum[] _summerWatermelonThirtyOneBoard; // 0x3E4
code/AssetRipper_generated_CSharp/Assembly-CSharp/MergeBoardItem.cs,,MergeBoardItem,2764,private Image _summerWatermelonBoxIconThirtyTwo; // 0x3E8
code/AssetRipper_generated_CSharp/Assembly-CSharp/MergeBoardItem.cs,,MergeBoardItem,2764,private Image _summerWatermelonLockIconThirtyTwo; // 0x3EC
code/AssetRipper_generated_CSharp/Assembly-CSharp/MergeBoardItem.cs,,MergeBoardItem,2764,private Transform _summerWatermelonBoxFxThirtyTwo; // 0x3F0
code/AssetRipper_generated_CSharp/Assembly-CSharp/MergeBoardItem.cs,,MergeBoardItem,2764,private Transform _summerWatermelonUnlockFxThirtyTwo; // 0x3F4
code/AssetRipper_generated_CSharp/Assembly-CSharp/MergeBoardItem.cs,,MergeBoardItem,2764,private bool _isSummerWatermelonThirtyTwo; // 0x3F8
code/AssetRipper_generated_CSharp/Assembly-CSharp/MergeBoardItem.cs,,MergeBoardItem,2764,"private const string _summerWatermelonThirtyTwoPrefabName = ""SummerWatermelon32"";"
code/AssetRipper_generated_CSharp/Assembly-CSharp/MergeBoardItem.cs,,MergeBoardItem,2764,private MergeBoardEnum[] _summerWatermelonThirtyTwoBoard; // 0x3FC
code/AssetRipper_generated_CSharp/Assembly-CSharp/MergeBoardItem.cs,,MergeBoardItem,2764,private Image _summerWatermelonBoxIconThirtyThree; // 0x400
code/AssetRipper_generated_CSharp/Assembly-CSharp/MergeBoardItem.cs,,MergeBoardItem,2764,private Image _summerWatermelonLockIconThirtyThree; // 0x404
code/AssetRipper_generated_CSharp/Assembly-CSharp/MergeBoardItem.cs,,MergeBoardItem,2764,private Transform _summerWatermelonBoxFxThirtyThree; // 0x408
code/AssetRipper_generated_CSharp/Assembly-CSharp/MergeBoardItem.cs,,MergeBoardItem,2764,private Transform _summerWatermelonUnlockFxThirtyThree; // 0x40C
code/AssetRipper_generated_CSharp/Assembly-CSharp/MergeBoardItem.cs,,MergeBoardItem,2764,private bool _isSummerWatermelonThirtyThree; // 0x410
code/AssetRipper_generated_CSharp/Assembly-CSharp/MergeBoardItem.cs,,MergeBoardItem,2764,"private const string _summerWatermelonThirtyThreePrefabName = ""SummerWatermelon33"";"
code/AssetRipper_generated_CSharp/Assembly-CSharp/MergeBoardItem.cs,,MergeBoardItem,2764,private MergeBoardEnum[] _summerWatermelonThirtyThreeBoard; // 0x414
code/AssetRipper_generated_CSharp/Assembly-CSharp/MergeBoardItem.cs,,MergeBoardItem,2764,private Image _summerWatermelonBoxIconThirtyFour; // 0x418
code/AssetRipper_generated_CSharp/Assembly-CSharp/MergeBoardItem.cs,,MergeBoardItem,2764,private Image _summerWatermelonLockIconThirtyFour; // 0x41C
code/AssetRipper_generated_CSharp/Assembly-CSharp/MergeBoardItem.cs,,MergeBoardItem,2764,private Transform _summerWatermelonBoxFxThirtyFour; // 0x420
code/AssetRipper_generated_CSharp/Assembly-CSharp/MergeBoardItem.cs,,MergeBoardItem,2764,private Transform _summerWatermelonUnlockFxThirtyFour; // 0x424
code/AssetRipper_generated_CSharp/Assembly-CSharp/MergeBoardItem.cs,,MergeBoardItem,2764,private bool _isSummerWatermelonThirtyFour; // 0x428
code/AssetRipper_generated_CSharp/Assembly-CSharp/MergeBoardItem.cs,,MergeBoardItem,2764,"private const string _summerWatermelonThirtyFourPrefabName = ""SummerWatermelon34"";"
code/AssetRipper_generated_CSharp/Assembly-CSharp/MergeBoardItem.cs,,MergeBoardItem,2764,private MergeBoardEnum[] _summerWatermelonThirtyFourBoard; // 0x42C
code/AssetRipper_generated_CSharp/Assembly-CSharp/MergeBoardItem.cs,,MergeBoardItem,2764,private Image _summerWatermelonBoxIconFour; // 0x430
code/AssetRipper_generated_CSharp/Assembly-CSharp/MergeBoardItem.cs,,MergeBoardItem,2764,private Image _summerWatermelonLockIconFour; // 0x434
code/AssetRipper_generated_CSharp/Assembly-CSharp/MergeBoardItem.cs,,MergeBoardItem,2764,private Transform _summerWatermelonBoxFxFour; // 0x438
code/AssetRipper_generated_CSharp/Assembly-CSharp/MergeBoardItem.cs,,MergeBoardItem,2764,private Transform _summerWatermelonUnlockFxFour; // 0x43C
code/AssetRipper_generated_CSharp/Assembly-CSharp/MergeBoardItem.cs,,MergeBoardItem,2764,private Transform _summerWatermelonCleanGroupFour; // 0x440
code/AssetRipper_generated_CSharp/Assembly-CSharp/MergeBoardItem.cs,,MergeBoardItem,2764,private Transform _summerWatermeFourIconFx; // 0x444
code/AssetRipper_generated_CSharp/Assembly-CSharp/MergeBoardItem.cs,,MergeBoardItem,2764,private Transform _summerWatermeFourSliderTwo; // 0x448
code/AssetRipper_generated_CSharp/Assembly-CSharp/MergeBoardItem.cs,,MergeBoardItem,2764,private Transform _summerWatermeFourSliderTwo0; // 0x44C
code/AssetRipper_generated_CSharp/Assembly-CSharp/MergeBoardItem.cs,,MergeBoardItem,2764,private Transform _summerWatermeFourSliderTwo1; // 0x450
code/AssetRipper_generated_CSharp/Assembly-CSharp/MergeBoardItem.cs,,MergeBoardItem,2764,private Transform _summerWatermeFourSliderThree; // 0x454
code/AssetRipper_generated_CSharp/Assembly-CSharp/MergeBoardItem.cs,,MergeBoardItem,2764,private Transform _summerWatermeFourSliderThree0; // 0x458
code/AssetRipper_generated_CSharp/Assembly-CSharp/MergeBoardItem.cs,,MergeBoardItem,2764,private Transform _summerWatermeFourSliderThree1; // 0x45C
code/AssetRipper_generated_CSharp/Assembly-CSharp/MergeBoardItem.cs,,MergeBoardItem,2764,private Transform _summerWatermeFourSliderThree2; // 0x460
code/AssetRipper_generated_CSharp/Assembly-CSharp/MergeBoardItem.cs,,MergeBoardItem,2764,private bool _isSummerWatermelonFour; // 0x464
code/AssetRipper_generated_CSharp/Assembly-CSharp/MergeBoardItem.cs,,MergeBoardItem,2764,"private const string _summerWatermelonFourPrefabName = ""SummerWatermelon4"";"
code/AssetRipper_generated_CSharp/Assembly-CSharp/MergeBoardItem.cs,,MergeBoardItem,2764,private MergeBoardEnum[] _summerWatermelonFourBoard; // 0x468
code/AssetRipper_generated_CSharp/Assembly-CSharp/MergeBoardItem.cs,,MergeBoardItem,2764,private Image _summerWatermelonBoxIconFive; // 0x46C
code/AssetRipper_generated_CSharp/Assembly-CSharp/MergeBoardItem.cs,,MergeBoardItem,2764,private Image _summerWatermelonLockIconFive; // 0x470
code/AssetRipper_generated_CSharp/Assembly-CSharp/MergeBoardItem.cs,,MergeBoardItem,2764,private Transform _summerWatermelonBoxFxFive; // 0x474
code/AssetRipper_generated_CSharp/Assembly-CSharp/MergeBoardItem.cs,,MergeBoardItem,2764,private Transform _summerWatermelonUnlockFxFive; // 0x478
code/AssetRipper_generated_CSharp/Assembly-CSharp/MergeBoardItem.cs,,MergeBoardItem,2764,private bool _isSummerWatermelonFive; // 0x47C
code/AssetRipper_generated_CSharp/Assembly-CSharp/MergeBoardItem.cs,,MergeBoardItem,2764,"private const string _summerWatermelonFivePrefabName = ""SummerWatermelon5"";"
code/AssetRipper_generated_CSharp/Assembly-CSharp/MergeBoardItem.cs,,MergeBoardItem,2764,private MergeBoardEnum[] _summerWatermelonFiveBoard; // 0x480
code/AssetRipper_generated_CSharp/Assembly-CSharp/MergeBoardItem.cs,,MergeBoardItem,2764,private Image _summerWatermelonBoxIconSix; // 0x484
code/AssetRipper_generated_CSharp/Assembly-CSharp/MergeBoardItem.cs,,MergeBoardItem,2764,private Image _summerWatermelonLockIconSix; // 0x488
code/AssetRipper_generated_CSharp/Assembly-CSharp/MergeBoardItem.cs,,MergeBoardItem,2764,private Transform _summerWatermelonBoxFxSix; // 0x48C
code/AssetRipper_generated_CSharp/Assembly-CSharp/MergeBoardItem.cs,,MergeBoardItem,2764,private Transform _summerWatermelonUnlockFxSix; // 0x490
code/AssetRipper_generated_CSharp/Assembly-CSharp/MergeBoardItem.cs,,MergeBoardItem,2764,private Transform _summerWatermelonCleanGroupSix; // 0x494
code/AssetRipper_generated_CSharp/Assembly-CSharp/MergeBoardItem.cs,,MergeBoardItem,2764,private Transform _summerWatermeSixIconFx; // 0x498
code/AssetRipper_generated_CSharp/Assembly-CSharp/MergeBoardItem.cs,,MergeBoardItem,2764,private Transform _summerWatermeSixSliderTwo; // 0x49C
code/AssetRipper_generated_CSharp/Assembly-CSharp/MergeBoardItem.cs,,MergeBoardItem,2764,private Transform _summerWatermeSixSliderTwo0; // 0x4A0
code/AssetRipper_generated_CSharp/Assembly-CSharp/MergeBoardItem.cs,,MergeBoardItem,2764,private Transform _summerWatermeSixSliderTwo1; // 0x4A4
code/AssetRipper_generated_CSharp/Assembly-CSharp/MergeBoardItem.cs,,MergeBoardItem,2764,private Transform _summerWatermeSixSliderThree; // 0x4A8
code/AssetRipper_generated_CSharp/Assembly-CSharp/MergeBoardItem.cs,,MergeBoardItem,2764,private Transform _summerWatermeSixSliderThree0; // 0x4AC
code/AssetRipper_generated_CSharp/Assembly-CSharp/MergeBoardItem.cs,,MergeBoardItem,2764,private Transform _summerWatermeSixSliderThree1; // 0x4B0
code/AssetRipper_generated_CSharp/Assembly-CSharp/MergeBoardItem.cs,,MergeBoardItem,2764,private Transform _summerWatermeSixSliderThree2; // 0x4B4
code/AssetRipper_generated_CSharp/Assembly-CSharp/MergeBoardItem.cs,,MergeBoardItem,2764,private bool _isSummerWatermelonSix; // 0x4B8
code/AssetRipper_generated_CSharp/Assembly-CSharp/MergeBoardItem.cs,,MergeBoardItem,2764,"private const string _summerWatermelonSixPrefabName = ""SummerWatermelon6"";"
code/AssetRipper_generated_CSharp/Assembly-CSharp/MergeBoardItem.cs,,MergeBoardItem,2764,private MergeBoardEnum[] _summerWatermelonSixBoard; // 0x4BC
code/AssetRipper_generated_CSharp/Assembly-CSharp/MergeBoardItem.cs,,MergeBoardItem,2764,private Image _summerWatermelonBoxIconSeven; // 0x4C0
code/AssetRipper_generated_CSharp/Assembly-CSharp/MergeBoardItem.cs,,MergeBoardItem,2764,private Image _summerWatermelonLockIconSeven; // 0x4C4
code/AssetRipper_generated_CSharp/Assembly-CSharp/MergeBoardItem.cs,,MergeBoardItem,2764,private Transform _summerWatermelonBoxFxSeven; // 0x4C8
code/AssetRipper_generated_CSharp/Assembly-CSharp/MergeBoardItem.cs,,MergeBoardItem,2764,private Transform _summerWatermelonUnlockFxSeven; // 0x4CC
code/AssetRipper_generated_CSharp/Assembly-CSharp/MergeBoardItem.cs,,MergeBoardItem,2764,private bool _isSummerWatermelonSeven; // 0x4D0
code/AssetRipper_generated_CSharp/Assembly-CSharp/MergeBoardItem.cs,,MergeBoardItem,2764,"private const string _summerWatermelonSevenPrefabName = ""SummerWatermelon7"";"
code/AssetRipper_generated_CSharp/Assembly-CSharp/MergeBoardItem.cs,,MergeBoardItem,2764,private MergeBoardEnum[] _summerWatermelonSevenBoard; // 0x4D4
code/AssetRipper_generated_CSharp/Assembly-CSharp/MergeBoardItem.cs,,MergeBoardItem,2764,private Image _summerWatermelonBoxIconEight; // 0x4D8
code/AssetRipper_generated_CSharp/Assembly-CSharp/MergeBoardItem.cs,,MergeBoardItem,2764,private Image _summerWatermelonLockIconEight; // 0x4DC
code/AssetRipper_generated_CSharp/Assembly-CSharp/MergeBoardItem.cs,,MergeBoardItem,2764,private Transform _summerWatermelonBoxFxEight; // 0x4E0
code/AssetRipper_generated_CSharp/Assembly-CSharp/MergeBoardItem.cs,,MergeBoardItem,2764,private Transform _summerWatermelonUnlockFxEight; // 0x4E4
code/AssetRipper_generated_CSharp/Assembly-CSharp/MergeBoardItem.cs,,MergeBoardItem,2764,private Transform _summerWatermelonCleanGroupEight; // 0x4E8
code/AssetRipper_generated_CSharp/Assembly-CSharp/MergeBoardItem.cs,,MergeBoardItem,2764,private Transform _summerWatermeEightIconFx; // 0x4EC
code/AssetRipper_generated_CSharp/Assembly-CSharp/MergeBoardItem.cs,,MergeBoardItem,2764,private Transform _summerWatermeEightSliderTwo; // 0x4F0
code/AssetRipper_generated_CSharp/Assembly-CSharp/MergeBoardItem.cs,,MergeBoardItem,2764,private Transform _summerWatermeEightSliderTwo0; // 0x4F4
code/AssetRipper_generated_CSharp/Assembly-CSharp/MergeBoardItem.cs,,MergeBoardItem,2764,private Transform _summerWatermeEightSliderTwo1; // 0x4F8
code/AssetRipper_generated_CSharp/Assembly-CSharp/MergeBoardItem.cs,,MergeBoardItem,2764,private Transform _summerWatermeEightSliderThree; // 0x4FC
code/AssetRipper_generated_CSharp/Assembly-CSharp/MergeBoardItem.cs,,MergeBoardItem,2764,private Transform _summerWatermeEightSliderThree0; // 0x500
code/AssetRipper_generated_CSharp/Assembly-CSharp/MergeBoardItem.cs,,MergeBoardItem,2764,private Transform _summerWatermeEightSliderThree1; // 0x504
code/AssetRipper_generated_CSharp/Assembly-CSharp/MergeBoardItem.cs,,MergeBoardItem,2764,private Transform _summerWatermeEightSliderThree2; // 0x508
code/AssetRipper_generated_CSharp/Assembly-CSharp/MergeBoardItem.cs,,MergeBoardItem,2764,private bool _isSummerWatermelonEight; // 0x50C
code/AssetRipper_generated_CSharp/Assembly-CSharp/MergeBoardItem.cs,,MergeBoardItem,2764,"private const string _summerWatermelonEightPrefabName = ""SummerWatermelon8"";"
code/AssetRipper_generated_CSharp/Assembly-CSharp/MergeBoardItem.cs,,MergeBoardItem,2764,private MergeBoardEnum[] _summerWatermelonEightBoard; // 0x510
code/AssetRipper_generated_CSharp/Assembly-CSharp/MergeBoardItem.cs,,MergeBoardItem,2764,private Image _summerWatermelonBoxIconNine; // 0x514
code/AssetRipper_generated_CSharp/Assembly-CSharp/MergeBoardItem.cs,,MergeBoardItem,2764,private Image _summerWatermelonLockIconNine; // 0x518
code/AssetRipper_generated_CSharp/Assembly-CSharp/MergeBoardItem.cs,,MergeBoardItem,2764,private Transform _summerWatermelonBoxFxNine; // 0x51C
code/AssetRipper_generated_CSharp/Assembly-CSharp/MergeBoardItem.cs,,MergeBoardItem,2764,private Transform _summerWatermelonUnlockFxNine; // 0x520
code/AssetRipper_generated_CSharp/Assembly-CSharp/MergeBoardItem.cs,,MergeBoardItem,2764,private bool _isSummerWatermelonNine; // 0x524
code/AssetRipper_generated_CSharp/Assembly-CSharp/MergeBoardItem.cs,,MergeBoardItem,2764,"private const string _summerWatermelonNinePrefabName = ""SummerWatermelon9"";"
code/AssetRipper_generated_CSharp/Assembly-CSharp/MergeBoardItem.cs,,MergeBoardItem,2764,private MergeBoardEnum[] _summerWatermelonNineBoard; // 0x528
code/AssetRipper_generated_CSharp/Assembly-CSharp/MergeConfigManager.cs,,MergeConfigManager.ConfigTemplate,2765,public List<TableMergeItem> ItemConfig; // 0x8
code/AssetRipper_generated_CSharp/Assembly-CSharp/MergeConfigManager.cs,,MergeConfigManager.ConfigTemplate,2765,public List<TableBoardGrid> BoardGrid; // 0xC
code/AssetRipper_generated_CSharp/Assembly-CSharp/MergeConfigManager.cs,,MergeConfigManager.<>c,2766,public static readonly MergeConfigManager.<>c <>9; // 0x0
code/AssetRipper_generated_CSharp/Assembly-CSharp/MergeConfigManager.cs,,MergeConfigManager.<>c,2766,public static Predicate<TableMergeItem> <>9__32_0; // 0x4
code/AssetRipper_generated_CSharp/Assembly-CSharp/MergeConfigManager.cs,,MergeConfigManager.<>c,2766,public static Comparison<int> <>9__40_0; // 0x8
code/AssetRipper_generated_CSharp/Assembly-CSharp/MergeConfigManager.cs,,MergeConfigManager.<>c__DisplayClass40_0,2767,public int smallId; // 0x8
code/AssetRipper_generated_CSharp/Assembly-CSharp/MergeConfigManager.cs,,MergeConfigManager.<>c__DisplayClass41_0,2768,public int id; // 0x8
code/AssetRipper_generated_CSharp/Assembly-CSharp/MergeConfigManager.cs,,MergeConfigManager.<>c__DisplayClass42_0,2769,public int id; // 0x8
code/AssetRipper_generated_CSharp/Assembly-CSharp/MergeConfigManager.cs,,MergeConfigManager.<>c__DisplayClass49_0,2770,public int level; // 0x8
code/AssetRipper_generated_CSharp/Assembly-CSharp/MergeConfigManager.cs,,MergeConfigManager.<>c__DisplayClass53_0,2771,public int type; // 0x8
code/AssetRipper_generated_CSharp/Assembly-CSharp/MergeConfigManager.cs,,MergeConfigManager.<>c__DisplayClass53_0,2771,public int level; // 0xC
code/AssetRipper_generated_CSharp/Assembly-CSharp/MergeConfigManager.cs,,MergeConfigManager.<>c__DisplayClass8_0,2772,public int id; // 0x8
code/AssetRipper_generated_CSharp/Assembly-CSharp/MergeConfigManager.cs,,MergeConfigManager,2773,private List<TableMergeItem> tempProductParent; // 0x10
code/AssetRipper_generated_CSharp/Assembly-CSharp/MergeConfigManager.cs,,MergeConfigManager,2773,private SpriteAtlas m_mergeicon; // 0x14
code/AssetRipper_generated_CSharp/Assembly-CSharp/MergeConfigManager.cs,,MergeConfigManager,2773,"private Dictionary<int, int> maxLevelIds; // 0x18"
code/AssetRipper_generated_CSharp/Assembly-CSharp/MergeConfigManager.cs,,MergeConfigManager,2773,private List<int> _recordEnergyTorrentList; // 0x1C
code/AssetRipper_generated_CSharp/Assembly-CSharp/MergeConfigManager.cs,,MergeConfigManager,2773,private List<int> _secondOutLineList; // 0x20
code/AssetRipper_generated_CSharp/Assembly-CSharp/MergeItemStatus.cs,,MergeItemStatus,2774,public int value__; // 0x0
code/AssetRipper_generated_CSharp/Assembly-CSharp/MergeItemStatus.cs,,MergeItemStatus,2774,public const MergeItemStatus icecube = 6;
code/AssetRipper_generated_CSharp/Assembly-CSharp/MergeItemStatus.cs,,MergeItemStatus,2774,public const MergeItemStatus mine = 5;
code/AssetRipper_generated_CSharp/Assembly-CSharp/MergeItemStatus.cs,,MergeItemStatus,2774,public const MergeItemStatus slabstone = 4;
code/AssetRipper_generated_CSharp/Assembly-CSharp/MergeItemStatus.cs,,MergeItemStatus,2774,public const MergeItemStatus time = 3;
code/AssetRipper_generated_CSharp/Assembly-CSharp/MergeItemStatus.cs,,MergeItemStatus,2774,public const MergeItemStatus bubble = 2;
code/AssetRipper_generated_CSharp/Assembly-CSharp/MergeItemStatus.cs,,MergeItemStatus,2774,public const MergeItemStatus open = 1;
code/AssetRipper_generated_CSharp/Assembly-CSharp/MergeItemStatus.cs,,MergeItemStatus,2774,public const MergeItemStatus locked = 0;
code/AssetRipper_generated_CSharp/Assembly-CSharp/MergeItemStatus.cs,,MergeItemStatus,2774,public const MergeItemStatus box = -1;
code/AssetRipper_generated_CSharp/Assembly-CSharp/MergeItemType.cs,,MergeItemType,2775,public int value__; // 0x0
code/AssetRipper_generated_CSharp/Assembly-CSharp/MergeItemType.cs,,MergeItemType,2775,public const MergeItemType none = 0;
code/AssetRipper_generated_CSharp/Assembly-CSharp/MergeItemType.cs,,MergeItemType,2775,public const MergeItemType item = 1;
code/AssetRipper_generated_CSharp/Assembly-CSharp/MergeItemType.cs,,MergeItemType,2775,public const MergeItemType box = 2;
code/AssetRipper_generated_CSharp/Assembly-CSharp/MergeItemType.cs,,MergeItemType,2775,public const MergeItemType diamonds = 3;
code/AssetRipper_generated_CSharp/Assembly-CSharp/MergeItemType.cs,,MergeItemType,2775,public const MergeItemType energy = 4;
code/AssetRipper_generated_CSharp/Assembly-CSharp/MergeItemType.cs,,MergeItemType,2775,public const MergeItemType decoCoin = 5;
code/AssetRipper_generated_CSharp/Assembly-CSharp/MergeItemType.cs,,MergeItemType,2775,public const MergeItemType exp = 6;
code/AssetRipper_generated_CSharp/Assembly-CSharp/MergeItemType.cs,,MergeItemType,2775,public const MergeItemType timeBooster = 10;
code/AssetRipper_generated_CSharp/Assembly-CSharp/MergeItemType.cs,,MergeItemType,2775,public const MergeItemType dailyBox = 11;
code/AssetRipper_generated_CSharp/Assembly-CSharp/MergeItemType.cs,,MergeItemType,2775,public const MergeItemType flashsaleBox = 13;
code/AssetRipper_generated_CSharp/Assembly-CSharp/MergeItemType.cs,,MergeItemType,2775,public const MergeItemType activityExp = 14;
code/AssetRipper_generated_CSharp/Assembly-CSharp/MergeItemType.cs,,MergeItemType,2775,public const MergeItemType activityKey = 15;
code/AssetRipper_generated_CSharp/Assembly-CSharp/MergeItemType.cs,,MergeItemType,2775,public const MergeItemType broom = 16;
code/AssetRipper_generated_CSharp/Assembly-CSharp/MergeItemType.cs,,MergeItemType,2775,public const MergeItemType battlepassExp = 17;
code/AssetRipper_generated_CSharp/Assembly-CSharp/MergeItemType.cs,,MergeItemType,2775,public const MergeItemType universal = 18;
code/AssetRipper_generated_CSharp/Assembly-CSharp/MergeItemType.cs,,MergeItemType,2775,public const MergeItemType split = 19;
code/AssetRipper_generated_CSharp/Assembly-CSharp/MergeItemType.cs,,MergeItemType,2775,public const MergeItemType dogCookies = 20;
code/AssetRipper_generated_CSharp/Assembly-CSharp/MergeItemType.cs,,MergeItemType,2775,public const MergeItemType CatSwimming = 23;
code/AssetRipper_generated_CSharp/Assembly-CSharp/MergeItemType.cs,,MergeItemType,2775,public const MergeItemType PizzaTower = 24;
code/AssetRipper_generated_CSharp/Assembly-CSharp/MergeItemType.cs,,MergeItemType,2775,public const MergeItemType choiceChest = 21;
code/AssetRipper_generated_CSharp/Assembly-CSharp/MergeItemType.cs,,MergeItemType,2775,public const MergeItemType hamaster = 100;
code/AssetRipper_generated_CSharp/Assembly-CSharp/MergeItemType.cs,,MergeItemType,2775,public const MergeItemType eatBuild = 99;
code/AssetRipper_generated_CSharp/Assembly-CSharp/MergeItemType.cs,,MergeItemType,2775,public const MergeItemType easter = 22;
code/AssetRipper_generated_CSharp/Assembly-CSharp/MergeItemType.cs,,MergeItemType,2775,public const MergeItemType HappyGoExp = 902;
code/AssetRipper_generated_CSharp/Assembly-CSharp/MergeItemType.cs,,MergeItemType,2775,public const MergeItemType SpeedUp = 30;
code/AssetRipper_generated_CSharp/Assembly-CSharp/MergeItemType.cs,,MergeItemType,2775,public const MergeItemType EnergyUnlimited = 31;
code/AssetRipper_generated_CSharp/Assembly-CSharp/MergeItemType.cs,,MergeItemType,2775,public const MergeItemType NoCd = 32;
code/AssetRipper_generated_CSharp/Assembly-CSharp/MergeItemType.cs,,MergeItemType,2775,public const MergeItemType MagicWand = 33;
code/AssetRipper_generated_CSharp/Assembly-CSharp/MergeItemType.cs,,MergeItemType,2775,public const MergeItemType ButterFly = 34;
code/AssetRipper_generated_CSharp/Assembly-CSharp/MergeItemType.cs,,MergeItemType,2775,public const MergeItemType Knife = 35;
code/AssetRipper_generated_CSharp/Assembly-CSharp/MergeItemType.cs,,MergeItemType,2775,public const MergeItemType Mine = 200;
code/AssetRipper_generated_CSharp/Assembly-CSharp/MergeItemType.cs,,MergeItemType,2775,public const MergeItemType Mine2 = 201;
code/AssetRipper_generated_CSharp/Assembly-CSharp/MergeItemType.cs,,MergeItemType,2775,public const MergeItemType GreenMine = 101;
code/AssetRipper_generated_CSharp/Assembly-CSharp/MergeItemType.cs,,MergeItemType,2775,public const MergeItemType BlueMine = 102;
code/AssetRipper_generated_CSharp/Assembly-CSharp/MergeItemType.cs,,MergeItemType,2775,public const MergeItemType RedMine = 103;
code/AssetRipper_generated_CSharp/Assembly-CSharp/MergeItemType.cs,,MergeItemType,2775,public const MergeItemType ActivitySurpriseBox = 1001;
code/AssetRipper_generated_CSharp/Assembly-CSharp/MergeItemType.cs,,MergeItemType,2775,public const MergeItemType LocalSurpriseBox = 1002;
code/AssetRipper_generated_CSharp/Assembly-CSharp/ActiveCostType.cs,,ActiveCostType,2777,public int value__; // 0x0
code/AssetRipper_generated_CSharp/Assembly-CSharp/ActiveCostType.cs,,ActiveCostType,2777,public const ActiveCostType none = 0;
code/AssetRipper_generated_CSharp/Assembly-CSharp/ActiveCostType.cs,,ActiveCostType,2777,public const ActiveCostType diamonds = 1;
code/AssetRipper_generated_CSharp/Assembly-CSharp/ActiveCostType.cs,,ActiveCostType,2777,public const ActiveCostType coin = 2;
code/AssetRipper_generated_CSharp/Assembly-CSharp/ActiveCostType.cs,,ActiveCostType,2777,public const ActiveCostType time_active = 3;
code/AssetRipper_generated_CSharp/Assembly-CSharp/ActiveCostType.cs,,ActiveCostType,2777,public const ActiveCostType time_inactive = 4;
code/AssetRipper_generated_CSharp/Assembly-CSharp/MergeEvent.cs,,MergeEvent,2778,public static readonly string MERGE_BOARD_DRAGIN; // 0x0
code/AssetRipper_generated_CSharp/Assembly-CSharp/MergeEvent.cs,,MergeEvent,2778,public static readonly string MERGE_BOARD_POINTERUP; // 0x4
code/AssetRipper_generated_CSharp/Assembly-CSharp/MergeEvent.cs,,MergeEvent,2778,public static readonly string MERGE_BOARD_REFRESH; // 0x8
code/AssetRipper_generated_CSharp/Assembly-CSharp/MergeEvent.cs,,MergeEvent,2778,public static readonly string MERGE_BAG_REFRESH; // 0xC
code/AssetRipper_generated_CSharp/Assembly-CSharp/MergeEvent.cs,,MergeEvent,2778,public static readonly string MERGE_REWARD_REFRESH; // 0x10
code/AssetRipper_generated_CSharp/Assembly-CSharp/MergeEvent.cs,,MergeEvent,2778,public static readonly string MERGE_BORAD_SELECTED_GRID; // 0x14
code/AssetRipper_generated_CSharp/Assembly-CSharp/MergeEvent.cs,,MergeEvent,2778,public static readonly string MERGE_BORAD_REFRESH_ALL_CD; // 0x18
code/AssetRipper_generated_CSharp/Assembly-CSharp/MergeEvent.cs,,MergeEvent,2778,public static readonly string MERGE_BORAD_SELL_ITEM; // 0x1C
code/AssetRipper_generated_CSharp/Assembly-CSharp/MergeEvent.cs,,MergeEvent,2778,public static readonly string DO_REFRESH_EXPERENCE; // 0x20
code/AssetRipper_generated_CSharp/Assembly-CSharp/MergeEvent.cs,,MergeEvent,2778,public static readonly string DAILYDEALS_PURCHASE_SUCCESS; // 0x24
code/AssetRipper_generated_CSharp/Assembly-CSharp/MergeEvent.cs,,MergeEvent,2778,public static readonly string MERGE_INFO_PRODUCT_EXPLAIN; // 0x28
code/AssetRipper_generated_CSharp/Assembly-CSharp/MergeEvent.cs,,MergeEvent,2778,public static readonly string MERGE_BORAD_REFRESH_ENERGY_TORREND; // 0x2C
code/AssetRipper_generated_CSharp/Assembly-CSharp/MergeEvent.cs,,MergeEvent,2778,public static readonly string BALLOON_RESET; // 0x30
code/AssetRipper_generated_CSharp/Assembly-CSharp/MergeEvent.cs,,MergeEvent,2778,public static readonly string MERGE_BOARD_NEW_ITEM; // 0x34
code/AssetRipper_generated_CSharp/Assembly-CSharp/MergeEvent.cs,,MergeEvent,2778,public static readonly string MERGE_BOARD_USE_ITEM; // 0x38
code/AssetRipper_generated_CSharp/Assembly-CSharp/MergeEvent.cs,,MergeEvent,2778,public static readonly string MERGE_BORAD_REFRESH_UNLIMITEDPRODUCT; // 0x3C
code/AssetRipper_generated_CSharp/Assembly-CSharp/MergeEvent.cs,,MergeEvent,2778,public static readonly string MERGE_BORAD_REFRESH_COMBO_DOUBLE; // 0x40
code/AssetRipper_generated_CSharp/Assembly-CSharp/MergeMainController.cs,,MergeMainController.MergeBoardTheme,2784,public Func<string> TopPath; // 0x8
code/AssetRipper_generated_CSharp/Assembly-CSharp/MergeMainController.cs,,MergeMainController.MergeBoardTheme,2784,public Func<string> TaskPath; // 0xC
code/AssetRipper_generated_CSharp/Assembly-CSharp/MergeMainController.cs,,MergeMainController.MergeBoardTheme,2784,public Func<string> BoardPath; // 0x10
code/AssetRipper_generated_CSharp/Assembly-CSharp/MergeMainController.cs,,MergeMainController.MergeBoardTheme,2784,public Func<string> MainPath; // 0x14
code/AssetRipper_generated_CSharp/Assembly-CSharp/MergeMainController.cs,,MergeMainController.MergeBoardTheme,2784,public Transform _top; // 0x18
code/AssetRipper_generated_CSharp/Assembly-CSharp/MergeMainController.cs,,MergeMainController.MergeBoardTheme,2784,public Transform _task; // 0x1C
code/AssetRipper_generated_CSharp/Assembly-CSharp/MergeMainController.cs,,MergeMainController.MergeBoardTheme,2784,public Transform _board; // 0x20
code/AssetRipper_generated_CSharp/Assembly-CSharp/MergeMainController.cs,,MergeMainController.MergeBoardTheme,2784,public Transform _main; // 0x24
code/AssetRipper_generated_CSharp/Assembly-CSharp/MergeMainController.cs,,MergeMainController.MergeBoardTheme,2784,private MergeMainController _mainController; // 0x28
code/AssetRipper_generated_CSharp/Assembly-CSharp/MergeMainController.cs,,MergeMainController.MergeBoardThemeEnum,2785,public int value__; // 0x0
code/AssetRipper_generated_CSharp/Assembly-CSharp/MergeMainController.cs,,MergeMainController.MergeBoardThemeEnum,2785,public const MergeMainController.MergeBoardThemeEnum Default = 0;
code/AssetRipper_generated_CSharp/Assembly-CSharp/MergeMainController.cs,,MergeMainController.MergeBoardThemeEnum,2785,public const MergeMainController.MergeBoardThemeEnum Mermaid = 1;
code/AssetRipper_generated_CSharp/Assembly-CSharp/MergeMainController.cs,,MergeMainController.MergeBoardThemeEnum,2785,public const MergeMainController.MergeBoardThemeEnum RecoverCoin = 2;
code/AssetRipper_generated_CSharp/Assembly-CSharp/MergeMainController.cs,,MergeMainController.MergeBoardThemeEnum,2785,public const MergeMainController.MergeBoardThemeEnum CoinLeaderBoard = 3;
code/AssetRipper_generated_CSharp/Assembly-CSharp/MergeMainController.cs,,MergeMainController.MergeBoardThemeEnum,2785,public const MergeMainController.MergeBoardThemeEnum ThemeDecoration = 4;
code/AssetRipper_generated_CSharp/Assembly-CSharp/MergeMainController.cs,,MergeMainController.<>c,2786,public static readonly MergeMainController.<>c <>9; // 0x0
code/AssetRipper_generated_CSharp/Assembly-CSharp/MergeMainController.cs,,MergeMainController.<>c,2786,public static Func<string> <>9__86_0; // 0x4
code/AssetRipper_generated_CSharp/Assembly-CSharp/MergeMainController.cs,,MergeMainController.<>c,2786,public static Func<string> <>9__86_1; // 0x8
code/AssetRipper_generated_CSharp/Assembly-CSharp/MergeMainController.cs,,MergeMainController.<>c,2786,public static Func<string> <>9__86_2; // 0xC
code/AssetRipper_generated_CSharp/Assembly-CSharp/MergeMainController.cs,,MergeMainController.<>c,2786,public static Func<string> <>9__86_3; // 0x10
code/AssetRipper_generated_CSharp/Assembly-CSharp/MergeMainController.cs,,MergeMainController.<>c,2786,public static Func<string> <>9__86_4; // 0x14
code/AssetRipper_generated_CSharp/Assembly-CSharp/MergeMainController.cs,,MergeMainController.<>c,2786,public static Func<string> <>9__86_5; // 0x18
code/AssetRipper_generated_CSharp/Assembly-CSharp/MergeMainController.cs,,MergeMainController.<>c,2786,public static Func<string> <>9__86_6; // 0x1C
code/AssetRipper_generated_CSharp/Assembly-CSharp/MergeMainController.cs,,MergeMainController.<>c,2786,public static Func<string> <>9__86_7; // 0x20
code/AssetRipper_generated_CSharp/Assembly-CSharp/MergeMainController.cs,,MergeMainController.<>c__DisplayClass100_0,2787,public int emptyIndex; // 0x8
code/AssetRipper_generated_CSharp/Assembly-CSharp/MergeMainController.cs,,MergeMainController.<>c__DisplayClass100_0,2787,public StorageMergeItem storageMergeItem; // 0xC
code/AssetRipper_generated_CSharp/Assembly-CSharp/MergeMainController.cs,,MergeMainController.<>c__DisplayClass100_0,2787,public TableMergeItem mergeItem; // 0x10
code/AssetRipper_generated_CSharp/Assembly-CSharp/MergeMainController.cs,,MergeMainController.<Start>d__77,2788,private int <>1__state; // 0x8
code/AssetRipper_generated_CSharp/Assembly-CSharp/MergeMainController.cs,,MergeMainController.<Start>d__77,2788,private object <>2__current; // 0xC
code/AssetRipper_generated_CSharp/Assembly-CSharp/MergeMainController.cs,,MergeMainController.<Start>d__77,2788,public MergeMainController <>4__this; // 0x10
code/AssetRipper_generated_CSharp/Assembly-CSharp/MergeMainController.cs,,MergeMainController.<WaitHideBagEffect>d__108,2789,private int <>1__state; // 0x8
code/AssetRipper_generated_CSharp/Assembly-CSharp/MergeMainController.cs,,MergeMainController.<WaitHideBagEffect>d__108,2789,private object <>2__current; // 0xC
code/AssetRipper_generated_CSharp/Assembly-CSharp/MergeMainController.cs,,MergeMainController.<WaitHideBagEffect>d__108,2789,public MergeMainController <>4__this; // 0x10
code/AssetRipper_generated_CSharp/Assembly-CSharp/MergeMainController.cs,,MergeMainController,2790,private MergeBoard _mergeBoard; // 0x30
code/AssetRipper_generated_CSharp/Assembly-CSharp/MergeMainController.cs,,MergeMainController,2790,private Transform _mRoot; // 0x34
code/AssetRipper_generated_CSharp/Assembly-CSharp/MergeMainController.cs,,MergeMainController,2790,public Button _mBagBtn; // 0x38
code/AssetRipper_generated_CSharp/Assembly-CSharp/MergeMainController.cs,,MergeMainController,2790,private Transform _mBagMasterIcon; // 0x3C
code/AssetRipper_generated_CSharp/Assembly-CSharp/MergeMainController.cs,,MergeMainController,2790,private Button _mRewardBtn; // 0x40
code/AssetRipper_generated_CSharp/Assembly-CSharp/MergeMainController.cs,,MergeMainController,2790,private Button backBtn; // 0x44
code/AssetRipper_generated_CSharp/Assembly-CSharp/MergeMainController.cs,,MergeMainController,2790,private Animator _bagAnimator; // 0x48
code/AssetRipper_generated_CSharp/Assembly-CSharp/MergeMainController.cs,,MergeMainController,2790,private LocalizeTextMeshProUGUI backNumText; // 0x4C
code/AssetRipper_generated_CSharp/Assembly-CSharp/MergeMainController.cs,,MergeMainController,2790,private GameObject backRedPoint; // 0x50
code/AssetRipper_generated_CSharp/Assembly-CSharp/MergeMainController.cs,,MergeMainController,2790,private Animator backAnimator; // 0x54
code/AssetRipper_generated_CSharp/Assembly-CSharp/MergeMainController.cs,,MergeMainController,2790,private GameObject <BackDecoGuideObj>k__BackingField; // 0x58
code/AssetRipper_generated_CSharp/Assembly-CSharp/MergeMainController.cs,,MergeMainController,2790,private Image rewardIcon; // 0x5C
code/AssetRipper_generated_CSharp/Assembly-CSharp/MergeMainController.cs,,MergeMainController,2790,private Transform taskGuideRoot; // 0x60
code/AssetRipper_generated_CSharp/Assembly-CSharp/MergeMainController.cs,,MergeMainController,2790,private Animator _animator; // 0x64
code/AssetRipper_generated_CSharp/Assembly-CSharp/MergeMainController.cs,,MergeMainController,2790,private Transform _starJourneyTrans; // 0x68
code/AssetRipper_generated_CSharp/Assembly-CSharp/MergeMainController.cs,,MergeMainController,2790,private List<Transform> _blindBoxTrans; // 0x6C
code/AssetRipper_generated_CSharp/Assembly-CSharp/MergeMainController.cs,,MergeMainController,2790,public MergeComboPlay ComboPlay; // 0x70
code/AssetRipper_generated_CSharp/Assembly-CSharp/MergeMainController.cs,,MergeMainController,2790,private Transform _comboPlayTrans; // 0x74
code/AssetRipper_generated_CSharp/Assembly-CSharp/MergeMainController.cs,,MergeMainController,2790,public MergeComboCriticalHit ComboCriticalHit; // 0x78
code/AssetRipper_generated_CSharp/Assembly-CSharp/MergeMainController.cs,,MergeMainController,2790,private Transform _comboCriticalHitTrans; // 0x7C
code/AssetRipper_generated_CSharp/Assembly-CSharp/MergeMainController.cs,,MergeMainController,2790,private GameObject lastDraginGo; // 0x80
code/AssetRipper_generated_CSharp/Assembly-CSharp/MergeMainController.cs,,MergeMainController,2790,private bool multiTouchEnabled; // 0x84
code/AssetRipper_generated_CSharp/Assembly-CSharp/MergeMainController.cs,,MergeMainController,2790,private GameObject noticeGo; // 0x88
code/AssetRipper_generated_CSharp/Assembly-CSharp/MergeMainController.cs,,MergeMainController,2790,public Vector3 bagItemPostion; // 0x8C
code/AssetRipper_generated_CSharp/Assembly-CSharp/MergeMainController.cs,,MergeMainController,2790,public MergeClickTips mergeClickTips; // 0x98
code/AssetRipper_generated_CSharp/Assembly-CSharp/MergeMainController.cs,,MergeMainController,2790,private int <selcedItemId>k__BackingField; // 0x9C
code/AssetRipper_generated_CSharp/Assembly-CSharp/MergeMainController.cs,,MergeMainController,2790,public static MergeMainController Instance; // 0x0
code/AssetRipper_generated_CSharp/Assembly-CSharp/MergeMainController.cs,,MergeMainController,2790,private Transform <FlyNode>k__BackingField; // 0xA0
code/AssetRipper_generated_CSharp/Assembly-CSharp/MergeMainController.cs,,MergeMainController,2790,private LocalizeTextMeshProUGUI rewardNumText; // 0xA4
code/AssetRipper_generated_CSharp/Assembly-CSharp/MergeMainController.cs,,MergeMainController,2790,private Animator storeBtnAnimator; // 0xA8
code/AssetRipper_generated_CSharp/Assembly-CSharp/MergeMainController.cs,,MergeMainController,2790,private Image storeBubbleImage; // 0xAC
code/AssetRipper_generated_CSharp/Assembly-CSharp/MergeMainController.cs,,MergeMainController,2790,private GameObject storeRedPoint; // 0xB0
code/AssetRipper_generated_CSharp/Assembly-CSharp/MergeMainController.cs,,MergeMainController,2790,private GameObject intoBagEffectObj; // 0xB4
code/AssetRipper_generated_CSharp/Assembly-CSharp/MergeMainController.cs,,MergeMainController,2790,private GameObject intoBagMergeObj; // 0xB8
code/AssetRipper_generated_CSharp/Assembly-CSharp/MergeMainController.cs,,MergeMainController,2790,private GameObject guideMask; // 0xBC
code/AssetRipper_generated_CSharp/Assembly-CSharp/MergeMainController.cs,,MergeMainController,2790,public MergeMainBalloon _balloon; // 0xC0
code/AssetRipper_generated_CSharp/Assembly-CSharp/MergeMainController.cs,,MergeMainController,2790,private bool isInit; // 0xC4
code/AssetRipper_generated_CSharp/Assembly-CSharp/MergeMainController.cs,,MergeMainController,2790,private RectTransform bottomGroupTransform; // 0xC8
code/AssetRipper_generated_CSharp/Assembly-CSharp/MergeMainController.cs,,MergeMainController,2790,private int curRewardCount; // 0xCC
code/AssetRipper_generated_CSharp/Assembly-CSharp/MergeMainController.cs,,MergeMainController,2790,private Transform _topBG; // 0xD0
code/AssetRipper_generated_CSharp/Assembly-CSharp/MergeMainController.cs,,MergeMainController,2790,private Transform _taskBG; // 0xD4
code/AssetRipper_generated_CSharp/Assembly-CSharp/MergeMainController.cs,,MergeMainController,2790,private Transform _boardBG; // 0xD8
code/AssetRipper_generated_CSharp/Assembly-CSharp/MergeMainController.cs,,MergeMainController,2790,private Transform _boardMainBG; // 0xDC
code/AssetRipper_generated_CSharp/Assembly-CSharp/MergeMainController.cs,,MergeMainController,2790,private Transform mermaid_topBG; // 0xE0
code/AssetRipper_generated_CSharp/Assembly-CSharp/MergeMainController.cs,,MergeMainController,2790,private Transform mermaid_taskBG; // 0xE4
code/AssetRipper_generated_CSharp/Assembly-CSharp/MergeMainController.cs,,MergeMainController,2790,private Transform mermaid_boardBG; // 0xE8
code/AssetRipper_generated_CSharp/Assembly-CSharp/MergeMainController.cs,,MergeMainController,2790,private Transform mermaid_boardMainBG; // 0xEC
code/AssetRipper_generated_CSharp/Assembly-CSharp/MergeMainController.cs,,MergeMainController,2790,public Transform BubbleHangPoint; // 0xF0
code/AssetRipper_generated_CSharp/Assembly-CSharp/MergeMainController.cs,,MergeMainController,2790,private Transform _tranLuckyBalloonRv; // 0xF4
code/AssetRipper_generated_CSharp/Assembly-CSharp/MergeMainController.cs,,MergeMainController,2790,private MergeMainController.MergeBoardTheme curTheme; // 0xF8
code/AssetRipper_generated_CSharp/Assembly-CSharp/MergeMainController.cs,,MergeMainController,2790,"private Dictionary<MergeMainController.MergeBoardThemeEnum, MergeMainController.MergeBoardTheme> _themeDic; // 0xFC"
code/AssetRipper_generated_CSharp/Assembly-CSharp/MergeMainController.cs,,MergeMainController,2790,private float clickRewardsTime; // 0x100
code/AssetRipper_generated_CSharp/Assembly-CSharp/MergeMainController.cs,,MergeMainController,2790,private string[] _dynamicEntryKey; // 0x104
code/AssetRipper_generated_CSharp/Assembly-CSharp/MergeMainController.cs,,MergeMainController,2790,"private Dictionary<string, MonoBehaviour> _dynamicEntryMap; // 0x108"
code/AssetRipper_generated_CSharp/Assembly-CSharp/MergePackageUnit.cs,,MergePackageUnit,2791,private MergeBoardEnum _boardId; // 0x10
code/AssetRipper_generated_CSharp/Assembly-CSharp/MergePackageUnit.cs,,MergePackageUnit,2791,private bool _boardIdSetFlag; // 0x14
code/AssetRipper_generated_CSharp/Assembly-CSharp/MergePackageUnit.cs,,MergePackageUnit,2791,private MergePackageUnitState state1; // 0x18
code/AssetRipper_generated_CSharp/Assembly-CSharp/MergePackageUnit.cs,,MergePackageUnit,2791,private MergePackageUnitState state2; // 0x1C
code/AssetRipper_generated_CSharp/Assembly-CSharp/MergePackageUnit.cs,,MergePackageUnit,2791,private MergePackageUnitState state3; // 0x20
code/AssetRipper_generated_CSharp/Assembly-CSharp/MergePackageUnit.cs,,MergePackageUnit,2791,private MergePackageUnitState state4; // 0x24
code/AssetRipper_generated_CSharp/Assembly-CSharp/MergePackageUnit.cs,,MergePackageUnit,2791,private Image icon; // 0x28
code/AssetRipper_generated_CSharp/Assembly-CSharp/MergePackageUnit.cs,,MergePackageUnit,2791,private Transform masterCardIcon; // 0x2C
code/AssetRipper_generated_CSharp/Assembly-CSharp/MergePackageUnit.cs,,MergePackageUnit,2791,private Button useBtn; // 0x30
code/AssetRipper_generated_CSharp/Assembly-CSharp/MergePackageUnit.cs,,MergePackageUnit,2791,private Button tipBtn; // 0x34
code/AssetRipper_generated_CSharp/Assembly-CSharp/MergePackageUnit.cs,,MergePackageUnit,2791,private int index; // 0x38
code/AssetRipper_generated_CSharp/Assembly-CSharp/MergePackageUnit.cs,,MergePackageUnit,2791,private MergePackageUnitType mType; // 0x3C
code/AssetRipper_generated_CSharp/Assembly-CSharp/MergePackageUnit.cs,,MergePackageUnit,2791,private TableMergeItem mergeItemConfig; // 0x40
code/AssetRipper_generated_CSharp/Assembly-CSharp/MergePackageUnit.cs,,MergePackageUnit,2791,private Transform Bg; // 0x44
code/AssetRipper_generated_CSharp/Assembly-CSharp/MergePackageUnit.cs,,MergePackageUnit,2791,private Transform BgBuilding; // 0x48
code/AssetRipper_generated_CSharp/Assembly-CSharp/MergePackageUnitType.cs,,MergePackageUnitType,2792,public int value__; // 0x0
code/AssetRipper_generated_CSharp/Assembly-CSharp/MergePackageUnitType.cs,,MergePackageUnitType,2792,public const MergePackageUnitType bag = 0;
code/AssetRipper_generated_CSharp/Assembly-CSharp/MergePackageUnitType.cs,,MergePackageUnitType,2792,public const MergePackageUnitType baglock = 1;
code/AssetRipper_generated_CSharp/Assembly-CSharp/MergePackageUnitType.cs,,MergePackageUnitType,2792,public const MergePackageUnitType bagUnlock = 2;
code/AssetRipper_generated_CSharp/Assembly-CSharp/MergePackageUnitType.cs,,MergePackageUnitType,2792,public const MergePackageUnitType bagMax = 3;
code/AssetRipper_generated_CSharp/Assembly-CSharp/MergePackageUnitType.cs,,MergePackageUnitType,2792,public const MergePackageUnitType buildBag = 4;
code/AssetRipper_generated_CSharp/Assembly-CSharp/MergePackageUnitType.cs,,MergePackageUnitType,2792,public const MergePackageUnitType buildBaglock = 5;
code/AssetRipper_generated_CSharp/Assembly-CSharp/MergePackageUnitType.cs,,MergePackageUnitType,2792,public const MergePackageUnitType buildBagUnlock = 6;
code/AssetRipper_generated_CSharp/Assembly-CSharp/MergePackageUnitType.cs,,MergePackageUnitType,2792,public const MergePackageUnitType buildBagMax = 7;
code/AssetRipper_generated_CSharp/Assembly-CSharp/MergePackageUnitType.cs,,MergePackageUnitType,2792,public const MergePackageUnitType vipBagUnlock = 8;
code/AssetRipper_generated_CSharp/Assembly-CSharp/MergePackageUnitType.cs,,MergePackageUnitType,2792,public const MergePackageUnitType vipBag = 9;
code/AssetRipper_generated_CSharp/Assembly-CSharp/MergePackageUnitType.cs,,MergePackageUnitType,2792,public const MergePackageUnitType info = 10;
code/AssetRipper_generated_CSharp/Assembly-CSharp/MergePackageUnitType.cs,,MergePackageUnitType,2792,public const MergePackageUnitType product = 11;
code/AssetRipper_generated_CSharp/Assembly-CSharp/MergePackageUnitType.cs,,MergePackageUnitType,2792,public const MergePackageUnitType productExplain = 12;
code/AssetRipper_generated_CSharp/Assembly-CSharp/MergePackageUnitType.cs,,MergePackageUnitType,2792,public const MergePackageUnitType bigInfo = 13;
code/AssetRipper_generated_CSharp/Assembly-CSharp/MergePackageUnitType.cs,,MergePackageUnitType,2792,public const MergePackageUnitType infoTips = 14;
code/AssetRipper_generated_CSharp/Assembly-CSharp/MergePackageUnitType.cs,,MergePackageUnitType,2792,public const MergePackageUnitType taskRewards = 15;
code/AssetRipper_generated_CSharp/Assembly-CSharp/MergePackageUnitType.cs,,MergePackageUnitType,2792,public const MergePackageUnitType taskXpRewards = 16;
code/AssetRipper_generated_CSharp/Assembly-CSharp/MergePackageUnitType.cs,,MergePackageUnitType,2792,public const MergePackageUnitType warning = 17;
code/AssetRipper_generated_CSharp/Assembly-CSharp/MergePackageUnitType.cs,,MergePackageUnitType,2792,public const MergePackageUnitType splite = 18;
code/AssetRipper_generated_CSharp/Assembly-CSharp/MergePackageUnitType.cs,,MergePackageUnitType,2792,public const MergePackageUnitType buildBundle = 19;
code/AssetRipper_generated_CSharp/Assembly-CSharp/MergePackageUnitType.cs,,MergePackageUnitType,2792,public const MergePackageUnitType notMergeIcon = 20;
code/AssetRipper_generated_CSharp/Assembly-CSharp/MergePackageUnitType.cs,,MergePackageUnitType,2792,public const MergePackageUnitType increasItem = 21;
code/AssetRipper_generated_CSharp/Assembly-CSharp/MergeClickTips.cs,,MergeClickTips.SpeedUpType,2818,public int value__; // 0x0
code/AssetRipper_generated_CSharp/Assembly-CSharp/MergeClickTips.cs,,MergeClickTips.SpeedUpType,2818,public const MergeClickTips.SpeedUpType active = 0;
code/AssetRipper_generated_CSharp/Assembly-CSharp/MergeClickTips.cs,,MergeClickTips.SpeedUpType,2818,public const MergeClickTips.SpeedUpType product = 1;
code/AssetRipper_generated_CSharp/Assembly-CSharp/MergeClickTips.cs,,MergeClickTips.SpeedUpType,2818,public const MergeClickTips.SpeedUpType timeProduct = 2;
code/AssetRipper_generated_CSharp/Assembly-CSharp/MergeClickTips.cs,,MergeClickTips.<>c,2819,public static readonly MergeClickTips.<>c <>9; // 0x0
code/AssetRipper_generated_CSharp/Assembly-CSharp/MergeClickTips.cs,,MergeClickTips.<>c,2819,public static Action <>9__84_3; // 0x4
code/AssetRipper_generated_CSharp/Assembly-CSharp/MergeClickTips.cs,,MergeClickTips.<>c,2819,public static Action <>9__84_1; // 0x8
code/AssetRipper_generated_CSharp/Assembly-CSharp/MergeClickTips.cs,,MergeClickTips.<>c,2819,public static Action <>9__84_2; // 0xC
code/AssetRipper_generated_CSharp/Assembly-CSharp/MergeClickTips.cs,,MergeClickTips.<>c__DisplayClass91_0,2820,public Transform endTrans; // 0x8
code/AssetRipper_generated_CSharp/Assembly-CSharp/MergeClickTips.cs,,MergeClickTips.<SetBubbleDismiss>d__98,2821,private int <>1__state; // 0x8
code/AssetRipper_generated_CSharp/Assembly-CSharp/MergeClickTips.cs,,MergeClickTips.<SetBubbleDismiss>d__98,2821,private object <>2__current; // 0xC
code/AssetRipper_generated_CSharp/Assembly-CSharp/MergeClickTips.cs,,MergeClickTips.<SetBubbleDismiss>d__98,2821,public MergeClickTips <>4__this; // 0x10
code/AssetRipper_generated_CSharp/Assembly-CSharp/MergeClickTips.cs,,MergeClickTips,2822,private MergeBoardEnum _boardId; // 0x10
code/AssetRipper_generated_CSharp/Assembly-CSharp/MergeClickTips.cs,,MergeClickTips,2822,private bool _boardIdSetFlag; // 0x14
code/AssetRipper_generated_CSharp/Assembly-CSharp/MergeClickTips.cs,,MergeClickTips,2822,private LocalizeTextMeshProUGUI contentText; // 0x18
code/AssetRipper_generated_CSharp/Assembly-CSharp/MergeClickTips.cs,,MergeClickTips,2822,private Button tipsBtn; // 0x1C
code/AssetRipper_generated_CSharp/Assembly-CSharp/MergeClickTips.cs,,MergeClickTips,2822,private LocalizeTextMeshProUGUI coinText; // 0x20
code/AssetRipper_generated_CSharp/Assembly-CSharp/MergeClickTips.cs,,MergeClickTips,2822,private LocalizeTextMeshProUGUI diamondsText; // 0x24
code/AssetRipper_generated_CSharp/Assembly-CSharp/MergeClickTips.cs,,MergeClickTips,2822,private LocalizeTextMeshProUGUI saleDiamondsText; // 0x28
code/AssetRipper_generated_CSharp/Assembly-CSharp/MergeClickTips.cs,,MergeClickTips,2822,private Transform cdGroup; // 0x2C
code/AssetRipper_generated_CSharp/Assembly-CSharp/MergeClickTips.cs,,MergeClickTips,2822,private LocalizeTextMeshProUGUI cdContentText; // 0x30
code/AssetRipper_generated_CSharp/Assembly-CSharp/MergeClickTips.cs,,MergeClickTips,2822,private LocalizeTextMeshProUGUI cdText; // 0x34
code/AssetRipper_generated_CSharp/Assembly-CSharp/MergeClickTips.cs,,MergeClickTips,2822,private LocalizeTextMeshProUGUI timeText; // 0x38
code/AssetRipper_generated_CSharp/Assembly-CSharp/MergeClickTips.cs,,MergeClickTips,2822,private LocalizeTextMeshProUGUI sellBtnText; // 0x3C
code/AssetRipper_generated_CSharp/Assembly-CSharp/MergeClickTips.cs,,MergeClickTips,2822,private LocalizeTextMeshProUGUI titleText; // 0x40
code/AssetRipper_generated_CSharp/Assembly-CSharp/MergeClickTips.cs,,MergeClickTips,2822,private LocalizeTextMeshProUGUI speedBtnText; // 0x44
code/AssetRipper_generated_CSharp/Assembly-CSharp/MergeClickTips.cs,,MergeClickTips,2822,private Button sellBtn; // 0x48
code/AssetRipper_generated_CSharp/Assembly-CSharp/MergeClickTips.cs,,MergeClickTips,2822,private Button destoryBtn; // 0x4C
code/AssetRipper_generated_CSharp/Assembly-CSharp/MergeClickTips.cs,,MergeClickTips,2822,private Button speedBtn; // 0x50
code/AssetRipper_generated_CSharp/Assembly-CSharp/MergeClickTips.cs,,MergeClickTips,2822,private Button timeBtn; // 0x54
code/AssetRipper_generated_CSharp/Assembly-CSharp/MergeClickTips.cs,,MergeClickTips,2822,private Button undoBtn; // 0x58
code/AssetRipper_generated_CSharp/Assembly-CSharp/MergeClickTips.cs,,MergeClickTips,2822,private Button thumbtackBtn; // 0x5C
code/AssetRipper_generated_CSharp/Assembly-CSharp/MergeClickTips.cs,,MergeClickTips,2822,private Button iceBreakBtn; // 0x60
code/AssetRipper_generated_CSharp/Assembly-CSharp/MergeClickTips.cs,,MergeClickTips,2822,private Button rvBtn; // 0x64
code/AssetRipper_generated_CSharp/Assembly-CSharp/MergeClickTips.cs,,MergeClickTips,2822,private Button rvBtn2; // 0x68
code/AssetRipper_generated_CSharp/Assembly-CSharp/MergeClickTips.cs,,MergeClickTips,2822,private LocalizeTextMeshProUGUI rvBtnText; // 0x6C
code/AssetRipper_generated_CSharp/Assembly-CSharp/MergeClickTips.cs,,MergeClickTips,2822,private LocalizeTextMeshProUGUI rvBtnDesText; // 0x70
code/AssetRipper_generated_CSharp/Assembly-CSharp/MergeClickTips.cs,,MergeClickTips,2822,private int oldSelectIndex; // 0x74
code/AssetRipper_generated_CSharp/Assembly-CSharp/MergeClickTips.cs,,MergeClickTips,2822,private int selecGridIndex; // 0x78
code/AssetRipper_generated_CSharp/Assembly-CSharp/MergeClickTips.cs,,MergeClickTips,2822,private int selecGridId; // 0x7C
code/AssetRipper_generated_CSharp/Assembly-CSharp/MergeClickTips.cs,,MergeClickTips,2822,private StorageMergeItem sellItem; // 0x80
code/AssetRipper_generated_CSharp/Assembly-CSharp/MergeClickTips.cs,,MergeClickTips,2822,private float sellColdTime; // 0x84
code/AssetRipper_generated_CSharp/Assembly-CSharp/MergeClickTips.cs,,MergeClickTips,2822,private Coroutine bubbleDissmiss; // 0x88
code/AssetRipper_generated_CSharp/Assembly-CSharp/MergeClickTips.cs,,MergeClickTips,2822,private TableMergeItem curMergeItem; // 0x8C
code/AssetRipper_generated_CSharp/Assembly-CSharp/MergeClickTips.cs,,MergeClickTips,2822,private StorageMergeItem boardItem; // 0x90
code/AssetRipper_generated_CSharp/Assembly-CSharp/MergeClickTips.cs,,MergeClickTips,2822,private GameObject explainGroup; // 0x94
code/AssetRipper_generated_CSharp/Assembly-CSharp/MergeClickTips.cs,,MergeClickTips,2822,private LocalizeTextMeshProUGUI explainText; // 0x98
code/AssetRipper_generated_CSharp/Assembly-CSharp/MergeClickTips.cs,,MergeClickTips,2822,private Transform energyBG; // 0x9C
code/AssetRipper_generated_CSharp/Assembly-CSharp/MergeClickTips.cs,,MergeClickTips,2822,private Transform energyTip; // 0xA0
code/AssetRipper_generated_CSharp/Assembly-CSharp/MergeClickTips.cs,,MergeClickTips,2822,private GameObject _itemGroup1; // 0xA4
code/AssetRipper_generated_CSharp/Assembly-CSharp/MergeClickTips.cs,,MergeClickTips,2822,private GameObject _itemGroup2; // 0xA8
code/AssetRipper_generated_CSharp/Assembly-CSharp/MergeClickTips.cs,,MergeClickTips,2822,private Image _itemGroup1Image; // 0xAC
code/AssetRipper_generated_CSharp/Assembly-CSharp/MergeClickTips.cs,,MergeClickTips,2822,private Image _itemGroup2Image; // 0xB0
code/AssetRipper_generated_CSharp/Assembly-CSharp/MergeClickTips.cs,,MergeClickTips,2822,private LocalizeTextMeshProUGUI _itemGroup1Text; // 0xB4
code/AssetRipper_generated_CSharp/Assembly-CSharp/MergeClickTips.cs,,MergeClickTips,2822,private LocalizeTextMeshProUGUI _itemGroup2Text; // 0xB8
code/AssetRipper_generated_CSharp/Assembly-CSharp/MergeClickTips.cs,,MergeClickTips,2822,private Button _itemGroup1Button; // 0xBC
code/AssetRipper_generated_CSharp/Assembly-CSharp/MergeClickTips.cs,,MergeClickTips,2822,private Button _itemGroup2Button; // 0xC0
code/AssetRipper_generated_CSharp/Assembly-CSharp/MergeClickTips.cs,,MergeClickTips,2822,private GameObject _itemGroup1Finish; // 0xC4
code/AssetRipper_generated_CSharp/Assembly-CSharp/MergeClickTips.cs,,MergeClickTips,2822,private GameObject _itemGroup2Finish; // 0xC8
code/AssetRipper_generated_CSharp/Assembly-CSharp/MergeClickTips.cs,,MergeClickTips,2822,private int _cdCost; // 0xCC
code/AssetRipper_generated_CSharp/Assembly-CSharp/MergeClickTips.cs,,MergeClickTips,2822,private int _orgCdCost; // 0xD0
code/AssetRipper_generated_CSharp/Assembly-CSharp/MergeClickTips.cs,,MergeClickTips,2822,private MergeClickTips.SpeedUpType _speedUpType; // 0xD4
code/AssetRipper_generated_CSharp/Assembly-CSharp/MergeClickTips.cs,,MergeClickTips,2822,public bool canShowRv; // 0xD8
code/AssetRipper_generated_CSharp/Assembly-CSharp/MergeClickTips.cs,,MergeClickTips,2822,public bool canShowBubbleRv; // 0xD9
code/AssetRipper_generated_CSharp/Assembly-CSharp/Order/Order/Creator/CreatorMergeLineFix.cs,Order.Order.Creator,CreatorMergeLineFix,3002,private const OrderType _orgType = 70;
code/AssetRipper_generated_CSharp/Assembly-CSharp/Gameplay/UserData.cs,Gameplay,UserData,3409,private StorageHome _storageHome; // 0xC
code/AssetRipper_generated_CSharp/Assembly-CSharp/ActivityLocal/NewbieRoom/Model/NewbieRoomModel.cs,ActivityLocal.NewbieRoom.Model,NewbieRoomModel,3595,public const int BOARD_WIDTH = 4;
code/AssetRipper_generated_CSharp/Assembly-CSharp/ActivityLocal/NewbieRoom/Model/NewbieRoomModel.cs,ActivityLocal.NewbieRoom.Model,NewbieRoomModel,3595,public const int BOARD_HEIGHT = 4;
code/AssetRipper_generated_CSharp/Assembly-CSharp/ActivityLocal/NewbieRoom/Model/NewbieRoomModel.cs,ActivityLocal.NewbieRoom.Model,NewbieRoomModel,3595,public const int LINE_ID = 22206;
code/AssetRipper_generated_CSharp/Assembly-CSharp/ActivityLocal/NewbieRoom/Model/NewbieRoomModel.cs,ActivityLocal.NewbieRoom.Model,NewbieRoomModel,3595,"private Dictionary<int, TableMergeItem> _mergeItemDictionary; // 0x10"
code/AssetRipper_generated_CSharp/Assembly-CSharp/ActivityLocal/NewbieRoom/Model/NewbieRoomModel.cs,ActivityLocal.NewbieRoom.Model,NewbieRoomModel,3595,public int UnSetItemsCount; // 0x14
code/AssetRipper_generated_CSharp/Assembly-CSharp/Activity/VegetableTreasures/Model/GardenTreasureModel.cs,Activity.VegetableTreasures.Model,GardenTreasureModel,3751,private static GardenTreasureModel _instance; // 0x0
code/AssetRipper_generated_CSharp/Assembly-CSharp/Activity/VegetableTreasures/Model/GardenTreasureModel.cs,Activity.VegetableTreasures.Model,GardenTreasureModel,3751,private static GameObject _flyItemObj; // 0x4
code/AssetRipper_generated_CSharp/Assembly-CSharp/Activity/VegetableTreasures/Model/GardenTreasureModel.cs,Activity.VegetableTreasures.Model,GardenTreasureModel,3751,private static string coolTimeKey; // 0x8
code/AssetRipper_generated_CSharp/Assembly-CSharp/Activity/TreasureHunt/TreasureHuntModel.cs,Activity.TreasureHunt,TreasureHuntModel,3762,private static TreasureHuntModel _instance; // 0x0
code/AssetRipper_generated_CSharp/Assembly-CSharp/Activity/TreasureHunt/TreasureHuntModel.cs,Activity.TreasureHunt,TreasureHuntModel,3762,private static readonly string coolTimeKey; // 0x4
code/AssetRipper_generated_CSharp/Assembly-CSharp/Activity/TreasureHunt/TreasureHuntModel.cs,Activity.TreasureHunt,TreasureHuntModel,3762,private TreasureHuntActivityConfig _treasureHuntActivityConfig; // 0x3C
code/AssetRipper_generated_CSharp/Assembly-CSharp/Activity/TreasureHunt/TreasureHuntModel.cs,Activity.TreasureHunt,TreasureHuntModel,3762,public bool CanBreak; // 0x40
code/AssetRipper_generated_CSharp/Assembly-CSharp/Activity/TreasureHunt/TreasureHuntModel.cs,Activity.TreasureHunt,TreasureHuntModel,3762,private static GameObject _flyItemObj; // 0x8
code/AssetRipper_generated_CSharp/Assembly-CSharp/SummerWatermelonModel.cs,,SummerWatermelonModel.<>c__DisplayClass116_0,3772,public SummerWatermelonModel <>4__this; // 0x8
code/AssetRipper_generated_CSharp/Assembly-CSharp/SummerWatermelonModel.cs,,SummerWatermelonModel.<>c__DisplayClass116_0,3772,public bool openPopup; // 0xC
code/AssetRipper_generated_CSharp/Assembly-CSharp/SummerWatermelonModel.cs,,SummerWatermelonModel.<>c__DisplayClass54_0,3773,public int maxNum; // 0x8
code/AssetRipper_generated_CSharp/Assembly-CSharp/SummerWatermelonModel.cs,,SummerWatermelonModel.<>c__DisplayClass54_0,3773,public SummerWatermelonModel <>4__this; // 0xC
code/AssetRipper_generated_CSharp/Assembly-CSharp/SummerWatermelonModel.cs,,SummerWatermelonModel.<>c__DisplayClass54_0,3773,public int rewardNum; // 0x10
code/AssetRipper_generated_CSharp/Assembly-CSharp/SummerWatermelonModel.cs,,SummerWatermelonModel.<>c__DisplayClass54_1,3774,public int currentNum; // 0x8
code/AssetRipper_generated_CSharp/Assembly-CSharp/SummerWatermelonModel.cs,,SummerWatermelonModel.<>c__DisplayClass54_1,3774,public SummerWatermelonModel.<>c__DisplayClass54_0 CS$<>8__locals1; // 0xC
code/AssetRipper_generated_CSharp/Assembly-CSharp/SummerWatermelonModel.cs,,SummerWatermelonModel.<>c__DisplayClass58_0,3775,public Vector3 position; // 0x8
code/AssetRipper_generated_CSharp/Assembly-CSharp/SummerWatermelonModel.cs,,SummerWatermelonModel.<>c__DisplayClass58_0,3775,public Action action; // 0x14
code/AssetRipper_generated_CSharp/Assembly-CSharp/SummerWatermelonModel.cs,,SummerWatermelonModel.<>c__DisplayClass94_0,3776,public List<ResData> rewardsList; // 0x8
code/AssetRipper_generated_CSharp/Assembly-CSharp/SummerWatermelonModel.cs,,SummerWatermelonModel.<>c__DisplayClass94_0,3776,public TaskCompletionSource<bool> taskRewardCollect; // 0xC
code/AssetRipper_generated_CSharp/Assembly-CSharp/SummerWatermelonModel.cs,,SummerWatermelonModel.<OnNewItem>d__93,3777,public int <>1__state; // 0x0
code/AssetRipper_generated_CSharp/Assembly-CSharp/SummerWatermelonModel.cs,,SummerWatermelonModel.<OnNewItem>d__93,3777,public AsyncVoidMethodBuilder <>t__builder; // 0x4
code/AssetRipper_generated_CSharp/Assembly-CSharp/SummerWatermelonModel.cs,,SummerWatermelonModel.<OnNewItem>d__93,3777,public int id; // 0x14
code/AssetRipper_generated_CSharp/Assembly-CSharp/SummerWatermelonModel.cs,,SummerWatermelonModel.<OnNewItem>d__93,3777,public SummerWatermelonModel <>4__this; // 0x18
code/AssetRipper_generated_CSharp/Assembly-CSharp/SummerWatermelonModel.cs,,SummerWatermelonModel.<OnNewItem>d__93,3777,public RefreshItemSource source; // 0x1C
code/AssetRipper_generated_CSharp/Assembly-CSharp/SummerWatermelonModel.cs,,SummerWatermelonModel.<OnNewItem>d__93,3777,private TableMergeItem <itemConfig>5__2; // 0x20
code/AssetRipper_generated_CSharp/Assembly-CSharp/SummerWatermelonModel.cs,,SummerWatermelonModel.<OnNewItem>d__93,3777,private TaskAwaiter <>u__1; // 0x24
code/AssetRipper_generated_CSharp/Assembly-CSharp/SummerWatermelonModel.cs,,SummerWatermelonModel.<OnNewItem>d__93,3777,private TaskAwaiter<bool> <>u__2; // 0x28
code/AssetRipper_generated_CSharp/Assembly-CSharp/Activity/SummerWatermelonTwo/SummerWatermelonModel.cs,Activity.SummerWatermelonTwo,SummerWatermelonModel,3778,public static bool InGuideChain; // 0x0
code/AssetRipper_generated_CSharp/Assembly-CSharp/Activity/SummerWatermelonTwo/SummerWatermelonModel.cs,Activity.SummerWatermelonTwo,SummerWatermelonModel,3778,public const int BOARD_WIDTH = 5;
code/AssetRipper_generated_CSharp/Assembly-CSharp/Activity/SummerWatermelonTwo/SummerWatermelonModel.cs,Activity.SummerWatermelonTwo,SummerWatermelonModel,3778,public const int BOARD_HEIGHT = 5;
code/AssetRipper_generated_CSharp/Assembly-CSharp/Activity/SummerWatermelonTwo/SummerWatermelonModel.cs,Activity.SummerWatermelonTwo,SummerWatermelonModel,3778,public const int BOARD_WIDTH_BIG = 6;
code/AssetRipper_generated_CSharp/Assembly-CSharp/Activity/SummerWatermelonTwo/SummerWatermelonModel.cs,Activity.SummerWatermelonTwo,SummerWatermelonModel,3778,public const int BOARD_HEIGHT_BIG = 8;
code/AssetRipper_generated_CSharp/Assembly-CSharp/Activity/SummerWatermelonTwo/SummerWatermelonModel.cs,Activity.SummerWatermelonTwo,SummerWatermelonModel,3778,private static SummerWatermelonModel _instance; // 0x4
code/AssetRipper_generated_CSharp/Assembly-CSharp/Activity/SummerWatermelonTwo/SummerWatermelonModel.cs,Activity.SummerWatermelonTwo,SummerWatermelonModel,3778,"private Dictionary<int, SummerWatermelonTwoProductConfig> _summerWatermelonProductConfig; // 0x3C"
code/AssetRipper_generated_CSharp/Assembly-CSharp/Activity/SummerWatermelonTwo/SummerWatermelonModel.cs,Activity.SummerWatermelonTwo,SummerWatermelonModel,3778,"private Dictionary<int, SummerWatermelonTwoFirstTimeRewardConfig> _summerWatermelonFirstTimeRewardConfig; // 0x40"
code/AssetRipper_generated_CSharp/Assembly-CSharp/Activity/SummerWatermelonTwo/SummerWatermelonModel.cs,Activity.SummerWatermelonTwo,SummerWatermelonModel,3778,"private Dictionary<int, SummerWatermelonTwoMergeRewardConfig> _summerWatermelonMergeRewardConfig; // 0x44"
code/AssetRipper_generated_CSharp/Assembly-CSharp/Activity/SummerWatermelonTwo/SummerWatermelonModel.cs,Activity.SummerWatermelonTwo,SummerWatermelonModel,3778,"private Dictionary<int, TableMergeItem> _mergeItemDictionary; // 0x48"
code/AssetRipper_generated_CSharp/Assembly-CSharp/Activity/SummerWatermelonTwo/SummerWatermelonModel.cs,Activity.SummerWatermelonTwo,SummerWatermelonModel,3778,public int UnSetItemsCount; // 0x4C
code/AssetRipper_generated_CSharp/Assembly-CSharp/Activity/SummerWatermelonTwo/SummerWatermelonModel.cs,Activity.SummerWatermelonTwo,SummerWatermelonModel,3778,public const ulong Offset = 0;
code/AssetRipper_generated_CSharp/Assembly-CSharp/Activity/SummerWatermelonTwo/SummerWatermelonModel.cs,Activity.SummerWatermelonTwo,SummerWatermelonModel,3778,private bool _isInit; // 0x50
code/AssetRipper_generated_CSharp/Assembly-CSharp/Activity/SummerWatermelonTwo/SummerWatermelonModel.cs,Activity.SummerWatermelonTwo,SummerWatermelonModel,3778,private static GameObject _flyItemObj; // 0x8
code/AssetRipper_generated_CSharp/Assembly-CSharp/Activity/SummerWatermelonTwo/SummerWatermelonModel.cs,Activity.SummerWatermelonTwo,SummerWatermelonModel,3778,private bool _lastActivityOpenState; // 0x51
code/AssetRipper_generated_CSharp/Assembly-CSharp/Activity/SummerWatermelonTwo/SummerWatermelonModel.cs,Activity.SummerWatermelonTwo,SummerWatermelonModel,3778,private bool _isBigBoardActive; // 0x52
code/AssetRipper_generated_CSharp/Assembly-CSharp/Activity/SummerWatermelonTwo/SummerWatermelonModel.cs,Activity.SummerWatermelonTwo,SummerWatermelonModel,3778,private bool <ShowIllustratedRedPoint>k__BackingField; // 0x53
code/AssetRipper_generated_CSharp/Assembly-CSharp/Activity/SummerWatermelonTwo/SummerWatermelonModel.cs,Activity.SummerWatermelonTwo,SummerWatermelonModel,3778,public static string packageCoolTimeKey; // 0xC
code/AssetRipper_generated_CSharp/Assembly-CSharp/SummerWatermelonModel.cs,,SummerWatermelonModel.<>c,3809,public static readonly SummerWatermelonModel.<>c <>9; // 0x0
code/AssetRipper_generated_CSharp/Assembly-CSharp/SummerWatermelonModel.cs,,SummerWatermelonModel.<>c,3809,public static Action <>9__168_0; // 0x4
code/AssetRipper_generated_CSharp/Assembly-CSharp/SummerWatermelonModel.cs,,SummerWatermelonModel.<>c,3809,public static Predicate<SummerWatermelonTwentyTwoPackageConfig> <>9__171_0; // 0x8
code/AssetRipper_generated_CSharp/Assembly-CSharp/SummerWatermelonModel.cs,,SummerWatermelonModel.<>c__DisplayClass142_0,3810,public BattlePassTwentyTwo config; // 0x8
code/AssetRipper_generated_CSharp/Assembly-CSharp/SummerWatermelonModel.cs,,SummerWatermelonModel.<>c__DisplayClass170_0,3811,public SummerWatermelonModel <>4__this; // 0x8
code/AssetRipper_generated_CSharp/Assembly-CSharp/SummerWatermelonModel.cs,,SummerWatermelonModel.<>c__DisplayClass170_0,3811,public bool openPopup; // 0xC
code/AssetRipper_generated_CSharp/Assembly-CSharp/SummerWatermelonModel.cs,,SummerWatermelonModel.<>c__DisplayClass170_1,3812,public SummerWatermelonTwentyTwoPackageConfig config; // 0x8
code/AssetRipper_generated_CSharp/Assembly-CSharp/SummerWatermelonModel.cs,,SummerWatermelonModel.<>c__DisplayClass171_0,3813,public int index; // 0x8
code/AssetRipper_generated_CSharp/Assembly-CSharp/SummerWatermelonModel.cs,,SummerWatermelonModel.<>c__DisplayClass171_0,3813,public SummerWatermelonTwentyTwoPackageReward _curGiftBagData; // 0xC
code/AssetRipper_generated_CSharp/Assembly-CSharp/SummerWatermelonModel.cs,,SummerWatermelonModel.<>c__DisplayClass171_0,3813,public SummerWatermelonModel <>4__this; // 0x10
code/AssetRipper_generated_CSharp/Assembly-CSharp/SummerWatermelonModel.cs,,SummerWatermelonModel.<>c__DisplayClass52_0,3814,public int maxNum; // 0x8
code/AssetRipper_generated_CSharp/Assembly-CSharp/SummerWatermelonModel.cs,,SummerWatermelonModel.<>c__DisplayClass52_0,3814,public SummerWatermelonModel <>4__this; // 0xC
code/AssetRipper_generated_CSharp/Assembly-CSharp/SummerWatermelonModel.cs,,SummerWatermelonModel.<>c__DisplayClass52_0,3814,public int rewardNum; // 0x10
code/AssetRipper_generated_CSharp/Assembly-CSharp/SummerWatermelonModel.cs,,SummerWatermelonModel.<>c__DisplayClass52_1,3815,public int currentNum; // 0x8
code/AssetRipper_generated_CSharp/Assembly-CSharp/SummerWatermelonModel.cs,,SummerWatermelonModel.<>c__DisplayClass52_1,3815,public SummerWatermelonModel.<>c__DisplayClass52_0 CS$<>8__locals1; // 0xC
code/AssetRipper_generated_CSharp/Assembly-CSharp/SummerWatermelonModel.cs,,SummerWatermelonModel.<>c__DisplayClass56_0,3816,public Vector3 position; // 0x8
code/AssetRipper_generated_CSharp/Assembly-CSharp/SummerWatermelonModel.cs,,SummerWatermelonModel.<>c__DisplayClass56_0,3816,public Action action; // 0x14
code/AssetRipper_generated_CSharp/Assembly-CSharp/SummerWatermelonModel.cs,,SummerWatermelonModel.<>c__DisplayClass98_0,3817,public SummerWatermelonModel <>4__this; // 0x8
code/AssetRipper_generated_CSharp/Assembly-CSharp/SummerWatermelonModel.cs,,SummerWatermelonModel.<>c__DisplayClass98_0,3817,public TableMergeItem itemConfig; // 0xC
code/AssetRipper_generated_CSharp/Assembly-CSharp/SummerWatermelonModel.cs,,SummerWatermelonModel.<>c__DisplayClass99_0,3818,public List<ResData> rewardsList; // 0x8
code/AssetRipper_generated_CSharp/Assembly-CSharp/SummerWatermelonModel.cs,,SummerWatermelonModel.<>c__DisplayClass99_0,3818,public TaskCompletionSource<bool> taskRewardCollect; // 0xC
code/AssetRipper_generated_CSharp/Assembly-CSharp/SummerWatermelonModel.cs,,SummerWatermelonModel.<OnNewItem>d__98,3819,public int <>1__state; // 0x0
code/AssetRipper_generated_CSharp/Assembly-CSharp/SummerWatermelonModel.cs,,SummerWatermelonModel.<OnNewItem>d__98,3819,public AsyncVoidMethodBuilder <>t__builder; // 0x4
code/AssetRipper_generated_CSharp/Assembly-CSharp/SummerWatermelonModel.cs,,SummerWatermelonModel.<OnNewItem>d__98,3819,public SummerWatermelonModel <>4__this; // 0x14
code/AssetRipper_generated_CSharp/Assembly-CSharp/SummerWatermelonModel.cs,,SummerWatermelonModel.<OnNewItem>d__98,3819,public int id; // 0x18
code/AssetRipper_generated_CSharp/Assembly-CSharp/SummerWatermelonModel.cs,,SummerWatermelonModel.<OnNewItem>d__98,3819,public RefreshItemSource source; // 0x1C
code/AssetRipper_generated_CSharp/Assembly-CSharp/SummerWatermelonModel.cs,,SummerWatermelonModel.<OnNewItem>d__98,3819,public Vector3 startPos; // 0x20
code/AssetRipper_generated_CSharp/Assembly-CSharp/SummerWatermelonModel.cs,,SummerWatermelonModel.<OnNewItem>d__98,3819,private SummerWatermelonModel.<>c__DisplayClass98_0 <>8__1; // 0x2C
code/AssetRipper_generated_CSharp/Assembly-CSharp/SummerWatermelonModel.cs,,SummerWatermelonModel.<OnNewItem>d__98,3819,private TaskAwaiter <>u__1; // 0x30
code/AssetRipper_generated_CSharp/Assembly-CSharp/SummerWatermelonModel.cs,,SummerWatermelonModel.<OnNewItem>d__98,3819,private TaskAwaiter<bool> <>u__2; // 0x34
code/AssetRipper_generated_CSharp/Assembly-CSharp/Activity/SummerWatermelon_22/SummerWatermelonModel.cs,Activity.SummerWatermelon_22,SummerWatermelonModel,3820,public static bool InGuideChain; // 0x0
code/AssetRipper_generated_CSharp/Assembly-CSharp/Activity/SummerWatermelon_22/SummerWatermelonModel.cs,Activity.SummerWatermelon_22,SummerWatermelonModel,3820,public const int BOARD_WIDTH = 5;
code/AssetRipper_generated_CSharp/Assembly-CSharp/Activity/SummerWatermelon_22/SummerWatermelonModel.cs,Activity.SummerWatermelon_22,SummerWatermelonModel,3820,public const int BOARD_HEIGHT = 5;
code/AssetRipper_generated_CSharp/Assembly-CSharp/Activity/SummerWatermelon_22/SummerWatermelonModel.cs,Activity.SummerWatermelon_22,SummerWatermelonModel,3820,public const int BOARD_WIDTH_BIG = 6;
code/AssetRipper_generated_CSharp/Assembly-CSharp/Activity/SummerWatermelon_22/SummerWatermelonModel.cs,Activity.SummerWatermelon_22,SummerWatermelonModel,3820,public const int BOARD_HEIGHT_BIG = 8;
code/AssetRipper_generated_CSharp/Assembly-CSharp/Activity/SummerWatermelon_22/SummerWatermelonModel.cs,Activity.SummerWatermelon_22,SummerWatermelonModel,3820,private static SummerWatermelonModel _instance; // 0x4
code/AssetRipper_generated_CSharp/Assembly-CSharp/Activity/SummerWatermelon_22/SummerWatermelonModel.cs,Activity.SummerWatermelon_22,SummerWatermelonModel,3820,"private Dictionary<int, SummerWatermelonTwentyTwoProductConfig> _summerWatermelonProductConfig; // 0x3C"
code/AssetRipper_generated_CSharp/Assembly-CSharp/Activity/SummerWatermelon_22/SummerWatermelonModel.cs,Activity.SummerWatermelon_22,SummerWatermelonModel,3820,"private Dictionary<int, SummerWatermelonTwentyTwoFirstTimeRewardConfig> _summerWatermelonFirstTimeRewardConfig; // 0x40"
code/AssetRipper_generated_CSharp/Assembly-CSharp/Activity/SummerWatermelon_22/SummerWatermelonModel.cs,Activity.SummerWatermelon_22,SummerWatermelonModel,3820,"private Dictionary<int, SummerWatermelonTwentyTwoMergeRewardConfig> _summerWatermelonMergeRewardConfig; // 0x44"
code/AssetRipper_generated_CSharp/Assembly-CSharp/Activity/SummerWatermelon_22/SummerWatermelonModel.cs,Activity.SummerWatermelon_22,SummerWatermelonModel,3820,"private Dictionary<int, TableMergeItem> _mergeItemDictionary; // 0x48"
code/AssetRipper_generated_CSharp/Assembly-CSharp/Activity/SummerWatermelon_22/SummerWatermelonModel.cs,Activity.SummerWatermelon_22,SummerWatermelonModel,3820,public int UnSetItemsCount; // 0x4C
code/AssetRipper_generated_CSharp/Assembly-CSharp/Activity/SummerWatermelon_22/SummerWatermelonModel.cs,Activity.SummerWatermelon_22,SummerWatermelonModel,3820,public const ulong Offset = 0;
code/AssetRipper_generated_CSharp/Assembly-CSharp/Activity/SummerWatermelon_22/SummerWatermelonModel.cs,Activity.SummerWatermelon_22,SummerWatermelonModel,3820,private bool _isInit; // 0x50
code/AssetRipper_generated_CSharp/Assembly-CSharp/Activity/SummerWatermelon_22/SummerWatermelonModel.cs,Activity.SummerWatermelon_22,SummerWatermelonModel,3820,private static GameObject _flyItemObj; // 0x8
code/AssetRipper_generated_CSharp/Assembly-CSharp/Activity/SummerWatermelon_22/SummerWatermelonModel.cs,Activity.SummerWatermelon_22,SummerWatermelonModel,3820,private bool _lastActivityOpenState; // 0x51
code/AssetRipper_generated_CSharp/Assembly-CSharp/Activity/SummerWatermelon_22/SummerWatermelonModel.cs,Activity.SummerWatermelon_22,SummerWatermelonModel,3820,private bool <ShowIllustratedRedPoint>k__BackingField; // 0x52
code/AssetRipper_generated_CSharp/Assembly-CSharp/Activity/SummerWatermelon_22/SummerWatermelonModel.cs,Activity.SummerWatermelon_22,SummerWatermelonModel,3820,public static string battlePassCoolTimeKey; // 0xC
code/AssetRipper_generated_CSharp/Assembly-CSharp/Activity/SummerWatermelon_22/SummerWatermelonModel.cs,Activity.SummerWatermelon_22,SummerWatermelonModel,3820,private int _redPointNum; // 0x54
code/AssetRipper_generated_CSharp/Assembly-CSharp/Activity/SummerWatermelon_22/SummerWatermelonModel.cs,Activity.SummerWatermelon_22,SummerWatermelonModel,3820,public static string packageCoolTimeKey; // 0x10
code/AssetRipper_generated_CSharp/Assembly-CSharp/Activity/SummerWatermelon_22/SummerWatermelonModel.cs,Activity.SummerWatermelon_22,SummerWatermelonModel,3820,public static string newpackageCoolTimeKey; // 0x14
code/AssetRipper_generated_CSharp/Assembly-CSharp/SummerWatermelonModel.cs,,SummerWatermelonModel.<>c,3877,public static readonly SummerWatermelonModel.<>c <>9; // 0x0
code/AssetRipper_generated_CSharp/Assembly-CSharp/SummerWatermelonModel.cs,,SummerWatermelonModel.<>c,3877,public static Predicate<SummerWatermelonTwentyThreePackageConfig> <>9__154_0; // 0x4
code/AssetRipper_generated_CSharp/Assembly-CSharp/SummerWatermelonModel.cs,,SummerWatermelonModel.<>c,3877,public static Action <>9__170_0; // 0x8
code/AssetRipper_generated_CSharp/Assembly-CSharp/SummerWatermelonModel.cs,,SummerWatermelonModel.<>c__DisplayClass132_0,3878,public BattlePassTwentyThree config; // 0x8
code/AssetRipper_generated_CSharp/Assembly-CSharp/SummerWatermelonModel.cs,,SummerWatermelonModel.<>c__DisplayClass153_0,3879,public SummerWatermelonModel <>4__this; // 0x8
code/AssetRipper_generated_CSharp/Assembly-CSharp/SummerWatermelonModel.cs,,SummerWatermelonModel.<>c__DisplayClass153_0,3879,public bool openPopup; // 0xC
code/AssetRipper_generated_CSharp/Assembly-CSharp/SummerWatermelonModel.cs,,SummerWatermelonModel.<>c__DisplayClass153_1,3880,public SummerWatermelonTwentyThreePackageConfig config; // 0x8
code/AssetRipper_generated_CSharp/Assembly-CSharp/SummerWatermelonModel.cs,,SummerWatermelonModel.<>c__DisplayClass154_0,3881,public int index; // 0x8
code/AssetRipper_generated_CSharp/Assembly-CSharp/SummerWatermelonModel.cs,,SummerWatermelonModel.<>c__DisplayClass154_0,3881,public SummerWatermelonTwentyThreePackageReward _curGiftBagData; // 0xC
code/AssetRipper_generated_CSharp/Assembly-CSharp/SummerWatermelonModel.cs,,SummerWatermelonModel.<>c__DisplayClass154_0,3881,public SummerWatermelonModel <>4__this; // 0x10
code/AssetRipper_generated_CSharp/Assembly-CSharp/SummerWatermelonModel.cs,,SummerWatermelonModel.<>c__DisplayClass50_0,3882,public int maxNum; // 0x8
code/AssetRipper_generated_CSharp/Assembly-CSharp/SummerWatermelonModel.cs,,SummerWatermelonModel.<>c__DisplayClass50_0,3882,public SummerWatermelonModel <>4__this; // 0xC
code/AssetRipper_generated_CSharp/Assembly-CSharp/SummerWatermelonModel.cs,,SummerWatermelonModel.<>c__DisplayClass50_0,3882,public int rewardNum; // 0x10
code/AssetRipper_generated_CSharp/Assembly-CSharp/SummerWatermelonModel.cs,,SummerWatermelonModel.<>c__DisplayClass50_1,3883,public int currentNum; // 0x8
code/AssetRipper_generated_CSharp/Assembly-CSharp/SummerWatermelonModel.cs,,SummerWatermelonModel.<>c__DisplayClass50_1,3883,public SummerWatermelonModel.<>c__DisplayClass50_0 CS$<>8__locals1; // 0xC
code/AssetRipper_generated_CSharp/Assembly-CSharp/SummerWatermelonModel.cs,,SummerWatermelonModel.<>c__DisplayClass54_0,3884,public Vector3 position; // 0x8
code/AssetRipper_generated_CSharp/Assembly-CSharp/SummerWatermelonModel.cs,,SummerWatermelonModel.<>c__DisplayClass54_0,3884,public Action action; // 0x14
code/AssetRipper_generated_CSharp/Assembly-CSharp/SummerWatermelonModel.cs,,SummerWatermelonModel.<>c__DisplayClass87_0,3885,public SummerWatermelonModel <>4__this; // 0x8
code/AssetRipper_generated_CSharp/Assembly-CSharp/SummerWatermelonModel.cs,,SummerWatermelonModel.<>c__DisplayClass87_0,3885,public TableMergeItem itemConfig; // 0xC
code/AssetRipper_generated_CSharp/Assembly-CSharp/SummerWatermelonModel.cs,,SummerWatermelonModel.<>c__DisplayClass88_0,3886,public List<ResData> rewardsList; // 0x8
code/AssetRipper_generated_CSharp/Assembly-CSharp/SummerWatermelonModel.cs,,SummerWatermelonModel.<>c__DisplayClass88_0,3886,public TaskCompletionSource<bool> taskRewardCollect; // 0xC
code/AssetRipper_generated_CSharp/Assembly-CSharp/SummerWatermelonModel.cs,,SummerWatermelonModel.<OnNewItem>d__87,3887,public int <>1__state; // 0x0
code/AssetRipper_generated_CSharp/Assembly-CSharp/SummerWatermelonModel.cs,,SummerWatermelonModel.<OnNewItem>d__87,3887,public AsyncVoidMethodBuilder <>t__builder; // 0x4
code/AssetRipper_generated_CSharp/Assembly-CSharp/SummerWatermelonModel.cs,,SummerWatermelonModel.<OnNewItem>d__87,3887,public SummerWatermelonModel <>4__this; // 0x14
code/AssetRipper_generated_CSharp/Assembly-CSharp/SummerWatermelonModel.cs,,SummerWatermelonModel.<OnNewItem>d__87,3887,public int id; // 0x18
code/AssetRipper_generated_CSharp/Assembly-CSharp/SummerWatermelonModel.cs,,SummerWatermelonModel.<OnNewItem>d__87,3887,public RefreshItemSource source; // 0x1C
code/AssetRipper_generated_CSharp/Assembly-CSharp/SummerWatermelonModel.cs,,SummerWatermelonModel.<OnNewItem>d__87,3887,private SummerWatermelonModel.<>c__DisplayClass87_0 <>8__1; // 0x20
code/AssetRipper_generated_CSharp/Assembly-CSharp/SummerWatermelonModel.cs,,SummerWatermelonModel.<OnNewItem>d__87,3887,private TaskAwaiter <>u__1; // 0x24
code/AssetRipper_generated_CSharp/Assembly-CSharp/SummerWatermelonModel.cs,,SummerWatermelonModel.<OnNewItem>d__87,3887,private TaskAwaiter<bool> <>u__2; // 0x28
code/AssetRipper_generated_CSharp/Assembly-CSharp/Activity/SummerWatermelon_23/SummerWatermelonModel.cs,Activity.SummerWatermelon_23,SummerWatermelonModel,3888,public static bool InGuideChain; // 0x0
code/AssetRipper_generated_CSharp/Assembly-CSharp/Activity/SummerWatermelon_23/SummerWatermelonModel.cs,Activity.SummerWatermelon_23,SummerWatermelonModel,3888,public const int BOARD_WIDTH = 6;
code/AssetRipper_generated_CSharp/Assembly-CSharp/Activity/SummerWatermelon_23/SummerWatermelonModel.cs,Activity.SummerWatermelon_23,SummerWatermelonModel,3888,public const int BOARD_HEIGHT = 14;
code/AssetRipper_generated_CSharp/Assembly-CSharp/Activity/SummerWatermelon_23/SummerWatermelonModel.cs,Activity.SummerWatermelon_23,SummerWatermelonModel,3888,private static SummerWatermelonModel _instance; // 0x4
code/AssetRipper_generated_CSharp/Assembly-CSharp/Activity/SummerWatermelon_23/SummerWatermelonModel.cs,Activity.SummerWatermelon_23,SummerWatermelonModel,3888,"private Dictionary<int, SummerWatermelonTwentyThreeProductConfig> _summerWatermelonProductConfig; // 0x3C"
code/AssetRipper_generated_CSharp/Assembly-CSharp/Activity/SummerWatermelon_23/SummerWatermelonModel.cs,Activity.SummerWatermelon_23,SummerWatermelonModel,3888,"private Dictionary<int, SummerWatermelonTwentyThreeFirstTimeRewardConfig> _summerWatermelonFirstTimeRewardConfig; // 0x40"
code/AssetRipper_generated_CSharp/Assembly-CSharp/Activity/SummerWatermelon_23/SummerWatermelonModel.cs,Activity.SummerWatermelon_23,SummerWatermelonModel,3888,"private Dictionary<int, SummerWatermelonTwentyThreeMergeRewardConfig> _summerWatermelonMergeRewardConfig; // 0x44"
code/AssetRipper_generated_CSharp/Assembly-CSharp/Activity/SummerWatermelon_23/SummerWatermelonModel.cs,Activity.SummerWatermelon_23,SummerWatermelonModel,3888,"private Dictionary<int, TableMergeItem> _mergeItemDictionary; // 0x48"
code/AssetRipper_generated_CSharp/Assembly-CSharp/Activity/SummerWatermelon_23/SummerWatermelonModel.cs,Activity.SummerWatermelon_23,SummerWatermelonModel,3888,public int UnSetItemsCount; // 0x4C
code/AssetRipper_generated_CSharp/Assembly-CSharp/Activity/SummerWatermelon_23/SummerWatermelonModel.cs,Activity.SummerWatermelon_23,SummerWatermelonModel,3888,public const ulong Offset = 0;
code/AssetRipper_generated_CSharp/Assembly-CSharp/Activity/SummerWatermelon_23/SummerWatermelonModel.cs,Activity.SummerWatermelon_23,SummerWatermelonModel,3888,private bool _isInit; // 0x50
code/AssetRipper_generated_CSharp/Assembly-CSharp/Activity/SummerWatermelon_23/SummerWatermelonModel.cs,Activity.SummerWatermelon_23,SummerWatermelonModel,3888,private static GameObject _flyItemObj; // 0x8
code/AssetRipper_generated_CSharp/Assembly-CSharp/Activity/SummerWatermelon_23/SummerWatermelonModel.cs,Activity.SummerWatermelon_23,SummerWatermelonModel,3888,private bool _lastActivityOpenState; // 0x51
code/AssetRipper_generated_CSharp/Assembly-CSharp/Activity/SummerWatermelon_23/SummerWatermelonModel.cs,Activity.SummerWatermelon_23,SummerWatermelonModel,3888,private bool <ShowIllustratedRedPoint>k__BackingField; // 0x52
code/AssetRipper_generated_CSharp/Assembly-CSharp/Activity/SummerWatermelon_23/SummerWatermelonModel.cs,Activity.SummerWatermelon_23,SummerWatermelonModel,3888,public static string battlePassCoolTimeKey; // 0xC
code/AssetRipper_generated_CSharp/Assembly-CSharp/Activity/SummerWatermelon_23/SummerWatermelonModel.cs,Activity.SummerWatermelon_23,SummerWatermelonModel,3888,private int _redPointNum; // 0x54
code/AssetRipper_generated_CSharp/Assembly-CSharp/Activity/SummerWatermelon_23/SummerWatermelonModel.cs,Activity.SummerWatermelon_23,SummerWatermelonModel,3888,public static string packageCoolTimeKey; // 0x10
code/AssetRipper_generated_CSharp/Assembly-CSharp/Activity/SummerWatermelon_23/SummerWatermelonModel.cs,Activity.SummerWatermelon_23,SummerWatermelonModel,3888,public static string newpackageCoolTimeKey; // 0x14
code/AssetRipper_generated_CSharp/Assembly-CSharp/SummerWatermelonModel.cs,,SummerWatermelonModel.<>c,3944,public static readonly SummerWatermelonModel.<>c <>9; // 0x0
code/AssetRipper_generated_CSharp/Assembly-CSharp/SummerWatermelonModel.cs,,SummerWatermelonModel.<>c,3944,public static Action <>9__168_0; // 0x4
code/AssetRipper_generated_CSharp/Assembly-CSharp/SummerWatermelonModel.cs,,SummerWatermelonModel.<>c,3944,public static Predicate<SummerWatermelonTwentySixPackageConfig> <>9__171_0; // 0x8
code/AssetRipper_generated_CSharp/Assembly-CSharp/SummerWatermelonModel.cs,,SummerWatermelonModel.<>c__DisplayClass142_0,3945,public BattlePassTwentySix config; // 0x8
code/AssetRipper_generated_CSharp/Assembly-CSharp/SummerWatermelonModel.cs,,SummerWatermelonModel.<>c__DisplayClass170_0,3946,public SummerWatermelonModel <>4__this; // 0x8
code/AssetRipper_generated_CSharp/Assembly-CSharp/SummerWatermelonModel.cs,,SummerWatermelonModel.<>c__DisplayClass170_0,3946,public bool openPopup; // 0xC
code/AssetRipper_generated_CSharp/Assembly-CSharp/SummerWatermelonModel.cs,,SummerWatermelonModel.<>c__DisplayClass170_1,3947,public SummerWatermelonTwentySixPackageConfig config; // 0x8
code/AssetRipper_generated_CSharp/Assembly-CSharp/SummerWatermelonModel.cs,,SummerWatermelonModel.<>c__DisplayClass171_0,3948,public int index; // 0x8
code/AssetRipper_generated_CSharp/Assembly-CSharp/SummerWatermelonModel.cs,,SummerWatermelonModel.<>c__DisplayClass171_0,3948,public SummerWatermelonTwentySixPackageReward _curGiftBagData; // 0xC
code/AssetRipper_generated_CSharp/Assembly-CSharp/SummerWatermelonModel.cs,,SummerWatermelonModel.<>c__DisplayClass171_0,3948,public SummerWatermelonModel <>4__this; // 0x10
code/AssetRipper_generated_CSharp/Assembly-CSharp/SummerWatermelonModel.cs,,SummerWatermelonModel.<>c__DisplayClass52_0,3949,public int maxNum; // 0x8
code/AssetRipper_generated_CSharp/Assembly-CSharp/SummerWatermelonModel.cs,,SummerWatermelonModel.<>c__DisplayClass52_0,3949,public SummerWatermelonModel <>4__this; // 0xC
code/AssetRipper_generated_CSharp/Assembly-CSharp/SummerWatermelonModel.cs,,SummerWatermelonModel.<>c__DisplayClass52_0,3949,public int rewardNum; // 0x10
code/AssetRipper_generated_CSharp/Assembly-CSharp/SummerWatermelonModel.cs,,SummerWatermelonModel.<>c__DisplayClass52_1,3950,public int currentNum; // 0x8
code/AssetRipper_generated_CSharp/Assembly-CSharp/SummerWatermelonModel.cs,,SummerWatermelonModel.<>c__DisplayClass52_1,3950,public SummerWatermelonModel.<>c__DisplayClass52_0 CS$<>8__locals1; // 0xC
code/AssetRipper_generated_CSharp/Assembly-CSharp/SummerWatermelonModel.cs,,SummerWatermelonModel.<>c__DisplayClass56_0,3951,public Vector3 position; // 0x8
code/AssetRipper_generated_CSharp/Assembly-CSharp/SummerWatermelonModel.cs,,SummerWatermelonModel.<>c__DisplayClass56_0,3951,public Action action; // 0x14
code/AssetRipper_generated_CSharp/Assembly-CSharp/SummerWatermelonModel.cs,,SummerWatermelonModel.<>c__DisplayClass98_0,3952,public SummerWatermelonModel <>4__this; // 0x8
code/AssetRipper_generated_CSharp/Assembly-CSharp/SummerWatermelonModel.cs,,SummerWatermelonModel.<>c__DisplayClass98_0,3952,public TableMergeItem itemConfig; // 0xC
code/AssetRipper_generated_CSharp/Assembly-CSharp/SummerWatermelonModel.cs,,SummerWatermelonModel.<>c__DisplayClass99_0,3953,public List<ResData> rewardsList; // 0x8
code/AssetRipper_generated_CSharp/Assembly-CSharp/SummerWatermelonModel.cs,,SummerWatermelonModel.<>c__DisplayClass99_0,3953,public TaskCompletionSource<bool> taskRewardCollect; // 0xC
code/AssetRipper_generated_CSharp/Assembly-CSharp/SummerWatermelonModel.cs,,SummerWatermelonModel.<OnNewItem>d__98,3954,public int <>1__state; // 0x0
code/AssetRipper_generated_CSharp/Assembly-CSharp/SummerWatermelonModel.cs,,SummerWatermelonModel.<OnNewItem>d__98,3954,public AsyncVoidMethodBuilder <>t__builder; // 0x4
code/AssetRipper_generated_CSharp/Assembly-CSharp/SummerWatermelonModel.cs,,SummerWatermelonModel.<OnNewItem>d__98,3954,public SummerWatermelonModel <>4__this; // 0x14
code/AssetRipper_generated_CSharp/Assembly-CSharp/SummerWatermelonModel.cs,,SummerWatermelonModel.<OnNewItem>d__98,3954,public int id; // 0x18
code/AssetRipper_generated_CSharp/Assembly-CSharp/SummerWatermelonModel.cs,,SummerWatermelonModel.<OnNewItem>d__98,3954,public RefreshItemSource source; // 0x1C
code/AssetRipper_generated_CSharp/Assembly-CSharp/SummerWatermelonModel.cs,,SummerWatermelonModel.<OnNewItem>d__98,3954,public Vector3 startPos; // 0x20
code/AssetRipper_generated_CSharp/Assembly-CSharp/SummerWatermelonModel.cs,,SummerWatermelonModel.<OnNewItem>d__98,3954,private SummerWatermelonModel.<>c__DisplayClass98_0 <>8__1; // 0x2C
code/AssetRipper_generated_CSharp/Assembly-CSharp/SummerWatermelonModel.cs,,SummerWatermelonModel.<OnNewItem>d__98,3954,private TaskAwaiter <>u__1; // 0x30
code/AssetRipper_generated_CSharp/Assembly-CSharp/SummerWatermelonModel.cs,,SummerWatermelonModel.<OnNewItem>d__98,3954,private TaskAwaiter<bool> <>u__2; // 0x34
code/AssetRipper_generated_CSharp/Assembly-CSharp/Activity/SummerWatermelon_26/SummerWatermelonModel.cs,Activity.SummerWatermelon_26,SummerWatermelonModel,3955,public static bool InGuideChain; // 0x0
code/AssetRipper_generated_CSharp/Assembly-CSharp/Activity/SummerWatermelon_26/SummerWatermelonModel.cs,Activity.SummerWatermelon_26,SummerWatermelonModel,3955,public const int BOARD_WIDTH = 5;
code/AssetRipper_generated_CSharp/Assembly-CSharp/Activity/SummerWatermelon_26/SummerWatermelonModel.cs,Activity.SummerWatermelon_26,SummerWatermelonModel,3955,public const int BOARD_HEIGHT = 5;
code/AssetRipper_generated_CSharp/Assembly-CSharp/Activity/SummerWatermelon_26/SummerWatermelonModel.cs,Activity.SummerWatermelon_26,SummerWatermelonModel,3955,public const int BOARD_WIDTH_BIG = 6;
code/AssetRipper_generated_CSharp/Assembly-CSharp/Activity/SummerWatermelon_26/SummerWatermelonModel.cs,Activity.SummerWatermelon_26,SummerWatermelonModel,3955,public const int BOARD_HEIGHT_BIG = 8;
code/AssetRipper_generated_CSharp/Assembly-CSharp/Activity/SummerWatermelon_26/SummerWatermelonModel.cs,Activity.SummerWatermelon_26,SummerWatermelonModel,3955,private static SummerWatermelonModel _instance; // 0x4
code/AssetRipper_generated_CSharp/Assembly-CSharp/Activity/SummerWatermelon_26/SummerWatermelonModel.cs,Activity.SummerWatermelon_26,SummerWatermelonModel,3955,"private Dictionary<int, SummerWatermelonTwentySixProductConfig> _summerWatermelonProductConfig; // 0x3C"
code/AssetRipper_generated_CSharp/Assembly-CSharp/Activity/SummerWatermelon_26/SummerWatermelonModel.cs,Activity.SummerWatermelon_26,SummerWatermelonModel,3955,"private Dictionary<int, SummerWatermelonTwentySixFirstTimeRewardConfig> _summerWatermelonFirstTimeRewardConfig; // 0x40"
code/AssetRipper_generated_CSharp/Assembly-CSharp/Activity/SummerWatermelon_26/SummerWatermelonModel.cs,Activity.SummerWatermelon_26,SummerWatermelonModel,3955,"private Dictionary<int, SummerWatermelonTwentySixMergeRewardConfig> _summerWatermelonMergeRewardConfig; // 0x44"
code/AssetRipper_generated_CSharp/Assembly-CSharp/Activity/SummerWatermelon_26/SummerWatermelonModel.cs,Activity.SummerWatermelon_26,SummerWatermelonModel,3955,"private Dictionary<int, TableMergeItem> _mergeItemDictionary; // 0x48"
code/AssetRipper_generated_CSharp/Assembly-CSharp/Activity/SummerWatermelon_26/SummerWatermelonModel.cs,Activity.SummerWatermelon_26,SummerWatermelonModel,3955,public int UnSetItemsCount; // 0x4C
code/AssetRipper_generated_CSharp/Assembly-CSharp/Activity/SummerWatermelon_26/SummerWatermelonModel.cs,Activity.SummerWatermelon_26,SummerWatermelonModel,3955,public const ulong Offset = 0;
code/AssetRipper_generated_CSharp/Assembly-CSharp/Activity/SummerWatermelon_26/SummerWatermelonModel.cs,Activity.SummerWatermelon_26,SummerWatermelonModel,3955,private bool _isInit; // 0x50
code/AssetRipper_generated_CSharp/Assembly-CSharp/Activity/SummerWatermelon_26/SummerWatermelonModel.cs,Activity.SummerWatermelon_26,SummerWatermelonModel,3955,private static GameObject _flyItemObj; // 0x8
code/AssetRipper_generated_CSharp/Assembly-CSharp/Activity/SummerWatermelon_26/SummerWatermelonModel.cs,Activity.SummerWatermelon_26,SummerWatermelonModel,3955,private bool _lastActivityOpenState; // 0x51
code/AssetRipper_generated_CSharp/Assembly-CSharp/Activity/SummerWatermelon_26/SummerWatermelonModel.cs,Activity.SummerWatermelon_26,SummerWatermelonModel,3955,private bool <ShowIllustratedRedPoint>k__BackingField; // 0x52
code/AssetRipper_generated_CSharp/Assembly-CSharp/Activity/SummerWatermelon_26/SummerWatermelonModel.cs,Activity.SummerWatermelon_26,SummerWatermelonModel,3955,public static string battlePassCoolTimeKey; // 0xC
code/AssetRipper_generated_CSharp/Assembly-CSharp/Activity/SummerWatermelon_26/SummerWatermelonModel.cs,Activity.SummerWatermelon_26,SummerWatermelonModel,3955,private int _redPointNum; // 0x54
code/AssetRipper_generated_CSharp/Assembly-CSharp/Activity/SummerWatermelon_26/SummerWatermelonModel.cs,Activity.SummerWatermelon_26,SummerWatermelonModel,3955,public static string packageCoolTimeKey; // 0x10
code/AssetRipper_generated_CSharp/Assembly-CSharp/Activity/SummerWatermelon_26/SummerWatermelonModel.cs,Activity.SummerWatermelon_26,SummerWatermelonModel,3955,public static string newpackageCoolTimeKey; // 0x14
code/AssetRipper_generated_CSharp/Assembly-CSharp/SummerWatermelonModel.cs,,SummerWatermelonModel.<>c,4012,public static readonly SummerWatermelonModel.<>c <>9; // 0x0
code/AssetRipper_generated_CSharp/Assembly-CSharp/SummerWatermelonModel.cs,,SummerWatermelonModel.<>c,4012,public static Predicate<SummerWatermelonTwentySevenPackageConfig> <>9__154_0; // 0x4
code/AssetRipper_generated_CSharp/Assembly-CSharp/SummerWatermelonModel.cs,,SummerWatermelonModel.<>c,4012,public static Action <>9__170_0; // 0x8
code/AssetRipper_generated_CSharp/Assembly-CSharp/SummerWatermelonModel.cs,,SummerWatermelonModel.<>c__DisplayClass132_0,4013,public BattlePassTwentySeven config; // 0x8
code/AssetRipper_generated_CSharp/Assembly-CSharp/SummerWatermelonModel.cs,,SummerWatermelonModel.<>c__DisplayClass153_0,4014,public SummerWatermelonModel <>4__this; // 0x8
code/AssetRipper_generated_CSharp/Assembly-CSharp/SummerWatermelonModel.cs,,SummerWatermelonModel.<>c__DisplayClass153_0,4014,public bool openPopup; // 0xC
code/AssetRipper_generated_CSharp/Assembly-CSharp/SummerWatermelonModel.cs,,SummerWatermelonModel.<>c__DisplayClass153_1,4015,public SummerWatermelonTwentySevenPackageConfig config; // 0x8
code/AssetRipper_generated_CSharp/Assembly-CSharp/SummerWatermelonModel.cs,,SummerWatermelonModel.<>c__DisplayClass154_0,4016,public int index; // 0x8
code/AssetRipper_generated_CSharp/Assembly-CSharp/SummerWatermelonModel.cs,,SummerWatermelonModel.<>c__DisplayClass154_0,4016,public SummerWatermelonTwentySevenPackageReward _curGiftBagData; // 0xC
code/AssetRipper_generated_CSharp/Assembly-CSharp/SummerWatermelonModel.cs,,SummerWatermelonModel.<>c__DisplayClass154_0,4016,public SummerWatermelonModel <>4__this; // 0x10
code/AssetRipper_generated_CSharp/Assembly-CSharp/SummerWatermelonModel.cs,,SummerWatermelonModel.<>c__DisplayClass50_0,4017,public int maxNum; // 0x8
code/AssetRipper_generated_CSharp/Assembly-CSharp/SummerWatermelonModel.cs,,SummerWatermelonModel.<>c__DisplayClass50_0,4017,public SummerWatermelonModel <>4__this; // 0xC
code/AssetRipper_generated_CSharp/Assembly-CSharp/SummerWatermelonModel.cs,,SummerWatermelonModel.<>c__DisplayClass50_0,4017,public int rewardNum; // 0x10
code/AssetRipper_generated_CSharp/Assembly-CSharp/SummerWatermelonModel.cs,,SummerWatermelonModel.<>c__DisplayClass50_1,4018,public int currentNum; // 0x8
code/AssetRipper_generated_CSharp/Assembly-CSharp/SummerWatermelonModel.cs,,SummerWatermelonModel.<>c__DisplayClass50_1,4018,public SummerWatermelonModel.<>c__DisplayClass50_0 CS$<>8__locals1; // 0xC
code/AssetRipper_generated_CSharp/Assembly-CSharp/SummerWatermelonModel.cs,,SummerWatermelonModel.<>c__DisplayClass54_0,4019,public Vector3 position; // 0x8
code/AssetRipper_generated_CSharp/Assembly-CSharp/SummerWatermelonModel.cs,,SummerWatermelonModel.<>c__DisplayClass54_0,4019,public Action action; // 0x14
code/AssetRipper_generated_CSharp/Assembly-CSharp/SummerWatermelonModel.cs,,SummerWatermelonModel.<>c__DisplayClass87_0,4020,public SummerWatermelonModel <>4__this; // 0x8
code/AssetRipper_generated_CSharp/Assembly-CSharp/SummerWatermelonModel.cs,,SummerWatermelonModel.<>c__DisplayClass87_0,4020,public TableMergeItem itemConfig; // 0xC
code/AssetRipper_generated_CSharp/Assembly-CSharp/SummerWatermelonModel.cs,,SummerWatermelonModel.<>c__DisplayClass88_0,4021,public List<ResData> rewardsList; // 0x8
code/AssetRipper_generated_CSharp/Assembly-CSharp/SummerWatermelonModel.cs,,SummerWatermelonModel.<>c__DisplayClass88_0,4021,public TaskCompletionSource<bool> taskRewardCollect; // 0xC
code/AssetRipper_generated_CSharp/Assembly-CSharp/SummerWatermelonModel.cs,,SummerWatermelonModel.<OnNewItem>d__87,4022,public int <>1__state; // 0x0
code/AssetRipper_generated_CSharp/Assembly-CSharp/SummerWatermelonModel.cs,,SummerWatermelonModel.<OnNewItem>d__87,4022,public AsyncVoidMethodBuilder <>t__builder; // 0x4
code/AssetRipper_generated_CSharp/Assembly-CSharp/SummerWatermelonModel.cs,,SummerWatermelonModel.<OnNewItem>d__87,4022,public SummerWatermelonModel <>4__this; // 0x14
code/AssetRipper_generated_CSharp/Assembly-CSharp/SummerWatermelonModel.cs,,SummerWatermelonModel.<OnNewItem>d__87,4022,public int id; // 0x18
code/AssetRipper_generated_CSharp/Assembly-CSharp/SummerWatermelonModel.cs,,SummerWatermelonModel.<OnNewItem>d__87,4022,public RefreshItemSource source; // 0x1C
code/AssetRipper_generated_CSharp/Assembly-CSharp/SummerWatermelonModel.cs,,SummerWatermelonModel.<OnNewItem>d__87,4022,private SummerWatermelonModel.<>c__DisplayClass87_0 <>8__1; // 0x20
code/AssetRipper_generated_CSharp/Assembly-CSharp/SummerWatermelonModel.cs,,SummerWatermelonModel.<OnNewItem>d__87,4022,private TaskAwaiter <>u__1; // 0x24
code/AssetRipper_generated_CSharp/Assembly-CSharp/SummerWatermelonModel.cs,,SummerWatermelonModel.<OnNewItem>d__87,4022,private TaskAwaiter<bool> <>u__2; // 0x28
code/AssetRipper_generated_CSharp/Assembly-CSharp/Activity/SummerWatermelon_27/SummerWatermelonModel.cs,Activity.SummerWatermelon_27,SummerWatermelonModel,4023,public static bool InGuideChain; // 0x0
code/AssetRipper_generated_CSharp/Assembly-CSharp/Activity/SummerWatermelon_27/SummerWatermelonModel.cs,Activity.SummerWatermelon_27,SummerWatermelonModel,4023,public const int BOARD_WIDTH = 6;
code/AssetRipper_generated_CSharp/Assembly-CSharp/Activity/SummerWatermelon_27/SummerWatermelonModel.cs,Activity.SummerWatermelon_27,SummerWatermelonModel,4023,public const int BOARD_HEIGHT = 14;
code/AssetRipper_generated_CSharp/Assembly-CSharp/Activity/SummerWatermelon_27/SummerWatermelonModel.cs,Activity.SummerWatermelon_27,SummerWatermelonModel,4023,private static SummerWatermelonModel _instance; // 0x4
code/AssetRipper_generated_CSharp/Assembly-CSharp/Activity/SummerWatermelon_27/SummerWatermelonModel.cs,Activity.SummerWatermelon_27,SummerWatermelonModel,4023,"private Dictionary<int, SummerWatermelonTwentySevenProductConfig> _summerWatermelonProductConfig; // 0x3C"
code/AssetRipper_generated_CSharp/Assembly-CSharp/Activity/SummerWatermelon_27/SummerWatermelonModel.cs,Activity.SummerWatermelon_27,SummerWatermelonModel,4023,"private Dictionary<int, SummerWatermelonTwentySevenFirstTimeRewardConfig> _summerWatermelonFirstTimeRewardConfig; // 0x40"
code/AssetRipper_generated_CSharp/Assembly-CSharp/Activity/SummerWatermelon_27/SummerWatermelonModel.cs,Activity.SummerWatermelon_27,SummerWatermelonModel,4023,"private Dictionary<int, SummerWatermelonTwentySevenMergeRewardConfig> _summerWatermelonMergeRewardConfig; // 0x44"
code/AssetRipper_generated_CSharp/Assembly-CSharp/Activity/SummerWatermelon_27/SummerWatermelonModel.cs,Activity.SummerWatermelon_27,SummerWatermelonModel,4023,"private Dictionary<int, TableMergeItem> _mergeItemDictionary; // 0x48"
code/AssetRipper_generated_CSharp/Assembly-CSharp/Activity/SummerWatermelon_27/SummerWatermelonModel.cs,Activity.SummerWatermelon_27,SummerWatermelonModel,4023,public int UnSetItemsCount; // 0x4C
code/AssetRipper_generated_CSharp/Assembly-CSharp/Activity/SummerWatermelon_27/SummerWatermelonModel.cs,Activity.SummerWatermelon_27,SummerWatermelonModel,4023,public const ulong Offset = 0;
code/AssetRipper_generated_CSharp/Assembly-CSharp/Activity/SummerWatermelon_27/SummerWatermelonModel.cs,Activity.SummerWatermelon_27,SummerWatermelonModel,4023,private bool _isInit; // 0x50
code/AssetRipper_generated_CSharp/Assembly-CSharp/Activity/SummerWatermelon_27/SummerWatermelonModel.cs,Activity.SummerWatermelon_27,SummerWatermelonModel,4023,private static GameObject _flyItemObj; // 0x8
code/AssetRipper_generated_CSharp/Assembly-CSharp/Activity/SummerWatermelon_27/SummerWatermelonModel.cs,Activity.SummerWatermelon_27,SummerWatermelonModel,4023,private bool _lastActivityOpenState; // 0x51
code/AssetRipper_generated_CSharp/Assembly-CSharp/Activity/SummerWatermelon_27/SummerWatermelonModel.cs,Activity.SummerWatermelon_27,SummerWatermelonModel,4023,private bool <ShowIllustratedRedPoint>k__BackingField; // 0x52
code/AssetRipper_generated_CSharp/Assembly-CSharp/Activity/SummerWatermelon_27/SummerWatermelonModel.cs,Activity.SummerWatermelon_27,SummerWatermelonModel,4023,public static string battlePassCoolTimeKey; // 0xC
code/AssetRipper_generated_CSharp/Assembly-CSharp/Activity/SummerWatermelon_27/SummerWatermelonModel.cs,Activity.SummerWatermelon_27,SummerWatermelonModel,4023,private int _redPointNum; // 0x54
code/AssetRipper_generated_CSharp/Assembly-CSharp/Activity/SummerWatermelon_27/SummerWatermelonModel.cs,Activity.SummerWatermelon_27,SummerWatermelonModel,4023,public static string packageCoolTimeKey; // 0x10
code/AssetRipper_generated_CSharp/Assembly-CSharp/Activity/SummerWatermelon_27/SummerWatermelonModel.cs,Activity.SummerWatermelon_27,SummerWatermelonModel,4023,public static string newpackageCoolTimeKey; // 0x14
code/AssetRipper_generated_CSharp/Assembly-CSharp/SummerWatermelonModel.cs,,SummerWatermelonModel.<>c,4079,public static readonly SummerWatermelonModel.<>c <>9; // 0x0
code/AssetRipper_generated_CSharp/Assembly-CSharp/SummerWatermelonModel.cs,,SummerWatermelonModel.<>c,4079,public static Action <>9__165_0; // 0x4
code/AssetRipper_generated_CSharp/Assembly-CSharp/SummerWatermelonModel.cs,,SummerWatermelonModel.<>c,4079,public static Predicate<SummerWatermelonTwentyOnePackageConfig> <>9__168_0; // 0x8
code/AssetRipper_generated_CSharp/Assembly-CSharp/SummerWatermelonModel.cs,,SummerWatermelonModel.<>c__DisplayClass141_0,4080,public BattlePassTwentyOne config; // 0x8
code/AssetRipper_generated_CSharp/Assembly-CSharp/SummerWatermelonModel.cs,,SummerWatermelonModel.<>c__DisplayClass167_0,4081,public SummerWatermelonModel <>4__this; // 0x8
code/AssetRipper_generated_CSharp/Assembly-CSharp/SummerWatermelonModel.cs,,SummerWatermelonModel.<>c__DisplayClass167_0,4081,public bool openPopup; // 0xC
code/AssetRipper_generated_CSharp/Assembly-CSharp/SummerWatermelonModel.cs,,SummerWatermelonModel.<>c__DisplayClass167_1,4082,public SummerWatermelonTwentyOnePackageConfig config; // 0x8
code/AssetRipper_generated_CSharp/Assembly-CSharp/SummerWatermelonModel.cs,,SummerWatermelonModel.<>c__DisplayClass168_0,4083,public int index; // 0x8
code/AssetRipper_generated_CSharp/Assembly-CSharp/SummerWatermelonModel.cs,,SummerWatermelonModel.<>c__DisplayClass168_0,4083,public SummerWatermelonTwentyOnePackageReward _curGiftBagData; // 0xC
code/AssetRipper_generated_CSharp/Assembly-CSharp/SummerWatermelonModel.cs,,SummerWatermelonModel.<>c__DisplayClass168_0,4083,public SummerWatermelonModel <>4__this; // 0x10
code/AssetRipper_generated_CSharp/Assembly-CSharp/SummerWatermelonModel.cs,,SummerWatermelonModel.<>c__DisplayClass52_0,4084,public int maxNum; // 0x8
code/AssetRipper_generated_CSharp/Assembly-CSharp/SummerWatermelonModel.cs,,SummerWatermelonModel.<>c__DisplayClass52_0,4084,public SummerWatermelonModel <>4__this; // 0xC
code/AssetRipper_generated_CSharp/Assembly-CSharp/SummerWatermelonModel.cs,,SummerWatermelonModel.<>c__DisplayClass52_0,4084,public int rewardNum; // 0x10
code/AssetRipper_generated_CSharp/Assembly-CSharp/SummerWatermelonModel.cs,,SummerWatermelonModel.<>c__DisplayClass52_1,4085,public int currentNum; // 0x8
code/AssetRipper_generated_CSharp/Assembly-CSharp/SummerWatermelonModel.cs,,SummerWatermelonModel.<>c__DisplayClass52_1,4085,public SummerWatermelonModel.<>c__DisplayClass52_0 CS$<>8__locals1; // 0xC
code/AssetRipper_generated_CSharp/Assembly-CSharp/SummerWatermelonModel.cs,,SummerWatermelonModel.<>c__DisplayClass56_0,4086,public Vector3 position; // 0x8
code/AssetRipper_generated_CSharp/Assembly-CSharp/SummerWatermelonModel.cs,,SummerWatermelonModel.<>c__DisplayClass56_0,4086,public Action action; // 0x14
code/AssetRipper_generated_CSharp/Assembly-CSharp/SummerWatermelonModel.cs,,SummerWatermelonModel.<>c__DisplayClass98_0,4087,public SummerWatermelonModel <>4__this; // 0x8
code/AssetRipper_generated_CSharp/Assembly-CSharp/SummerWatermelonModel.cs,,SummerWatermelonModel.<>c__DisplayClass98_0,4087,public TableMergeItem itemConfig; // 0xC
code/AssetRipper_generated_CSharp/Assembly-CSharp/SummerWatermelonModel.cs,,SummerWatermelonModel.<>c__DisplayClass99_0,4088,public List<ResData> rewardsList; // 0x8
code/AssetRipper_generated_CSharp/Assembly-CSharp/SummerWatermelonModel.cs,,SummerWatermelonModel.<>c__DisplayClass99_0,4088,public TaskCompletionSource<bool> taskRewardCollect; // 0xC
code/AssetRipper_generated_CSharp/Assembly-CSharp/SummerWatermelonModel.cs,,SummerWatermelonModel.<OnNewItem>d__98,4089,public int <>1__state; // 0x0
code/AssetRipper_generated_CSharp/Assembly-CSharp/SummerWatermelonModel.cs,,SummerWatermelonModel.<OnNewItem>d__98,4089,public AsyncVoidMethodBuilder <>t__builder; // 0x4
code/AssetRipper_generated_CSharp/Assembly-CSharp/SummerWatermelonModel.cs,,SummerWatermelonModel.<OnNewItem>d__98,4089,public SummerWatermelonModel <>4__this; // 0x14
code/AssetRipper_generated_CSharp/Assembly-CSharp/SummerWatermelonModel.cs,,SummerWatermelonModel.<OnNewItem>d__98,4089,public int id; // 0x18
code/AssetRipper_generated_CSharp/Assembly-CSharp/SummerWatermelonModel.cs,,SummerWatermelonModel.<OnNewItem>d__98,4089,public RefreshItemSource source; // 0x1C
code/AssetRipper_generated_CSharp/Assembly-CSharp/SummerWatermelonModel.cs,,SummerWatermelonModel.<OnNewItem>d__98,4089,public Vector3 startPos; // 0x20
code/AssetRipper_generated_CSharp/Assembly-CSharp/SummerWatermelonModel.cs,,SummerWatermelonModel.<OnNewItem>d__98,4089,private SummerWatermelonModel.<>c__DisplayClass98_0 <>8__1; // 0x2C
code/AssetRipper_generated_CSharp/Assembly-CSharp/SummerWatermelonModel.cs,,SummerWatermelonModel.<OnNewItem>d__98,4089,private TaskAwaiter <>u__1; // 0x30
code/AssetRipper_generated_CSharp/Assembly-CSharp/SummerWatermelonModel.cs,,SummerWatermelonModel.<OnNewItem>d__98,4089,private TaskAwaiter<bool> <>u__2; // 0x34
code/AssetRipper_generated_CSharp/Assembly-CSharp/Activity/SummerWatermelon_21/SummerWatermelonModel.cs,Activity.SummerWatermelon_21,SummerWatermelonModel,4090,public static bool InGuideChain; // 0x0
code/AssetRipper_generated_CSharp/Assembly-CSharp/Activity/SummerWatermelon_21/SummerWatermelonModel.cs,Activity.SummerWatermelon_21,SummerWatermelonModel,4090,public const int BOARD_WIDTH = 5;
code/AssetRipper_generated_CSharp/Assembly-CSharp/Activity/SummerWatermelon_21/SummerWatermelonModel.cs,Activity.SummerWatermelon_21,SummerWatermelonModel,4090,public const int BOARD_HEIGHT = 5;
code/AssetRipper_generated_CSharp/Assembly-CSharp/Activity/SummerWatermelon_21/SummerWatermelonModel.cs,Activity.SummerWatermelon_21,SummerWatermelonModel,4090,public const int BOARD_WIDTH_BIG = 6;
code/AssetRipper_generated_CSharp/Assembly-CSharp/Activity/SummerWatermelon_21/SummerWatermelonModel.cs,Activity.SummerWatermelon_21,SummerWatermelonModel,4090,public const int BOARD_HEIGHT_BIG = 8;
code/AssetRipper_generated_CSharp/Assembly-CSharp/Activity/SummerWatermelon_21/SummerWatermelonModel.cs,Activity.SummerWatermelon_21,SummerWatermelonModel,4090,private static SummerWatermelonModel _instance; // 0x4
code/AssetRipper_generated_CSharp/Assembly-CSharp/Activity/SummerWatermelon_21/SummerWatermelonModel.cs,Activity.SummerWatermelon_21,SummerWatermelonModel,4090,"private Dictionary<int, SummerWatermelonTwentyOneProductConfig> _summerWatermelonProductConfig; // 0x3C"
code/AssetRipper_generated_CSharp/Assembly-CSharp/Activity/SummerWatermelon_21/SummerWatermelonModel.cs,Activity.SummerWatermelon_21,SummerWatermelonModel,4090,"private Dictionary<int, SummerWatermelonTwentyOneFirstTimeRewardConfig> _summerWatermelonFirstTimeRewardConfig; // 0x40"
code/AssetRipper_generated_CSharp/Assembly-CSharp/Activity/SummerWatermelon_21/SummerWatermelonModel.cs,Activity.SummerWatermelon_21,SummerWatermelonModel,4090,"private Dictionary<int, SummerWatermelonTwentyOneMergeRewardConfig> _summerWatermelonMergeRewardConfig; // 0x44"
code/AssetRipper_generated_CSharp/Assembly-CSharp/Activity/SummerWatermelon_21/SummerWatermelonModel.cs,Activity.SummerWatermelon_21,SummerWatermelonModel,4090,"private Dictionary<int, TableMergeItem> _mergeItemDictionary; // 0x48"
code/AssetRipper_generated_CSharp/Assembly-CSharp/Activity/SummerWatermelon_21/SummerWatermelonModel.cs,Activity.SummerWatermelon_21,SummerWatermelonModel,4090,public int UnSetItemsCount; // 0x4C
code/AssetRipper_generated_CSharp/Assembly-CSharp/Activity/SummerWatermelon_21/SummerWatermelonModel.cs,Activity.SummerWatermelon_21,SummerWatermelonModel,4090,public const ulong Offset = 0;
code/AssetRipper_generated_CSharp/Assembly-CSharp/Activity/SummerWatermelon_21/SummerWatermelonModel.cs,Activity.SummerWatermelon_21,SummerWatermelonModel,4090,private bool _isInit; // 0x50
code/AssetRipper_generated_CSharp/Assembly-CSharp/Activity/SummerWatermelon_21/SummerWatermelonModel.cs,Activity.SummerWatermelon_21,SummerWatermelonModel,4090,private static GameObject _flyItemObj; // 0x8
code/AssetRipper_generated_CSharp/Assembly-CSharp/Activity/SummerWatermelon_21/SummerWatermelonModel.cs,Activity.SummerWatermelon_21,SummerWatermelonModel,4090,private bool _lastActivityOpenState; // 0x51
code/AssetRipper_generated_CSharp/Assembly-CSharp/Activity/SummerWatermelon_21/SummerWatermelonModel.cs,Activity.SummerWatermelon_21,SummerWatermelonModel,4090,private bool <ShowIllustratedRedPoint>k__BackingField; // 0x52
code/AssetRipper_generated_CSharp/Assembly-CSharp/Activity/SummerWatermelon_21/SummerWatermelonModel.cs,Activity.SummerWatermelon_21,SummerWatermelonModel,4090,public static string battlePassCoolTimeKey; // 0xC
code/AssetRipper_generated_CSharp/Assembly-CSharp/Activity/SummerWatermelon_21/SummerWatermelonModel.cs,Activity.SummerWatermelon_21,SummerWatermelonModel,4090,private int _redPointNum; // 0x54
code/AssetRipper_generated_CSharp/Assembly-CSharp/Activity/SummerWatermelon_21/SummerWatermelonModel.cs,Activity.SummerWatermelon_21,SummerWatermelonModel,4090,public static string packageCoolTimeKey; // 0x10
code/AssetRipper_generated_CSharp/Assembly-CSharp/Activity/SummerWatermelon_21/SummerWatermelonModel.cs,Activity.SummerWatermelon_21,SummerWatermelonModel,4090,public static string newpackageCoolTimeKey; // 0x14
code/AssetRipper_generated_CSharp/Assembly-CSharp/SummerWatermelonModel.cs,,SummerWatermelonModel.<>c,4150,public static readonly SummerWatermelonModel.<>c <>9; // 0x0
code/AssetRipper_generated_CSharp/Assembly-CSharp/SummerWatermelonModel.cs,,SummerWatermelonModel.<>c,4150,public static Action <>9__168_0; // 0x4
code/AssetRipper_generated_CSharp/Assembly-CSharp/SummerWatermelonModel.cs,,SummerWatermelonModel.<>c,4150,public static Predicate<SummerWatermelonTwentyFourPackageConfig> <>9__171_0; // 0x8
code/AssetRipper_generated_CSharp/Assembly-CSharp/SummerWatermelonModel.cs,,SummerWatermelonModel.<>c__DisplayClass142_0,4151,public BattlePassTwentyFour config; // 0x8
code/AssetRipper_generated_CSharp/Assembly-CSharp/SummerWatermelonModel.cs,,SummerWatermelonModel.<>c__DisplayClass170_0,4152,public SummerWatermelonModel <>4__this; // 0x8
code/AssetRipper_generated_CSharp/Assembly-CSharp/SummerWatermelonModel.cs,,SummerWatermelonModel.<>c__DisplayClass170_0,4152,public bool openPopup; // 0xC
code/AssetRipper_generated_CSharp/Assembly-CSharp/SummerWatermelonModel.cs,,SummerWatermelonModel.<>c__DisplayClass170_1,4153,public SummerWatermelonTwentyFourPackageConfig config; // 0x8
code/AssetRipper_generated_CSharp/Assembly-CSharp/SummerWatermelonModel.cs,,SummerWatermelonModel.<>c__DisplayClass171_0,4154,public int index; // 0x8
code/AssetRipper_generated_CSharp/Assembly-CSharp/SummerWatermelonModel.cs,,SummerWatermelonModel.<>c__DisplayClass171_0,4154,public SummerWatermelonTwentyFourPackageReward _curGiftBagData; // 0xC
code/AssetRipper_generated_CSharp/Assembly-CSharp/SummerWatermelonModel.cs,,SummerWatermelonModel.<>c__DisplayClass171_0,4154,public SummerWatermelonModel <>4__this; // 0x10
code/AssetRipper_generated_CSharp/Assembly-CSharp/SummerWatermelonModel.cs,,SummerWatermelonModel.<>c__DisplayClass52_0,4155,public int maxNum; // 0x8
code/AssetRipper_generated_CSharp/Assembly-CSharp/SummerWatermelonModel.cs,,SummerWatermelonModel.<>c__DisplayClass52_0,4155,public SummerWatermelonModel <>4__this; // 0xC
code/AssetRipper_generated_CSharp/Assembly-CSharp/SummerWatermelonModel.cs,,SummerWatermelonModel.<>c__DisplayClass52_0,4155,public int rewardNum; // 0x10
code/AssetRipper_generated_CSharp/Assembly-CSharp/SummerWatermelonModel.cs,,SummerWatermelonModel.<>c__DisplayClass52_1,4156,public int currentNum; // 0x8
code/AssetRipper_generated_CSharp/Assembly-CSharp/SummerWatermelonModel.cs,,SummerWatermelonModel.<>c__DisplayClass52_1,4156,public SummerWatermelonModel.<>c__DisplayClass52_0 CS$<>8__locals1; // 0xC
code/AssetRipper_generated_CSharp/Assembly-CSharp/SummerWatermelonModel.cs,,SummerWatermelonModel.<>c__DisplayClass56_0,4157,public Vector3 position; // 0x8
code/AssetRipper_generated_CSharp/Assembly-CSharp/SummerWatermelonModel.cs,,SummerWatermelonModel.<>c__DisplayClass56_0,4157,public Action action; // 0x14
code/AssetRipper_generated_CSharp/Assembly-CSharp/SummerWatermelonModel.cs,,SummerWatermelonModel.<>c__DisplayClass98_0,4158,public SummerWatermelonModel <>4__this; // 0x8
code/AssetRipper_generated_CSharp/Assembly-CSharp/SummerWatermelonModel.cs,,SummerWatermelonModel.<>c__DisplayClass98_0,4158,public TableMergeItem itemConfig; // 0xC
code/AssetRipper_generated_CSharp/Assembly-CSharp/SummerWatermelonModel.cs,,SummerWatermelonModel.<>c__DisplayClass99_0,4159,public List<ResData> rewardsList; // 0x8
code/AssetRipper_generated_CSharp/Assembly-CSharp/SummerWatermelonModel.cs,,SummerWatermelonModel.<>c__DisplayClass99_0,4159,public TaskCompletionSource<bool> taskRewardCollect; // 0xC
code/AssetRipper_generated_CSharp/Assembly-CSharp/SummerWatermelonModel.cs,,SummerWatermelonModel.<OnNewItem>d__98,4160,public int <>1__state; // 0x0
code/AssetRipper_generated_CSharp/Assembly-CSharp/SummerWatermelonModel.cs,,SummerWatermelonModel.<OnNewItem>d__98,4160,public AsyncVoidMethodBuilder <>t__builder; // 0x4
code/AssetRipper_generated_CSharp/Assembly-CSharp/SummerWatermelonModel.cs,,SummerWatermelonModel.<OnNewItem>d__98,4160,public SummerWatermelonModel <>4__this; // 0x14
code/AssetRipper_generated_CSharp/Assembly-CSharp/SummerWatermelonModel.cs,,SummerWatermelonModel.<OnNewItem>d__98,4160,public int id; // 0x18
code/AssetRipper_generated_CSharp/Assembly-CSharp/SummerWatermelonModel.cs,,SummerWatermelonModel.<OnNewItem>d__98,4160,public RefreshItemSource source; // 0x1C
code/AssetRipper_generated_CSharp/Assembly-CSharp/SummerWatermelonModel.cs,,SummerWatermelonModel.<OnNewItem>d__98,4160,public Vector3 startPos; // 0x20
code/AssetRipper_generated_CSharp/Assembly-CSharp/SummerWatermelonModel.cs,,SummerWatermelonModel.<OnNewItem>d__98,4160,private SummerWatermelonModel.<>c__DisplayClass98_0 <>8__1; // 0x2C
code/AssetRipper_generated_CSharp/Assembly-CSharp/SummerWatermelonModel.cs,,SummerWatermelonModel.<OnNewItem>d__98,4160,private TaskAwaiter <>u__1; // 0x30
code/AssetRipper_generated_CSharp/Assembly-CSharp/SummerWatermelonModel.cs,,SummerWatermelonModel.<OnNewItem>d__98,4160,private TaskAwaiter<bool> <>u__2; // 0x34
code/AssetRipper_generated_CSharp/Assembly-CSharp/Activity/SummerWatermelon_24/SummerWatermelonModel.cs,Activity.SummerWatermelon_24,SummerWatermelonModel,4161,public static bool InGuideChain; // 0x0
code/AssetRipper_generated_CSharp/Assembly-CSharp/Activity/SummerWatermelon_24/SummerWatermelonModel.cs,Activity.SummerWatermelon_24,SummerWatermelonModel,4161,public const int BOARD_WIDTH = 5;
code/AssetRipper_generated_CSharp/Assembly-CSharp/Activity/SummerWatermelon_24/SummerWatermelonModel.cs,Activity.SummerWatermelon_24,SummerWatermelonModel,4161,public const int BOARD_HEIGHT = 5;
code/AssetRipper_generated_CSharp/Assembly-CSharp/Activity/SummerWatermelon_24/SummerWatermelonModel.cs,Activity.SummerWatermelon_24,SummerWatermelonModel,4161,public const int BOARD_WIDTH_BIG = 6;
code/AssetRipper_generated_CSharp/Assembly-CSharp/Activity/SummerWatermelon_24/SummerWatermelonModel.cs,Activity.SummerWatermelon_24,SummerWatermelonModel,4161,public const int BOARD_HEIGHT_BIG = 8;
code/AssetRipper_generated_CSharp/Assembly-CSharp/Activity/SummerWatermelon_24/SummerWatermelonModel.cs,Activity.SummerWatermelon_24,SummerWatermelonModel,4161,private static SummerWatermelonModel _instance; // 0x4
code/AssetRipper_generated_CSharp/Assembly-CSharp/Activity/SummerWatermelon_24/SummerWatermelonModel.cs,Activity.SummerWatermelon_24,SummerWatermelonModel,4161,"private Dictionary<int, SummerWatermelonTwentyFourProductConfig> _summerWatermelonProductConfig; // 0x3C"
code/AssetRipper_generated_CSharp/Assembly-CSharp/Activity/SummerWatermelon_24/SummerWatermelonModel.cs,Activity.SummerWatermelon_24,SummerWatermelonModel,4161,"private Dictionary<int, SummerWatermelonTwentyFourFirstTimeRewardConfig> _summerWatermelonFirstTimeRewardConfig; // 0x40"
code/AssetRipper_generated_CSharp/Assembly-CSharp/Activity/SummerWatermelon_24/SummerWatermelonModel.cs,Activity.SummerWatermelon_24,SummerWatermelonModel,4161,"private Dictionary<int, SummerWatermelonTwentyFourMergeRewardConfig> _summerWatermelonMergeRewardConfig; // 0x44"
code/AssetRipper_generated_CSharp/Assembly-CSharp/Activity/SummerWatermelon_24/SummerWatermelonModel.cs,Activity.SummerWatermelon_24,SummerWatermelonModel,4161,"private Dictionary<int, TableMergeItem> _mergeItemDictionary; // 0x48"
code/AssetRipper_generated_CSharp/Assembly-CSharp/Activity/SummerWatermelon_24/SummerWatermelonModel.cs,Activity.SummerWatermelon_24,SummerWatermelonModel,4161,public int UnSetItemsCount; // 0x4C
code/AssetRipper_generated_CSharp/Assembly-CSharp/Activity/SummerWatermelon_24/SummerWatermelonModel.cs,Activity.SummerWatermelon_24,SummerWatermelonModel,4161,public const ulong Offset = 0;
code/AssetRipper_generated_CSharp/Assembly-CSharp/Activity/SummerWatermelon_24/SummerWatermelonModel.cs,Activity.SummerWatermelon_24,SummerWatermelonModel,4161,private bool _isInit; // 0x50
code/AssetRipper_generated_CSharp/Assembly-CSharp/Activity/SummerWatermelon_24/SummerWatermelonModel.cs,Activity.SummerWatermelon_24,SummerWatermelonModel,4161,private static GameObject _flyItemObj; // 0x8
code/AssetRipper_generated_CSharp/Assembly-CSharp/Activity/SummerWatermelon_24/SummerWatermelonModel.cs,Activity.SummerWatermelon_24,SummerWatermelonModel,4161,private bool _lastActivityOpenState; // 0x51
code/AssetRipper_generated_CSharp/Assembly-CSharp/Activity/SummerWatermelon_24/SummerWatermelonModel.cs,Activity.SummerWatermelon_24,SummerWatermelonModel,4161,private bool <ShowIllustratedRedPoint>k__BackingField; // 0x52
code/AssetRipper_generated_CSharp/Assembly-CSharp/Activity/SummerWatermelon_24/SummerWatermelonModel.cs,Activity.SummerWatermelon_24,SummerWatermelonModel,4161,public static string battlePassCoolTimeKey; // 0xC
code/AssetRipper_generated_CSharp/Assembly-CSharp/Activity/SummerWatermelon_24/SummerWatermelonModel.cs,Activity.SummerWatermelon_24,SummerWatermelonModel,4161,private int _redPointNum; // 0x54
code/AssetRipper_generated_CSharp/Assembly-CSharp/Activity/SummerWatermelon_24/SummerWatermelonModel.cs,Activity.SummerWatermelon_24,SummerWatermelonModel,4161,public static string packageCoolTimeKey; // 0x10
code/AssetRipper_generated_CSharp/Assembly-CSharp/Activity/SummerWatermelon_24/SummerWatermelonModel.cs,Activity.SummerWatermelon_24,SummerWatermelonModel,4161,public static string newpackageCoolTimeKey; // 0x14
code/AssetRipper_generated_CSharp/Assembly-CSharp/SummerWatermelonModel.cs,,SummerWatermelonModel.<>c,4218,public static readonly SummerWatermelonModel.<>c <>9; // 0x0
code/AssetRipper_generated_CSharp/Assembly-CSharp/SummerWatermelonModel.cs,,SummerWatermelonModel.<>c,4218,public static Predicate<SummerWatermelonTwentyFivePackageConfig> <>9__154_0; // 0x4
code/AssetRipper_generated_CSharp/Assembly-CSharp/SummerWatermelonModel.cs,,SummerWatermelonModel.<>c,4218,public static Action <>9__170_0; // 0x8
code/AssetRipper_generated_CSharp/Assembly-CSharp/SummerWatermelonModel.cs,,SummerWatermelonModel.<>c__DisplayClass132_0,4219,public BattlePassTwentyFive config; // 0x8
code/AssetRipper_generated_CSharp/Assembly-CSharp/SummerWatermelonModel.cs,,SummerWatermelonModel.<>c__DisplayClass153_0,4220,public SummerWatermelonModel <>4__this; // 0x8
code/AssetRipper_generated_CSharp/Assembly-CSharp/SummerWatermelonModel.cs,,SummerWatermelonModel.<>c__DisplayClass153_0,4220,public bool openPopup; // 0xC
code/AssetRipper_generated_CSharp/Assembly-CSharp/SummerWatermelonModel.cs,,SummerWatermelonModel.<>c__DisplayClass153_1,4221,public SummerWatermelonTwentyFivePackageConfig config; // 0x8
code/AssetRipper_generated_CSharp/Assembly-CSharp/SummerWatermelonModel.cs,,SummerWatermelonModel.<>c__DisplayClass154_0,4222,public int index; // 0x8
code/AssetRipper_generated_CSharp/Assembly-CSharp/SummerWatermelonModel.cs,,SummerWatermelonModel.<>c__DisplayClass154_0,4222,public SummerWatermelonTwentyFivePackageReward _curGiftBagData; // 0xC
code/AssetRipper_generated_CSharp/Assembly-CSharp/SummerWatermelonModel.cs,,SummerWatermelonModel.<>c__DisplayClass154_0,4222,public SummerWatermelonModel <>4__this; // 0x10
code/AssetRipper_generated_CSharp/Assembly-CSharp/SummerWatermelonModel.cs,,SummerWatermelonModel.<>c__DisplayClass50_0,4223,public int maxNum; // 0x8
code/AssetRipper_generated_CSharp/Assembly-CSharp/SummerWatermelonModel.cs,,SummerWatermelonModel.<>c__DisplayClass50_0,4223,public SummerWatermelonModel <>4__this; // 0xC
code/AssetRipper_generated_CSharp/Assembly-CSharp/SummerWatermelonModel.cs,,SummerWatermelonModel.<>c__DisplayClass50_0,4223,public int rewardNum; // 0x10
code/AssetRipper_generated_CSharp/Assembly-CSharp/SummerWatermelonModel.cs,,SummerWatermelonModel.<>c__DisplayClass50_1,4224,public int currentNum; // 0x8
code/AssetRipper_generated_CSharp/Assembly-CSharp/SummerWatermelonModel.cs,,SummerWatermelonModel.<>c__DisplayClass50_1,4224,public SummerWatermelonModel.<>c__DisplayClass50_0 CS$<>8__locals1; // 0xC
code/AssetRipper_generated_CSharp/Assembly-CSharp/SummerWatermelonModel.cs,,SummerWatermelonModel.<>c__DisplayClass54_0,4225,public Vector3 position; // 0x8
code/AssetRipper_generated_CSharp/Assembly-CSharp/SummerWatermelonModel.cs,,SummerWatermelonModel.<>c__DisplayClass54_0,4225,public Action action; // 0x14
code/AssetRipper_generated_CSharp/Assembly-CSharp/SummerWatermelonModel.cs,,SummerWatermelonModel.<>c__DisplayClass87_0,4226,public SummerWatermelonModel <>4__this; // 0x8
code/AssetRipper_generated_CSharp/Assembly-CSharp/SummerWatermelonModel.cs,,SummerWatermelonModel.<>c__DisplayClass87_0,4226,public TableMergeItem itemConfig; // 0xC
code/AssetRipper_generated_CSharp/Assembly-CSharp/SummerWatermelonModel.cs,,SummerWatermelonModel.<>c__DisplayClass88_0,4227,public List<ResData> rewardsList; // 0x8
code/AssetRipper_generated_CSharp/Assembly-CSharp/SummerWatermelonModel.cs,,SummerWatermelonModel.<>c__DisplayClass88_0,4227,public TaskCompletionSource<bool> taskRewardCollect; // 0xC
code/AssetRipper_generated_CSharp/Assembly-CSharp/SummerWatermelonModel.cs,,SummerWatermelonModel.<OnNewItem>d__87,4228,public int <>1__state; // 0x0
code/AssetRipper_generated_CSharp/Assembly-CSharp/SummerWatermelonModel.cs,,SummerWatermelonModel.<OnNewItem>d__87,4228,public AsyncVoidMethodBuilder <>t__builder; // 0x4
code/AssetRipper_generated_CSharp/Assembly-CSharp/SummerWatermelonModel.cs,,SummerWatermelonModel.<OnNewItem>d__87,4228,public SummerWatermelonModel <>4__this; // 0x14
code/AssetRipper_generated_CSharp/Assembly-CSharp/SummerWatermelonModel.cs,,SummerWatermelonModel.<OnNewItem>d__87,4228,public int id; // 0x18
code/AssetRipper_generated_CSharp/Assembly-CSharp/SummerWatermelonModel.cs,,SummerWatermelonModel.<OnNewItem>d__87,4228,public RefreshItemSource source; // 0x1C
code/AssetRipper_generated_CSharp/Assembly-CSharp/SummerWatermelonModel.cs,,SummerWatermelonModel.<OnNewItem>d__87,4228,private SummerWatermelonModel.<>c__DisplayClass87_0 <>8__1; // 0x20
code/AssetRipper_generated_CSharp/Assembly-CSharp/SummerWatermelonModel.cs,,SummerWatermelonModel.<OnNewItem>d__87,4228,private TaskAwaiter <>u__1; // 0x24
code/AssetRipper_generated_CSharp/Assembly-CSharp/SummerWatermelonModel.cs,,SummerWatermelonModel.<OnNewItem>d__87,4228,private TaskAwaiter<bool> <>u__2; // 0x28
code/AssetRipper_generated_CSharp/Assembly-CSharp/Activity/SummerWatermelon_25/SummerWatermelonModel.cs,Activity.SummerWatermelon_25,SummerWatermelonModel,4229,public static bool InGuideChain; // 0x0
code/AssetRipper_generated_CSharp/Assembly-CSharp/Activity/SummerWatermelon_25/SummerWatermelonModel.cs,Activity.SummerWatermelon_25,SummerWatermelonModel,4229,public const int BOARD_WIDTH = 6;
code/AssetRipper_generated_CSharp/Assembly-CSharp/Activity/SummerWatermelon_25/SummerWatermelonModel.cs,Activity.SummerWatermelon_25,SummerWatermelonModel,4229,public const int BOARD_HEIGHT = 14;
code/AssetRipper_generated_CSharp/Assembly-CSharp/Activity/SummerWatermelon_25/SummerWatermelonModel.cs,Activity.SummerWatermelon_25,SummerWatermelonModel,4229,private static SummerWatermelonModel _instance; // 0x4
code/AssetRipper_generated_CSharp/Assembly-CSharp/Activity/SummerWatermelon_25/SummerWatermelonModel.cs,Activity.SummerWatermelon_25,SummerWatermelonModel,4229,"private Dictionary<int, SummerWatermelonTwentyFiveProductConfig> _summerWatermelonProductConfig; // 0x3C"
code/AssetRipper_generated_CSharp/Assembly-CSharp/Activity/SummerWatermelon_25/SummerWatermelonModel.cs,Activity.SummerWatermelon_25,SummerWatermelonModel,4229,"private Dictionary<int, SummerWatermelonTwentyFiveFirstTimeRewardConfig> _summerWatermelonFirstTimeRewardConfig; // 0x40"
code/AssetRipper_generated_CSharp/Assembly-CSharp/Activity/SummerWatermelon_25/SummerWatermelonModel.cs,Activity.SummerWatermelon_25,SummerWatermelonModel,4229,"private Dictionary<int, SummerWatermelonTwentyFiveMergeRewardConfig> _summerWatermelonMergeRewardConfig; // 0x44"
code/AssetRipper_generated_CSharp/Assembly-CSharp/Activity/SummerWatermelon_25/SummerWatermelonModel.cs,Activity.SummerWatermelon_25,SummerWatermelonModel,4229,"private Dictionary<int, TableMergeItem> _mergeItemDictionary; // 0x48"
code/AssetRipper_generated_CSharp/Assembly-CSharp/Activity/SummerWatermelon_25/SummerWatermelonModel.cs,Activity.SummerWatermelon_25,SummerWatermelonModel,4229,public int UnSetItemsCount; // 0x4C
code/AssetRipper_generated_CSharp/Assembly-CSharp/Activity/SummerWatermelon_25/SummerWatermelonModel.cs,Activity.SummerWatermelon_25,SummerWatermelonModel,4229,public const ulong Offset = 0;
code/AssetRipper_generated_CSharp/Assembly-CSharp/Activity/SummerWatermelon_25/SummerWatermelonModel.cs,Activity.SummerWatermelon_25,SummerWatermelonModel,4229,private bool _isInit; // 0x50
code/AssetRipper_generated_CSharp/Assembly-CSharp/Activity/SummerWatermelon_25/SummerWatermelonModel.cs,Activity.SummerWatermelon_25,SummerWatermelonModel,4229,private static GameObject _flyItemObj; // 0x8
code/AssetRipper_generated_CSharp/Assembly-CSharp/Activity/SummerWatermelon_25/SummerWatermelonModel.cs,Activity.SummerWatermelon_25,SummerWatermelonModel,4229,private bool _lastActivityOpenState; // 0x51
code/AssetRipper_generated_CSharp/Assembly-CSharp/Activity/SummerWatermelon_25/SummerWatermelonModel.cs,Activity.SummerWatermelon_25,SummerWatermelonModel,4229,private bool <ShowIllustratedRedPoint>k__BackingField; // 0x52
code/AssetRipper_generated_CSharp/Assembly-CSharp/Activity/SummerWatermelon_25/SummerWatermelonModel.cs,Activity.SummerWatermelon_25,SummerWatermelonModel,4229,public static string battlePassCoolTimeKey; // 0xC
code/AssetRipper_generated_CSharp/Assembly-CSharp/Activity/SummerWatermelon_25/SummerWatermelonModel.cs,Activity.SummerWatermelon_25,SummerWatermelonModel,4229,private int _redPointNum; // 0x54
code/AssetRipper_generated_CSharp/Assembly-CSharp/Activity/SummerWatermelon_25/SummerWatermelonModel.cs,Activity.SummerWatermelon_25,SummerWatermelonModel,4229,public static string packageCoolTimeKey; // 0x10
code/AssetRipper_generated_CSharp/Assembly-CSharp/Activity/SummerWatermelon_25/SummerWatermelonModel.cs,Activity.SummerWatermelon_25,SummerWatermelonModel,4229,public static string newpackageCoolTimeKey; // 0x14
code/AssetRipper_generated_CSharp/Assembly-CSharp/SummerWatermelonModel.cs,,SummerWatermelonModel.<>c,4283,public static readonly SummerWatermelonModel.<>c <>9; // 0x0
code/AssetRipper_generated_CSharp/Assembly-CSharp/SummerWatermelonModel.cs,,SummerWatermelonModel.<>c,4283,public static Predicate<SummerWatermelonTwentyPackageConfig> <>9__150_0; // 0x4
code/AssetRipper_generated_CSharp/Assembly-CSharp/SummerWatermelonModel.cs,,SummerWatermelonModel.<>c,4283,public static Action <>9__167_0; // 0x8
code/AssetRipper_generated_CSharp/Assembly-CSharp/SummerWatermelonModel.cs,,SummerWatermelonModel.<>c__DisplayClass131_0,4284,public BattlePassTwenty config; // 0x8
code/AssetRipper_generated_CSharp/Assembly-CSharp/SummerWatermelonModel.cs,,SummerWatermelonModel.<>c__DisplayClass149_0,4285,public SummerWatermelonModel <>4__this; // 0x8
code/AssetRipper_generated_CSharp/Assembly-CSharp/SummerWatermelonModel.cs,,SummerWatermelonModel.<>c__DisplayClass149_0,4285,public bool openPopup; // 0xC
code/AssetRipper_generated_CSharp/Assembly-CSharp/SummerWatermelonModel.cs,,SummerWatermelonModel.<>c__DisplayClass149_1,4286,public SummerWatermelonTwentyPackageConfig config; // 0x8
code/AssetRipper_generated_CSharp/Assembly-CSharp/SummerWatermelonModel.cs,,SummerWatermelonModel.<>c__DisplayClass150_0,4287,public int index; // 0x8
code/AssetRipper_generated_CSharp/Assembly-CSharp/SummerWatermelonModel.cs,,SummerWatermelonModel.<>c__DisplayClass150_0,4287,public SummerWatermelonTwentyPackageReward _curGiftBagData; // 0xC
code/AssetRipper_generated_CSharp/Assembly-CSharp/SummerWatermelonModel.cs,,SummerWatermelonModel.<>c__DisplayClass150_0,4287,public SummerWatermelonModel <>4__this; // 0x10
code/AssetRipper_generated_CSharp/Assembly-CSharp/SummerWatermelonModel.cs,,SummerWatermelonModel.<>c__DisplayClass50_0,4288,public int maxNum; // 0x8
code/AssetRipper_generated_CSharp/Assembly-CSharp/SummerWatermelonModel.cs,,SummerWatermelonModel.<>c__DisplayClass50_0,4288,public SummerWatermelonModel <>4__this; // 0xC
code/AssetRipper_generated_CSharp/Assembly-CSharp/SummerWatermelonModel.cs,,SummerWatermelonModel.<>c__DisplayClass50_0,4288,public int rewardNum; // 0x10
code/AssetRipper_generated_CSharp/Assembly-CSharp/SummerWatermelonModel.cs,,SummerWatermelonModel.<>c__DisplayClass50_1,4289,public int currentNum; // 0x8
code/AssetRipper_generated_CSharp/Assembly-CSharp/SummerWatermelonModel.cs,,SummerWatermelonModel.<>c__DisplayClass50_1,4289,public SummerWatermelonModel.<>c__DisplayClass50_0 CS$<>8__locals1; // 0xC
code/AssetRipper_generated_CSharp/Assembly-CSharp/SummerWatermelonModel.cs,,SummerWatermelonModel.<>c__DisplayClass54_0,4290,public Vector3 position; // 0x8
code/AssetRipper_generated_CSharp/Assembly-CSharp/SummerWatermelonModel.cs,,SummerWatermelonModel.<>c__DisplayClass54_0,4290,public Action action; // 0x14
code/AssetRipper_generated_CSharp/Assembly-CSharp/SummerWatermelonModel.cs,,SummerWatermelonModel.<>c__DisplayClass87_0,4291,public SummerWatermelonModel <>4__this; // 0x8
code/AssetRipper_generated_CSharp/Assembly-CSharp/SummerWatermelonModel.cs,,SummerWatermelonModel.<>c__DisplayClass87_0,4291,public TableMergeItem itemConfig; // 0xC
code/AssetRipper_generated_CSharp/Assembly-CSharp/SummerWatermelonModel.cs,,SummerWatermelonModel.<>c__DisplayClass88_0,4292,public List<ResData> rewardsList; // 0x8
code/AssetRipper_generated_CSharp/Assembly-CSharp/SummerWatermelonModel.cs,,SummerWatermelonModel.<>c__DisplayClass88_0,4292,public TaskCompletionSource<bool> taskRewardCollect; // 0xC
code/AssetRipper_generated_CSharp/Assembly-CSharp/SummerWatermelonModel.cs,,SummerWatermelonModel.<OnNewItem>d__87,4293,public int <>1__state; // 0x0
code/AssetRipper_generated_CSharp/Assembly-CSharp/SummerWatermelonModel.cs,,SummerWatermelonModel.<OnNewItem>d__87,4293,public AsyncVoidMethodBuilder <>t__builder; // 0x4
code/AssetRipper_generated_CSharp/Assembly-CSharp/SummerWatermelonModel.cs,,SummerWatermelonModel.<OnNewItem>d__87,4293,public SummerWatermelonModel <>4__this; // 0x14
code/AssetRipper_generated_CSharp/Assembly-CSharp/SummerWatermelonModel.cs,,SummerWatermelonModel.<OnNewItem>d__87,4293,public int id; // 0x18
code/AssetRipper_generated_CSharp/Assembly-CSharp/SummerWatermelonModel.cs,,SummerWatermelonModel.<OnNewItem>d__87,4293,public RefreshItemSource source; // 0x1C
code/AssetRipper_generated_CSharp/Assembly-CSharp/SummerWatermelonModel.cs,,SummerWatermelonModel.<OnNewItem>d__87,4293,private SummerWatermelonModel.<>c__DisplayClass87_0 <>8__1; // 0x20
code/AssetRipper_generated_CSharp/Assembly-CSharp/SummerWatermelonModel.cs,,SummerWatermelonModel.<OnNewItem>d__87,4293,private TaskAwaiter <>u__1; // 0x24
code/AssetRipper_generated_CSharp/Assembly-CSharp/SummerWatermelonModel.cs,,SummerWatermelonModel.<OnNewItem>d__87,4293,private TaskAwaiter<bool> <>u__2; // 0x28
code/AssetRipper_generated_CSharp/Assembly-CSharp/Activity/SummerWatermelon_20/SummerWatermelonModel.cs,Activity.SummerWatermelon_20,SummerWatermelonModel,4294,public static bool InGuideChain; // 0x0
code/AssetRipper_generated_CSharp/Assembly-CSharp/Activity/SummerWatermelon_20/SummerWatermelonModel.cs,Activity.SummerWatermelon_20,SummerWatermelonModel,4294,public const int BOARD_WIDTH = 6;
code/AssetRipper_generated_CSharp/Assembly-CSharp/Activity/SummerWatermelon_20/SummerWatermelonModel.cs,Activity.SummerWatermelon_20,SummerWatermelonModel,4294,public const int BOARD_HEIGHT = 14;
code/AssetRipper_generated_CSharp/Assembly-CSharp/Activity/SummerWatermelon_20/SummerWatermelonModel.cs,Activity.SummerWatermelon_20,SummerWatermelonModel,4294,private static SummerWatermelonModel _instance; // 0x4
code/AssetRipper_generated_CSharp/Assembly-CSharp/Activity/SummerWatermelon_20/SummerWatermelonModel.cs,Activity.SummerWatermelon_20,SummerWatermelonModel,4294,"private Dictionary<int, SummerWatermelonTwentyProductConfig> _summerWatermelonProductConfig; // 0x3C"
code/AssetRipper_generated_CSharp/Assembly-CSharp/Activity/SummerWatermelon_20/SummerWatermelonModel.cs,Activity.SummerWatermelon_20,SummerWatermelonModel,4294,"private Dictionary<int, SummerWatermelonTwentyFirstTimeRewardConfig> _summerWatermelonFirstTimeRewardConfig; // 0x40"
code/AssetRipper_generated_CSharp/Assembly-CSharp/Activity/SummerWatermelon_20/SummerWatermelonModel.cs,Activity.SummerWatermelon_20,SummerWatermelonModel,4294,"private Dictionary<int, SummerWatermelonTwentyMergeRewardConfig> _summerWatermelonMergeRewardConfig; // 0x44"
code/AssetRipper_generated_CSharp/Assembly-CSharp/Activity/SummerWatermelon_20/SummerWatermelonModel.cs,Activity.SummerWatermelon_20,SummerWatermelonModel,4294,"private Dictionary<int, TableMergeItem> _mergeItemDictionary; // 0x48"
code/AssetRipper_generated_CSharp/Assembly-CSharp/Activity/SummerWatermelon_20/SummerWatermelonModel.cs,Activity.SummerWatermelon_20,SummerWatermelonModel,4294,public int UnSetItemsCount; // 0x4C
code/AssetRipper_generated_CSharp/Assembly-CSharp/Activity/SummerWatermelon_20/SummerWatermelonModel.cs,Activity.SummerWatermelon_20,SummerWatermelonModel,4294,public const ulong Offset = 0;
code/AssetRipper_generated_CSharp/Assembly-CSharp/Activity/SummerWatermelon_20/SummerWatermelonModel.cs,Activity.SummerWatermelon_20,SummerWatermelonModel,4294,private bool _isInit; // 0x50
code/AssetRipper_generated_CSharp/Assembly-CSharp/Activity/SummerWatermelon_20/SummerWatermelonModel.cs,Activity.SummerWatermelon_20,SummerWatermelonModel,4294,private static GameObject _flyItemObj; // 0x8
code/AssetRipper_generated_CSharp/Assembly-CSharp/Activity/SummerWatermelon_20/SummerWatermelonModel.cs,Activity.SummerWatermelon_20,SummerWatermelonModel,4294,private bool _lastActivityOpenState; // 0x51
code/AssetRipper_generated_CSharp/Assembly-CSharp/Activity/SummerWatermelon_20/SummerWatermelonModel.cs,Activity.SummerWatermelon_20,SummerWatermelonModel,4294,private bool <ShowIllustratedRedPoint>k__BackingField; // 0x52
code/AssetRipper_generated_CSharp/Assembly-CSharp/Activity/SummerWatermelon_20/SummerWatermelonModel.cs,Activity.SummerWatermelon_20,SummerWatermelonModel,4294,public static string battlePassCoolTimeKey; // 0xC
code/AssetRipper_generated_CSharp/Assembly-CSharp/Activity/SummerWatermelon_20/SummerWatermelonModel.cs,Activity.SummerWatermelon_20,SummerWatermelonModel,4294,private int _redPointNum; // 0x54
code/AssetRipper_generated_CSharp/Assembly-CSharp/Activity/SummerWatermelon_20/SummerWatermelonModel.cs,Activity.SummerWatermelon_20,SummerWatermelonModel,4294,public static string packageCoolTimeKey; // 0x10
code/AssetRipper_generated_CSharp/Assembly-CSharp/Activity/SummerWatermelon_20/SummerWatermelonModel.cs,Activity.SummerWatermelon_20,SummerWatermelonModel,4294,public static string newpackageCoolTimeKey; // 0x14
code/AssetRipper_generated_CSharp/Assembly-CSharp/SummerWatermelonModel.cs,,SummerWatermelonModel.<>c,4350,public static readonly SummerWatermelonModel.<>c <>9; // 0x0
code/AssetRipper_generated_CSharp/Assembly-CSharp/SummerWatermelonModel.cs,,SummerWatermelonModel.<>c,4350,public static Action <>9__164_0; // 0x4
code/AssetRipper_generated_CSharp/Assembly-CSharp/SummerWatermelonModel.cs,,SummerWatermelonModel.<>c,4350,public static Predicate<SummerWatermelonTwelvePackageConfig> <>9__167_0; // 0x8
code/AssetRipper_generated_CSharp/Assembly-CSharp/SummerWatermelonModel.cs,,SummerWatermelonModel.<>c__DisplayClass138_0,4351,public BattlePassTwelve config; // 0x8
code/AssetRipper_generated_CSharp/Assembly-CSharp/SummerWatermelonModel.cs,,SummerWatermelonModel.<>c__DisplayClass166_0,4352,public SummerWatermelonModel <>4__this; // 0x8
code/AssetRipper_generated_CSharp/Assembly-CSharp/SummerWatermelonModel.cs,,SummerWatermelonModel.<>c__DisplayClass166_0,4352,public bool openPopup; // 0xC
code/AssetRipper_generated_CSharp/Assembly-CSharp/SummerWatermelonModel.cs,,SummerWatermelonModel.<>c__DisplayClass166_1,4353,public SummerWatermelonTwelvePackageConfig config; // 0x8
code/AssetRipper_generated_CSharp/Assembly-CSharp/SummerWatermelonModel.cs,,SummerWatermelonModel.<>c__DisplayClass167_0,4354,public int index; // 0x8
code/AssetRipper_generated_CSharp/Assembly-CSharp/SummerWatermelonModel.cs,,SummerWatermelonModel.<>c__DisplayClass167_0,4354,public SummerWatermelonTwelvePackageReward _curGiftBagData; // 0xC
code/AssetRipper_generated_CSharp/Assembly-CSharp/SummerWatermelonModel.cs,,SummerWatermelonModel.<>c__DisplayClass167_0,4354,public SummerWatermelonModel <>4__this; // 0x10
code/AssetRipper_generated_CSharp/Assembly-CSharp/SummerWatermelonModel.cs,,SummerWatermelonModel.<>c__DisplayClass52_0,4355,public int maxNum; // 0x8
code/AssetRipper_generated_CSharp/Assembly-CSharp/SummerWatermelonModel.cs,,SummerWatermelonModel.<>c__DisplayClass52_0,4355,public SummerWatermelonModel <>4__this; // 0xC
code/AssetRipper_generated_CSharp/Assembly-CSharp/SummerWatermelonModel.cs,,SummerWatermelonModel.<>c__DisplayClass52_0,4355,public int rewardNum; // 0x10
code/AssetRipper_generated_CSharp/Assembly-CSharp/SummerWatermelonModel.cs,,SummerWatermelonModel.<>c__DisplayClass52_1,4356,public int currentNum; // 0x8
code/AssetRipper_generated_CSharp/Assembly-CSharp/SummerWatermelonModel.cs,,SummerWatermelonModel.<>c__DisplayClass52_1,4356,public SummerWatermelonModel.<>c__DisplayClass52_0 CS$<>8__locals1; // 0xC
code/AssetRipper_generated_CSharp/Assembly-CSharp/SummerWatermelonModel.cs,,SummerWatermelonModel.<>c__DisplayClass56_0,4357,public Vector3 position; // 0x8
code/AssetRipper_generated_CSharp/Assembly-CSharp/SummerWatermelonModel.cs,,SummerWatermelonModel.<>c__DisplayClass56_0,4357,public Action action; // 0x14
code/AssetRipper_generated_CSharp/Assembly-CSharp/SummerWatermelonModel.cs,,SummerWatermelonModel.<>c__DisplayClass98_0,4358,public SummerWatermelonModel <>4__this; // 0x8
code/AssetRipper_generated_CSharp/Assembly-CSharp/SummerWatermelonModel.cs,,SummerWatermelonModel.<>c__DisplayClass98_0,4358,public TableMergeItem itemConfig; // 0xC
code/AssetRipper_generated_CSharp/Assembly-CSharp/SummerWatermelonModel.cs,,SummerWatermelonModel.<>c__DisplayClass99_0,4359,public List<ResData> rewardsList; // 0x8
code/AssetRipper_generated_CSharp/Assembly-CSharp/SummerWatermelonModel.cs,,SummerWatermelonModel.<>c__DisplayClass99_0,4359,public TaskCompletionSource<bool> taskRewardCollect; // 0xC
code/AssetRipper_generated_CSharp/Assembly-CSharp/SummerWatermelonModel.cs,,SummerWatermelonModel.<OnNewItem>d__98,4360,public int <>1__state; // 0x0
code/AssetRipper_generated_CSharp/Assembly-CSharp/SummerWatermelonModel.cs,,SummerWatermelonModel.<OnNewItem>d__98,4360,public AsyncVoidMethodBuilder <>t__builder; // 0x4
code/AssetRipper_generated_CSharp/Assembly-CSharp/SummerWatermelonModel.cs,,SummerWatermelonModel.<OnNewItem>d__98,4360,public SummerWatermelonModel <>4__this; // 0x14
code/AssetRipper_generated_CSharp/Assembly-CSharp/SummerWatermelonModel.cs,,SummerWatermelonModel.<OnNewItem>d__98,4360,public int id; // 0x18
code/AssetRipper_generated_CSharp/Assembly-CSharp/SummerWatermelonModel.cs,,SummerWatermelonModel.<OnNewItem>d__98,4360,public RefreshItemSource source; // 0x1C
code/AssetRipper_generated_CSharp/Assembly-CSharp/SummerWatermelonModel.cs,,SummerWatermelonModel.<OnNewItem>d__98,4360,private SummerWatermelonModel.<>c__DisplayClass98_0 <>8__1; // 0x20
code/AssetRipper_generated_CSharp/Assembly-CSharp/SummerWatermelonModel.cs,,SummerWatermelonModel.<OnNewItem>d__98,4360,private TaskAwaiter <>u__1; // 0x24
code/AssetRipper_generated_CSharp/Assembly-CSharp/SummerWatermelonModel.cs,,SummerWatermelonModel.<OnNewItem>d__98,4360,private TaskAwaiter<bool> <>u__2; // 0x28
code/AssetRipper_generated_CSharp/Assembly-CSharp/Activity/SummerWatermelon_12/SummerWatermelonModel.cs,Activity.SummerWatermelon_12,SummerWatermelonModel,4361,public static bool InGuideChain; // 0x0
code/AssetRipper_generated_CSharp/Assembly-CSharp/Activity/SummerWatermelon_12/SummerWatermelonModel.cs,Activity.SummerWatermelon_12,SummerWatermelonModel,4361,public const int BOARD_WIDTH = 5;
code/AssetRipper_generated_CSharp/Assembly-CSharp/Activity/SummerWatermelon_12/SummerWatermelonModel.cs,Activity.SummerWatermelon_12,SummerWatermelonModel,4361,public const int BOARD_HEIGHT = 5;
code/AssetRipper_generated_CSharp/Assembly-CSharp/Activity/SummerWatermelon_12/SummerWatermelonModel.cs,Activity.SummerWatermelon_12,SummerWatermelonModel,4361,public const int BOARD_WIDTH_BIG = 6;
code/AssetRipper_generated_CSharp/Assembly-CSharp/Activity/SummerWatermelon_12/SummerWatermelonModel.cs,Activity.SummerWatermelon_12,SummerWatermelonModel,4361,public const int BOARD_HEIGHT_BIG = 8;
code/AssetRipper_generated_CSharp/Assembly-CSharp/Activity/SummerWatermelon_12/SummerWatermelonModel.cs,Activity.SummerWatermelon_12,SummerWatermelonModel,4361,private static SummerWatermelonModel _instance; // 0x4
code/AssetRipper_generated_CSharp/Assembly-CSharp/Activity/SummerWatermelon_12/SummerWatermelonModel.cs,Activity.SummerWatermelon_12,SummerWatermelonModel,4361,"private Dictionary<int, SummerWatermelonTwelveProductConfig> _summerWatermelonProductConfig; // 0x3C"
code/AssetRipper_generated_CSharp/Assembly-CSharp/Activity/SummerWatermelon_12/SummerWatermelonModel.cs,Activity.SummerWatermelon_12,SummerWatermelonModel,4361,"private Dictionary<int, SummerWatermelonTwelveFirstTimeRewardConfig> _summerWatermelonFirstTimeRewardConfig; // 0x40"
code/AssetRipper_generated_CSharp/Assembly-CSharp/Activity/SummerWatermelon_12/SummerWatermelonModel.cs,Activity.SummerWatermelon_12,SummerWatermelonModel,4361,"private Dictionary<int, SummerWatermelonTwelveMergeRewardConfig> _summerWatermelonMergeRewardConfig; // 0x44"
code/AssetRipper_generated_CSharp/Assembly-CSharp/Activity/SummerWatermelon_12/SummerWatermelonModel.cs,Activity.SummerWatermelon_12,SummerWatermelonModel,4361,"private Dictionary<int, TableMergeItem> _mergeItemDictionary; // 0x48"
code/AssetRipper_generated_CSharp/Assembly-CSharp/Activity/SummerWatermelon_12/SummerWatermelonModel.cs,Activity.SummerWatermelon_12,SummerWatermelonModel,4361,public int UnSetItemsCount; // 0x4C
code/AssetRipper_generated_CSharp/Assembly-CSharp/Activity/SummerWatermelon_12/SummerWatermelonModel.cs,Activity.SummerWatermelon_12,SummerWatermelonModel,4361,public const ulong Offset = 0;
code/AssetRipper_generated_CSharp/Assembly-CSharp/Activity/SummerWatermelon_12/SummerWatermelonModel.cs,Activity.SummerWatermelon_12,SummerWatermelonModel,4361,private bool _isInit; // 0x50
code/AssetRipper_generated_CSharp/Assembly-CSharp/Activity/SummerWatermelon_12/SummerWatermelonModel.cs,Activity.SummerWatermelon_12,SummerWatermelonModel,4361,private static GameObject _flyItemObj; // 0x8
code/AssetRipper_generated_CSharp/Assembly-CSharp/Activity/SummerWatermelon_12/SummerWatermelonModel.cs,Activity.SummerWatermelon_12,SummerWatermelonModel,4361,private bool _lastActivityOpenState; // 0x51
code/AssetRipper_generated_CSharp/Assembly-CSharp/Activity/SummerWatermelon_12/SummerWatermelonModel.cs,Activity.SummerWatermelon_12,SummerWatermelonModel,4361,private bool <ShowIllustratedRedPoint>k__BackingField; // 0x52
code/AssetRipper_generated_CSharp/Assembly-CSharp/Activity/SummerWatermelon_12/SummerWatermelonModel.cs,Activity.SummerWatermelon_12,SummerWatermelonModel,4361,public static string battlePassCoolTimeKey; // 0xC
code/AssetRipper_generated_CSharp/Assembly-CSharp/Activity/SummerWatermelon_12/SummerWatermelonModel.cs,Activity.SummerWatermelon_12,SummerWatermelonModel,4361,private int _redPointNum; // 0x54
code/AssetRipper_generated_CSharp/Assembly-CSharp/Activity/SummerWatermelon_12/SummerWatermelonModel.cs,Activity.SummerWatermelon_12,SummerWatermelonModel,4361,public static string packageCoolTimeKey; // 0x10
code/AssetRipper_generated_CSharp/Assembly-CSharp/Activity/SummerWatermelon_12/SummerWatermelonModel.cs,Activity.SummerWatermelon_12,SummerWatermelonModel,4361,public static string newpackageCoolTimeKey; // 0x14
code/AssetRipper_generated_CSharp/Assembly-CSharp/SummerWatermelonModel.cs,,SummerWatermelonModel.<>c,4417,public static readonly SummerWatermelonModel.<>c <>9; // 0x0
code/AssetRipper_generated_CSharp/Assembly-CSharp/SummerWatermelonModel.cs,,SummerWatermelonModel.<>c,4417,public static Predicate<SummerWatermelonThreePackageConfig> <>9__154_0; // 0x4
code/AssetRipper_generated_CSharp/Assembly-CSharp/SummerWatermelonModel.cs,,SummerWatermelonModel.<>c,4417,public static Action <>9__168_0; // 0x8
code/AssetRipper_generated_CSharp/Assembly-CSharp/SummerWatermelonModel.cs,,SummerWatermelonModel.<>c__DisplayClass137_0,4418,public BattlePassThree config; // 0x8
code/AssetRipper_generated_CSharp/Assembly-CSharp/SummerWatermelonModel.cs,,SummerWatermelonModel.<>c__DisplayClass153_0,4419,public SummerWatermelonModel <>4__this; // 0x8
code/AssetRipper_generated_CSharp/Assembly-CSharp/SummerWatermelonModel.cs,,SummerWatermelonModel.<>c__DisplayClass153_0,4419,public bool openPopup; // 0xC
code/AssetRipper_generated_CSharp/Assembly-CSharp/SummerWatermelonModel.cs,,SummerWatermelonModel.<>c__DisplayClass153_1,4420,public SummerWatermelonThreePackageConfig config; // 0x8
code/AssetRipper_generated_CSharp/Assembly-CSharp/SummerWatermelonModel.cs,,SummerWatermelonModel.<>c__DisplayClass154_0,4421,public int index; // 0x8
code/AssetRipper_generated_CSharp/Assembly-CSharp/SummerWatermelonModel.cs,,SummerWatermelonModel.<>c__DisplayClass154_0,4421,public SummerWatermelonThreePackageReward _curGiftBagData; // 0xC
code/AssetRipper_generated_CSharp/Assembly-CSharp/SummerWatermelonModel.cs,,SummerWatermelonModel.<>c__DisplayClass154_0,4421,public SummerWatermelonModel <>4__this; // 0x10
code/AssetRipper_generated_CSharp/Assembly-CSharp/SummerWatermelonModel.cs,,SummerWatermelonModel.<>c__DisplayClass52_0,4422,public int maxNum; // 0x8
code/AssetRipper_generated_CSharp/Assembly-CSharp/SummerWatermelonModel.cs,,SummerWatermelonModel.<>c__DisplayClass52_0,4422,public SummerWatermelonModel <>4__this; // 0xC
code/AssetRipper_generated_CSharp/Assembly-CSharp/SummerWatermelonModel.cs,,SummerWatermelonModel.<>c__DisplayClass52_0,4422,public int rewardNum; // 0x10
code/AssetRipper_generated_CSharp/Assembly-CSharp/SummerWatermelonModel.cs,,SummerWatermelonModel.<>c__DisplayClass52_1,4423,public int currentNum; // 0x8
code/AssetRipper_generated_CSharp/Assembly-CSharp/SummerWatermelonModel.cs,,SummerWatermelonModel.<>c__DisplayClass52_1,4423,public SummerWatermelonModel.<>c__DisplayClass52_0 CS$<>8__locals1; // 0xC
code/AssetRipper_generated_CSharp/Assembly-CSharp/SummerWatermelonModel.cs,,SummerWatermelonModel.<>c__DisplayClass56_0,4424,public Vector3 position; // 0x8
code/AssetRipper_generated_CSharp/Assembly-CSharp/SummerWatermelonModel.cs,,SummerWatermelonModel.<>c__DisplayClass56_0,4424,public Action action; // 0x14
code/AssetRipper_generated_CSharp/Assembly-CSharp/SummerWatermelonModel.cs,,SummerWatermelonModel.<>c__DisplayClass96_0,4425,public SummerWatermelonModel <>4__this; // 0x8
code/AssetRipper_generated_CSharp/Assembly-CSharp/SummerWatermelonModel.cs,,SummerWatermelonModel.<>c__DisplayClass96_0,4425,public TableMergeItem itemConfig; // 0xC
code/AssetRipper_generated_CSharp/Assembly-CSharp/SummerWatermelonModel.cs,,SummerWatermelonModel.<>c__DisplayClass97_0,4426,public List<ResData> rewardsList; // 0x8
code/AssetRipper_generated_CSharp/Assembly-CSharp/SummerWatermelonModel.cs,,SummerWatermelonModel.<>c__DisplayClass97_0,4426,public TaskCompletionSource<bool> taskRewardCollect; // 0xC
code/AssetRipper_generated_CSharp/Assembly-CSharp/SummerWatermelonModel.cs,,SummerWatermelonModel.<OnNewItem>d__96,4427,public int <>1__state; // 0x0
code/AssetRipper_generated_CSharp/Assembly-CSharp/SummerWatermelonModel.cs,,SummerWatermelonModel.<OnNewItem>d__96,4427,public AsyncVoidMethodBuilder <>t__builder; // 0x4
code/AssetRipper_generated_CSharp/Assembly-CSharp/SummerWatermelonModel.cs,,SummerWatermelonModel.<OnNewItem>d__96,4427,public SummerWatermelonModel <>4__this; // 0x14
code/AssetRipper_generated_CSharp/Assembly-CSharp/SummerWatermelonModel.cs,,SummerWatermelonModel.<OnNewItem>d__96,4427,public int id; // 0x18
code/AssetRipper_generated_CSharp/Assembly-CSharp/SummerWatermelonModel.cs,,SummerWatermelonModel.<OnNewItem>d__96,4427,public RefreshItemSource source; // 0x1C
code/AssetRipper_generated_CSharp/Assembly-CSharp/SummerWatermelonModel.cs,,SummerWatermelonModel.<OnNewItem>d__96,4427,private SummerWatermelonModel.<>c__DisplayClass96_0 <>8__1; // 0x20
code/AssetRipper_generated_CSharp/Assembly-CSharp/SummerWatermelonModel.cs,,SummerWatermelonModel.<OnNewItem>d__96,4427,private TaskAwaiter <>u__1; // 0x24
code/AssetRipper_generated_CSharp/Assembly-CSharp/SummerWatermelonModel.cs,,SummerWatermelonModel.<OnNewItem>d__96,4427,private TaskAwaiter<bool> <>u__2; // 0x28
code/AssetRipper_generated_CSharp/Assembly-CSharp/Activity/SummerWatermelon_3/SummerWatermelonModel.cs,Activity.SummerWatermelon_3,SummerWatermelonModel,4428,public static bool InGuideChain; // 0x0
code/AssetRipper_generated_CSharp/Assembly-CSharp/Activity/SummerWatermelon_3/SummerWatermelonModel.cs,Activity.SummerWatermelon_3,SummerWatermelonModel,4428,public const int BOARD_WIDTH = 5;
code/AssetRipper_generated_CSharp/Assembly-CSharp/Activity/SummerWatermelon_3/SummerWatermelonModel.cs,Activity.SummerWatermelon_3,SummerWatermelonModel,4428,public const int BOARD_HEIGHT = 5;
code/AssetRipper_generated_CSharp/Assembly-CSharp/Activity/SummerWatermelon_3/SummerWatermelonModel.cs,Activity.SummerWatermelon_3,SummerWatermelonModel,4428,public const int BOARD_WIDTH_BIG = 6;
code/AssetRipper_generated_CSharp/Assembly-CSharp/Activity/SummerWatermelon_3/SummerWatermelonModel.cs,Activity.SummerWatermelon_3,SummerWatermelonModel,4428,public const int BOARD_HEIGHT_BIG = 8;
code/AssetRipper_generated_CSharp/Assembly-CSharp/Activity/SummerWatermelon_3/SummerWatermelonModel.cs,Activity.SummerWatermelon_3,SummerWatermelonModel,4428,private static SummerWatermelonModel _instance; // 0x4
code/AssetRipper_generated_CSharp/Assembly-CSharp/Activity/SummerWatermelon_3/SummerWatermelonModel.cs,Activity.SummerWatermelon_3,SummerWatermelonModel,4428,"private Dictionary<int, SummerWatermelonThreeProductConfig> _summerWatermelonProductConfig; // 0x3C"
code/AssetRipper_generated_CSharp/Assembly-CSharp/Activity/SummerWatermelon_3/SummerWatermelonModel.cs,Activity.SummerWatermelon_3,SummerWatermelonModel,4428,"private Dictionary<int, SummerWatermelonThreeFirstTimeRewardConfig> _summerWatermelonFirstTimeRewardConfig; // 0x40"
code/AssetRipper_generated_CSharp/Assembly-CSharp/Activity/SummerWatermelon_3/SummerWatermelonModel.cs,Activity.SummerWatermelon_3,SummerWatermelonModel,4428,"private Dictionary<int, SummerWatermelonThreeMergeRewardConfig> _summerWatermelonMergeRewardConfig; // 0x44"
code/AssetRipper_generated_CSharp/Assembly-CSharp/Activity/SummerWatermelon_3/SummerWatermelonModel.cs,Activity.SummerWatermelon_3,SummerWatermelonModel,4428,"private Dictionary<int, TableMergeItem> _mergeItemDictionary; // 0x48"
code/AssetRipper_generated_CSharp/Assembly-CSharp/Activity/SummerWatermelon_3/SummerWatermelonModel.cs,Activity.SummerWatermelon_3,SummerWatermelonModel,4428,public int UnSetItemsCount; // 0x4C
code/AssetRipper_generated_CSharp/Assembly-CSharp/Activity/SummerWatermelon_3/SummerWatermelonModel.cs,Activity.SummerWatermelon_3,SummerWatermelonModel,4428,public const ulong Offset = 0;
code/AssetRipper_generated_CSharp/Assembly-CSharp/Activity/SummerWatermelon_3/SummerWatermelonModel.cs,Activity.SummerWatermelon_3,SummerWatermelonModel,4428,private bool _isInit; // 0x50
code/AssetRipper_generated_CSharp/Assembly-CSharp/Activity/SummerWatermelon_3/SummerWatermelonModel.cs,Activity.SummerWatermelon_3,SummerWatermelonModel,4428,private static GameObject _flyItemObj; // 0x8
code/AssetRipper_generated_CSharp/Assembly-CSharp/Activity/SummerWatermelon_3/SummerWatermelonModel.cs,Activity.SummerWatermelon_3,SummerWatermelonModel,4428,private bool _lastActivityOpenState; // 0x51
code/AssetRipper_generated_CSharp/Assembly-CSharp/Activity/SummerWatermelon_3/SummerWatermelonModel.cs,Activity.SummerWatermelon_3,SummerWatermelonModel,4428,private bool _isBigBoardActive; // 0x52
code/AssetRipper_generated_CSharp/Assembly-CSharp/Activity/SummerWatermelon_3/SummerWatermelonModel.cs,Activity.SummerWatermelon_3,SummerWatermelonModel,4428,private bool <ShowIllustratedRedPoint>k__BackingField; // 0x53
code/AssetRipper_generated_CSharp/Assembly-CSharp/Activity/SummerWatermelon_3/SummerWatermelonModel.cs,Activity.SummerWatermelon_3,SummerWatermelonModel,4428,public static string battlePassCoolTimeKey; // 0xC
code/AssetRipper_generated_CSharp/Assembly-CSharp/Activity/SummerWatermelon_3/SummerWatermelonModel.cs,Activity.SummerWatermelon_3,SummerWatermelonModel,4428,private int _redPointNum; // 0x54
code/AssetRipper_generated_CSharp/Assembly-CSharp/Activity/SummerWatermelon_3/SummerWatermelonModel.cs,Activity.SummerWatermelon_3,SummerWatermelonModel,4428,public static string packageCoolTimeKey; // 0x10
code/AssetRipper_generated_CSharp/Assembly-CSharp/Activity/SummerWatermelon_3/SummerWatermelonModel.cs,Activity.SummerWatermelon_3,SummerWatermelonModel,4428,public static string newpackageCoolTimeKey; // 0x14
code/AssetRipper_generated_CSharp/Assembly-CSharp/SummerWatermelonModel.cs,,SummerWatermelonModel.<>c,4485,public static readonly SummerWatermelonModel.<>c <>9; // 0x0
code/AssetRipper_generated_CSharp/Assembly-CSharp/SummerWatermelonModel.cs,,SummerWatermelonModel.<>c,4485,public static Action <>9__164_0; // 0x4
code/AssetRipper_generated_CSharp/Assembly-CSharp/SummerWatermelonModel.cs,,SummerWatermelonModel.<>c,4485,public static Predicate<SummerWatermelonThirteenPackageConfig> <>9__167_0; // 0x8
code/AssetRipper_generated_CSharp/Assembly-CSharp/SummerWatermelonModel.cs,,SummerWatermelonModel.<>c__DisplayClass138_0,4486,public BattlePassThirteen config; // 0x8
code/AssetRipper_generated_CSharp/Assembly-CSharp/SummerWatermelonModel.cs,,SummerWatermelonModel.<>c__DisplayClass166_0,4487,public SummerWatermelonModel <>4__this; // 0x8
code/AssetRipper_generated_CSharp/Assembly-CSharp/SummerWatermelonModel.cs,,SummerWatermelonModel.<>c__DisplayClass166_0,4487,public bool openPopup; // 0xC
code/AssetRipper_generated_CSharp/Assembly-CSharp/SummerWatermelonModel.cs,,SummerWatermelonModel.<>c__DisplayClass166_1,4488,public SummerWatermelonThirteenPackageConfig config; // 0x8
code/AssetRipper_generated_CSharp/Assembly-CSharp/SummerWatermelonModel.cs,,SummerWatermelonModel.<>c__DisplayClass167_0,4489,public int index; // 0x8
code/AssetRipper_generated_CSharp/Assembly-CSharp/SummerWatermelonModel.cs,,SummerWatermelonModel.<>c__DisplayClass167_0,4489,public SummerWatermelonThirteenPackageReward _curGiftBagData; // 0xC
code/AssetRipper_generated_CSharp/Assembly-CSharp/SummerWatermelonModel.cs,,SummerWatermelonModel.<>c__DisplayClass167_0,4489,public SummerWatermelonModel <>4__this; // 0x10
code/AssetRipper_generated_CSharp/Assembly-CSharp/SummerWatermelonModel.cs,,SummerWatermelonModel.<>c__DisplayClass52_0,4490,public int maxNum; // 0x8
code/AssetRipper_generated_CSharp/Assembly-CSharp/SummerWatermelonModel.cs,,SummerWatermelonModel.<>c__DisplayClass52_0,4490,public SummerWatermelonModel <>4__this; // 0xC
code/AssetRipper_generated_CSharp/Assembly-CSharp/SummerWatermelonModel.cs,,SummerWatermelonModel.<>c__DisplayClass52_0,4490,public int rewardNum; // 0x10
code/AssetRipper_generated_CSharp/Assembly-CSharp/SummerWatermelonModel.cs,,SummerWatermelonModel.<>c__DisplayClass52_1,4491,public int currentNum; // 0x8
code/AssetRipper_generated_CSharp/Assembly-CSharp/SummerWatermelonModel.cs,,SummerWatermelonModel.<>c__DisplayClass52_1,4491,public SummerWatermelonModel.<>c__DisplayClass52_0 CS$<>8__locals1; // 0xC
code/AssetRipper_generated_CSharp/Assembly-CSharp/SummerWatermelonModel.cs,,SummerWatermelonModel.<>c__DisplayClass56_0,4492,public Vector3 position; // 0x8
code/AssetRipper_generated_CSharp/Assembly-CSharp/SummerWatermelonModel.cs,,SummerWatermelonModel.<>c__DisplayClass56_0,4492,public Action action; // 0x14
code/AssetRipper_generated_CSharp/Assembly-CSharp/SummerWatermelonModel.cs,,SummerWatermelonModel.<>c__DisplayClass98_0,4493,public SummerWatermelonModel <>4__this; // 0x8
code/AssetRipper_generated_CSharp/Assembly-CSharp/SummerWatermelonModel.cs,,SummerWatermelonModel.<>c__DisplayClass98_0,4493,public TableMergeItem itemConfig; // 0xC
code/AssetRipper_generated_CSharp/Assembly-CSharp/SummerWatermelonModel.cs,,SummerWatermelonModel.<>c__DisplayClass99_0,4494,public List<ResData> rewardsList; // 0x8
code/AssetRipper_generated_CSharp/Assembly-CSharp/SummerWatermelonModel.cs,,SummerWatermelonModel.<>c__DisplayClass99_0,4494,public TaskCompletionSource<bool> taskRewardCollect; // 0xC
code/AssetRipper_generated_CSharp/Assembly-CSharp/SummerWatermelonModel.cs,,SummerWatermelonModel.<OnNewItem>d__98,4495,public int <>1__state; // 0x0
code/AssetRipper_generated_CSharp/Assembly-CSharp/SummerWatermelonModel.cs,,SummerWatermelonModel.<OnNewItem>d__98,4495,public AsyncVoidMethodBuilder <>t__builder; // 0x4
code/AssetRipper_generated_CSharp/Assembly-CSharp/SummerWatermelonModel.cs,,SummerWatermelonModel.<OnNewItem>d__98,4495,public SummerWatermelonModel <>4__this; // 0x14
code/AssetRipper_generated_CSharp/Assembly-CSharp/SummerWatermelonModel.cs,,SummerWatermelonModel.<OnNewItem>d__98,4495,public int id; // 0x18
code/AssetRipper_generated_CSharp/Assembly-CSharp/SummerWatermelonModel.cs,,SummerWatermelonModel.<OnNewItem>d__98,4495,public RefreshItemSource source; // 0x1C
code/AssetRipper_generated_CSharp/Assembly-CSharp/SummerWatermelonModel.cs,,SummerWatermelonModel.<OnNewItem>d__98,4495,private SummerWatermelonModel.<>c__DisplayClass98_0 <>8__1; // 0x20
code/AssetRipper_generated_CSharp/Assembly-CSharp/SummerWatermelonModel.cs,,SummerWatermelonModel.<OnNewItem>d__98,4495,private TaskAwaiter <>u__1; // 0x24
code/AssetRipper_generated_CSharp/Assembly-CSharp/SummerWatermelonModel.cs,,SummerWatermelonModel.<OnNewItem>d__98,4495,private TaskAwaiter<bool> <>u__2; // 0x28
code/AssetRipper_generated_CSharp/Assembly-CSharp/Activity/SummerWatermelon_13/SummerWatermelonModel.cs,Activity.SummerWatermelon_13,SummerWatermelonModel,4496,public static bool InGuideChain; // 0x0
code/AssetRipper_generated_CSharp/Assembly-CSharp/Activity/SummerWatermelon_13/SummerWatermelonModel.cs,Activity.SummerWatermelon_13,SummerWatermelonModel,4496,public const int BOARD_WIDTH = 5;
code/AssetRipper_generated_CSharp/Assembly-CSharp/Activity/SummerWatermelon_13/SummerWatermelonModel.cs,Activity.SummerWatermelon_13,SummerWatermelonModel,4496,public const int BOARD_HEIGHT = 5;
code/AssetRipper_generated_CSharp/Assembly-CSharp/Activity/SummerWatermelon_13/SummerWatermelonModel.cs,Activity.SummerWatermelon_13,SummerWatermelonModel,4496,public const int BOARD_WIDTH_BIG = 6;
code/AssetRipper_generated_CSharp/Assembly-CSharp/Activity/SummerWatermelon_13/SummerWatermelonModel.cs,Activity.SummerWatermelon_13,SummerWatermelonModel,4496,public const int BOARD_HEIGHT_BIG = 8;
code/AssetRipper_generated_CSharp/Assembly-CSharp/Activity/SummerWatermelon_13/SummerWatermelonModel.cs,Activity.SummerWatermelon_13,SummerWatermelonModel,4496,private static SummerWatermelonModel _instance; // 0x4
code/AssetRipper_generated_CSharp/Assembly-CSharp/Activity/SummerWatermelon_13/SummerWatermelonModel.cs,Activity.SummerWatermelon_13,SummerWatermelonModel,4496,"private Dictionary<int, SummerWatermelonThirteenProductConfig> _summerWatermelonProductConfig; // 0x3C"
code/AssetRipper_generated_CSharp/Assembly-CSharp/Activity/SummerWatermelon_13/SummerWatermelonModel.cs,Activity.SummerWatermelon_13,SummerWatermelonModel,4496,"private Dictionary<int, SummerWatermelonThirteenFirstTimeRewardConfig> _summerWatermelonFirstTimeRewardConfig; // 0x40"
code/AssetRipper_generated_CSharp/Assembly-CSharp/Activity/SummerWatermelon_13/SummerWatermelonModel.cs,Activity.SummerWatermelon_13,SummerWatermelonModel,4496,"private Dictionary<int, SummerWatermelonThirteenMergeRewardConfig> _summerWatermelonMergeRewardConfig; // 0x44"
code/AssetRipper_generated_CSharp/Assembly-CSharp/Activity/SummerWatermelon_13/SummerWatermelonModel.cs,Activity.SummerWatermelon_13,SummerWatermelonModel,4496,"private Dictionary<int, TableMergeItem> _mergeItemDictionary; // 0x48"
code/AssetRipper_generated_CSharp/Assembly-CSharp/Activity/SummerWatermelon_13/SummerWatermelonModel.cs,Activity.SummerWatermelon_13,SummerWatermelonModel,4496,public int UnSetItemsCount; // 0x4C
code/AssetRipper_generated_CSharp/Assembly-CSharp/Activity/SummerWatermelon_13/SummerWatermelonModel.cs,Activity.SummerWatermelon_13,SummerWatermelonModel,4496,public const ulong Offset = 0;
code/AssetRipper_generated_CSharp/Assembly-CSharp/Activity/SummerWatermelon_13/SummerWatermelonModel.cs,Activity.SummerWatermelon_13,SummerWatermelonModel,4496,private bool _isInit; // 0x50
code/AssetRipper_generated_CSharp/Assembly-CSharp/Activity/SummerWatermelon_13/SummerWatermelonModel.cs,Activity.SummerWatermelon_13,SummerWatermelonModel,4496,private static GameObject _flyItemObj; // 0x8
code/AssetRipper_generated_CSharp/Assembly-CSharp/Activity/SummerWatermelon_13/SummerWatermelonModel.cs,Activity.SummerWatermelon_13,SummerWatermelonModel,4496,private bool _lastActivityOpenState; // 0x51
code/AssetRipper_generated_CSharp/Assembly-CSharp/Activity/SummerWatermelon_13/SummerWatermelonModel.cs,Activity.SummerWatermelon_13,SummerWatermelonModel,4496,private bool <ShowIllustratedRedPoint>k__BackingField; // 0x52
code/AssetRipper_generated_CSharp/Assembly-CSharp/Activity/SummerWatermelon_13/SummerWatermelonModel.cs,Activity.SummerWatermelon_13,SummerWatermelonModel,4496,public static string battlePassCoolTimeKey; // 0xC
code/AssetRipper_generated_CSharp/Assembly-CSharp/Activity/SummerWatermelon_13/SummerWatermelonModel.cs,Activity.SummerWatermelon_13,SummerWatermelonModel,4496,private int _redPointNum; // 0x54
code/AssetRipper_generated_CSharp/Assembly-CSharp/Activity/SummerWatermelon_13/SummerWatermelonModel.cs,Activity.SummerWatermelon_13,SummerWatermelonModel,4496,public static string packageCoolTimeKey; // 0x10
code/AssetRipper_generated_CSharp/Assembly-CSharp/Activity/SummerWatermelon_13/SummerWatermelonModel.cs,Activity.SummerWatermelon_13,SummerWatermelonModel,4496,public static string newpackageCoolTimeKey; // 0x14
code/AssetRipper_generated_CSharp/Assembly-CSharp/SummerWatermelonModel.cs,,SummerWatermelonModel.<>c,4551,public static readonly SummerWatermelonModel.<>c <>9; // 0x0
code/AssetRipper_generated_CSharp/Assembly-CSharp/SummerWatermelonModel.cs,,SummerWatermelonModel.<>c,4551,public static Predicate<SummerWatermelonTenPackageConfig> <>9__148_0; // 0x4
code/AssetRipper_generated_CSharp/Assembly-CSharp/SummerWatermelonModel.cs,,SummerWatermelonModel.<>c__DisplayClass131_0,4552,public BattlePassTen config; // 0x8
code/AssetRipper_generated_CSharp/Assembly-CSharp/SummerWatermelonModel.cs,,SummerWatermelonModel.<>c__DisplayClass147_0,4553,public SummerWatermelonModel <>4__this; // 0x8
code/AssetRipper_generated_CSharp/Assembly-CSharp/SummerWatermelonModel.cs,,SummerWatermelonModel.<>c__DisplayClass147_0,4553,public bool openPopup; // 0xC
code/AssetRipper_generated_CSharp/Assembly-CSharp/SummerWatermelonModel.cs,,SummerWatermelonModel.<>c__DisplayClass147_1,4554,public SummerWatermelonTenPackageConfig config; // 0x8
code/AssetRipper_generated_CSharp/Assembly-CSharp/SummerWatermelonModel.cs,,SummerWatermelonModel.<>c__DisplayClass148_0,4555,public int index; // 0x8
code/AssetRipper_generated_CSharp/Assembly-CSharp/SummerWatermelonModel.cs,,SummerWatermelonModel.<>c__DisplayClass148_0,4555,public SummerWatermelonTenPackageReward _curGiftBagData; // 0xC
code/AssetRipper_generated_CSharp/Assembly-CSharp/SummerWatermelonModel.cs,,SummerWatermelonModel.<>c__DisplayClass148_0,4555,public SummerWatermelonModel <>4__this; // 0x10
code/AssetRipper_generated_CSharp/Assembly-CSharp/SummerWatermelonModel.cs,,SummerWatermelonModel.<>c__DisplayClass50_0,4556,public int maxNum; // 0x8
code/AssetRipper_generated_CSharp/Assembly-CSharp/SummerWatermelonModel.cs,,SummerWatermelonModel.<>c__DisplayClass50_0,4556,public SummerWatermelonModel <>4__this; // 0xC
code/AssetRipper_generated_CSharp/Assembly-CSharp/SummerWatermelonModel.cs,,SummerWatermelonModel.<>c__DisplayClass50_0,4556,public int rewardNum; // 0x10
code/AssetRipper_generated_CSharp/Assembly-CSharp/SummerWatermelonModel.cs,,SummerWatermelonModel.<>c__DisplayClass50_1,4557,public int currentNum; // 0x8
code/AssetRipper_generated_CSharp/Assembly-CSharp/SummerWatermelonModel.cs,,SummerWatermelonModel.<>c__DisplayClass50_1,4557,public SummerWatermelonModel.<>c__DisplayClass50_0 CS$<>8__locals1; // 0xC
code/AssetRipper_generated_CSharp/Assembly-CSharp/SummerWatermelonModel.cs,,SummerWatermelonModel.<>c__DisplayClass54_0,4558,public Vector3 position; // 0x8
code/AssetRipper_generated_CSharp/Assembly-CSharp/SummerWatermelonModel.cs,,SummerWatermelonModel.<>c__DisplayClass54_0,4558,public Action action; // 0x14
code/AssetRipper_generated_CSharp/Assembly-CSharp/SummerWatermelonModel.cs,,SummerWatermelonModel.<>c__DisplayClass87_0,4559,public SummerWatermelonModel <>4__this; // 0x8
code/AssetRipper_generated_CSharp/Assembly-CSharp/SummerWatermelonModel.cs,,SummerWatermelonModel.<>c__DisplayClass87_0,4559,public TableMergeItem itemConfig; // 0xC
code/AssetRipper_generated_CSharp/Assembly-CSharp/SummerWatermelonModel.cs,,SummerWatermelonModel.<>c__DisplayClass88_0,4560,public List<ResData> rewardsList; // 0x8
code/AssetRipper_generated_CSharp/Assembly-CSharp/SummerWatermelonModel.cs,,SummerWatermelonModel.<>c__DisplayClass88_0,4560,public TaskCompletionSource<bool> taskRewardCollect; // 0xC
code/AssetRipper_generated_CSharp/Assembly-CSharp/SummerWatermelonModel.cs,,SummerWatermelonModel.<OnNewItem>d__87,4561,public int <>1__state; // 0x0
code/AssetRipper_generated_CSharp/Assembly-CSharp/SummerWatermelonModel.cs,,SummerWatermelonModel.<OnNewItem>d__87,4561,public AsyncVoidMethodBuilder <>t__builder; // 0x4
code/AssetRipper_generated_CSharp/Assembly-CSharp/SummerWatermelonModel.cs,,SummerWatermelonModel.<OnNewItem>d__87,4561,public SummerWatermelonModel <>4__this; // 0x14
code/AssetRipper_generated_CSharp/Assembly-CSharp/SummerWatermelonModel.cs,,SummerWatermelonModel.<OnNewItem>d__87,4561,public int id; // 0x18
code/AssetRipper_generated_CSharp/Assembly-CSharp/SummerWatermelonModel.cs,,SummerWatermelonModel.<OnNewItem>d__87,4561,public RefreshItemSource source; // 0x1C
code/AssetRipper_generated_CSharp/Assembly-CSharp/SummerWatermelonModel.cs,,SummerWatermelonModel.<OnNewItem>d__87,4561,private SummerWatermelonModel.<>c__DisplayClass87_0 <>8__1; // 0x20
code/AssetRipper_generated_CSharp/Assembly-CSharp/SummerWatermelonModel.cs,,SummerWatermelonModel.<OnNewItem>d__87,4561,private TaskAwaiter <>u__1; // 0x24
code/AssetRipper_generated_CSharp/Assembly-CSharp/SummerWatermelonModel.cs,,SummerWatermelonModel.<OnNewItem>d__87,4561,private TaskAwaiter<bool> <>u__2; // 0x28
code/AssetRipper_generated_CSharp/Assembly-CSharp/Activity/SummerWatermelon_10/SummerWatermelonModel.cs,Activity.SummerWatermelon_10,SummerWatermelonModel,4562,public static bool InGuideChain; // 0x0
code/AssetRipper_generated_CSharp/Assembly-CSharp/Activity/SummerWatermelon_10/SummerWatermelonModel.cs,Activity.SummerWatermelon_10,SummerWatermelonModel,4562,public const int BOARD_WIDTH = 6;
code/AssetRipper_generated_CSharp/Assembly-CSharp/Activity/SummerWatermelon_10/SummerWatermelonModel.cs,Activity.SummerWatermelon_10,SummerWatermelonModel,4562,public const int BOARD_HEIGHT = 14;
code/AssetRipper_generated_CSharp/Assembly-CSharp/Activity/SummerWatermelon_10/SummerWatermelonModel.cs,Activity.SummerWatermelon_10,SummerWatermelonModel,4562,private static SummerWatermelonModel _instance; // 0x4
code/AssetRipper_generated_CSharp/Assembly-CSharp/Activity/SummerWatermelon_10/SummerWatermelonModel.cs,Activity.SummerWatermelon_10,SummerWatermelonModel,4562,"private Dictionary<int, SummerWatermelonTenProductConfig> _summerWatermelonProductConfig; // 0x3C"
code/AssetRipper_generated_CSharp/Assembly-CSharp/Activity/SummerWatermelon_10/SummerWatermelonModel.cs,Activity.SummerWatermelon_10,SummerWatermelonModel,4562,"private Dictionary<int, SummerWatermelonTenFirstTimeRewardConfig> _summerWatermelonFirstTimeRewardConfig; // 0x40"
code/AssetRipper_generated_CSharp/Assembly-CSharp/Activity/SummerWatermelon_10/SummerWatermelonModel.cs,Activity.SummerWatermelon_10,SummerWatermelonModel,4562,"private Dictionary<int, SummerWatermelonTenMergeRewardConfig> _summerWatermelonMergeRewardConfig; // 0x44"
code/AssetRipper_generated_CSharp/Assembly-CSharp/Activity/SummerWatermelon_10/SummerWatermelonModel.cs,Activity.SummerWatermelon_10,SummerWatermelonModel,4562,"private Dictionary<int, TableMergeItem> _mergeItemDictionary; // 0x48"
code/AssetRipper_generated_CSharp/Assembly-CSharp/Activity/SummerWatermelon_10/SummerWatermelonModel.cs,Activity.SummerWatermelon_10,SummerWatermelonModel,4562,public int UnSetItemsCount; // 0x4C
code/AssetRipper_generated_CSharp/Assembly-CSharp/Activity/SummerWatermelon_10/SummerWatermelonModel.cs,Activity.SummerWatermelon_10,SummerWatermelonModel,4562,public const ulong Offset = 0;
code/AssetRipper_generated_CSharp/Assembly-CSharp/Activity/SummerWatermelon_10/SummerWatermelonModel.cs,Activity.SummerWatermelon_10,SummerWatermelonModel,4562,private bool _isInit; // 0x50
code/AssetRipper_generated_CSharp/Assembly-CSharp/Activity/SummerWatermelon_10/SummerWatermelonModel.cs,Activity.SummerWatermelon_10,SummerWatermelonModel,4562,private static GameObject _flyItemObj; // 0x8
code/AssetRipper_generated_CSharp/Assembly-CSharp/Activity/SummerWatermelon_10/SummerWatermelonModel.cs,Activity.SummerWatermelon_10,SummerWatermelonModel,4562,private bool _lastActivityOpenState; // 0x51
code/AssetRipper_generated_CSharp/Assembly-CSharp/Activity/SummerWatermelon_10/SummerWatermelonModel.cs,Activity.SummerWatermelon_10,SummerWatermelonModel,4562,private bool <ShowIllustratedRedPoint>k__BackingField; // 0x52
code/AssetRipper_generated_CSharp/Assembly-CSharp/Activity/SummerWatermelon_10/SummerWatermelonModel.cs,Activity.SummerWatermelon_10,SummerWatermelonModel,4562,public static string battlePassCoolTimeKey; // 0xC
code/AssetRipper_generated_CSharp/Assembly-CSharp/Activity/SummerWatermelon_10/SummerWatermelonModel.cs,Activity.SummerWatermelon_10,SummerWatermelonModel,4562,private int _redPointNum; // 0x54
code/AssetRipper_generated_CSharp/Assembly-CSharp/Activity/SummerWatermelon_10/SummerWatermelonModel.cs,Activity.SummerWatermelon_10,SummerWatermelonModel,4562,public static string packageCoolTimeKey; // 0x10
code/AssetRipper_generated_CSharp/Assembly-CSharp/SummerWatermelonModel.cs,,SummerWatermelonModel.<>c,4613,public static readonly SummerWatermelonModel.<>c <>9; // 0x0
code/AssetRipper_generated_CSharp/Assembly-CSharp/SummerWatermelonModel.cs,,SummerWatermelonModel.<>c,4613,public static Action <>9__168_0; // 0x4
code/AssetRipper_generated_CSharp/Assembly-CSharp/SummerWatermelonModel.cs,,SummerWatermelonModel.<>c,4613,public static Predicate<SummerWatermelonThirtyFourPackageConfig> <>9__171_0; // 0x8
code/AssetRipper_generated_CSharp/Assembly-CSharp/SummerWatermelonModel.cs,,SummerWatermelonModel.<>c__DisplayClass142_0,4614,public BattlePassThirtyFour config; // 0x8
code/AssetRipper_generated_CSharp/Assembly-CSharp/SummerWatermelonModel.cs,,SummerWatermelonModel.<>c__DisplayClass170_0,4615,public SummerWatermelonModel <>4__this; // 0x8
code/AssetRipper_generated_CSharp/Assembly-CSharp/SummerWatermelonModel.cs,,SummerWatermelonModel.<>c__DisplayClass170_0,4615,public bool openPopup; // 0xC
code/AssetRipper_generated_CSharp/Assembly-CSharp/SummerWatermelonModel.cs,,SummerWatermelonModel.<>c__DisplayClass170_1,4616,public SummerWatermelonThirtyFourPackageConfig config; // 0x8
code/AssetRipper_generated_CSharp/Assembly-CSharp/SummerWatermelonModel.cs,,SummerWatermelonModel.<>c__DisplayClass171_0,4617,public int index; // 0x8
code/AssetRipper_generated_CSharp/Assembly-CSharp/SummerWatermelonModel.cs,,SummerWatermelonModel.<>c__DisplayClass171_0,4617,public SummerWatermelonThirtyFourPackageReward _curGiftBagData; // 0xC
code/AssetRipper_generated_CSharp/Assembly-CSharp/SummerWatermelonModel.cs,,SummerWatermelonModel.<>c__DisplayClass171_0,4617,public SummerWatermelonModel <>4__this; // 0x10
code/AssetRipper_generated_CSharp/Assembly-CSharp/SummerWatermelonModel.cs,,SummerWatermelonModel.<>c__DisplayClass52_0,4618,public int maxNum; // 0x8
code/AssetRipper_generated_CSharp/Assembly-CSharp/SummerWatermelonModel.cs,,SummerWatermelonModel.<>c__DisplayClass52_0,4618,public SummerWatermelonModel <>4__this; // 0xC
code/AssetRipper_generated_CSharp/Assembly-CSharp/SummerWatermelonModel.cs,,SummerWatermelonModel.<>c__DisplayClass52_0,4618,public int rewardNum; // 0x10
code/AssetRipper_generated_CSharp/Assembly-CSharp/SummerWatermelonModel.cs,,SummerWatermelonModel.<>c__DisplayClass52_1,4619,public int currentNum; // 0x8
code/AssetRipper_generated_CSharp/Assembly-CSharp/SummerWatermelonModel.cs,,SummerWatermelonModel.<>c__DisplayClass52_1,4619,public SummerWatermelonModel.<>c__DisplayClass52_0 CS$<>8__locals1; // 0xC
code/AssetRipper_generated_CSharp/Assembly-CSharp/SummerWatermelonModel.cs,,SummerWatermelonModel.<>c__DisplayClass56_0,4620,public Vector3 position; // 0x8
code/AssetRipper_generated_CSharp/Assembly-CSharp/SummerWatermelonModel.cs,,SummerWatermelonModel.<>c__DisplayClass56_0,4620,public Action action; // 0x14
code/AssetRipper_generated_CSharp/Assembly-CSharp/SummerWatermelonModel.cs,,SummerWatermelonModel.<>c__DisplayClass98_0,4621,public SummerWatermelonModel <>4__this; // 0x8
code/AssetRipper_generated_CSharp/Assembly-CSharp/SummerWatermelonModel.cs,,SummerWatermelonModel.<>c__DisplayClass98_0,4621,public TableMergeItem itemConfig; // 0xC
code/AssetRipper_generated_CSharp/Assembly-CSharp/SummerWatermelonModel.cs,,SummerWatermelonModel.<>c__DisplayClass99_0,4622,public List<ResData> rewardsList; // 0x8
code/AssetRipper_generated_CSharp/Assembly-CSharp/SummerWatermelonModel.cs,,SummerWatermelonModel.<>c__DisplayClass99_0,4622,public TaskCompletionSource<bool> taskRewardCollect; // 0xC
code/AssetRipper_generated_CSharp/Assembly-CSharp/SummerWatermelonModel.cs,,SummerWatermelonModel.<OnNewItem>d__98,4623,public int <>1__state; // 0x0
code/AssetRipper_generated_CSharp/Assembly-CSharp/SummerWatermelonModel.cs,,SummerWatermelonModel.<OnNewItem>d__98,4623,public AsyncVoidMethodBuilder <>t__builder; // 0x4
code/AssetRipper_generated_CSharp/Assembly-CSharp/SummerWatermelonModel.cs,,SummerWatermelonModel.<OnNewItem>d__98,4623,public SummerWatermelonModel <>4__this; // 0x14
code/AssetRipper_generated_CSharp/Assembly-CSharp/SummerWatermelonModel.cs,,SummerWatermelonModel.<OnNewItem>d__98,4623,public int id; // 0x18
code/AssetRipper_generated_CSharp/Assembly-CSharp/SummerWatermelonModel.cs,,SummerWatermelonModel.<OnNewItem>d__98,4623,public RefreshItemSource source; // 0x1C
code/AssetRipper_generated_CSharp/Assembly-CSharp/SummerWatermelonModel.cs,,SummerWatermelonModel.<OnNewItem>d__98,4623,public Vector3 startPos; // 0x20
code/AssetRipper_generated_CSharp/Assembly-CSharp/SummerWatermelonModel.cs,,SummerWatermelonModel.<OnNewItem>d__98,4623,private SummerWatermelonModel.<>c__DisplayClass98_0 <>8__1; // 0x2C
code/AssetRipper_generated_CSharp/Assembly-CSharp/SummerWatermelonModel.cs,,SummerWatermelonModel.<OnNewItem>d__98,4623,private TaskAwaiter <>u__1; // 0x30
code/AssetRipper_generated_CSharp/Assembly-CSharp/SummerWatermelonModel.cs,,SummerWatermelonModel.<OnNewItem>d__98,4623,private TaskAwaiter<bool> <>u__2; // 0x34
code/AssetRipper_generated_CSharp/Assembly-CSharp/Activity/SummerWatermelon_34/SummerWatermelonModel.cs,Activity.SummerWatermelon_34,SummerWatermelonModel,4624,public static bool InGuideChain; // 0x0
code/AssetRipper_generated_CSharp/Assembly-CSharp/Activity/SummerWatermelon_34/SummerWatermelonModel.cs,Activity.SummerWatermelon_34,SummerWatermelonModel,4624,public const int BOARD_WIDTH = 5;
code/AssetRipper_generated_CSharp/Assembly-CSharp/Activity/SummerWatermelon_34/SummerWatermelonModel.cs,Activity.SummerWatermelon_34,SummerWatermelonModel,4624,public const int BOARD_HEIGHT = 5;
code/AssetRipper_generated_CSharp/Assembly-CSharp/Activity/SummerWatermelon_34/SummerWatermelonModel.cs,Activity.SummerWatermelon_34,SummerWatermelonModel,4624,public const int BOARD_WIDTH_BIG = 6;
code/AssetRipper_generated_CSharp/Assembly-CSharp/Activity/SummerWatermelon_34/SummerWatermelonModel.cs,Activity.SummerWatermelon_34,SummerWatermelonModel,4624,public const int BOARD_HEIGHT_BIG = 8;
code/AssetRipper_generated_CSharp/Assembly-CSharp/Activity/SummerWatermelon_34/SummerWatermelonModel.cs,Activity.SummerWatermelon_34,SummerWatermelonModel,4624,private static SummerWatermelonModel _instance; // 0x4
code/AssetRipper_generated_CSharp/Assembly-CSharp/Activity/SummerWatermelon_34/SummerWatermelonModel.cs,Activity.SummerWatermelon_34,SummerWatermelonModel,4624,"private Dictionary<int, SummerWatermelonThirtyFourProductConfig> _summerWatermelonProductConfig; // 0x3C"
code/AssetRipper_generated_CSharp/Assembly-CSharp/Activity/SummerWatermelon_34/SummerWatermelonModel.cs,Activity.SummerWatermelon_34,SummerWatermelonModel,4624,"private Dictionary<int, SummerWatermelonThirtyFourFirstTimeRewardConfig> _summerWatermelonFirstTimeRewardConfig; // 0x40"
code/AssetRipper_generated_CSharp/Assembly-CSharp/Activity/SummerWatermelon_34/SummerWatermelonModel.cs,Activity.SummerWatermelon_34,SummerWatermelonModel,4624,"private Dictionary<int, SummerWatermelonThirtyFourMergeRewardConfig> _summerWatermelonMergeRewardConfig; // 0x44"
code/AssetRipper_generated_CSharp/Assembly-CSharp/Activity/SummerWatermelon_34/SummerWatermelonModel.cs,Activity.SummerWatermelon_34,SummerWatermelonModel,4624,"private Dictionary<int, TableMergeItem> _mergeItemDictionary; // 0x48"
code/AssetRipper_generated_CSharp/Assembly-CSharp/Activity/SummerWatermelon_34/SummerWatermelonModel.cs,Activity.SummerWatermelon_34,SummerWatermelonModel,4624,public int UnSetItemsCount; // 0x4C
code/AssetRipper_generated_CSharp/Assembly-CSharp/Activity/SummerWatermelon_34/SummerWatermelonModel.cs,Activity.SummerWatermelon_34,SummerWatermelonModel,4624,public const ulong Offset = 0;
code/AssetRipper_generated_CSharp/Assembly-CSharp/Activity/SummerWatermelon_34/SummerWatermelonModel.cs,Activity.SummerWatermelon_34,SummerWatermelonModel,4624,private bool _isInit; // 0x50
code/AssetRipper_generated_CSharp/Assembly-CSharp/Activity/SummerWatermelon_34/SummerWatermelonModel.cs,Activity.SummerWatermelon_34,SummerWatermelonModel,4624,private static GameObject _flyItemObj; // 0x8
code/AssetRipper_generated_CSharp/Assembly-CSharp/Activity/SummerWatermelon_34/SummerWatermelonModel.cs,Activity.SummerWatermelon_34,SummerWatermelonModel,4624,private bool _lastActivityOpenState; // 0x51
code/AssetRipper_generated_CSharp/Assembly-CSharp/Activity/SummerWatermelon_34/SummerWatermelonModel.cs,Activity.SummerWatermelon_34,SummerWatermelonModel,4624,private bool <ShowIllustratedRedPoint>k__BackingField; // 0x52
code/AssetRipper_generated_CSharp/Assembly-CSharp/Activity/SummerWatermelon_34/SummerWatermelonModel.cs,Activity.SummerWatermelon_34,SummerWatermelonModel,4624,public static string battlePassCoolTimeKey; // 0xC
code/AssetRipper_generated_CSharp/Assembly-CSharp/Activity/SummerWatermelon_34/SummerWatermelonModel.cs,Activity.SummerWatermelon_34,SummerWatermelonModel,4624,private int _redPointNum; // 0x54
code/AssetRipper_generated_CSharp/Assembly-CSharp/Activity/SummerWatermelon_34/SummerWatermelonModel.cs,Activity.SummerWatermelon_34,SummerWatermelonModel,4624,public static string packageCoolTimeKey; // 0x10
code/AssetRipper_generated_CSharp/Assembly-CSharp/Activity/SummerWatermelon_34/SummerWatermelonModel.cs,Activity.SummerWatermelon_34,SummerWatermelonModel,4624,public static string newpackageCoolTimeKey; // 0x14
code/AssetRipper_generated_CSharp/Assembly-CSharp/SummerWatermelonModel.cs,,SummerWatermelonModel.<>c,4680,public static readonly SummerWatermelonModel.<>c <>9; // 0x0
code/AssetRipper_generated_CSharp/Assembly-CSharp/SummerWatermelonModel.cs,,SummerWatermelonModel.<>c,4680,public static Predicate<SummerWatermelonSixTeenPackageConfig> <>9__150_0; // 0x4
code/AssetRipper_generated_CSharp/Assembly-CSharp/SummerWatermelonModel.cs,,SummerWatermelonModel.<>c__DisplayClass131_0,4681,public BattlePassSixTeen config; // 0x8
code/AssetRipper_generated_CSharp/Assembly-CSharp/SummerWatermelonModel.cs,,SummerWatermelonModel.<>c__DisplayClass149_0,4682,public SummerWatermelonModel <>4__this; // 0x8
code/AssetRipper_generated_CSharp/Assembly-CSharp/SummerWatermelonModel.cs,,SummerWatermelonModel.<>c__DisplayClass149_0,4682,public bool openPopup; // 0xC
code/AssetRipper_generated_CSharp/Assembly-CSharp/SummerWatermelonModel.cs,,SummerWatermelonModel.<>c__DisplayClass149_1,4683,public SummerWatermelonSixTeenPackageConfig config; // 0x8
code/AssetRipper_generated_CSharp/Assembly-CSharp/SummerWatermelonModel.cs,,SummerWatermelonModel.<>c__DisplayClass150_0,4684,public int index; // 0x8
code/AssetRipper_generated_CSharp/Assembly-CSharp/SummerWatermelonModel.cs,,SummerWatermelonModel.<>c__DisplayClass150_0,4684,public SummerWatermelonSixTeenPackageReward _curGiftBagData; // 0xC
code/AssetRipper_generated_CSharp/Assembly-CSharp/SummerWatermelonModel.cs,,SummerWatermelonModel.<>c__DisplayClass150_0,4684,public SummerWatermelonModel <>4__this; // 0x10
code/AssetRipper_generated_CSharp/Assembly-CSharp/SummerWatermelonModel.cs,,SummerWatermelonModel.<>c__DisplayClass50_0,4685,public int maxNum; // 0x8
code/AssetRipper_generated_CSharp/Assembly-CSharp/SummerWatermelonModel.cs,,SummerWatermelonModel.<>c__DisplayClass50_0,4685,public SummerWatermelonModel <>4__this; // 0xC
code/AssetRipper_generated_CSharp/Assembly-CSharp/SummerWatermelonModel.cs,,SummerWatermelonModel.<>c__DisplayClass50_0,4685,public int rewardNum; // 0x10
code/AssetRipper_generated_CSharp/Assembly-CSharp/SummerWatermelonModel.cs,,SummerWatermelonModel.<>c__DisplayClass50_1,4686,public int currentNum; // 0x8
code/AssetRipper_generated_CSharp/Assembly-CSharp/SummerWatermelonModel.cs,,SummerWatermelonModel.<>c__DisplayClass50_1,4686,public SummerWatermelonModel.<>c__DisplayClass50_0 CS$<>8__locals1; // 0xC
code/AssetRipper_generated_CSharp/Assembly-CSharp/SummerWatermelonModel.cs,,SummerWatermelonModel.<>c__DisplayClass54_0,4687,public Vector3 position; // 0x8
code/AssetRipper_generated_CSharp/Assembly-CSharp/SummerWatermelonModel.cs,,SummerWatermelonModel.<>c__DisplayClass54_0,4687,public Action action; // 0x14
code/AssetRipper_generated_CSharp/Assembly-CSharp/SummerWatermelonModel.cs,,SummerWatermelonModel.<>c__DisplayClass87_0,4688,public SummerWatermelonModel <>4__this; // 0x8
code/AssetRipper_generated_CSharp/Assembly-CSharp/SummerWatermelonModel.cs,,SummerWatermelonModel.<>c__DisplayClass87_0,4688,public TableMergeItem itemConfig; // 0xC
code/AssetRipper_generated_CSharp/Assembly-CSharp/SummerWatermelonModel.cs,,SummerWatermelonModel.<>c__DisplayClass88_0,4689,public List<ResData> rewardsList; // 0x8
code/AssetRipper_generated_CSharp/Assembly-CSharp/SummerWatermelonModel.cs,,SummerWatermelonModel.<>c__DisplayClass88_0,4689,public TaskCompletionSource<bool> taskRewardCollect; // 0xC
code/AssetRipper_generated_CSharp/Assembly-CSharp/SummerWatermelonModel.cs,,SummerWatermelonModel.<OnNewItem>d__87,4690,public int <>1__state; // 0x0
code/AssetRipper_generated_CSharp/Assembly-CSharp/SummerWatermelonModel.cs,,SummerWatermelonModel.<OnNewItem>d__87,4690,public AsyncVoidMethodBuilder <>t__builder; // 0x4
code/AssetRipper_generated_CSharp/Assembly-CSharp/SummerWatermelonModel.cs,,SummerWatermelonModel.<OnNewItem>d__87,4690,public SummerWatermelonModel <>4__this; // 0x14
code/AssetRipper_generated_CSharp/Assembly-CSharp/SummerWatermelonModel.cs,,SummerWatermelonModel.<OnNewItem>d__87,4690,public int id; // 0x18
code/AssetRipper_generated_CSharp/Assembly-CSharp/SummerWatermelonModel.cs,,SummerWatermelonModel.<OnNewItem>d__87,4690,public RefreshItemSource source; // 0x1C
code/AssetRipper_generated_CSharp/Assembly-CSharp/SummerWatermelonModel.cs,,SummerWatermelonModel.<OnNewItem>d__87,4690,private SummerWatermelonModel.<>c__DisplayClass87_0 <>8__1; // 0x20
code/AssetRipper_generated_CSharp/Assembly-CSharp/SummerWatermelonModel.cs,,SummerWatermelonModel.<OnNewItem>d__87,4690,private TaskAwaiter <>u__1; // 0x24
code/AssetRipper_generated_CSharp/Assembly-CSharp/SummerWatermelonModel.cs,,SummerWatermelonModel.<OnNewItem>d__87,4690,private TaskAwaiter<bool> <>u__2; // 0x28
code/AssetRipper_generated_CSharp/Assembly-CSharp/Activity/SummerWatermelon_16/SummerWatermelonModel.cs,Activity.SummerWatermelon_16,SummerWatermelonModel,4691,public static bool InGuideChain; // 0x0
code/AssetRipper_generated_CSharp/Assembly-CSharp/Activity/SummerWatermelon_16/SummerWatermelonModel.cs,Activity.SummerWatermelon_16,SummerWatermelonModel,4691,public const int BOARD_WIDTH = 6;
code/AssetRipper_generated_CSharp/Assembly-CSharp/Activity/SummerWatermelon_16/SummerWatermelonModel.cs,Activity.SummerWatermelon_16,SummerWatermelonModel,4691,public const int BOARD_HEIGHT = 14;
code/AssetRipper_generated_CSharp/Assembly-CSharp/Activity/SummerWatermelon_16/SummerWatermelonModel.cs,Activity.SummerWatermelon_16,SummerWatermelonModel,4691,private static SummerWatermelonModel _instance; // 0x4
code/AssetRipper_generated_CSharp/Assembly-CSharp/Activity/SummerWatermelon_16/SummerWatermelonModel.cs,Activity.SummerWatermelon_16,SummerWatermelonModel,4691,"private Dictionary<int, SummerWatermelonSixTeenProductConfig> _summerWatermelonProductConfig; // 0x3C"
code/AssetRipper_generated_CSharp/Assembly-CSharp/Activity/SummerWatermelon_16/SummerWatermelonModel.cs,Activity.SummerWatermelon_16,SummerWatermelonModel,4691,"private Dictionary<int, SummerWatermelonSixTeenFirstTimeRewardConfig> _summerWatermelonFirstTimeRewardConfig; // 0x40"
code/AssetRipper_generated_CSharp/Assembly-CSharp/Activity/SummerWatermelon_16/SummerWatermelonModel.cs,Activity.SummerWatermelon_16,SummerWatermelonModel,4691,"private Dictionary<int, SummerWatermelonSixTeenMergeRewardConfig> _summerWatermelonMergeRewardConfig; // 0x44"
code/AssetRipper_generated_CSharp/Assembly-CSharp/Activity/SummerWatermelon_16/SummerWatermelonModel.cs,Activity.SummerWatermelon_16,SummerWatermelonModel,4691,"private Dictionary<int, TableMergeItem> _mergeItemDictionary; // 0x48"
code/AssetRipper_generated_CSharp/Assembly-CSharp/Activity/SummerWatermelon_16/SummerWatermelonModel.cs,Activity.SummerWatermelon_16,SummerWatermelonModel,4691,public int UnSetItemsCount; // 0x4C
code/AssetRipper_generated_CSharp/Assembly-CSharp/Activity/SummerWatermelon_16/SummerWatermelonModel.cs,Activity.SummerWatermelon_16,SummerWatermelonModel,4691,public const ulong Offset = 0;
code/AssetRipper_generated_CSharp/Assembly-CSharp/Activity/SummerWatermelon_16/SummerWatermelonModel.cs,Activity.SummerWatermelon_16,SummerWatermelonModel,4691,private bool _isInit; // 0x50
code/AssetRipper_generated_CSharp/Assembly-CSharp/Activity/SummerWatermelon_16/SummerWatermelonModel.cs,Activity.SummerWatermelon_16,SummerWatermelonModel,4691,private static GameObject _flyItemObj; // 0x8
code/AssetRipper_generated_CSharp/Assembly-CSharp/Activity/SummerWatermelon_16/SummerWatermelonModel.cs,Activity.SummerWatermelon_16,SummerWatermelonModel,4691,private bool _lastActivityOpenState; // 0x51
code/AssetRipper_generated_CSharp/Assembly-CSharp/Activity/SummerWatermelon_16/SummerWatermelonModel.cs,Activity.SummerWatermelon_16,SummerWatermelonModel,4691,private bool <ShowIllustratedRedPoint>k__BackingField; // 0x52
code/AssetRipper_generated_CSharp/Assembly-CSharp/Activity/SummerWatermelon_16/SummerWatermelonModel.cs,Activity.SummerWatermelon_16,SummerWatermelonModel,4691,public static string battlePassCoolTimeKey; // 0xC
code/AssetRipper_generated_CSharp/Assembly-CSharp/Activity/SummerWatermelon_16/SummerWatermelonModel.cs,Activity.SummerWatermelon_16,SummerWatermelonModel,4691,private int _redPointNum; // 0x54
code/AssetRipper_generated_CSharp/Assembly-CSharp/Activity/SummerWatermelon_16/SummerWatermelonModel.cs,Activity.SummerWatermelon_16,SummerWatermelonModel,4691,public static string packageCoolTimeKey; // 0x10
code/AssetRipper_generated_CSharp/Assembly-CSharp/SummerWatermelonMergeBoard.cs,,SummerWatermelonMergeBoard.<>c,4736,public static readonly SummerWatermelonMergeBoard.<>c <>9; // 0x0
code/AssetRipper_generated_CSharp/Assembly-CSharp/SummerWatermelonMergeBoard.cs,,SummerWatermelonMergeBoard.<>c,4736,public static Action <>9__2_0; // 0x4
code/AssetRipper_generated_CSharp/Assembly-CSharp/SummerWatermelonModel.cs,,SummerWatermelonModel.<>c.<<UseMergeItem>b__87_0>d,4738,public int <>1__state; // 0x0
code/AssetRipper_generated_CSharp/Assembly-CSharp/SummerWatermelonModel.cs,,SummerWatermelonModel.<>c.<<UseMergeItem>b__87_0>d,4738,public AsyncVoidMethodBuilder <>t__builder; // 0x4
code/AssetRipper_generated_CSharp/Assembly-CSharp/SummerWatermelonModel.cs,,SummerWatermelonModel.<>c,4739,public static readonly SummerWatermelonModel.<>c <>9; // 0x0
code/AssetRipper_generated_CSharp/Assembly-CSharp/SummerWatermelonModel.cs,,SummerWatermelonModel.<>c,4739,public static Action <>9__38_0; // 0x4
code/AssetRipper_generated_CSharp/Assembly-CSharp/SummerWatermelonModel.cs,,SummerWatermelonModel.<>c,4739,public static Action <>9__87_0; // 0x8
code/AssetRipper_generated_CSharp/Assembly-CSharp/SummerWatermelonModel.cs,,SummerWatermelonModel.<>c,4739,public static Action <>9__87_1; // 0xC
code/AssetRipper_generated_CSharp/Assembly-CSharp/SummerWatermelonModel.cs,,SummerWatermelonModel.<>c,4739,public static Predicate<SummerWatermelonSixPackageConfig> <>9__122_0; // 0x10
code/AssetRipper_generated_CSharp/Assembly-CSharp/SummerWatermelonModel.cs,,SummerWatermelonModel.<>c__DisplayClass120_0,4740,public TableMergeItem itemConfig; // 0x8
code/AssetRipper_generated_CSharp/Assembly-CSharp/SummerWatermelonModel.cs,,SummerWatermelonModel.<>c__DisplayClass121_0,4741,public SummerWatermelonModel <>4__this; // 0x8
code/AssetRipper_generated_CSharp/Assembly-CSharp/SummerWatermelonModel.cs,,SummerWatermelonModel.<>c__DisplayClass121_0,4741,public bool openPopup; // 0xC
code/AssetRipper_generated_CSharp/Assembly-CSharp/SummerWatermelonModel.cs,,SummerWatermelonModel.<>c__DisplayClass121_1,4742,public SummerWatermelonSixPackageConfig config; // 0x8
code/AssetRipper_generated_CSharp/Assembly-CSharp/SummerWatermelonModel.cs,,SummerWatermelonModel.<>c__DisplayClass122_0,4743,public int index; // 0x8
code/AssetRipper_generated_CSharp/Assembly-CSharp/SummerWatermelonModel.cs,,SummerWatermelonModel.<>c__DisplayClass122_0,4743,public SummerWatermelonSixPackageReward _curGiftBagData; // 0xC
code/AssetRipper_generated_CSharp/Assembly-CSharp/SummerWatermelonModel.cs,,SummerWatermelonModel.<>c__DisplayClass122_0,4743,public SummerWatermelonModel <>4__this; // 0x10
code/AssetRipper_generated_CSharp/Assembly-CSharp/SummerWatermelonModel.cs,,SummerWatermelonModel.<>c__DisplayClass42_0,4744,public Vector3 position; // 0x8
code/AssetRipper_generated_CSharp/Assembly-CSharp/SummerWatermelonModel.cs,,SummerWatermelonModel.<>c__DisplayClass42_0,4744,public Action action; // 0x14
code/AssetRipper_generated_CSharp/Assembly-CSharp/SummerWatermelonModel.cs,,SummerWatermelonModel.<>c__DisplayClass75_0,4745,public List<ResData> rewardsList; // 0x8
code/AssetRipper_generated_CSharp/Assembly-CSharp/SummerWatermelonModel.cs,,SummerWatermelonModel.<>c__DisplayClass75_0,4745,public TaskCompletionSource<bool> taskRewardCollect; // 0xC
code/AssetRipper_generated_CSharp/Assembly-CSharp/SummerWatermelonModel.cs,,SummerWatermelonModel.<>c__DisplayClass88_0,4746,public UIPopupSummerWatermelonMainController ui; // 0x8
code/AssetRipper_generated_CSharp/Assembly-CSharp/SummerWatermelonModel.cs,,SummerWatermelonModel.<>c__DisplayClass88_0,4746,public Action endCall; // 0xC
code/AssetRipper_generated_CSharp/Assembly-CSharp/SummerWatermelonModel.cs,,SummerWatermelonModel.<>c__DisplayClass88_1,4747,public int ind; // 0x8
code/AssetRipper_generated_CSharp/Assembly-CSharp/SummerWatermelonModel.cs,,SummerWatermelonModel.<>c__DisplayClass88_1,4747,public SummerWatermelonModel.<>c__DisplayClass88_0 CS$<>8__locals1; // 0xC
code/AssetRipper_generated_CSharp/Assembly-CSharp/SummerWatermelonModel.cs,,SummerWatermelonModel.<>c__DisplayClass89_0,4748,public int id; // 0x8
code/AssetRipper_generated_CSharp/Assembly-CSharp/SummerWatermelonModel.cs,,SummerWatermelonModel.<>c__DisplayClass89_0,4748,public Action endCall; // 0xC
code/AssetRipper_generated_CSharp/Assembly-CSharp/SummerWatermelonModel.cs,,SummerWatermelonModel.<>c__DisplayClass93_0,4749,public SummerWatermelonModel <>4__this; // 0x8
code/AssetRipper_generated_CSharp/Assembly-CSharp/SummerWatermelonModel.cs,,SummerWatermelonModel.<>c__DisplayClass93_0,4749,public int moveStep; // 0xC
code/AssetRipper_generated_CSharp/Assembly-CSharp/SummerWatermelonModel.cs,,SummerWatermelonModel.<>c__DisplayClass93_0,4749,public Action <>9__1; // 0x10
code/AssetRipper_generated_CSharp/Assembly-CSharp/SummerWatermelonModel.cs,,SummerWatermelonModel.<>c__DisplayClass94_0,4750,public List<MergeBoard.Grid> clearList; // 0x8
code/AssetRipper_generated_CSharp/Assembly-CSharp/SummerWatermelonModel.cs,,SummerWatermelonModel.<>c__DisplayClass94_0,4750,public SummerWatermelonModel <>4__this; // 0xC
code/AssetRipper_generated_CSharp/Assembly-CSharp/SummerWatermelonModel.cs,,SummerWatermelonModel.<>c__DisplayClass94_1,4751,public int index; // 0x8
code/AssetRipper_generated_CSharp/Assembly-CSharp/SummerWatermelonModel.cs,,SummerWatermelonModel.<>c__DisplayClass94_1,4751,public SummerWatermelonModel.<>c__DisplayClass94_0 CS$<>8__locals1; // 0xC
code/AssetRipper_generated_CSharp/Assembly-CSharp/SummerWatermelonModel.cs,,SummerWatermelonModel.<>c__DisplayClass94_2,4752,public int index; // 0x8
code/AssetRipper_generated_CSharp/Assembly-CSharp/SummerWatermelonModel.cs,,SummerWatermelonModel.<OnNewItem>d__74,4753,public int <>1__state; // 0x0
code/AssetRipper_generated_CSharp/Assembly-CSharp/SummerWatermelonModel.cs,,SummerWatermelonModel.<OnNewItem>d__74,4753,public AsyncVoidMethodBuilder <>t__builder; // 0x4
code/AssetRipper_generated_CSharp/Assembly-CSharp/SummerWatermelonModel.cs,,SummerWatermelonModel.<OnNewItem>d__74,4753,public int id; // 0x14
code/AssetRipper_generated_CSharp/Assembly-CSharp/SummerWatermelonModel.cs,,SummerWatermelonModel.<OnNewItem>d__74,4753,public SummerWatermelonModel <>4__this; // 0x18
code/AssetRipper_generated_CSharp/Assembly-CSharp/SummerWatermelonModel.cs,,SummerWatermelonModel.<OnNewItem>d__74,4753,public RefreshItemSource source; // 0x1C
code/AssetRipper_generated_CSharp/Assembly-CSharp/SummerWatermelonModel.cs,,SummerWatermelonModel.<UseMergeItem>d__87,4754,public int <>1__state; // 0x0
code/AssetRipper_generated_CSharp/Assembly-CSharp/SummerWatermelonModel.cs,,SummerWatermelonModel.<UseMergeItem>d__87,4754,public AsyncVoidMethodBuilder <>t__builder; // 0x4
code/AssetRipper_generated_CSharp/Assembly-CSharp/SummerWatermelonModel.cs,,SummerWatermelonModel.<UseMergeItem>d__87,4754,public TableMergeItem itemConfig; // 0x14
code/AssetRipper_generated_CSharp/Assembly-CSharp/SummerWatermelonModel.cs,,SummerWatermelonModel.<UseMergeItem>d__87,4754,public SummerWatermelonModel <>4__this; // 0x18
code/AssetRipper_generated_CSharp/Assembly-CSharp/SummerWatermelonModel.cs,,SummerWatermelonModel.<UseMergeItem>d__87,4754,public Vector3 srcPos; // 0x1C
code/AssetRipper_generated_CSharp/Assembly-CSharp/SummerWatermelonModel.cs,,SummerWatermelonModel.<UseMergeItem>d__87,4754,private SummerWatermelonSixStageRewardConfig <levelConfig>5__2; // 0x28
code/AssetRipper_generated_CSharp/Assembly-CSharp/SummerWatermelonModel.cs,,SummerWatermelonModel.<UseMergeItem>d__87,4754,private bool <hasUpgradeResult>5__3; // 0x2C
code/AssetRipper_generated_CSharp/Assembly-CSharp/SummerWatermelonModel.cs,,SummerWatermelonModel.<UseMergeItem>d__87,4754,private TaskAwaiter <>u__1; // 0x30
code/AssetRipper_generated_CSharp/Assembly-CSharp/Activity/SummerWatermelon_6/SummerWatermelonModel.cs,Activity.SummerWatermelon_6,SummerWatermelonModel,4755,public static bool InGuideChain; // 0x0
code/AssetRipper_generated_CSharp/Assembly-CSharp/Activity/SummerWatermelon_6/SummerWatermelonModel.cs,Activity.SummerWatermelon_6,SummerWatermelonModel,4755,public const int BOARD_WIDTH = 6;
code/AssetRipper_generated_CSharp/Assembly-CSharp/Activity/SummerWatermelon_6/SummerWatermelonModel.cs,Activity.SummerWatermelon_6,SummerWatermelonModel,4755,public const int BOARD_HEIGH = 8;
code/AssetRipper_generated_CSharp/Assembly-CSharp/Activity/SummerWatermelon_6/SummerWatermelonModel.cs,Activity.SummerWatermelon_6,SummerWatermelonModel,4755,public const int BOARD_HEIGHT_BIG = 44;
code/AssetRipper_generated_CSharp/Assembly-CSharp/Activity/SummerWatermelon_6/SummerWatermelonModel.cs,Activity.SummerWatermelon_6,SummerWatermelonModel,4755,private static SummerWatermelonModel _instance; // 0x4
code/AssetRipper_generated_CSharp/Assembly-CSharp/Activity/SummerWatermelon_6/SummerWatermelonModel.cs,Activity.SummerWatermelon_6,SummerWatermelonModel,4755,"private Dictionary<int, SummerWatermelonSixFirstTimeRewardConfig> _summerWatermelonFirstTimeRewardConfig; // 0x3C"
code/AssetRipper_generated_CSharp/Assembly-CSharp/Activity/SummerWatermelon_6/SummerWatermelonModel.cs,Activity.SummerWatermelon_6,SummerWatermelonModel,4755,"private Dictionary<int, SummerWatermelonSixMergeRewardConfig> _summerWatermelonMergeRewardConfig; // 0x40"
code/AssetRipper_generated_CSharp/Assembly-CSharp/Activity/SummerWatermelon_6/SummerWatermelonModel.cs,Activity.SummerWatermelon_6,SummerWatermelonModel,4755,public int UnSetItemsCount; // 0x44
code/AssetRipper_generated_CSharp/Assembly-CSharp/Activity/SummerWatermelon_6/SummerWatermelonModel.cs,Activity.SummerWatermelon_6,SummerWatermelonModel,4755,public const ulong Offset = 0;
code/AssetRipper_generated_CSharp/Assembly-CSharp/Activity/SummerWatermelon_6/SummerWatermelonModel.cs,Activity.SummerWatermelon_6,SummerWatermelonModel,4755,private bool _isInit; // 0x48
code/AssetRipper_generated_CSharp/Assembly-CSharp/Activity/SummerWatermelon_6/SummerWatermelonModel.cs,Activity.SummerWatermelon_6,SummerWatermelonModel,4755,private static GameObject _flyItemObj; // 0x8
code/AssetRipper_generated_CSharp/Assembly-CSharp/Activity/SummerWatermelon_6/SummerWatermelonModel.cs,Activity.SummerWatermelon_6,SummerWatermelonModel,4755,private bool _lastActivityOpenState; // 0x49
code/AssetRipper_generated_CSharp/Assembly-CSharp/Activity/SummerWatermelon_6/SummerWatermelonModel.cs,Activity.SummerWatermelon_6,SummerWatermelonModel,4755,private bool isMoving; // 0x4A
code/AssetRipper_generated_CSharp/Assembly-CSharp/Activity/SummerWatermelon_6/SummerWatermelonModel.cs,Activity.SummerWatermelon_6,SummerWatermelonModel,4755,private bool <ShowIllustratedRedPoint>k__BackingField; // 0x4B
code/AssetRipper_generated_CSharp/Assembly-CSharp/Activity/SummerWatermelon_6/SummerWatermelonModel.cs,Activity.SummerWatermelon_6,SummerWatermelonModel,4755,public static string packageCoolTimeKey; // 0xC
code/AssetRipper_generated_CSharp/Assembly-CSharp/SummerWatermelonModel.cs,,SummerWatermelonModel.<>c,4800,public static readonly SummerWatermelonModel.<>c <>9; // 0x0
code/AssetRipper_generated_CSharp/Assembly-CSharp/SummerWatermelonModel.cs,,SummerWatermelonModel.<>c,4800,public static Action <>9__165_0; // 0x4
code/AssetRipper_generated_CSharp/Assembly-CSharp/SummerWatermelonModel.cs,,SummerWatermelonModel.<>c,4800,public static Predicate<SummerWatermelonSevenTeenPackageConfig> <>9__168_0; // 0x8
code/AssetRipper_generated_CSharp/Assembly-CSharp/SummerWatermelonModel.cs,,SummerWatermelonModel.<>c__DisplayClass141_0,4801,public BattlePassSevenTeen config; // 0x8
code/AssetRipper_generated_CSharp/Assembly-CSharp/SummerWatermelonModel.cs,,SummerWatermelonModel.<>c__DisplayClass167_0,4802,public SummerWatermelonModel <>4__this; // 0x8
code/AssetRipper_generated_CSharp/Assembly-CSharp/SummerWatermelonModel.cs,,SummerWatermelonModel.<>c__DisplayClass167_0,4802,public bool openPopup; // 0xC
code/AssetRipper_generated_CSharp/Assembly-CSharp/SummerWatermelonModel.cs,,SummerWatermelonModel.<>c__DisplayClass167_1,4803,public SummerWatermelonSevenTeenPackageConfig config; // 0x8
code/AssetRipper_generated_CSharp/Assembly-CSharp/SummerWatermelonModel.cs,,SummerWatermelonModel.<>c__DisplayClass168_0,4804,public int index; // 0x8
code/AssetRipper_generated_CSharp/Assembly-CSharp/SummerWatermelonModel.cs,,SummerWatermelonModel.<>c__DisplayClass168_0,4804,public SummerWatermelonSevenTeenPackageReward _curGiftBagData; // 0xC
code/AssetRipper_generated_CSharp/Assembly-CSharp/SummerWatermelonModel.cs,,SummerWatermelonModel.<>c__DisplayClass168_0,4804,public SummerWatermelonModel <>4__this; // 0x10
code/AssetRipper_generated_CSharp/Assembly-CSharp/SummerWatermelonModel.cs,,SummerWatermelonModel.<>c__DisplayClass52_0,4805,public int maxNum; // 0x8
code/AssetRipper_generated_CSharp/Assembly-CSharp/SummerWatermelonModel.cs,,SummerWatermelonModel.<>c__DisplayClass52_0,4805,public SummerWatermelonModel <>4__this; // 0xC
code/AssetRipper_generated_CSharp/Assembly-CSharp/SummerWatermelonModel.cs,,SummerWatermelonModel.<>c__DisplayClass52_0,4805,public int rewardNum; // 0x10
code/AssetRipper_generated_CSharp/Assembly-CSharp/SummerWatermelonModel.cs,,SummerWatermelonModel.<>c__DisplayClass52_1,4806,public int currentNum; // 0x8
code/AssetRipper_generated_CSharp/Assembly-CSharp/SummerWatermelonModel.cs,,SummerWatermelonModel.<>c__DisplayClass52_1,4806,public SummerWatermelonModel.<>c__DisplayClass52_0 CS$<>8__locals1; // 0xC
code/AssetRipper_generated_CSharp/Assembly-CSharp/SummerWatermelonModel.cs,,SummerWatermelonModel.<>c__DisplayClass56_0,4807,public Vector3 position; // 0x8
code/AssetRipper_generated_CSharp/Assembly-CSharp/SummerWatermelonModel.cs,,SummerWatermelonModel.<>c__DisplayClass56_0,4807,public Action action; // 0x14
code/AssetRipper_generated_CSharp/Assembly-CSharp/SummerWatermelonModel.cs,,SummerWatermelonModel.<>c__DisplayClass98_0,4808,public SummerWatermelonModel <>4__this; // 0x8
code/AssetRipper_generated_CSharp/Assembly-CSharp/SummerWatermelonModel.cs,,SummerWatermelonModel.<>c__DisplayClass98_0,4808,public TableMergeItem itemConfig; // 0xC
code/AssetRipper_generated_CSharp/Assembly-CSharp/SummerWatermelonModel.cs,,SummerWatermelonModel.<>c__DisplayClass99_0,4809,public List<ResData> rewardsList; // 0x8
code/AssetRipper_generated_CSharp/Assembly-CSharp/SummerWatermelonModel.cs,,SummerWatermelonModel.<>c__DisplayClass99_0,4809,public TaskCompletionSource<bool> taskRewardCollect; // 0xC
code/AssetRipper_generated_CSharp/Assembly-CSharp/SummerWatermelonModel.cs,,SummerWatermelonModel.<OnNewItem>d__98,4810,public int <>1__state; // 0x0
code/AssetRipper_generated_CSharp/Assembly-CSharp/SummerWatermelonModel.cs,,SummerWatermelonModel.<OnNewItem>d__98,4810,public AsyncVoidMethodBuilder <>t__builder; // 0x4
code/AssetRipper_generated_CSharp/Assembly-CSharp/SummerWatermelonModel.cs,,SummerWatermelonModel.<OnNewItem>d__98,4810,public SummerWatermelonModel <>4__this; // 0x14
code/AssetRipper_generated_CSharp/Assembly-CSharp/SummerWatermelonModel.cs,,SummerWatermelonModel.<OnNewItem>d__98,4810,public int id; // 0x18
code/AssetRipper_generated_CSharp/Assembly-CSharp/SummerWatermelonModel.cs,,SummerWatermelonModel.<OnNewItem>d__98,4810,public RefreshItemSource source; // 0x1C
code/AssetRipper_generated_CSharp/Assembly-CSharp/SummerWatermelonModel.cs,,SummerWatermelonModel.<OnNewItem>d__98,4810,public Vector3 startPos; // 0x20
code/AssetRipper_generated_CSharp/Assembly-CSharp/SummerWatermelonModel.cs,,SummerWatermelonModel.<OnNewItem>d__98,4810,private SummerWatermelonModel.<>c__DisplayClass98_0 <>8__1; // 0x2C
code/AssetRipper_generated_CSharp/Assembly-CSharp/SummerWatermelonModel.cs,,SummerWatermelonModel.<OnNewItem>d__98,4810,private TaskAwaiter <>u__1; // 0x30
code/AssetRipper_generated_CSharp/Assembly-CSharp/SummerWatermelonModel.cs,,SummerWatermelonModel.<OnNewItem>d__98,4810,private TaskAwaiter<bool> <>u__2; // 0x34
code/AssetRipper_generated_CSharp/Assembly-CSharp/Activity/SummerWatermelon_17/SummerWatermelonModel.cs,Activity.SummerWatermelon_17,SummerWatermelonModel,4811,public static bool InGuideChain; // 0x0
code/AssetRipper_generated_CSharp/Assembly-CSharp/Activity/SummerWatermelon_17/SummerWatermelonModel.cs,Activity.SummerWatermelon_17,SummerWatermelonModel,4811,public const int BOARD_WIDTH = 5;
code/AssetRipper_generated_CSharp/Assembly-CSharp/Activity/SummerWatermelon_17/SummerWatermelonModel.cs,Activity.SummerWatermelon_17,SummerWatermelonModel,4811,public const int BOARD_HEIGHT = 5;
code/AssetRipper_generated_CSharp/Assembly-CSharp/Activity/SummerWatermelon_17/SummerWatermelonModel.cs,Activity.SummerWatermelon_17,SummerWatermelonModel,4811,public const int BOARD_WIDTH_BIG = 6;
code/AssetRipper_generated_CSharp/Assembly-CSharp/Activity/SummerWatermelon_17/SummerWatermelonModel.cs,Activity.SummerWatermelon_17,SummerWatermelonModel,4811,public const int BOARD_HEIGHT_BIG = 8;
code/AssetRipper_generated_CSharp/Assembly-CSharp/Activity/SummerWatermelon_17/SummerWatermelonModel.cs,Activity.SummerWatermelon_17,SummerWatermelonModel,4811,private static SummerWatermelonModel _instance; // 0x4
code/AssetRipper_generated_CSharp/Assembly-CSharp/Activity/SummerWatermelon_17/SummerWatermelonModel.cs,Activity.SummerWatermelon_17,SummerWatermelonModel,4811,"private Dictionary<int, SummerWatermelonSevenTeenProductConfig> _summerWatermelonProductConfig; // 0x3C"
code/AssetRipper_generated_CSharp/Assembly-CSharp/Activity/SummerWatermelon_17/SummerWatermelonModel.cs,Activity.SummerWatermelon_17,SummerWatermelonModel,4811,"private Dictionary<int, SummerWatermelonSevenTeenFirstTimeRewardConfig> _summerWatermelonFirstTimeRewardConfig; // 0x40"
code/AssetRipper_generated_CSharp/Assembly-CSharp/Activity/SummerWatermelon_17/SummerWatermelonModel.cs,Activity.SummerWatermelon_17,SummerWatermelonModel,4811,"private Dictionary<int, SummerWatermelonSevenTeenMergeRewardConfig> _summerWatermelonMergeRewardConfig; // 0x44"
code/AssetRipper_generated_CSharp/Assembly-CSharp/Activity/SummerWatermelon_17/SummerWatermelonModel.cs,Activity.SummerWatermelon_17,SummerWatermelonModel,4811,"private Dictionary<int, TableMergeItem> _mergeItemDictionary; // 0x48"
code/AssetRipper_generated_CSharp/Assembly-CSharp/Activity/SummerWatermelon_17/SummerWatermelonModel.cs,Activity.SummerWatermelon_17,SummerWatermelonModel,4811,public int UnSetItemsCount; // 0x4C
code/AssetRipper_generated_CSharp/Assembly-CSharp/Activity/SummerWatermelon_17/SummerWatermelonModel.cs,Activity.SummerWatermelon_17,SummerWatermelonModel,4811,public const ulong Offset = 0;
code/AssetRipper_generated_CSharp/Assembly-CSharp/Activity/SummerWatermelon_17/SummerWatermelonModel.cs,Activity.SummerWatermelon_17,SummerWatermelonModel,4811,private bool _isInit; // 0x50
code/AssetRipper_generated_CSharp/Assembly-CSharp/Activity/SummerWatermelon_17/SummerWatermelonModel.cs,Activity.SummerWatermelon_17,SummerWatermelonModel,4811,private static GameObject _flyItemObj; // 0x8
code/AssetRipper_generated_CSharp/Assembly-CSharp/Activity/SummerWatermelon_17/SummerWatermelonModel.cs,Activity.SummerWatermelon_17,SummerWatermelonModel,4811,private bool _lastActivityOpenState; // 0x51
code/AssetRipper_generated_CSharp/Assembly-CSharp/Activity/SummerWatermelon_17/SummerWatermelonModel.cs,Activity.SummerWatermelon_17,SummerWatermelonModel,4811,private bool <ShowIllustratedRedPoint>k__BackingField; // 0x52
code/AssetRipper_generated_CSharp/Assembly-CSharp/Activity/SummerWatermelon_17/SummerWatermelonModel.cs,Activity.SummerWatermelon_17,SummerWatermelonModel,4811,public static string battlePassCoolTimeKey; // 0xC
code/AssetRipper_generated_CSharp/Assembly-CSharp/Activity/SummerWatermelon_17/SummerWatermelonModel.cs,Activity.SummerWatermelon_17,SummerWatermelonModel,4811,private int _redPointNum; // 0x54
code/AssetRipper_generated_CSharp/Assembly-CSharp/Activity/SummerWatermelon_17/SummerWatermelonModel.cs,Activity.SummerWatermelon_17,SummerWatermelonModel,4811,public static string packageCoolTimeKey; // 0x10
code/AssetRipper_generated_CSharp/Assembly-CSharp/Activity/SummerWatermelon_17/SummerWatermelonModel.cs,Activity.SummerWatermelon_17,SummerWatermelonModel,4811,public static string newpackageCoolTimeKey; // 0x14
code/AssetRipper_generated_CSharp/Assembly-CSharp/SummerWatermelonModel.cs,,SummerWatermelonModel.<>c,4867,public static readonly SummerWatermelonModel.<>c <>9; // 0x0
code/AssetRipper_generated_CSharp/Assembly-CSharp/SummerWatermelonModel.cs,,SummerWatermelonModel.<>c,4867,public static Predicate<SummerWatermelonSevenPackageConfig> <>9__125_0; // 0x4
code/AssetRipper_generated_CSharp/Assembly-CSharp/SummerWatermelonModel.cs,,SummerWatermelonModel.<>c__DisplayClass124_0,4868,public SummerWatermelonModel <>4__this; // 0x8
code/AssetRipper_generated_CSharp/Assembly-CSharp/SummerWatermelonModel.cs,,SummerWatermelonModel.<>c__DisplayClass124_0,4868,public bool openPopup; // 0xC
code/AssetRipper_generated_CSharp/Assembly-CSharp/SummerWatermelonModel.cs,,SummerWatermelonModel.<>c__DisplayClass124_1,4869,public SummerWatermelonSevenPackageConfig config; // 0x8
code/AssetRipper_generated_CSharp/Assembly-CSharp/SummerWatermelonModel.cs,,SummerWatermelonModel.<>c__DisplayClass125_0,4870,public int index; // 0x8
code/AssetRipper_generated_CSharp/Assembly-CSharp/SummerWatermelonModel.cs,,SummerWatermelonModel.<>c__DisplayClass125_0,4870,public SummerWatermelonSevenPackageReward _curGiftBagData; // 0xC
code/AssetRipper_generated_CSharp/Assembly-CSharp/SummerWatermelonModel.cs,,SummerWatermelonModel.<>c__DisplayClass125_0,4870,public SummerWatermelonModel <>4__this; // 0x10
code/AssetRipper_generated_CSharp/Assembly-CSharp/SummerWatermelonModel.cs,,SummerWatermelonModel.<>c__DisplayClass52_0,4871,public int maxNum; // 0x8
code/AssetRipper_generated_CSharp/Assembly-CSharp/SummerWatermelonModel.cs,,SummerWatermelonModel.<>c__DisplayClass52_0,4871,public SummerWatermelonModel <>4__this; // 0xC
code/AssetRipper_generated_CSharp/Assembly-CSharp/SummerWatermelonModel.cs,,SummerWatermelonModel.<>c__DisplayClass52_0,4871,public int rewardNum; // 0x10
code/AssetRipper_generated_CSharp/Assembly-CSharp/SummerWatermelonModel.cs,,SummerWatermelonModel.<>c__DisplayClass52_1,4872,public int currentNum; // 0x8
code/AssetRipper_generated_CSharp/Assembly-CSharp/SummerWatermelonModel.cs,,SummerWatermelonModel.<>c__DisplayClass52_1,4872,public SummerWatermelonModel.<>c__DisplayClass52_0 CS$<>8__locals1; // 0xC
code/AssetRipper_generated_CSharp/Assembly-CSharp/SummerWatermelonModel.cs,,SummerWatermelonModel.<>c__DisplayClass56_0,4873,public Vector3 position; // 0x8
code/AssetRipper_generated_CSharp/Assembly-CSharp/SummerWatermelonModel.cs,,SummerWatermelonModel.<>c__DisplayClass56_0,4873,public Action action; // 0x14
code/AssetRipper_generated_CSharp/Assembly-CSharp/SummerWatermelonModel.cs,,SummerWatermelonModel.<>c__DisplayClass95_0,4874,public SummerWatermelonModel <>4__this; // 0x8
code/AssetRipper_generated_CSharp/Assembly-CSharp/SummerWatermelonModel.cs,,SummerWatermelonModel.<>c__DisplayClass95_0,4874,public TableMergeItem itemConfig; // 0xC
code/AssetRipper_generated_CSharp/Assembly-CSharp/SummerWatermelonModel.cs,,SummerWatermelonModel.<>c__DisplayClass96_0,4875,public List<ResData> rewardsList; // 0x8
code/AssetRipper_generated_CSharp/Assembly-CSharp/SummerWatermelonModel.cs,,SummerWatermelonModel.<>c__DisplayClass96_0,4875,public TaskCompletionSource<bool> taskRewardCollect; // 0xC
code/AssetRipper_generated_CSharp/Assembly-CSharp/SummerWatermelonModel.cs,,SummerWatermelonModel.<OnNewItem>d__95,4876,public int <>1__state; // 0x0
code/AssetRipper_generated_CSharp/Assembly-CSharp/SummerWatermelonModel.cs,,SummerWatermelonModel.<OnNewItem>d__95,4876,public AsyncVoidMethodBuilder <>t__builder; // 0x4
code/AssetRipper_generated_CSharp/Assembly-CSharp/SummerWatermelonModel.cs,,SummerWatermelonModel.<OnNewItem>d__95,4876,public SummerWatermelonModel <>4__this; // 0x14
code/AssetRipper_generated_CSharp/Assembly-CSharp/SummerWatermelonModel.cs,,SummerWatermelonModel.<OnNewItem>d__95,4876,public int id; // 0x18
code/AssetRipper_generated_CSharp/Assembly-CSharp/SummerWatermelonModel.cs,,SummerWatermelonModel.<OnNewItem>d__95,4876,public RefreshItemSource source; // 0x1C
code/AssetRipper_generated_CSharp/Assembly-CSharp/SummerWatermelonModel.cs,,SummerWatermelonModel.<OnNewItem>d__95,4876,private SummerWatermelonModel.<>c__DisplayClass95_0 <>8__1; // 0x20
code/AssetRipper_generated_CSharp/Assembly-CSharp/SummerWatermelonModel.cs,,SummerWatermelonModel.<OnNewItem>d__95,4876,private TaskAwaiter <>u__1; // 0x24
code/AssetRipper_generated_CSharp/Assembly-CSharp/SummerWatermelonModel.cs,,SummerWatermelonModel.<OnNewItem>d__95,4876,private TaskAwaiter<bool> <>u__2; // 0x28
code/AssetRipper_generated_CSharp/Assembly-CSharp/Activity/SummerWatermelon_7/SummerWatermelonModel.cs,Activity.SummerWatermelon_7,SummerWatermelonModel,4877,public static bool InGuideChain; // 0x0
code/AssetRipper_generated_CSharp/Assembly-CSharp/Activity/SummerWatermelon_7/SummerWatermelonModel.cs,Activity.SummerWatermelon_7,SummerWatermelonModel,4877,public const int BOARD_WIDTH = 5;
code/AssetRipper_generated_CSharp/Assembly-CSharp/Activity/SummerWatermelon_7/SummerWatermelonModel.cs,Activity.SummerWatermelon_7,SummerWatermelonModel,4877,public const int BOARD_HEIGHT = 5;
code/AssetRipper_generated_CSharp/Assembly-CSharp/Activity/SummerWatermelon_7/SummerWatermelonModel.cs,Activity.SummerWatermelon_7,SummerWatermelonModel,4877,public const int BOARD_WIDTH_BIG = 6;
code/AssetRipper_generated_CSharp/Assembly-CSharp/Activity/SummerWatermelon_7/SummerWatermelonModel.cs,Activity.SummerWatermelon_7,SummerWatermelonModel,4877,public const int BOARD_HEIGHT_BIG = 8;
code/AssetRipper_generated_CSharp/Assembly-CSharp/Activity/SummerWatermelon_7/SummerWatermelonModel.cs,Activity.SummerWatermelon_7,SummerWatermelonModel,4877,private static SummerWatermelonModel _instance; // 0x4
code/AssetRipper_generated_CSharp/Assembly-CSharp/Activity/SummerWatermelon_7/SummerWatermelonModel.cs,Activity.SummerWatermelon_7,SummerWatermelonModel,4877,"private Dictionary<int, SummerWatermelonSevenProductConfig> _summerWatermelonProductConfig; // 0x3C"
code/AssetRipper_generated_CSharp/Assembly-CSharp/Activity/SummerWatermelon_7/SummerWatermelonModel.cs,Activity.SummerWatermelon_7,SummerWatermelonModel,4877,"private Dictionary<int, SummerWatermelonSevenFirstTimeRewardConfig> _summerWatermelonFirstTimeRewardConfig; // 0x40"
code/AssetRipper_generated_CSharp/Assembly-CSharp/Activity/SummerWatermelon_7/SummerWatermelonModel.cs,Activity.SummerWatermelon_7,SummerWatermelonModel,4877,"private Dictionary<int, SummerWatermelonSevenMergeRewardConfig> _summerWatermelonMergeRewardConfig; // 0x44"
code/AssetRipper_generated_CSharp/Assembly-CSharp/Activity/SummerWatermelon_7/SummerWatermelonModel.cs,Activity.SummerWatermelon_7,SummerWatermelonModel,4877,"private Dictionary<int, TableMergeItem> _mergeItemDictionary; // 0x48"
code/AssetRipper_generated_CSharp/Assembly-CSharp/Activity/SummerWatermelon_7/SummerWatermelonModel.cs,Activity.SummerWatermelon_7,SummerWatermelonModel,4877,public int UnSetItemsCount; // 0x4C
code/AssetRipper_generated_CSharp/Assembly-CSharp/Activity/SummerWatermelon_7/SummerWatermelonModel.cs,Activity.SummerWatermelon_7,SummerWatermelonModel,4877,public const ulong Offset = 0;
code/AssetRipper_generated_CSharp/Assembly-CSharp/Activity/SummerWatermelon_7/SummerWatermelonModel.cs,Activity.SummerWatermelon_7,SummerWatermelonModel,4877,private bool _isInit; // 0x50
code/AssetRipper_generated_CSharp/Assembly-CSharp/Activity/SummerWatermelon_7/SummerWatermelonModel.cs,Activity.SummerWatermelon_7,SummerWatermelonModel,4877,private static GameObject _flyItemObj; // 0x8
code/AssetRipper_generated_CSharp/Assembly-CSharp/Activity/SummerWatermelon_7/SummerWatermelonModel.cs,Activity.SummerWatermelon_7,SummerWatermelonModel,4877,private bool _lastActivityOpenState; // 0x51
code/AssetRipper_generated_CSharp/Assembly-CSharp/Activity/SummerWatermelon_7/SummerWatermelonModel.cs,Activity.SummerWatermelon_7,SummerWatermelonModel,4877,private bool _isBigBoardActive; // 0x52
code/AssetRipper_generated_CSharp/Assembly-CSharp/Activity/SummerWatermelon_7/SummerWatermelonModel.cs,Activity.SummerWatermelon_7,SummerWatermelonModel,4877,private bool <ShowIllustratedRedPoint>k__BackingField; // 0x53
code/AssetRipper_generated_CSharp/Assembly-CSharp/Activity/SummerWatermelon_7/SummerWatermelonModel.cs,Activity.SummerWatermelon_7,SummerWatermelonModel,4877,public static string packageCoolTimeKey; // 0xC
code/AssetRipper_generated_CSharp/Assembly-CSharp/SummerWatermelonModel.cs,,SummerWatermelonModel.<>c,4914,public static readonly SummerWatermelonModel.<>c <>9; // 0x0
code/AssetRipper_generated_CSharp/Assembly-CSharp/SummerWatermelonModel.cs,,SummerWatermelonModel.<>c,4914,public static Action <>9__168_0; // 0x4
code/AssetRipper_generated_CSharp/Assembly-CSharp/SummerWatermelonModel.cs,,SummerWatermelonModel.<>c,4914,public static Predicate<SummerWatermelonThirtyTwoPackageConfig> <>9__171_0; // 0x8
code/AssetRipper_generated_CSharp/Assembly-CSharp/SummerWatermelonModel.cs,,SummerWatermelonModel.<>c__DisplayClass142_0,4915,public BattlePassThirtyTwo config; // 0x8
code/AssetRipper_generated_CSharp/Assembly-CSharp/SummerWatermelonModel.cs,,SummerWatermelonModel.<>c__DisplayClass170_0,4916,public SummerWatermelonModel <>4__this; // 0x8
code/AssetRipper_generated_CSharp/Assembly-CSharp/SummerWatermelonModel.cs,,SummerWatermelonModel.<>c__DisplayClass170_0,4916,public bool openPopup; // 0xC
code/AssetRipper_generated_CSharp/Assembly-CSharp/SummerWatermelonModel.cs,,SummerWatermelonModel.<>c__DisplayClass170_1,4917,public SummerWatermelonThirtyTwoPackageConfig config; // 0x8
code/AssetRipper_generated_CSharp/Assembly-CSharp/SummerWatermelonModel.cs,,SummerWatermelonModel.<>c__DisplayClass171_0,4918,public int index; // 0x8
code/AssetRipper_generated_CSharp/Assembly-CSharp/SummerWatermelonModel.cs,,SummerWatermelonModel.<>c__DisplayClass171_0,4918,public SummerWatermelonThirtyTwoPackageReward _curGiftBagData; // 0xC
code/AssetRipper_generated_CSharp/Assembly-CSharp/SummerWatermelonModel.cs,,SummerWatermelonModel.<>c__DisplayClass171_0,4918,public SummerWatermelonModel <>4__this; // 0x10
code/AssetRipper_generated_CSharp/Assembly-CSharp/SummerWatermelonModel.cs,,SummerWatermelonModel.<>c__DisplayClass52_0,4919,public int maxNum; // 0x8
code/AssetRipper_generated_CSharp/Assembly-CSharp/SummerWatermelonModel.cs,,SummerWatermelonModel.<>c__DisplayClass52_0,4919,public SummerWatermelonModel <>4__this; // 0xC
code/AssetRipper_generated_CSharp/Assembly-CSharp/SummerWatermelonModel.cs,,SummerWatermelonModel.<>c__DisplayClass52_0,4919,public int rewardNum; // 0x10
code/AssetRipper_generated_CSharp/Assembly-CSharp/SummerWatermelonModel.cs,,SummerWatermelonModel.<>c__DisplayClass52_1,4920,public int currentNum; // 0x8
code/AssetRipper_generated_CSharp/Assembly-CSharp/SummerWatermelonModel.cs,,SummerWatermelonModel.<>c__DisplayClass52_1,4920,public SummerWatermelonModel.<>c__DisplayClass52_0 CS$<>8__locals1; // 0xC
code/AssetRipper_generated_CSharp/Assembly-CSharp/SummerWatermelonModel.cs,,SummerWatermelonModel.<>c__DisplayClass56_0,4921,public Vector3 position; // 0x8
code/AssetRipper_generated_CSharp/Assembly-CSharp/SummerWatermelonModel.cs,,SummerWatermelonModel.<>c__DisplayClass56_0,4921,public Action action; // 0x14
code/AssetRipper_generated_CSharp/Assembly-CSharp/SummerWatermelonModel.cs,,SummerWatermelonModel.<>c__DisplayClass98_0,4922,public SummerWatermelonModel <>4__this; // 0x8
code/AssetRipper_generated_CSharp/Assembly-CSharp/SummerWatermelonModel.cs,,SummerWatermelonModel.<>c__DisplayClass98_0,4922,public TableMergeItem itemConfig; // 0xC
code/AssetRipper_generated_CSharp/Assembly-CSharp/SummerWatermelonModel.cs,,SummerWatermelonModel.<>c__DisplayClass99_0,4923,public List<ResData> rewardsList; // 0x8
code/AssetRipper_generated_CSharp/Assembly-CSharp/SummerWatermelonModel.cs,,SummerWatermelonModel.<>c__DisplayClass99_0,4923,public TaskCompletionSource<bool> taskRewardCollect; // 0xC
code/AssetRipper_generated_CSharp/Assembly-CSharp/SummerWatermelonModel.cs,,SummerWatermelonModel.<OnNewItem>d__98,4924,public int <>1__state; // 0x0
code/AssetRipper_generated_CSharp/Assembly-CSharp/SummerWatermelonModel.cs,,SummerWatermelonModel.<OnNewItem>d__98,4924,public AsyncVoidMethodBuilder <>t__builder; // 0x4
code/AssetRipper_generated_CSharp/Assembly-CSharp/SummerWatermelonModel.cs,,SummerWatermelonModel.<OnNewItem>d__98,4924,public SummerWatermelonModel <>4__this; // 0x14
code/AssetRipper_generated_CSharp/Assembly-CSharp/SummerWatermelonModel.cs,,SummerWatermelonModel.<OnNewItem>d__98,4924,public int id; // 0x18
code/AssetRipper_generated_CSharp/Assembly-CSharp/SummerWatermelonModel.cs,,SummerWatermelonModel.<OnNewItem>d__98,4924,public RefreshItemSource source; // 0x1C
code/AssetRipper_generated_CSharp/Assembly-CSharp/SummerWatermelonModel.cs,,SummerWatermelonModel.<OnNewItem>d__98,4924,public Vector3 startPos; // 0x20
code/AssetRipper_generated_CSharp/Assembly-CSharp/SummerWatermelonModel.cs,,SummerWatermelonModel.<OnNewItem>d__98,4924,private SummerWatermelonModel.<>c__DisplayClass98_0 <>8__1; // 0x2C
code/AssetRipper_generated_CSharp/Assembly-CSharp/SummerWatermelonModel.cs,,SummerWatermelonModel.<OnNewItem>d__98,4924,private TaskAwaiter <>u__1; // 0x30
code/AssetRipper_generated_CSharp/Assembly-CSharp/SummerWatermelonModel.cs,,SummerWatermelonModel.<OnNewItem>d__98,4924,private TaskAwaiter<bool> <>u__2; // 0x34
code/AssetRipper_generated_CSharp/Assembly-CSharp/Activity/SummerWatermelon_32/SummerWatermelonModel.cs,Activity.SummerWatermelon_32,SummerWatermelonModel,4925,public static bool InGuideChain; // 0x0
code/AssetRipper_generated_CSharp/Assembly-CSharp/Activity/SummerWatermelon_32/SummerWatermelonModel.cs,Activity.SummerWatermelon_32,SummerWatermelonModel,4925,public const int BOARD_WIDTH = 5;
code/AssetRipper_generated_CSharp/Assembly-CSharp/Activity/SummerWatermelon_32/SummerWatermelonModel.cs,Activity.SummerWatermelon_32,SummerWatermelonModel,4925,public const int BOARD_HEIGHT = 5;
code/AssetRipper_generated_CSharp/Assembly-CSharp/Activity/SummerWatermelon_32/SummerWatermelonModel.cs,Activity.SummerWatermelon_32,SummerWatermelonModel,4925,public const int BOARD_WIDTH_BIG = 6;
code/AssetRipper_generated_CSharp/Assembly-CSharp/Activity/SummerWatermelon_32/SummerWatermelonModel.cs,Activity.SummerWatermelon_32,SummerWatermelonModel,4925,public const int BOARD_HEIGHT_BIG = 8;
code/AssetRipper_generated_CSharp/Assembly-CSharp/Activity/SummerWatermelon_32/SummerWatermelonModel.cs,Activity.SummerWatermelon_32,SummerWatermelonModel,4925,private static SummerWatermelonModel _instance; // 0x4
code/AssetRipper_generated_CSharp/Assembly-CSharp/Activity/SummerWatermelon_32/SummerWatermelonModel.cs,Activity.SummerWatermelon_32,SummerWatermelonModel,4925,"private Dictionary<int, SummerWatermelonThirtyTwoProductConfig> _summerWatermelonProductConfig; // 0x3C"
code/AssetRipper_generated_CSharp/Assembly-CSharp/Activity/SummerWatermelon_32/SummerWatermelonModel.cs,Activity.SummerWatermelon_32,SummerWatermelonModel,4925,"private Dictionary<int, SummerWatermelonThirtyTwoFirstTimeRewardConfig> _summerWatermelonFirstTimeRewardConfig; // 0x40"
code/AssetRipper_generated_CSharp/Assembly-CSharp/Activity/SummerWatermelon_32/SummerWatermelonModel.cs,Activity.SummerWatermelon_32,SummerWatermelonModel,4925,"private Dictionary<int, SummerWatermelonThirtyTwoMergeRewardConfig> _summerWatermelonMergeRewardConfig; // 0x44"
code/AssetRipper_generated_CSharp/Assembly-CSharp/Activity/SummerWatermelon_32/SummerWatermelonModel.cs,Activity.SummerWatermelon_32,SummerWatermelonModel,4925,"private Dictionary<int, TableMergeItem> _mergeItemDictionary; // 0x48"
code/AssetRipper_generated_CSharp/Assembly-CSharp/Activity/SummerWatermelon_32/SummerWatermelonModel.cs,Activity.SummerWatermelon_32,SummerWatermelonModel,4925,public int UnSetItemsCount; // 0x4C
code/AssetRipper_generated_CSharp/Assembly-CSharp/Activity/SummerWatermelon_32/SummerWatermelonModel.cs,Activity.SummerWatermelon_32,SummerWatermelonModel,4925,public const ulong Offset = 0;
code/AssetRipper_generated_CSharp/Assembly-CSharp/Activity/SummerWatermelon_32/SummerWatermelonModel.cs,Activity.SummerWatermelon_32,SummerWatermelonModel,4925,private bool _isInit; // 0x50
code/AssetRipper_generated_CSharp/Assembly-CSharp/Activity/SummerWatermelon_32/SummerWatermelonModel.cs,Activity.SummerWatermelon_32,SummerWatermelonModel,4925,private static GameObject _flyItemObj; // 0x8
code/AssetRipper_generated_CSharp/Assembly-CSharp/Activity/SummerWatermelon_32/SummerWatermelonModel.cs,Activity.SummerWatermelon_32,SummerWatermelonModel,4925,private bool _lastActivityOpenState; // 0x51
code/AssetRipper_generated_CSharp/Assembly-CSharp/Activity/SummerWatermelon_32/SummerWatermelonModel.cs,Activity.SummerWatermelon_32,SummerWatermelonModel,4925,private bool <ShowIllustratedRedPoint>k__BackingField; // 0x52
code/AssetRipper_generated_CSharp/Assembly-CSharp/Activity/SummerWatermelon_32/SummerWatermelonModel.cs,Activity.SummerWatermelon_32,SummerWatermelonModel,4925,public static string battlePassCoolTimeKey; // 0xC
code/AssetRipper_generated_CSharp/Assembly-CSharp/Activity/SummerWatermelon_32/SummerWatermelonModel.cs,Activity.SummerWatermelon_32,SummerWatermelonModel,4925,private int _redPointNum; // 0x54
code/AssetRipper_generated_CSharp/Assembly-CSharp/Activity/SummerWatermelon_32/SummerWatermelonModel.cs,Activity.SummerWatermelon_32,SummerWatermelonModel,4925,public static string packageCoolTimeKey; // 0x10
code/AssetRipper_generated_CSharp/Assembly-CSharp/Activity/SummerWatermelon_32/SummerWatermelonModel.cs,Activity.SummerWatermelon_32,SummerWatermelonModel,4925,public static string newpackageCoolTimeKey; // 0x14
code/AssetRipper_generated_CSharp/Assembly-CSharp/SummerWatermelonModel.cs,,SummerWatermelonModel.<>c,4982,public static readonly SummerWatermelonModel.<>c <>9; // 0x0
code/AssetRipper_generated_CSharp/Assembly-CSharp/SummerWatermelonModel.cs,,SummerWatermelonModel.<>c,4982,public static Predicate<SummerWatermelonTwentyNinePackageConfig> <>9__154_0; // 0x4
code/AssetRipper_generated_CSharp/Assembly-CSharp/SummerWatermelonModel.cs,,SummerWatermelonModel.<>c,4982,public static Action <>9__170_0; // 0x8
code/AssetRipper_generated_CSharp/Assembly-CSharp/SummerWatermelonModel.cs,,SummerWatermelonModel.<>c__DisplayClass132_0,4983,public BattlePassTwentyNine config; // 0x8
code/AssetRipper_generated_CSharp/Assembly-CSharp/SummerWatermelonModel.cs,,SummerWatermelonModel.<>c__DisplayClass153_0,4984,public SummerWatermelonModel <>4__this; // 0x8
code/AssetRipper_generated_CSharp/Assembly-CSharp/SummerWatermelonModel.cs,,SummerWatermelonModel.<>c__DisplayClass153_0,4984,public bool openPopup; // 0xC
code/AssetRipper_generated_CSharp/Assembly-CSharp/SummerWatermelonModel.cs,,SummerWatermelonModel.<>c__DisplayClass153_1,4985,public SummerWatermelonTwentyNinePackageConfig config; // 0x8
code/AssetRipper_generated_CSharp/Assembly-CSharp/SummerWatermelonModel.cs,,SummerWatermelonModel.<>c__DisplayClass154_0,4986,public int index; // 0x8
code/AssetRipper_generated_CSharp/Assembly-CSharp/SummerWatermelonModel.cs,,SummerWatermelonModel.<>c__DisplayClass154_0,4986,public SummerWatermelonTwentyNinePackageReward _curGiftBagData; // 0xC
code/AssetRipper_generated_CSharp/Assembly-CSharp/SummerWatermelonModel.cs,,SummerWatermelonModel.<>c__DisplayClass154_0,4986,public SummerWatermelonModel <>4__this; // 0x10
code/AssetRipper_generated_CSharp/Assembly-CSharp/SummerWatermelonModel.cs,,SummerWatermelonModel.<>c__DisplayClass50_0,4987,public int maxNum; // 0x8
code/AssetRipper_generated_CSharp/Assembly-CSharp/SummerWatermelonModel.cs,,SummerWatermelonModel.<>c__DisplayClass50_0,4987,public SummerWatermelonModel <>4__this; // 0xC
code/AssetRipper_generated_CSharp/Assembly-CSharp/SummerWatermelonModel.cs,,SummerWatermelonModel.<>c__DisplayClass50_0,4987,public int rewardNum; // 0x10
code/AssetRipper_generated_CSharp/Assembly-CSharp/SummerWatermelonModel.cs,,SummerWatermelonModel.<>c__DisplayClass50_1,4988,public int currentNum; // 0x8
code/AssetRipper_generated_CSharp/Assembly-CSharp/SummerWatermelonModel.cs,,SummerWatermelonModel.<>c__DisplayClass50_1,4988,public SummerWatermelonModel.<>c__DisplayClass50_0 CS$<>8__locals1; // 0xC
code/AssetRipper_generated_CSharp/Assembly-CSharp/SummerWatermelonModel.cs,,SummerWatermelonModel.<>c__DisplayClass54_0,4989,public Vector3 position; // 0x8
code/AssetRipper_generated_CSharp/Assembly-CSharp/SummerWatermelonModel.cs,,SummerWatermelonModel.<>c__DisplayClass54_0,4989,public Action action; // 0x14
code/AssetRipper_generated_CSharp/Assembly-CSharp/SummerWatermelonModel.cs,,SummerWatermelonModel.<>c__DisplayClass87_0,4990,public SummerWatermelonModel <>4__this; // 0x8
code/AssetRipper_generated_CSharp/Assembly-CSharp/SummerWatermelonModel.cs,,SummerWatermelonModel.<>c__DisplayClass87_0,4990,public TableMergeItem itemConfig; // 0xC
code/AssetRipper_generated_CSharp/Assembly-CSharp/SummerWatermelonModel.cs,,SummerWatermelonModel.<>c__DisplayClass88_0,4991,public List<ResData> rewardsList; // 0x8
code/AssetRipper_generated_CSharp/Assembly-CSharp/SummerWatermelonModel.cs,,SummerWatermelonModel.<>c__DisplayClass88_0,4991,public TaskCompletionSource<bool> taskRewardCollect; // 0xC
code/AssetRipper_generated_CSharp/Assembly-CSharp/SummerWatermelonModel.cs,,SummerWatermelonModel.<OnNewItem>d__87,4992,public int <>1__state; // 0x0
code/AssetRipper_generated_CSharp/Assembly-CSharp/SummerWatermelonModel.cs,,SummerWatermelonModel.<OnNewItem>d__87,4992,public AsyncVoidMethodBuilder <>t__builder; // 0x4
code/AssetRipper_generated_CSharp/Assembly-CSharp/SummerWatermelonModel.cs,,SummerWatermelonModel.<OnNewItem>d__87,4992,public SummerWatermelonModel <>4__this; // 0x14
code/AssetRipper_generated_CSharp/Assembly-CSharp/SummerWatermelonModel.cs,,SummerWatermelonModel.<OnNewItem>d__87,4992,public int id; // 0x18
code/AssetRipper_generated_CSharp/Assembly-CSharp/SummerWatermelonModel.cs,,SummerWatermelonModel.<OnNewItem>d__87,4992,public RefreshItemSource source; // 0x1C
code/AssetRipper_generated_CSharp/Assembly-CSharp/SummerWatermelonModel.cs,,SummerWatermelonModel.<OnNewItem>d__87,4992,private SummerWatermelonModel.<>c__DisplayClass87_0 <>8__1; // 0x20
code/AssetRipper_generated_CSharp/Assembly-CSharp/SummerWatermelonModel.cs,,SummerWatermelonModel.<OnNewItem>d__87,4992,private TaskAwaiter <>u__1; // 0x24
code/AssetRipper_generated_CSharp/Assembly-CSharp/SummerWatermelonModel.cs,,SummerWatermelonModel.<OnNewItem>d__87,4992,private TaskAwaiter<bool> <>u__2; // 0x28
code/AssetRipper_generated_CSharp/Assembly-CSharp/Activity/SummerWatermelon_29/SummerWatermelonModel.cs,Activity.SummerWatermelon_29,SummerWatermelonModel,4993,public static bool InGuideChain; // 0x0
code/AssetRipper_generated_CSharp/Assembly-CSharp/Activity/SummerWatermelon_29/SummerWatermelonModel.cs,Activity.SummerWatermelon_29,SummerWatermelonModel,4993,public const int BOARD_WIDTH = 6;
code/AssetRipper_generated_CSharp/Assembly-CSharp/Activity/SummerWatermelon_29/SummerWatermelonModel.cs,Activity.SummerWatermelon_29,SummerWatermelonModel,4993,public const int BOARD_HEIGHT = 14;
code/AssetRipper_generated_CSharp/Assembly-CSharp/Activity/SummerWatermelon_29/SummerWatermelonModel.cs,Activity.SummerWatermelon_29,SummerWatermelonModel,4993,private static SummerWatermelonModel _instance; // 0x4
code/AssetRipper_generated_CSharp/Assembly-CSharp/Activity/SummerWatermelon_29/SummerWatermelonModel.cs,Activity.SummerWatermelon_29,SummerWatermelonModel,4993,"private Dictionary<int, SummerWatermelonTwentyNineProductConfig> _summerWatermelonProductConfig; // 0x3C"
code/AssetRipper_generated_CSharp/Assembly-CSharp/Activity/SummerWatermelon_29/SummerWatermelonModel.cs,Activity.SummerWatermelon_29,SummerWatermelonModel,4993,"private Dictionary<int, SummerWatermelonTwentyNineFirstTimeRewardConfig> _summerWatermelonFirstTimeRewardConfig; // 0x40"
code/AssetRipper_generated_CSharp/Assembly-CSharp/Activity/SummerWatermelon_29/SummerWatermelonModel.cs,Activity.SummerWatermelon_29,SummerWatermelonModel,4993,"private Dictionary<int, SummerWatermelonTwentyNineMergeRewardConfig> _summerWatermelonMergeRewardConfig; // 0x44"
code/AssetRipper_generated_CSharp/Assembly-CSharp/Activity/SummerWatermelon_29/SummerWatermelonModel.cs,Activity.SummerWatermelon_29,SummerWatermelonModel,4993,"private Dictionary<int, TableMergeItem> _mergeItemDictionary; // 0x48"
code/AssetRipper_generated_CSharp/Assembly-CSharp/Activity/SummerWatermelon_29/SummerWatermelonModel.cs,Activity.SummerWatermelon_29,SummerWatermelonModel,4993,public int UnSetItemsCount; // 0x4C
code/AssetRipper_generated_CSharp/Assembly-CSharp/Activity/SummerWatermelon_29/SummerWatermelonModel.cs,Activity.SummerWatermelon_29,SummerWatermelonModel,4993,public const ulong Offset = 0;
code/AssetRipper_generated_CSharp/Assembly-CSharp/Activity/SummerWatermelon_29/SummerWatermelonModel.cs,Activity.SummerWatermelon_29,SummerWatermelonModel,4993,private bool _isInit; // 0x50
code/AssetRipper_generated_CSharp/Assembly-CSharp/Activity/SummerWatermelon_29/SummerWatermelonModel.cs,Activity.SummerWatermelon_29,SummerWatermelonModel,4993,private static GameObject _flyItemObj; // 0x8
code/AssetRipper_generated_CSharp/Assembly-CSharp/Activity/SummerWatermelon_29/SummerWatermelonModel.cs,Activity.SummerWatermelon_29,SummerWatermelonModel,4993,private bool _lastActivityOpenState; // 0x51
code/AssetRipper_generated_CSharp/Assembly-CSharp/Activity/SummerWatermelon_29/SummerWatermelonModel.cs,Activity.SummerWatermelon_29,SummerWatermelonModel,4993,private bool <ShowIllustratedRedPoint>k__BackingField; // 0x52
code/AssetRipper_generated_CSharp/Assembly-CSharp/Activity/SummerWatermelon_29/SummerWatermelonModel.cs,Activity.SummerWatermelon_29,SummerWatermelonModel,4993,public static string battlePassCoolTimeKey; // 0xC
code/AssetRipper_generated_CSharp/Assembly-CSharp/Activity/SummerWatermelon_29/SummerWatermelonModel.cs,Activity.SummerWatermelon_29,SummerWatermelonModel,4993,private int _redPointNum; // 0x54
code/AssetRipper_generated_CSharp/Assembly-CSharp/Activity/SummerWatermelon_29/SummerWatermelonModel.cs,Activity.SummerWatermelon_29,SummerWatermelonModel,4993,public static string packageCoolTimeKey; // 0x10
code/AssetRipper_generated_CSharp/Assembly-CSharp/Activity/SummerWatermelon_29/SummerWatermelonModel.cs,Activity.SummerWatermelon_29,SummerWatermelonModel,4993,public static string newpackageCoolTimeKey; // 0x14
code/AssetRipper_generated_CSharp/Assembly-CSharp/SummerWatermelonModel.cs,,SummerWatermelonModel.<>c,5049,public static readonly SummerWatermelonModel.<>c <>9; // 0x0
code/AssetRipper_generated_CSharp/Assembly-CSharp/SummerWatermelonModel.cs,,SummerWatermelonModel.<>c,5049,public static Action <>9__165_0; // 0x4
code/AssetRipper_generated_CSharp/Assembly-CSharp/SummerWatermelonModel.cs,,SummerWatermelonModel.<>c,5049,public static Predicate<SummerWatermelonNineteenPackageConfig> <>9__168_0; // 0x8
code/AssetRipper_generated_CSharp/Assembly-CSharp/SummerWatermelonModel.cs,,SummerWatermelonModel.<>c__DisplayClass141_0,5050,public BattlePassNineteen config; // 0x8
code/AssetRipper_generated_CSharp/Assembly-CSharp/SummerWatermelonModel.cs,,SummerWatermelonModel.<>c__DisplayClass167_0,5051,public SummerWatermelonModel <>4__this; // 0x8
code/AssetRipper_generated_CSharp/Assembly-CSharp/SummerWatermelonModel.cs,,SummerWatermelonModel.<>c__DisplayClass167_0,5051,public bool openPopup; // 0xC
code/AssetRipper_generated_CSharp/Assembly-CSharp/SummerWatermelonModel.cs,,SummerWatermelonModel.<>c__DisplayClass167_1,5052,public SummerWatermelonNineteenPackageConfig config; // 0x8
code/AssetRipper_generated_CSharp/Assembly-CSharp/SummerWatermelonModel.cs,,SummerWatermelonModel.<>c__DisplayClass168_0,5053,public int index; // 0x8
code/AssetRipper_generated_CSharp/Assembly-CSharp/SummerWatermelonModel.cs,,SummerWatermelonModel.<>c__DisplayClass168_0,5053,public SummerWatermelonNineteenPackageReward _curGiftBagData; // 0xC
code/AssetRipper_generated_CSharp/Assembly-CSharp/SummerWatermelonModel.cs,,SummerWatermelonModel.<>c__DisplayClass168_0,5053,public SummerWatermelonModel <>4__this; // 0x10
code/AssetRipper_generated_CSharp/Assembly-CSharp/SummerWatermelonModel.cs,,SummerWatermelonModel.<>c__DisplayClass52_0,5054,public int maxNum; // 0x8
code/AssetRipper_generated_CSharp/Assembly-CSharp/SummerWatermelonModel.cs,,SummerWatermelonModel.<>c__DisplayClass52_0,5054,public SummerWatermelonModel <>4__this; // 0xC
code/AssetRipper_generated_CSharp/Assembly-CSharp/SummerWatermelonModel.cs,,SummerWatermelonModel.<>c__DisplayClass52_0,5054,public int rewardNum; // 0x10
code/AssetRipper_generated_CSharp/Assembly-CSharp/SummerWatermelonModel.cs,,SummerWatermelonModel.<>c__DisplayClass52_1,5055,public int currentNum; // 0x8
code/AssetRipper_generated_CSharp/Assembly-CSharp/SummerWatermelonModel.cs,,SummerWatermelonModel.<>c__DisplayClass52_1,5055,public SummerWatermelonModel.<>c__DisplayClass52_0 CS$<>8__locals1; // 0xC
code/AssetRipper_generated_CSharp/Assembly-CSharp/SummerWatermelonModel.cs,,SummerWatermelonModel.<>c__DisplayClass56_0,5056,public Vector3 position; // 0x8
code/AssetRipper_generated_CSharp/Assembly-CSharp/SummerWatermelonModel.cs,,SummerWatermelonModel.<>c__DisplayClass56_0,5056,public Action action; // 0x14
code/AssetRipper_generated_CSharp/Assembly-CSharp/SummerWatermelonModel.cs,,SummerWatermelonModel.<>c__DisplayClass98_0,5057,public SummerWatermelonModel <>4__this; // 0x8
code/AssetRipper_generated_CSharp/Assembly-CSharp/SummerWatermelonModel.cs,,SummerWatermelonModel.<>c__DisplayClass98_0,5057,public TableMergeItem itemConfig; // 0xC
code/AssetRipper_generated_CSharp/Assembly-CSharp/SummerWatermelonModel.cs,,SummerWatermelonModel.<>c__DisplayClass99_0,5058,public List<ResData> rewardsList; // 0x8
code/AssetRipper_generated_CSharp/Assembly-CSharp/SummerWatermelonModel.cs,,SummerWatermelonModel.<>c__DisplayClass99_0,5058,public TaskCompletionSource<bool> taskRewardCollect; // 0xC
code/AssetRipper_generated_CSharp/Assembly-CSharp/SummerWatermelonModel.cs,,SummerWatermelonModel.<OnNewItem>d__98,5059,public int <>1__state; // 0x0
code/AssetRipper_generated_CSharp/Assembly-CSharp/SummerWatermelonModel.cs,,SummerWatermelonModel.<OnNewItem>d__98,5059,public AsyncVoidMethodBuilder <>t__builder; // 0x4
code/AssetRipper_generated_CSharp/Assembly-CSharp/SummerWatermelonModel.cs,,SummerWatermelonModel.<OnNewItem>d__98,5059,public SummerWatermelonModel <>4__this; // 0x14
code/AssetRipper_generated_CSharp/Assembly-CSharp/SummerWatermelonModel.cs,,SummerWatermelonModel.<OnNewItem>d__98,5059,public int id; // 0x18
code/AssetRipper_generated_CSharp/Assembly-CSharp/SummerWatermelonModel.cs,,SummerWatermelonModel.<OnNewItem>d__98,5059,public RefreshItemSource source; // 0x1C
code/AssetRipper_generated_CSharp/Assembly-CSharp/SummerWatermelonModel.cs,,SummerWatermelonModel.<OnNewItem>d__98,5059,public Vector3 startPos; // 0x20
code/AssetRipper_generated_CSharp/Assembly-CSharp/SummerWatermelonModel.cs,,SummerWatermelonModel.<OnNewItem>d__98,5059,private SummerWatermelonModel.<>c__DisplayClass98_0 <>8__1; // 0x2C
code/AssetRipper_generated_CSharp/Assembly-CSharp/SummerWatermelonModel.cs,,SummerWatermelonModel.<OnNewItem>d__98,5059,private TaskAwaiter <>u__1; // 0x30
code/AssetRipper_generated_CSharp/Assembly-CSharp/SummerWatermelonModel.cs,,SummerWatermelonModel.<OnNewItem>d__98,5059,private TaskAwaiter<bool> <>u__2; // 0x34
code/AssetRipper_generated_CSharp/Assembly-CSharp/Activity/SummerWatermelon_19/SummerWatermelonModel.cs,Activity.SummerWatermelon_19,SummerWatermelonModel,5060,public static bool InGuideChain; // 0x0
code/AssetRipper_generated_CSharp/Assembly-CSharp/Activity/SummerWatermelon_19/SummerWatermelonModel.cs,Activity.SummerWatermelon_19,SummerWatermelonModel,5060,public const int BOARD_WIDTH = 5;
code/AssetRipper_generated_CSharp/Assembly-CSharp/Activity/SummerWatermelon_19/SummerWatermelonModel.cs,Activity.SummerWatermelon_19,SummerWatermelonModel,5060,public const int BOARD_HEIGHT = 5;
code/AssetRipper_generated_CSharp/Assembly-CSharp/Activity/SummerWatermelon_19/SummerWatermelonModel.cs,Activity.SummerWatermelon_19,SummerWatermelonModel,5060,public const int BOARD_WIDTH_BIG = 6;
code/AssetRipper_generated_CSharp/Assembly-CSharp/Activity/SummerWatermelon_19/SummerWatermelonModel.cs,Activity.SummerWatermelon_19,SummerWatermelonModel,5060,public const int BOARD_HEIGHT_BIG = 8;
code/AssetRipper_generated_CSharp/Assembly-CSharp/Activity/SummerWatermelon_19/SummerWatermelonModel.cs,Activity.SummerWatermelon_19,SummerWatermelonModel,5060,private static SummerWatermelonModel _instance; // 0x4
code/AssetRipper_generated_CSharp/Assembly-CSharp/Activity/SummerWatermelon_19/SummerWatermelonModel.cs,Activity.SummerWatermelon_19,SummerWatermelonModel,5060,"private Dictionary<int, SummerWatermelonNineteenProductConfig> _summerWatermelonProductConfig; // 0x3C"
code/AssetRipper_generated_CSharp/Assembly-CSharp/Activity/SummerWatermelon_19/SummerWatermelonModel.cs,Activity.SummerWatermelon_19,SummerWatermelonModel,5060,"private Dictionary<int, SummerWatermelonNineteenFirstTimeRewardConfig> _summerWatermelonFirstTimeRewardConfig; // 0x40"
code/AssetRipper_generated_CSharp/Assembly-CSharp/Activity/SummerWatermelon_19/SummerWatermelonModel.cs,Activity.SummerWatermelon_19,SummerWatermelonModel,5060,"private Dictionary<int, SummerWatermelonNineteenMergeRewardConfig> _summerWatermelonMergeRewardConfig; // 0x44"
code/AssetRipper_generated_CSharp/Assembly-CSharp/Activity/SummerWatermelon_19/SummerWatermelonModel.cs,Activity.SummerWatermelon_19,SummerWatermelonModel,5060,"private Dictionary<int, TableMergeItem> _mergeItemDictionary; // 0x48"
code/AssetRipper_generated_CSharp/Assembly-CSharp/Activity/SummerWatermelon_19/SummerWatermelonModel.cs,Activity.SummerWatermelon_19,SummerWatermelonModel,5060,public int UnSetItemsCount; // 0x4C
code/AssetRipper_generated_CSharp/Assembly-CSharp/Activity/SummerWatermelon_19/SummerWatermelonModel.cs,Activity.SummerWatermelon_19,SummerWatermelonModel,5060,public const ulong Offset = 0;
code/AssetRipper_generated_CSharp/Assembly-CSharp/Activity/SummerWatermelon_19/SummerWatermelonModel.cs,Activity.SummerWatermelon_19,SummerWatermelonModel,5060,private bool _isInit; // 0x50
code/AssetRipper_generated_CSharp/Assembly-CSharp/Activity/SummerWatermelon_19/SummerWatermelonModel.cs,Activity.SummerWatermelon_19,SummerWatermelonModel,5060,private static GameObject _flyItemObj; // 0x8
code/AssetRipper_generated_CSharp/Assembly-CSharp/Activity/SummerWatermelon_19/SummerWatermelonModel.cs,Activity.SummerWatermelon_19,SummerWatermelonModel,5060,private bool _lastActivityOpenState; // 0x51
code/AssetRipper_generated_CSharp/Assembly-CSharp/Activity/SummerWatermelon_19/SummerWatermelonModel.cs,Activity.SummerWatermelon_19,SummerWatermelonModel,5060,private bool <ShowIllustratedRedPoint>k__BackingField; // 0x52
code/AssetRipper_generated_CSharp/Assembly-CSharp/Activity/SummerWatermelon_19/SummerWatermelonModel.cs,Activity.SummerWatermelon_19,SummerWatermelonModel,5060,public static string battlePassCoolTimeKey; // 0xC
code/AssetRipper_generated_CSharp/Assembly-CSharp/Activity/SummerWatermelon_19/SummerWatermelonModel.cs,Activity.SummerWatermelon_19,SummerWatermelonModel,5060,private int _redPointNum; // 0x54
code/AssetRipper_generated_CSharp/Assembly-CSharp/Activity/SummerWatermelon_19/SummerWatermelonModel.cs,Activity.SummerWatermelon_19,SummerWatermelonModel,5060,public static string packageCoolTimeKey; // 0x10
code/AssetRipper_generated_CSharp/Assembly-CSharp/Activity/SummerWatermelon_19/SummerWatermelonModel.cs,Activity.SummerWatermelon_19,SummerWatermelonModel,5060,public static string newpackageCoolTimeKey; // 0x14
code/AssetRipper_generated_CSharp/Assembly-CSharp/SummerWatermelonModel.cs,,SummerWatermelonModel.<>c,5115,public static readonly SummerWatermelonModel.<>c <>9; // 0x0
code/AssetRipper_generated_CSharp/Assembly-CSharp/SummerWatermelonModel.cs,,SummerWatermelonModel.<>c,5115,public static Predicate<SummerWatermelonNinePackageConfig> <>9__125_0; // 0x4
code/AssetRipper_generated_CSharp/Assembly-CSharp/SummerWatermelonModel.cs,,SummerWatermelonModel.<>c__DisplayClass124_0,5116,public SummerWatermelonModel <>4__this; // 0x8
code/AssetRipper_generated_CSharp/Assembly-CSharp/SummerWatermelonModel.cs,,SummerWatermelonModel.<>c__DisplayClass124_0,5116,public bool openPopup; // 0xC
code/AssetRipper_generated_CSharp/Assembly-CSharp/SummerWatermelonModel.cs,,SummerWatermelonModel.<>c__DisplayClass124_1,5117,public SummerWatermelonNinePackageConfig config; // 0x8
code/AssetRipper_generated_CSharp/Assembly-CSharp/SummerWatermelonModel.cs,,SummerWatermelonModel.<>c__DisplayClass125_0,5118,public int index; // 0x8
code/AssetRipper_generated_CSharp/Assembly-CSharp/SummerWatermelonModel.cs,,SummerWatermelonModel.<>c__DisplayClass125_0,5118,public SummerWatermelonNinePackageReward _curGiftBagData; // 0xC
code/AssetRipper_generated_CSharp/Assembly-CSharp/SummerWatermelonModel.cs,,SummerWatermelonModel.<>c__DisplayClass125_0,5118,public SummerWatermelonModel <>4__this; // 0x10
code/AssetRipper_generated_CSharp/Assembly-CSharp/SummerWatermelonModel.cs,,SummerWatermelonModel.<>c__DisplayClass52_0,5119,public int maxNum; // 0x8
code/AssetRipper_generated_CSharp/Assembly-CSharp/SummerWatermelonModel.cs,,SummerWatermelonModel.<>c__DisplayClass52_0,5119,public SummerWatermelonModel <>4__this; // 0xC
code/AssetRipper_generated_CSharp/Assembly-CSharp/SummerWatermelonModel.cs,,SummerWatermelonModel.<>c__DisplayClass52_0,5119,public int rewardNum; // 0x10
code/AssetRipper_generated_CSharp/Assembly-CSharp/SummerWatermelonModel.cs,,SummerWatermelonModel.<>c__DisplayClass52_1,5120,public int currentNum; // 0x8
code/AssetRipper_generated_CSharp/Assembly-CSharp/SummerWatermelonModel.cs,,SummerWatermelonModel.<>c__DisplayClass52_1,5120,public SummerWatermelonModel.<>c__DisplayClass52_0 CS$<>8__locals1; // 0xC
code/AssetRipper_generated_CSharp/Assembly-CSharp/SummerWatermelonModel.cs,,SummerWatermelonModel.<>c__DisplayClass56_0,5121,public Vector3 position; // 0x8
code/AssetRipper_generated_CSharp/Assembly-CSharp/SummerWatermelonModel.cs,,SummerWatermelonModel.<>c__DisplayClass56_0,5121,public Action action; // 0x14
code/AssetRipper_generated_CSharp/Assembly-CSharp/SummerWatermelonModel.cs,,SummerWatermelonModel.<>c__DisplayClass95_0,5122,public SummerWatermelonModel <>4__this; // 0x8
code/AssetRipper_generated_CSharp/Assembly-CSharp/SummerWatermelonModel.cs,,SummerWatermelonModel.<>c__DisplayClass95_0,5122,public TableMergeItem itemConfig; // 0xC
code/AssetRipper_generated_CSharp/Assembly-CSharp/SummerWatermelonModel.cs,,SummerWatermelonModel.<>c__DisplayClass96_0,5123,public List<ResData> rewardsList; // 0x8
code/AssetRipper_generated_CSharp/Assembly-CSharp/SummerWatermelonModel.cs,,SummerWatermelonModel.<>c__DisplayClass96_0,5123,public TaskCompletionSource<bool> taskRewardCollect; // 0xC
code/AssetRipper_generated_CSharp/Assembly-CSharp/SummerWatermelonModel.cs,,SummerWatermelonModel.<OnNewItem>d__95,5124,public int <>1__state; // 0x0
code/AssetRipper_generated_CSharp/Assembly-CSharp/SummerWatermelonModel.cs,,SummerWatermelonModel.<OnNewItem>d__95,5124,public AsyncVoidMethodBuilder <>t__builder; // 0x4
code/AssetRipper_generated_CSharp/Assembly-CSharp/SummerWatermelonModel.cs,,SummerWatermelonModel.<OnNewItem>d__95,5124,public SummerWatermelonModel <>4__this; // 0x14
code/AssetRipper_generated_CSharp/Assembly-CSharp/SummerWatermelonModel.cs,,SummerWatermelonModel.<OnNewItem>d__95,5124,public int id; // 0x18
code/AssetRipper_generated_CSharp/Assembly-CSharp/SummerWatermelonModel.cs,,SummerWatermelonModel.<OnNewItem>d__95,5124,public RefreshItemSource source; // 0x1C
code/AssetRipper_generated_CSharp/Assembly-CSharp/SummerWatermelonModel.cs,,SummerWatermelonModel.<OnNewItem>d__95,5124,private SummerWatermelonModel.<>c__DisplayClass95_0 <>8__1; // 0x20
code/AssetRipper_generated_CSharp/Assembly-CSharp/SummerWatermelonModel.cs,,SummerWatermelonModel.<OnNewItem>d__95,5124,private TaskAwaiter <>u__1; // 0x24
code/AssetRipper_generated_CSharp/Assembly-CSharp/SummerWatermelonModel.cs,,SummerWatermelonModel.<OnNewItem>d__95,5124,private TaskAwaiter<bool> <>u__2; // 0x28
code/AssetRipper_generated_CSharp/Assembly-CSharp/Activity/SummerWatermelon_9/SummerWatermelonModel.cs,Activity.SummerWatermelon_9,SummerWatermelonModel,5125,public static bool InGuideChain; // 0x0
code/AssetRipper_generated_CSharp/Assembly-CSharp/Activity/SummerWatermelon_9/SummerWatermelonModel.cs,Activity.SummerWatermelon_9,SummerWatermelonModel,5125,public const int BOARD_WIDTH = 5;
code/AssetRipper_generated_CSharp/Assembly-CSharp/Activity/SummerWatermelon_9/SummerWatermelonModel.cs,Activity.SummerWatermelon_9,SummerWatermelonModel,5125,public const int BOARD_HEIGHT = 5;
code/AssetRipper_generated_CSharp/Assembly-CSharp/Activity/SummerWatermelon_9/SummerWatermelonModel.cs,Activity.SummerWatermelon_9,SummerWatermelonModel,5125,public const int BOARD_WIDTH_BIG = 6;
code/AssetRipper_generated_CSharp/Assembly-CSharp/Activity/SummerWatermelon_9/SummerWatermelonModel.cs,Activity.SummerWatermelon_9,SummerWatermelonModel,5125,public const int BOARD_HEIGHT_BIG = 8;
code/AssetRipper_generated_CSharp/Assembly-CSharp/Activity/SummerWatermelon_9/SummerWatermelonModel.cs,Activity.SummerWatermelon_9,SummerWatermelonModel,5125,private static SummerWatermelonModel _instance; // 0x4
code/AssetRipper_generated_CSharp/Assembly-CSharp/Activity/SummerWatermelon_9/SummerWatermelonModel.cs,Activity.SummerWatermelon_9,SummerWatermelonModel,5125,"private Dictionary<int, SummerWatermelonNineProductConfig> _summerWatermelonProductConfig; // 0x3C"
code/AssetRipper_generated_CSharp/Assembly-CSharp/Activity/SummerWatermelon_9/SummerWatermelonModel.cs,Activity.SummerWatermelon_9,SummerWatermelonModel,5125,"private Dictionary<int, SummerWatermelonNineFirstTimeRewardConfig> _summerWatermelonFirstTimeRewardConfig; // 0x40"
code/AssetRipper_generated_CSharp/Assembly-CSharp/Activity/SummerWatermelon_9/SummerWatermelonModel.cs,Activity.SummerWatermelon_9,SummerWatermelonModel,5125,"private Dictionary<int, SummerWatermelonNineMergeRewardConfig> _summerWatermelonMergeRewardConfig; // 0x44"
code/AssetRipper_generated_CSharp/Assembly-CSharp/Activity/SummerWatermelon_9/SummerWatermelonModel.cs,Activity.SummerWatermelon_9,SummerWatermelonModel,5125,"private Dictionary<int, TableMergeItem> _mergeItemDictionary; // 0x48"
code/AssetRipper_generated_CSharp/Assembly-CSharp/Activity/SummerWatermelon_9/SummerWatermelonModel.cs,Activity.SummerWatermelon_9,SummerWatermelonModel,5125,public int UnSetItemsCount; // 0x4C
code/AssetRipper_generated_CSharp/Assembly-CSharp/Activity/SummerWatermelon_9/SummerWatermelonModel.cs,Activity.SummerWatermelon_9,SummerWatermelonModel,5125,public const ulong Offset = 0;
code/AssetRipper_generated_CSharp/Assembly-CSharp/Activity/SummerWatermelon_9/SummerWatermelonModel.cs,Activity.SummerWatermelon_9,SummerWatermelonModel,5125,private bool _isInit; // 0x50
code/AssetRipper_generated_CSharp/Assembly-CSharp/Activity/SummerWatermelon_9/SummerWatermelonModel.cs,Activity.SummerWatermelon_9,SummerWatermelonModel,5125,private static GameObject _flyItemObj; // 0x8
code/AssetRipper_generated_CSharp/Assembly-CSharp/Activity/SummerWatermelon_9/SummerWatermelonModel.cs,Activity.SummerWatermelon_9,SummerWatermelonModel,5125,private bool _lastActivityOpenState; // 0x51
code/AssetRipper_generated_CSharp/Assembly-CSharp/Activity/SummerWatermelon_9/SummerWatermelonModel.cs,Activity.SummerWatermelon_9,SummerWatermelonModel,5125,private bool _isBigBoardActive; // 0x52
code/AssetRipper_generated_CSharp/Assembly-CSharp/Activity/SummerWatermelon_9/SummerWatermelonModel.cs,Activity.SummerWatermelon_9,SummerWatermelonModel,5125,private bool <ShowIllustratedRedPoint>k__BackingField; // 0x53
code/AssetRipper_generated_CSharp/Assembly-CSharp/Activity/SummerWatermelon_9/SummerWatermelonModel.cs,Activity.SummerWatermelon_9,SummerWatermelonModel,5125,public static string packageCoolTimeKey; // 0xC
code/AssetRipper_generated_CSharp/Assembly-CSharp/SummerWatermelonModel.cs,,SummerWatermelonModel.<>c,5160,public static readonly SummerWatermelonModel.<>c <>9; // 0x0
code/AssetRipper_generated_CSharp/Assembly-CSharp/SummerWatermelonModel.cs,,SummerWatermelonModel.<>c,5160,public static Predicate<SummerWatermelonThirtyOnePackageConfig> <>9__154_0; // 0x4
code/AssetRipper_generated_CSharp/Assembly-CSharp/SummerWatermelonModel.cs,,SummerWatermelonModel.<>c,5160,public static Action <>9__170_0; // 0x8
code/AssetRipper_generated_CSharp/Assembly-CSharp/SummerWatermelonModel.cs,,SummerWatermelonModel.<>c__DisplayClass132_0,5161,public BattlePassThirtyOne config; // 0x8
code/AssetRipper_generated_CSharp/Assembly-CSharp/SummerWatermelonModel.cs,,SummerWatermelonModel.<>c__DisplayClass153_0,5162,public SummerWatermelonModel <>4__this; // 0x8
code/AssetRipper_generated_CSharp/Assembly-CSharp/SummerWatermelonModel.cs,,SummerWatermelonModel.<>c__DisplayClass153_0,5162,public bool openPopup; // 0xC
code/AssetRipper_generated_CSharp/Assembly-CSharp/SummerWatermelonModel.cs,,SummerWatermelonModel.<>c__DisplayClass153_1,5163,public SummerWatermelonThirtyOnePackageConfig config; // 0x8
code/AssetRipper_generated_CSharp/Assembly-CSharp/SummerWatermelonModel.cs,,SummerWatermelonModel.<>c__DisplayClass154_0,5164,public int index; // 0x8
code/AssetRipper_generated_CSharp/Assembly-CSharp/SummerWatermelonModel.cs,,SummerWatermelonModel.<>c__DisplayClass154_0,5164,public SummerWatermelonThirtyOnePackageReward _curGiftBagData; // 0xC
code/AssetRipper_generated_CSharp/Assembly-CSharp/SummerWatermelonModel.cs,,SummerWatermelonModel.<>c__DisplayClass154_0,5164,public SummerWatermelonModel <>4__this; // 0x10
code/AssetRipper_generated_CSharp/Assembly-CSharp/SummerWatermelonModel.cs,,SummerWatermelonModel.<>c__DisplayClass50_0,5165,public int maxNum; // 0x8
code/AssetRipper_generated_CSharp/Assembly-CSharp/SummerWatermelonModel.cs,,SummerWatermelonModel.<>c__DisplayClass50_0,5165,public SummerWatermelonModel <>4__this; // 0xC
code/AssetRipper_generated_CSharp/Assembly-CSharp/SummerWatermelonModel.cs,,SummerWatermelonModel.<>c__DisplayClass50_0,5165,public int rewardNum; // 0x10
code/AssetRipper_generated_CSharp/Assembly-CSharp/SummerWatermelonModel.cs,,SummerWatermelonModel.<>c__DisplayClass50_1,5166,public int currentNum; // 0x8
code/AssetRipper_generated_CSharp/Assembly-CSharp/SummerWatermelonModel.cs,,SummerWatermelonModel.<>c__DisplayClass50_1,5166,public SummerWatermelonModel.<>c__DisplayClass50_0 CS$<>8__locals1; // 0xC
code/AssetRipper_generated_CSharp/Assembly-CSharp/SummerWatermelonModel.cs,,SummerWatermelonModel.<>c__DisplayClass54_0,5167,public Vector3 position; // 0x8
code/AssetRipper_generated_CSharp/Assembly-CSharp/SummerWatermelonModel.cs,,SummerWatermelonModel.<>c__DisplayClass54_0,5167,public Action action; // 0x14
code/AssetRipper_generated_CSharp/Assembly-CSharp/SummerWatermelonModel.cs,,SummerWatermelonModel.<>c__DisplayClass87_0,5168,public SummerWatermelonModel <>4__this; // 0x8
code/AssetRipper_generated_CSharp/Assembly-CSharp/SummerWatermelonModel.cs,,SummerWatermelonModel.<>c__DisplayClass87_0,5168,public TableMergeItem itemConfig; // 0xC
code/AssetRipper_generated_CSharp/Assembly-CSharp/SummerWatermelonModel.cs,,SummerWatermelonModel.<>c__DisplayClass88_0,5169,public List<ResData> rewardsList; // 0x8
code/AssetRipper_generated_CSharp/Assembly-CSharp/SummerWatermelonModel.cs,,SummerWatermelonModel.<>c__DisplayClass88_0,5169,public TaskCompletionSource<bool> taskRewardCollect; // 0xC
code/AssetRipper_generated_CSharp/Assembly-CSharp/SummerWatermelonModel.cs,,SummerWatermelonModel.<OnNewItem>d__87,5170,public int <>1__state; // 0x0
code/AssetRipper_generated_CSharp/Assembly-CSharp/SummerWatermelonModel.cs,,SummerWatermelonModel.<OnNewItem>d__87,5170,public AsyncVoidMethodBuilder <>t__builder; // 0x4
code/AssetRipper_generated_CSharp/Assembly-CSharp/SummerWatermelonModel.cs,,SummerWatermelonModel.<OnNewItem>d__87,5170,public SummerWatermelonModel <>4__this; // 0x14
code/AssetRipper_generated_CSharp/Assembly-CSharp/SummerWatermelonModel.cs,,SummerWatermelonModel.<OnNewItem>d__87,5170,public int id; // 0x18
code/AssetRipper_generated_CSharp/Assembly-CSharp/SummerWatermelonModel.cs,,SummerWatermelonModel.<OnNewItem>d__87,5170,public RefreshItemSource source; // 0x1C
code/AssetRipper_generated_CSharp/Assembly-CSharp/SummerWatermelonModel.cs,,SummerWatermelonModel.<OnNewItem>d__87,5170,private SummerWatermelonModel.<>c__DisplayClass87_0 <>8__1; // 0x20
code/AssetRipper_generated_CSharp/Assembly-CSharp/SummerWatermelonModel.cs,,SummerWatermelonModel.<OnNewItem>d__87,5170,private TaskAwaiter <>u__1; // 0x24
code/AssetRipper_generated_CSharp/Assembly-CSharp/SummerWatermelonModel.cs,,SummerWatermelonModel.<OnNewItem>d__87,5170,private TaskAwaiter<bool> <>u__2; // 0x28
code/AssetRipper_generated_CSharp/Assembly-CSharp/Activity/SummerWatermelon_31/SummerWatermelonModel.cs,Activity.SummerWatermelon_31,SummerWatermelonModel,5171,public static bool InGuideChain; // 0x0
code/AssetRipper_generated_CSharp/Assembly-CSharp/Activity/SummerWatermelon_31/SummerWatermelonModel.cs,Activity.SummerWatermelon_31,SummerWatermelonModel,5171,public const int BOARD_WIDTH = 6;
code/AssetRipper_generated_CSharp/Assembly-CSharp/Activity/SummerWatermelon_31/SummerWatermelonModel.cs,Activity.SummerWatermelon_31,SummerWatermelonModel,5171,public const int BOARD_HEIGHT = 14;
code/AssetRipper_generated_CSharp/Assembly-CSharp/Activity/SummerWatermelon_31/SummerWatermelonModel.cs,Activity.SummerWatermelon_31,SummerWatermelonModel,5171,private static SummerWatermelonModel _instance; // 0x4
code/AssetRipper_generated_CSharp/Assembly-CSharp/Activity/SummerWatermelon_31/SummerWatermelonModel.cs,Activity.SummerWatermelon_31,SummerWatermelonModel,5171,"private Dictionary<int, SummerWatermelonThirtyOneProductConfig> _summerWatermelonProductConfig; // 0x3C"
code/AssetRipper_generated_CSharp/Assembly-CSharp/Activity/SummerWatermelon_31/SummerWatermelonModel.cs,Activity.SummerWatermelon_31,SummerWatermelonModel,5171,"private Dictionary<int, SummerWatermelonThirtyOneFirstTimeRewardConfig> _summerWatermelonFirstTimeRewardConfig; // 0x40"
code/AssetRipper_generated_CSharp/Assembly-CSharp/Activity/SummerWatermelon_31/SummerWatermelonModel.cs,Activity.SummerWatermelon_31,SummerWatermelonModel,5171,"private Dictionary<int, SummerWatermelonThirtyOneMergeRewardConfig> _summerWatermelonMergeRewardConfig; // 0x44"
code/AssetRipper_generated_CSharp/Assembly-CSharp/Activity/SummerWatermelon_31/SummerWatermelonModel.cs,Activity.SummerWatermelon_31,SummerWatermelonModel,5171,"private Dictionary<int, TableMergeItem> _mergeItemDictionary; // 0x48"
code/AssetRipper_generated_CSharp/Assembly-CSharp/Activity/SummerWatermelon_31/SummerWatermelonModel.cs,Activity.SummerWatermelon_31,SummerWatermelonModel,5171,public int UnSetItemsCount; // 0x4C
code/AssetRipper_generated_CSharp/Assembly-CSharp/Activity/SummerWatermelon_31/SummerWatermelonModel.cs,Activity.SummerWatermelon_31,SummerWatermelonModel,5171,public const ulong Offset = 0;
code/AssetRipper_generated_CSharp/Assembly-CSharp/Activity/SummerWatermelon_31/SummerWatermelonModel.cs,Activity.SummerWatermelon_31,SummerWatermelonModel,5171,private bool _isInit; // 0x50
code/AssetRipper_generated_CSharp/Assembly-CSharp/Activity/SummerWatermelon_31/SummerWatermelonModel.cs,Activity.SummerWatermelon_31,SummerWatermelonModel,5171,private static GameObject _flyItemObj; // 0x8
code/AssetRipper_generated_CSharp/Assembly-CSharp/Activity/SummerWatermelon_31/SummerWatermelonModel.cs,Activity.SummerWatermelon_31,SummerWatermelonModel,5171,private bool _lastActivityOpenState; // 0x51
code/AssetRipper_generated_CSharp/Assembly-CSharp/Activity/SummerWatermelon_31/SummerWatermelonModel.cs,Activity.SummerWatermelon_31,SummerWatermelonModel,5171,private bool <ShowIllustratedRedPoint>k__BackingField; // 0x52
code/AssetRipper_generated_CSharp/Assembly-CSharp/Activity/SummerWatermelon_31/SummerWatermelonModel.cs,Activity.SummerWatermelon_31,SummerWatermelonModel,5171,public static string battlePassCoolTimeKey; // 0xC
code/AssetRipper_generated_CSharp/Assembly-CSharp/Activity/SummerWatermelon_31/SummerWatermelonModel.cs,Activity.SummerWatermelon_31,SummerWatermelonModel,5171,private int _redPointNum; // 0x54
code/AssetRipper_generated_CSharp/Assembly-CSharp/Activity/SummerWatermelon_31/SummerWatermelonModel.cs,Activity.SummerWatermelon_31,SummerWatermelonModel,5171,public static string packageCoolTimeKey; // 0x10
code/AssetRipper_generated_CSharp/Assembly-CSharp/Activity/SummerWatermelon_31/SummerWatermelonModel.cs,Activity.SummerWatermelon_31,SummerWatermelonModel,5171,public static string newpackageCoolTimeKey; // 0x14
code/AssetRipper_generated_CSharp/Assembly-CSharp/SummerWatermelonModel.cs,,SummerWatermelonModel.<>c,5227,public static readonly SummerWatermelonModel.<>c <>9; // 0x0
code/AssetRipper_generated_CSharp/Assembly-CSharp/SummerWatermelonModel.cs,,SummerWatermelonModel.<>c,5227,public static Action <>9__168_0; // 0x4
code/AssetRipper_generated_CSharp/Assembly-CSharp/SummerWatermelonModel.cs,,SummerWatermelonModel.<>c,5227,public static Predicate<SummerWatermelonTwentyEightPackageConfig> <>9__171_0; // 0x8
code/AssetRipper_generated_CSharp/Assembly-CSharp/SummerWatermelonModel.cs,,SummerWatermelonModel.<>c__DisplayClass142_0,5228,public BattlePassTwentyEight config; // 0x8
code/AssetRipper_generated_CSharp/Assembly-CSharp/SummerWatermelonModel.cs,,SummerWatermelonModel.<>c__DisplayClass170_0,5229,public SummerWatermelonModel <>4__this; // 0x8
code/AssetRipper_generated_CSharp/Assembly-CSharp/SummerWatermelonModel.cs,,SummerWatermelonModel.<>c__DisplayClass170_0,5229,public bool openPopup; // 0xC
code/AssetRipper_generated_CSharp/Assembly-CSharp/SummerWatermelonModel.cs,,SummerWatermelonModel.<>c__DisplayClass170_1,5230,public SummerWatermelonTwentyEightPackageConfig config; // 0x8
code/AssetRipper_generated_CSharp/Assembly-CSharp/SummerWatermelonModel.cs,,SummerWatermelonModel.<>c__DisplayClass171_0,5231,public int index; // 0x8
code/AssetRipper_generated_CSharp/Assembly-CSharp/SummerWatermelonModel.cs,,SummerWatermelonModel.<>c__DisplayClass171_0,5231,public SummerWatermelonTwentyEightPackageReward _curGiftBagData; // 0xC
code/AssetRipper_generated_CSharp/Assembly-CSharp/SummerWatermelonModel.cs,,SummerWatermelonModel.<>c__DisplayClass171_0,5231,public SummerWatermelonModel <>4__this; // 0x10
code/AssetRipper_generated_CSharp/Assembly-CSharp/SummerWatermelonModel.cs,,SummerWatermelonModel.<>c__DisplayClass52_0,5232,public int maxNum; // 0x8
code/AssetRipper_generated_CSharp/Assembly-CSharp/SummerWatermelonModel.cs,,SummerWatermelonModel.<>c__DisplayClass52_0,5232,public SummerWatermelonModel <>4__this; // 0xC
code/AssetRipper_generated_CSharp/Assembly-CSharp/SummerWatermelonModel.cs,,SummerWatermelonModel.<>c__DisplayClass52_0,5232,public int rewardNum; // 0x10
code/AssetRipper_generated_CSharp/Assembly-CSharp/SummerWatermelonModel.cs,,SummerWatermelonModel.<>c__DisplayClass52_1,5233,public int currentNum; // 0x8
code/AssetRipper_generated_CSharp/Assembly-CSharp/SummerWatermelonModel.cs,,SummerWatermelonModel.<>c__DisplayClass52_1,5233,public SummerWatermelonModel.<>c__DisplayClass52_0 CS$<>8__locals1; // 0xC
code/AssetRipper_generated_CSharp/Assembly-CSharp/SummerWatermelonModel.cs,,SummerWatermelonModel.<>c__DisplayClass56_0,5234,public Vector3 position; // 0x8
code/AssetRipper_generated_CSharp/Assembly-CSharp/SummerWatermelonModel.cs,,SummerWatermelonModel.<>c__DisplayClass56_0,5234,public Action action; // 0x14
code/AssetRipper_generated_CSharp/Assembly-CSharp/SummerWatermelonModel.cs,,SummerWatermelonModel.<>c__DisplayClass98_0,5235,public SummerWatermelonModel <>4__this; // 0x8
code/AssetRipper_generated_CSharp/Assembly-CSharp/SummerWatermelonModel.cs,,SummerWatermelonModel.<>c__DisplayClass98_0,5235,public TableMergeItem itemConfig; // 0xC
code/AssetRipper_generated_CSharp/Assembly-CSharp/SummerWatermelonModel.cs,,SummerWatermelonModel.<>c__DisplayClass99_0,5236,public List<ResData> rewardsList; // 0x8
code/AssetRipper_generated_CSharp/Assembly-CSharp/SummerWatermelonModel.cs,,SummerWatermelonModel.<>c__DisplayClass99_0,5236,public TaskCompletionSource<bool> taskRewardCollect; // 0xC
code/AssetRipper_generated_CSharp/Assembly-CSharp/SummerWatermelonModel.cs,,SummerWatermelonModel.<OnNewItem>d__98,5237,public int <>1__state; // 0x0
code/AssetRipper_generated_CSharp/Assembly-CSharp/SummerWatermelonModel.cs,,SummerWatermelonModel.<OnNewItem>d__98,5237,public AsyncVoidMethodBuilder <>t__builder; // 0x4
code/AssetRipper_generated_CSharp/Assembly-CSharp/SummerWatermelonModel.cs,,SummerWatermelonModel.<OnNewItem>d__98,5237,public SummerWatermelonModel <>4__this; // 0x14
code/AssetRipper_generated_CSharp/Assembly-CSharp/SummerWatermelonModel.cs,,SummerWatermelonModel.<OnNewItem>d__98,5237,public int id; // 0x18
code/AssetRipper_generated_CSharp/Assembly-CSharp/SummerWatermelonModel.cs,,SummerWatermelonModel.<OnNewItem>d__98,5237,public RefreshItemSource source; // 0x1C
code/AssetRipper_generated_CSharp/Assembly-CSharp/SummerWatermelonModel.cs,,SummerWatermelonModel.<OnNewItem>d__98,5237,public Vector3 startPos; // 0x20
code/AssetRipper_generated_CSharp/Assembly-CSharp/SummerWatermelonModel.cs,,SummerWatermelonModel.<OnNewItem>d__98,5237,private SummerWatermelonModel.<>c__DisplayClass98_0 <>8__1; // 0x2C
code/AssetRipper_generated_CSharp/Assembly-CSharp/SummerWatermelonModel.cs,,SummerWatermelonModel.<OnNewItem>d__98,5237,private TaskAwaiter <>u__1; // 0x30
code/AssetRipper_generated_CSharp/Assembly-CSharp/SummerWatermelonModel.cs,,SummerWatermelonModel.<OnNewItem>d__98,5237,private TaskAwaiter<bool> <>u__2; // 0x34
code/AssetRipper_generated_CSharp/Assembly-CSharp/Activity/SummerWatermelon_28/SummerWatermelonModel.cs,Activity.SummerWatermelon_28,SummerWatermelonModel,5238,public static bool InGuideChain; // 0x0
code/AssetRipper_generated_CSharp/Assembly-CSharp/Activity/SummerWatermelon_28/SummerWatermelonModel.cs,Activity.SummerWatermelon_28,SummerWatermelonModel,5238,public const int BOARD_WIDTH = 5;
code/AssetRipper_generated_CSharp/Assembly-CSharp/Activity/SummerWatermelon_28/SummerWatermelonModel.cs,Activity.SummerWatermelon_28,SummerWatermelonModel,5238,public const int BOARD_HEIGHT = 5;
code/AssetRipper_generated_CSharp/Assembly-CSharp/Activity/SummerWatermelon_28/SummerWatermelonModel.cs,Activity.SummerWatermelon_28,SummerWatermelonModel,5238,public const int BOARD_WIDTH_BIG = 6;
code/AssetRipper_generated_CSharp/Assembly-CSharp/Activity/SummerWatermelon_28/SummerWatermelonModel.cs,Activity.SummerWatermelon_28,SummerWatermelonModel,5238,public const int BOARD_HEIGHT_BIG = 8;
code/AssetRipper_generated_CSharp/Assembly-CSharp/Activity/SummerWatermelon_28/SummerWatermelonModel.cs,Activity.SummerWatermelon_28,SummerWatermelonModel,5238,private static SummerWatermelonModel _instance; // 0x4
code/AssetRipper_generated_CSharp/Assembly-CSharp/Activity/SummerWatermelon_28/SummerWatermelonModel.cs,Activity.SummerWatermelon_28,SummerWatermelonModel,5238,"private Dictionary<int, SummerWatermelonTwentyEightProductConfig> _summerWatermelonProductConfig; // 0x3C"
code/AssetRipper_generated_CSharp/Assembly-CSharp/Activity/SummerWatermelon_28/SummerWatermelonModel.cs,Activity.SummerWatermelon_28,SummerWatermelonModel,5238,"private Dictionary<int, SummerWatermelonTwentyEightFirstTimeRewardConfig> _summerWatermelonFirstTimeRewardConfig; // 0x40"
code/AssetRipper_generated_CSharp/Assembly-CSharp/Activity/SummerWatermelon_28/SummerWatermelonModel.cs,Activity.SummerWatermelon_28,SummerWatermelonModel,5238,"private Dictionary<int, SummerWatermelonTwentyEightMergeRewardConfig> _summerWatermelonMergeRewardConfig; // 0x44"
code/AssetRipper_generated_CSharp/Assembly-CSharp/Activity/SummerWatermelon_28/SummerWatermelonModel.cs,Activity.SummerWatermelon_28,SummerWatermelonModel,5238,"private Dictionary<int, TableMergeItem> _mergeItemDictionary; // 0x48"
code/AssetRipper_generated_CSharp/Assembly-CSharp/Activity/SummerWatermelon_28/SummerWatermelonModel.cs,Activity.SummerWatermelon_28,SummerWatermelonModel,5238,public int UnSetItemsCount; // 0x4C
code/AssetRipper_generated_CSharp/Assembly-CSharp/Activity/SummerWatermelon_28/SummerWatermelonModel.cs,Activity.SummerWatermelon_28,SummerWatermelonModel,5238,public const ulong Offset = 0;
code/AssetRipper_generated_CSharp/Assembly-CSharp/Activity/SummerWatermelon_28/SummerWatermelonModel.cs,Activity.SummerWatermelon_28,SummerWatermelonModel,5238,private bool _isInit; // 0x50
code/AssetRipper_generated_CSharp/Assembly-CSharp/Activity/SummerWatermelon_28/SummerWatermelonModel.cs,Activity.SummerWatermelon_28,SummerWatermelonModel,5238,private static GameObject _flyItemObj; // 0x8
code/AssetRipper_generated_CSharp/Assembly-CSharp/Activity/SummerWatermelon_28/SummerWatermelonModel.cs,Activity.SummerWatermelon_28,SummerWatermelonModel,5238,private bool _lastActivityOpenState; // 0x51
code/AssetRipper_generated_CSharp/Assembly-CSharp/Activity/SummerWatermelon_28/SummerWatermelonModel.cs,Activity.SummerWatermelon_28,SummerWatermelonModel,5238,private bool <ShowIllustratedRedPoint>k__BackingField; // 0x52
code/AssetRipper_generated_CSharp/Assembly-CSharp/Activity/SummerWatermelon_28/SummerWatermelonModel.cs,Activity.SummerWatermelon_28,SummerWatermelonModel,5238,public static string battlePassCoolTimeKey; // 0xC
code/AssetRipper_generated_CSharp/Assembly-CSharp/Activity/SummerWatermelon_28/SummerWatermelonModel.cs,Activity.SummerWatermelon_28,SummerWatermelonModel,5238,private int _redPointNum; // 0x54
code/AssetRipper_generated_CSharp/Assembly-CSharp/Activity/SummerWatermelon_28/SummerWatermelonModel.cs,Activity.SummerWatermelon_28,SummerWatermelonModel,5238,public static string packageCoolTimeKey; // 0x10
code/AssetRipper_generated_CSharp/Assembly-CSharp/Activity/SummerWatermelon_28/SummerWatermelonModel.cs,Activity.SummerWatermelon_28,SummerWatermelonModel,5238,public static string newpackageCoolTimeKey; // 0x14
code/AssetRipper_generated_CSharp/Assembly-CSharp/SummerWatermelonModel.cs,,SummerWatermelonModel.<>c,5294,public static readonly SummerWatermelonModel.<>c <>9; // 0x0
code/AssetRipper_generated_CSharp/Assembly-CSharp/SummerWatermelonModel.cs,,SummerWatermelonModel.<>c,5294,public static Predicate<SummerWatermelonFourteenPackageConfig> <>9__154_0; // 0x4
code/AssetRipper_generated_CSharp/Assembly-CSharp/SummerWatermelonModel.cs,,SummerWatermelonModel.<>c__DisplayClass137_0,5295,public BattlePassFourteen config; // 0x8
code/AssetRipper_generated_CSharp/Assembly-CSharp/SummerWatermelonModel.cs,,SummerWatermelonModel.<>c__DisplayClass153_0,5296,public SummerWatermelonModel <>4__this; // 0x8
code/AssetRipper_generated_CSharp/Assembly-CSharp/SummerWatermelonModel.cs,,SummerWatermelonModel.<>c__DisplayClass153_0,5296,public bool openPopup; // 0xC
code/AssetRipper_generated_CSharp/Assembly-CSharp/SummerWatermelonModel.cs,,SummerWatermelonModel.<>c__DisplayClass153_1,5297,public SummerWatermelonFourteenPackageConfig config; // 0x8
code/AssetRipper_generated_CSharp/Assembly-CSharp/SummerWatermelonModel.cs,,SummerWatermelonModel.<>c__DisplayClass154_0,5298,public int index; // 0x8
code/AssetRipper_generated_CSharp/Assembly-CSharp/SummerWatermelonModel.cs,,SummerWatermelonModel.<>c__DisplayClass154_0,5298,public SummerWatermelonFourteenPackageReward _curGiftBagData; // 0xC
code/AssetRipper_generated_CSharp/Assembly-CSharp/SummerWatermelonModel.cs,,SummerWatermelonModel.<>c__DisplayClass154_0,5298,public SummerWatermelonModel <>4__this; // 0x10
code/AssetRipper_generated_CSharp/Assembly-CSharp/SummerWatermelonModel.cs,,SummerWatermelonModel.<>c__DisplayClass52_0,5299,public int maxNum; // 0x8
code/AssetRipper_generated_CSharp/Assembly-CSharp/SummerWatermelonModel.cs,,SummerWatermelonModel.<>c__DisplayClass52_0,5299,public SummerWatermelonModel <>4__this; // 0xC
code/AssetRipper_generated_CSharp/Assembly-CSharp/SummerWatermelonModel.cs,,SummerWatermelonModel.<>c__DisplayClass52_0,5299,public int rewardNum; // 0x10
code/AssetRipper_generated_CSharp/Assembly-CSharp/SummerWatermelonModel.cs,,SummerWatermelonModel.<>c__DisplayClass52_1,5300,public int currentNum; // 0x8
code/AssetRipper_generated_CSharp/Assembly-CSharp/SummerWatermelonModel.cs,,SummerWatermelonModel.<>c__DisplayClass52_1,5300,public SummerWatermelonModel.<>c__DisplayClass52_0 CS$<>8__locals1; // 0xC
code/AssetRipper_generated_CSharp/Assembly-CSharp/SummerWatermelonModel.cs,,SummerWatermelonModel.<>c__DisplayClass56_0,5301,public Vector3 position; // 0x8
code/AssetRipper_generated_CSharp/Assembly-CSharp/SummerWatermelonModel.cs,,SummerWatermelonModel.<>c__DisplayClass56_0,5301,public Action action; // 0x14
code/AssetRipper_generated_CSharp/Assembly-CSharp/SummerWatermelonModel.cs,,SummerWatermelonModel.<>c__DisplayClass96_0,5302,public SummerWatermelonModel <>4__this; // 0x8
code/AssetRipper_generated_CSharp/Assembly-CSharp/SummerWatermelonModel.cs,,SummerWatermelonModel.<>c__DisplayClass96_0,5302,public TableMergeItem itemConfig; // 0xC
code/AssetRipper_generated_CSharp/Assembly-CSharp/SummerWatermelonModel.cs,,SummerWatermelonModel.<>c__DisplayClass97_0,5303,public List<ResData> rewardsList; // 0x8
code/AssetRipper_generated_CSharp/Assembly-CSharp/SummerWatermelonModel.cs,,SummerWatermelonModel.<>c__DisplayClass97_0,5303,public TaskCompletionSource<bool> taskRewardCollect; // 0xC
code/AssetRipper_generated_CSharp/Assembly-CSharp/SummerWatermelonModel.cs,,SummerWatermelonModel.<OnNewItem>d__96,5304,public int <>1__state; // 0x0
code/AssetRipper_generated_CSharp/Assembly-CSharp/SummerWatermelonModel.cs,,SummerWatermelonModel.<OnNewItem>d__96,5304,public AsyncVoidMethodBuilder <>t__builder; // 0x4
code/AssetRipper_generated_CSharp/Assembly-CSharp/SummerWatermelonModel.cs,,SummerWatermelonModel.<OnNewItem>d__96,5304,public SummerWatermelonModel <>4__this; // 0x14
code/AssetRipper_generated_CSharp/Assembly-CSharp/SummerWatermelonModel.cs,,SummerWatermelonModel.<OnNewItem>d__96,5304,public int id; // 0x18
code/AssetRipper_generated_CSharp/Assembly-CSharp/SummerWatermelonModel.cs,,SummerWatermelonModel.<OnNewItem>d__96,5304,public RefreshItemSource source; // 0x1C
code/AssetRipper_generated_CSharp/Assembly-CSharp/SummerWatermelonModel.cs,,SummerWatermelonModel.<OnNewItem>d__96,5304,private SummerWatermelonModel.<>c__DisplayClass96_0 <>8__1; // 0x20
code/AssetRipper_generated_CSharp/Assembly-CSharp/SummerWatermelonModel.cs,,SummerWatermelonModel.<OnNewItem>d__96,5304,private TaskAwaiter <>u__1; // 0x24
code/AssetRipper_generated_CSharp/Assembly-CSharp/SummerWatermelonModel.cs,,SummerWatermelonModel.<OnNewItem>d__96,5304,private TaskAwaiter<bool> <>u__2; // 0x28
code/AssetRipper_generated_CSharp/Assembly-CSharp/Activity/SummerWatermelon_14/SummerWatermelonModel.cs,Activity.SummerWatermelon_14,SummerWatermelonModel,5305,public static bool InGuideChain; // 0x0
code/AssetRipper_generated_CSharp/Assembly-CSharp/Activity/SummerWatermelon_14/SummerWatermelonModel.cs,Activity.SummerWatermelon_14,SummerWatermelonModel,5305,public const int BOARD_WIDTH = 5;
code/AssetRipper_generated_CSharp/Assembly-CSharp/Activity/SummerWatermelon_14/SummerWatermelonModel.cs,Activity.SummerWatermelon_14,SummerWatermelonModel,5305,public const int BOARD_HEIGHT = 5;
code/AssetRipper_generated_CSharp/Assembly-CSharp/Activity/SummerWatermelon_14/SummerWatermelonModel.cs,Activity.SummerWatermelon_14,SummerWatermelonModel,5305,public const int BOARD_WIDTH_BIG = 6;
code/AssetRipper_generated_CSharp/Assembly-CSharp/Activity/SummerWatermelon_14/SummerWatermelonModel.cs,Activity.SummerWatermelon_14,SummerWatermelonModel,5305,public const int BOARD_HEIGHT_BIG = 8;
code/AssetRipper_generated_CSharp/Assembly-CSharp/Activity/SummerWatermelon_14/SummerWatermelonModel.cs,Activity.SummerWatermelon_14,SummerWatermelonModel,5305,private static SummerWatermelonModel _instance; // 0x4
code/AssetRipper_generated_CSharp/Assembly-CSharp/Activity/SummerWatermelon_14/SummerWatermelonModel.cs,Activity.SummerWatermelon_14,SummerWatermelonModel,5305,"private Dictionary<int, SummerWatermelonFourteenProductConfig> _summerWatermelonProductConfig; // 0x3C"
code/AssetRipper_generated_CSharp/Assembly-CSharp/Activity/SummerWatermelon_14/SummerWatermelonModel.cs,Activity.SummerWatermelon_14,SummerWatermelonModel,5305,"private Dictionary<int, SummerWatermelonFourteenFirstTimeRewardConfig> _summerWatermelonFirstTimeRewardConfig; // 0x40"
code/AssetRipper_generated_CSharp/Assembly-CSharp/Activity/SummerWatermelon_14/SummerWatermelonModel.cs,Activity.SummerWatermelon_14,SummerWatermelonModel,5305,"private Dictionary<int, SummerWatermelonFourteenMergeRewardConfig> _summerWatermelonMergeRewardConfig; // 0x44"
code/AssetRipper_generated_CSharp/Assembly-CSharp/Activity/SummerWatermelon_14/SummerWatermelonModel.cs,Activity.SummerWatermelon_14,SummerWatermelonModel,5305,"private Dictionary<int, TableMergeItem> _mergeItemDictionary; // 0x48"
code/AssetRipper_generated_CSharp/Assembly-CSharp/Activity/SummerWatermelon_14/SummerWatermelonModel.cs,Activity.SummerWatermelon_14,SummerWatermelonModel,5305,public int UnSetItemsCount; // 0x4C
code/AssetRipper_generated_CSharp/Assembly-CSharp/Activity/SummerWatermelon_14/SummerWatermelonModel.cs,Activity.SummerWatermelon_14,SummerWatermelonModel,5305,public const ulong Offset = 0;
code/AssetRipper_generated_CSharp/Assembly-CSharp/Activity/SummerWatermelon_14/SummerWatermelonModel.cs,Activity.SummerWatermelon_14,SummerWatermelonModel,5305,private bool _isInit; // 0x50
code/AssetRipper_generated_CSharp/Assembly-CSharp/Activity/SummerWatermelon_14/SummerWatermelonModel.cs,Activity.SummerWatermelon_14,SummerWatermelonModel,5305,private static GameObject _flyItemObj; // 0x8
code/AssetRipper_generated_CSharp/Assembly-CSharp/Activity/SummerWatermelon_14/SummerWatermelonModel.cs,Activity.SummerWatermelon_14,SummerWatermelonModel,5305,private bool _lastActivityOpenState; // 0x51
code/AssetRipper_generated_CSharp/Assembly-CSharp/Activity/SummerWatermelon_14/SummerWatermelonModel.cs,Activity.SummerWatermelon_14,SummerWatermelonModel,5305,private bool _isBigBoardActive; // 0x52
code/AssetRipper_generated_CSharp/Assembly-CSharp/Activity/SummerWatermelon_14/SummerWatermelonModel.cs,Activity.SummerWatermelon_14,SummerWatermelonModel,5305,private bool <ShowIllustratedRedPoint>k__BackingField; // 0x53
code/AssetRipper_generated_CSharp/Assembly-CSharp/Activity/SummerWatermelon_14/SummerWatermelonModel.cs,Activity.SummerWatermelon_14,SummerWatermelonModel,5305,public static string battlePassCoolTimeKey; // 0xC
code/AssetRipper_generated_CSharp/Assembly-CSharp/Activity/SummerWatermelon_14/SummerWatermelonModel.cs,Activity.SummerWatermelon_14,SummerWatermelonModel,5305,private int _redPointNum; // 0x54
code/AssetRipper_generated_CSharp/Assembly-CSharp/Activity/SummerWatermelon_14/SummerWatermelonModel.cs,Activity.SummerWatermelon_14,SummerWatermelonModel,5305,public static string packageCoolTimeKey; // 0x10
code/AssetRipper_generated_CSharp/Assembly-CSharp/SummerWatermelonMergeBoard.cs,,SummerWatermelonMergeBoard.<>c,5351,public static readonly SummerWatermelonMergeBoard.<>c <>9; // 0x0
code/AssetRipper_generated_CSharp/Assembly-CSharp/SummerWatermelonMergeBoard.cs,,SummerWatermelonMergeBoard.<>c,5351,public static Action <>9__2_0; // 0x4
code/AssetRipper_generated_CSharp/Assembly-CSharp/SummerWatermelonModel.cs,,SummerWatermelonModel.<>c.<<UseMergeItem>b__87_0>d,5353,public int <>1__state; // 0x0
code/AssetRipper_generated_CSharp/Assembly-CSharp/SummerWatermelonModel.cs,,SummerWatermelonModel.<>c.<<UseMergeItem>b__87_0>d,5353,public AsyncVoidMethodBuilder <>t__builder; // 0x4
code/AssetRipper_generated_CSharp/Assembly-CSharp/SummerWatermelonModel.cs,,SummerWatermelonModel.<>c,5354,public static readonly SummerWatermelonModel.<>c <>9; // 0x0
code/AssetRipper_generated_CSharp/Assembly-CSharp/SummerWatermelonModel.cs,,SummerWatermelonModel.<>c,5354,public static Action <>9__38_0; // 0x4
code/AssetRipper_generated_CSharp/Assembly-CSharp/SummerWatermelonModel.cs,,SummerWatermelonModel.<>c,5354,public static Action <>9__87_0; // 0x8
code/AssetRipper_generated_CSharp/Assembly-CSharp/SummerWatermelonModel.cs,,SummerWatermelonModel.<>c,5354,public static Action <>9__87_1; // 0xC
code/AssetRipper_generated_CSharp/Assembly-CSharp/SummerWatermelonModel.cs,,SummerWatermelonModel.<>c,5354,public static Predicate<SummerWatermelonFourPackageConfig> <>9__121_0; // 0x10
code/AssetRipper_generated_CSharp/Assembly-CSharp/SummerWatermelonModel.cs,,SummerWatermelonModel.<>c__DisplayClass119_0,5355,public TableMergeItem itemConfig; // 0x8
code/AssetRipper_generated_CSharp/Assembly-CSharp/SummerWatermelonModel.cs,,SummerWatermelonModel.<>c__DisplayClass120_0,5356,public SummerWatermelonModel <>4__this; // 0x8
code/AssetRipper_generated_CSharp/Assembly-CSharp/SummerWatermelonModel.cs,,SummerWatermelonModel.<>c__DisplayClass120_0,5356,public bool openPopup; // 0xC
code/AssetRipper_generated_CSharp/Assembly-CSharp/SummerWatermelonModel.cs,,SummerWatermelonModel.<>c__DisplayClass120_1,5357,public SummerWatermelonFourPackageConfig config; // 0x8
code/AssetRipper_generated_CSharp/Assembly-CSharp/SummerWatermelonModel.cs,,SummerWatermelonModel.<>c__DisplayClass121_0,5358,public int index; // 0x8
code/AssetRipper_generated_CSharp/Assembly-CSharp/SummerWatermelonModel.cs,,SummerWatermelonModel.<>c__DisplayClass121_0,5358,public SummerWatermelonFourPackageReward _curGiftBagData; // 0xC
code/AssetRipper_generated_CSharp/Assembly-CSharp/SummerWatermelonModel.cs,,SummerWatermelonModel.<>c__DisplayClass121_0,5358,public SummerWatermelonModel <>4__this; // 0x10
code/AssetRipper_generated_CSharp/Assembly-CSharp/SummerWatermelonModel.cs,,SummerWatermelonModel.<>c__DisplayClass42_0,5359,public Vector3 position; // 0x8
code/AssetRipper_generated_CSharp/Assembly-CSharp/SummerWatermelonModel.cs,,SummerWatermelonModel.<>c__DisplayClass42_0,5359,public Action action; // 0x14
code/AssetRipper_generated_CSharp/Assembly-CSharp/SummerWatermelonModel.cs,,SummerWatermelonModel.<>c__DisplayClass75_0,5360,public List<ResData> rewardsList; // 0x8
code/AssetRipper_generated_CSharp/Assembly-CSharp/SummerWatermelonModel.cs,,SummerWatermelonModel.<>c__DisplayClass75_0,5360,public TaskCompletionSource<bool> taskRewardCollect; // 0xC
code/AssetRipper_generated_CSharp/Assembly-CSharp/SummerWatermelonModel.cs,,SummerWatermelonModel.<>c__DisplayClass88_0,5361,public UIPopupSummerWatermelonMainController ui; // 0x8
code/AssetRipper_generated_CSharp/Assembly-CSharp/SummerWatermelonModel.cs,,SummerWatermelonModel.<>c__DisplayClass88_0,5361,public Action endCall; // 0xC
code/AssetRipper_generated_CSharp/Assembly-CSharp/SummerWatermelonModel.cs,,SummerWatermelonModel.<>c__DisplayClass88_1,5362,public int ind; // 0x8
code/AssetRipper_generated_CSharp/Assembly-CSharp/SummerWatermelonModel.cs,,SummerWatermelonModel.<>c__DisplayClass88_1,5362,public SummerWatermelonModel.<>c__DisplayClass88_0 CS$<>8__locals1; // 0xC
code/AssetRipper_generated_CSharp/Assembly-CSharp/SummerWatermelonModel.cs,,SummerWatermelonModel.<>c__DisplayClass89_0,5363,public int id; // 0x8
code/AssetRipper_generated_CSharp/Assembly-CSharp/SummerWatermelonModel.cs,,SummerWatermelonModel.<>c__DisplayClass89_0,5363,public Action endCall; // 0xC
code/AssetRipper_generated_CSharp/Assembly-CSharp/SummerWatermelonModel.cs,,SummerWatermelonModel.<>c__DisplayClass93_0,5364,public List<MergeBoard.Grid> clearList; // 0x8
code/AssetRipper_generated_CSharp/Assembly-CSharp/SummerWatermelonModel.cs,,SummerWatermelonModel.<>c__DisplayClass93_0,5364,public SummerWatermelonModel <>4__this; // 0xC
code/AssetRipper_generated_CSharp/Assembly-CSharp/SummerWatermelonModel.cs,,SummerWatermelonModel.<>c__DisplayClass93_1,5365,public int index; // 0x8
code/AssetRipper_generated_CSharp/Assembly-CSharp/SummerWatermelonModel.cs,,SummerWatermelonModel.<>c__DisplayClass93_1,5365,public SummerWatermelonModel.<>c__DisplayClass93_0 CS$<>8__locals1; // 0xC
code/AssetRipper_generated_CSharp/Assembly-CSharp/SummerWatermelonModel.cs,,SummerWatermelonModel.<>c__DisplayClass93_2,5366,public int index; // 0x8
code/AssetRipper_generated_CSharp/Assembly-CSharp/SummerWatermelonModel.cs,,SummerWatermelonModel.<OnNewItem>d__74,5367,public int <>1__state; // 0x0
code/AssetRipper_generated_CSharp/Assembly-CSharp/SummerWatermelonModel.cs,,SummerWatermelonModel.<OnNewItem>d__74,5367,public AsyncVoidMethodBuilder <>t__builder; // 0x4
code/AssetRipper_generated_CSharp/Assembly-CSharp/SummerWatermelonModel.cs,,SummerWatermelonModel.<OnNewItem>d__74,5367,public int id; // 0x14
code/AssetRipper_generated_CSharp/Assembly-CSharp/SummerWatermelonModel.cs,,SummerWatermelonModel.<OnNewItem>d__74,5367,public SummerWatermelonModel <>4__this; // 0x18
code/AssetRipper_generated_CSharp/Assembly-CSharp/SummerWatermelonModel.cs,,SummerWatermelonModel.<OnNewItem>d__74,5367,public RefreshItemSource source; // 0x1C
code/AssetRipper_generated_CSharp/Assembly-CSharp/SummerWatermelonModel.cs,,SummerWatermelonModel.<UseMergeItem>d__87,5368,public int <>1__state; // 0x0
code/AssetRipper_generated_CSharp/Assembly-CSharp/SummerWatermelonModel.cs,,SummerWatermelonModel.<UseMergeItem>d__87,5368,public AsyncVoidMethodBuilder <>t__builder; // 0x4
code/AssetRipper_generated_CSharp/Assembly-CSharp/SummerWatermelonModel.cs,,SummerWatermelonModel.<UseMergeItem>d__87,5368,public TableMergeItem itemConfig; // 0x14
code/AssetRipper_generated_CSharp/Assembly-CSharp/SummerWatermelonModel.cs,,SummerWatermelonModel.<UseMergeItem>d__87,5368,public SummerWatermelonModel <>4__this; // 0x18
code/AssetRipper_generated_CSharp/Assembly-CSharp/SummerWatermelonModel.cs,,SummerWatermelonModel.<UseMergeItem>d__87,5368,public Vector3 srcPos; // 0x1C
code/AssetRipper_generated_CSharp/Assembly-CSharp/SummerWatermelonModel.cs,,SummerWatermelonModel.<UseMergeItem>d__87,5368,private SummerWatermelonFourStageRewardConfig <levelConfig>5__2; // 0x28
code/AssetRipper_generated_CSharp/Assembly-CSharp/SummerWatermelonModel.cs,,SummerWatermelonModel.<UseMergeItem>d__87,5368,private bool <hasUpgradeResult>5__3; // 0x2C
code/AssetRipper_generated_CSharp/Assembly-CSharp/SummerWatermelonModel.cs,,SummerWatermelonModel.<UseMergeItem>d__87,5368,private TaskAwaiter <>u__1; // 0x30
code/AssetRipper_generated_CSharp/Assembly-CSharp/Activity/SummerWatermelon_4/SummerWatermelonModel.cs,Activity.SummerWatermelon_4,SummerWatermelonModel,5369,public static bool InGuideChain; // 0x0
code/AssetRipper_generated_CSharp/Assembly-CSharp/Activity/SummerWatermelon_4/SummerWatermelonModel.cs,Activity.SummerWatermelon_4,SummerWatermelonModel,5369,public const int BOARD_WIDTH = 6;
code/AssetRipper_generated_CSharp/Assembly-CSharp/Activity/SummerWatermelon_4/SummerWatermelonModel.cs,Activity.SummerWatermelon_4,SummerWatermelonModel,5369,public const int BOARD_HEIGH = 8;
code/AssetRipper_generated_CSharp/Assembly-CSharp/Activity/SummerWatermelon_4/SummerWatermelonModel.cs,Activity.SummerWatermelon_4,SummerWatermelonModel,5369,public const int BOARD_HEIGHT_BIG = 36;
code/AssetRipper_generated_CSharp/Assembly-CSharp/Activity/SummerWatermelon_4/SummerWatermelonModel.cs,Activity.SummerWatermelon_4,SummerWatermelonModel,5369,private static SummerWatermelonModel _instance; // 0x4
code/AssetRipper_generated_CSharp/Assembly-CSharp/Activity/SummerWatermelon_4/SummerWatermelonModel.cs,Activity.SummerWatermelon_4,SummerWatermelonModel,5369,"private Dictionary<int, SummerWatermelonFourFirstTimeRewardConfig> _summerWatermelonFirstTimeRewardConfig; // 0x3C"
code/AssetRipper_generated_CSharp/Assembly-CSharp/Activity/SummerWatermelon_4/SummerWatermelonModel.cs,Activity.SummerWatermelon_4,SummerWatermelonModel,5369,"private Dictionary<int, SummerWatermelonFourMergeRewardConfig> _summerWatermelonMergeRewardConfig; // 0x40"
code/AssetRipper_generated_CSharp/Assembly-CSharp/Activity/SummerWatermelon_4/SummerWatermelonModel.cs,Activity.SummerWatermelon_4,SummerWatermelonModel,5369,public int UnSetItemsCount; // 0x44
code/AssetRipper_generated_CSharp/Assembly-CSharp/Activity/SummerWatermelon_4/SummerWatermelonModel.cs,Activity.SummerWatermelon_4,SummerWatermelonModel,5369,public const ulong Offset = 0;
code/AssetRipper_generated_CSharp/Assembly-CSharp/Activity/SummerWatermelon_4/SummerWatermelonModel.cs,Activity.SummerWatermelon_4,SummerWatermelonModel,5369,private bool _isInit; // 0x48
code/AssetRipper_generated_CSharp/Assembly-CSharp/Activity/SummerWatermelon_4/SummerWatermelonModel.cs,Activity.SummerWatermelon_4,SummerWatermelonModel,5369,private static GameObject _flyItemObj; // 0x8
code/AssetRipper_generated_CSharp/Assembly-CSharp/Activity/SummerWatermelon_4/SummerWatermelonModel.cs,Activity.SummerWatermelon_4,SummerWatermelonModel,5369,private bool _lastActivityOpenState; // 0x49
code/AssetRipper_generated_CSharp/Assembly-CSharp/Activity/SummerWatermelon_4/SummerWatermelonModel.cs,Activity.SummerWatermelon_4,SummerWatermelonModel,5369,private bool isMoving; // 0x4A
code/AssetRipper_generated_CSharp/Assembly-CSharp/Activity/SummerWatermelon_4/SummerWatermelonModel.cs,Activity.SummerWatermelon_4,SummerWatermelonModel,5369,private bool <ShowIllustratedRedPoint>k__BackingField; // 0x4B
code/AssetRipper_generated_CSharp/Assembly-CSharp/Activity/SummerWatermelon_4/SummerWatermelonModel.cs,Activity.SummerWatermelon_4,SummerWatermelonModel,5369,public static string packageCoolTimeKey; // 0xC
code/AssetRipper_generated_CSharp/Assembly-CSharp/SummerWatermelonModel.cs,,SummerWatermelonModel.<>c,5412,public static readonly SummerWatermelonModel.<>c <>9; // 0x0
code/AssetRipper_generated_CSharp/Assembly-CSharp/SummerWatermelonModel.cs,,SummerWatermelonModel.<>c,5412,public static Predicate<SummerWatermelonFivePackageConfig> <>9__155_0; // 0x4
code/AssetRipper_generated_CSharp/Assembly-CSharp/SummerWatermelonModel.cs,,SummerWatermelonModel.<>c,5412,public static Action <>9__169_0; // 0x8
code/AssetRipper_generated_CSharp/Assembly-CSharp/SummerWatermelonModel.cs,,SummerWatermelonModel.<>c__DisplayClass138_0,5413,public BattlePassFive config; // 0x8
code/AssetRipper_generated_CSharp/Assembly-CSharp/SummerWatermelonModel.cs,,SummerWatermelonModel.<>c__DisplayClass154_0,5414,public SummerWatermelonModel <>4__this; // 0x8
code/AssetRipper_generated_CSharp/Assembly-CSharp/SummerWatermelonModel.cs,,SummerWatermelonModel.<>c__DisplayClass154_0,5414,public bool openPopup; // 0xC
code/AssetRipper_generated_CSharp/Assembly-CSharp/SummerWatermelonModel.cs,,SummerWatermelonModel.<>c__DisplayClass154_1,5415,public SummerWatermelonFivePackageConfig config; // 0x8
code/AssetRipper_generated_CSharp/Assembly-CSharp/SummerWatermelonModel.cs,,SummerWatermelonModel.<>c__DisplayClass155_0,5416,public int index; // 0x8
code/AssetRipper_generated_CSharp/Assembly-CSharp/SummerWatermelonModel.cs,,SummerWatermelonModel.<>c__DisplayClass155_0,5416,public SummerWatermelonFivePackageReward _curGiftBagData; // 0xC
code/AssetRipper_generated_CSharp/Assembly-CSharp/SummerWatermelonModel.cs,,SummerWatermelonModel.<>c__DisplayClass155_0,5416,public SummerWatermelonModel <>4__this; // 0x10
code/AssetRipper_generated_CSharp/Assembly-CSharp/SummerWatermelonModel.cs,,SummerWatermelonModel.<>c__DisplayClass53_0,5417,public int maxNum; // 0x8
code/AssetRipper_generated_CSharp/Assembly-CSharp/SummerWatermelonModel.cs,,SummerWatermelonModel.<>c__DisplayClass53_0,5417,public SummerWatermelonModel <>4__this; // 0xC
code/AssetRipper_generated_CSharp/Assembly-CSharp/SummerWatermelonModel.cs,,SummerWatermelonModel.<>c__DisplayClass53_0,5417,public int rewardNum; // 0x10
code/AssetRipper_generated_CSharp/Assembly-CSharp/SummerWatermelonModel.cs,,SummerWatermelonModel.<>c__DisplayClass53_1,5418,public int currentNum; // 0x8
code/AssetRipper_generated_CSharp/Assembly-CSharp/SummerWatermelonModel.cs,,SummerWatermelonModel.<>c__DisplayClass53_1,5418,public SummerWatermelonModel.<>c__DisplayClass53_0 CS$<>8__locals1; // 0xC
code/AssetRipper_generated_CSharp/Assembly-CSharp/SummerWatermelonModel.cs,,SummerWatermelonModel.<>c__DisplayClass57_0,5419,public Vector3 position; // 0x8
code/AssetRipper_generated_CSharp/Assembly-CSharp/SummerWatermelonModel.cs,,SummerWatermelonModel.<>c__DisplayClass57_0,5419,public Action action; // 0x14
code/AssetRipper_generated_CSharp/Assembly-CSharp/SummerWatermelonModel.cs,,SummerWatermelonModel.<>c__DisplayClass96_0,5420,public SummerWatermelonModel <>4__this; // 0x8
code/AssetRipper_generated_CSharp/Assembly-CSharp/SummerWatermelonModel.cs,,SummerWatermelonModel.<>c__DisplayClass96_0,5420,public TableMergeItem itemConfig; // 0xC
code/AssetRipper_generated_CSharp/Assembly-CSharp/SummerWatermelonModel.cs,,SummerWatermelonModel.<>c__DisplayClass97_0,5421,public List<ResData> rewardsList; // 0x8
code/AssetRipper_generated_CSharp/Assembly-CSharp/SummerWatermelonModel.cs,,SummerWatermelonModel.<>c__DisplayClass97_0,5421,public TaskCompletionSource<bool> taskRewardCollect; // 0xC
code/AssetRipper_generated_CSharp/Assembly-CSharp/SummerWatermelonModel.cs,,SummerWatermelonModel.<OnNewItem>d__96,5422,public int <>1__state; // 0x0
code/AssetRipper_generated_CSharp/Assembly-CSharp/SummerWatermelonModel.cs,,SummerWatermelonModel.<OnNewItem>d__96,5422,public AsyncVoidMethodBuilder <>t__builder; // 0x4
code/AssetRipper_generated_CSharp/Assembly-CSharp/SummerWatermelonModel.cs,,SummerWatermelonModel.<OnNewItem>d__96,5422,public SummerWatermelonModel <>4__this; // 0x14
code/AssetRipper_generated_CSharp/Assembly-CSharp/SummerWatermelonModel.cs,,SummerWatermelonModel.<OnNewItem>d__96,5422,public int id; // 0x18
code/AssetRipper_generated_CSharp/Assembly-CSharp/SummerWatermelonModel.cs,,SummerWatermelonModel.<OnNewItem>d__96,5422,public RefreshItemSource source; // 0x1C
code/AssetRipper_generated_CSharp/Assembly-CSharp/SummerWatermelonModel.cs,,SummerWatermelonModel.<OnNewItem>d__96,5422,private SummerWatermelonModel.<>c__DisplayClass96_0 <>8__1; // 0x20
code/AssetRipper_generated_CSharp/Assembly-CSharp/SummerWatermelonModel.cs,,SummerWatermelonModel.<OnNewItem>d__96,5422,private TaskAwaiter <>u__1; // 0x24
code/AssetRipper_generated_CSharp/Assembly-CSharp/SummerWatermelonModel.cs,,SummerWatermelonModel.<OnNewItem>d__96,5422,private TaskAwaiter<bool> <>u__2; // 0x28
code/AssetRipper_generated_CSharp/Assembly-CSharp/Activity/SummerWatermelon_5/SummerWatermelonModel.cs,Activity.SummerWatermelon_5,SummerWatermelonModel,5423,public static bool InGuideChain; // 0x0
code/AssetRipper_generated_CSharp/Assembly-CSharp/Activity/SummerWatermelon_5/SummerWatermelonModel.cs,Activity.SummerWatermelon_5,SummerWatermelonModel,5423,public const int BOARD_WIDTH = 5;
code/AssetRipper_generated_CSharp/Assembly-CSharp/Activity/SummerWatermelon_5/SummerWatermelonModel.cs,Activity.SummerWatermelon_5,SummerWatermelonModel,5423,public const int BOARD_HEIGHT = 5;
code/AssetRipper_generated_CSharp/Assembly-CSharp/Activity/SummerWatermelon_5/SummerWatermelonModel.cs,Activity.SummerWatermelon_5,SummerWatermelonModel,5423,public const int BOARD_WIDTH_BIG = 6;
code/AssetRipper_generated_CSharp/Assembly-CSharp/Activity/SummerWatermelon_5/SummerWatermelonModel.cs,Activity.SummerWatermelon_5,SummerWatermelonModel,5423,public const int BOARD_HEIGHT_BIG = 8;
code/AssetRipper_generated_CSharp/Assembly-CSharp/Activity/SummerWatermelon_5/SummerWatermelonModel.cs,Activity.SummerWatermelon_5,SummerWatermelonModel,5423,private static SummerWatermelonModel _instance; // 0x4
code/AssetRipper_generated_CSharp/Assembly-CSharp/Activity/SummerWatermelon_5/SummerWatermelonModel.cs,Activity.SummerWatermelon_5,SummerWatermelonModel,5423,"private Dictionary<int, SummerWatermelonFiveProductConfig> _summerWatermelonProductConfig; // 0x3C"
code/AssetRipper_generated_CSharp/Assembly-CSharp/Activity/SummerWatermelon_5/SummerWatermelonModel.cs,Activity.SummerWatermelon_5,SummerWatermelonModel,5423,"private Dictionary<int, SummerWatermelonFiveFirstTimeRewardConfig> _summerWatermelonFirstTimeRewardConfig; // 0x40"
code/AssetRipper_generated_CSharp/Assembly-CSharp/Activity/SummerWatermelon_5/SummerWatermelonModel.cs,Activity.SummerWatermelon_5,SummerWatermelonModel,5423,"private Dictionary<int, SummerWatermelonFiveMergeRewardConfig> _summerWatermelonMergeRewardConfig; // 0x44"
code/AssetRipper_generated_CSharp/Assembly-CSharp/Activity/SummerWatermelon_5/SummerWatermelonModel.cs,Activity.SummerWatermelon_5,SummerWatermelonModel,5423,"private Dictionary<int, TableMergeItem> _mergeItemDictionary; // 0x48"
code/AssetRipper_generated_CSharp/Assembly-CSharp/Activity/SummerWatermelon_5/SummerWatermelonModel.cs,Activity.SummerWatermelon_5,SummerWatermelonModel,5423,public int UnSetItemsCount; // 0x4C
code/AssetRipper_generated_CSharp/Assembly-CSharp/Activity/SummerWatermelon_5/SummerWatermelonModel.cs,Activity.SummerWatermelon_5,SummerWatermelonModel,5423,public const ulong Offset = 0;
code/AssetRipper_generated_CSharp/Assembly-CSharp/Activity/SummerWatermelon_5/SummerWatermelonModel.cs,Activity.SummerWatermelon_5,SummerWatermelonModel,5423,private bool _isInit; // 0x50
code/AssetRipper_generated_CSharp/Assembly-CSharp/Activity/SummerWatermelon_5/SummerWatermelonModel.cs,Activity.SummerWatermelon_5,SummerWatermelonModel,5423,private static GameObject _flyItemObj; // 0x8
code/AssetRipper_generated_CSharp/Assembly-CSharp/Activity/SummerWatermelon_5/SummerWatermelonModel.cs,Activity.SummerWatermelon_5,SummerWatermelonModel,5423,private bool _lastActivityOpenState; // 0x51
code/AssetRipper_generated_CSharp/Assembly-CSharp/Activity/SummerWatermelon_5/SummerWatermelonModel.cs,Activity.SummerWatermelon_5,SummerWatermelonModel,5423,private bool _isBigBoardActive; // 0x52
code/AssetRipper_generated_CSharp/Assembly-CSharp/Activity/SummerWatermelon_5/SummerWatermelonModel.cs,Activity.SummerWatermelon_5,SummerWatermelonModel,5423,private bool <ShowIllustratedRedPoint>k__BackingField; // 0x53
code/AssetRipper_generated_CSharp/Assembly-CSharp/Activity/SummerWatermelon_5/SummerWatermelonModel.cs,Activity.SummerWatermelon_5,SummerWatermelonModel,5423,public static string battlePassCoolTimeKey; // 0xC
code/AssetRipper_generated_CSharp/Assembly-CSharp/Activity/SummerWatermelon_5/SummerWatermelonModel.cs,Activity.SummerWatermelon_5,SummerWatermelonModel,5423,private int _redPointNum; // 0x54
code/AssetRipper_generated_CSharp/Assembly-CSharp/Activity/SummerWatermelon_5/SummerWatermelonModel.cs,Activity.SummerWatermelon_5,SummerWatermelonModel,5423,public static string packageCoolTimeKey; // 0x10
code/AssetRipper_generated_CSharp/Assembly-CSharp/Activity/SummerWatermelon_5/SummerWatermelonModel.cs,Activity.SummerWatermelon_5,SummerWatermelonModel,5423,public static string newpackageCoolTimeKey; // 0x14
code/AssetRipper_generated_CSharp/Assembly-CSharp/SummerWatermelonModel.cs,,SummerWatermelonModel.<>c,5480,public static readonly SummerWatermelonModel.<>c <>9; // 0x0
code/AssetRipper_generated_CSharp/Assembly-CSharp/SummerWatermelonModel.cs,,SummerWatermelonModel.<>c,5480,public static Action <>9__164_0; // 0x4
code/AssetRipper_generated_CSharp/Assembly-CSharp/SummerWatermelonModel.cs,,SummerWatermelonModel.<>c,5480,public static Predicate<SummerWatermelonFifteenPackageConfig> <>9__167_0; // 0x8
code/AssetRipper_generated_CSharp/Assembly-CSharp/SummerWatermelonModel.cs,,SummerWatermelonModel.<>c__DisplayClass140_0,5481,public BattlePassFifteen config; // 0x8
code/AssetRipper_generated_CSharp/Assembly-CSharp/SummerWatermelonModel.cs,,SummerWatermelonModel.<>c__DisplayClass166_0,5482,public SummerWatermelonModel <>4__this; // 0x8
code/AssetRipper_generated_CSharp/Assembly-CSharp/SummerWatermelonModel.cs,,SummerWatermelonModel.<>c__DisplayClass166_0,5482,public bool openPopup; // 0xC
code/AssetRipper_generated_CSharp/Assembly-CSharp/SummerWatermelonModel.cs,,SummerWatermelonModel.<>c__DisplayClass166_1,5483,public SummerWatermelonFifteenPackageConfig config; // 0x8
code/AssetRipper_generated_CSharp/Assembly-CSharp/SummerWatermelonModel.cs,,SummerWatermelonModel.<>c__DisplayClass167_0,5484,public int index; // 0x8
code/AssetRipper_generated_CSharp/Assembly-CSharp/SummerWatermelonModel.cs,,SummerWatermelonModel.<>c__DisplayClass167_0,5484,public SummerWatermelonFifteenPackageReward _curGiftBagData; // 0xC
code/AssetRipper_generated_CSharp/Assembly-CSharp/SummerWatermelonModel.cs,,SummerWatermelonModel.<>c__DisplayClass167_0,5484,public SummerWatermelonModel <>4__this; // 0x10
code/AssetRipper_generated_CSharp/Assembly-CSharp/SummerWatermelonModel.cs,,SummerWatermelonModel.<>c__DisplayClass52_0,5485,public int maxNum; // 0x8
code/AssetRipper_generated_CSharp/Assembly-CSharp/SummerWatermelonModel.cs,,SummerWatermelonModel.<>c__DisplayClass52_0,5485,public SummerWatermelonModel <>4__this; // 0xC
code/AssetRipper_generated_CSharp/Assembly-CSharp/SummerWatermelonModel.cs,,SummerWatermelonModel.<>c__DisplayClass52_0,5485,public int rewardNum; // 0x10
code/AssetRipper_generated_CSharp/Assembly-CSharp/SummerWatermelonModel.cs,,SummerWatermelonModel.<>c__DisplayClass52_1,5486,public int currentNum; // 0x8
code/AssetRipper_generated_CSharp/Assembly-CSharp/SummerWatermelonModel.cs,,SummerWatermelonModel.<>c__DisplayClass52_1,5486,public SummerWatermelonModel.<>c__DisplayClass52_0 CS$<>8__locals1; // 0xC
code/AssetRipper_generated_CSharp/Assembly-CSharp/SummerWatermelonModel.cs,,SummerWatermelonModel.<>c__DisplayClass56_0,5487,public Vector3 position; // 0x8
code/AssetRipper_generated_CSharp/Assembly-CSharp/SummerWatermelonModel.cs,,SummerWatermelonModel.<>c__DisplayClass56_0,5487,public Action action; // 0x14
code/AssetRipper_generated_CSharp/Assembly-CSharp/SummerWatermelonModel.cs,,SummerWatermelonModel.<>c__DisplayClass98_0,5488,public SummerWatermelonModel <>4__this; // 0x8
code/AssetRipper_generated_CSharp/Assembly-CSharp/SummerWatermelonModel.cs,,SummerWatermelonModel.<>c__DisplayClass98_0,5488,public TableMergeItem itemConfig; // 0xC
code/AssetRipper_generated_CSharp/Assembly-CSharp/SummerWatermelonModel.cs,,SummerWatermelonModel.<>c__DisplayClass99_0,5489,public List<ResData> rewardsList; // 0x8
code/AssetRipper_generated_CSharp/Assembly-CSharp/SummerWatermelonModel.cs,,SummerWatermelonModel.<>c__DisplayClass99_0,5489,public TaskCompletionSource<bool> taskRewardCollect; // 0xC
code/AssetRipper_generated_CSharp/Assembly-CSharp/SummerWatermelonModel.cs,,SummerWatermelonModel.<OnNewItem>d__98,5490,public int <>1__state; // 0x0
code/AssetRipper_generated_CSharp/Assembly-CSharp/SummerWatermelonModel.cs,,SummerWatermelonModel.<OnNewItem>d__98,5490,public AsyncVoidMethodBuilder <>t__builder; // 0x4
code/AssetRipper_generated_CSharp/Assembly-CSharp/SummerWatermelonModel.cs,,SummerWatermelonModel.<OnNewItem>d__98,5490,public SummerWatermelonModel <>4__this; // 0x14
code/AssetRipper_generated_CSharp/Assembly-CSharp/SummerWatermelonModel.cs,,SummerWatermelonModel.<OnNewItem>d__98,5490,public int id; // 0x18
code/AssetRipper_generated_CSharp/Assembly-CSharp/SummerWatermelonModel.cs,,SummerWatermelonModel.<OnNewItem>d__98,5490,public RefreshItemSource source; // 0x1C
code/AssetRipper_generated_CSharp/Assembly-CSharp/SummerWatermelonModel.cs,,SummerWatermelonModel.<OnNewItem>d__98,5490,private SummerWatermelonModel.<>c__DisplayClass98_0 <>8__1; // 0x20
code/AssetRipper_generated_CSharp/Assembly-CSharp/SummerWatermelonModel.cs,,SummerWatermelonModel.<OnNewItem>d__98,5490,private TaskAwaiter <>u__1; // 0x24
code/AssetRipper_generated_CSharp/Assembly-CSharp/SummerWatermelonModel.cs,,SummerWatermelonModel.<OnNewItem>d__98,5490,private TaskAwaiter<bool> <>u__2; // 0x28
code/AssetRipper_generated_CSharp/Assembly-CSharp/Activity/SummerWatermelon_15/SummerWatermelonModel.cs,Activity.SummerWatermelon_15,SummerWatermelonModel,5491,public static bool InGuideChain; // 0x0
code/AssetRipper_generated_CSharp/Assembly-CSharp/Activity/SummerWatermelon_15/SummerWatermelonModel.cs,Activity.SummerWatermelon_15,SummerWatermelonModel,5491,public const int BOARD_WIDTH = 5;
code/AssetRipper_generated_CSharp/Assembly-CSharp/Activity/SummerWatermelon_15/SummerWatermelonModel.cs,Activity.SummerWatermelon_15,SummerWatermelonModel,5491,public const int BOARD_HEIGHT = 5;
code/AssetRipper_generated_CSharp/Assembly-CSharp/Activity/SummerWatermelon_15/SummerWatermelonModel.cs,Activity.SummerWatermelon_15,SummerWatermelonModel,5491,public const int BOARD_WIDTH_BIG = 6;
code/AssetRipper_generated_CSharp/Assembly-CSharp/Activity/SummerWatermelon_15/SummerWatermelonModel.cs,Activity.SummerWatermelon_15,SummerWatermelonModel,5491,public const int BOARD_HEIGHT_BIG = 8;
code/AssetRipper_generated_CSharp/Assembly-CSharp/Activity/SummerWatermelon_15/SummerWatermelonModel.cs,Activity.SummerWatermelon_15,SummerWatermelonModel,5491,private static SummerWatermelonModel _instance; // 0x4
code/AssetRipper_generated_CSharp/Assembly-CSharp/Activity/SummerWatermelon_15/SummerWatermelonModel.cs,Activity.SummerWatermelon_15,SummerWatermelonModel,5491,"private Dictionary<int, SummerWatermelonFifteenProductConfig> _summerWatermelonProductConfig; // 0x3C"
code/AssetRipper_generated_CSharp/Assembly-CSharp/Activity/SummerWatermelon_15/SummerWatermelonModel.cs,Activity.SummerWatermelon_15,SummerWatermelonModel,5491,"private Dictionary<int, SummerWatermelonFifteenFirstTimeRewardConfig> _summerWatermelonFirstTimeRewardConfig; // 0x40"
code/AssetRipper_generated_CSharp/Assembly-CSharp/Activity/SummerWatermelon_15/SummerWatermelonModel.cs,Activity.SummerWatermelon_15,SummerWatermelonModel,5491,"private Dictionary<int, SummerWatermelonFifteenMergeRewardConfig> _summerWatermelonMergeRewardConfig; // 0x44"
code/AssetRipper_generated_CSharp/Assembly-CSharp/Activity/SummerWatermelon_15/SummerWatermelonModel.cs,Activity.SummerWatermelon_15,SummerWatermelonModel,5491,"private Dictionary<int, TableMergeItem> _mergeItemDictionary; // 0x48"
code/AssetRipper_generated_CSharp/Assembly-CSharp/Activity/SummerWatermelon_15/SummerWatermelonModel.cs,Activity.SummerWatermelon_15,SummerWatermelonModel,5491,public int UnSetItemsCount; // 0x4C
code/AssetRipper_generated_CSharp/Assembly-CSharp/Activity/SummerWatermelon_15/SummerWatermelonModel.cs,Activity.SummerWatermelon_15,SummerWatermelonModel,5491,public const ulong Offset = 0;
code/AssetRipper_generated_CSharp/Assembly-CSharp/Activity/SummerWatermelon_15/SummerWatermelonModel.cs,Activity.SummerWatermelon_15,SummerWatermelonModel,5491,private bool _isInit; // 0x50
code/AssetRipper_generated_CSharp/Assembly-CSharp/Activity/SummerWatermelon_15/SummerWatermelonModel.cs,Activity.SummerWatermelon_15,SummerWatermelonModel,5491,private static GameObject _flyItemObj; // 0x8
code/AssetRipper_generated_CSharp/Assembly-CSharp/Activity/SummerWatermelon_15/SummerWatermelonModel.cs,Activity.SummerWatermelon_15,SummerWatermelonModel,5491,private bool _lastActivityOpenState; // 0x51
code/AssetRipper_generated_CSharp/Assembly-CSharp/Activity/SummerWatermelon_15/SummerWatermelonModel.cs,Activity.SummerWatermelon_15,SummerWatermelonModel,5491,private bool <ShowIllustratedRedPoint>k__BackingField; // 0x52
code/AssetRipper_generated_CSharp/Assembly-CSharp/Activity/SummerWatermelon_15/SummerWatermelonModel.cs,Activity.SummerWatermelon_15,SummerWatermelonModel,5491,public static string battlePassCoolTimeKey; // 0xC
code/AssetRipper_generated_CSharp/Assembly-CSharp/Activity/SummerWatermelon_15/SummerWatermelonModel.cs,Activity.SummerWatermelon_15,SummerWatermelonModel,5491,private int _redPointNum; // 0x54
code/AssetRipper_generated_CSharp/Assembly-CSharp/Activity/SummerWatermelon_15/SummerWatermelonModel.cs,Activity.SummerWatermelon_15,SummerWatermelonModel,5491,public static string packageCoolTimeKey; // 0x10
code/AssetRipper_generated_CSharp/Assembly-CSharp/Activity/SummerWatermelon_15/SummerWatermelonModel.cs,Activity.SummerWatermelon_15,SummerWatermelonModel,5491,public static string newpackageCoolTimeKey; // 0x14
code/AssetRipper_generated_CSharp/Assembly-CSharp/SummerWatermelonModel.cs,,SummerWatermelonModel.<>c,5547,public static readonly SummerWatermelonModel.<>c <>9; // 0x0
code/AssetRipper_generated_CSharp/Assembly-CSharp/SummerWatermelonModel.cs,,SummerWatermelonModel.<>c,5547,public static Action <>9__161_0; // 0x4
code/AssetRipper_generated_CSharp/Assembly-CSharp/SummerWatermelonModel.cs,,SummerWatermelonModel.<>c,5547,public static Predicate<SummerWatermelonElevenPackageConfig> <>9__164_0; // 0x8
code/AssetRipper_generated_CSharp/Assembly-CSharp/SummerWatermelonModel.cs,,SummerWatermelonModel.<>c__DisplayClass135_0,5548,public BattlePassEleven config; // 0x8
code/AssetRipper_generated_CSharp/Assembly-CSharp/SummerWatermelonModel.cs,,SummerWatermelonModel.<>c__DisplayClass163_0,5549,public SummerWatermelonModel <>4__this; // 0x8
code/AssetRipper_generated_CSharp/Assembly-CSharp/SummerWatermelonModel.cs,,SummerWatermelonModel.<>c__DisplayClass163_0,5549,public bool openPopup; // 0xC
code/AssetRipper_generated_CSharp/Assembly-CSharp/SummerWatermelonModel.cs,,SummerWatermelonModel.<>c__DisplayClass163_1,5550,public SummerWatermelonElevenPackageConfig config; // 0x8
code/AssetRipper_generated_CSharp/Assembly-CSharp/SummerWatermelonModel.cs,,SummerWatermelonModel.<>c__DisplayClass164_0,5551,public int index; // 0x8
code/AssetRipper_generated_CSharp/Assembly-CSharp/SummerWatermelonModel.cs,,SummerWatermelonModel.<>c__DisplayClass164_0,5551,public SummerWatermelonElevenPackageReward _curGiftBagData; // 0xC
code/AssetRipper_generated_CSharp/Assembly-CSharp/SummerWatermelonModel.cs,,SummerWatermelonModel.<>c__DisplayClass164_0,5551,public SummerWatermelonModel <>4__this; // 0x10
code/AssetRipper_generated_CSharp/Assembly-CSharp/SummerWatermelonModel.cs,,SummerWatermelonModel.<>c__DisplayClass52_0,5552,public int maxNum; // 0x8
code/AssetRipper_generated_CSharp/Assembly-CSharp/SummerWatermelonModel.cs,,SummerWatermelonModel.<>c__DisplayClass52_0,5552,public SummerWatermelonModel <>4__this; // 0xC
code/AssetRipper_generated_CSharp/Assembly-CSharp/SummerWatermelonModel.cs,,SummerWatermelonModel.<>c__DisplayClass52_0,5552,public int rewardNum; // 0x10
code/AssetRipper_generated_CSharp/Assembly-CSharp/SummerWatermelonModel.cs,,SummerWatermelonModel.<>c__DisplayClass52_1,5553,public int currentNum; // 0x8
code/AssetRipper_generated_CSharp/Assembly-CSharp/SummerWatermelonModel.cs,,SummerWatermelonModel.<>c__DisplayClass52_1,5553,public SummerWatermelonModel.<>c__DisplayClass52_0 CS$<>8__locals1; // 0xC
code/AssetRipper_generated_CSharp/Assembly-CSharp/SummerWatermelonModel.cs,,SummerWatermelonModel.<>c__DisplayClass56_0,5554,public Vector3 position; // 0x8
code/AssetRipper_generated_CSharp/Assembly-CSharp/SummerWatermelonModel.cs,,SummerWatermelonModel.<>c__DisplayClass56_0,5554,public Action action; // 0x14
code/AssetRipper_generated_CSharp/Assembly-CSharp/SummerWatermelonModel.cs,,SummerWatermelonModel.<>c__DisplayClass96_0,5555,public SummerWatermelonModel <>4__this; // 0x8
code/AssetRipper_generated_CSharp/Assembly-CSharp/SummerWatermelonModel.cs,,SummerWatermelonModel.<>c__DisplayClass96_0,5555,public TableMergeItem itemConfig; // 0xC
code/AssetRipper_generated_CSharp/Assembly-CSharp/SummerWatermelonModel.cs,,SummerWatermelonModel.<>c__DisplayClass97_0,5556,public List<ResData> rewardsList; // 0x8
code/AssetRipper_generated_CSharp/Assembly-CSharp/SummerWatermelonModel.cs,,SummerWatermelonModel.<>c__DisplayClass97_0,5556,public TaskCompletionSource<bool> taskRewardCollect; // 0xC
code/AssetRipper_generated_CSharp/Assembly-CSharp/SummerWatermelonModel.cs,,SummerWatermelonModel.<OnNewItem>d__96,5557,public int <>1__state; // 0x0
code/AssetRipper_generated_CSharp/Assembly-CSharp/SummerWatermelonModel.cs,,SummerWatermelonModel.<OnNewItem>d__96,5557,public AsyncVoidMethodBuilder <>t__builder; // 0x4
code/AssetRipper_generated_CSharp/Assembly-CSharp/SummerWatermelonModel.cs,,SummerWatermelonModel.<OnNewItem>d__96,5557,public SummerWatermelonModel <>4__this; // 0x14
code/AssetRipper_generated_CSharp/Assembly-CSharp/SummerWatermelonModel.cs,,SummerWatermelonModel.<OnNewItem>d__96,5557,public int id; // 0x18
code/AssetRipper_generated_CSharp/Assembly-CSharp/SummerWatermelonModel.cs,,SummerWatermelonModel.<OnNewItem>d__96,5557,public RefreshItemSource source; // 0x1C
code/AssetRipper_generated_CSharp/Assembly-CSharp/SummerWatermelonModel.cs,,SummerWatermelonModel.<OnNewItem>d__96,5557,private SummerWatermelonModel.<>c__DisplayClass96_0 <>8__1; // 0x20
code/AssetRipper_generated_CSharp/Assembly-CSharp/SummerWatermelonModel.cs,,SummerWatermelonModel.<OnNewItem>d__96,5557,private TaskAwaiter <>u__1; // 0x24
code/AssetRipper_generated_CSharp/Assembly-CSharp/SummerWatermelonModel.cs,,SummerWatermelonModel.<OnNewItem>d__96,5557,private TaskAwaiter<bool> <>u__2; // 0x28
code/AssetRipper_generated_CSharp/Assembly-CSharp/Activity/SummerWatermelon_11/SummerWatermelonModel.cs,Activity.SummerWatermelon_11,SummerWatermelonModel,5558,public static bool InGuideChain; // 0x0
code/AssetRipper_generated_CSharp/Assembly-CSharp/Activity/SummerWatermelon_11/SummerWatermelonModel.cs,Activity.SummerWatermelon_11,SummerWatermelonModel,5558,public const int BOARD_WIDTH = 5;
code/AssetRipper_generated_CSharp/Assembly-CSharp/Activity/SummerWatermelon_11/SummerWatermelonModel.cs,Activity.SummerWatermelon_11,SummerWatermelonModel,5558,public const int BOARD_HEIGHT = 5;
code/AssetRipper_generated_CSharp/Assembly-CSharp/Activity/SummerWatermelon_11/SummerWatermelonModel.cs,Activity.SummerWatermelon_11,SummerWatermelonModel,5558,public const int BOARD_WIDTH_BIG = 6;
code/AssetRipper_generated_CSharp/Assembly-CSharp/Activity/SummerWatermelon_11/SummerWatermelonModel.cs,Activity.SummerWatermelon_11,SummerWatermelonModel,5558,public const int BOARD_HEIGHT_BIG = 8;
code/AssetRipper_generated_CSharp/Assembly-CSharp/Activity/SummerWatermelon_11/SummerWatermelonModel.cs,Activity.SummerWatermelon_11,SummerWatermelonModel,5558,private static SummerWatermelonModel _instance; // 0x4
code/AssetRipper_generated_CSharp/Assembly-CSharp/Activity/SummerWatermelon_11/SummerWatermelonModel.cs,Activity.SummerWatermelon_11,SummerWatermelonModel,5558,"private Dictionary<int, SummerWatermelonElevenProductConfig> _summerWatermelonProductConfig; // 0x3C"
code/AssetRipper_generated_CSharp/Assembly-CSharp/Activity/SummerWatermelon_11/SummerWatermelonModel.cs,Activity.SummerWatermelon_11,SummerWatermelonModel,5558,"private Dictionary<int, SummerWatermelonElevenFirstTimeRewardConfig> _summerWatermelonFirstTimeRewardConfig; // 0x40"
code/AssetRipper_generated_CSharp/Assembly-CSharp/Activity/SummerWatermelon_11/SummerWatermelonModel.cs,Activity.SummerWatermelon_11,SummerWatermelonModel,5558,"private Dictionary<int, SummerWatermelonElevenMergeRewardConfig> _summerWatermelonMergeRewardConfig; // 0x44"
code/AssetRipper_generated_CSharp/Assembly-CSharp/Activity/SummerWatermelon_11/SummerWatermelonModel.cs,Activity.SummerWatermelon_11,SummerWatermelonModel,5558,"private Dictionary<int, TableMergeItem> _mergeItemDictionary; // 0x48"
code/AssetRipper_generated_CSharp/Assembly-CSharp/Activity/SummerWatermelon_11/SummerWatermelonModel.cs,Activity.SummerWatermelon_11,SummerWatermelonModel,5558,public int UnSetItemsCount; // 0x4C
code/AssetRipper_generated_CSharp/Assembly-CSharp/Activity/SummerWatermelon_11/SummerWatermelonModel.cs,Activity.SummerWatermelon_11,SummerWatermelonModel,5558,public const ulong Offset = 0;
code/AssetRipper_generated_CSharp/Assembly-CSharp/Activity/SummerWatermelon_11/SummerWatermelonModel.cs,Activity.SummerWatermelon_11,SummerWatermelonModel,5558,private bool _isInit; // 0x50
code/AssetRipper_generated_CSharp/Assembly-CSharp/Activity/SummerWatermelon_11/SummerWatermelonModel.cs,Activity.SummerWatermelon_11,SummerWatermelonModel,5558,private static GameObject _flyItemObj; // 0x8
code/AssetRipper_generated_CSharp/Assembly-CSharp/Activity/SummerWatermelon_11/SummerWatermelonModel.cs,Activity.SummerWatermelon_11,SummerWatermelonModel,5558,private bool _lastActivityOpenState; // 0x51
code/AssetRipper_generated_CSharp/Assembly-CSharp/Activity/SummerWatermelon_11/SummerWatermelonModel.cs,Activity.SummerWatermelon_11,SummerWatermelonModel,5558,private bool _isBigBoardActive; // 0x52
code/AssetRipper_generated_CSharp/Assembly-CSharp/Activity/SummerWatermelon_11/SummerWatermelonModel.cs,Activity.SummerWatermelon_11,SummerWatermelonModel,5558,private bool <ShowIllustratedRedPoint>k__BackingField; // 0x53
code/AssetRipper_generated_CSharp/Assembly-CSharp/Activity/SummerWatermelon_11/SummerWatermelonModel.cs,Activity.SummerWatermelon_11,SummerWatermelonModel,5558,public static string battlePassCoolTimeKey; // 0xC
code/AssetRipper_generated_CSharp/Assembly-CSharp/Activity/SummerWatermelon_11/SummerWatermelonModel.cs,Activity.SummerWatermelon_11,SummerWatermelonModel,5558,private int _redPointNum; // 0x54
code/AssetRipper_generated_CSharp/Assembly-CSharp/Activity/SummerWatermelon_11/SummerWatermelonModel.cs,Activity.SummerWatermelon_11,SummerWatermelonModel,5558,public static string packageCoolTimeKey; // 0x10
code/AssetRipper_generated_CSharp/Assembly-CSharp/Activity/SummerWatermelon_11/SummerWatermelonModel.cs,Activity.SummerWatermelon_11,SummerWatermelonModel,5558,public static string newpackageCoolTimeKey; // 0x14
code/AssetRipper_generated_CSharp/Assembly-CSharp/SummerWatermelonModel.cs,,SummerWatermelonModel.<>c,5613,public static readonly SummerWatermelonModel.<>c <>9; // 0x0
code/AssetRipper_generated_CSharp/Assembly-CSharp/SummerWatermelonModel.cs,,SummerWatermelonModel.<>c,5613,public static Predicate<SummerWatermelonEighTeenPackageConfig> <>9__150_0; // 0x4
code/AssetRipper_generated_CSharp/Assembly-CSharp/SummerWatermelonModel.cs,,SummerWatermelonModel.<>c,5613,public static Action <>9__167_0; // 0x8
code/AssetRipper_generated_CSharp/Assembly-CSharp/SummerWatermelonModel.cs,,SummerWatermelonModel.<>c__DisplayClass131_0,5614,public BattlePassEighTeen config; // 0x8
code/AssetRipper_generated_CSharp/Assembly-CSharp/SummerWatermelonModel.cs,,SummerWatermelonModel.<>c__DisplayClass149_0,5615,public SummerWatermelonModel <>4__this; // 0x8
code/AssetRipper_generated_CSharp/Assembly-CSharp/SummerWatermelonModel.cs,,SummerWatermelonModel.<>c__DisplayClass149_0,5615,public bool openPopup; // 0xC
code/AssetRipper_generated_CSharp/Assembly-CSharp/SummerWatermelonModel.cs,,SummerWatermelonModel.<>c__DisplayClass149_1,5616,public SummerWatermelonEighTeenPackageConfig config; // 0x8
code/AssetRipper_generated_CSharp/Assembly-CSharp/SummerWatermelonModel.cs,,SummerWatermelonModel.<>c__DisplayClass150_0,5617,public int index; // 0x8
code/AssetRipper_generated_CSharp/Assembly-CSharp/SummerWatermelonModel.cs,,SummerWatermelonModel.<>c__DisplayClass150_0,5617,public SummerWatermelonEighTeenPackageReward _curGiftBagData; // 0xC
code/AssetRipper_generated_CSharp/Assembly-CSharp/SummerWatermelonModel.cs,,SummerWatermelonModel.<>c__DisplayClass150_0,5617,public SummerWatermelonModel <>4__this; // 0x10
code/AssetRipper_generated_CSharp/Assembly-CSharp/SummerWatermelonModel.cs,,SummerWatermelonModel.<>c__DisplayClass50_0,5618,public int maxNum; // 0x8
code/AssetRipper_generated_CSharp/Assembly-CSharp/SummerWatermelonModel.cs,,SummerWatermelonModel.<>c__DisplayClass50_0,5618,public SummerWatermelonModel <>4__this; // 0xC
code/AssetRipper_generated_CSharp/Assembly-CSharp/SummerWatermelonModel.cs,,SummerWatermelonModel.<>c__DisplayClass50_0,5618,public int rewardNum; // 0x10
code/AssetRipper_generated_CSharp/Assembly-CSharp/SummerWatermelonModel.cs,,SummerWatermelonModel.<>c__DisplayClass50_1,5619,public int currentNum; // 0x8
code/AssetRipper_generated_CSharp/Assembly-CSharp/SummerWatermelonModel.cs,,SummerWatermelonModel.<>c__DisplayClass50_1,5619,public SummerWatermelonModel.<>c__DisplayClass50_0 CS$<>8__locals1; // 0xC
code/AssetRipper_generated_CSharp/Assembly-CSharp/SummerWatermelonModel.cs,,SummerWatermelonModel.<>c__DisplayClass54_0,5620,public Vector3 position; // 0x8
code/AssetRipper_generated_CSharp/Assembly-CSharp/SummerWatermelonModel.cs,,SummerWatermelonModel.<>c__DisplayClass54_0,5620,public Action action; // 0x14
code/AssetRipper_generated_CSharp/Assembly-CSharp/SummerWatermelonModel.cs,,SummerWatermelonModel.<>c__DisplayClass87_0,5621,public SummerWatermelonModel <>4__this; // 0x8
code/AssetRipper_generated_CSharp/Assembly-CSharp/SummerWatermelonModel.cs,,SummerWatermelonModel.<>c__DisplayClass87_0,5621,public TableMergeItem itemConfig; // 0xC
code/AssetRipper_generated_CSharp/Assembly-CSharp/SummerWatermelonModel.cs,,SummerWatermelonModel.<>c__DisplayClass88_0,5622,public List<ResData> rewardsList; // 0x8
code/AssetRipper_generated_CSharp/Assembly-CSharp/SummerWatermelonModel.cs,,SummerWatermelonModel.<>c__DisplayClass88_0,5622,public TaskCompletionSource<bool> taskRewardCollect; // 0xC
code/AssetRipper_generated_CSharp/Assembly-CSharp/SummerWatermelonModel.cs,,SummerWatermelonModel.<OnNewItem>d__87,5623,public int <>1__state; // 0x0
code/AssetRipper_generated_CSharp/Assembly-CSharp/SummerWatermelonModel.cs,,SummerWatermelonModel.<OnNewItem>d__87,5623,public AsyncVoidMethodBuilder <>t__builder; // 0x4
code/AssetRipper_generated_CSharp/Assembly-CSharp/SummerWatermelonModel.cs,,SummerWatermelonModel.<OnNewItem>d__87,5623,public SummerWatermelonModel <>4__this; // 0x14
code/AssetRipper_generated_CSharp/Assembly-CSharp/SummerWatermelonModel.cs,,SummerWatermelonModel.<OnNewItem>d__87,5623,public int id; // 0x18
code/AssetRipper_generated_CSharp/Assembly-CSharp/SummerWatermelonModel.cs,,SummerWatermelonModel.<OnNewItem>d__87,5623,public RefreshItemSource source; // 0x1C
code/AssetRipper_generated_CSharp/Assembly-CSharp/SummerWatermelonModel.cs,,SummerWatermelonModel.<OnNewItem>d__87,5623,private SummerWatermelonModel.<>c__DisplayClass87_0 <>8__1; // 0x20
code/AssetRipper_generated_CSharp/Assembly-CSharp/SummerWatermelonModel.cs,,SummerWatermelonModel.<OnNewItem>d__87,5623,private TaskAwaiter <>u__1; // 0x24
code/AssetRipper_generated_CSharp/Assembly-CSharp/SummerWatermelonModel.cs,,SummerWatermelonModel.<OnNewItem>d__87,5623,private TaskAwaiter<bool> <>u__2; // 0x28
code/AssetRipper_generated_CSharp/Assembly-CSharp/Activity/SummerWatermelon_18/SummerWatermelonModel.cs,Activity.SummerWatermelon_18,SummerWatermelonModel,5624,public static bool InGuideChain; // 0x0
code/AssetRipper_generated_CSharp/Assembly-CSharp/Activity/SummerWatermelon_18/SummerWatermelonModel.cs,Activity.SummerWatermelon_18,SummerWatermelonModel,5624,public const int BOARD_WIDTH = 6;
code/AssetRipper_generated_CSharp/Assembly-CSharp/Activity/SummerWatermelon_18/SummerWatermelonModel.cs,Activity.SummerWatermelon_18,SummerWatermelonModel,5624,public const int BOARD_HEIGHT = 14;
code/AssetRipper_generated_CSharp/Assembly-CSharp/Activity/SummerWatermelon_18/SummerWatermelonModel.cs,Activity.SummerWatermelon_18,SummerWatermelonModel,5624,private static SummerWatermelonModel _instance; // 0x4
code/AssetRipper_generated_CSharp/Assembly-CSharp/Activity/SummerWatermelon_18/SummerWatermelonModel.cs,Activity.SummerWatermelon_18,SummerWatermelonModel,5624,"private Dictionary<int, SummerWatermelonEighTeenProductConfig> _summerWatermelonProductConfig; // 0x3C"
code/AssetRipper_generated_CSharp/Assembly-CSharp/Activity/SummerWatermelon_18/SummerWatermelonModel.cs,Activity.SummerWatermelon_18,SummerWatermelonModel,5624,"private Dictionary<int, SummerWatermelonEighTeenFirstTimeRewardConfig> _summerWatermelonFirstTimeRewardConfig; // 0x40"
code/AssetRipper_generated_CSharp/Assembly-CSharp/Activity/SummerWatermelon_18/SummerWatermelonModel.cs,Activity.SummerWatermelon_18,SummerWatermelonModel,5624,"private Dictionary<int, SummerWatermelonEighTeenMergeRewardConfig> _summerWatermelonMergeRewardConfig; // 0x44"
code/AssetRipper_generated_CSharp/Assembly-CSharp/Activity/SummerWatermelon_18/SummerWatermelonModel.cs,Activity.SummerWatermelon_18,SummerWatermelonModel,5624,"private Dictionary<int, TableMergeItem> _mergeItemDictionary; // 0x48"
code/AssetRipper_generated_CSharp/Assembly-CSharp/Activity/SummerWatermelon_18/SummerWatermelonModel.cs,Activity.SummerWatermelon_18,SummerWatermelonModel,5624,public int UnSetItemsCount; // 0x4C
code/AssetRipper_generated_CSharp/Assembly-CSharp/Activity/SummerWatermelon_18/SummerWatermelonModel.cs,Activity.SummerWatermelon_18,SummerWatermelonModel,5624,public const ulong Offset = 0;
code/AssetRipper_generated_CSharp/Assembly-CSharp/Activity/SummerWatermelon_18/SummerWatermelonModel.cs,Activity.SummerWatermelon_18,SummerWatermelonModel,5624,private bool _isInit; // 0x50
code/AssetRipper_generated_CSharp/Assembly-CSharp/Activity/SummerWatermelon_18/SummerWatermelonModel.cs,Activity.SummerWatermelon_18,SummerWatermelonModel,5624,private static GameObject _flyItemObj; // 0x8
code/AssetRipper_generated_CSharp/Assembly-CSharp/Activity/SummerWatermelon_18/SummerWatermelonModel.cs,Activity.SummerWatermelon_18,SummerWatermelonModel,5624,private bool _lastActivityOpenState; // 0x51
code/AssetRipper_generated_CSharp/Assembly-CSharp/Activity/SummerWatermelon_18/SummerWatermelonModel.cs,Activity.SummerWatermelon_18,SummerWatermelonModel,5624,private bool <ShowIllustratedRedPoint>k__BackingField; // 0x52
code/AssetRipper_generated_CSharp/Assembly-CSharp/Activity/SummerWatermelon_18/SummerWatermelonModel.cs,Activity.SummerWatermelon_18,SummerWatermelonModel,5624,public static string battlePassCoolTimeKey; // 0xC
code/AssetRipper_generated_CSharp/Assembly-CSharp/Activity/SummerWatermelon_18/SummerWatermelonModel.cs,Activity.SummerWatermelon_18,SummerWatermelonModel,5624,private int _redPointNum; // 0x54
code/AssetRipper_generated_CSharp/Assembly-CSharp/Activity/SummerWatermelon_18/SummerWatermelonModel.cs,Activity.SummerWatermelon_18,SummerWatermelonModel,5624,public static string packageCoolTimeKey; // 0x10
code/AssetRipper_generated_CSharp/Assembly-CSharp/Activity/SummerWatermelon_18/SummerWatermelonModel.cs,Activity.SummerWatermelon_18,SummerWatermelonModel,5624,public static string newpackageCoolTimeKey; // 0x14
code/AssetRipper_generated_CSharp/Assembly-CSharp/SummerWatermelonMergeBoard.cs,,SummerWatermelonMergeBoard.<>c,5674,public static readonly SummerWatermelonMergeBoard.<>c <>9; // 0x0
code/AssetRipper_generated_CSharp/Assembly-CSharp/SummerWatermelonMergeBoard.cs,,SummerWatermelonMergeBoard.<>c,5674,public static Action <>9__2_0; // 0x4
code/AssetRipper_generated_CSharp/Assembly-CSharp/SummerWatermelonModel.cs,,SummerWatermelonModel.<>c.<<UseMergeItem>b__87_0>d,5676,public int <>1__state; // 0x0
code/AssetRipper_generated_CSharp/Assembly-CSharp/SummerWatermelonModel.cs,,SummerWatermelonModel.<>c.<<UseMergeItem>b__87_0>d,5676,public AsyncVoidMethodBuilder <>t__builder; // 0x4
code/AssetRipper_generated_CSharp/Assembly-CSharp/SummerWatermelonModel.cs,,SummerWatermelonModel.<>c,5677,public static readonly SummerWatermelonModel.<>c <>9; // 0x0
code/AssetRipper_generated_CSharp/Assembly-CSharp/SummerWatermelonModel.cs,,SummerWatermelonModel.<>c,5677,public static Action <>9__38_0; // 0x4
code/AssetRipper_generated_CSharp/Assembly-CSharp/SummerWatermelonModel.cs,,SummerWatermelonModel.<>c,5677,public static Action <>9__87_0; // 0x8
code/AssetRipper_generated_CSharp/Assembly-CSharp/SummerWatermelonModel.cs,,SummerWatermelonModel.<>c,5677,public static Action <>9__87_1; // 0xC
code/AssetRipper_generated_CSharp/Assembly-CSharp/SummerWatermelonModel.cs,,SummerWatermelonModel.<>c,5677,public static Predicate<SummerWatermelonEightPackageConfig> <>9__122_0; // 0x10
code/AssetRipper_generated_CSharp/Assembly-CSharp/SummerWatermelonModel.cs,,SummerWatermelonModel.<>c__DisplayClass120_0,5678,public TableMergeItem itemConfig; // 0x8
code/AssetRipper_generated_CSharp/Assembly-CSharp/SummerWatermelonModel.cs,,SummerWatermelonModel.<>c__DisplayClass121_0,5679,public SummerWatermelonModel <>4__this; // 0x8
code/AssetRipper_generated_CSharp/Assembly-CSharp/SummerWatermelonModel.cs,,SummerWatermelonModel.<>c__DisplayClass121_0,5679,public bool openPopup; // 0xC
code/AssetRipper_generated_CSharp/Assembly-CSharp/SummerWatermelonModel.cs,,SummerWatermelonModel.<>c__DisplayClass121_1,5680,public SummerWatermelonEightPackageConfig config; // 0x8
code/AssetRipper_generated_CSharp/Assembly-CSharp/SummerWatermelonModel.cs,,SummerWatermelonModel.<>c__DisplayClass122_0,5681,public int index; // 0x8
code/AssetRipper_generated_CSharp/Assembly-CSharp/SummerWatermelonModel.cs,,SummerWatermelonModel.<>c__DisplayClass122_0,5681,public SummerWatermelonEightPackageReward _curGiftBagData; // 0xC
code/AssetRipper_generated_CSharp/Assembly-CSharp/SummerWatermelonModel.cs,,SummerWatermelonModel.<>c__DisplayClass122_0,5681,public SummerWatermelonModel <>4__this; // 0x10
code/AssetRipper_generated_CSharp/Assembly-CSharp/SummerWatermelonModel.cs,,SummerWatermelonModel.<>c__DisplayClass42_0,5682,public Vector3 position; // 0x8
code/AssetRipper_generated_CSharp/Assembly-CSharp/SummerWatermelonModel.cs,,SummerWatermelonModel.<>c__DisplayClass42_0,5682,public Action action; // 0x14
code/AssetRipper_generated_CSharp/Assembly-CSharp/SummerWatermelonModel.cs,,SummerWatermelonModel.<>c__DisplayClass75_0,5683,public List<ResData> rewardsList; // 0x8
code/AssetRipper_generated_CSharp/Assembly-CSharp/SummerWatermelonModel.cs,,SummerWatermelonModel.<>c__DisplayClass75_0,5683,public TaskCompletionSource<bool> taskRewardCollect; // 0xC
code/AssetRipper_generated_CSharp/Assembly-CSharp/SummerWatermelonModel.cs,,SummerWatermelonModel.<>c__DisplayClass88_0,5684,public UIPopupSummerWatermelonMainController ui; // 0x8
code/AssetRipper_generated_CSharp/Assembly-CSharp/SummerWatermelonModel.cs,,SummerWatermelonModel.<>c__DisplayClass88_0,5684,public Action endCall; // 0xC
code/AssetRipper_generated_CSharp/Assembly-CSharp/SummerWatermelonModel.cs,,SummerWatermelonModel.<>c__DisplayClass88_1,5685,public int ind; // 0x8
code/AssetRipper_generated_CSharp/Assembly-CSharp/SummerWatermelonModel.cs,,SummerWatermelonModel.<>c__DisplayClass88_1,5685,public SummerWatermelonModel.<>c__DisplayClass88_0 CS$<>8__locals1; // 0xC
code/AssetRipper_generated_CSharp/Assembly-CSharp/SummerWatermelonModel.cs,,SummerWatermelonModel.<>c__DisplayClass89_0,5686,public int id; // 0x8
code/AssetRipper_generated_CSharp/Assembly-CSharp/SummerWatermelonModel.cs,,SummerWatermelonModel.<>c__DisplayClass89_0,5686,public Action endCall; // 0xC
code/AssetRipper_generated_CSharp/Assembly-CSharp/SummerWatermelonModel.cs,,SummerWatermelonModel.<>c__DisplayClass93_0,5687,public SummerWatermelonModel <>4__this; // 0x8
code/AssetRipper_generated_CSharp/Assembly-CSharp/SummerWatermelonModel.cs,,SummerWatermelonModel.<>c__DisplayClass93_0,5687,public int moveStep; // 0xC
code/AssetRipper_generated_CSharp/Assembly-CSharp/SummerWatermelonModel.cs,,SummerWatermelonModel.<>c__DisplayClass93_0,5687,public Action <>9__1; // 0x10
code/AssetRipper_generated_CSharp/Assembly-CSharp/SummerWatermelonModel.cs,,SummerWatermelonModel.<>c__DisplayClass94_0,5688,public List<MergeBoard.Grid> clearList; // 0x8
code/AssetRipper_generated_CSharp/Assembly-CSharp/SummerWatermelonModel.cs,,SummerWatermelonModel.<>c__DisplayClass94_0,5688,public SummerWatermelonModel <>4__this; // 0xC
code/AssetRipper_generated_CSharp/Assembly-CSharp/SummerWatermelonModel.cs,,SummerWatermelonModel.<>c__DisplayClass94_1,5689,public int index; // 0x8
code/AssetRipper_generated_CSharp/Assembly-CSharp/SummerWatermelonModel.cs,,SummerWatermelonModel.<>c__DisplayClass94_1,5689,public SummerWatermelonModel.<>c__DisplayClass94_0 CS$<>8__locals1; // 0xC
code/AssetRipper_generated_CSharp/Assembly-CSharp/SummerWatermelonModel.cs,,SummerWatermelonModel.<>c__DisplayClass94_2,5690,public int index; // 0x8
code/AssetRipper_generated_CSharp/Assembly-CSharp/SummerWatermelonModel.cs,,SummerWatermelonModel.<OnNewItem>d__74,5691,public int <>1__state; // 0x0
code/AssetRipper_generated_CSharp/Assembly-CSharp/SummerWatermelonModel.cs,,SummerWatermelonModel.<OnNewItem>d__74,5691,public AsyncVoidMethodBuilder <>t__builder; // 0x4
code/AssetRipper_generated_CSharp/Assembly-CSharp/SummerWatermelonModel.cs,,SummerWatermelonModel.<OnNewItem>d__74,5691,public int id; // 0x14
code/AssetRipper_generated_CSharp/Assembly-CSharp/SummerWatermelonModel.cs,,SummerWatermelonModel.<OnNewItem>d__74,5691,public SummerWatermelonModel <>4__this; // 0x18
code/AssetRipper_generated_CSharp/Assembly-CSharp/SummerWatermelonModel.cs,,SummerWatermelonModel.<OnNewItem>d__74,5691,public RefreshItemSource source; // 0x1C
code/AssetRipper_generated_CSharp/Assembly-CSharp/SummerWatermelonModel.cs,,SummerWatermelonModel.<UseMergeItem>d__87,5692,public int <>1__state; // 0x0
code/AssetRipper_generated_CSharp/Assembly-CSharp/SummerWatermelonModel.cs,,SummerWatermelonModel.<UseMergeItem>d__87,5692,public AsyncVoidMethodBuilder <>t__builder; // 0x4
code/AssetRipper_generated_CSharp/Assembly-CSharp/SummerWatermelonModel.cs,,SummerWatermelonModel.<UseMergeItem>d__87,5692,public TableMergeItem itemConfig; // 0x14
code/AssetRipper_generated_CSharp/Assembly-CSharp/SummerWatermelonModel.cs,,SummerWatermelonModel.<UseMergeItem>d__87,5692,public SummerWatermelonModel <>4__this; // 0x18
code/AssetRipper_generated_CSharp/Assembly-CSharp/SummerWatermelonModel.cs,,SummerWatermelonModel.<UseMergeItem>d__87,5692,public Vector3 srcPos; // 0x1C
code/AssetRipper_generated_CSharp/Assembly-CSharp/SummerWatermelonModel.cs,,SummerWatermelonModel.<UseMergeItem>d__87,5692,private SummerWatermelonEightStageRewardConfig <levelConfig>5__2; // 0x28
code/AssetRipper_generated_CSharp/Assembly-CSharp/SummerWatermelonModel.cs,,SummerWatermelonModel.<UseMergeItem>d__87,5692,private bool <hasUpgradeResult>5__3; // 0x2C
code/AssetRipper_generated_CSharp/Assembly-CSharp/SummerWatermelonModel.cs,,SummerWatermelonModel.<UseMergeItem>d__87,5692,private TaskAwaiter <>u__1; // 0x30
code/AssetRipper_generated_CSharp/Assembly-CSharp/Activity/SummerWatermelon_8/SummerWatermelonModel.cs,Activity.SummerWatermelon_8,SummerWatermelonModel,5693,public static bool InGuideChain; // 0x0
code/AssetRipper_generated_CSharp/Assembly-CSharp/Activity/SummerWatermelon_8/SummerWatermelonModel.cs,Activity.SummerWatermelon_8,SummerWatermelonModel,5693,public const int BOARD_WIDTH = 6;
code/AssetRipper_generated_CSharp/Assembly-CSharp/Activity/SummerWatermelon_8/SummerWatermelonModel.cs,Activity.SummerWatermelon_8,SummerWatermelonModel,5693,public const int BOARD_HEIGH = 8;
code/AssetRipper_generated_CSharp/Assembly-CSharp/Activity/SummerWatermelon_8/SummerWatermelonModel.cs,Activity.SummerWatermelon_8,SummerWatermelonModel,5693,public const int BOARD_HEIGHT_BIG = 44;
code/AssetRipper_generated_CSharp/Assembly-CSharp/Activity/SummerWatermelon_8/SummerWatermelonModel.cs,Activity.SummerWatermelon_8,SummerWatermelonModel,5693,private static SummerWatermelonModel _instance; // 0x4
code/AssetRipper_generated_CSharp/Assembly-CSharp/Activity/SummerWatermelon_8/SummerWatermelonModel.cs,Activity.SummerWatermelon_8,SummerWatermelonModel,5693,"private Dictionary<int, SummerWatermelonEightFirstTimeRewardConfig> _summerWatermelonFirstTimeRewardConfig; // 0x3C"
code/AssetRipper_generated_CSharp/Assembly-CSharp/Activity/SummerWatermelon_8/SummerWatermelonModel.cs,Activity.SummerWatermelon_8,SummerWatermelonModel,5693,"private Dictionary<int, SummerWatermelonEightMergeRewardConfig> _summerWatermelonMergeRewardConfig; // 0x40"
code/AssetRipper_generated_CSharp/Assembly-CSharp/Activity/SummerWatermelon_8/SummerWatermelonModel.cs,Activity.SummerWatermelon_8,SummerWatermelonModel,5693,public int UnSetItemsCount; // 0x44
code/AssetRipper_generated_CSharp/Assembly-CSharp/Activity/SummerWatermelon_8/SummerWatermelonModel.cs,Activity.SummerWatermelon_8,SummerWatermelonModel,5693,public const ulong Offset = 0;
code/AssetRipper_generated_CSharp/Assembly-CSharp/Activity/SummerWatermelon_8/SummerWatermelonModel.cs,Activity.SummerWatermelon_8,SummerWatermelonModel,5693,private bool _isInit; // 0x48
code/AssetRipper_generated_CSharp/Assembly-CSharp/Activity/SummerWatermelon_8/SummerWatermelonModel.cs,Activity.SummerWatermelon_8,SummerWatermelonModel,5693,private static GameObject _flyItemObj; // 0x8
code/AssetRipper_generated_CSharp/Assembly-CSharp/Activity/SummerWatermelon_8/SummerWatermelonModel.cs,Activity.SummerWatermelon_8,SummerWatermelonModel,5693,private bool _lastActivityOpenState; // 0x49
code/AssetRipper_generated_CSharp/Assembly-CSharp/Activity/SummerWatermelon_8/SummerWatermelonModel.cs,Activity.SummerWatermelon_8,SummerWatermelonModel,5693,private bool isMoving; // 0x4A
code/AssetRipper_generated_CSharp/Assembly-CSharp/Activity/SummerWatermelon_8/SummerWatermelonModel.cs,Activity.SummerWatermelon_8,SummerWatermelonModel,5693,private bool <ShowIllustratedRedPoint>k__BackingField; // 0x4B
code/AssetRipper_generated_CSharp/Assembly-CSharp/Activity/SummerWatermelon_8/SummerWatermelonModel.cs,Activity.SummerWatermelon_8,SummerWatermelonModel,5693,public static string packageCoolTimeKey; // 0xC
code/AssetRipper_generated_CSharp/Assembly-CSharp/SummerWatermelonModel.cs,,SummerWatermelonModel.<>c,5736,public static readonly SummerWatermelonModel.<>c <>9; // 0x0
code/AssetRipper_generated_CSharp/Assembly-CSharp/SummerWatermelonModel.cs,,SummerWatermelonModel.<>c,5736,public static Predicate<SummerWatermelonThirtyThreePackageConfig> <>9__154_0; // 0x4
code/AssetRipper_generated_CSharp/Assembly-CSharp/SummerWatermelonModel.cs,,SummerWatermelonModel.<>c,5736,public static Action <>9__170_0; // 0x8
code/AssetRipper_generated_CSharp/Assembly-CSharp/SummerWatermelonModel.cs,,SummerWatermelonModel.<>c__DisplayClass132_0,5737,public BattlePassThirtyThree config; // 0x8
code/AssetRipper_generated_CSharp/Assembly-CSharp/SummerWatermelonModel.cs,,SummerWatermelonModel.<>c__DisplayClass153_0,5738,public SummerWatermelonModel <>4__this; // 0x8
code/AssetRipper_generated_CSharp/Assembly-CSharp/SummerWatermelonModel.cs,,SummerWatermelonModel.<>c__DisplayClass153_0,5738,public bool openPopup; // 0xC
code/AssetRipper_generated_CSharp/Assembly-CSharp/SummerWatermelonModel.cs,,SummerWatermelonModel.<>c__DisplayClass153_1,5739,public SummerWatermelonThirtyThreePackageConfig config; // 0x8
code/AssetRipper_generated_CSharp/Assembly-CSharp/SummerWatermelonModel.cs,,SummerWatermelonModel.<>c__DisplayClass154_0,5740,public int index; // 0x8
code/AssetRipper_generated_CSharp/Assembly-CSharp/SummerWatermelonModel.cs,,SummerWatermelonModel.<>c__DisplayClass154_0,5740,public SummerWatermelonThirtyThreePackageReward _curGiftBagData; // 0xC
code/AssetRipper_generated_CSharp/Assembly-CSharp/SummerWatermelonModel.cs,,SummerWatermelonModel.<>c__DisplayClass154_0,5740,public SummerWatermelonModel <>4__this; // 0x10
code/AssetRipper_generated_CSharp/Assembly-CSharp/SummerWatermelonModel.cs,,SummerWatermelonModel.<>c__DisplayClass50_0,5741,public int maxNum; // 0x8
code/AssetRipper_generated_CSharp/Assembly-CSharp/SummerWatermelonModel.cs,,SummerWatermelonModel.<>c__DisplayClass50_0,5741,public SummerWatermelonModel <>4__this; // 0xC
code/AssetRipper_generated_CSharp/Assembly-CSharp/SummerWatermelonModel.cs,,SummerWatermelonModel.<>c__DisplayClass50_0,5741,public int rewardNum; // 0x10
code/AssetRipper_generated_CSharp/Assembly-CSharp/SummerWatermelonModel.cs,,SummerWatermelonModel.<>c__DisplayClass50_1,5742,public int currentNum; // 0x8
code/AssetRipper_generated_CSharp/Assembly-CSharp/SummerWatermelonModel.cs,,SummerWatermelonModel.<>c__DisplayClass50_1,5742,public SummerWatermelonModel.<>c__DisplayClass50_0 CS$<>8__locals1; // 0xC
code/AssetRipper_generated_CSharp/Assembly-CSharp/SummerWatermelonModel.cs,,SummerWatermelonModel.<>c__DisplayClass54_0,5743,public Vector3 position; // 0x8
code/AssetRipper_generated_CSharp/Assembly-CSharp/SummerWatermelonModel.cs,,SummerWatermelonModel.<>c__DisplayClass54_0,5743,public Action action; // 0x14
code/AssetRipper_generated_CSharp/Assembly-CSharp/SummerWatermelonModel.cs,,SummerWatermelonModel.<>c__DisplayClass87_0,5744,public SummerWatermelonModel <>4__this; // 0x8
code/AssetRipper_generated_CSharp/Assembly-CSharp/SummerWatermelonModel.cs,,SummerWatermelonModel.<>c__DisplayClass87_0,5744,public TableMergeItem itemConfig; // 0xC
code/AssetRipper_generated_CSharp/Assembly-CSharp/SummerWatermelonModel.cs,,SummerWatermelonModel.<>c__DisplayClass88_0,5745,public List<ResData> rewardsList; // 0x8
code/AssetRipper_generated_CSharp/Assembly-CSharp/SummerWatermelonModel.cs,,SummerWatermelonModel.<>c__DisplayClass88_0,5745,public TaskCompletionSource<bool> taskRewardCollect; // 0xC
code/AssetRipper_generated_CSharp/Assembly-CSharp/SummerWatermelonModel.cs,,SummerWatermelonModel.<OnNewItem>d__87,5746,public int <>1__state; // 0x0
code/AssetRipper_generated_CSharp/Assembly-CSharp/SummerWatermelonModel.cs,,SummerWatermelonModel.<OnNewItem>d__87,5746,public AsyncVoidMethodBuilder <>t__builder; // 0x4
code/AssetRipper_generated_CSharp/Assembly-CSharp/SummerWatermelonModel.cs,,SummerWatermelonModel.<OnNewItem>d__87,5746,public SummerWatermelonModel <>4__this; // 0x14
code/AssetRipper_generated_CSharp/Assembly-CSharp/SummerWatermelonModel.cs,,SummerWatermelonModel.<OnNewItem>d__87,5746,public int id; // 0x18
code/AssetRipper_generated_CSharp/Assembly-CSharp/SummerWatermelonModel.cs,,SummerWatermelonModel.<OnNewItem>d__87,5746,public RefreshItemSource source; // 0x1C
code/AssetRipper_generated_CSharp/Assembly-CSharp/SummerWatermelonModel.cs,,SummerWatermelonModel.<OnNewItem>d__87,5746,private SummerWatermelonModel.<>c__DisplayClass87_0 <>8__1; // 0x20
code/AssetRipper_generated_CSharp/Assembly-CSharp/SummerWatermelonModel.cs,,SummerWatermelonModel.<OnNewItem>d__87,5746,private TaskAwaiter <>u__1; // 0x24
code/AssetRipper_generated_CSharp/Assembly-CSharp/SummerWatermelonModel.cs,,SummerWatermelonModel.<OnNewItem>d__87,5746,private TaskAwaiter<bool> <>u__2; // 0x28
code/AssetRipper_generated_CSharp/Assembly-CSharp/Activity/SummerWatermelon_33/SummerWatermelonModel.cs,Activity.SummerWatermelon_33,SummerWatermelonModel,5747,public static bool InGuideChain; // 0x0
code/AssetRipper_generated_CSharp/Assembly-CSharp/Activity/SummerWatermelon_33/SummerWatermelonModel.cs,Activity.SummerWatermelon_33,SummerWatermelonModel,5747,public const int BOARD_WIDTH = 6;
code/AssetRipper_generated_CSharp/Assembly-CSharp/Activity/SummerWatermelon_33/SummerWatermelonModel.cs,Activity.SummerWatermelon_33,SummerWatermelonModel,5747,public const int BOARD_HEIGHT = 14;
code/AssetRipper_generated_CSharp/Assembly-CSharp/Activity/SummerWatermelon_33/SummerWatermelonModel.cs,Activity.SummerWatermelon_33,SummerWatermelonModel,5747,private static SummerWatermelonModel _instance; // 0x4
code/AssetRipper_generated_CSharp/Assembly-CSharp/Activity/SummerWatermelon_33/SummerWatermelonModel.cs,Activity.SummerWatermelon_33,SummerWatermelonModel,5747,"private Dictionary<int, SummerWatermelonThirtyThreeProductConfig> _summerWatermelonProductConfig; // 0x3C"
code/AssetRipper_generated_CSharp/Assembly-CSharp/Activity/SummerWatermelon_33/SummerWatermelonModel.cs,Activity.SummerWatermelon_33,SummerWatermelonModel,5747,"private Dictionary<int, SummerWatermelonThirtyThreeFirstTimeRewardConfig> _summerWatermelonFirstTimeRewardConfig; // 0x40"
code/AssetRipper_generated_CSharp/Assembly-CSharp/Activity/SummerWatermelon_33/SummerWatermelonModel.cs,Activity.SummerWatermelon_33,SummerWatermelonModel,5747,"private Dictionary<int, SummerWatermelonThirtyThreeMergeRewardConfig> _summerWatermelonMergeRewardConfig; // 0x44"
code/AssetRipper_generated_CSharp/Assembly-CSharp/Activity/SummerWatermelon_33/SummerWatermelonModel.cs,Activity.SummerWatermelon_33,SummerWatermelonModel,5747,"private Dictionary<int, TableMergeItem> _mergeItemDictionary; // 0x48"
code/AssetRipper_generated_CSharp/Assembly-CSharp/Activity/SummerWatermelon_33/SummerWatermelonModel.cs,Activity.SummerWatermelon_33,SummerWatermelonModel,5747,public int UnSetItemsCount; // 0x4C
code/AssetRipper_generated_CSharp/Assembly-CSharp/Activity/SummerWatermelon_33/SummerWatermelonModel.cs,Activity.SummerWatermelon_33,SummerWatermelonModel,5747,public const ulong Offset = 0;
code/AssetRipper_generated_CSharp/Assembly-CSharp/Activity/SummerWatermelon_33/SummerWatermelonModel.cs,Activity.SummerWatermelon_33,SummerWatermelonModel,5747,private bool _isInit; // 0x50
code/AssetRipper_generated_CSharp/Assembly-CSharp/Activity/SummerWatermelon_33/SummerWatermelonModel.cs,Activity.SummerWatermelon_33,SummerWatermelonModel,5747,private static GameObject _flyItemObj; // 0x8
code/AssetRipper_generated_CSharp/Assembly-CSharp/Activity/SummerWatermelon_33/SummerWatermelonModel.cs,Activity.SummerWatermelon_33,SummerWatermelonModel,5747,private bool _lastActivityOpenState; // 0x51
code/AssetRipper_generated_CSharp/Assembly-CSharp/Activity/SummerWatermelon_33/SummerWatermelonModel.cs,Activity.SummerWatermelon_33,SummerWatermelonModel,5747,private bool <ShowIllustratedRedPoint>k__BackingField; // 0x52
code/AssetRipper_generated_CSharp/Assembly-CSharp/Activity/SummerWatermelon_33/SummerWatermelonModel.cs,Activity.SummerWatermelon_33,SummerWatermelonModel,5747,public static string battlePassCoolTimeKey; // 0xC
code/AssetRipper_generated_CSharp/Assembly-CSharp/Activity/SummerWatermelon_33/SummerWatermelonModel.cs,Activity.SummerWatermelon_33,SummerWatermelonModel,5747,private int _redPointNum; // 0x54
code/AssetRipper_generated_CSharp/Assembly-CSharp/Activity/SummerWatermelon_33/SummerWatermelonModel.cs,Activity.SummerWatermelon_33,SummerWatermelonModel,5747,public static string packageCoolTimeKey; // 0x10
code/AssetRipper_generated_CSharp/Assembly-CSharp/Activity/SummerWatermelon_33/SummerWatermelonModel.cs,Activity.SummerWatermelon_33,SummerWatermelonModel,5747,public static string newpackageCoolTimeKey; // 0x14
code/AssetRipper_generated_CSharp/Assembly-CSharp/SummerWatermelonModel.cs,,SummerWatermelonModel.<>c,5803,public static readonly SummerWatermelonModel.<>c <>9; // 0x0
code/AssetRipper_generated_CSharp/Assembly-CSharp/SummerWatermelonModel.cs,,SummerWatermelonModel.<>c,5803,public static Action <>9__168_0; // 0x4
code/AssetRipper_generated_CSharp/Assembly-CSharp/SummerWatermelonModel.cs,,SummerWatermelonModel.<>c,5803,public static Predicate<SummerWatermelonThirtyPackageConfig> <>9__171_0; // 0x8
code/AssetRipper_generated_CSharp/Assembly-CSharp/SummerWatermelonModel.cs,,SummerWatermelonModel.<>c__DisplayClass142_0,5804,public BattlePassThirty config; // 0x8
code/AssetRipper_generated_CSharp/Assembly-CSharp/SummerWatermelonModel.cs,,SummerWatermelonModel.<>c__DisplayClass170_0,5805,public SummerWatermelonModel <>4__this; // 0x8
code/AssetRipper_generated_CSharp/Assembly-CSharp/SummerWatermelonModel.cs,,SummerWatermelonModel.<>c__DisplayClass170_0,5805,public bool openPopup; // 0xC
code/AssetRipper_generated_CSharp/Assembly-CSharp/SummerWatermelonModel.cs,,SummerWatermelonModel.<>c__DisplayClass170_1,5806,public SummerWatermelonThirtyPackageConfig config; // 0x8
code/AssetRipper_generated_CSharp/Assembly-CSharp/SummerWatermelonModel.cs,,SummerWatermelonModel.<>c__DisplayClass171_0,5807,public int index; // 0x8
code/AssetRipper_generated_CSharp/Assembly-CSharp/SummerWatermelonModel.cs,,SummerWatermelonModel.<>c__DisplayClass171_0,5807,public SummerWatermelonThirtyPackageReward _curGiftBagData; // 0xC
code/AssetRipper_generated_CSharp/Assembly-CSharp/SummerWatermelonModel.cs,,SummerWatermelonModel.<>c__DisplayClass171_0,5807,public SummerWatermelonModel <>4__this; // 0x10
code/AssetRipper_generated_CSharp/Assembly-CSharp/SummerWatermelonModel.cs,,SummerWatermelonModel.<>c__DisplayClass52_0,5808,public int maxNum; // 0x8
code/AssetRipper_generated_CSharp/Assembly-CSharp/SummerWatermelonModel.cs,,SummerWatermelonModel.<>c__DisplayClass52_0,5808,public SummerWatermelonModel <>4__this; // 0xC
code/AssetRipper_generated_CSharp/Assembly-CSharp/SummerWatermelonModel.cs,,SummerWatermelonModel.<>c__DisplayClass52_0,5808,public int rewardNum; // 0x10
code/AssetRipper_generated_CSharp/Assembly-CSharp/SummerWatermelonModel.cs,,SummerWatermelonModel.<>c__DisplayClass52_1,5809,public int currentNum; // 0x8
code/AssetRipper_generated_CSharp/Assembly-CSharp/SummerWatermelonModel.cs,,SummerWatermelonModel.<>c__DisplayClass52_1,5809,public SummerWatermelonModel.<>c__DisplayClass52_0 CS$<>8__locals1; // 0xC
code/AssetRipper_generated_CSharp/Assembly-CSharp/SummerWatermelonModel.cs,,SummerWatermelonModel.<>c__DisplayClass56_0,5810,public Vector3 position; // 0x8
code/AssetRipper_generated_CSharp/Assembly-CSharp/SummerWatermelonModel.cs,,SummerWatermelonModel.<>c__DisplayClass56_0,5810,public Action action; // 0x14
code/AssetRipper_generated_CSharp/Assembly-CSharp/SummerWatermelonModel.cs,,SummerWatermelonModel.<>c__DisplayClass98_0,5811,public SummerWatermelonModel <>4__this; // 0x8
code/AssetRipper_generated_CSharp/Assembly-CSharp/SummerWatermelonModel.cs,,SummerWatermelonModel.<>c__DisplayClass98_0,5811,public TableMergeItem itemConfig; // 0xC
code/AssetRipper_generated_CSharp/Assembly-CSharp/SummerWatermelonModel.cs,,SummerWatermelonModel.<>c__DisplayClass99_0,5812,public List<ResData> rewardsList; // 0x8
code/AssetRipper_generated_CSharp/Assembly-CSharp/SummerWatermelonModel.cs,,SummerWatermelonModel.<>c__DisplayClass99_0,5812,public TaskCompletionSource<bool> taskRewardCollect; // 0xC
code/AssetRipper_generated_CSharp/Assembly-CSharp/SummerWatermelonModel.cs,,SummerWatermelonModel.<OnNewItem>d__98,5813,public int <>1__state; // 0x0
code/AssetRipper_generated_CSharp/Assembly-CSharp/SummerWatermelonModel.cs,,SummerWatermelonModel.<OnNewItem>d__98,5813,public AsyncVoidMethodBuilder <>t__builder; // 0x4
code/AssetRipper_generated_CSharp/Assembly-CSharp/SummerWatermelonModel.cs,,SummerWatermelonModel.<OnNewItem>d__98,5813,public SummerWatermelonModel <>4__this; // 0x14
code/AssetRipper_generated_CSharp/Assembly-CSharp/SummerWatermelonModel.cs,,SummerWatermelonModel.<OnNewItem>d__98,5813,public int id; // 0x18
code/AssetRipper_generated_CSharp/Assembly-CSharp/SummerWatermelonModel.cs,,SummerWatermelonModel.<OnNewItem>d__98,5813,public RefreshItemSource source; // 0x1C
code/AssetRipper_generated_CSharp/Assembly-CSharp/SummerWatermelonModel.cs,,SummerWatermelonModel.<OnNewItem>d__98,5813,public Vector3 startPos; // 0x20
code/AssetRipper_generated_CSharp/Assembly-CSharp/SummerWatermelonModel.cs,,SummerWatermelonModel.<OnNewItem>d__98,5813,private SummerWatermelonModel.<>c__DisplayClass98_0 <>8__1; // 0x2C
code/AssetRipper_generated_CSharp/Assembly-CSharp/SummerWatermelonModel.cs,,SummerWatermelonModel.<OnNewItem>d__98,5813,private TaskAwaiter <>u__1; // 0x30
code/AssetRipper_generated_CSharp/Assembly-CSharp/SummerWatermelonModel.cs,,SummerWatermelonModel.<OnNewItem>d__98,5813,private TaskAwaiter<bool> <>u__2; // 0x34
code/AssetRipper_generated_CSharp/Assembly-CSharp/Activity/SummerWatermelon_30/SummerWatermelonModel.cs,Activity.SummerWatermelon_30,SummerWatermelonModel,5814,public static bool InGuideChain; // 0x0
code/AssetRipper_generated_CSharp/Assembly-CSharp/Activity/SummerWatermelon_30/SummerWatermelonModel.cs,Activity.SummerWatermelon_30,SummerWatermelonModel,5814,public const int BOARD_WIDTH = 5;
code/AssetRipper_generated_CSharp/Assembly-CSharp/Activity/SummerWatermelon_30/SummerWatermelonModel.cs,Activity.SummerWatermelon_30,SummerWatermelonModel,5814,public const int BOARD_HEIGHT = 5;
code/AssetRipper_generated_CSharp/Assembly-CSharp/Activity/SummerWatermelon_30/SummerWatermelonModel.cs,Activity.SummerWatermelon_30,SummerWatermelonModel,5814,public const int BOARD_WIDTH_BIG = 6;
code/AssetRipper_generated_CSharp/Assembly-CSharp/Activity/SummerWatermelon_30/SummerWatermelonModel.cs,Activity.SummerWatermelon_30,SummerWatermelonModel,5814,public const int BOARD_HEIGHT_BIG = 8;
code/AssetRipper_generated_CSharp/Assembly-CSharp/Activity/SummerWatermelon_30/SummerWatermelonModel.cs,Activity.SummerWatermelon_30,SummerWatermelonModel,5814,private static SummerWatermelonModel _instance; // 0x4
code/AssetRipper_generated_CSharp/Assembly-CSharp/Activity/SummerWatermelon_30/SummerWatermelonModel.cs,Activity.SummerWatermelon_30,SummerWatermelonModel,5814,"private Dictionary<int, SummerWatermelonThirtyProductConfig> _summerWatermelonProductConfig; // 0x3C"
code/AssetRipper_generated_CSharp/Assembly-CSharp/Activity/SummerWatermelon_30/SummerWatermelonModel.cs,Activity.SummerWatermelon_30,SummerWatermelonModel,5814,"private Dictionary<int, SummerWatermelonThirtyFirstTimeRewardConfig> _summerWatermelonFirstTimeRewardConfig; // 0x40"
code/AssetRipper_generated_CSharp/Assembly-CSharp/Activity/SummerWatermelon_30/SummerWatermelonModel.cs,Activity.SummerWatermelon_30,SummerWatermelonModel,5814,"private Dictionary<int, SummerWatermelonThirtyMergeRewardConfig> _summerWatermelonMergeRewardConfig; // 0x44"
code/AssetRipper_generated_CSharp/Assembly-CSharp/Activity/SummerWatermelon_30/SummerWatermelonModel.cs,Activity.SummerWatermelon_30,SummerWatermelonModel,5814,"private Dictionary<int, TableMergeItem> _mergeItemDictionary; // 0x48"
code/AssetRipper_generated_CSharp/Assembly-CSharp/Activity/SummerWatermelon_30/SummerWatermelonModel.cs,Activity.SummerWatermelon_30,SummerWatermelonModel,5814,public int UnSetItemsCount; // 0x4C
code/AssetRipper_generated_CSharp/Assembly-CSharp/Activity/SummerWatermelon_30/SummerWatermelonModel.cs,Activity.SummerWatermelon_30,SummerWatermelonModel,5814,public const ulong Offset = 0;
code/AssetRipper_generated_CSharp/Assembly-CSharp/Activity/SummerWatermelon_30/SummerWatermelonModel.cs,Activity.SummerWatermelon_30,SummerWatermelonModel,5814,private bool _isInit; // 0x50
code/AssetRipper_generated_CSharp/Assembly-CSharp/Activity/SummerWatermelon_30/SummerWatermelonModel.cs,Activity.SummerWatermelon_30,SummerWatermelonModel,5814,private static GameObject _flyItemObj; // 0x8
code/AssetRipper_generated_CSharp/Assembly-CSharp/Activity/SummerWatermelon_30/SummerWatermelonModel.cs,Activity.SummerWatermelon_30,SummerWatermelonModel,5814,private bool _lastActivityOpenState; // 0x51
code/AssetRipper_generated_CSharp/Assembly-CSharp/Activity/SummerWatermelon_30/SummerWatermelonModel.cs,Activity.SummerWatermelon_30,SummerWatermelonModel,5814,private bool <ShowIllustratedRedPoint>k__BackingField; // 0x52
code/AssetRipper_generated_CSharp/Assembly-CSharp/Activity/SummerWatermelon_30/SummerWatermelonModel.cs,Activity.SummerWatermelon_30,SummerWatermelonModel,5814,public static string battlePassCoolTimeKey; // 0xC
code/AssetRipper_generated_CSharp/Assembly-CSharp/Activity/SummerWatermelon_30/SummerWatermelonModel.cs,Activity.SummerWatermelon_30,SummerWatermelonModel,5814,private int _redPointNum; // 0x54
code/AssetRipper_generated_CSharp/Assembly-CSharp/Activity/SummerWatermelon_30/SummerWatermelonModel.cs,Activity.SummerWatermelon_30,SummerWatermelonModel,5814,public static string packageCoolTimeKey; // 0x10
code/AssetRipper_generated_CSharp/Assembly-CSharp/Activity/SummerWatermelon_30/SummerWatermelonModel.cs,Activity.SummerWatermelon_30,SummerWatermelonModel,5814,public static string newpackageCoolTimeKey; // 0x14
code/AssetRipper_generated_CSharp/Assembly-CSharp/Activity/MapAdventure_2/MapAdventureModel.cs,Activity.MapAdventure_2,MapAdventureModel,6395,private static MapAdventureModel _instance; // 0x0
code/AssetRipper_generated_CSharp/Assembly-CSharp/Activity/MapAdventure_2/MapAdventureModel.cs,Activity.MapAdventure_2,MapAdventureModel,6395,private bool _loopCreateStorage; // 0x39
code/AssetRipper_generated_CSharp/Assembly-CSharp/Activity/MapAdventure_2/MapAdventureModel.cs,Activity.MapAdventure_2,MapAdventureModel,6395,private bool _lastActivityOpenState; // 0x3A
code/AssetRipper_generated_CSharp/Assembly-CSharp/Activity/MapAdventure_2/MapAdventureModel.cs,Activity.MapAdventure_2,MapAdventureModel,6395,private bool _pendingShowEndPopup; // 0x3B
code/AssetRipper_generated_CSharp/Assembly-CSharp/Activity/MapAdventure_2/MapAdventureModel.cs,Activity.MapAdventure_2,MapAdventureModel,6395,private StatusType _lastSceneName; // 0x3C
code/AssetRipper_generated_CSharp/Assembly-CSharp/Activity/MapAdventure_2/MapAdventureModel.cs,Activity.MapAdventure_2,MapAdventureModel,6395,"private const string BattlePassPopupCoolTimeKey = ""MapAdventureTwoBattlePassPopupDaily"";"
code/AssetRipper_generated_CSharp/Assembly-CSharp/Activity/MapAdventure_2/MapAdventureModel.cs,Activity.MapAdventure_2,MapAdventureModel,6395,private int _redPointNum; // 0x40
code/AssetRipper_generated_CSharp/Assembly-CSharp/Activity/MapAdventure_2/MapAdventureModel.cs,Activity.MapAdventure_2,MapAdventureModel,6395,private const MergeBoardEnum BoardId = 89;
code/AssetRipper_generated_CSharp/Assembly-CSharp/Activity/MapAdventure_2/MapAdventureModel.cs,Activity.MapAdventure_2,MapAdventureModel,6395,"private Dictionary<int, TableMergeItem> _mergeItemDictionary; // 0x44"
code/AssetRipper_generated_CSharp/Assembly-CSharp/Activity/MapAdventure_2/MapAdventureModel.cs,Activity.MapAdventure_2,MapAdventureModel,6395,private const int StartShownFlag = 1;
code/AssetRipper_generated_CSharp/Assembly-CSharp/Activity/MapAdventure_2/MapAdventureModel.cs,Activity.MapAdventure_2,MapAdventureModel,6395,"private const string TaskPopupCoolTimeKey = ""MapAdventureTwoTaskPopupDaily"";"
code/AssetRipper_generated_CSharp/Assembly-CSharp/Activity/MapAdventure_2/MapAdventureModel.cs,Activity.MapAdventure_2,MapAdventureModel,6395,"private const string PackagePopupCoolTimeKey = ""MapAdventureTwoPackagePopupDaily"";"
code/AssetRipper_generated_CSharp/Assembly-CSharp/Activity/MapAdventure_2/MapAdventureModel.cs,Activity.MapAdventure_2,MapAdventureModel,6395,public int UnSetItemsCount; // 0x48
code/AssetRipper_generated_CSharp/Assembly-CSharp/Activity/MapAdventure_2/MapAdventureModel.cs,Activity.MapAdventure_2,MapAdventureModel,6395,private bool <ShowIllustratedRedPoint>k__BackingField; // 0x4C
code/AssetRipper_generated_CSharp/Assembly-CSharp/Activity/MapAdventure_2/MapAdventureModel.cs,Activity.MapAdventure_2,MapAdventureModel,6395,private const int OneAndOneGiftType = 1;
code/AssetRipper_generated_CSharp/Assembly-CSharp/Activity/MapAdventure_2/MapAdventureModel.cs,Activity.MapAdventure_2,MapAdventureModel,6395,private const int FourGiftType = 2;
code/AssetRipper_generated_CSharp/Assembly-CSharp/Activity/MapAdventure_2/MapAdventureModel.cs,Activity.MapAdventure_2,MapAdventureModel,6395,"private const string NewPackagePopupCoolTimeKey = ""MapAdventureTwoNewPackagePopupDaily"";"
code/AssetRipper_generated_CSharp/Assembly-CSharp/Activity/MapAdventure_1/MapAdventureModel.cs,Activity.MapAdventure_1,MapAdventureModel,6487,private static MapAdventureModel _instance; // 0x0
code/AssetRipper_generated_CSharp/Assembly-CSharp/Activity/MapAdventure_1/MapAdventureModel.cs,Activity.MapAdventure_1,MapAdventureModel,6487,private bool _loopCreateStorage; // 0x39
code/AssetRipper_generated_CSharp/Assembly-CSharp/Activity/MapAdventure_1/MapAdventureModel.cs,Activity.MapAdventure_1,MapAdventureModel,6487,private bool _lastActivityOpenState; // 0x3A
code/AssetRipper_generated_CSharp/Assembly-CSharp/Activity/MapAdventure_1/MapAdventureModel.cs,Activity.MapAdventure_1,MapAdventureModel,6487,private bool _pendingShowEndPopup; // 0x3B
code/AssetRipper_generated_CSharp/Assembly-CSharp/Activity/MapAdventure_1/MapAdventureModel.cs,Activity.MapAdventure_1,MapAdventureModel,6487,private StatusType _lastSceneName; // 0x3C
code/AssetRipper_generated_CSharp/Assembly-CSharp/Activity/MapAdventure_1/MapAdventureModel.cs,Activity.MapAdventure_1,MapAdventureModel,6487,private const MergeBoardEnum BoardId = 59;
code/AssetRipper_generated_CSharp/Assembly-CSharp/Activity/MapAdventure_1/MapAdventureModel.cs,Activity.MapAdventure_1,MapAdventureModel,6487,"private Dictionary<int, TableMergeItem> _mergeItemDictionary; // 0x40"
code/AssetRipper_generated_CSharp/Assembly-CSharp/Activity/MapAdventure_1/MapAdventureModel.cs,Activity.MapAdventure_1,MapAdventureModel,6487,private const int StartShownFlag = 1;
code/AssetRipper_generated_CSharp/Assembly-CSharp/Activity/MapAdventure_1/MapAdventureModel.cs,Activity.MapAdventure_1,MapAdventureModel,6487,"private const string TaskPopupCoolTimeKey = ""MapAdventureOneTaskPopupDaily"";"
code/AssetRipper_generated_CSharp/Assembly-CSharp/Activity/MapAdventure_1/MapAdventureModel.cs,Activity.MapAdventure_1,MapAdventureModel,6487,"private const string PackagePopupCoolTimeKey = ""MapAdventureOnePackagePopupDaily"";"
code/AssetRipper_generated_CSharp/Assembly-CSharp/Activity/MapAdventure_1/MapAdventureModel.cs,Activity.MapAdventure_1,MapAdventureModel,6487,public int UnSetItemsCount; // 0x44
code/AssetRipper_generated_CSharp/Assembly-CSharp/Activity/MapAdventure_1/MapAdventureModel.cs,Activity.MapAdventure_1,MapAdventureModel,6487,private bool <ShowIllustratedRedPoint>k__BackingField; // 0x48
code/AssetRipper_generated_CSharp/Assembly-CSharp/Activity/MapAdventure_1/MapAdventureModel.cs,Activity.MapAdventure_1,MapAdventureModel,6487,private const int OneAndOneGiftType = 1;
code/AssetRipper_generated_CSharp/Assembly-CSharp/Activity/LuckyGoldenPearls/LuckyGoldenPearlsModel.cs,Activity.LuckyGoldenPearls,LuckyGoldenPearlsModel,6589,private static LuckyGoldenPearlsModel _instance; // 0x0
code/AssetRipper_generated_CSharp/Assembly-CSharp/Activity/LuckyGoldenPearls/LuckyGoldenPearlsModel.cs,Activity.LuckyGoldenPearls,LuckyGoldenPearlsModel,6589,public bool CanBreak; // 0x39
code/AssetRipper_generated_CSharp/Assembly-CSharp/Activity/LuckyGoldenPearls/LuckyGoldenPearlsModel.cs,Activity.LuckyGoldenPearls,LuckyGoldenPearlsModel,6589,private static GameObject _flyItemObj; // 0x4
code/AssetRipper_generated_CSharp/Assembly-CSharp/Activity/LuckyGoldenPearls/LuckyGoldenPearlsModel.cs,Activity.LuckyGoldenPearls,LuckyGoldenPearlsModel,6589,private static string coolTimeKey; // 0x8
code/AssetRipper_generated_CSharp/Assembly-CSharp/Activity/LuckyGoldenPearls/LuckyGoldenPearlsModel.cs,Activity.LuckyGoldenPearls,LuckyGoldenPearlsModel,6589,private static string coolTimeKey_Preheating; // 0xC
code/AssetRipper_generated_CSharp/Assembly-CSharp/Activity/LuckyGoldenEgg/LuckyGoldenEggModel.cs,Activity.LuckyGoldenEgg,LuckyGoldenEggModel,6618,private static LuckyGoldenEggModel _instance; // 0x0
code/AssetRipper_generated_CSharp/Assembly-CSharp/Activity/LuckyGoldenEgg/LuckyGoldenEggModel.cs,Activity.LuckyGoldenEgg,LuckyGoldenEggModel,6618,public bool CanBreak; // 0x39
code/AssetRipper_generated_CSharp/Assembly-CSharp/Activity/LuckyGoldenEgg/LuckyGoldenEggModel.cs,Activity.LuckyGoldenEgg,LuckyGoldenEggModel,6618,private static GameObject _flyItemObj; // 0x4
code/AssetRipper_generated_CSharp/Assembly-CSharp/Activity/LuckyGoldenEgg/LuckyGoldenEggModel.cs,Activity.LuckyGoldenEgg,LuckyGoldenEggModel,6618,private static string coolTimeKey; // 0x8
code/AssetRipper_generated_CSharp/Assembly-CSharp/Activity/LuckyGoldenEgg/LuckyGoldenEggModel.cs,Activity.LuckyGoldenEgg,LuckyGoldenEggModel,6618,private static string coolTimeKey_Preheating; // 0xC
code/AssetRipper_generated_CSharp/Assembly-CSharp/Activity/GardenTreasure/Model/GardenTreasureModel.cs,Activity.GardenTreasure.Model,GardenTreasureModel,6736,private static GardenTreasureModel _instance; // 0x0
code/AssetRipper_generated_CSharp/Assembly-CSharp/Activity/GardenTreasure/Model/GardenTreasureModel.cs,Activity.GardenTreasure.Model,GardenTreasureModel,6736,private static GameObject _flyItemObj; // 0x4
code/AssetRipper_generated_CSharp/Assembly-CSharp/Activity/GardenTreasure/Model/GardenTreasureModel.cs,Activity.GardenTreasure.Model,GardenTreasureModel,6736,private static string coolTimeKey; // 0x8
code/AssetRipper_generated_CSharp/Assembly-CSharp/Activity/EnergyMergeStage/Model/EnergyMergeStageModel.cs,Activity.EnergyMergeStage.Model,EnergyMergeStageModel,6867,private const int TOTAL_PERSON_COUNT = 57;
code/AssetRipper_generated_CSharp/Assembly-CSharp/Activity/EnergyMergeStage/Model/EnergyMergeStageModel.cs,Activity.EnergyMergeStage.Model,EnergyMergeStageModel,6867,private const int MaxRoundCount = 4;
code/AssetRipper_generated_CSharp/Assembly-CSharp/Activity/EnergyMergeStage/Model/EnergyMergeStageModel.cs,Activity.EnergyMergeStage.Model,EnergyMergeStageModel,6867,private const int NodesPerRound = 7;
code/AssetRipper_generated_CSharp/Assembly-CSharp/Activity/EnergyMergeStage/Model/EnergyMergeStageModel.cs,Activity.EnergyMergeStage.Model,EnergyMergeStageModel,6867,private static EnergyMergeStageModel _instance; // 0x0
code/AssetRipper_generated_CSharp/Assembly-CSharp/Activity/EnergyMergeStage/Model/EnergyMergeStageModel.cs,Activity.EnergyMergeStage.Model,EnergyMergeStageModel,6867,private EnergyMSRoundReward _currentRoundReward; // 0x3C
code/AssetRipper_generated_CSharp/Assembly-CSharp/Activity/EnergyMergeStage/Model/EnergyMergeStageModel.cs,Activity.EnergyMergeStage.Model,EnergyMergeStageModel,6867,private List<EnergyMSReward> _currentGroupRewards; // 0x40
code/AssetRipper_generated_CSharp/Assembly-CSharp/Activity/EnergyMergeStage/Model/EnergyMergeStageModel.cs,Activity.EnergyMergeStage.Model,EnergyMergeStageModel,6867,private EnergyMSReward _currentReward; // 0x44
code/AssetRipper_generated_CSharp/Assembly-CSharp/Activity/EnergyMergeStage/Model/EnergyMergeStageModel.cs,Activity.EnergyMergeStage.Model,EnergyMergeStageModel,6867,private readonly List<int> _seatNums; // 0x48
code/AssetRipper_generated_CSharp/Assembly-CSharp/Activity/EnergyMergeStage/Model/EnergyMergeStageModel.cs,Activity.EnergyMergeStage.Model,EnergyMergeStageModel,6867,private readonly string _coolTimeKey; // 0x4C
code/AssetRipper_generated_CSharp/Assembly-CSharp/Activity/EnergyMergeStage/Model/EnergyMergeStageModel.cs,Activity.EnergyMergeStage.Model,EnergyMergeStageModel,6867,private bool _playMainIntroAfterRoundPopupJoin; // 0x50
code/AssetRipper_generated_CSharp/Assembly-CSharp/Activity/EnergyMergeStage/Model/EnergyMergeStageModel.cs,Activity.EnergyMergeStage.Model,EnergyMergeStageModel,6867,private bool _isFlyCollection; // 0x51
code/AssetRipper_generated_CSharp/Assembly-CSharp/Activity/ComboPlay/Model/ComboPlayModel.cs,Activity.ComboPlay.Model,ComboPlayModel,6970,private static ComboPlayModel _instance; // 0x0
code/AssetRipper_generated_CSharp/Assembly-CSharp/Activity/ComboPlay/Model/ComboPlayModel.cs,Activity.ComboPlay.Model,ComboPlayModel,6970,private List<ComboPlayStage> _curGroupList; // 0x3C
code/AssetRipper_generated_CSharp/Assembly-CSharp/Activity/ComboPlay/Model/ComboPlayModel.cs,Activity.ComboPlay.Model,ComboPlayModel,6970,private ComboPlayStage _curStageConfig; // 0x40
code/AssetRipper_generated_CSharp/Assembly-CSharp/Activity/ComboPlay/Model/ComboPlayModel.cs,Activity.ComboPlay.Model,ComboPlayModel,6970,private bool _lastDoubleState; // 0x44
code/AssetRipper_generated_CSharp/Assembly-CSharp/Activity/ComboPlay/Model/ComboPlayModel.cs,Activity.ComboPlay.Model,ComboPlayModel,6970,private static GameObject _flyItemObj; // 0x4
code/AssetRipper_generated_CSharp/Assembly-CSharp/Activity/ComboPlay/Model/ComboPlayModel.cs,Activity.ComboPlay.Model,ComboPlayModel,6970,private bool _isFlyCollection; // 0x45
code/AssetRipper_generated_CSharp/Assembly-CSharp/Activity/ComboPlay/Model/ComboPlayModel.cs,Activity.ComboPlay.Model,ComboPlayModel,6970,private int _flyId; // 0x48
code/AssetRipper_generated_CSharp/Assembly-CSharp/Activity/ComboCriticalHit/ComboCriticalHitModel.cs,Activity.ComboCriticalHit,ComboCriticalHitModel,6982,private static ComboCriticalHitModel _instance; // 0x0
code/AssetRipper_generated_CSharp/Assembly-CSharp/Activity/ComboCriticalHit/ComboCriticalHitModel.cs,Activity.ComboCriticalHit,ComboCriticalHitModel,6982,private List<ComboCriticalHitStage> _curGroupList; // 0x3C
code/AssetRipper_generated_CSharp/Assembly-CSharp/Activity/ComboCriticalHit/ComboCriticalHitModel.cs,Activity.ComboCriticalHit,ComboCriticalHitModel,6982,private bool _lastDoubleState; // 0x40
code/AssetRipper_generated_CSharp/Assembly-CSharp/Activity/ComboCriticalHit/ComboCriticalHitModel.cs,Activity.ComboCriticalHit,ComboCriticalHitModel,6982,public string CriticalHitMark; // 0x44
code/AssetRipper_generated_CSharp/Assembly-CSharp/Activity/ComboCriticalHit/ComboCriticalHitModel.cs,Activity.ComboCriticalHit,ComboCriticalHitModel,6982,private static GameObject _flyItemObj; // 0x4
code/AssetRipper_generated_CSharp/Assembly-CSharp/Activity/ComboCriticalHit/ComboCriticalHitModel.cs,Activity.ComboCriticalHit,ComboCriticalHitModel,6982,private bool _isFlyCollection; // 0x48
code/AssetRipper_generated_CSharp/Assembly-CSharp/Activity/ComboCriticalHit/ComboCriticalHitModel.cs,Activity.ComboCriticalHit,ComboCriticalHitModel,6982,private int _flyId; // 0x4C
code/AssetRipper_generated_CSharp/Assembly-CSharp/Activity/ComboCriticalHit/ComboCriticalHitModel.cs,Activity.ComboCriticalHit,ComboCriticalHitModel,6982,private List<ComboCriticalHitStage> _normalRewardList; // 0x50
code/AssetRipper_generated_CSharp/Assembly-CSharp/Activity/ComboCriticalHit/ComboCriticalHitModel.cs,Activity.ComboCriticalHit,ComboCriticalHitModel,6982,private ComboCriticalHitStage _endReward; // 0x54
code/AssetRipper_generated_CSharp/Assembly-CSharp/Activity/Candy/CandyModel.cs,Activity.Candy,CandyModel,7154,private static CandyModel _instance; // 0x0
code/AssetRipper_generated_CSharp/Assembly-CSharp/Activity/Candy/CandyModel.cs,Activity.Candy,CandyModel,7154,private static GameObject _flyItemObj; // 0x4
code/AssetRipper_generated_CSharp/Assembly-CSharp/Activity/Candy/CandyModel.cs,Activity.Candy,CandyModel,7154,private int _createPrice; // 0x3C
code/AssetRipper_generated_CSharp/Assembly-CSharp/Activity/Candy/CandyModel.cs,Activity.Candy,CandyModel,7154,private int _consumeNum; // 0x40
code/AssetRipper_generated_CSharp/Assembly-CSharp/Activity/Candy/CandyModel.cs,Activity.Candy,CandyModel,7154,private List<CandyRandomGroupConfig> _candyRandomGroupConfigList; // 0x44
code/AssetRipper_generated_CSharp/Assembly-CSharp/Activity/Candy/CandyModel.cs,Activity.Candy,CandyModel,7154,"private const string _coolTimeKey = ""candyCoolTime"";"
code/AssetRipper_generated_CSharp/Assembly-CSharp/DragonPlus/Config/EnergyMergeStage/EnergyMergeStageConfigManager.cs,DragonPlus.Config.EnergyMergeStage,EnergyMergeStageConfigManager,8668,public bool ConfigFromRemote; // 0x10
code/AssetRipper_generated_CSharp/Assembly-CSharp/DragonPlus/Config/EnergyMergeStage/EnergyMergeStageConfigManager.cs,DragonPlus.Config.EnergyMergeStage,EnergyMergeStageConfigManager,8668,public List<EnergyMSConfig> EnergyMSConfigList; // 0x14
code/AssetRipper_generated_CSharp/Assembly-CSharp/DragonPlus/Config/EnergyMergeStage/EnergyMergeStageConfigManager.cs,DragonPlus.Config.EnergyMergeStage,EnergyMergeStageConfigManager,8668,public List<EnergyMSRoundReward> EnergyMSRoundRewardList; // 0x18
code/AssetRipper_generated_CSharp/Assembly-CSharp/DragonPlus/Config/EnergyMergeStage/EnergyMergeStageConfigManager.cs,DragonPlus.Config.EnergyMergeStage,EnergyMergeStageConfigManager,8668,public List<EnergyMSReward> EnergyMSRewardList; // 0x1C
code/AssetRipper_generated_CSharp/Assembly-CSharp/DragonPlus/Config/EnergyMergeStage/EnergyMergeStageConfigManager.cs,DragonPlus.Config.EnergyMergeStage,EnergyMergeStageConfigManager,8668,public List<EnergyMSRobot> EnergyMSRobotList; // 0x20
code/AssetRipper_generated_CSharp/Assembly-CSharp/DragonPlus/Config/EnergyMergeStage/EnergyMergeStageConfigManager.cs,DragonPlus.Config.EnergyMergeStage,EnergyMergeStageConfigManager,8668,public List<EnergyMSScore> EnergyMSScoreList; // 0x24
code/AssetRipper_generated_CSharp/Assembly-CSharp/DragonPlus/Config/EnergyMergeStage/EnergyMergeStageConfigManager.cs,DragonPlus.Config.EnergyMergeStage,EnergyMergeStageConfigManager,8668,public List<EnergyMSOrder> EnergyMSOrderList; // 0x28
code/AssetRipper_generated_CSharp/Assembly-CSharp/DragonPlus/Config/EnergyMergeStage/EnergyMergeStageConfigManager.cs,DragonPlus.Config.EnergyMergeStage,EnergyMergeStageConfigManager,8668,public List<EnergyMSItem> EnergyMSItemList; // 0x2C
code/AssetRipper_generated_CSharp/Assembly-CSharp/DragonPlus/Config/EnergyMergeStage/EnergyMergeStageConfigManager.cs,DragonPlus.Config.EnergyMergeStage,EnergyMergeStageConfigManager,8668,"private readonly Dictionary<Type, string> typeToEnum; // 0x30"
code/AssetRipper_generated_CSharp/Assembly-CSharp/DragonU3DSDK/Storage/StorageDictionary.cs,DragonU3DSDK.Storage,"StorageDictionary<TKey, TValue>",10853,private bool <SyncForce>k__BackingField; // 0x0
code/AssetRipper_generated_CSharp/Assembly-CSharp/DragonU3DSDK/Storage/StorageDictionary.cs,DragonU3DSDK.Storage,"StorageDictionary<TKey, TValue>",10853,private bool <SyncForceRemote>k__BackingField; // 0x0
code/AssetRipper_generated_CSharp/Assembly-CSharp/DragonU3DSDK/Storage/StorageList.cs,DragonU3DSDK.Storage,StorageList<TValue>,10854,private bool <SyncForce>k__BackingField; // 0x0
code/AssetRipper_generated_CSharp/Assembly-CSharp/DragonU3DSDK/Storage/StorageList.cs,DragonU3DSDK.Storage,StorageList<TValue>,10854,private bool <SyncForceRemote>k__BackingField; // 0x0
code/AssetRipper_generated_CSharp/Assembly-CSharp/DragonU3DSDK/Storage/StorageButterflyWorkShop.cs,DragonU3DSDK.Storage,StorageButterflyWorkShop,10887,private bool isStart; // 0x8
code/AssetRipper_generated_CSharp/Assembly-CSharp/DragonU3DSDK/Storage/StorageButterflyWorkShop.cs,DragonU3DSDK.Storage,StorageButterflyWorkShop,10887,"private StorageDictionary<int, int> collectRewards; // 0xC"
code/AssetRipper_generated_CSharp/Assembly-CSharp/DragonU3DSDK/Storage/StorageButterflyWorkShop.cs,DragonU3DSDK.Storage,StorageButterflyWorkShop,10887,private StorageList<int> unSetItems; // 0x10
code/AssetRipper_generated_CSharp/Assembly-CSharp/DragonU3DSDK/Storage/StorageButterflyWorkShop.cs,DragonU3DSDK.Storage,StorageButterflyWorkShop,10887,private long startActivityTime; // 0x18
code/AssetRipper_generated_CSharp/Assembly-CSharp/DragonU3DSDK/Storage/StorageButterflyWorkShop.cs,DragonU3DSDK.Storage,StorageButterflyWorkShop,10887,private long activityEndTime; // 0x20
code/AssetRipper_generated_CSharp/Assembly-CSharp/DragonU3DSDK/Storage/StorageButterflyWorkShop.cs,DragonU3DSDK.Storage,StorageButterflyWorkShop,10887,private int dayProductCount; // 0x28
code/AssetRipper_generated_CSharp/Assembly-CSharp/DragonU3DSDK/Storage/StorageButterflyWorkShop.cs,DragonU3DSDK.Storage,StorageButterflyWorkShop,10887,private int dayId; // 0x2C
code/AssetRipper_generated_CSharp/Assembly-CSharp/DragonU3DSDK/Storage/StorageButterflyWorkShop.cs,DragonU3DSDK.Storage,StorageButterflyWorkShop,10887,private int maxUnlockLevel; // 0x30
code/AssetRipper_generated_CSharp/Assembly-CSharp/DragonU3DSDK/Storage/StorageButterflyWorkShop.cs,DragonU3DSDK.Storage,StorageButterflyWorkShop,10887,private int level; // 0x34
code/AssetRipper_generated_CSharp/Assembly-CSharp/DragonU3DSDK/Storage/StorageButterflyWorkShop.cs,DragonU3DSDK.Storage,StorageButterflyWorkShop,10887,private StorageList<int> claimedItem; // 0x38
code/AssetRipper_generated_CSharp/Assembly-CSharp/DragonU3DSDK/Storage/StorageButterflyWorkShop.cs,DragonU3DSDK.Storage,StorageButterflyWorkShop,10887,private int randomLine; // 0x3C
code/AssetRipper_generated_CSharp/Assembly-CSharp/DragonU3DSDK/Storage/StorageButterflyWorkShop.cs,DragonU3DSDK.Storage,StorageButterflyWorkShop,10887,private int stage; // 0x40
code/AssetRipper_generated_CSharp/Assembly-CSharp/DragonU3DSDK/Storage/StorageButterflyWorkShop.cs,DragonU3DSDK.Storage,StorageButterflyWorkShop,10887,private int stageStore; // 0x44
code/AssetRipper_generated_CSharp/Assembly-CSharp/DragonU3DSDK/Storage/StorageMapAdventureOne.cs,DragonU3DSDK.Storage,StorageMapAdventureOne,10958,private long startTime; // 0x8
code/AssetRipper_generated_CSharp/Assembly-CSharp/DragonU3DSDK/Storage/StorageMapAdventureOne.cs,DragonU3DSDK.Storage,StorageMapAdventureOne,10958,private long finishTime; // 0x10
code/AssetRipper_generated_CSharp/Assembly-CSharp/DragonU3DSDK/Storage/StorageMapAdventureOne.cs,DragonU3DSDK.Storage,StorageMapAdventureOne,10958,private StorageMapAdventureOneMerge merge; // 0x18
code/AssetRipper_generated_CSharp/Assembly-CSharp/DragonU3DSDK/Storage/StorageMapAdventureOne.cs,DragonU3DSDK.Storage,StorageMapAdventureOne,10958,private StorageMapAdventureOneExplore explore; // 0x1C
code/AssetRipper_generated_CSharp/Assembly-CSharp/DragonU3DSDK/Storage/StorageMapAdventureOne.cs,DragonU3DSDK.Storage,StorageMapAdventureOne,10958,private StorageList<StorageMapAdventureOneAchieve> achieve; // 0x20
code/AssetRipper_generated_CSharp/Assembly-CSharp/DragonU3DSDK/Storage/StorageMapAdventureOne.cs,DragonU3DSDK.Storage,StorageMapAdventureOne,10958,private bool isGetEndReward; // 0x24
code/AssetRipper_generated_CSharp/Assembly-CSharp/DragonU3DSDK/Storage/StorageMapAdventureOne.cs,DragonU3DSDK.Storage,StorageMapAdventureOne,10958,private int energyNum; // 0x28
code/AssetRipper_generated_CSharp/Assembly-CSharp/DragonU3DSDK/Storage/StorageMapAdventureOne.cs,DragonU3DSDK.Storage,StorageMapAdventureOne,10958,private bool isStart; // 0x2C
code/AssetRipper_generated_CSharp/Assembly-CSharp/DragonU3DSDK/Storage/StorageMapAdventureOne.cs,DragonU3DSDK.Storage,StorageMapAdventureOne,10958,private bool isGetTaskEndReward; // 0x2D
code/AssetRipper_generated_CSharp/Assembly-CSharp/DragonU3DSDK/Storage/StorageMapAdventureOneMerge.cs,DragonU3DSDK.Storage,StorageMapAdventureOneMerge,10961,private int maxUnlockLevel; // 0x8
code/AssetRipper_generated_CSharp/Assembly-CSharp/DragonU3DSDK/Storage/StorageMapAdventureOneMerge.cs,DragonU3DSDK.Storage,StorageMapAdventureOneMerge,10961,private StorageList<int> unSetRewards; // 0xC
code/AssetRipper_generated_CSharp/Assembly-CSharp/DragonU3DSDK/Storage/StorageMapAdventureOneMerge.cs,DragonU3DSDK.Storage,StorageMapAdventureOneMerge,10961,"private StorageDictionary<int, int> unCollectRewards; // 0x10"
code/AssetRipper_generated_CSharp/Assembly-CSharp/DragonU3DSDK/Storage/StorageMapAdventureOneMerge.cs,DragonU3DSDK.Storage,StorageMapAdventureOneMerge,10961,private StorageList<int> unSetItems; // 0x14
code/AssetRipper_generated_CSharp/Assembly-CSharp/DragonU3DSDK/Storage/StorageMapAdventureOneMerge.cs,DragonU3DSDK.Storage,StorageMapAdventureOneMerge,10961,"private StorageDictionary<int, int> buyPackageShopIdDictionary; // 0x18"
code/AssetRipper_generated_CSharp/Assembly-CSharp/DragonU3DSDK/Storage/StorageMapAdventureOneMerge.cs,DragonU3DSDK.Storage,StorageMapAdventureOneMerge,10961,private int dayProductCount; // 0x1C
code/AssetRipper_generated_CSharp/Assembly-CSharp/DragonU3DSDK/Storage/StorageMapAdventureOneMerge.cs,DragonU3DSDK.Storage,StorageMapAdventureOneMerge,10961,private int dayId; // 0x20
code/AssetRipper_generated_CSharp/Assembly-CSharp/DragonU3DSDK/Storage/StorageMapAdventureOneMerge.cs,DragonU3DSDK.Storage,StorageMapAdventureOneMerge,10961,"private StorageDictionary<int, bool> packageEnableStateDictionary; // 0x24"
code/AssetRipper_generated_CSharp/Assembly-CSharp/DragonU3DSDK/Storage/StorageMapAdventureOneMerge.cs,DragonU3DSDK.Storage,StorageMapAdventureOneMerge,10961,private bool isShowEnd; // 0x28
code/AssetRipper_generated_CSharp/Assembly-CSharp/DragonU3DSDK/Storage/StorageMapAdventureOneMerge.cs,DragonU3DSDK.Storage,StorageMapAdventureOneMerge,10961,"private StorageDictionary<int, bool> claimedFirstRwards; // 0x2C"
code/AssetRipper_generated_CSharp/Assembly-CSharp/DragonU3DSDK/Storage/StorageMapAdventureOneMerge.cs,DragonU3DSDK.Storage,StorageMapAdventureOneMerge,10961,private StorageList<int> mergeItems; // 0x30
code/AssetRipper_generated_CSharp/Assembly-CSharp/DragonU3DSDK/Storage/StorageMapAdventureOneMerge.cs,DragonU3DSDK.Storage,StorageMapAdventureOneMerge,10961,private long giftBuyTime; // 0x38
code/AssetRipper_generated_CSharp/Assembly-CSharp/DragonU3DSDK/Storage/StorageMapAdventureOneMerge.cs,DragonU3DSDK.Storage,StorageMapAdventureOneMerge,10961,private int giftBuyNum; // 0x40
code/AssetRipper_generated_CSharp/Assembly-CSharp/DragonU3DSDK/Storage/StorageMapAdventureOneMerge.cs,DragonU3DSDK.Storage,StorageMapAdventureOneMerge,10961,private int oneByOneIndex; // 0x44
code/AssetRipper_generated_CSharp/Assembly-CSharp/DragonU3DSDK/Storage/StorageMapAdventureOneMerge.cs,DragonU3DSDK.Storage,StorageMapAdventureOneMerge,10961,private StorageList<int> noRecycleItems; // 0x48
code/AssetRipper_generated_CSharp/Assembly-CSharp/DragonU3DSDK/Storage/StorageMapAdventureOneMerge.cs,DragonU3DSDK.Storage,StorageMapAdventureOneMerge,10961,private int biMaxMergeItemLevel; // 0x4C
code/AssetRipper_generated_CSharp/Assembly-CSharp/DragonU3DSDK/Storage/StorageMapAdventureOneMerge.cs,DragonU3DSDK.Storage,StorageMapAdventureOneMerge,10961,private int moveStep; // 0x50
code/AssetRipper_generated_CSharp/Assembly-CSharp/DragonU3DSDK/Storage/StorageMapAdventureOneMerge.cs,DragonU3DSDK.Storage,StorageMapAdventureOneMerge,10961,private bool isClearBoard; // 0x54
code/AssetRipper_generated_CSharp/Assembly-CSharp/DragonU3DSDK/Storage/StorageMapAdventureOneMerge.cs,DragonU3DSDK.Storage,StorageMapAdventureOneMerge,10961,private long refreshNextTime; // 0x58
code/AssetRipper_generated_CSharp/Assembly-CSharp/DragonU3DSDK/Storage/StorageMapAdventureOneMerge.cs,DragonU3DSDK.Storage,StorageMapAdventureOneMerge,10961,private StorageSummerWatermelonFifteenBattlePass battlePass; // 0x60
code/AssetRipper_generated_CSharp/Assembly-CSharp/DragonU3DSDK/Storage/StorageMapAdventureOneMerge.cs,DragonU3DSDK.Storage,StorageMapAdventureOneMerge,10961,private StorageSummerWatermelonNewGfit newGift; // 0x64
code/AssetRipper_generated_CSharp/Assembly-CSharp/DragonU3DSDK/Storage/StorageNewbieRoom.cs,DragonU3DSDK.Storage,StorageNewbieRoom,10967,private int roomId; // 0x8
code/AssetRipper_generated_CSharp/Assembly-CSharp/DragonU3DSDK/Storage/StorageNewbieRoom.cs,DragonU3DSDK.Storage,StorageNewbieRoom,10967,private StorageList<int> nodesData; // 0xC
code/AssetRipper_generated_CSharp/Assembly-CSharp/DragonU3DSDK/Storage/StorageNewbieRoom.cs,DragonU3DSDK.Storage,StorageNewbieRoom,10967,private long startTime; // 0x10
code/AssetRipper_generated_CSharp/Assembly-CSharp/DragonU3DSDK/Storage/StorageNewbieRoom.cs,DragonU3DSDK.Storage,StorageNewbieRoom,10967,private long endTime; // 0x18
code/AssetRipper_generated_CSharp/Assembly-CSharp/DragonU3DSDK/Storage/StorageNewbieRoom.cs,DragonU3DSDK.Storage,StorageNewbieRoom,10967,private StorageList<int> boxData; // 0x20
code/AssetRipper_generated_CSharp/Assembly-CSharp/DragonU3DSDK/Storage/StorageNewbieRoom.cs,DragonU3DSDK.Storage,StorageNewbieRoom,10967,private int knifeCount; // 0x24
code/AssetRipper_generated_CSharp/Assembly-CSharp/DragonU3DSDK/Storage/StorageNewbieRoom.cs,DragonU3DSDK.Storage,StorageNewbieRoom,10967,private StorageList<int> unSetItems; // 0x28
code/AssetRipper_generated_CSharp/Assembly-CSharp/DragonU3DSDK/Storage/StorageNewbieRoom.cs,DragonU3DSDK.Storage,StorageNewbieRoom,10967,private int openBox; // 0x2C
code/AssetRipper_generated_CSharp/Assembly-CSharp/DragonU3DSDK/Storage/StorageNewbieRoom.cs,DragonU3DSDK.Storage,StorageNewbieRoom,10967,private bool isShowStart; // 0x30
code/AssetRipper_generated_CSharp/Assembly-CSharp/DragonU3DSDK/Storage/StorageNewbieRoom.cs,DragonU3DSDK.Storage,StorageNewbieRoom,10967,private int taskIndex; // 0x34
code/AssetRipper_generated_CSharp/Assembly-CSharp/DragonU3DSDK/Storage/StorageNewbieRoom.cs,DragonU3DSDK.Storage,StorageNewbieRoom,10967,private int exp; // 0x38
code/AssetRipper_generated_CSharp/Assembly-CSharp/DragonU3DSDK/Storage/StorageSummerWatermelon.cs,DragonU3DSDK.Storage,StorageSummerWatermelon,10998,private bool isStart; // 0x8
code/AssetRipper_generated_CSharp/Assembly-CSharp/DragonU3DSDK/Storage/StorageSummerWatermelon.cs,DragonU3DSDK.Storage,StorageSummerWatermelon,10998,private int maxUnlockLevel; // 0xC
code/AssetRipper_generated_CSharp/Assembly-CSharp/DragonU3DSDK/Storage/StorageSummerWatermelon.cs,DragonU3DSDK.Storage,StorageSummerWatermelon,10998,private StorageList<int> unSetRewards; // 0x10
code/AssetRipper_generated_CSharp/Assembly-CSharp/DragonU3DSDK/Storage/StorageSummerWatermelon.cs,DragonU3DSDK.Storage,StorageSummerWatermelon,10998,"private StorageDictionary<int, int> unCollectRewards; // 0x14"
code/AssetRipper_generated_CSharp/Assembly-CSharp/DragonU3DSDK/Storage/StorageSummerWatermelon.cs,DragonU3DSDK.Storage,StorageSummerWatermelon,10998,private StorageList<int> unSetItems; // 0x18
code/AssetRipper_generated_CSharp/Assembly-CSharp/DragonU3DSDK/Storage/StorageSummerWatermelon.cs,DragonU3DSDK.Storage,StorageSummerWatermelon,10998,private long startActivityTime; // 0x20
code/AssetRipper_generated_CSharp/Assembly-CSharp/DragonU3DSDK/Storage/StorageSummerWatermelon.cs,DragonU3DSDK.Storage,StorageSummerWatermelon,10998,private long activityEndTime; // 0x28
code/AssetRipper_generated_CSharp/Assembly-CSharp/DragonU3DSDK/Storage/StorageSummerWatermelon.cs,DragonU3DSDK.Storage,StorageSummerWatermelon,10998,"private StorageDictionary<int, int> buyPackageShopIdDictionary; // 0x30"
code/AssetRipper_generated_CSharp/Assembly-CSharp/DragonU3DSDK/Storage/StorageSummerWatermelon.cs,DragonU3DSDK.Storage,StorageSummerWatermelon,10998,private int dayProductCount; // 0x34
code/AssetRipper_generated_CSharp/Assembly-CSharp/DragonU3DSDK/Storage/StorageSummerWatermelon.cs,DragonU3DSDK.Storage,StorageSummerWatermelon,10998,private int dayId; // 0x38
code/AssetRipper_generated_CSharp/Assembly-CSharp/DragonU3DSDK/Storage/StorageSummerWatermelon.cs,DragonU3DSDK.Storage,StorageSummerWatermelon,10998,"private StorageDictionary<int, bool> packageEnableStateDictionary; // 0x3C"
code/AssetRipper_generated_CSharp/Assembly-CSharp/DragonU3DSDK/Storage/StorageSummerWatermelon.cs,DragonU3DSDK.Storage,StorageSummerWatermelon,10998,private bool isShowEnd; // 0x40
code/AssetRipper_generated_CSharp/Assembly-CSharp/DragonU3DSDK/Storage/StorageSummerWatermelonEleven.cs,DragonU3DSDK.Storage,StorageSummerWatermelonEleven,10999,private bool isStart; // 0x8
code/AssetRipper_generated_CSharp/Assembly-CSharp/DragonU3DSDK/Storage/StorageSummerWatermelonEleven.cs,DragonU3DSDK.Storage,StorageSummerWatermelonEleven,10999,private int maxUnlockLevel; // 0xC
code/AssetRipper_generated_CSharp/Assembly-CSharp/DragonU3DSDK/Storage/StorageSummerWatermelonEleven.cs,DragonU3DSDK.Storage,StorageSummerWatermelonEleven,10999,private StorageList<int> unSetRewards; // 0x10
code/AssetRipper_generated_CSharp/Assembly-CSharp/DragonU3DSDK/Storage/StorageSummerWatermelonEleven.cs,DragonU3DSDK.Storage,StorageSummerWatermelonEleven,10999,"private StorageDictionary<int, int> unCollectRewards; // 0x14"
code/AssetRipper_generated_CSharp/Assembly-CSharp/DragonU3DSDK/Storage/StorageSummerWatermelonEleven.cs,DragonU3DSDK.Storage,StorageSummerWatermelonEleven,10999,private StorageList<int> unSetItems; // 0x18
code/AssetRipper_generated_CSharp/Assembly-CSharp/DragonU3DSDK/Storage/StorageSummerWatermelonEleven.cs,DragonU3DSDK.Storage,StorageSummerWatermelonEleven,10999,private long startActivityTime; // 0x20
code/AssetRipper_generated_CSharp/Assembly-CSharp/DragonU3DSDK/Storage/StorageSummerWatermelonEleven.cs,DragonU3DSDK.Storage,StorageSummerWatermelonEleven,10999,private long activityEndTime; // 0x28
code/AssetRipper_generated_CSharp/Assembly-CSharp/DragonU3DSDK/Storage/StorageSummerWatermelonEleven.cs,DragonU3DSDK.Storage,StorageSummerWatermelonEleven,10999,"private StorageDictionary<int, int> buyPackageShopIdDictionary; // 0x30"
code/AssetRipper_generated_CSharp/Assembly-CSharp/DragonU3DSDK/Storage/StorageSummerWatermelonEleven.cs,DragonU3DSDK.Storage,StorageSummerWatermelonEleven,10999,private int dayProductCount; // 0x34
code/AssetRipper_generated_CSharp/Assembly-CSharp/DragonU3DSDK/Storage/StorageSummerWatermelonEleven.cs,DragonU3DSDK.Storage,StorageSummerWatermelonEleven,10999,private int dayId; // 0x38
code/AssetRipper_generated_CSharp/Assembly-CSharp/DragonU3DSDK/Storage/StorageSummerWatermelonEleven.cs,DragonU3DSDK.Storage,StorageSummerWatermelonEleven,10999,"private StorageDictionary<int, bool> packageEnableStateDictionary; // 0x3C"
code/AssetRipper_generated_CSharp/Assembly-CSharp/DragonU3DSDK/Storage/StorageSummerWatermelonEleven.cs,DragonU3DSDK.Storage,StorageSummerWatermelonEleven,10999,private bool isShowEnd; // 0x40
code/AssetRipper_generated_CSharp/Assembly-CSharp/DragonU3DSDK/Storage/StorageSummerWatermelonEleven.cs,DragonU3DSDK.Storage,StorageSummerWatermelonEleven,10999,private bool isOpenBigBoard; // 0x41
code/AssetRipper_generated_CSharp/Assembly-CSharp/DragonU3DSDK/Storage/StorageSummerWatermelonEleven.cs,DragonU3DSDK.Storage,StorageSummerWatermelonEleven,10999,"private StorageDictionary<int, bool> claimedFirstRwards; // 0x44"
code/AssetRipper_generated_CSharp/Assembly-CSharp/DragonU3DSDK/Storage/StorageSummerWatermelonEleven.cs,DragonU3DSDK.Storage,StorageSummerWatermelonEleven,10999,private StorageList<int> mergeItems; // 0x48
code/AssetRipper_generated_CSharp/Assembly-CSharp/DragonU3DSDK/Storage/StorageSummerWatermelonEleven.cs,DragonU3DSDK.Storage,StorageSummerWatermelonEleven,10999,private long giftBuyTime; // 0x50
code/AssetRipper_generated_CSharp/Assembly-CSharp/DragonU3DSDK/Storage/StorageSummerWatermelonEleven.cs,DragonU3DSDK.Storage,StorageSummerWatermelonEleven,10999,private int giftBuyNum; // 0x58
code/AssetRipper_generated_CSharp/Assembly-CSharp/DragonU3DSDK/Storage/StorageSummerWatermelonEleven.cs,DragonU3DSDK.Storage,StorageSummerWatermelonEleven,10999,private int oneByOneIndex; // 0x5C
code/AssetRipper_generated_CSharp/Assembly-CSharp/DragonU3DSDK/Storage/StorageSummerWatermelonEleven.cs,DragonU3DSDK.Storage,StorageSummerWatermelonEleven,10999,private bool isABTest; // 0x60
code/AssetRipper_generated_CSharp/Assembly-CSharp/DragonU3DSDK/Storage/StorageSummerWatermelonEleven.cs,DragonU3DSDK.Storage,StorageSummerWatermelonEleven,10999,private StorageList<int> noRecycleItems; // 0x64
code/AssetRipper_generated_CSharp/Assembly-CSharp/DragonU3DSDK/Storage/StorageSummerWatermelonEleven.cs,DragonU3DSDK.Storage,StorageSummerWatermelonEleven,10999,private int biMaxMergeItemLevel; // 0x68
code/AssetRipper_generated_CSharp/Assembly-CSharp/DragonU3DSDK/Storage/StorageSummerWatermelonEleven.cs,DragonU3DSDK.Storage,StorageSummerWatermelonEleven,10999,private StorageSummerWatermelonTenBattlePass battlePass; // 0x6C
code/AssetRipper_generated_CSharp/Assembly-CSharp/DragonU3DSDK/Storage/StorageSummerWatermelonEleven.cs,DragonU3DSDK.Storage,StorageSummerWatermelonEleven,10999,private int moveStep; // 0x70
code/AssetRipper_generated_CSharp/Assembly-CSharp/DragonU3DSDK/Storage/StorageSummerWatermelonEleven.cs,DragonU3DSDK.Storage,StorageSummerWatermelonEleven,10999,private StorageSummerWatermelonNewGfit newGift; // 0x74
code/AssetRipper_generated_CSharp/Assembly-CSharp/DragonU3DSDK/Storage/StorageSummerWatermelonFifteen.cs,DragonU3DSDK.Storage,StorageSummerWatermelonFifteen,11000,private bool isStart; // 0x8
code/AssetRipper_generated_CSharp/Assembly-CSharp/DragonU3DSDK/Storage/StorageSummerWatermelonFifteen.cs,DragonU3DSDK.Storage,StorageSummerWatermelonFifteen,11000,private int maxUnlockLevel; // 0xC
code/AssetRipper_generated_CSharp/Assembly-CSharp/DragonU3DSDK/Storage/StorageSummerWatermelonFifteen.cs,DragonU3DSDK.Storage,StorageSummerWatermelonFifteen,11000,private StorageList<int> unSetRewards; // 0x10
code/AssetRipper_generated_CSharp/Assembly-CSharp/DragonU3DSDK/Storage/StorageSummerWatermelonFifteen.cs,DragonU3DSDK.Storage,StorageSummerWatermelonFifteen,11000,"private StorageDictionary<int, int> unCollectRewards; // 0x14"
code/AssetRipper_generated_CSharp/Assembly-CSharp/DragonU3DSDK/Storage/StorageSummerWatermelonFifteen.cs,DragonU3DSDK.Storage,StorageSummerWatermelonFifteen,11000,private StorageList<int> unSetItems; // 0x18
code/AssetRipper_generated_CSharp/Assembly-CSharp/DragonU3DSDK/Storage/StorageSummerWatermelonFifteen.cs,DragonU3DSDK.Storage,StorageSummerWatermelonFifteen,11000,private long startActivityTime; // 0x20
code/AssetRipper_generated_CSharp/Assembly-CSharp/DragonU3DSDK/Storage/StorageSummerWatermelonFifteen.cs,DragonU3DSDK.Storage,StorageSummerWatermelonFifteen,11000,private long activityEndTime; // 0x28
code/AssetRipper_generated_CSharp/Assembly-CSharp/DragonU3DSDK/Storage/StorageSummerWatermelonFifteen.cs,DragonU3DSDK.Storage,StorageSummerWatermelonFifteen,11000,"private StorageDictionary<int, int> buyPackageShopIdDictionary; // 0x30"
code/AssetRipper_generated_CSharp/Assembly-CSharp/DragonU3DSDK/Storage/StorageSummerWatermelonFifteen.cs,DragonU3DSDK.Storage,StorageSummerWatermelonFifteen,11000,private int dayProductCount; // 0x34
code/AssetRipper_generated_CSharp/Assembly-CSharp/DragonU3DSDK/Storage/StorageSummerWatermelonFifteen.cs,DragonU3DSDK.Storage,StorageSummerWatermelonFifteen,11000,private int dayId; // 0x38
code/AssetRipper_generated_CSharp/Assembly-CSharp/DragonU3DSDK/Storage/StorageSummerWatermelonFifteen.cs,DragonU3DSDK.Storage,StorageSummerWatermelonFifteen,11000,"private StorageDictionary<int, bool> packageEnableStateDictionary; // 0x3C"
code/AssetRipper_generated_CSharp/Assembly-CSharp/DragonU3DSDK/Storage/StorageSummerWatermelonFifteen.cs,DragonU3DSDK.Storage,StorageSummerWatermelonFifteen,11000,private bool isShowEnd; // 0x40
code/AssetRipper_generated_CSharp/Assembly-CSharp/DragonU3DSDK/Storage/StorageSummerWatermelonFifteen.cs,DragonU3DSDK.Storage,StorageSummerWatermelonFifteen,11000,private bool isOpenBigBoard; // 0x41
code/AssetRipper_generated_CSharp/Assembly-CSharp/DragonU3DSDK/Storage/StorageSummerWatermelonFifteen.cs,DragonU3DSDK.Storage,StorageSummerWatermelonFifteen,11000,"private StorageDictionary<int, bool> claimedFirstRwards; // 0x44"
code/AssetRipper_generated_CSharp/Assembly-CSharp/DragonU3DSDK/Storage/StorageSummerWatermelonFifteen.cs,DragonU3DSDK.Storage,StorageSummerWatermelonFifteen,11000,private StorageList<int> mergeItems; // 0x48
code/AssetRipper_generated_CSharp/Assembly-CSharp/DragonU3DSDK/Storage/StorageSummerWatermelonFifteen.cs,DragonU3DSDK.Storage,StorageSummerWatermelonFifteen,11000,private long giftBuyTime; // 0x50
code/AssetRipper_generated_CSharp/Assembly-CSharp/DragonU3DSDK/Storage/StorageSummerWatermelonFifteen.cs,DragonU3DSDK.Storage,StorageSummerWatermelonFifteen,11000,private int giftBuyNum; // 0x58
code/AssetRipper_generated_CSharp/Assembly-CSharp/DragonU3DSDK/Storage/StorageSummerWatermelonFifteen.cs,DragonU3DSDK.Storage,StorageSummerWatermelonFifteen,11000,private int oneByOneIndex; // 0x5C
code/AssetRipper_generated_CSharp/Assembly-CSharp/DragonU3DSDK/Storage/StorageSummerWatermelonFifteen.cs,DragonU3DSDK.Storage,StorageSummerWatermelonFifteen,11000,private bool isABTest; // 0x60
code/AssetRipper_generated_CSharp/Assembly-CSharp/DragonU3DSDK/Storage/StorageSummerWatermelonFifteen.cs,DragonU3DSDK.Storage,StorageSummerWatermelonFifteen,11000,private StorageList<int> noRecycleItems; // 0x64
code/AssetRipper_generated_CSharp/Assembly-CSharp/DragonU3DSDK/Storage/StorageSummerWatermelonFifteen.cs,DragonU3DSDK.Storage,StorageSummerWatermelonFifteen,11000,private int biMaxMergeItemLevel; // 0x68
code/AssetRipper_generated_CSharp/Assembly-CSharp/DragonU3DSDK/Storage/StorageSummerWatermelonFifteen.cs,DragonU3DSDK.Storage,StorageSummerWatermelonFifteen,11000,private StorageSummerWatermelonFifteenBattlePass battlePass; // 0x6C
code/AssetRipper_generated_CSharp/Assembly-CSharp/DragonU3DSDK/Storage/StorageSummerWatermelonFifteen.cs,DragonU3DSDK.Storage,StorageSummerWatermelonFifteen,11000,private int moveStep; // 0x70
code/AssetRipper_generated_CSharp/Assembly-CSharp/DragonU3DSDK/Storage/StorageSummerWatermelonFifteen.cs,DragonU3DSDK.Storage,StorageSummerWatermelonFifteen,11000,private int unlockBoardIndex; // 0x74
code/AssetRipper_generated_CSharp/Assembly-CSharp/DragonU3DSDK/Storage/StorageSummerWatermelonFifteen.cs,DragonU3DSDK.Storage,StorageSummerWatermelonFifteen,11000,private StorageSummerWatermelonNewGfit newGift; // 0x78
code/AssetRipper_generated_CSharp/Assembly-CSharp/DragonU3DSDK/Storage/StorageSummerWatermelonFifteen.cs,DragonU3DSDK.Storage,StorageSummerWatermelonFifteen,11000,private long refreshNextTime; // 0x80
code/AssetRipper_generated_CSharp/Assembly-CSharp/DragonU3DSDK/Storage/StorageSummerWatermelonFour.cs,DragonU3DSDK.Storage,StorageSummerWatermelonFour,11003,private bool isStart; // 0x8
code/AssetRipper_generated_CSharp/Assembly-CSharp/DragonU3DSDK/Storage/StorageSummerWatermelonFour.cs,DragonU3DSDK.Storage,StorageSummerWatermelonFour,11003,private int maxUnlockLevel; // 0xC
code/AssetRipper_generated_CSharp/Assembly-CSharp/DragonU3DSDK/Storage/StorageSummerWatermelonFour.cs,DragonU3DSDK.Storage,StorageSummerWatermelonFour,11003,private StorageList<int> unSetRewards; // 0x10
code/AssetRipper_generated_CSharp/Assembly-CSharp/DragonU3DSDK/Storage/StorageSummerWatermelonFour.cs,DragonU3DSDK.Storage,StorageSummerWatermelonFour,11003,"private StorageDictionary<int, int> unCollectRewards; // 0x14"
code/AssetRipper_generated_CSharp/Assembly-CSharp/DragonU3DSDK/Storage/StorageSummerWatermelonFour.cs,DragonU3DSDK.Storage,StorageSummerWatermelonFour,11003,private StorageList<int> unSetItems; // 0x18
code/AssetRipper_generated_CSharp/Assembly-CSharp/DragonU3DSDK/Storage/StorageSummerWatermelonFour.cs,DragonU3DSDK.Storage,StorageSummerWatermelonFour,11003,private long startActivityTime; // 0x20
code/AssetRipper_generated_CSharp/Assembly-CSharp/DragonU3DSDK/Storage/StorageSummerWatermelonFour.cs,DragonU3DSDK.Storage,StorageSummerWatermelonFour,11003,private long activityEndTime; // 0x28
code/AssetRipper_generated_CSharp/Assembly-CSharp/DragonU3DSDK/Storage/StorageSummerWatermelonFour.cs,DragonU3DSDK.Storage,StorageSummerWatermelonFour,11003,"private StorageDictionary<int, int> buyPackageShopIdDictionary; // 0x30"
code/AssetRipper_generated_CSharp/Assembly-CSharp/DragonU3DSDK/Storage/StorageSummerWatermelonFour.cs,DragonU3DSDK.Storage,StorageSummerWatermelonFour,11003,private int dayProductCount; // 0x34
code/AssetRipper_generated_CSharp/Assembly-CSharp/DragonU3DSDK/Storage/StorageSummerWatermelonFour.cs,DragonU3DSDK.Storage,StorageSummerWatermelonFour,11003,private int dayId; // 0x38
code/AssetRipper_generated_CSharp/Assembly-CSharp/DragonU3DSDK/Storage/StorageSummerWatermelonFour.cs,DragonU3DSDK.Storage,StorageSummerWatermelonFour,11003,"private StorageDictionary<int, bool> packageEnableStateDictionary; // 0x3C"
code/AssetRipper_generated_CSharp/Assembly-CSharp/DragonU3DSDK/Storage/StorageSummerWatermelonFour.cs,DragonU3DSDK.Storage,StorageSummerWatermelonFour,11003,private bool isShowEnd; // 0x40
code/AssetRipper_generated_CSharp/Assembly-CSharp/DragonU3DSDK/Storage/StorageSummerWatermelonFour.cs,DragonU3DSDK.Storage,StorageSummerWatermelonFour,11003,private bool isOpenBigBoard; // 0x41
code/AssetRipper_generated_CSharp/Assembly-CSharp/DragonU3DSDK/Storage/StorageSummerWatermelonFour.cs,DragonU3DSDK.Storage,StorageSummerWatermelonFour,11003,"private StorageDictionary<int, bool> claimedFirstRwards; // 0x44"
code/AssetRipper_generated_CSharp/Assembly-CSharp/DragonU3DSDK/Storage/StorageSummerWatermelonFour.cs,DragonU3DSDK.Storage,StorageSummerWatermelonFour,11003,private StorageList<int> mergeItems; // 0x48
code/AssetRipper_generated_CSharp/Assembly-CSharp/DragonU3DSDK/Storage/StorageSummerWatermelonFour.cs,DragonU3DSDK.Storage,StorageSummerWatermelonFour,11003,private long giftBuyTime; // 0x50
code/AssetRipper_generated_CSharp/Assembly-CSharp/DragonU3DSDK/Storage/StorageSummerWatermelonFour.cs,DragonU3DSDK.Storage,StorageSummerWatermelonFour,11003,private int giftBuyNum; // 0x58
code/AssetRipper_generated_CSharp/Assembly-CSharp/DragonU3DSDK/Storage/StorageSummerWatermelonFour.cs,DragonU3DSDK.Storage,StorageSummerWatermelonFour,11003,private int oneByOneIndex; // 0x5C
code/AssetRipper_generated_CSharp/Assembly-CSharp/DragonU3DSDK/Storage/StorageSummerWatermelonFour.cs,DragonU3DSDK.Storage,StorageSummerWatermelonFour,11003,private bool isABTest; // 0x60
code/AssetRipper_generated_CSharp/Assembly-CSharp/DragonU3DSDK/Storage/StorageSummerWatermelonFour.cs,DragonU3DSDK.Storage,StorageSummerWatermelonFour,11003,private StorageList<int> noRecycleItems; // 0x64
code/AssetRipper_generated_CSharp/Assembly-CSharp/DragonU3DSDK/Storage/StorageSummerWatermelonFour.cs,DragonU3DSDK.Storage,StorageSummerWatermelonFour,11003,private int hoe; // 0x68
code/AssetRipper_generated_CSharp/Assembly-CSharp/DragonU3DSDK/Storage/StorageSummerWatermelonFour.cs,DragonU3DSDK.Storage,StorageSummerWatermelonFour,11003,private long exp; // 0x70
code/AssetRipper_generated_CSharp/Assembly-CSharp/DragonU3DSDK/Storage/StorageSummerWatermelonFour.cs,DragonU3DSDK.Storage,StorageSummerWatermelonFour,11003,private int level; // 0x78
code/AssetRipper_generated_CSharp/Assembly-CSharp/DragonU3DSDK/Storage/StorageSummerWatermelonFour.cs,DragonU3DSDK.Storage,StorageSummerWatermelonFour,11003,"private StorageDictionary<int, bool> claimedStageRewards; // 0x7C"
code/AssetRipper_generated_CSharp/Assembly-CSharp/DragonU3DSDK/Storage/StorageSummerWatermelonFour.cs,DragonU3DSDK.Storage,StorageSummerWatermelonFour,11003,private int mergeBoardOffect; // 0x80
code/AssetRipper_generated_CSharp/Assembly-CSharp/DragonU3DSDK/Storage/StorageSummerWatermelonFour.cs,DragonU3DSDK.Storage,StorageSummerWatermelonFour,11003,"private StorageDictionary<int, bool> mergeLineRwards; // 0x84"
code/AssetRipper_generated_CSharp/Assembly-CSharp/DragonU3DSDK/Storage/StorageSummerWatermelonFour.cs,DragonU3DSDK.Storage,StorageSummerWatermelonFour,11003,private bool isClaimFinalReward; // 0x88
code/AssetRipper_generated_CSharp/Assembly-CSharp/DragonU3DSDK/Storage/StorageSummerWatermelonFour.cs,DragonU3DSDK.Storage,StorageSummerWatermelonFour,11003,private int biMaxMergeItemLevel; // 0x8C
code/AssetRipper_generated_CSharp/Assembly-CSharp/DragonU3DSDK/Storage/StorageSummerWatermelonSix.cs,DragonU3DSDK.Storage,StorageSummerWatermelonSix,11005,private bool isStart; // 0x8
code/AssetRipper_generated_CSharp/Assembly-CSharp/DragonU3DSDK/Storage/StorageSummerWatermelonSix.cs,DragonU3DSDK.Storage,StorageSummerWatermelonSix,11005,private int maxUnlockLevel; // 0xC
code/AssetRipper_generated_CSharp/Assembly-CSharp/DragonU3DSDK/Storage/StorageSummerWatermelonSix.cs,DragonU3DSDK.Storage,StorageSummerWatermelonSix,11005,private StorageList<int> unSetRewards; // 0x10
code/AssetRipper_generated_CSharp/Assembly-CSharp/DragonU3DSDK/Storage/StorageSummerWatermelonSix.cs,DragonU3DSDK.Storage,StorageSummerWatermelonSix,11005,"private StorageDictionary<int, int> unCollectRewards; // 0x14"
code/AssetRipper_generated_CSharp/Assembly-CSharp/DragonU3DSDK/Storage/StorageSummerWatermelonSix.cs,DragonU3DSDK.Storage,StorageSummerWatermelonSix,11005,private StorageList<int> unSetItems; // 0x18
code/AssetRipper_generated_CSharp/Assembly-CSharp/DragonU3DSDK/Storage/StorageSummerWatermelonSix.cs,DragonU3DSDK.Storage,StorageSummerWatermelonSix,11005,private long startActivityTime; // 0x20
code/AssetRipper_generated_CSharp/Assembly-CSharp/DragonU3DSDK/Storage/StorageSummerWatermelonSix.cs,DragonU3DSDK.Storage,StorageSummerWatermelonSix,11005,private long activityEndTime; // 0x28
code/AssetRipper_generated_CSharp/Assembly-CSharp/DragonU3DSDK/Storage/StorageSummerWatermelonSix.cs,DragonU3DSDK.Storage,StorageSummerWatermelonSix,11005,"private StorageDictionary<int, int> buyPackageShopIdDictionary; // 0x30"
code/AssetRipper_generated_CSharp/Assembly-CSharp/DragonU3DSDK/Storage/StorageSummerWatermelonSix.cs,DragonU3DSDK.Storage,StorageSummerWatermelonSix,11005,private int dayProductCount; // 0x34
code/AssetRipper_generated_CSharp/Assembly-CSharp/DragonU3DSDK/Storage/StorageSummerWatermelonSix.cs,DragonU3DSDK.Storage,StorageSummerWatermelonSix,11005,private int dayId; // 0x38
code/AssetRipper_generated_CSharp/Assembly-CSharp/DragonU3DSDK/Storage/StorageSummerWatermelonSix.cs,DragonU3DSDK.Storage,StorageSummerWatermelonSix,11005,"private StorageDictionary<int, bool> packageEnableStateDictionary; // 0x3C"
code/AssetRipper_generated_CSharp/Assembly-CSharp/DragonU3DSDK/Storage/StorageSummerWatermelonSix.cs,DragonU3DSDK.Storage,StorageSummerWatermelonSix,11005,private bool isShowEnd; // 0x40
code/AssetRipper_generated_CSharp/Assembly-CSharp/DragonU3DSDK/Storage/StorageSummerWatermelonSix.cs,DragonU3DSDK.Storage,StorageSummerWatermelonSix,11005,private bool isOpenBigBoard; // 0x41
code/AssetRipper_generated_CSharp/Assembly-CSharp/DragonU3DSDK/Storage/StorageSummerWatermelonSix.cs,DragonU3DSDK.Storage,StorageSummerWatermelonSix,11005,"private StorageDictionary<int, bool> claimedFirstRwards; // 0x44"
code/AssetRipper_generated_CSharp/Assembly-CSharp/DragonU3DSDK/Storage/StorageSummerWatermelonSix.cs,DragonU3DSDK.Storage,StorageSummerWatermelonSix,11005,private StorageList<int> mergeItems; // 0x48
code/AssetRipper_generated_CSharp/Assembly-CSharp/DragonU3DSDK/Storage/StorageSummerWatermelonSix.cs,DragonU3DSDK.Storage,StorageSummerWatermelonSix,11005,private long giftBuyTime; // 0x50
code/AssetRipper_generated_CSharp/Assembly-CSharp/DragonU3DSDK/Storage/StorageSummerWatermelonSix.cs,DragonU3DSDK.Storage,StorageSummerWatermelonSix,11005,private int giftBuyNum; // 0x58
code/AssetRipper_generated_CSharp/Assembly-CSharp/DragonU3DSDK/Storage/StorageSummerWatermelonSix.cs,DragonU3DSDK.Storage,StorageSummerWatermelonSix,11005,private int oneByOneIndex; // 0x5C
code/AssetRipper_generated_CSharp/Assembly-CSharp/DragonU3DSDK/Storage/StorageSummerWatermelonSix.cs,DragonU3DSDK.Storage,StorageSummerWatermelonSix,11005,private bool isABTest; // 0x60
code/AssetRipper_generated_CSharp/Assembly-CSharp/DragonU3DSDK/Storage/StorageSummerWatermelonSix.cs,DragonU3DSDK.Storage,StorageSummerWatermelonSix,11005,private StorageList<int> noRecycleItems; // 0x64
code/AssetRipper_generated_CSharp/Assembly-CSharp/DragonU3DSDK/Storage/StorageSummerWatermelonSix.cs,DragonU3DSDK.Storage,StorageSummerWatermelonSix,11005,private int hoe; // 0x68
code/AssetRipper_generated_CSharp/Assembly-CSharp/DragonU3DSDK/Storage/StorageSummerWatermelonSix.cs,DragonU3DSDK.Storage,StorageSummerWatermelonSix,11005,private long exp; // 0x70
code/AssetRipper_generated_CSharp/Assembly-CSharp/DragonU3DSDK/Storage/StorageSummerWatermelonSix.cs,DragonU3DSDK.Storage,StorageSummerWatermelonSix,11005,private int level; // 0x78
code/AssetRipper_generated_CSharp/Assembly-CSharp/DragonU3DSDK/Storage/StorageSummerWatermelonSix.cs,DragonU3DSDK.Storage,StorageSummerWatermelonSix,11005,"private StorageDictionary<int, bool> claimedStageRewards; // 0x7C"
code/AssetRipper_generated_CSharp/Assembly-CSharp/DragonU3DSDK/Storage/StorageSummerWatermelonSix.cs,DragonU3DSDK.Storage,StorageSummerWatermelonSix,11005,private int mergeBoardOffect; // 0x80
code/AssetRipper_generated_CSharp/Assembly-CSharp/DragonU3DSDK/Storage/StorageSummerWatermelonSix.cs,DragonU3DSDK.Storage,StorageSummerWatermelonSix,11005,"private StorageDictionary<int, bool> mergeLineRwards; // 0x84"
code/AssetRipper_generated_CSharp/Assembly-CSharp/DragonU3DSDK/Storage/StorageSummerWatermelonSix.cs,DragonU3DSDK.Storage,StorageSummerWatermelonSix,11005,private bool isClaimFinalReward; // 0x88
code/AssetRipper_generated_CSharp/Assembly-CSharp/DragonU3DSDK/Storage/StorageSummerWatermelonSix.cs,DragonU3DSDK.Storage,StorageSummerWatermelonSix,11005,private int biMaxMergeItemLevel; // 0x8C
code/AssetRipper_generated_CSharp/Assembly-CSharp/DragonU3DSDK/Storage/StorageSummerWatermelonTen.cs,DragonU3DSDK.Storage,StorageSummerWatermelonTen,11006,private bool isStart; // 0x8
code/AssetRipper_generated_CSharp/Assembly-CSharp/DragonU3DSDK/Storage/StorageSummerWatermelonTen.cs,DragonU3DSDK.Storage,StorageSummerWatermelonTen,11006,private int maxUnlockLevel; // 0xC
code/AssetRipper_generated_CSharp/Assembly-CSharp/DragonU3DSDK/Storage/StorageSummerWatermelonTen.cs,DragonU3DSDK.Storage,StorageSummerWatermelonTen,11006,private StorageList<int> unSetRewards; // 0x10
code/AssetRipper_generated_CSharp/Assembly-CSharp/DragonU3DSDK/Storage/StorageSummerWatermelonTen.cs,DragonU3DSDK.Storage,StorageSummerWatermelonTen,11006,"private StorageDictionary<int, int> unCollectRewards; // 0x14"
code/AssetRipper_generated_CSharp/Assembly-CSharp/DragonU3DSDK/Storage/StorageSummerWatermelonTen.cs,DragonU3DSDK.Storage,StorageSummerWatermelonTen,11006,private StorageList<int> unSetItems; // 0x18
code/AssetRipper_generated_CSharp/Assembly-CSharp/DragonU3DSDK/Storage/StorageSummerWatermelonTen.cs,DragonU3DSDK.Storage,StorageSummerWatermelonTen,11006,private long startActivityTime; // 0x20
code/AssetRipper_generated_CSharp/Assembly-CSharp/DragonU3DSDK/Storage/StorageSummerWatermelonTen.cs,DragonU3DSDK.Storage,StorageSummerWatermelonTen,11006,private long activityEndTime; // 0x28
code/AssetRipper_generated_CSharp/Assembly-CSharp/DragonU3DSDK/Storage/StorageSummerWatermelonTen.cs,DragonU3DSDK.Storage,StorageSummerWatermelonTen,11006,"private StorageDictionary<int, int> buyPackageShopIdDictionary; // 0x30"
code/AssetRipper_generated_CSharp/Assembly-CSharp/DragonU3DSDK/Storage/StorageSummerWatermelonTen.cs,DragonU3DSDK.Storage,StorageSummerWatermelonTen,11006,private int dayProductCount; // 0x34
code/AssetRipper_generated_CSharp/Assembly-CSharp/DragonU3DSDK/Storage/StorageSummerWatermelonTen.cs,DragonU3DSDK.Storage,StorageSummerWatermelonTen,11006,private int dayId; // 0x38
code/AssetRipper_generated_CSharp/Assembly-CSharp/DragonU3DSDK/Storage/StorageSummerWatermelonTen.cs,DragonU3DSDK.Storage,StorageSummerWatermelonTen,11006,"private StorageDictionary<int, bool> packageEnableStateDictionary; // 0x3C"
code/AssetRipper_generated_CSharp/Assembly-CSharp/DragonU3DSDK/Storage/StorageSummerWatermelonTen.cs,DragonU3DSDK.Storage,StorageSummerWatermelonTen,11006,private bool isShowEnd; // 0x40
code/AssetRipper_generated_CSharp/Assembly-CSharp/DragonU3DSDK/Storage/StorageSummerWatermelonTen.cs,DragonU3DSDK.Storage,StorageSummerWatermelonTen,11006,private bool isOpenBigBoard; // 0x41
code/AssetRipper_generated_CSharp/Assembly-CSharp/DragonU3DSDK/Storage/StorageSummerWatermelonTen.cs,DragonU3DSDK.Storage,StorageSummerWatermelonTen,11006,"private StorageDictionary<int, bool> claimedFirstRwards; // 0x44"
code/AssetRipper_generated_CSharp/Assembly-CSharp/DragonU3DSDK/Storage/StorageSummerWatermelonTen.cs,DragonU3DSDK.Storage,StorageSummerWatermelonTen,11006,private StorageList<int> mergeItems; // 0x48
code/AssetRipper_generated_CSharp/Assembly-CSharp/DragonU3DSDK/Storage/StorageSummerWatermelonTen.cs,DragonU3DSDK.Storage,StorageSummerWatermelonTen,11006,private long giftBuyTime; // 0x50
code/AssetRipper_generated_CSharp/Assembly-CSharp/DragonU3DSDK/Storage/StorageSummerWatermelonTen.cs,DragonU3DSDK.Storage,StorageSummerWatermelonTen,11006,private int giftBuyNum; // 0x58
code/AssetRipper_generated_CSharp/Assembly-CSharp/DragonU3DSDK/Storage/StorageSummerWatermelonTen.cs,DragonU3DSDK.Storage,StorageSummerWatermelonTen,11006,private int oneByOneIndex; // 0x5C
code/AssetRipper_generated_CSharp/Assembly-CSharp/DragonU3DSDK/Storage/StorageSummerWatermelonTen.cs,DragonU3DSDK.Storage,StorageSummerWatermelonTen,11006,private bool isABTest; // 0x60
code/AssetRipper_generated_CSharp/Assembly-CSharp/DragonU3DSDK/Storage/StorageSummerWatermelonTen.cs,DragonU3DSDK.Storage,StorageSummerWatermelonTen,11006,private StorageList<int> noRecycleItems; // 0x64
code/AssetRipper_generated_CSharp/Assembly-CSharp/DragonU3DSDK/Storage/StorageSummerWatermelonTen.cs,DragonU3DSDK.Storage,StorageSummerWatermelonTen,11006,private int biMaxMergeItemLevel; // 0x68
code/AssetRipper_generated_CSharp/Assembly-CSharp/DragonU3DSDK/Storage/StorageSummerWatermelonTen.cs,DragonU3DSDK.Storage,StorageSummerWatermelonTen,11006,private StorageSummerWatermelonTenBattlePass battlePass; // 0x6C
code/AssetRipper_generated_CSharp/Assembly-CSharp/DragonU3DSDK/Storage/StorageSummerWatermelonTen.cs,DragonU3DSDK.Storage,StorageSummerWatermelonTen,11006,private int moveStep; // 0x70
code/AssetRipper_generated_CSharp/Assembly-CSharp/DragonU3DSDK/Storage/StorageSummerWatermelonTen.cs,DragonU3DSDK.Storage,StorageSummerWatermelonTen,11006,private StorageSummerWatermelonNewGfit newGift; // 0x74
code/AssetRipper_generated_CSharp/Assembly-CSharp/DragonU3DSDK/Storage/StorageSummerWatermelonTen.cs,DragonU3DSDK.Storage,StorageSummerWatermelonTen,11006,private long refreshNextTime; // 0x78
code/AssetRipper_generated_CSharp/Assembly-CSharp/DragonU3DSDK/Storage/StorageSummerWatermelonTwelve.cs,DragonU3DSDK.Storage,StorageSummerWatermelonTwelve,11009,private bool isStart; // 0x8
code/AssetRipper_generated_CSharp/Assembly-CSharp/DragonU3DSDK/Storage/StorageSummerWatermelonTwelve.cs,DragonU3DSDK.Storage,StorageSummerWatermelonTwelve,11009,private int maxUnlockLevel; // 0xC
code/AssetRipper_generated_CSharp/Assembly-CSharp/DragonU3DSDK/Storage/StorageSummerWatermelonTwelve.cs,DragonU3DSDK.Storage,StorageSummerWatermelonTwelve,11009,private StorageList<int> unSetRewards; // 0x10
code/AssetRipper_generated_CSharp/Assembly-CSharp/DragonU3DSDK/Storage/StorageSummerWatermelonTwelve.cs,DragonU3DSDK.Storage,StorageSummerWatermelonTwelve,11009,"private StorageDictionary<int, int> unCollectRewards; // 0x14"
code/AssetRipper_generated_CSharp/Assembly-CSharp/DragonU3DSDK/Storage/StorageSummerWatermelonTwelve.cs,DragonU3DSDK.Storage,StorageSummerWatermelonTwelve,11009,private StorageList<int> unSetItems; // 0x18
code/AssetRipper_generated_CSharp/Assembly-CSharp/DragonU3DSDK/Storage/StorageSummerWatermelonTwelve.cs,DragonU3DSDK.Storage,StorageSummerWatermelonTwelve,11009,private long startActivityTime; // 0x20
code/AssetRipper_generated_CSharp/Assembly-CSharp/DragonU3DSDK/Storage/StorageSummerWatermelonTwelve.cs,DragonU3DSDK.Storage,StorageSummerWatermelonTwelve,11009,private long activityEndTime; // 0x28
code/AssetRipper_generated_CSharp/Assembly-CSharp/DragonU3DSDK/Storage/StorageSummerWatermelonTwelve.cs,DragonU3DSDK.Storage,StorageSummerWatermelonTwelve,11009,"private StorageDictionary<int, int> buyPackageShopIdDictionary; // 0x30"
code/AssetRipper_generated_CSharp/Assembly-CSharp/DragonU3DSDK/Storage/StorageSummerWatermelonTwelve.cs,DragonU3DSDK.Storage,StorageSummerWatermelonTwelve,11009,private int dayProductCount; // 0x34
code/AssetRipper_generated_CSharp/Assembly-CSharp/DragonU3DSDK/Storage/StorageSummerWatermelonTwelve.cs,DragonU3DSDK.Storage,StorageSummerWatermelonTwelve,11009,private int dayId; // 0x38
code/AssetRipper_generated_CSharp/Assembly-CSharp/DragonU3DSDK/Storage/StorageSummerWatermelonTwelve.cs,DragonU3DSDK.Storage,StorageSummerWatermelonTwelve,11009,"private StorageDictionary<int, bool> packageEnableStateDictionary; // 0x3C"
code/AssetRipper_generated_CSharp/Assembly-CSharp/DragonU3DSDK/Storage/StorageSummerWatermelonTwelve.cs,DragonU3DSDK.Storage,StorageSummerWatermelonTwelve,11009,private bool isShowEnd; // 0x40
code/AssetRipper_generated_CSharp/Assembly-CSharp/DragonU3DSDK/Storage/StorageSummerWatermelonTwelve.cs,DragonU3DSDK.Storage,StorageSummerWatermelonTwelve,11009,private bool isOpenBigBoard; // 0x41
code/AssetRipper_generated_CSharp/Assembly-CSharp/DragonU3DSDK/Storage/StorageSummerWatermelonTwelve.cs,DragonU3DSDK.Storage,StorageSummerWatermelonTwelve,11009,"private StorageDictionary<int, bool> claimedFirstRwards; // 0x44"
code/AssetRipper_generated_CSharp/Assembly-CSharp/DragonU3DSDK/Storage/StorageSummerWatermelonTwelve.cs,DragonU3DSDK.Storage,StorageSummerWatermelonTwelve,11009,private StorageList<int> mergeItems; // 0x48
code/AssetRipper_generated_CSharp/Assembly-CSharp/DragonU3DSDK/Storage/StorageSummerWatermelonTwelve.cs,DragonU3DSDK.Storage,StorageSummerWatermelonTwelve,11009,private long giftBuyTime; // 0x50
code/AssetRipper_generated_CSharp/Assembly-CSharp/DragonU3DSDK/Storage/StorageSummerWatermelonTwelve.cs,DragonU3DSDK.Storage,StorageSummerWatermelonTwelve,11009,private int giftBuyNum; // 0x58
code/AssetRipper_generated_CSharp/Assembly-CSharp/DragonU3DSDK/Storage/StorageSummerWatermelonTwelve.cs,DragonU3DSDK.Storage,StorageSummerWatermelonTwelve,11009,private int oneByOneIndex; // 0x5C
code/AssetRipper_generated_CSharp/Assembly-CSharp/DragonU3DSDK/Storage/StorageSummerWatermelonTwelve.cs,DragonU3DSDK.Storage,StorageSummerWatermelonTwelve,11009,private bool isABTest; // 0x60
code/AssetRipper_generated_CSharp/Assembly-CSharp/DragonU3DSDK/Storage/StorageSummerWatermelonTwelve.cs,DragonU3DSDK.Storage,StorageSummerWatermelonTwelve,11009,private StorageList<int> noRecycleItems; // 0x64
code/AssetRipper_generated_CSharp/Assembly-CSharp/DragonU3DSDK/Storage/StorageSummerWatermelonTwelve.cs,DragonU3DSDK.Storage,StorageSummerWatermelonTwelve,11009,private int biMaxMergeItemLevel; // 0x68
code/AssetRipper_generated_CSharp/Assembly-CSharp/DragonU3DSDK/Storage/StorageSummerWatermelonTwelve.cs,DragonU3DSDK.Storage,StorageSummerWatermelonTwelve,11009,private StorageSummerWatermelonTenBattlePass battlePass; // 0x6C
code/AssetRipper_generated_CSharp/Assembly-CSharp/DragonU3DSDK/Storage/StorageSummerWatermelonTwelve.cs,DragonU3DSDK.Storage,StorageSummerWatermelonTwelve,11009,private int moveStep; // 0x70
code/AssetRipper_generated_CSharp/Assembly-CSharp/DragonU3DSDK/Storage/StorageSummerWatermelonTwelve.cs,DragonU3DSDK.Storage,StorageSummerWatermelonTwelve,11009,private int unlockBoardIndex; // 0x74
code/AssetRipper_generated_CSharp/Assembly-CSharp/DragonU3DSDK/Storage/StorageSummerWatermelonTwelve.cs,DragonU3DSDK.Storage,StorageSummerWatermelonTwelve,11009,private StorageSummerWatermelonNewGfit newGift; // 0x78
code/AssetRipper_generated_CSharp/Assembly-CSharp/DragonU3DSDK/Storage/StorageSummerWatermelonTwo.cs,DragonU3DSDK.Storage,StorageSummerWatermelonTwo,11010,private bool isStart; // 0x8
code/AssetRipper_generated_CSharp/Assembly-CSharp/DragonU3DSDK/Storage/StorageSummerWatermelonTwo.cs,DragonU3DSDK.Storage,StorageSummerWatermelonTwo,11010,private int maxUnlockLevel; // 0xC
code/AssetRipper_generated_CSharp/Assembly-CSharp/DragonU3DSDK/Storage/StorageSummerWatermelonTwo.cs,DragonU3DSDK.Storage,StorageSummerWatermelonTwo,11010,private StorageList<int> unSetRewards; // 0x10
code/AssetRipper_generated_CSharp/Assembly-CSharp/DragonU3DSDK/Storage/StorageSummerWatermelonTwo.cs,DragonU3DSDK.Storage,StorageSummerWatermelonTwo,11010,"private StorageDictionary<int, int> unCollectRewards; // 0x14"
code/AssetRipper_generated_CSharp/Assembly-CSharp/DragonU3DSDK/Storage/StorageSummerWatermelonTwo.cs,DragonU3DSDK.Storage,StorageSummerWatermelonTwo,11010,private StorageList<int> unSetItems; // 0x18
code/AssetRipper_generated_CSharp/Assembly-CSharp/DragonU3DSDK/Storage/StorageSummerWatermelonTwo.cs,DragonU3DSDK.Storage,StorageSummerWatermelonTwo,11010,private long startActivityTime; // 0x20
code/AssetRipper_generated_CSharp/Assembly-CSharp/DragonU3DSDK/Storage/StorageSummerWatermelonTwo.cs,DragonU3DSDK.Storage,StorageSummerWatermelonTwo,11010,private long activityEndTime; // 0x28
code/AssetRipper_generated_CSharp/Assembly-CSharp/DragonU3DSDK/Storage/StorageSummerWatermelonTwo.cs,DragonU3DSDK.Storage,StorageSummerWatermelonTwo,11010,"private StorageDictionary<int, int> buyPackageShopIdDictionary; // 0x30"
code/AssetRipper_generated_CSharp/Assembly-CSharp/DragonU3DSDK/Storage/StorageSummerWatermelonTwo.cs,DragonU3DSDK.Storage,StorageSummerWatermelonTwo,11010,private int dayProductCount; // 0x34
code/AssetRipper_generated_CSharp/Assembly-CSharp/DragonU3DSDK/Storage/StorageSummerWatermelonTwo.cs,DragonU3DSDK.Storage,StorageSummerWatermelonTwo,11010,private int dayId; // 0x38
code/AssetRipper_generated_CSharp/Assembly-CSharp/DragonU3DSDK/Storage/StorageSummerWatermelonTwo.cs,DragonU3DSDK.Storage,StorageSummerWatermelonTwo,11010,"private StorageDictionary<int, bool> packageEnableStateDictionary; // 0x3C"
code/AssetRipper_generated_CSharp/Assembly-CSharp/DragonU3DSDK/Storage/StorageSummerWatermelonTwo.cs,DragonU3DSDK.Storage,StorageSummerWatermelonTwo,11010,private bool isShowEnd; // 0x40
code/AssetRipper_generated_CSharp/Assembly-CSharp/DragonU3DSDK/Storage/StorageSummerWatermelonTwo.cs,DragonU3DSDK.Storage,StorageSummerWatermelonTwo,11010,private bool isOpenBigBoard; // 0x41
code/AssetRipper_generated_CSharp/Assembly-CSharp/DragonU3DSDK/Storage/StorageSummerWatermelonTwo.cs,DragonU3DSDK.Storage,StorageSummerWatermelonTwo,11010,"private StorageDictionary<int, bool> claimedFirstRwards; // 0x44"
code/AssetRipper_generated_CSharp/Assembly-CSharp/DragonU3DSDK/Storage/StorageSummerWatermelonTwo.cs,DragonU3DSDK.Storage,StorageSummerWatermelonTwo,11010,private StorageList<int> mergeItems; // 0x48
code/AssetRipper_generated_CSharp/Assembly-CSharp/DragonU3DSDK/Storage/StorageSummerWatermelonTwo.cs,DragonU3DSDK.Storage,StorageSummerWatermelonTwo,11010,private long giftBuyTime; // 0x50
code/AssetRipper_generated_CSharp/Assembly-CSharp/DragonU3DSDK/Storage/StorageSummerWatermelonTwo.cs,DragonU3DSDK.Storage,StorageSummerWatermelonTwo,11010,private int giftBuyNum; // 0x58
code/AssetRipper_generated_CSharp/Assembly-CSharp/DragonU3DSDK/Storage/StorageSummerWatermelonTwo.cs,DragonU3DSDK.Storage,StorageSummerWatermelonTwo,11010,private int oneByOneIndex; // 0x5C
code/AssetRipper_generated_CSharp/Assembly-CSharp/DragonU3DSDK/Storage/StorageSummerWatermelonTwo.cs,DragonU3DSDK.Storage,StorageSummerWatermelonTwo,11010,private bool isABTest; // 0x60
code/AssetRipper_generated_CSharp/Assembly-CSharp/DragonU3DSDK/Storage/StorageSummerWatermelonTwo.cs,DragonU3DSDK.Storage,StorageSummerWatermelonTwo,11010,private StorageList<int> noRecycleItems; // 0x64
code/AssetRipper_generated_CSharp/Assembly-CSharp/DragonU3DSDK/Storage/StorageSummerWatermelonTwo.cs,DragonU3DSDK.Storage,StorageSummerWatermelonTwo,11010,private int biMaxMergeItemLevel; // 0x68
code/AssetRipper_generated_CSharp/Assembly-CSharp/DragonU3DSDK/Storage/StorageSummerWatermelonTwo.cs,DragonU3DSDK.Storage,StorageSummerWatermelonTwo,11010,private StorageSummerWatermelonFifteenBattlePass battlePass; // 0x6C
code/AssetRipper_generated_CSharp/Assembly-CSharp/DragonU3DSDK/Storage/StorageSummerWatermelonTwo.cs,DragonU3DSDK.Storage,StorageSummerWatermelonTwo,11010,private StorageSummerWatermelonNewGfit newGift; // 0x70
code/AssetRipper_generated_CSharp/Assembly-CSharp/DragonU3DSDK/Storage/StorageGame.cs,DragonU3DSDK.Storage,StorageGame,11020,"private StorageDictionary<int, StorageMergeBoard> mergeBoards; // 0x8"
code/AssetRipper_generated_CSharp/Assembly-CSharp/DragonU3DSDK/Storage/StorageGame.cs,DragonU3DSDK.Storage,StorageGame,11020,private StorageMergeUnlockItem mergeUnlockItem; // 0xC
code/AssetRipper_generated_CSharp/Assembly-CSharp/DragonU3DSDK/Storage/StorageGame.cs,DragonU3DSDK.Storage,StorageGame,11020,private StorageMysteryGift mysteryGift; // 0x10
code/AssetRipper_generated_CSharp/Assembly-CSharp/DragonU3DSDK/Storage/StorageMergeBoard.cs,DragonU3DSDK.Storage,StorageMergeBoard,11021,private int width; // 0x8
code/AssetRipper_generated_CSharp/Assembly-CSharp/DragonU3DSDK/Storage/StorageMergeBoard.cs,DragonU3DSDK.Storage,StorageMergeBoard,11021,private int height; // 0xC
code/AssetRipper_generated_CSharp/Assembly-CSharp/DragonU3DSDK/Storage/StorageMergeBoard.cs,DragonU3DSDK.Storage,StorageMergeBoard,11021,private StorageList<StorageMergeItem> items; // 0x10
code/AssetRipper_generated_CSharp/Assembly-CSharp/DragonU3DSDK/Storage/StorageMergeBoard.cs,DragonU3DSDK.Storage,StorageMergeBoard,11021,private StorageList<StorageMergeItem> bags; // 0x14
code/AssetRipper_generated_CSharp/Assembly-CSharp/DragonU3DSDK/Storage/StorageMergeBoard.cs,DragonU3DSDK.Storage,StorageMergeBoard,11021,private int bagCapacity; // 0x18
code/AssetRipper_generated_CSharp/Assembly-CSharp/DragonU3DSDK/Storage/StorageMergeBoard.cs,DragonU3DSDK.Storage,StorageMergeBoard,11021,private StorageList<StorageMergeItem> rewards; // 0x1C
code/AssetRipper_generated_CSharp/Assembly-CSharp/DragonU3DSDK/Storage/StorageMergeBoard.cs,DragonU3DSDK.Storage,StorageMergeBoard,11021,"private StorageDictionary<int, int> mergeCounts; // 0x20"
code/AssetRipper_generated_CSharp/Assembly-CSharp/DragonU3DSDK/Storage/StorageMergeBoard.cs,DragonU3DSDK.Storage,StorageMergeBoard,11021,private int mergeCount; // 0x24
code/AssetRipper_generated_CSharp/Assembly-CSharp/DragonU3DSDK/Storage/StorageMergeBoard.cs,DragonU3DSDK.Storage,StorageMergeBoard,11021,private int finishTaskCount; // 0x28
code/AssetRipper_generated_CSharp/Assembly-CSharp/DragonU3DSDK/Storage/StorageMergeBoard.cs,DragonU3DSDK.Storage,StorageMergeBoard,11021,private int decoCount; // 0x2C
code/AssetRipper_generated_CSharp/Assembly-CSharp/DragonU3DSDK/Storage/StorageMergeBoard.cs,DragonU3DSDK.Storage,StorageMergeBoard,11021,"private StorageDictionary<int, int> lineProducts; // 0x30"
code/AssetRipper_generated_CSharp/Assembly-CSharp/DragonU3DSDK/Storage/StorageMergeBoard.cs,DragonU3DSDK.Storage,StorageMergeBoard,11021,private StorageList<StorageMergeItem> vipBags; // 0x34
code/AssetRipper_generated_CSharp/Assembly-CSharp/DragonU3DSDK/Storage/StorageMergeBoard.cs,DragonU3DSDK.Storage,StorageMergeBoard,11021,private int todayBubbleCount; // 0x38
code/AssetRipper_generated_CSharp/Assembly-CSharp/DragonU3DSDK/Storage/StorageMergeBoard.cs,DragonU3DSDK.Storage,StorageMergeBoard,11021,private ulong lastProductBubbleTime; // 0x40
code/AssetRipper_generated_CSharp/Assembly-CSharp/DragonU3DSDK/Storage/StorageMergeBoard.cs,DragonU3DSDK.Storage,StorageMergeBoard,11021,"private StorageDictionary<int, int> todayBubbleInfo; // 0x48"
code/AssetRipper_generated_CSharp/Assembly-CSharp/DragonU3DSDK/Storage/StorageMergeBoard.cs,DragonU3DSDK.Storage,StorageMergeBoard,11021,private StorageList<StorageMergeItem> buildingBags; // 0x4C
code/AssetRipper_generated_CSharp/Assembly-CSharp/DragonU3DSDK/Storage/StorageMergeBoard.cs,DragonU3DSDK.Storage,StorageMergeBoard,11021,private int buildingBagCapacity; // 0x50
code/AssetRipper_generated_CSharp/Assembly-CSharp/DragonU3DSDK/Storage/StorageMergeBoard.cs,DragonU3DSDK.Storage,StorageMergeBoard,11021,private long unlimtProductEndTime; // 0x58
code/AssetRipper_generated_CSharp/Assembly-CSharp/DragonU3DSDK/Storage/StorageMergeBoard.cs,DragonU3DSDK.Storage,StorageMergeBoard,11021,private StorageList<int> icecList; // 0x60
code/AssetRipper_generated_CSharp/Assembly-CSharp/DragonU3DSDK/Storage/StorageMergeBoard.cs,DragonU3DSDK.Storage,StorageMergeBoard,11021,private StorageList<int> iceTimeList; // 0x64
code/AssetRipper_generated_CSharp/Assembly-CSharp/DragonU3DSDK/Storage/StorageMergeBoard.cs,DragonU3DSDK.Storage,StorageMergeBoard,11021,private int iceIndex; // 0x68
code/AssetRipper_generated_CSharp/Assembly-CSharp/DragonU3DSDK/Storage/StorageMergeBoard.cs,DragonU3DSDK.Storage,StorageMergeBoard,11021,private ulong lastProductIceCubeTime; // 0x70
code/AssetRipper_generated_CSharp/Assembly-CSharp/DragonU3DSDK/Storage/StorageMergeBoard.cs,DragonU3DSDK.Storage,StorageMergeBoard,11021,private int iceSlot; // 0x78
code/AssetRipper_generated_CSharp/Assembly-CSharp/DragonU3DSDK/Storage/StorageMergeItem.cs,DragonU3DSDK.Storage,StorageMergeItem,11022,private int id; // 0x8
code/AssetRipper_generated_CSharp/Assembly-CSharp/DragonU3DSDK/Storage/StorageMergeItem.cs,DragonU3DSDK.Storage,StorageMergeItem,11022,private int state; // 0xC
code/AssetRipper_generated_CSharp/Assembly-CSharp/DragonU3DSDK/Storage/StorageMergeItem.cs,DragonU3DSDK.Storage,StorageMergeItem,11022,private int unlockState; // 0x10
code/AssetRipper_generated_CSharp/Assembly-CSharp/DragonU3DSDK/Storage/StorageMergeItem.cs,DragonU3DSDK.Storage,StorageMergeItem,11022,private ulong productTime; // 0x18
code/AssetRipper_generated_CSharp/Assembly-CSharp/DragonU3DSDK/Storage/StorageMergeItem.cs,DragonU3DSDK.Storage,StorageMergeItem,11022,private ulong timProductTime; // 0x20
code/AssetRipper_generated_CSharp/Assembly-CSharp/DragonU3DSDK/Storage/StorageMergeItem.cs,DragonU3DSDK.Storage,StorageMergeItem,11022,private int productCount; // 0x28
code/AssetRipper_generated_CSharp/Assembly-CSharp/DragonU3DSDK/Storage/StorageMergeItem.cs,DragonU3DSDK.Storage,StorageMergeItem,11022,private int timeProductCount; // 0x2C
code/AssetRipper_generated_CSharp/Assembly-CSharp/DragonU3DSDK/Storage/StorageMergeItem.cs,DragonU3DSDK.Storage,StorageMergeItem,11022,private ulong openTime; // 0x30
code/AssetRipper_generated_CSharp/Assembly-CSharp/DragonU3DSDK/Storage/StorageMergeItem.cs,DragonU3DSDK.Storage,StorageMergeItem,11022,private StorageList<int> productItems; // 0x38
code/AssetRipper_generated_CSharp/Assembly-CSharp/DragonU3DSDK/Storage/StorageMergeItem.cs,DragonU3DSDK.Storage,StorageMergeItem,11022,private int storeMax; // 0x3C
code/AssetRipper_generated_CSharp/Assembly-CSharp/DragonU3DSDK/Storage/StorageMergeItem.cs,DragonU3DSDK.Storage,StorageMergeItem,11022,private int timeStoreMax; // 0x40
code/AssetRipper_generated_CSharp/Assembly-CSharp/DragonU3DSDK/Storage/StorageMergeItem.cs,DragonU3DSDK.Storage,StorageMergeItem,11022,private ulong inCdTime; // 0x48
code/AssetRipper_generated_CSharp/Assembly-CSharp/DragonU3DSDK/Storage/StorageMergeItem.cs,DragonU3DSDK.Storage,StorageMergeItem,11022,private int bubbleType; // 0x50
code/AssetRipper_generated_CSharp/Assembly-CSharp/DragonU3DSDK/Storage/StorageMergeItem.cs,DragonU3DSDK.Storage,StorageMergeItem,11022,private int bubbleDiscount; // 0x54
code/AssetRipper_generated_CSharp/Assembly-CSharp/DragonU3DSDK/Storage/StorageMergeItem.cs,DragonU3DSDK.Storage,StorageMergeItem,11022,private ulong activeTime; // 0x58
code/AssetRipper_generated_CSharp/Assembly-CSharp/DragonU3DSDK/Storage/StorageMergeItem.cs,DragonU3DSDK.Storage,StorageMergeItem,11022,private bool isPause; // 0x60
code/AssetRipper_generated_CSharp/Assembly-CSharp/DragonU3DSDK/Storage/StorageMergeItem.cs,DragonU3DSDK.Storage,StorageMergeItem,11022,private int pauseCDTime; // 0x64
code/AssetRipper_generated_CSharp/Assembly-CSharp/DragonU3DSDK/Storage/StorageMergeItem.cs,DragonU3DSDK.Storage,StorageMergeItem,11022,"private StorageDictionary<int, int> dropIntervalDic; // 0x68"
code/AssetRipper_generated_CSharp/Assembly-CSharp/DragonU3DSDK/Storage/StorageMergeItem.cs,DragonU3DSDK.Storage,StorageMergeItem,11022,private int playRvNum; // 0x6C
code/AssetRipper_generated_CSharp/Assembly-CSharp/DragonU3DSDK/Storage/StorageMergeItem.cs,DragonU3DSDK.Storage,StorageMergeItem,11022,private int productWheel; // 0x70
code/AssetRipper_generated_CSharp/Assembly-CSharp/DragonU3DSDK/Storage/StorageMergeItem.cs,DragonU3DSDK.Storage,StorageMergeItem,11022,private int boosterFactor; // 0x74
code/AssetRipper_generated_CSharp/Assembly-CSharp/DragonU3DSDK/Storage/StorageMergeItem.cs,DragonU3DSDK.Storage,StorageMergeItem,11022,private ulong bsRefreshTime; // 0x78
code/AssetRipper_generated_CSharp/Assembly-CSharp/DragonU3DSDK/Storage/StorageMergeItem.cs,DragonU3DSDK.Storage,StorageMergeItem,11022,private int bsIndex; // 0x80
code/AssetRipper_generated_CSharp/Assembly-CSharp/DragonU3DSDK/Storage/StorageMergeItem.cs,DragonU3DSDK.Storage,StorageMergeItem,11022,"private StorageDictionary<int, int> eatBuildingDic; // 0x84"
code/AssetRipper_generated_CSharp/Assembly-CSharp/DragonU3DSDK/Storage/StorageMergeItem.cs,DragonU3DSDK.Storage,StorageMergeItem,11022,private string userInfo; // 0x88
code/AssetRipper_generated_CSharp/Assembly-CSharp/DragonU3DSDK/Storage/StorageMergeItem.cs,DragonU3DSDK.Storage,StorageMergeItem,11022,private int uniqueId; // 0x8C
code/AssetRipper_generated_CSharp/Assembly-CSharp/DragonU3DSDK/Storage/StorageMergeItem.cs,DragonU3DSDK.Storage,StorageMergeItem,11022,private StorageList<int> replaceItems; // 0x90
code/AssetRipper_generated_CSharp/Assembly-CSharp/DragonU3DSDK/Storage/StorageMergeItem.cs,DragonU3DSDK.Storage,StorageMergeItem,11022,private int mineIndex; // 0x94
code/AssetRipper_generated_CSharp/Assembly-CSharp/DragonU3DSDK/Storage/StorageMergeItem.cs,DragonU3DSDK.Storage,StorageMergeItem,11022,private int iceCubeExistTime; // 0x98
code/AssetRipper_generated_CSharp/Assembly-CSharp/DragonU3DSDK/Storage/StorageMergeUnlockItem.cs,DragonU3DSDK.Storage,StorageMergeUnlockItem,11023,private StorageList<int> unlockIds; // 0x8
code/AssetRipper_generated_CSharp/Assembly-CSharp/DragonU3DSDK/Storage/StorageMergeUnlockItem.cs,DragonU3DSDK.Storage,StorageMergeUnlockItem,11023,private StorageList<int> unlockLines; // 0xC
code/AssetRipper_generated_CSharp/Assembly-CSharp/DragonU3DSDK/Storage/StorageMergeUnlockItem.cs,DragonU3DSDK.Storage,StorageMergeUnlockItem,11023,private StorageList<int> galleryAwarded; // 0x10
code/AssetRipper_generated_CSharp/Assembly-CSharp/DragonU3DSDK/Storage/StorageMergeUnlockItem.cs,DragonU3DSDK.Storage,StorageMergeUnlockItem,11023,"private StorageDictionary<int, int> gainItemIds; // 0x14"
