TypeDefIndex	Namespace	Type	RVA	Signature	AssetRipperFile	Il2CppDumperBlock	NativePseudocodeFile	Recovery
26		DraggableItem	175E11C	private void OnMouseDown() { }	DraggableItem.cs	code/Il2CppDumper/type_blocks/00026_DraggableItem.txt		signature only
26		DraggableItem	175E1E0	private void OnMouseDrag() { }	DraggableItem.cs	code/Il2CppDumper/type_blocks/00026_DraggableItem.txt		signature only
26		DraggableItem	175E2C0	private void OnMouseUp() { }	DraggableItem.cs	code/Il2CppDumper/type_blocks/00026_DraggableItem.txt		signature only
26		DraggableItem	175E2CC	private void OnTriggerEnter2D(Collider2D other) { }	DraggableItem.cs	code/Il2CppDumper/type_blocks/00026_DraggableItem.txt		signature only
26		DraggableItem	175E2D0	private void OnTriggerExit2D(Collider2D other) { }	DraggableItem.cs	code/Il2CppDumper/type_blocks/00026_DraggableItem.txt		signature only
26		DraggableItem	175E2D4	private void OnTriggerStay2D(Collider2D other) { }	DraggableItem.cs	code/Il2CppDumper/type_blocks/00026_DraggableItem.txt		signature only
26		DraggableItem	175E2D8	public void .ctor() { }	DraggableItem.cs	code/Il2CppDumper/type_blocks/00026_DraggableItem.txt		signature only
30		CellMergeCollider	175E9CC	public void .ctor() { }	CellMergeCollider.cs	code/Il2CppDumper/type_blocks/00030_CellMergeCollider.txt		signature only
86	Paxie	BaseSubscriber	176D4B0	public bool get_IsGameObjectDestroyed() { }	Paxie/BaseSubscriber.cs	code/Il2CppDumper/type_blocks/00086_BaseSubscriber.txt		signature only
86	Paxie	BaseSubscriber	176D4B8	private void set_IsGameObjectDestroyed(bool value) { }	Paxie/BaseSubscriber.cs	code/Il2CppDumper/type_blocks/00086_BaseSubscriber.txt		signature only
86	Paxie	BaseSubscriber	176D4C0	public TutorialStepConfig get_ActiveTutorialStepConfig() { }	Paxie/BaseSubscriber.cs	code/Il2CppDumper/type_blocks/00086_BaseSubscriber.txt		signature only
86	Paxie	BaseSubscriber	176D630	public TutorialIndex get_ActiveIndex() { }	Paxie/BaseSubscriber.cs	code/Il2CppDumper/type_blocks/00086_BaseSubscriber.txt		signature only
86	Paxie	BaseSubscriber	176D6F0	public int get_SequentialTutorialMainIndex() { }	Paxie/BaseSubscriber.cs	code/Il2CppDumper/type_blocks/00086_BaseSubscriber.txt		signature only
86	Paxie	BaseSubscriber	176D860	public SceneController.State get_GameState() { }	Paxie/BaseSubscriber.cs	code/Il2CppDumper/type_blocks/00086_BaseSubscriber.txt		signature only
86	Paxie	BaseSubscriber	176C240	public TutorialController get_TutorialController() { }	Paxie/BaseSubscriber.cs	code/Il2CppDumper/type_blocks/00086_BaseSubscriber.txt		signature only
86	Paxie	BaseSubscriber	176D864	public SceneController.State GetGameState() { }	Paxie/BaseSubscriber.cs	code/Il2CppDumper/type_blocks/00086_BaseSubscriber.txt		signature only
86	Paxie	BaseSubscriber	176D964	public bool IsTutorialState() { }	Paxie/BaseSubscriber.cs	code/Il2CppDumper/type_blocks/00086_BaseSubscriber.txt		signature only
86	Paxie	BaseSubscriber	176DA70	public bool IsTutorialActive() { }	Paxie/BaseSubscriber.cs	code/Il2CppDumper/type_blocks/00086_BaseSubscriber.txt		signature only
86	Paxie	BaseSubscriber	176D4C4	public TutorialStepConfig GetActiveTutorialStep() { }	Paxie/BaseSubscriber.cs	code/Il2CppDumper/type_blocks/00086_BaseSubscriber.txt		signature only
86	Paxie	BaseSubscriber	176D6F4	public TutorialIndex GetSequentialTutorialMainIndex() { }	Paxie/BaseSubscriber.cs	code/Il2CppDumper/type_blocks/00086_BaseSubscriber.txt		signature only
86	Paxie	BaseSubscriber	176DB44	public RectTransform get_rectTransform() { }	Paxie/BaseSubscriber.cs	code/Il2CppDumper/type_blocks/00086_BaseSubscriber.txt		signature only
86	Paxie	BaseSubscriber	176DBCC	public virtual void Awake() { }	Paxie/BaseSubscriber.cs	code/Il2CppDumper/type_blocks/00086_BaseSubscriber.txt		signature only
86	Paxie	BaseSubscriber	176DC34	public virtual void Start() { }	Paxie/BaseSubscriber.cs	code/Il2CppDumper/type_blocks/00086_BaseSubscriber.txt		signature only
86	Paxie	BaseSubscriber	176DC38	public virtual void OnEnable() { }	Paxie/BaseSubscriber.cs	code/Il2CppDumper/type_blocks/00086_BaseSubscriber.txt		signature only
86	Paxie	BaseSubscriber	176DC3C	public virtual void OnDestroy() { }	Paxie/BaseSubscriber.cs	code/Il2CppDumper/type_blocks/00086_BaseSubscriber.txt		signature only
86	Paxie	BaseSubscriber	176DCAC	public virtual void DOKill() { }	Paxie/BaseSubscriber.cs	code/Il2CppDumper/type_blocks/00086_BaseSubscriber.txt		signature only
86	Paxie	BaseSubscriber	176DCB0	private void Update() { }	Paxie/BaseSubscriber.cs	code/Il2CppDumper/type_blocks/00086_BaseSubscriber.txt		signature only
86	Paxie	BaseSubscriber	176DEDC	protected AddressableReferenceData GetAddressableReferenceData() { }	Paxie/BaseSubscriber.cs	code/Il2CppDumper/type_blocks/00086_BaseSubscriber.txt		signature only
86	Paxie	BaseSubscriber	176DCE8	private void UpdateImmediateInternal(bool skipTimeCheck) { }	Paxie/BaseSubscriber.cs	code/Il2CppDumper/type_blocks/00086_BaseSubscriber.txt		signature only
86	Paxie	BaseSubscriber	176DF94	public virtual void UpdatePlayingTick(float elapsedTime) { }	Paxie/BaseSubscriber.cs	code/Il2CppDumper/type_blocks/00086_BaseSubscriber.txt		signature only
86	Paxie	BaseSubscriber	176DF98	public virtual void UpdateTutorialTick(float elapsedTime) { }	Paxie/BaseSubscriber.cs	code/Il2CppDumper/type_blocks/00086_BaseSubscriber.txt		signature only
86	Paxie	BaseSubscriber	176DF9C	public virtual void UpdatePausedTick(float elapsedTime) { }	Paxie/BaseSubscriber.cs	code/Il2CppDumper/type_blocks/00086_BaseSubscriber.txt		signature only
86	Paxie	BaseSubscriber	176DFA0	public virtual void UpdateTick() { }	Paxie/BaseSubscriber.cs	code/Il2CppDumper/type_blocks/00086_BaseSubscriber.txt		signature only
86	Paxie	BaseSubscriber	176DFA4	public virtual void OnEvent(CanvasEvent.GameplayStatusUpdate e) { }	Paxie/BaseSubscriber.cs	code/Il2CppDumper/type_blocks/00086_BaseSubscriber.txt		signature only
86	Paxie	BaseSubscriber	176DFA8	public virtual void OnEvent(CanvasEvent.TutorialScreenStatusChange e) { }	Paxie/BaseSubscriber.cs	code/Il2CppDumper/type_blocks/00086_BaseSubscriber.txt		signature only
86	Paxie	BaseSubscriber	176DFAC	public CancellationToken GetCancellationTokenOnDestroy() { }	Paxie/BaseSubscriber.cs	code/Il2CppDumper/type_blocks/00086_BaseSubscriber.txt		signature only
86	Paxie	BaseSubscriber	176C414	public void .ctor() { }	Paxie/BaseSubscriber.cs	code/Il2CppDumper/type_blocks/00086_BaseSubscriber.txt		signature only
86	Paxie	BaseSubscriber	176E0F4	private static void .cctor() { }	Paxie/BaseSubscriber.cs	code/Il2CppDumper/type_blocks/00086_BaseSubscriber.txt		signature only
87	Paxie	BaseSubscriberService	176E14C	public void .ctor() { }	Paxie/BaseSubscriberService.cs	code/Il2CppDumper/type_blocks/00087_BaseSubscriberService.txt		signature only
142		DataSaveWrapper.	18A7F34	private void MoveNext() { }	Paxie/DataSaveWrapper.cs	code/Il2CppDumper/type_blocks/00142_DataSaveWrapper..txt		signature only
142		DataSaveWrapper.	18A8F88	private void SetStateMachine(IAsyncStateMachine stateMachine) { }	Paxie/DataSaveWrapper.cs	code/Il2CppDumper/type_blocks/00142_DataSaveWrapper..txt		signature only
143	Paxie	DataSaveWrapper	18A7440	public static void DeleteAll() { }	Paxie/DataSaveWrapper.cs	code/Il2CppDumper/type_blocks/00143_DataSaveWrapper.txt		signature only
143	Paxie	DataSaveWrapper	18A76A0	public static void DeleteKey(string key) { }	Paxie/DataSaveWrapper.cs	code/Il2CppDumper/type_blocks/00143_DataSaveWrapper.txt		signature only
143	Paxie	DataSaveWrapper	18A74A8	public static void SavePrefs(bool forceSave) { }	Paxie/DataSaveWrapper.cs	code/Il2CppDumper/type_blocks/00143_DataSaveWrapper.txt		signature only
143	Paxie	DataSaveWrapper	18A76A8	public static void SetStringAsync(string key, string val, bool writeDisc = True) { }	Paxie/DataSaveWrapper.cs	code/Il2CppDumper/type_blocks/00143_DataSaveWrapper.txt		signature only
143	Paxie	DataSaveWrapper	18A7900	public static bool HasKey(string key) { }	Paxie/DataSaveWrapper.cs	code/Il2CppDumper/type_blocks/00143_DataSaveWrapper.txt		signature only
143	Paxie	DataSaveWrapper	18A7908	public static void SetIntAsync(string key, int val, bool writeDisc = True) { }	Paxie/DataSaveWrapper.cs	code/Il2CppDumper/type_blocks/00143_DataSaveWrapper.txt		signature only
143	Paxie	DataSaveWrapper	18A7B60	public static void SetFloatAsync(string key, float val, bool writeDisc = True) { }	Paxie/DataSaveWrapper.cs	code/Il2CppDumper/type_blocks/00143_DataSaveWrapper.txt		signature only
143	Paxie	DataSaveWrapper	18A7DB8	"public static string GetString(string key, string defaultVal = """") { }"	Paxie/DataSaveWrapper.cs	code/Il2CppDumper/type_blocks/00143_DataSaveWrapper.txt		signature only
143	Paxie	DataSaveWrapper	18A7DC0	public static int GetInt(string key, int defaultVal = 0) { }	Paxie/DataSaveWrapper.cs	code/Il2CppDumper/type_blocks/00143_DataSaveWrapper.txt		signature only
143	Paxie	DataSaveWrapper	18A7DC8	public static float GetFloat(string key, float defaultVal = 0) { }	Paxie/DataSaveWrapper.cs	code/Il2CppDumper/type_blocks/00143_DataSaveWrapper.txt		signature only
143	Paxie	DataSaveWrapper	18A7DD0	public static UniTask SaveDataToLocalFileAsync(string path, object obj) { }	Paxie/DataSaveWrapper.cs	code/Il2CppDumper/type_blocks/00143_DataSaveWrapper.txt		signature only
143	Paxie	DataSaveWrapper	18A7EB4	private static void .cctor() { }	Paxie/DataSaveWrapper.cs	code/Il2CppDumper/type_blocks/00143_DataSaveWrapper.txt		signature only
144		SaveWorker.	18A98A0	public void .ctor() { }	Paxie/SaveWorker.cs	code/Il2CppDumper/type_blocks/00144_SaveWorker..txt		signature only
144		SaveWorker.	18A9DE4	internal void <SaveMapAsync>b__0() { }	Paxie/SaveWorker.cs	code/Il2CppDumper/type_blocks/00144_SaveWorker..txt		signature only
145	Paxie	SaveWorker	18A8F94	public static SaveWorker get_Instance() { }	Paxie/SaveWorker.cs	code/Il2CppDumper/type_blocks/00145_SaveWorker.txt		signature only
145	Paxie	SaveWorker	18A8FF8	private void Awake() { }	Paxie/SaveWorker.cs	code/Il2CppDumper/type_blocks/00145_SaveWorker.txt		signature only
145	Paxie	SaveWorker	18A9108	public void Initialize() { }	Paxie/SaveWorker.cs	code/Il2CppDumper/type_blocks/00145_SaveWorker.txt		signature only
145	Paxie	SaveWorker	18A910C	private void SaveMapAsync(object threadInput) { }	Paxie/SaveWorker.cs	code/Il2CppDumper/type_blocks/00145_SaveWorker.txt		signature only
145	Paxie	SaveWorker	18A99F4	public void SaveMap(Dictionary<string, object> map, bool skipDiskWrite) { }	Paxie/SaveWorker.cs	code/Il2CppDumper/type_blocks/00145_SaveWorker.txt		signature only
145	Paxie	SaveWorker	18A9B40	private void FixedUpdate() { }	Paxie/SaveWorker.cs	code/Il2CppDumper/type_blocks/00145_SaveWorker.txt		signature only
145	Paxie	SaveWorker	18A9CCC	public void .ctor() { }	Paxie/SaveWorker.cs	code/Il2CppDumper/type_blocks/00145_SaveWorker.txt		signature only
145	Paxie	SaveWorker	18A9D64	private static void .cctor() { }	Paxie/SaveWorker.cs	code/Il2CppDumper/type_blocks/00145_SaveWorker.txt		signature only
174	Paxie	Movable	18B8B80	public Movable.InteractionStatus get_GetInteractionStatus() { }	Paxie/Movable.cs	code/Il2CppDumper/type_blocks/00174_Movable.txt		signature only
174	Paxie	Movable	18B8B88	public Movable.Status get_MoveStatus() { }	Paxie/Movable.cs	code/Il2CppDumper/type_blocks/00174_Movable.txt		signature only
174	Paxie	Movable	18B8B90	public PointerEventData get_LastPointerDragEventData() { }	Paxie/Movable.cs	code/Il2CppDumper/type_blocks/00174_Movable.txt		signature only
174	Paxie	Movable	18B8B98	private void OnTriggerEnter2D(Collider2D other) { }	Paxie/Movable.cs	code/Il2CppDumper/type_blocks/00174_Movable.txt		signature only
174	Paxie	Movable	18B8C40	private void OnTriggerExit2D(Collider2D other) { }	Paxie/Movable.cs	code/Il2CppDumper/type_blocks/00174_Movable.txt		signature only
174	Paxie	Movable	18B8CE8	private void OnTriggerStay2D(Collider2D other) { }	Paxie/Movable.cs	code/Il2CppDumper/type_blocks/00174_Movable.txt		signature only
174	Paxie	Movable	18B8E0C	public void LogCurrentColliders() { }	Paxie/Movable.cs	code/Il2CppDumper/type_blocks/00174_Movable.txt		signature only
174	Paxie	Movable	18B9138	public void SetStatus(Movable.Status status) { }	Paxie/Movable.cs	code/Il2CppDumper/type_blocks/00174_Movable.txt		signature only
174	Paxie	Movable	18B9208	public void SetInteractionStatus(Movable.InteractionStatus interactionStatus) { }	Paxie/Movable.cs	code/Il2CppDumper/type_blocks/00174_Movable.txt		signature only
174	Paxie	Movable	18B92F4	private void CancelDragBeforeChangingInteractionStatus(Movable.InteractionStatus interactionStatus) { }	Paxie/Movable.cs	code/Il2CppDumper/type_blocks/00174_Movable.txt		signature only
174	Paxie	Movable	18B93C4	public void OnBeginDrag(PointerEventData eventData) { }	Paxie/Movable.cs	code/Il2CppDumper/type_blocks/00174_Movable.txt		signature only
174	Paxie	Movable	18B946C	public void OnEndDrag(PointerEventData eventData) { }	Paxie/Movable.cs	code/Il2CppDumper/type_blocks/00174_Movable.txt		signature only
174	Paxie	Movable	18B9310	public void DragEnded() { }	Paxie/Movable.cs	code/Il2CppDumper/type_blocks/00174_Movable.txt		signature only
174	Paxie	Movable	18B9470	public void OnDrag(PointerEventData eventData) { }	Paxie/Movable.cs	code/Il2CppDumper/type_blocks/00174_Movable.txt		signature only
174	Paxie	Movable	18B95B4	public void OnPointerClick(PointerEventData eventData) { }	Paxie/Movable.cs	code/Il2CppDumper/type_blocks/00174_Movable.txt		signature only
174	Paxie	Movable	18B97EC	public void .ctor() { }	Paxie/Movable.cs	code/Il2CppDumper/type_blocks/00174_Movable.txt		signature only
198	Paxie	SerializableDictionary	18BA858	public void .ctor() { }	Paxie/SerializableDictionary.cs	code/Il2CppDumper/type_blocks/00198_SerializableDictionary.txt		signature only
344	Paxie.MergePuzzle	ItemControllerFactory	1B9372C	public void .ctor(CommonFactoryService factoryService, ObjectPoolerBase objectPool) { }	Paxie/MergePuzzle/ItemControllerFactory.cs	code/Il2CppDumper/type_blocks/00344_ItemControllerFactory.txt		signature only
393		ItemCollectionElement.Delegates.Initialize	1B97DB0	public void .ctor(object object, IntPtr method) { }	Paxie/MergePuzzle/ItemCollections/Model/ItemCollectionElement.cs	code/Il2CppDumper/type_blocks/00393_ItemCollectionElement.Delegates.Initialize.txt		signature only
393		ItemCollectionElement.Delegates.Initialize	1B9DB9C	public virtual void Invoke() { }	Paxie/MergePuzzle/ItemCollections/Model/ItemCollectionElement.cs	code/Il2CppDumper/type_blocks/00393_ItemCollectionElement.Delegates.Initialize.txt		signature only
393		ItemCollectionElement.Delegates.Initialize	1B9DBAC	public virtual IAsyncResult BeginInvoke(AsyncCallback callback, object object) { }	Paxie/MergePuzzle/ItemCollections/Model/ItemCollectionElement.cs	code/Il2CppDumper/type_blocks/00393_ItemCollectionElement.Delegates.Initialize.txt		signature only
393		ItemCollectionElement.Delegates.Initialize	1B9DBD4	public virtual void EndInvoke(IAsyncResult result) { }	Paxie/MergePuzzle/ItemCollections/Model/ItemCollectionElement.cs	code/Il2CppDumper/type_blocks/00393_ItemCollectionElement.Delegates.Initialize.txt		signature only
394		ItemCollectionElement.Delegates.TypeChanged	1B9DBE0	public void .ctor(object object, IntPtr method) { }	Paxie/MergePuzzle/ItemCollections/Model/ItemCollectionElement.cs	code/Il2CppDumper/type_blocks/00394_ItemCollectionElement.Delegates.TypeChanged.txt		signature only
394		ItemCollectionElement.Delegates.TypeChanged	1B9DC84	public virtual void Invoke(ItemCollectionElement.Type oldType, ItemCollectionElement itemCollectionElement) { }	Paxie/MergePuzzle/ItemCollections/Model/ItemCollectionElement.cs	code/Il2CppDumper/type_blocks/00394_ItemCollectionElement.Delegates.TypeChanged.txt		signature only
394		ItemCollectionElement.Delegates.TypeChanged	1B9DC94	public virtual IAsyncResult BeginInvoke(ItemCollectionElement.Type oldType, ItemCollectionElement itemCollectionElement, AsyncCallback callback, object object) { }	Paxie/MergePuzzle/ItemCollections/Model/ItemCollectionElement.cs	code/Il2CppDumper/type_blocks/00394_ItemCollectionElement.Delegates.TypeChanged.txt		signature only
394		ItemCollectionElement.Delegates.TypeChanged	1B9DD28	public virtual void EndInvoke(IAsyncResult result) { }	Paxie/MergePuzzle/ItemCollections/Model/ItemCollectionElement.cs	code/Il2CppDumper/type_blocks/00394_ItemCollectionElement.Delegates.TypeChanged.txt		signature only
395		ItemCollectionElement.Delegates.Claim	1B9DD34	public void .ctor(object object, IntPtr method) { }	Paxie/MergePuzzle/ItemCollections/Model/ItemCollectionElement.cs	code/Il2CppDumper/type_blocks/00395_ItemCollectionElement.Delegates.Claim.txt		signature only
395		ItemCollectionElement.Delegates.Claim	1B9DDD8	public virtual void Invoke() { }	Paxie/MergePuzzle/ItemCollections/Model/ItemCollectionElement.cs	code/Il2CppDumper/type_blocks/00395_ItemCollectionElement.Delegates.Claim.txt		signature only
395		ItemCollectionElement.Delegates.Claim	1B9DDE8	public virtual IAsyncResult BeginInvoke(AsyncCallback callback, object object) { }	Paxie/MergePuzzle/ItemCollections/Model/ItemCollectionElement.cs	code/Il2CppDumper/type_blocks/00395_ItemCollectionElement.Delegates.Claim.txt		signature only
395		ItemCollectionElement.Delegates.Claim	1B9DE10	public virtual void EndInvoke(IAsyncResult result) { }	Paxie/MergePuzzle/ItemCollections/Model/ItemCollectionElement.cs	code/Il2CppDumper/type_blocks/00395_ItemCollectionElement.Delegates.Claim.txt		signature only
396		ItemCollectionElement.Delegates	1B9DB94	public void .ctor() { }	Paxie/MergePuzzle/ItemCollections/Model/ItemCollectionElement.cs	code/Il2CppDumper/type_blocks/00396_ItemCollectionElement.Delegates.txt		signature only
397	Paxie.MergePuzzle.ItemCollections.Model	ItemCollectionElement	1B9DA50	public ItemCollectionElement.Type get_DiscoverType() { }	Paxie/MergePuzzle/ItemCollections/Model/ItemCollectionElement.cs	code/Il2CppDumper/type_blocks/00397_ItemCollectionElement.txt		signature only
397	Paxie.MergePuzzle.ItemCollections.Model	ItemCollectionElement	1B9DA58	public void set_DiscoverType(ItemCollectionElement.Type value) { }	Paxie/MergePuzzle/ItemCollections/Model/ItemCollectionElement.cs	code/Il2CppDumper/type_blocks/00397_ItemCollectionElement.txt		signature only
397	Paxie.MergePuzzle.ItemCollections.Model	ItemCollectionElement	1B9DA84	public ItemInfo get_ItemInfo() { }	Paxie/MergePuzzle/ItemCollections/Model/ItemCollectionElement.cs	code/Il2CppDumper/type_blocks/00397_ItemCollectionElement.txt		signature only
397	Paxie.MergePuzzle.ItemCollections.Model	ItemCollectionElement	1B9DA98	public void set_ItemInfo(ItemInfo value) { }	Paxie/MergePuzzle/ItemCollections/Model/ItemCollectionElement.cs	code/Il2CppDumper/type_blocks/00397_ItemCollectionElement.txt		signature only
397	Paxie.MergePuzzle.ItemCollections.Model	ItemCollectionElement	1B9DAA4	public bool get_IsVisibleInCollection() { }	Paxie/MergePuzzle/ItemCollections/Model/ItemCollectionElement.cs	code/Il2CppDumper/type_blocks/00397_ItemCollectionElement.txt		signature only
397	Paxie.MergePuzzle.ItemCollections.Model	ItemCollectionElement	1B9DAAC	public void set_IsVisibleInCollection(bool value) { }	Paxie/MergePuzzle/ItemCollections/Model/ItemCollectionElement.cs	code/Il2CppDumper/type_blocks/00397_ItemCollectionElement.txt		signature only
397	Paxie.MergePuzzle.ItemCollections.Model	ItemCollectionElement	1B9DAB4	public BoardItemData get_BoardItemData() { }	Paxie/MergePuzzle/ItemCollections/Model/ItemCollectionElement.cs	code/Il2CppDumper/type_blocks/00397_ItemCollectionElement.txt		signature only
397	Paxie.MergePuzzle.ItemCollections.Model	ItemCollectionElement	1B9DABC	public void set_BoardItemData(BoardItemData value) { }	Paxie/MergePuzzle/ItemCollections/Model/ItemCollectionElement.cs	code/Il2CppDumper/type_blocks/00397_ItemCollectionElement.txt		signature only
397	Paxie.MergePuzzle.ItemCollections.Model	ItemCollectionElement	1B9DAC4	public ItemCollectionElement.Delegates.Initialize get_OnInitialize() { }	Paxie/MergePuzzle/ItemCollections/Model/ItemCollectionElement.cs	code/Il2CppDumper/type_blocks/00397_ItemCollectionElement.txt		signature only
397	Paxie.MergePuzzle.ItemCollections.Model	ItemCollectionElement	1B9DACC	public void set_OnInitialize(ItemCollectionElement.Delegates.Initialize value) { }	Paxie/MergePuzzle/ItemCollections/Model/ItemCollectionElement.cs	code/Il2CppDumper/type_blocks/00397_ItemCollectionElement.txt		signature only
397	Paxie.MergePuzzle.ItemCollections.Model	ItemCollectionElement	1B9DAD4	public ItemCollectionElement.Delegates.TypeChanged get_OnTypeChanged() { }	Paxie/MergePuzzle/ItemCollections/Model/ItemCollectionElement.cs	code/Il2CppDumper/type_blocks/00397_ItemCollectionElement.txt		signature only
397	Paxie.MergePuzzle.ItemCollections.Model	ItemCollectionElement	1B9DADC	public void set_OnTypeChanged(ItemCollectionElement.Delegates.TypeChanged value) { }	Paxie/MergePuzzle/ItemCollections/Model/ItemCollectionElement.cs	code/Il2CppDumper/type_blocks/00397_ItemCollectionElement.txt		signature only
397	Paxie.MergePuzzle.ItemCollections.Model	ItemCollectionElement	1B9DAE4	public ItemCollectionElement.Delegates.Claim get_OnClaim() { }	Paxie/MergePuzzle/ItemCollections/Model/ItemCollectionElement.cs	code/Il2CppDumper/type_blocks/00397_ItemCollectionElement.txt		signature only
397	Paxie.MergePuzzle.ItemCollections.Model	ItemCollectionElement	1B9DAEC	public void set_OnClaim(ItemCollectionElement.Delegates.Claim value) { }	Paxie/MergePuzzle/ItemCollections/Model/ItemCollectionElement.cs	code/Il2CppDumper/type_blocks/00397_ItemCollectionElement.txt		signature only
397	Paxie.MergePuzzle.ItemCollections.Model	ItemCollectionElement	1B9DAF4	public void .ctor(ItemCollectionElement.Type discoverType, BoardItemData boardItemData) { }	Paxie/MergePuzzle/ItemCollections/Model/ItemCollectionElement.cs	code/Il2CppDumper/type_blocks/00397_ItemCollectionElement.txt		signature only
397	Paxie.MergePuzzle.ItemCollections.Model	ItemCollectionElement	1B9982C	public void Paint() { }	Paxie/MergePuzzle/ItemCollections/Model/ItemCollectionElement.cs	code/Il2CppDumper/type_blocks/00397_ItemCollectionElement.txt		signature only
397	Paxie.MergePuzzle.ItemCollections.Model	ItemCollectionElement	1B98BC0	public void Claim() { }	Paxie/MergePuzzle/ItemCollections/Model/ItemCollectionElement.cs	code/Il2CppDumper/type_blocks/00397_ItemCollectionElement.txt		signature only
397	Paxie.MergePuzzle.ItemCollections.Model	ItemCollectionElement	1B9DB48	public bool IsDiscovered() { }	Paxie/MergePuzzle/ItemCollections/Model/ItemCollectionElement.cs	code/Il2CppDumper/type_blocks/00397_ItemCollectionElement.txt		signature only
397	Paxie.MergePuzzle.ItemCollections.Model	ItemCollectionElement	1B9DB58	public bool IsRewardCollectable() { }	Paxie/MergePuzzle/ItemCollections/Model/ItemCollectionElement.cs	code/Il2CppDumper/type_blocks/00397_ItemCollectionElement.txt		signature only
397	Paxie.MergePuzzle.ItemCollections.Model	ItemCollectionElement	1B9DB6C	public bool IsSeenElseWhere() { }	Paxie/MergePuzzle/ItemCollections/Model/ItemCollectionElement.cs	code/Il2CppDumper/type_blocks/00397_ItemCollectionElement.txt		signature only
397	Paxie.MergePuzzle.ItemCollections.Model	ItemCollectionElement	1B9DB80	public bool IsUnknown() { }	Paxie/MergePuzzle/ItemCollections/Model/ItemCollectionElement.cs	code/Il2CppDumper/type_blocks/00397_ItemCollectionElement.txt		signature only
401		ItemCollectionHandler.Delegates.Initialize	1BA126C	public void .ctor(object object, IntPtr method) { }	Paxie/MergePuzzle/ItemCollections/Model/ItemCollectionHandler.cs	code/Il2CppDumper/type_blocks/00401_ItemCollectionHandler.Delegates.Initialize.txt		signature only
401		ItemCollectionHandler.Delegates.Initialize	1BA1310	public virtual void Invoke(bool isLocked) { }	Paxie/MergePuzzle/ItemCollections/Model/ItemCollectionHandler.cs	code/Il2CppDumper/type_blocks/00401_ItemCollectionHandler.Delegates.Initialize.txt		signature only
401		ItemCollectionHandler.Delegates.Initialize	1BA1320	public virtual IAsyncResult BeginInvoke(bool isLocked, AsyncCallback callback, object object) { }	Paxie/MergePuzzle/ItemCollections/Model/ItemCollectionHandler.cs	code/Il2CppDumper/type_blocks/00401_ItemCollectionHandler.Delegates.Initialize.txt		signature only
401		ItemCollectionHandler.Delegates.Initialize	1BA13AC	public virtual void EndInvoke(IAsyncResult result) { }	Paxie/MergePuzzle/ItemCollections/Model/ItemCollectionHandler.cs	code/Il2CppDumper/type_blocks/00401_ItemCollectionHandler.Delegates.Initialize.txt		signature only
402		ItemCollectionHandler.Delegates.UnLocked	1BA13B8	public void .ctor(object object, IntPtr method) { }	Paxie/MergePuzzle/ItemCollections/Model/ItemCollectionHandler.cs	code/Il2CppDumper/type_blocks/00402_ItemCollectionHandler.Delegates.UnLocked.txt		signature only
402		ItemCollectionHandler.Delegates.UnLocked	1BA145C	public virtual void Invoke() { }	Paxie/MergePuzzle/ItemCollections/Model/ItemCollectionHandler.cs	code/Il2CppDumper/type_blocks/00402_ItemCollectionHandler.Delegates.UnLocked.txt		signature only
402		ItemCollectionHandler.Delegates.UnLocked	1BA146C	public virtual IAsyncResult BeginInvoke(AsyncCallback callback, object object) { }	Paxie/MergePuzzle/ItemCollections/Model/ItemCollectionHandler.cs	code/Il2CppDumper/type_blocks/00402_ItemCollectionHandler.Delegates.UnLocked.txt		signature only
402		ItemCollectionHandler.Delegates.UnLocked	1BA1494	public virtual void EndInvoke(IAsyncResult result) { }	Paxie/MergePuzzle/ItemCollections/Model/ItemCollectionHandler.cs	code/Il2CppDumper/type_blocks/00402_ItemCollectionHandler.Delegates.UnLocked.txt		signature only
403		ItemCollectionHandler.Delegates	1BA1264	public void .ctor() { }	Paxie/MergePuzzle/ItemCollections/Model/ItemCollectionHandler.cs	code/Il2CppDumper/type_blocks/00403_ItemCollectionHandler.Delegates.txt		signature only
404		ItemCollectionHandler.	1BA14A0	private static void .cctor() { }	Paxie/MergePuzzle/ItemCollections/Model/ItemCollectionHandler.cs	code/Il2CppDumper/type_blocks/00404_ItemCollectionHandler..txt		signature only
404		ItemCollectionHandler.	1BA1514	public void .ctor() { }	Paxie/MergePuzzle/ItemCollections/Model/ItemCollectionHandler.cs	code/Il2CppDumper/type_blocks/00404_ItemCollectionHandler..txt		signature only
404		ItemCollectionHandler.	1BA151C	internal int <get_LeftTopMostSortedRewardClaimableSetList>b__58_0(ItemInfo el) { }	Paxie/MergePuzzle/ItemCollections/Model/ItemCollectionHandler.cs	code/Il2CppDumper/type_blocks/00404_ItemCollectionHandler..txt		signature only
405		ItemCollectionHandler.	1BA1008	public void .ctor() { }	Paxie/MergePuzzle/ItemCollections/Model/ItemCollectionHandler.cs	code/Il2CppDumper/type_blocks/00405_ItemCollectionHandler..txt		signature only
405		ItemCollectionHandler.	1BA1524	internal bool <ClearRemovedSeenItemsEventOnly>b__0(ItemInfo el) { }	Paxie/MergePuzzle/ItemCollections/Model/ItemCollectionHandler.cs	code/Il2CppDumper/type_blocks/00405_ItemCollectionHandler..txt		signature only
405		ItemCollectionHandler.	1BA1640	internal bool <ClearRemovedSeenItemsEventOnly>b__1(ItemInfo el) { }	Paxie/MergePuzzle/ItemCollections/Model/ItemCollectionHandler.cs	code/Il2CppDumper/type_blocks/00405_ItemCollectionHandler..txt		signature only
405		ItemCollectionHandler.	1BA175C	internal bool <ClearRemovedSeenItemsEventOnly>b__2(ItemInfo el) { }	Paxie/MergePuzzle/ItemCollections/Model/ItemCollectionHandler.cs	code/Il2CppDumper/type_blocks/00405_ItemCollectionHandler..txt		signature only
406		ItemCollectionHandler.	1BA0018	public void .ctor() { }	Paxie/MergePuzzle/ItemCollections/Model/ItemCollectionHandler.cs	code/Il2CppDumper/type_blocks/00406_ItemCollectionHandler..txt		signature only
406		ItemCollectionHandler.	1BA1878	internal bool <TryGetTargetSetsOnSameTab>b__0(int el) { }	Paxie/MergePuzzle/ItemCollections/Model/ItemCollectionHandler.cs	code/Il2CppDumper/type_blocks/00406_ItemCollectionHandler..txt		signature only
407	Paxie.MergePuzzle.ItemCollections.Model	ItemCollectionHandler	1B9DE24	private KiteItemCollectionConfig get_KiteItemCollectionConfig() { }	Paxie/MergePuzzle/ItemCollections/Model/ItemCollectionHandler.cs	code/Il2CppDumper/type_blocks/00407_ItemCollectionHandler.txt		signature only
407	Paxie.MergePuzzle.ItemCollections.Model	ItemCollectionHandler	1B9DE2C	private void set_KiteItemCollectionConfig(KiteItemCollectionConfig value) { }	Paxie/MergePuzzle/ItemCollections/Model/ItemCollectionHandler.cs	code/Il2CppDumper/type_blocks/00407_ItemCollectionHandler.txt		signature only
407	Paxie.MergePuzzle.ItemCollections.Model	ItemCollectionHandler	1B9DE34	public bool get_GemActive() { }	Paxie/MergePuzzle/ItemCollections/Model/ItemCollectionHandler.cs	code/Il2CppDumper/type_blocks/00407_ItemCollectionHandler.txt		signature only
407	Paxie.MergePuzzle.ItemCollections.Model	ItemCollectionHandler	1B9DE50	public bool get_LockedActive() { }	Paxie/MergePuzzle/ItemCollections/Model/ItemCollectionHandler.cs	code/Il2CppDumper/type_blocks/00407_ItemCollectionHandler.txt		signature only
407	Paxie.MergePuzzle.ItemCollections.Model	ItemCollectionHandler	1B9DE6C	public BoardData get_BoardData() { }	Paxie/MergePuzzle/ItemCollections/Model/ItemCollectionHandler.cs	code/Il2CppDumper/type_blocks/00407_ItemCollectionHandler.txt		signature only
407	Paxie.MergePuzzle.ItemCollections.Model	ItemCollectionHandler	1B9DE74	public void set_BoardData(BoardData value) { }	Paxie/MergePuzzle/ItemCollections/Model/ItemCollectionHandler.cs	code/Il2CppDumper/type_blocks/00407_ItemCollectionHandler.txt		signature only
407	Paxie.MergePuzzle.ItemCollections.Model	ItemCollectionHandler	1B9DE7C	private BoardEntity get_BoardEntity() { }	Paxie/MergePuzzle/ItemCollections/Model/ItemCollectionHandler.cs	code/Il2CppDumper/type_blocks/00407_ItemCollectionHandler.txt		signature only
407	Paxie.MergePuzzle.ItemCollections.Model	ItemCollectionHandler	1B9DE84	private void set_BoardEntity(BoardEntity value) { }	Paxie/MergePuzzle/ItemCollections/Model/ItemCollectionHandler.cs	code/Il2CppDumper/type_blocks/00407_ItemCollectionHandler.txt		signature only
407	Paxie.MergePuzzle.ItemCollections.Model	ItemCollectionHandler	1B9DE8C	public bool get_IsUnlocked() { }	Paxie/MergePuzzle/ItemCollections/Model/ItemCollectionHandler.cs	code/Il2CppDumper/type_blocks/00407_ItemCollectionHandler.txt		signature only
407	Paxie.MergePuzzle.ItemCollections.Model	ItemCollectionHandler	1B9DE94	private void set_IsUnlocked(bool value) { }	Paxie/MergePuzzle/ItemCollections/Model/ItemCollectionHandler.cs	code/Il2CppDumper/type_blocks/00407_ItemCollectionHandler.txt		signature only
407	Paxie.MergePuzzle.ItemCollections.Model	ItemCollectionHandler	1B9DE9C	public string get_BoardLabel() { }	Paxie/MergePuzzle/ItemCollections/Model/ItemCollectionHandler.cs	code/Il2CppDumper/type_blocks/00407_ItemCollectionHandler.txt		signature only
407	Paxie.MergePuzzle.ItemCollections.Model	ItemCollectionHandler	1B9DEC0	public SerializableDictionary<ItemInfo, ItemCollectionElement> get_ItemElements() { }	Paxie/MergePuzzle/ItemCollections/Model/ItemCollectionHandler.cs	code/Il2CppDumper/type_blocks/00407_ItemCollectionHandler.txt		signature only
407	Paxie.MergePuzzle.ItemCollections.Model	ItemCollectionHandler	1B9DEC8	public void set_ItemElements(SerializableDictionary<ItemInfo, ItemCollectionElement> value) { }	Paxie/MergePuzzle/ItemCollections/Model/ItemCollectionHandler.cs	code/Il2CppDumper/type_blocks/00407_ItemCollectionHandler.txt		signature only
407	Paxie.MergePuzzle.ItemCollections.Model	ItemCollectionHandler	1B9DED0	public List<ItemInfo> get_DiscoveredItemList() { }	Paxie/MergePuzzle/ItemCollections/Model/ItemCollectionHandler.cs	code/Il2CppDumper/type_blocks/00407_ItemCollectionHandler.txt		signature only
407	Paxie.MergePuzzle.ItemCollections.Model	ItemCollectionHandler	1B9DED8	public void set_DiscoveredItemList(List<ItemInfo> value) { }	Paxie/MergePuzzle/ItemCollections/Model/ItemCollectionHandler.cs	code/Il2CppDumper/type_blocks/00407_ItemCollectionHandler.txt		signature only
407	Paxie.MergePuzzle.ItemCollections.Model	ItemCollectionHandler	1B9DEE0	public List<ItemInfo> get_SeenElseWhereItemList() { }	Paxie/MergePuzzle/ItemCollections/Model/ItemCollectionHandler.cs	code/Il2CppDumper/type_blocks/00407_ItemCollectionHandler.txt		signature only
407	Paxie.MergePuzzle.ItemCollections.Model	ItemCollectionHandler	1B9DEE8	public void set_SeenElseWhereItemList(List<ItemInfo> value) { }	Paxie/MergePuzzle/ItemCollections/Model/ItemCollectionHandler.cs	code/Il2CppDumper/type_blocks/00407_ItemCollectionHandler.txt		signature only
407	Paxie.MergePuzzle.ItemCollections.Model	ItemCollectionHandler	1B9DEF0	public List<ItemInfo> get_RewardClaimableItemList() { }	Paxie/MergePuzzle/ItemCollections/Model/ItemCollectionHandler.cs	code/Il2CppDumper/type_blocks/00407_ItemCollectionHandler.txt		signature only
407	Paxie.MergePuzzle.ItemCollections.Model	ItemCollectionHandler	1B9DEF8	public void set_RewardClaimableItemList(List<ItemInfo> value) { }	Paxie/MergePuzzle/ItemCollections/Model/ItemCollectionHandler.cs	code/Il2CppDumper/type_blocks/00407_ItemCollectionHandler.txt		signature only
407	Paxie.MergePuzzle.ItemCollections.Model	ItemCollectionHandler	1B9DF00	private List<BoardItemCollectionData> get_ItemCollectionDatas() { }	Paxie/MergePuzzle/ItemCollections/Model/ItemCollectionHandler.cs	code/Il2CppDumper/type_blocks/00407_ItemCollectionHandler.txt		signature only
407	Paxie.MergePuzzle.ItemCollections.Model	ItemCollectionHandler	1B9DF08	private void set_ItemCollectionDatas(List<BoardItemCollectionData> value) { }	Paxie/MergePuzzle/ItemCollections/Model/ItemCollectionHandler.cs	code/Il2CppDumper/type_blocks/00407_ItemCollectionHandler.txt		signature only
407	Paxie.MergePuzzle.ItemCollections.Model	ItemCollectionHandler	1B9DF10	private List<ItemInfo> get_AlwaysDiscoveryItems() { }	Paxie/MergePuzzle/ItemCollections/Model/ItemCollectionHandler.cs	code/Il2CppDumper/type_blocks/00407_ItemCollectionHandler.txt		signature only
407	Paxie.MergePuzzle.ItemCollections.Model	ItemCollectionHandler	1B9DF18	private void set_AlwaysDiscoveryItems(List<ItemInfo> value) { }	Paxie/MergePuzzle/ItemCollections/Model/ItemCollectionHandler.cs	code/Il2CppDumper/type_blocks/00407_ItemCollectionHandler.txt		signature only
407	Paxie.MergePuzzle.ItemCollections.Model	ItemCollectionHandler	1B9B544	public int get_UnlockedLevel() { }	Paxie/MergePuzzle/ItemCollections/Model/ItemCollectionHandler.cs	code/Il2CppDumper/type_blocks/00407_ItemCollectionHandler.txt		signature only
407	Paxie.MergePuzzle.ItemCollections.Model	ItemCollectionHandler	1B9DF20	public ItemCollectionHandler.Delegates.Initialize get_OnInitialize() { }	Paxie/MergePuzzle/ItemCollections/Model/ItemCollectionHandler.cs	code/Il2CppDumper/type_blocks/00407_ItemCollectionHandler.txt		signature only
407	Paxie.MergePuzzle.ItemCollections.Model	ItemCollectionHandler	1B9DF28	public void set_OnInitialize(ItemCollectionHandler.Delegates.Initialize value) { }	Paxie/MergePuzzle/ItemCollections/Model/ItemCollectionHandler.cs	code/Il2CppDumper/type_blocks/00407_ItemCollectionHandler.txt		signature only
407	Paxie.MergePuzzle.ItemCollections.Model	ItemCollectionHandler	1B9DF30	public ItemCollectionHandler.Delegates.UnLocked get_OnUnLocked() { }	Paxie/MergePuzzle/ItemCollections/Model/ItemCollectionHandler.cs	code/Il2CppDumper/type_blocks/00407_ItemCollectionHandler.txt		signature only
407	Paxie.MergePuzzle.ItemCollections.Model	ItemCollectionHandler	1B9DF38	public void set_OnUnLocked(ItemCollectionHandler.Delegates.UnLocked value) { }	Paxie/MergePuzzle/ItemCollections/Model/ItemCollectionHandler.cs	code/Il2CppDumper/type_blocks/00407_ItemCollectionHandler.txt		signature only
407	Paxie.MergePuzzle.ItemCollections.Model	ItemCollectionHandler	1B9DF40	public List<int> get_LeftTopMostSortedRewardClaimableSetList() { }	Paxie/MergePuzzle/ItemCollections/Model/ItemCollectionHandler.cs	code/Il2CppDumper/type_blocks/00407_ItemCollectionHandler.txt		signature only
407	Paxie.MergePuzzle.ItemCollections.Model	ItemCollectionHandler	1B9E1AC	public void .ctor() { }	Paxie/MergePuzzle/ItemCollections/Model/ItemCollectionHandler.cs	code/Il2CppDumper/type_blocks/00407_ItemCollectionHandler.txt		signature only
407	Paxie.MergePuzzle.ItemCollections.Model	ItemCollectionHandler	1B9E1B4	public void .ctor(KiteItemCollectionConfig kiteItemCollectionConfig, BoardData boardData, BoardEntity boardEntity, List<BoardItemCollectionData> itemCollectionDatas, List<ItemInfo> alwaysDiscoveryItems) { }	Paxie/MergePuzzle/ItemCollections/Model/ItemCollectionHandler.cs	code/Il2CppDumper/type_blocks/00407_ItemCollectionHandler.txt		signature only
407	Paxie.MergePuzzle.ItemCollections.Model	ItemCollectionHandler	1B9E2AC	private void CreateItemCollectionElements() { }	Paxie/MergePuzzle/ItemCollections/Model/ItemCollectionHandler.cs	code/Il2CppDumper/type_blocks/00407_ItemCollectionHandler.txt		signature only
407	Paxie.MergePuzzle.ItemCollections.Model	ItemCollectionHandler	1B9F194	private void RolloutCheckForGem() { }	Paxie/MergePuzzle/ItemCollections/Model/ItemCollectionHandler.cs	code/Il2CppDumper/type_blocks/00407_ItemCollectionHandler.txt		signature only
407	Paxie.MergePuzzle.ItemCollections.Model	ItemCollectionHandler	1B9F02C	private bool TryCreateItemCollectionItem(BoardItemData boardItemData, out ItemCollectionElement itemCollectionElement) { }	Paxie/MergePuzzle/ItemCollections/Model/ItemCollectionHandler.cs	code/Il2CppDumper/type_blocks/00407_ItemCollectionHandler.txt		signature only
407	Paxie.MergePuzzle.ItemCollections.Model	ItemCollectionHandler	1B9ED38	private bool TryCreateExceptionItemCollectionItem(BoardItemData boardItemData, out ItemCollectionElement itemCollectionElement) { }	Paxie/MergePuzzle/ItemCollections/Model/ItemCollectionHandler.cs	code/Il2CppDumper/type_blocks/00407_ItemCollectionHandler.txt		signature only
407	Paxie.MergePuzzle.ItemCollections.Model	ItemCollectionHandler	1B9F660	public void CreateItemCollectionItems(List<BoardItemSetData> setDataLst) { }	Paxie/MergePuzzle/ItemCollections/Model/ItemCollectionHandler.cs	code/Il2CppDumper/type_blocks/00407_ItemCollectionHandler.txt		signature only
407	Paxie.MergePuzzle.ItemCollections.Model	ItemCollectionHandler	1B9F988	public void CreateItemCollectionItems(List<BoardItemData> boardItemDatas) { }	Paxie/MergePuzzle/ItemCollections/Model/ItemCollectionHandler.cs	code/Il2CppDumper/type_blocks/00407_ItemCollectionHandler.txt		signature only
407	Paxie.MergePuzzle.ItemCollections.Model	ItemCollectionHandler	1B9F7E4	public void CreateItemCollectionItems(BoardItemSetData setData) { }	Paxie/MergePuzzle/ItemCollections/Model/ItemCollectionHandler.cs	code/Il2CppDumper/type_blocks/00407_ItemCollectionHandler.txt		signature only
407	Paxie.MergePuzzle.ItemCollections.Model	ItemCollectionHandler	1B9FB1C	public void CreateItemCollectionItems(SerializableDictionary<int, BoardItemSetData> boardItemSetDatas) { }	Paxie/MergePuzzle/ItemCollections/Model/ItemCollectionHandler.cs	code/Il2CppDumper/type_blocks/00407_ItemCollectionHandler.txt		signature only
407	Paxie.MergePuzzle.ItemCollections.Model	ItemCollectionHandler	1B9F584	public void Subscribe(ItemCollectionElement itemCollectionElement) { }	Paxie/MergePuzzle/ItemCollections/Model/ItemCollectionHandler.cs	code/Il2CppDumper/type_blocks/00407_ItemCollectionHandler.txt		signature only
407	Paxie.MergePuzzle.ItemCollections.Model	ItemCollectionHandler	1B9AFA8	public int GetTabCount() { }	Paxie/MergePuzzle/ItemCollections/Model/ItemCollectionHandler.cs	code/Il2CppDumper/type_blocks/00407_ItemCollectionHandler.txt		signature only
407	Paxie.MergePuzzle.ItemCollections.Model	ItemCollectionHandler	1B9AF28	public List<int> GetTabSetIdsSetIds(int tabIndex) { }	Paxie/MergePuzzle/ItemCollections/Model/ItemCollectionHandler.cs	code/Il2CppDumper/type_blocks/00407_ItemCollectionHandler.txt		signature only
407	Paxie.MergePuzzle.ItemCollections.Model	ItemCollectionHandler	1B9C0E0	public bool TryGetTargetSetsOnSameTab(int tabIndex, out List<int> targetSets) { }	Paxie/MergePuzzle/ItemCollections/Model/ItemCollectionHandler.cs	code/Il2CppDumper/type_blocks/00407_ItemCollectionHandler.txt		signature only
407	Paxie.MergePuzzle.ItemCollections.Model	ItemCollectionHandler	1BA0020	public int CompareLeftTop(int setIDx, int setIDy) { }	Paxie/MergePuzzle/ItemCollections/Model/ItemCollectionHandler.cs	code/Il2CppDumper/type_blocks/00407_ItemCollectionHandler.txt		signature only
407	Paxie.MergePuzzle.ItemCollections.Model	ItemCollectionHandler	1B9B5A8	public int GetFirstTabIndex() { }	Paxie/MergePuzzle/ItemCollections/Model/ItemCollectionHandler.cs	code/Il2CppDumper/type_blocks/00407_ItemCollectionHandler.txt		signature only
407	Paxie.MergePuzzle.ItemCollections.Model	ItemCollectionHandler	1BA0090	public ValueTuple<int, int> GetTabIndexAndListIndex(int setID) { }	Paxie/MergePuzzle/ItemCollections/Model/ItemCollectionHandler.cs	code/Il2CppDumper/type_blocks/00407_ItemCollectionHandler.txt		signature only
407	Paxie.MergePuzzle.ItemCollections.Model	ItemCollectionHandler	1B9BE08	public int GetListIndex(int setID) { }	Paxie/MergePuzzle/ItemCollections/Model/ItemCollectionHandler.cs	code/Il2CppDumper/type_blocks/00407_ItemCollectionHandler.txt		signature only
407	Paxie.MergePuzzle.ItemCollections.Model	ItemCollectionHandler	1BA01D4	public int GetRewardOnCollect() { }	Paxie/MergePuzzle/ItemCollections/Model/ItemCollectionHandler.cs	code/Il2CppDumper/type_blocks/00407_ItemCollectionHandler.txt		signature only
407	Paxie.MergePuzzle.ItemCollections.Model	ItemCollectionHandler	1B9F41C	private ItemCollectionElement.Type GetDiscoverType(ItemInfo itemInfo) { }	Paxie/MergePuzzle/ItemCollections/Model/ItemCollectionHandler.cs	code/Il2CppDumper/type_blocks/00407_ItemCollectionHandler.txt		signature only
407	Paxie.MergePuzzle.ItemCollections.Model	ItemCollectionHandler	1BA01DC	private int GetContainingCombination(ItemInfo itemInfo) { }	Paxie/MergePuzzle/ItemCollections/Model/ItemCollectionHandler.cs	code/Il2CppDumper/type_blocks/00407_ItemCollectionHandler.txt		signature only
407	Paxie.MergePuzzle.ItemCollections.Model	ItemCollectionHandler	1BA02B0	public override bool get_IsActive() { }	Paxie/MergePuzzle/ItemCollections/Model/ItemCollectionHandler.cs	code/Il2CppDumper/type_blocks/00407_ItemCollectionHandler.txt		signature only
407	Paxie.MergePuzzle.ItemCollections.Model	ItemCollectionHandler	1BA02B8	public override void Initialize() { }	Paxie/MergePuzzle/ItemCollections/Model/ItemCollectionHandler.cs	code/Il2CppDumper/type_blocks/00407_ItemCollectionHandler.txt		signature only
407	Paxie.MergePuzzle.ItemCollections.Model	ItemCollectionHandler	1BA03D0	public override void Process() { }	Paxie/MergePuzzle/ItemCollections/Model/ItemCollectionHandler.cs	code/Il2CppDumper/type_blocks/00407_ItemCollectionHandler.txt		signature only
407	Paxie.MergePuzzle.ItemCollections.Model	ItemCollectionHandler	1BA03D4	public override void Disable() { }	Paxie/MergePuzzle/ItemCollections/Model/ItemCollectionHandler.cs	code/Il2CppDumper/type_blocks/00407_ItemCollectionHandler.txt		signature only
407	Paxie.MergePuzzle.ItemCollections.Model	ItemCollectionHandler	1BA03D8	public override FeatureAddressableRequest GetAddressableRequest() { }	Paxie/MergePuzzle/ItemCollections/Model/ItemCollectionHandler.cs	code/Il2CppDumper/type_blocks/00407_ItemCollectionHandler.txt		signature only
407	Paxie.MergePuzzle.ItemCollections.Model	ItemCollectionHandler	1BA02D8	public void TryUnlock() { }	Paxie/MergePuzzle/ItemCollections/Model/ItemCollectionHandler.cs	code/Il2CppDumper/type_blocks/00407_ItemCollectionHandler.txt		signature only
407	Paxie.MergePuzzle.ItemCollections.Model	ItemCollectionHandler	1B9979C	public ItemCollectionElement GetItemCollectionElement(ItemInfo itemInfo) { }	Paxie/MergePuzzle/ItemCollections/Model/ItemCollectionHandler.cs	code/Il2CppDumper/type_blocks/00407_ItemCollectionHandler.txt		signature only
407	Paxie.MergePuzzle.ItemCollections.Model	ItemCollectionHandler	1BA03E0	public bool IsInCollection(ItemInfo itemInfo) { }	Paxie/MergePuzzle/ItemCollections/Model/ItemCollectionHandler.cs	code/Il2CppDumper/type_blocks/00407_ItemCollectionHandler.txt		signature only
407	Paxie.MergePuzzle.ItemCollections.Model	ItemCollectionHandler	1BA0494	public bool TryAddToDiscoveredListCheckGemActive(ItemInfo itemInfo) { }	Paxie/MergePuzzle/ItemCollections/Model/ItemCollectionHandler.cs	code/Il2CppDumper/type_blocks/00407_ItemCollectionHandler.txt		signature only
407	Paxie.MergePuzzle.ItemCollections.Model	ItemCollectionHandler	1BA0538	public bool TryAddToDiscoveredItemList(ItemInfo itemInfo) { }	Paxie/MergePuzzle/ItemCollections/Model/ItemCollectionHandler.cs	code/Il2CppDumper/type_blocks/00407_ItemCollectionHandler.txt		signature only
407	Paxie.MergePuzzle.ItemCollections.Model	ItemCollectionHandler	1BA04E8	public bool TryAddToRewardClaimableItemList(ItemInfo itemInfo) { }	Paxie/MergePuzzle/ItemCollections/Model/ItemCollectionHandler.cs	code/Il2CppDumper/type_blocks/00407_ItemCollectionHandler.txt		signature only
407	Paxie.MergePuzzle.ItemCollections.Model	ItemCollectionHandler	1BA058C	public virtual bool TryAddToSeenElseWhereItemList(ItemInfo itemInfo) { }	Paxie/MergePuzzle/ItemCollections/Model/ItemCollectionHandler.cs	code/Il2CppDumper/type_blocks/00407_ItemCollectionHandler.txt		signature only
407	Paxie.MergePuzzle.ItemCollections.Model	ItemCollectionHandler	1BA05E4	private bool CheckDiscoverType(ItemInfo itemInfo, ItemCollectionElement.Type discoverType) { }	Paxie/MergePuzzle/ItemCollections/Model/ItemCollectionHandler.cs	code/Il2CppDumper/type_blocks/00407_ItemCollectionHandler.txt		signature only
407	Paxie.MergePuzzle.ItemCollections.Model	ItemCollectionHandler	1B9BA00	public bool HasRewardClaimable(int tabIndex) { }	Paxie/MergePuzzle/ItemCollections/Model/ItemCollectionHandler.cs	code/Il2CppDumper/type_blocks/00407_ItemCollectionHandler.txt		signature only
407	Paxie.MergePuzzle.ItemCollections.Model	ItemCollectionHandler	1B99978	public bool HasRewardClaimable() { }	Paxie/MergePuzzle/ItemCollections/Model/ItemCollectionHandler.cs	code/Il2CppDumper/type_blocks/00407_ItemCollectionHandler.txt		signature only
407	Paxie.MergePuzzle.ItemCollections.Model	ItemCollectionHandler	1BA060C	public bool IsNewItem(ItemInfo itemInfo) { }	Paxie/MergePuzzle/ItemCollections/Model/ItemCollectionHandler.cs	code/Il2CppDumper/type_blocks/00407_ItemCollectionHandler.txt		signature only
407	Paxie.MergePuzzle.ItemCollections.Model	ItemCollectionHandler	1BA06B4	public bool IsItemDiscovered(ItemInfo itemInfo) { }	Paxie/MergePuzzle/ItemCollections/Model/ItemCollectionHandler.cs	code/Il2CppDumper/type_blocks/00407_ItemCollectionHandler.txt		signature only
407	Paxie.MergePuzzle.ItemCollections.Model	ItemCollectionHandler	1BA06D4	public bool IsItemRewardClaimable(ItemInfo itemInfo) { }	Paxie/MergePuzzle/ItemCollections/Model/ItemCollectionHandler.cs	code/Il2CppDumper/type_blocks/00407_ItemCollectionHandler.txt		signature only
407	Paxie.MergePuzzle.ItemCollections.Model	ItemCollectionHandler	1BA066C	public bool IsItemSeenElseWhere(ItemInfo itemInfo) { }	Paxie/MergePuzzle/ItemCollections/Model/ItemCollectionHandler.cs	code/Il2CppDumper/type_blocks/00407_ItemCollectionHandler.txt		signature only
407	Paxie.MergePuzzle.ItemCollections.Model	ItemCollectionHandler	1BA0690	public bool IsItemUnknownItem(ItemInfo itemInfo) { }	Paxie/MergePuzzle/ItemCollections/Model/ItemCollectionHandler.cs	code/Il2CppDumper/type_blocks/00407_ItemCollectionHandler.txt		signature only
407	Paxie.MergePuzzle.ItemCollections.Model	ItemCollectionHandler	1BA06F8	public void ModifyListsOnChangeType(ItemCollectionElement.Type oldType, ItemCollectionElement itemCollectionElement) { }	Paxie/MergePuzzle/ItemCollections/Model/ItemCollectionHandler.cs	code/Il2CppDumper/type_blocks/00407_ItemCollectionHandler.txt		signature only
407	Paxie.MergePuzzle.ItemCollections.Model	ItemCollectionHandler	1BA0A58	private void CollectReward(ItemCollectionElement itemCollectionElement) { }	Paxie/MergePuzzle/ItemCollections/Model/ItemCollectionHandler.cs	code/Il2CppDumper/type_blocks/00407_ItemCollectionHandler.txt		signature only
407	Paxie.MergePuzzle.ItemCollections.Model	ItemCollectionHandler	1BA0C14	public void ClearRemovedSeenItems() { }	Paxie/MergePuzzle/ItemCollections/Model/ItemCollectionHandler.cs	code/Il2CppDumper/type_blocks/00407_ItemCollectionHandler.txt		signature only
407	Paxie.MergePuzzle.ItemCollections.Model	ItemCollectionHandler	1BA0D98	public void ClearRemovedSeenItemsEventOnly(BoardData eventBoardData) { }	Paxie/MergePuzzle/ItemCollections/Model/ItemCollectionHandler.cs	code/Il2CppDumper/type_blocks/00407_ItemCollectionHandler.txt		signature only
407	Paxie.MergePuzzle.ItemCollections.Model	ItemCollectionHandler	1BA1010	public override void ProcessLevelUp() { }	Paxie/MergePuzzle/ItemCollections/Model/ItemCollectionHandler.cs	code/Il2CppDumper/type_blocks/00407_ItemCollectionHandler.txt		signature only
407	Paxie.MergePuzzle.ItemCollections.Model	ItemCollectionHandler	1B9EF6C	public static void Log(object msg) { }	Paxie/MergePuzzle/ItemCollections/Model/ItemCollectionHandler.cs	code/Il2CppDumper/type_blocks/00407_ItemCollectionHandler.txt		signature only
407	Paxie.MergePuzzle.ItemCollections.Model	ItemCollectionHandler	1BA1054	private bool <ClearRemovedSeenItems>b__104_0(ItemInfo el) { }	Paxie/MergePuzzle/ItemCollections/Model/ItemCollectionHandler.cs	code/Il2CppDumper/type_blocks/00407_ItemCollectionHandler.txt		signature only
407	Paxie.MergePuzzle.ItemCollections.Model	ItemCollectionHandler	1BA1104	private bool <ClearRemovedSeenItems>b__104_1(ItemInfo el) { }	Paxie/MergePuzzle/ItemCollections/Model/ItemCollectionHandler.cs	code/Il2CppDumper/type_blocks/00407_ItemCollectionHandler.txt		signature only
407	Paxie.MergePuzzle.ItemCollections.Model	ItemCollectionHandler	1BA11B4	private bool <ClearRemovedSeenItems>b__104_2(ItemInfo el) { }	Paxie/MergePuzzle/ItemCollections/Model/ItemCollectionHandler.cs	code/Il2CppDumper/type_blocks/00407_ItemCollectionHandler.txt		signature only
409	Paxie.MergePuzzle.ItemCollections.Config	ItemCollectionConfig	1BA18EC	public void .ctor() { }	Paxie/MergePuzzle/ItemCollections/Config/ItemCollectionConfig.cs	code/Il2CppDumper/type_blocks/00409_ItemCollectionConfig.txt		signature only
943	Paxie.MergeStudio.GameCore.Gameplay.Board	BoardItemTaskSupportChest	178E148	private TaskSupportChestHandler get_TaskSupportChestHandler() { }	Paxie/MergeStudio/GameCore/Gameplay/Board/BoardItemTaskSupportChest.cs	code/Il2CppDumper/type_blocks/00943_BoardItemTaskSupportChest.txt		signature only
943	Paxie.MergeStudio.GameCore.Gameplay.Board	BoardItemTaskSupportChest	178E210	public TaskSupportChestAdaptor get_ConfigAdaptor() { }	Paxie/MergeStudio/GameCore/Gameplay/Board/BoardItemTaskSupportChest.cs	code/Il2CppDumper/type_blocks/00943_BoardItemTaskSupportChest.txt		signature only
943	Paxie.MergeStudio.GameCore.Gameplay.Board	BoardItemTaskSupportChest	178E2DC	public override bool Initialize(BoardEntity boardEntity, IItemController item, long millisecondsPassed, bool isNewlyCreated) { }	Paxie/MergeStudio/GameCore/Gameplay/Board/BoardItemTaskSupportChest.cs	code/Il2CppDumper/type_blocks/00943_BoardItemTaskSupportChest.txt		signature only
943	Paxie.MergeStudio.GameCore.Gameplay.Board	BoardItemTaskSupportChest	178E56C	public override int GetTimeRequiredToExitCharging() { }	Paxie/MergeStudio/GameCore/Gameplay/Board/BoardItemTaskSupportChest.cs	code/Il2CppDumper/type_blocks/00943_BoardItemTaskSupportChest.txt		signature only
943	Paxie.MergeStudio.GameCore.Gameplay.Board	BoardItemTaskSupportChest	178E574	public bool ProcessSpawn(ItemController itemController, BoardController board, int energyConsumeAmount) { }	Paxie/MergeStudio/GameCore/Gameplay/Board/BoardItemTaskSupportChest.cs	code/Il2CppDumper/type_blocks/00943_BoardItemTaskSupportChest.txt		signature only
943	Paxie.MergeStudio.GameCore.Gameplay.Board	BoardItemTaskSupportChest	178EA38	public SpawnedItem GetRandomItem(BoardController board) { }	Paxie/MergeStudio/GameCore/Gameplay/Board/BoardItemTaskSupportChest.cs	code/Il2CppDumper/type_blocks/00943_BoardItemTaskSupportChest.txt		signature only
943	Paxie.MergeStudio.GameCore.Gameplay.Board	BoardItemTaskSupportChest	178E214	public TaskSupportChestAdaptor GetConfigAdaptor() { }	Paxie/MergeStudio/GameCore/Gameplay/Board/BoardItemTaskSupportChest.cs	code/Il2CppDumper/type_blocks/00943_BoardItemTaskSupportChest.txt		signature only
943	Paxie.MergeStudio.GameCore.Gameplay.Board	BoardItemTaskSupportChest	178ECD0	public AdaptorBase ConvertFromLocal() { }	Paxie/MergeStudio/GameCore/Gameplay/Board/BoardItemTaskSupportChest.cs	code/Il2CppDumper/type_blocks/00943_BoardItemTaskSupportChest.txt		signature only
943	Paxie.MergeStudio.GameCore.Gameplay.Board	BoardItemTaskSupportChest	178EE34	public void .ctor() { }	Paxie/MergeStudio/GameCore/Gameplay/Board/BoardItemTaskSupportChest.cs	code/Il2CppDumper/type_blocks/00943_BoardItemTaskSupportChest.txt		signature only
943	Paxie.MergeStudio.GameCore.Gameplay.Board	BoardItemTaskSupportChest	178EE3C	private bool <ConvertFromLocal>b__9_0(BalanceTaskSupportChestModel model) { }	Paxie/MergeStudio/GameCore/Gameplay/Board/BoardItemTaskSupportChest.cs	code/Il2CppDumper/type_blocks/00943_BoardItemTaskSupportChest.txt		signature only
944	Paxie.MergeStudio.GameCore.Gameplay.Board	ItemLevelChecker	178EEA0	public void .ctor(BoardEntity boardEntity, BoardData boardData) { }	Paxie/MergeStudio/GameCore/Gameplay/Board/ItemLevelChecker.cs	code/Il2CppDumper/type_blocks/00944_ItemLevelChecker.txt		signature only
944	Paxie.MergeStudio.GameCore.Gameplay.Board	ItemLevelChecker	178EEDC	public Dictionary<int, ItemSetLevelAvailability> GetDetailedAvailableLevels() { }	Paxie/MergeStudio/GameCore/Gameplay/Board/ItemLevelChecker.cs	code/Il2CppDumper/type_blocks/00944_ItemLevelChecker.txt		signature only
944	Paxie.MergeStudio.GameCore.Gameplay.Board	ItemLevelChecker	178F600	private void CalculateAvailableThroughMerging(ItemSetLevelAvailability itemSetLevelAvailability) { }	Paxie/MergeStudio/GameCore/Gameplay/Board/ItemLevelChecker.cs	code/Il2CppDumper/type_blocks/00944_ItemLevelChecker.txt		signature only
945	Paxie.MergeStudio.GameCore.Gameplay.Board	ItemSetLevelAvailability	178F768	public Dictionary<int, int> get_DirectlyAvailableLevelByCount() { }	Paxie/MergeStudio/GameCore/Gameplay/Board/ItemSetLevelAvailability.cs	code/Il2CppDumper/type_blocks/00945_ItemSetLevelAvailability.txt		signature only
945	Paxie.MergeStudio.GameCore.Gameplay.Board	ItemSetLevelAvailability	178F770	public void set_DirectlyAvailableLevelByCount(Dictionary<int, int> value) { }	Paxie/MergeStudio/GameCore/Gameplay/Board/ItemSetLevelAvailability.cs	code/Il2CppDumper/type_blocks/00945_ItemSetLevelAvailability.txt		signature only
945	Paxie.MergeStudio.GameCore.Gameplay.Board	ItemSetLevelAvailability	178F778	public Dictionary<int, int> get_AvailableThroughMerging() { }	Paxie/MergeStudio/GameCore/Gameplay/Board/ItemSetLevelAvailability.cs	code/Il2CppDumper/type_blocks/00945_ItemSetLevelAvailability.txt		signature only
945	Paxie.MergeStudio.GameCore.Gameplay.Board	ItemSetLevelAvailability	178F780	public void set_AvailableThroughMerging(Dictionary<int, int> value) { }	Paxie/MergeStudio/GameCore/Gameplay/Board/ItemSetLevelAvailability.cs	code/Il2CppDumper/type_blocks/00945_ItemSetLevelAvailability.txt		signature only
945	Paxie.MergeStudio.GameCore.Gameplay.Board	ItemSetLevelAvailability	178F534	public void .ctor(BoardItemSetData setData) { }	Paxie/MergeStudio/GameCore/Gameplay/Board/ItemSetLevelAvailability.cs	code/Il2CppDumper/type_blocks/00945_ItemSetLevelAvailability.txt		signature only
945	Paxie.MergeStudio.GameCore.Gameplay.Board	ItemSetLevelAvailability	178F788	public bool IsAvailable(int level) { }	Paxie/MergeStudio/GameCore/Gameplay/Board/ItemSetLevelAvailability.cs	code/Il2CppDumper/type_blocks/00945_ItemSetLevelAvailability.txt		signature only
945	Paxie.MergeStudio.GameCore.Gameplay.Board	ItemSetLevelAvailability	178F824	public bool IsAvailable(ItemInfo itemInfo) { }	Paxie/MergeStudio/GameCore/Gameplay/Board/ItemSetLevelAvailability.cs	code/Il2CppDumper/type_blocks/00945_ItemSetLevelAvailability.txt		signature only
947		PerishableSpawnerEntity.	178FAC8	public void .ctor() { }	Paxie/MergeStudio/GameCore/Gameplay/Board/Items/PerishableSpawnerEntity.cs	code/Il2CppDumper/type_blocks/00947_PerishableSpawnerEntity..txt		signature only
947		PerishableSpawnerEntity.	178FBF8	internal bool <GetIndexedSpawnedItem>b__0(SpawnerSpawnIndexedItemGroup group) { }	Paxie/MergeStudio/GameCore/Gameplay/Board/Items/PerishableSpawnerEntity.cs	code/Il2CppDumper/type_blocks/00947_PerishableSpawnerEntity..txt		signature only
947		PerishableSpawnerEntity.	178FC28	internal bool <GetIndexedSpawnedItem>b__1(SpawnerSpawnedItem item) { }	Paxie/MergeStudio/GameCore/Gameplay/Board/Items/PerishableSpawnerEntity.cs	code/Il2CppDumper/type_blocks/00947_PerishableSpawnerEntity..txt		signature only
948		PerishableSpawnerEntity.	178FBE8	public void .ctor() { }	Paxie/MergeStudio/GameCore/Gameplay/Board/Items/PerishableSpawnerEntity.cs	code/Il2CppDumper/type_blocks/00948_PerishableSpawnerEntity..txt		signature only
948		PerishableSpawnerEntity.	178FC70	internal bool <GetRandomItem>b__0(SpawnerSpawnedItem item) { }	Paxie/MergeStudio/GameCore/Gameplay/Board/Items/PerishableSpawnerEntity.cs	code/Il2CppDumper/type_blocks/00948_PerishableSpawnerEntity..txt		signature only
949	Paxie.MergeStudio.GameCore.Gameplay.Board.Items	PerishableSpawnerEntity	178F82C	public SpawnerSpawnedItem GetNonProbabilisticItem(int currentCapacity) { }	Paxie/MergeStudio/GameCore/Gameplay/Board/Items/PerishableSpawnerEntity.cs	code/Il2CppDumper/type_blocks/00949_PerishableSpawnerEntity.txt		signature only
949	Paxie.MergeStudio.GameCore.Gameplay.Board.Items	PerishableSpawnerEntity	178F8D8	public SpawnerSpawnedItem GetIndexedSpawnedItem(int currentCapacity) { }	Paxie/MergeStudio/GameCore/Gameplay/Board/Items/PerishableSpawnerEntity.cs	code/Il2CppDumper/type_blocks/00949_PerishableSpawnerEntity.txt		signature only
949	Paxie.MergeStudio.GameCore.Gameplay.Board.Items	PerishableSpawnerEntity	178FAD0	public SpawnerSpawnedItem GetRandomItem() { }	Paxie/MergeStudio/GameCore/Gameplay/Board/Items/PerishableSpawnerEntity.cs	code/Il2CppDumper/type_blocks/00949_PerishableSpawnerEntity.txt		signature only
949	Paxie.MergeStudio.GameCore.Gameplay.Board.Items	PerishableSpawnerEntity	178FBF0	public void .ctor() { }	Paxie/MergeStudio/GameCore/Gameplay/Board/Items/PerishableSpawnerEntity.cs	code/Il2CppDumper/type_blocks/00949_PerishableSpawnerEntity.txt		signature only
950	Paxie.MergeStudio.GameCore.Gameplay.Board.Items	SpawnerSpawnedItem	178FCB8	public void .ctor() { }	Paxie/MergeStudio/GameCore/Gameplay/Board/Items/SpawnerSpawnedItem.cs	code/Il2CppDumper/type_blocks/00950_SpawnerSpawnedItem.txt		signature only
951	Paxie.MergeStudio.GameCore.Gameplay.Board.Items	SpawnerSpawnIndexedItemGroup	178FCC0	public void .ctor() { }	Paxie/MergeStudio/GameCore/Gameplay/Board/Items/SpawnerSpawnIndexedItemGroup.cs	code/Il2CppDumper/type_blocks/00951_SpawnerSpawnIndexedItemGroup.txt		signature only
952	Paxie.MergeStudio.GameCore.Gameplay.Board.Items	BoardItemRewardHolder	178FCC8	public override bool Initialize(BoardEntity boardEntity, IItemController item, long millisecondsPassed, bool isNewlyCreated) { }	Paxie/MergeStudio/GameCore/Gameplay/Board/Items/BoardItemRewardHolder.cs	code/Il2CppDumper/type_blocks/00952_BoardItemRewardHolder.txt		signature only
952	Paxie.MergeStudio.GameCore.Gameplay.Board.Items	BoardItemRewardHolder	178FCD0	public override int GetTimeRequiredToExitCharging() { }	Paxie/MergeStudio/GameCore/Gameplay/Board/Items/BoardItemRewardHolder.cs	code/Il2CppDumper/type_blocks/00952_BoardItemRewardHolder.txt		signature only
952	Paxie.MergeStudio.GameCore.Gameplay.Board.Items	BoardItemRewardHolder	178FCD8	public override bool IsMergeable(IItemRuntimeData itself, IItemRuntimeData other) { }	Paxie/MergeStudio/GameCore/Gameplay/Board/Items/BoardItemRewardHolder.cs	code/Il2CppDumper/type_blocks/00952_BoardItemRewardHolder.txt		signature only
952	Paxie.MergeStudio.GameCore.Gameplay.Board.Items	BoardItemRewardHolder	178FCE0	public override bool IsMergeable(IItemRuntimeData itself) { }	Paxie/MergeStudio/GameCore/Gameplay/Board/Items/BoardItemRewardHolder.cs	code/Il2CppDumper/type_blocks/00952_BoardItemRewardHolder.txt		signature only
952	Paxie.MergeStudio.GameCore.Gameplay.Board.Items	BoardItemRewardHolder	178FCE8	public override bool IsMergeable(IItemEntity itemEntity) { }	Paxie/MergeStudio/GameCore/Gameplay/Board/Items/BoardItemRewardHolder.cs	code/Il2CppDumper/type_blocks/00952_BoardItemRewardHolder.txt		signature only
952	Paxie.MergeStudio.GameCore.Gameplay.Board.Items	BoardItemRewardHolder	178FCF0	public override bool OpenBadgeAtMaxLevel() { }	Paxie/MergeStudio/GameCore/Gameplay/Board/Items/BoardItemRewardHolder.cs	code/Il2CppDumper/type_blocks/00952_BoardItemRewardHolder.txt		signature only
952	Paxie.MergeStudio.GameCore.Gameplay.Board.Items	BoardItemRewardHolder	178FCF8	public void .ctor() { }	Paxie/MergeStudio/GameCore/Gameplay/Board/Items/BoardItemRewardHolder.cs	code/Il2CppDumper/type_blocks/00952_BoardItemRewardHolder.txt		signature only
953	Paxie.MergeStudio.GameCore.Gameplay.Board.Items	BoardItemStaticInteractable	178FD00	public override bool Initialize(BoardEntity boardEntity, IItemController item, long millisecondsPassed, bool isNewlyCreated) { }	Paxie/MergeStudio/GameCore/Gameplay/Board/Items/BoardItemStaticInteractable.cs	code/Il2CppDumper/type_blocks/00953_BoardItemStaticInteractable.txt		signature only
953	Paxie.MergeStudio.GameCore.Gameplay.Board.Items	BoardItemStaticInteractable	178FD08	public override int GetTimeRequiredToExitCharging() { }	Paxie/MergeStudio/GameCore/Gameplay/Board/Items/BoardItemStaticInteractable.cs	code/Il2CppDumper/type_blocks/00953_BoardItemStaticInteractable.txt		signature only
953	Paxie.MergeStudio.GameCore.Gameplay.Board.Items	BoardItemStaticInteractable	178FD10	public override bool IsMergeable(IItemRuntimeData itself, IItemRuntimeData other) { }	Paxie/MergeStudio/GameCore/Gameplay/Board/Items/BoardItemStaticInteractable.cs	code/Il2CppDumper/type_blocks/00953_BoardItemStaticInteractable.txt		signature only
953	Paxie.MergeStudio.GameCore.Gameplay.Board.Items	BoardItemStaticInteractable	178FD18	public override bool IsMergeable(IItemRuntimeData itself) { }	Paxie/MergeStudio/GameCore/Gameplay/Board/Items/BoardItemStaticInteractable.cs	code/Il2CppDumper/type_blocks/00953_BoardItemStaticInteractable.txt		signature only
953	Paxie.MergeStudio.GameCore.Gameplay.Board.Items	BoardItemStaticInteractable	178FD20	public override bool IsMergeable(IItemEntity itemEntity) { }	Paxie/MergeStudio/GameCore/Gameplay/Board/Items/BoardItemStaticInteractable.cs	code/Il2CppDumper/type_blocks/00953_BoardItemStaticInteractable.txt		signature only
953	Paxie.MergeStudio.GameCore.Gameplay.Board.Items	BoardItemStaticInteractable	178FD28	public override bool CanThrownIntoBoard() { }	Paxie/MergeStudio/GameCore/Gameplay/Board/Items/BoardItemStaticInteractable.cs	code/Il2CppDumper/type_blocks/00953_BoardItemStaticInteractable.txt		signature only
953	Paxie.MergeStudio.GameCore.Gameplay.Board.Items	BoardItemStaticInteractable	178FD30	public override bool IsDraggable() { }	Paxie/MergeStudio/GameCore/Gameplay/Board/Items/BoardItemStaticInteractable.cs	code/Il2CppDumper/type_blocks/00953_BoardItemStaticInteractable.txt		signature only
953	Paxie.MergeStudio.GameCore.Gameplay.Board.Items	BoardItemStaticInteractable	178FD38	public override bool IsClickable() { }	Paxie/MergeStudio/GameCore/Gameplay/Board/Items/BoardItemStaticInteractable.cs	code/Il2CppDumper/type_blocks/00953_BoardItemStaticInteractable.txt		signature only
953	Paxie.MergeStudio.GameCore.Gameplay.Board.Items	BoardItemStaticInteractable	178FD40	public override bool OpenBadgeAtMaxLevel() { }	Paxie/MergeStudio/GameCore/Gameplay/Board/Items/BoardItemStaticInteractable.cs	code/Il2CppDumper/type_blocks/00953_BoardItemStaticInteractable.txt		signature only
953	Paxie.MergeStudio.GameCore.Gameplay.Board.Items	BoardItemStaticInteractable	178FD48	public void .ctor() { }	Paxie/MergeStudio/GameCore/Gameplay/Board/Items/BoardItemStaticInteractable.cs	code/Il2CppDumper/type_blocks/00953_BoardItemStaticInteractable.txt		signature only
966	Paxie.MergeStudio.Features.RecurringEvents.MiniBoardProgression	MiniBoardProgressionConfig	17921F0	public void .ctor(KiteMiniBoardProgressionConfigItem kiteMiniBoardProgressionConfigItem, RecurringEventLocalConfigBase local) { }	Paxie/MergeStudio/Features/RecurringEvents/MiniBoardProgression/MiniBoardProgressionConfig.cs	code/Il2CppDumper/type_blocks/00966_MiniBoardProgressionConfig.txt		signature only
966	Paxie.MergeStudio.Features.RecurringEvents.MiniBoardProgression	MiniBoardProgressionConfig	17922D8	public override bool WaitForForceMainPopupAfterStepUpdateForOffer() { }	Paxie/MergeStudio/Features/RecurringEvents/MiniBoardProgression/MiniBoardProgressionConfig.cs	code/Il2CppDumper/type_blocks/00966_MiniBoardProgressionConfig.txt		signature only
966	Paxie.MergeStudio.Features.RecurringEvents.MiniBoardProgression	MiniBoardProgressionConfig	17922E0	public override bool WaitJustStepUpdateEntityForOffer() { }	Paxie/MergeStudio/Features/RecurringEvents/MiniBoardProgression/MiniBoardProgressionConfig.cs	code/Il2CppDumper/type_blocks/00966_MiniBoardProgressionConfig.txt		signature only
968	Paxie.MergeStudio.Features.RecurringEvents.MiniBoardProgression	MiniBoardProgressionData	1792388	public void .ctor() { }	Paxie/MergeStudio/Features/RecurringEvents/MiniBoardProgression/MiniBoardProgressionData.cs	code/Il2CppDumper/type_blocks/00968_MiniBoardProgressionData.txt		signature only
969		MiniBoardProgressionEventData.	1793210	private static void .cctor() { }	Paxie/MergeStudio/Features/RecurringEvents/MiniBoardProgression/MiniBoardProgressionEventData.cs	code/Il2CppDumper/type_blocks/00969_MiniBoardProgressionEventData..txt		signature only
969		MiniBoardProgressionEventData.	1793284	public void .ctor() { }	Paxie/MergeStudio/Features/RecurringEvents/MiniBoardProgression/MiniBoardProgressionEventData.cs	code/Il2CppDumper/type_blocks/00969_MiniBoardProgressionEventData..txt		signature only
969		MiniBoardProgressionEventData.	179328C	internal int <GetBoardTaskEventPoint>b__20_0(KiteMiniBoardItemReward taskItemReward) { }	Paxie/MergeStudio/Features/RecurringEvents/MiniBoardProgression/MiniBoardProgressionEventData.cs	code/Il2CppDumper/type_blocks/00969_MiniBoardProgressionEventData..txt		signature only
970	Paxie.MergeStudio.Features.RecurringEvents.MiniBoardProgression	MiniBoardProgressionEventData	1792390	public int get_GetTotalBoardCount() { }	Paxie/MergeStudio/Features/RecurringEvents/MiniBoardProgression/MiniBoardProgressionEventData.cs	code/Il2CppDumper/type_blocks/00970_MiniBoardProgressionEventData.txt		signature only
970	Paxie.MergeStudio.Features.RecurringEvents.MiniBoardProgression	MiniBoardProgressionEventData	17923F0	public int get_GetMainBoardItemSetID() { }	Paxie/MergeStudio/Features/RecurringEvents/MiniBoardProgression/MiniBoardProgressionEventData.cs	code/Il2CppDumper/type_blocks/00970_MiniBoardProgressionEventData.txt		signature only
970	Paxie.MergeStudio.Features.RecurringEvents.MiniBoardProgression	MiniBoardProgressionEventData	179240C	public List<int> get_GetTargetItemLevels() { }	Paxie/MergeStudio/Features/RecurringEvents/MiniBoardProgression/MiniBoardProgressionEventData.cs	code/Il2CppDumper/type_blocks/00970_MiniBoardProgressionEventData.txt		signature only
970	Paxie.MergeStudio.Features.RecurringEvents.MiniBoardProgression	MiniBoardProgressionEventData	1792428	private List<BalancePerishableConfigModelItem> get_PerishableSpawnerList() { }	Paxie/MergeStudio/Features/RecurringEvents/MiniBoardProgression/MiniBoardProgressionEventData.cs	code/Il2CppDumper/type_blocks/00970_MiniBoardProgressionEventData.txt		signature only
970	Paxie.MergeStudio.Features.RecurringEvents.MiniBoardProgression	MiniBoardProgressionEventData	179229C	public void .ctor(KiteMiniBoardProgressionConfigItem remoteConfig) { }	Paxie/MergeStudio/Features/RecurringEvents/MiniBoardProgression/MiniBoardProgressionEventData.cs	code/Il2CppDumper/type_blocks/00970_MiniBoardProgressionEventData.txt		signature only
970	Paxie.MergeStudio.Features.RecurringEvents.MiniBoardProgression	MiniBoardProgressionEventData	1792444	public List<KiteMiniBoardInitialBoardModel> GetInitialBoardModelList() { }	Paxie/MergeStudio/Features/RecurringEvents/MiniBoardProgression/MiniBoardProgressionEventData.cs	code/Il2CppDumper/type_blocks/00970_MiniBoardProgressionEventData.txt		signature only
970	Paxie.MergeStudio.Features.RecurringEvents.MiniBoardProgression	MiniBoardProgressionEventData	1792460	public KiteMiniBoardInitialBoardModel GetInitialBoardModel(int boardIndex) { }	Paxie/MergeStudio/Features/RecurringEvents/MiniBoardProgression/MiniBoardProgressionEventData.cs	code/Il2CppDumper/type_blocks/00970_MiniBoardProgressionEventData.txt		signature only
970	Paxie.MergeStudio.Features.RecurringEvents.MiniBoardProgression	MiniBoardProgressionEventData	1792508	public List<KiteMiniBoardItemReward> GetInitialActiveRewardList() { }	Paxie/MergeStudio/Features/RecurringEvents/MiniBoardProgression/MiniBoardProgressionEventData.cs	code/Il2CppDumper/type_blocks/00970_MiniBoardProgressionEventData.txt		signature only
970	Paxie.MergeStudio.Features.RecurringEvents.MiniBoardProgression	MiniBoardProgressionEventData	1792524	public int GetTargetItemLevel(int boardIndex) { }	Paxie/MergeStudio/Features/RecurringEvents/MiniBoardProgression/MiniBoardProgressionEventData.cs	code/Il2CppDumper/type_blocks/00970_MiniBoardProgressionEventData.txt		signature only
970	Paxie.MergeStudio.Features.RecurringEvents.MiniBoardProgression	MiniBoardProgressionEventData	17925CC	public int GetLastProgressItemLevel() { }	Paxie/MergeStudio/Features/RecurringEvents/MiniBoardProgression/MiniBoardProgressionEventData.cs	code/Il2CppDumper/type_blocks/00970_MiniBoardProgressionEventData.txt		signature only
970	Paxie.MergeStudio.Features.RecurringEvents.MiniBoardProgression	MiniBoardProgressionEventData	1792658	public override bool GetUseSpawnerForItemGet() { }	Paxie/MergeStudio/Features/RecurringEvents/MiniBoardProgression/MiniBoardProgressionEventData.cs	code/Il2CppDumper/type_blocks/00970_MiniBoardProgressionEventData.txt		signature only
970	Paxie.MergeStudio.Features.RecurringEvents.MiniBoardProgression	MiniBoardProgressionEventData	1792674	public List<int> GetSpawnerList() { }	Paxie/MergeStudio/Features/RecurringEvents/MiniBoardProgression/MiniBoardProgressionEventData.cs	code/Il2CppDumper/type_blocks/00970_MiniBoardProgressionEventData.txt		signature only
970	Paxie.MergeStudio.Features.RecurringEvents.MiniBoardProgression	MiniBoardProgressionEventData	1792690	public List<KiteMiniBoardProgressionSpawnProbabilityConfig> GetSpawnerItemProbabilityList() { }	Paxie/MergeStudio/Features/RecurringEvents/MiniBoardProgression/MiniBoardProgressionEventData.cs	code/Il2CppDumper/type_blocks/00970_MiniBoardProgressionEventData.txt		signature only
970	Paxie.MergeStudio.Features.RecurringEvents.MiniBoardProgression	MiniBoardProgressionEventData	17926AC	public string GetSpawnRewardItemString() { }	Paxie/MergeStudio/Features/RecurringEvents/MiniBoardProgression/MiniBoardProgressionEventData.cs	code/Il2CppDumper/type_blocks/00970_MiniBoardProgressionEventData.txt		signature only
970	Paxie.MergeStudio.Features.RecurringEvents.MiniBoardProgression	MiniBoardProgressionEventData	17928EC	public override bool GetTasksForItemGet() { }	Paxie/MergeStudio/Features/RecurringEvents/MiniBoardProgression/MiniBoardProgressionEventData.cs	code/Il2CppDumper/type_blocks/00970_MiniBoardProgressionEventData.txt		signature only
970	Paxie.MergeStudio.Features.RecurringEvents.MiniBoardProgression	MiniBoardProgressionEventData	1792908	public override int GetBoardTaskEventPoint(int boardTaskCoinReward) { }	Paxie/MergeStudio/Features/RecurringEvents/MiniBoardProgression/MiniBoardProgressionEventData.cs	code/Il2CppDumper/type_blocks/00970_MiniBoardProgressionEventData.txt		signature only
970	Paxie.MergeStudio.Features.RecurringEvents.MiniBoardProgression	MiniBoardProgressionEventData	1792A5C	public override List<KiteMiniBoardItemReward> GetTaskItemRewards(int taskCoin) { }	Paxie/MergeStudio/Features/RecurringEvents/MiniBoardProgression/MiniBoardProgressionEventData.cs	code/Il2CppDumper/type_blocks/00970_MiniBoardProgressionEventData.txt		signature only
970	Paxie.MergeStudio.Features.RecurringEvents.MiniBoardProgression	MiniBoardProgressionEventData	1792C24	public override List<KiteMiniBoardItemReward> GetItemMergeRewards(string setIDLevel) { }	Paxie/MergeStudio/Features/RecurringEvents/MiniBoardProgression/MiniBoardProgressionEventData.cs	code/Il2CppDumper/type_blocks/00970_MiniBoardProgressionEventData.txt		signature only
970	Paxie.MergeStudio.Features.RecurringEvents.MiniBoardProgression	MiniBoardProgressionEventData	1792E20	public override List<BalancePerishableConfigModelItem> GetPerishableSpawnerConfigList() { }	Paxie/MergeStudio/Features/RecurringEvents/MiniBoardProgression/MiniBoardProgressionEventData.cs	code/Il2CppDumper/type_blocks/00970_MiniBoardProgressionEventData.txt		signature only
970	Paxie.MergeStudio.Features.RecurringEvents.MiniBoardProgression	MiniBoardProgressionEventData	1792E3C	public List<RecurringConversionData> GetConversionDataList() { }	Paxie/MergeStudio/Features/RecurringEvents/MiniBoardProgression/MiniBoardProgressionEventData.cs	code/Il2CppDumper/type_blocks/00970_MiniBoardProgressionEventData.txt		signature only
970	Paxie.MergeStudio.Features.RecurringEvents.MiniBoardProgression	MiniBoardProgressionEventData	1792E58	public int GetConversionDataCollectableID() { }	Paxie/MergeStudio/Features/RecurringEvents/MiniBoardProgression/MiniBoardProgressionEventData.cs	code/Il2CppDumper/type_blocks/00970_MiniBoardProgressionEventData.txt		signature only
970	Paxie.MergeStudio.Features.RecurringEvents.MiniBoardProgression	MiniBoardProgressionEventData	1793020	public RecurringConversionData GetConversionData(int setID, int level) { }	Paxie/MergeStudio/Features/RecurringEvents/MiniBoardProgression/MiniBoardProgressionEventData.cs	code/Il2CppDumper/type_blocks/00970_MiniBoardProgressionEventData.txt		signature only
971		MiniBoardProgressionExtraEntity.	1794C88	public void .ctor() { }	Paxie/MergeStudio/Features/RecurringEvents/MiniBoardProgression/MiniBoardProgressionExtraEntity.cs	code/Il2CppDumper/type_blocks/00971_MiniBoardProgressionExtraEntity..txt		signature only
971		MiniBoardProgressionExtraEntity.	179587C	internal bool <ConvertAndAddToMergedRewardList>b__0(MiniBoardProgressionMergedRewards item) { }	Paxie/MergeStudio/Features/RecurringEvents/MiniBoardProgression/MiniBoardProgressionExtraEntity.cs	code/Il2CppDumper/type_blocks/00971_MiniBoardProgressionExtraEntity..txt		signature only
972		MiniBoardProgressionExtraEntity.	17957AC	public void .ctor() { }	Paxie/MergeStudio/Features/RecurringEvents/MiniBoardProgression/MiniBoardProgressionExtraEntity.cs	code/Il2CppDumper/type_blocks/00972_MiniBoardProgressionExtraEntity..txt		signature only
972		MiniBoardProgressionExtraEntity.	17958EC	internal bool <TryAddSideItemProgress>b__0(MiniBoardProgressionSideItemProgress sideProgress) { }	Paxie/MergeStudio/Features/RecurringEvents/MiniBoardProgression/MiniBoardProgressionExtraEntity.cs	code/Il2CppDumper/type_blocks/00972_MiniBoardProgressionExtraEntity..txt		signature only
973	Paxie.MergeStudio.Features.RecurringEvents.MiniBoardProgression	MiniBoardProgressionExtraEntity	17932A8	public static MiniBoardProgressionExtraEntity Get() { }	Paxie/MergeStudio/Features/RecurringEvents/MiniBoardProgression/MiniBoardProgressionExtraEntity.cs	code/Il2CppDumper/type_blocks/00973_MiniBoardProgressionExtraEntity.txt		signature only
973	Paxie.MergeStudio.Features.RecurringEvents.MiniBoardProgression	MiniBoardProgressionExtraEntity	17934C4	public void ResetEntity() { }	Paxie/MergeStudio/Features/RecurringEvents/MiniBoardProgression/MiniBoardProgressionExtraEntity.cs	code/Il2CppDumper/type_blocks/00973_MiniBoardProgressionExtraEntity.txt		signature only
973	Paxie.MergeStudio.Features.RecurringEvents.MiniBoardProgression	MiniBoardProgressionExtraEntity	1793628	public void ChangeBoardIndex(int boardIndex) { }	Paxie/MergeStudio/Features/RecurringEvents/MiniBoardProgression/MiniBoardProgressionExtraEntity.cs	code/Il2CppDumper/type_blocks/00973_MiniBoardProgressionExtraEntity.txt		signature only
973	Paxie.MergeStudio.Features.RecurringEvents.MiniBoardProgression	MiniBoardProgressionExtraEntity	17936CC	public bool IsBoardFull() { }	Paxie/MergeStudio/Features/RecurringEvents/MiniBoardProgression/MiniBoardProgressionExtraEntity.cs	code/Il2CppDumper/type_blocks/00973_MiniBoardProgressionExtraEntity.txt		signature only
973	Paxie.MergeStudio.Features.RecurringEvents.MiniBoardProgression	MiniBoardProgressionExtraEntity	17938D0	public Coordinate GetItemCoordinate(MiniBoardItemEntity miniBoardItemEntity) { }	Paxie/MergeStudio/Features/RecurringEvents/MiniBoardProgression/MiniBoardProgressionExtraEntity.cs	code/Il2CppDumper/type_blocks/00973_MiniBoardProgressionExtraEntity.txt		signature only
973	Paxie.MergeStudio.Features.RecurringEvents.MiniBoardProgression	MiniBoardProgressionExtraEntity	1793914	public List<MiniBoardRewardEntity> GetActiveRewards() { }	Paxie/MergeStudio/Features/RecurringEvents/MiniBoardProgression/MiniBoardProgressionExtraEntity.cs	code/Il2CppDumper/type_blocks/00973_MiniBoardProgressionExtraEntity.txt		signature only
973	Paxie.MergeStudio.Features.RecurringEvents.MiniBoardProgression	MiniBoardProgressionExtraEntity	179391C	public void AddToActiveRewards(int setID, int level, int amount, bool updateBoardIcon) { }	Paxie/MergeStudio/Features/RecurringEvents/MiniBoardProgression/MiniBoardProgressionExtraEntity.cs	code/Il2CppDumper/type_blocks/00973_MiniBoardProgressionExtraEntity.txt		signature only
973	Paxie.MergeStudio.Features.RecurringEvents.MiniBoardProgression	MiniBoardProgressionExtraEntity	1793970	public void AddToActiveRewards(int setID, int level, GameMainReward mainReward, int amount, bool updateBoardIcon) { }	Paxie/MergeStudio/Features/RecurringEvents/MiniBoardProgression/MiniBoardProgressionExtraEntity.cs	code/Il2CppDumper/type_blocks/00973_MiniBoardProgressionExtraEntity.txt		signature only
973	Paxie.MergeStudio.Features.RecurringEvents.MiniBoardProgression	MiniBoardProgressionExtraEntity	17939E4	public void AddRewardToActiveRewardsFromStart(int setID, int level) { }	Paxie/MergeStudio/Features/RecurringEvents/MiniBoardProgression/MiniBoardProgressionExtraEntity.cs	code/Il2CppDumper/type_blocks/00973_MiniBoardProgressionExtraEntity.txt		signature only
973	Paxie.MergeStudio.Features.RecurringEvents.MiniBoardProgression	MiniBoardProgressionExtraEntity	1793A90	public void AddRewardToActiveRewardsFromStart(int setID, int level, MiniBoardItemEntity itemEntity) { }	Paxie/MergeStudio/Features/RecurringEvents/MiniBoardProgression/MiniBoardProgressionExtraEntity.cs	code/Il2CppDumper/type_blocks/00973_MiniBoardProgressionExtraEntity.txt		signature only
973	Paxie.MergeStudio.Features.RecurringEvents.MiniBoardProgression	MiniBoardProgressionExtraEntity	179396C	public void AddToActiveRewards(int setID, int level) { }	Paxie/MergeStudio/Features/RecurringEvents/MiniBoardProgression/MiniBoardProgressionExtraEntity.cs	code/Il2CppDumper/type_blocks/00973_MiniBoardProgressionExtraEntity.txt		signature only
973	Paxie.MergeStudio.Features.RecurringEvents.MiniBoardProgression	MiniBoardProgressionExtraEntity	17939D0	public void AddToActiveRewards(int setID, int level, GameMainReward mainReward) { }	Paxie/MergeStudio/Features/RecurringEvents/MiniBoardProgression/MiniBoardProgressionExtraEntity.cs	code/Il2CppDumper/type_blocks/00973_MiniBoardProgressionExtraEntity.txt		signature only
973	Paxie.MergeStudio.Features.RecurringEvents.MiniBoardProgression	MiniBoardProgressionExtraEntity	1793D68	public Queue<MiniBoardProgressionMergedRewards> GetMergedRewardsQueue() { }	Paxie/MergeStudio/Features/RecurringEvents/MiniBoardProgression/MiniBoardProgressionExtraEntity.cs	code/Il2CppDumper/type_blocks/00973_MiniBoardProgressionExtraEntity.txt		signature only
973	Paxie.MergeStudio.Features.RecurringEvents.MiniBoardProgression	MiniBoardProgressionExtraEntity	1793D70	public void AddToMergedRewardList(MiniBoardItemEntity itemEntity, int setID, int level) { }	Paxie/MergeStudio/Features/RecurringEvents/MiniBoardProgression/MiniBoardProgressionExtraEntity.cs	code/Il2CppDumper/type_blocks/00973_MiniBoardProgressionExtraEntity.txt		signature only
973	Paxie.MergeStudio.Features.RecurringEvents.MiniBoardProgression	MiniBoardProgressionExtraEntity	179413C	public void AddToMergedRewardList(MiniBoardItemEntity itemEntity, int setID, int level, GameMainReward mainReward) { }	Paxie/MergeStudio/Features/RecurringEvents/MiniBoardProgression/MiniBoardProgressionExtraEntity.cs	code/Il2CppDumper/type_blocks/00973_MiniBoardProgressionExtraEntity.txt		signature only
973	Paxie.MergeStudio.Features.RecurringEvents.MiniBoardProgression	MiniBoardProgressionExtraEntity	1794474	public void ConvertAndAddToMergedRewardList(List<MiniBoardItemEntity> convertedItemEntities, MiniBoardItemEntity createdItemEntity) { }	Paxie/MergeStudio/Features/RecurringEvents/MiniBoardProgression/MiniBoardProgressionExtraEntity.cs	code/Il2CppDumper/type_blocks/00973_MiniBoardProgressionExtraEntity.txt		signature only
973	Paxie.MergeStudio.Features.RecurringEvents.MiniBoardProgression	MiniBoardProgressionExtraEntity	1794C90	public void ConvertAllMergedRewardsToMaxLevelItem(int setID, int level) { }	Paxie/MergeStudio/Features/RecurringEvents/MiniBoardProgression/MiniBoardProgressionExtraEntity.cs	code/Il2CppDumper/type_blocks/00973_MiniBoardProgressionExtraEntity.txt		signature only
973	Paxie.MergeStudio.Features.RecurringEvents.MiniBoardProgression	MiniBoardProgressionExtraEntity	1793870	public bool IsEmptyCell(MiniBoardPositionEntity pos) { }	Paxie/MergeStudio/Features/RecurringEvents/MiniBoardProgression/MiniBoardProgressionExtraEntity.cs	code/Il2CppDumper/type_blocks/00973_MiniBoardProgressionExtraEntity.txt		signature only
973	Paxie.MergeStudio.Features.RecurringEvents.MiniBoardProgression	MiniBoardProgressionExtraEntity	17951C0	public bool IsItemNull(MiniBoardItemEntity item) { }	Paxie/MergeStudio/Features/RecurringEvents/MiniBoardProgression/MiniBoardProgressionExtraEntity.cs	code/Il2CppDumper/type_blocks/00973_MiniBoardProgressionExtraEntity.txt		signature only
973	Paxie.MergeStudio.Features.RecurringEvents.MiniBoardProgression	MiniBoardProgressionExtraEntity	1793B54	public void AddRewardToActiveRewards(int setID, int level) { }	Paxie/MergeStudio/Features/RecurringEvents/MiniBoardProgression/MiniBoardProgressionExtraEntity.cs	code/Il2CppDumper/type_blocks/00973_MiniBoardProgressionExtraEntity.txt		signature only
973	Paxie.MergeStudio.Features.RecurringEvents.MiniBoardProgression	MiniBoardProgressionExtraEntity	1793C50	public void AddRewardToActiveRewards(int setID, int level, GameMainReward gameMainReward) { }	Paxie/MergeStudio/Features/RecurringEvents/MiniBoardProgression/MiniBoardProgressionExtraEntity.cs	code/Il2CppDumper/type_blocks/00973_MiniBoardProgressionExtraEntity.txt		signature only
973	Paxie.MergeStudio.Features.RecurringEvents.MiniBoardProgression	MiniBoardProgressionExtraEntity	17951E8	public void TryAddPerishableSpawnerConfig(PerishableSpawnerEntity perishableSpawnerEntity) { }	Paxie/MergeStudio/Features/RecurringEvents/MiniBoardProgression/MiniBoardProgressionExtraEntity.cs	code/Il2CppDumper/type_blocks/00973_MiniBoardProgressionExtraEntity.txt		signature only
973	Paxie.MergeStudio.Features.RecurringEvents.MiniBoardProgression	MiniBoardProgressionExtraEntity	17952A8	public bool IsSideItemProgressExist(int setID, int level) { }	Paxie/MergeStudio/Features/RecurringEvents/MiniBoardProgression/MiniBoardProgressionExtraEntity.cs	code/Il2CppDumper/type_blocks/00973_MiniBoardProgressionExtraEntity.txt		signature only
973	Paxie.MergeStudio.Features.RecurringEvents.MiniBoardProgression	MiniBoardProgressionExtraEntity	17954B0	public void TryAddSideItemProgress(int setID, int level) { }	Paxie/MergeStudio/Features/RecurringEvents/MiniBoardProgression/MiniBoardProgressionExtraEntity.cs	code/Il2CppDumper/type_blocks/00973_MiniBoardProgressionExtraEntity.txt		signature only
973	Paxie.MergeStudio.Features.RecurringEvents.MiniBoardProgression	MiniBoardProgressionExtraEntity	17934BC	public void .ctor() { }	Paxie/MergeStudio/Features/RecurringEvents/MiniBoardProgression/MiniBoardProgressionExtraEntity.cs	code/Il2CppDumper/type_blocks/00973_MiniBoardProgressionExtraEntity.txt		signature only
975	Paxie.MergeStudio.Features.RecurringEvents.MiniBoardProgression	MiniBoardProgressionMergedRewards	1794090	public void .ctor(MiniBoardItemEntity itemEntity) { }	Paxie/MergeStudio/Features/RecurringEvents/MiniBoardProgression/MiniBoardProgressionMergedRewards.cs	code/Il2CppDumper/type_blocks/00975_MiniBoardProgressionMergedRewards.txt		signature only
976		MiniBoardProgressionHandler.	17992A0	private static void .cctor() { }	Paxie/MergeStudio/Features/RecurringEvents/MiniBoardProgression/MiniBoardProgressionHandler.cs	code/Il2CppDumper/type_blocks/00976_MiniBoardProgressionHandler..txt		signature only
976		MiniBoardProgressionHandler.	1799314	public void .ctor() { }	Paxie/MergeStudio/Features/RecurringEvents/MiniBoardProgression/MiniBoardProgressionHandler.cs	code/Il2CppDumper/type_blocks/00976_MiniBoardProgressionHandler..txt		signature only
976		MiniBoardProgressionHandler.	179931C	internal MiniBoardItemEntity <TryProcessBoardLevelUp>b__51_1(MiniBoardPositionEntity position) { }	Paxie/MergeStudio/Features/RecurringEvents/MiniBoardProgression/MiniBoardProgressionHandler.cs	code/Il2CppDumper/type_blocks/00976_MiniBoardProgressionHandler..txt		signature only
976		MiniBoardProgressionHandler.	1799338	internal <>f__AnonymousType0<int, int> <GetCurrencyConversionCollectableReward>b__63_0(MiniBoardRewardEntity reward) { }	Paxie/MergeStudio/Features/RecurringEvents/MiniBoardProgression/MiniBoardProgressionHandler.cs	code/Il2CppDumper/type_blocks/00976_MiniBoardProgressionHandler..txt		signature only
976		MiniBoardProgressionHandler.	17993D4	internal <>f__AnonymousType0<int, int> <GetCurrencyConversionCollectableReward>b__63_1(IGrouping<<>f__AnonymousType0<int, int>, MiniBoardRewardEntity> group) { }	Paxie/MergeStudio/Features/RecurringEvents/MiniBoardProgression/MiniBoardProgressionHandler.cs	code/Il2CppDumper/type_blocks/00976_MiniBoardProgressionHandler..txt		signature only
976		MiniBoardProgressionHandler.	1799488	internal List<MiniBoardRewardEntity> <GetCurrencyConversionCollectableReward>b__63_2(IGrouping<<>f__AnonymousType0<int, int>, MiniBoardRewardEntity> group) { }	Paxie/MergeStudio/Features/RecurringEvents/MiniBoardProgression/MiniBoardProgressionHandler.cs	code/Il2CppDumper/type_blocks/00976_MiniBoardProgressionHandler..txt		signature only
977		MiniBoardProgressionHandler.	1796954	public void .ctor() { }	Paxie/MergeStudio/Features/RecurringEvents/MiniBoardProgression/MiniBoardProgressionHandler.cs	code/Il2CppDumper/type_blocks/00977_MiniBoardProgressionHandler..txt		signature only
977		MiniBoardProgressionHandler.	17994DC	internal bool <GetPerishableSpawnerEntity>b__0(PerishableSpawnerEntity config) { }	Paxie/MergeStudio/Features/RecurringEvents/MiniBoardProgression/MiniBoardProgressionHandler.cs	code/Il2CppDumper/type_blocks/00977_MiniBoardProgressionHandler..txt		signature only
978	Paxie.MergeStudio.Features.RecurringEvents.MiniBoardProgression	MiniBoardProgressionHandler	1795924	public MiniBoardProgressionConfig get_MiniBoardProgressionConfig() { }	Paxie/MergeStudio/Features/RecurringEvents/MiniBoardProgression/MiniBoardProgressionHandler.cs	code/Il2CppDumper/type_blocks/00978_MiniBoardProgressionHandler.txt		signature only
978	Paxie.MergeStudio.Features.RecurringEvents.MiniBoardProgression	MiniBoardProgressionHandler	179592C	public MiniBoardProgressionAddressable get_MiniBoardProgressionAddressable() { }	Paxie/MergeStudio/Features/RecurringEvents/MiniBoardProgression/MiniBoardProgressionHandler.cs	code/Il2CppDumper/type_blocks/00978_MiniBoardProgressionHandler.txt		signature only
978	Paxie.MergeStudio.Features.RecurringEvents.MiniBoardProgression	MiniBoardProgressionHandler	17959D4	public MiniBoardProgressionAssetContainer get_MiniBoardProgressionAssetContainer() { }	Paxie/MergeStudio/Features/RecurringEvents/MiniBoardProgression/MiniBoardProgressionHandler.cs	code/Il2CppDumper/type_blocks/00978_MiniBoardProgressionHandler.txt		signature only
978	Paxie.MergeStudio.Features.RecurringEvents.MiniBoardProgression	MiniBoardProgressionHandler	1795A74	public MiniBoardProgressionEventData get_MiniBoardProgressionEventData() { }	Paxie/MergeStudio/Features/RecurringEvents/MiniBoardProgression/MiniBoardProgressionHandler.cs	code/Il2CppDumper/type_blocks/00978_MiniBoardProgressionHandler.txt		signature only
978	Paxie.MergeStudio.Features.RecurringEvents.MiniBoardProgression	MiniBoardProgressionHandler	1795B0C	public MiniBoardProgressionData get_MiniBoardProgressionBoardData() { }	Paxie/MergeStudio/Features/RecurringEvents/MiniBoardProgression/MiniBoardProgressionHandler.cs	code/Il2CppDumper/type_blocks/00978_MiniBoardProgressionHandler.txt		signature only
978	Paxie.MergeStudio.Features.RecurringEvents.MiniBoardProgression	MiniBoardProgressionHandler	1795BA8	public MiniBoardProgressionExtraEntity get_MiniBoardProgressionExtraEntity() { }	Paxie/MergeStudio/Features/RecurringEvents/MiniBoardProgression/MiniBoardProgressionHandler.cs	code/Il2CppDumper/type_blocks/00978_MiniBoardProgressionHandler.txt		signature only
978	Paxie.MergeStudio.Features.RecurringEvents.MiniBoardProgression	MiniBoardProgressionHandler	1795BB0	private void set_MiniBoardProgressionExtraEntity(MiniBoardProgressionExtraEntity value) { }	Paxie/MergeStudio/Features/RecurringEvents/MiniBoardProgression/MiniBoardProgressionHandler.cs	code/Il2CppDumper/type_blocks/00978_MiniBoardProgressionHandler.txt		signature only
978	Paxie.MergeStudio.Features.RecurringEvents.MiniBoardProgression	MiniBoardProgressionHandler	1795BB8	public MiniBoardProgressionContainer get_MiniBoardProgressionContainer() { }	Paxie/MergeStudio/Features/RecurringEvents/MiniBoardProgression/MiniBoardProgressionHandler.cs	code/Il2CppDumper/type_blocks/00978_MiniBoardProgressionHandler.txt		signature only
978	Paxie.MergeStudio.Features.RecurringEvents.MiniBoardProgression	MiniBoardProgressionHandler	1795BC0	private void set_MiniBoardProgressionContainer(MiniBoardProgressionContainer value) { }	Paxie/MergeStudio/Features/RecurringEvents/MiniBoardProgression/MiniBoardProgressionHandler.cs	code/Il2CppDumper/type_blocks/00978_MiniBoardProgressionHandler.txt		signature only
978	Paxie.MergeStudio.Features.RecurringEvents.MiniBoardProgression	MiniBoardProgressionHandler	1795BC8	public override string GetScrollableFeatureParams(int point) { }	Paxie/MergeStudio/Features/RecurringEvents/MiniBoardProgression/MiniBoardProgressionHandler.cs	code/Il2CppDumper/type_blocks/00978_MiniBoardProgressionHandler.txt		signature only
978	Paxie.MergeStudio.Features.RecurringEvents.MiniBoardProgression	MiniBoardProgressionHandler	1795E28	private void InitializeItemProbabilityCache() { }	Paxie/MergeStudio/Features/RecurringEvents/MiniBoardProgression/MiniBoardProgressionHandler.cs	code/Il2CppDumper/type_blocks/00978_MiniBoardProgressionHandler.txt		signature only
978	Paxie.MergeStudio.Features.RecurringEvents.MiniBoardProgression	MiniBoardProgressionHandler	1796090	public sealed override void SetSpawnerList() { }	Paxie/MergeStudio/Features/RecurringEvents/MiniBoardProgression/MiniBoardProgressionHandler.cs	code/Il2CppDumper/type_blocks/00978_MiniBoardProgressionHandler.txt		signature only
978	Paxie.MergeStudio.Features.RecurringEvents.MiniBoardProgression	MiniBoardProgressionHandler	17960D0	public override void OnEnergyConsumed(ISpawnerEnergyConsumeBaseHandler.EnergyConsumeResult energyConsumeResult) { }	Paxie/MergeStudio/Features/RecurringEvents/MiniBoardProgression/MiniBoardProgressionHandler.cs	code/Il2CppDumper/type_blocks/00978_MiniBoardProgressionHandler.txt		signature only
978	Paxie.MergeStudio.Features.RecurringEvents.MiniBoardProgression	MiniBoardProgressionHandler	1796440	private bool CheckCurrencySpawn(float probability) { }	Paxie/MergeStudio/Features/RecurringEvents/MiniBoardProgression/MiniBoardProgressionHandler.cs	code/Il2CppDumper/type_blocks/00978_MiniBoardProgressionHandler.txt		signature only
978	Paxie.MergeStudio.Features.RecurringEvents.MiniBoardProgression	MiniBoardProgressionHandler	1796404	private int GetSpawnerEnergyConsumeAmount() { }	Paxie/MergeStudio/Features/RecurringEvents/MiniBoardProgression/MiniBoardProgressionHandler.cs	code/Il2CppDumper/type_blocks/00978_MiniBoardProgressionHandler.txt		signature only
978	Paxie.MergeStudio.Features.RecurringEvents.MiniBoardProgression	MiniBoardProgressionHandler	1796420	private void SetSpawnerEnergyConsumeAmount(int energyConsumeAmount) { }	Paxie/MergeStudio/Features/RecurringEvents/MiniBoardProgression/MiniBoardProgressionHandler.cs	code/Il2CppDumper/type_blocks/00978_MiniBoardProgressionHandler.txt		signature only
978	Paxie.MergeStudio.Features.RecurringEvents.MiniBoardProgression	MiniBoardProgressionHandler	1796478	public void .ctor(BoardEntity boardEntity, BoardData boardData, MiniBoardProgressionConfig config) { }	Paxie/MergeStudio/Features/RecurringEvents/MiniBoardProgression/MiniBoardProgressionHandler.cs	code/Il2CppDumper/type_blocks/00978_MiniBoardProgressionHandler.txt		signature only
978	Paxie.MergeStudio.Features.RecurringEvents.MiniBoardProgression	MiniBoardProgressionHandler	1796550	public override void LoadSounds() { }	Paxie/MergeStudio/Features/RecurringEvents/MiniBoardProgression/MiniBoardProgressionHandler.cs	code/Il2CppDumper/type_blocks/00978_MiniBoardProgressionHandler.txt		signature only
978	Paxie.MergeStudio.Features.RecurringEvents.MiniBoardProgression	MiniBoardProgressionHandler	179665C	public override MiniBoardContainer GetMiniBoardContainer() { }	Paxie/MergeStudio/Features/RecurringEvents/MiniBoardProgression/MiniBoardProgressionHandler.cs	code/Il2CppDumper/type_blocks/00978_MiniBoardProgressionHandler.txt		signature only
978	Paxie.MergeStudio.Features.RecurringEvents.MiniBoardProgression	MiniBoardProgressionHandler	1796740	public override MiniBoardAssetContainerBase GetMiniBoardAssetContainer() { }	Paxie/MergeStudio/Features/RecurringEvents/MiniBoardProgression/MiniBoardProgressionHandler.cs	code/Il2CppDumper/type_blocks/00978_MiniBoardProgressionHandler.txt		signature only
978	Paxie.MergeStudio.Features.RecurringEvents.MiniBoardProgression	MiniBoardProgressionHandler	1796744	public override MiniBoardData GetMiniBoardData() { }	Paxie/MergeStudio/Features/RecurringEvents/MiniBoardProgression/MiniBoardProgressionHandler.cs	code/Il2CppDumper/type_blocks/00978_MiniBoardProgressionHandler.txt		signature only
978	Paxie.MergeStudio.Features.RecurringEvents.MiniBoardProgression	MiniBoardProgressionHandler	1796764	public override MiniBoardRemoteParticleData GetMiniBoardRemoteParticleData() { }	Paxie/MergeStudio/Features/RecurringEvents/MiniBoardProgression/MiniBoardProgressionHandler.cs	code/Il2CppDumper/type_blocks/00978_MiniBoardProgressionHandler.txt		signature only
978	Paxie.MergeStudio.Features.RecurringEvents.MiniBoardProgression	MiniBoardProgressionHandler	1796784	public override KiteMiniBoardInitialBoardModel GetInitialBoardModel() { }	Paxie/MergeStudio/Features/RecurringEvents/MiniBoardProgression/MiniBoardProgressionHandler.cs	code/Il2CppDumper/type_blocks/00978_MiniBoardProgressionHandler.txt		signature only
978	Paxie.MergeStudio.Features.RecurringEvents.MiniBoardProgression	MiniBoardProgressionHandler	17967D4	public override List<KiteMiniBoardItemReward> GetInitialActiveRewardList() { }	Paxie/MergeStudio/Features/RecurringEvents/MiniBoardProgression/MiniBoardProgressionHandler.cs	code/Il2CppDumper/type_blocks/00978_MiniBoardProgressionHandler.txt		signature only
978	Paxie.MergeStudio.Features.RecurringEvents.MiniBoardProgression	MiniBoardProgressionHandler	1796804	public override IMiniBoardEntity GetMiniBoardEntity() { }	Paxie/MergeStudio/Features/RecurringEvents/MiniBoardProgression/MiniBoardProgressionHandler.cs	code/Il2CppDumper/type_blocks/00978_MiniBoardProgressionHandler.txt		signature only
978	Paxie.MergeStudio.Features.RecurringEvents.MiniBoardProgression	MiniBoardProgressionHandler	179680C	public override MiniBoardAreaEntity GetMiniBoardAreaEntity() { }	Paxie/MergeStudio/Features/RecurringEvents/MiniBoardProgression/MiniBoardProgressionHandler.cs	code/Il2CppDumper/type_blocks/00978_MiniBoardProgressionHandler.txt		signature only
978	Paxie.MergeStudio.Features.RecurringEvents.MiniBoardProgression	MiniBoardProgressionHandler	1796828	public override PerishableSpawnerEntity GetPerishableSpawnerEntity(int setID) { }	Paxie/MergeStudio/Features/RecurringEvents/MiniBoardProgression/MiniBoardProgressionHandler.cs	code/Il2CppDumper/type_blocks/00978_MiniBoardProgressionHandler.txt		signature only
978	Paxie.MergeStudio.Features.RecurringEvents.MiniBoardProgression	MiniBoardProgressionHandler	179695C	public BoardItemData GetFinishedBoardTargetItemData() { }	Paxie/MergeStudio/Features/RecurringEvents/MiniBoardProgression/MiniBoardProgressionHandler.cs	code/Il2CppDumper/type_blocks/00978_MiniBoardProgressionHandler.txt		signature only
978	Paxie.MergeStudio.Features.RecurringEvents.MiniBoardProgression	MiniBoardProgressionHandler	1796A58	public int GetTargetItemLevel() { }	Paxie/MergeStudio/Features/RecurringEvents/MiniBoardProgression/MiniBoardProgressionHandler.cs	code/Il2CppDumper/type_blocks/00978_MiniBoardProgressionHandler.txt		signature only
978	Paxie.MergeStudio.Features.RecurringEvents.MiniBoardProgression	MiniBoardProgressionHandler	1796AA8	public int GetSeenMaxLevelItem() { }	Paxie/MergeStudio/Features/RecurringEvents/MiniBoardProgression/MiniBoardProgressionHandler.cs	code/Il2CppDumper/type_blocks/00978_MiniBoardProgressionHandler.txt		signature only
978	Paxie.MergeStudio.Features.RecurringEvents.MiniBoardProgression	MiniBoardProgressionHandler	1796AC4	public bool IsLastBoard() { }	Paxie/MergeStudio/Features/RecurringEvents/MiniBoardProgression/MiniBoardProgressionHandler.cs	code/Il2CppDumper/type_blocks/00978_MiniBoardProgressionHandler.txt		signature only
978	Paxie.MergeStudio.Features.RecurringEvents.MiniBoardProgression	MiniBoardProgressionHandler	1796B28	protected override string GetSpawnerConsumeItemReward() { }	Paxie/MergeStudio/Features/RecurringEvents/MiniBoardProgression/MiniBoardProgressionHandler.cs	code/Il2CppDumper/type_blocks/00978_MiniBoardProgressionHandler.txt		signature only
978	Paxie.MergeStudio.Features.RecurringEvents.MiniBoardProgression	MiniBoardProgressionHandler	1796B4C	protected override void ClaimMiniBoardItemsOnBoardTaskDone(BoardTaskItem boardTaskItem, int taskCoin) { }	Paxie/MergeStudio/Features/RecurringEvents/MiniBoardProgression/MiniBoardProgressionHandler.cs	code/Il2CppDumper/type_blocks/00978_MiniBoardProgressionHandler.txt		signature only
978	Paxie.MergeStudio.Features.RecurringEvents.MiniBoardProgression	MiniBoardProgressionHandler	1796FEC	public override void OnMainPopupBoardOpened() { }	Paxie/MergeStudio/Features/RecurringEvents/MiniBoardProgression/MiniBoardProgressionHandler.cs	code/Il2CppDumper/type_blocks/00978_MiniBoardProgressionHandler.txt		signature only
978	Paxie.MergeStudio.Features.RecurringEvents.MiniBoardProgression	MiniBoardProgressionHandler	1796FF4	protected override void SetSavedEntity(RecurringEventEntity savedEntity) { }	Paxie/MergeStudio/Features/RecurringEvents/MiniBoardProgression/MiniBoardProgressionHandler.cs	code/Il2CppDumper/type_blocks/00978_MiniBoardProgressionHandler.txt		signature only
978	Paxie.MergeStudio.Features.RecurringEvents.MiniBoardProgression	MiniBoardProgressionHandler	17970D0	protected override void CreateEntity() { }	Paxie/MergeStudio/Features/RecurringEvents/MiniBoardProgression/MiniBoardProgressionHandler.cs	code/Il2CppDumper/type_blocks/00978_MiniBoardProgressionHandler.txt		signature only
978	Paxie.MergeStudio.Features.RecurringEvents.MiniBoardProgression	MiniBoardProgressionHandler	1797070	private void CreateEntityFromScratch() { }	Paxie/MergeStudio/Features/RecurringEvents/MiniBoardProgression/MiniBoardProgressionHandler.cs	code/Il2CppDumper/type_blocks/00978_MiniBoardProgressionHandler.txt		signature only
978	Paxie.MergeStudio.Features.RecurringEvents.MiniBoardProgression	MiniBoardProgressionHandler	17970EC	private void TryCreateAdditionalEntityValues() { }	Paxie/MergeStudio/Features/RecurringEvents/MiniBoardProgression/MiniBoardProgressionHandler.cs	code/Il2CppDumper/type_blocks/00978_MiniBoardProgressionHandler.txt		signature only
978	Paxie.MergeStudio.Features.RecurringEvents.MiniBoardProgression	MiniBoardProgressionHandler	179755C	protected override void ResetEntity() { }	Paxie/MergeStudio/Features/RecurringEvents/MiniBoardProgression/MiniBoardProgressionHandler.cs	code/Il2CppDumper/type_blocks/00978_MiniBoardProgressionHandler.txt		signature only
978	Paxie.MergeStudio.Features.RecurringEvents.MiniBoardProgression	MiniBoardProgressionHandler	1797590	public override void Disable() { }	Paxie/MergeStudio/Features/RecurringEvents/MiniBoardProgression/MiniBoardProgressionHandler.cs	code/Il2CppDumper/type_blocks/00978_MiniBoardProgressionHandler.txt		signature only
978	Paxie.MergeStudio.Features.RecurringEvents.MiniBoardProgression	MiniBoardProgressionHandler	17975D8	public void TryProcessMaxLevelItemSeen(int level, UnityAction<int> onLevelSet) { }	Paxie/MergeStudio/Features/RecurringEvents/MiniBoardProgression/MiniBoardProgressionHandler.cs	code/Il2CppDumper/type_blocks/00978_MiniBoardProgressionHandler.txt		signature only
978	Paxie.MergeStudio.Features.RecurringEvents.MiniBoardProgression	MiniBoardProgressionHandler	179761C	public void TryProcessBoardLevelUp(Action<bool> indexIncreased) { }	Paxie/MergeStudio/Features/RecurringEvents/MiniBoardProgression/MiniBoardProgressionHandler.cs	code/Il2CppDumper/type_blocks/00978_MiniBoardProgressionHandler.txt		signature only
978	Paxie.MergeStudio.Features.RecurringEvents.MiniBoardProgression	MiniBoardProgressionHandler	1797E44	public void OnMaxLevelItemChanged() { }	Paxie/MergeStudio/Features/RecurringEvents/MiniBoardProgression/MiniBoardProgressionHandler.cs	code/Il2CppDumper/type_blocks/00978_MiniBoardProgressionHandler.txt		signature only
978	Paxie.MergeStudio.Features.RecurringEvents.MiniBoardProgression	MiniBoardProgressionHandler	1797EA0	public override void OnTimeoutFinish() { }	Paxie/MergeStudio/Features/RecurringEvents/MiniBoardProgression/MiniBoardProgressionHandler.cs	code/Il2CppDumper/type_blocks/00978_MiniBoardProgressionHandler.txt		signature only
978	Paxie.MergeStudio.Features.RecurringEvents.MiniBoardProgression	MiniBoardProgressionHandler	1797EB8	public override void OnMaxReachedFinish() { }	Paxie/MergeStudio/Features/RecurringEvents/MiniBoardProgression/MiniBoardProgressionHandler.cs	code/Il2CppDumper/type_blocks/00978_MiniBoardProgressionHandler.txt		signature only
978	Paxie.MergeStudio.Features.RecurringEvents.MiniBoardProgression	MiniBoardProgressionHandler	1797ED0	public override void ShowRewardsArea() { }	Paxie/MergeStudio/Features/RecurringEvents/MiniBoardProgression/MiniBoardProgressionHandler.cs	code/Il2CppDumper/type_blocks/00978_MiniBoardProgressionHandler.txt		signature only
978	Paxie.MergeStudio.Features.RecurringEvents.MiniBoardProgression	MiniBoardProgressionHandler	1797EE8	public override RecurringEventInfoPopupControllerBase GetRecurringEventInfoPopupController() { }	Paxie/MergeStudio/Features/RecurringEvents/MiniBoardProgression/MiniBoardProgressionHandler.cs	code/Il2CppDumper/type_blocks/00978_MiniBoardProgressionHandler.txt		signature only
978	Paxie.MergeStudio.Features.RecurringEvents.MiniBoardProgression	MiniBoardProgressionHandler	1797FA0	public void OpenBoardNoticePopup() { }	Paxie/MergeStudio/Features/RecurringEvents/MiniBoardProgression/MiniBoardProgressionHandler.cs	code/Il2CppDumper/type_blocks/00978_MiniBoardProgressionHandler.txt		signature only
978	Paxie.MergeStudio.Features.RecurringEvents.MiniBoardProgression	MiniBoardProgressionHandler	1797FDC	public void OpenBoardCongratsPopup() { }	Paxie/MergeStudio/Features/RecurringEvents/MiniBoardProgression/MiniBoardProgressionHandler.cs	code/Il2CppDumper/type_blocks/00978_MiniBoardProgressionHandler.txt		signature only
978	Paxie.MergeStudio.Features.RecurringEvents.MiniBoardProgression	MiniBoardProgressionHandler	1798018	protected override void FinishInitialize() { }	Paxie/MergeStudio/Features/RecurringEvents/MiniBoardProgression/MiniBoardProgressionHandler.cs	code/Il2CppDumper/type_blocks/00978_MiniBoardProgressionHandler.txt		signature only
978	Paxie.MergeStudio.Features.RecurringEvents.MiniBoardProgression	MiniBoardProgressionHandler	1798034	private void InitPerishableSpawnerAdaptors() { }	Paxie/MergeStudio/Features/RecurringEvents/MiniBoardProgression/MiniBoardProgressionHandler.cs	code/Il2CppDumper/type_blocks/00978_MiniBoardProgressionHandler.txt		signature only
978	Paxie.MergeStudio.Features.RecurringEvents.MiniBoardProgression	MiniBoardProgressionHandler	1797F08	public MiniBoardProgressionLocalConfig GetLocalConfig() { }	Paxie/MergeStudio/Features/RecurringEvents/MiniBoardProgression/MiniBoardProgressionHandler.cs	code/Il2CppDumper/type_blocks/00978_MiniBoardProgressionHandler.txt		signature only
978	Paxie.MergeStudio.Features.RecurringEvents.MiniBoardProgression	MiniBoardProgressionHandler	1798104	public void OnFinishTryGetCurrencyConversion() { }	Paxie/MergeStudio/Features/RecurringEvents/MiniBoardProgression/MiniBoardProgressionHandler.cs	code/Il2CppDumper/type_blocks/00978_MiniBoardProgressionHandler.txt		signature only
978	Paxie.MergeStudio.Features.RecurringEvents.MiniBoardProgression	MiniBoardProgressionHandler	179860C	private CollectableReward GetCurrencyConversionCollectableReward() { }	Paxie/MergeStudio/Features/RecurringEvents/MiniBoardProgression/MiniBoardProgressionHandler.cs	code/Il2CppDumper/type_blocks/00978_MiniBoardProgressionHandler.txt		signature only
978	Paxie.MergeStudio.Features.RecurringEvents.MiniBoardProgression	MiniBoardProgressionHandler	1798C24	public override void UpdateEntityOnClaim(bool isUpdateUI = True) { }	Paxie/MergeStudio/Features/RecurringEvents/MiniBoardProgression/MiniBoardProgressionHandler.cs	code/Il2CppDumper/type_blocks/00978_MiniBoardProgressionHandler.txt		signature only
978	Paxie.MergeStudio.Features.RecurringEvents.MiniBoardProgression	MiniBoardProgressionHandler	1798C28	public override void InitializeItemRewardConversion() { }	Paxie/MergeStudio/Features/RecurringEvents/MiniBoardProgression/MiniBoardProgressionHandler.cs	code/Il2CppDumper/type_blocks/00978_MiniBoardProgressionHandler.txt		signature only
978	Paxie.MergeStudio.Features.RecurringEvents.MiniBoardProgression	MiniBoardProgressionHandler	1798C30	public override void ItemRewardConvertUpdated(ItemRewardConvertEvent.FeatureStatusUpdated e) { }	Paxie/MergeStudio/Features/RecurringEvents/MiniBoardProgression/MiniBoardProgressionHandler.cs	code/Il2CppDumper/type_blocks/00978_MiniBoardProgressionHandler.txt		signature only
978	Paxie.MergeStudio.Features.RecurringEvents.MiniBoardProgression	MiniBoardProgressionHandler	1799094	private bool <TryProcessBoardLevelUp>b__51_0(MiniBoardPositionEntity position) { }	Paxie/MergeStudio/Features/RecurringEvents/MiniBoardProgression/MiniBoardProgressionHandler.cs	code/Il2CppDumper/type_blocks/00978_MiniBoardProgressionHandler.txt		signature only
978	Paxie.MergeStudio.Features.RecurringEvents.MiniBoardProgression	MiniBoardProgressionHandler	17990FC	private int <TryProcessBoardLevelUp>b__51_2(MiniBoardItemEntity a, MiniBoardItemEntity b) { }	Paxie/MergeStudio/Features/RecurringEvents/MiniBoardProgression/MiniBoardProgressionHandler.cs	code/Il2CppDumper/type_blocks/00978_MiniBoardProgressionHandler.txt		signature only
979	Paxie.MergeStudio.Features.RecurringEvents.MiniBoardProgression	MiniBoardProgressionController	179950C	public int get_MainItemSetID() { }	Paxie/MergeStudio/Features/RecurringEvents/MiniBoardProgression/MiniBoardProgressionController.cs	code/Il2CppDumper/type_blocks/00979_MiniBoardProgressionController.txt		signature only
979	Paxie.MergeStudio.Features.RecurringEvents.MiniBoardProgression	MiniBoardProgressionController	1799550	public int get_TargetItemLevel() { }	Paxie/MergeStudio/Features/RecurringEvents/MiniBoardProgression/MiniBoardProgressionController.cs	code/Il2CppDumper/type_blocks/00979_MiniBoardProgressionController.txt		signature only
979	Paxie.MergeStudio.Features.RecurringEvents.MiniBoardProgression	MiniBoardProgressionController	1799570	public int get_CurrentSeenMaxItemLevel() { }	Paxie/MergeStudio/Features/RecurringEvents/MiniBoardProgression/MiniBoardProgressionController.cs	code/Il2CppDumper/type_blocks/00979_MiniBoardProgressionController.txt		signature only
979	Paxie.MergeStudio.Features.RecurringEvents.MiniBoardProgression	MiniBoardProgressionController	179959C	public MiniBoardProgressionAnimationController get_ProgressionAnimationController() { }	Paxie/MergeStudio/Features/RecurringEvents/MiniBoardProgression/MiniBoardProgressionController.cs	code/Il2CppDumper/type_blocks/00979_MiniBoardProgressionController.txt		signature only
979	Paxie.MergeStudio.Features.RecurringEvents.MiniBoardProgression	MiniBoardProgressionController	17995A4	private void set_ProgressionAnimationController(MiniBoardProgressionAnimationController value) { }	Paxie/MergeStudio/Features/RecurringEvents/MiniBoardProgression/MiniBoardProgressionController.cs	code/Il2CppDumper/type_blocks/00979_MiniBoardProgressionController.txt		signature only
979	Paxie.MergeStudio.Features.RecurringEvents.MiniBoardProgression	MiniBoardProgressionController	17995AC	public override void Awake() { }	Paxie/MergeStudio/Features/RecurringEvents/MiniBoardProgression/MiniBoardProgressionController.cs	code/Il2CppDumper/type_blocks/00979_MiniBoardProgressionController.txt		signature only
979	Paxie.MergeStudio.Features.RecurringEvents.MiniBoardProgression	MiniBoardProgressionController	17995B4	public override void Initialize(IMiniBoardGenericPopupView miniBoardPopupView, MiniBoardHandlerBase miniBoardHandlerBase, MiniBoardRewardAreaController rewardAreaController) { }	Paxie/MergeStudio/Features/RecurringEvents/MiniBoardProgression/MiniBoardProgressionController.cs	code/Il2CppDumper/type_blocks/00979_MiniBoardProgressionController.txt		signature only
979	Paxie.MergeStudio.Features.RecurringEvents.MiniBoardProgression	MiniBoardProgressionController	1799984	public override ParticleSystem GetPerishableSpawnerDestroyParticle(int setID) { }	Paxie/MergeStudio/Features/RecurringEvents/MiniBoardProgression/MiniBoardProgressionController.cs	code/Il2CppDumper/type_blocks/00979_MiniBoardProgressionController.txt		signature only
979	Paxie.MergeStudio.Features.RecurringEvents.MiniBoardProgression	MiniBoardProgressionController	17999D0	protected override void OnMergeCompleted(MiniBoardItemController createdItemController) { }	Paxie/MergeStudio/Features/RecurringEvents/MiniBoardProgression/MiniBoardProgressionController.cs	code/Il2CppDumper/type_blocks/00979_MiniBoardProgressionController.txt		signature only
979	Paxie.MergeStudio.Features.RecurringEvents.MiniBoardProgression	MiniBoardProgressionController	1799AE0	protected override void OnSpawnCompleted(MiniBoardItemController createdItemController) { }	Paxie/MergeStudio/Features/RecurringEvents/MiniBoardProgression/MiniBoardProgressionController.cs	code/Il2CppDumper/type_blocks/00979_MiniBoardProgressionController.txt		signature only
979	Paxie.MergeStudio.Features.RecurringEvents.MiniBoardProgression	MiniBoardProgressionController	17999D4	private void CheckItemProgress(MiniBoardItemController createdItemController) { }	Paxie/MergeStudio/Features/RecurringEvents/MiniBoardProgression/MiniBoardProgressionController.cs	code/Il2CppDumper/type_blocks/00979_MiniBoardProgressionController.txt		signature only
979	Paxie.MergeStudio.Features.RecurringEvents.MiniBoardProgression	MiniBoardProgressionController	1799AE4	private void ProcessSetMaxLevelItemSeen(int level) { }	Paxie/MergeStudio/Features/RecurringEvents/MiniBoardProgression/MiniBoardProgressionController.cs	code/Il2CppDumper/type_blocks/00979_MiniBoardProgressionController.txt		signature only
979	Paxie.MergeStudio.Features.RecurringEvents.MiniBoardProgression	MiniBoardProgressionController	1799BB0	private void CreateProgressBarItemReward(MiniBoardItemController createdItemController) { }	Paxie/MergeStudio/Features/RecurringEvents/MiniBoardProgression/MiniBoardProgressionController.cs	code/Il2CppDumper/type_blocks/00979_MiniBoardProgressionController.txt		signature only
979	Paxie.MergeStudio.Features.RecurringEvents.MiniBoardProgression	MiniBoardProgressionController	1799E0C	private void OnMaxLevelItemSet(int maxLevel) { }	Paxie/MergeStudio/Features/RecurringEvents/MiniBoardProgression/MiniBoardProgressionController.cs	code/Il2CppDumper/type_blocks/00979_MiniBoardProgressionController.txt		signature only
979	Paxie.MergeStudio.Features.RecurringEvents.MiniBoardProgression	MiniBoardProgressionController	1799D30	private void ProcessBoardLevelUp() { }	Paxie/MergeStudio/Features/RecurringEvents/MiniBoardProgression/MiniBoardProgressionController.cs	code/Il2CppDumper/type_blocks/00979_MiniBoardProgressionController.txt		signature only
979	Paxie.MergeStudio.Features.RecurringEvents.MiniBoardProgression	MiniBoardProgressionController	1799E18	private void OnBoardProcessCompleted(bool indexIncreased) { }	Paxie/MergeStudio/Features/RecurringEvents/MiniBoardProgression/MiniBoardProgressionController.cs	code/Il2CppDumper/type_blocks/00979_MiniBoardProgressionController.txt		signature only
979	Paxie.MergeStudio.Features.RecurringEvents.MiniBoardProgression	MiniBoardProgressionController	1799EEC	public MiniBoardItemController GetGateItemController() { }	Paxie/MergeStudio/Features/RecurringEvents/MiniBoardProgression/MiniBoardProgressionController.cs	code/Il2CppDumper/type_blocks/00979_MiniBoardProgressionController.txt		signature only
979	Paxie.MergeStudio.Features.RecurringEvents.MiniBoardProgression	MiniBoardProgressionController	179A16C	public void OnGateDisappearStarted() { }	Paxie/MergeStudio/Features/RecurringEvents/MiniBoardProgression/MiniBoardProgressionController.cs	code/Il2CppDumper/type_blocks/00979_MiniBoardProgressionController.txt		signature only
979	Paxie.MergeStudio.Features.RecurringEvents.MiniBoardProgression	MiniBoardProgressionController	179A18C	public void OnLoadTransitionCompleted() { }	Paxie/MergeStudio/Features/RecurringEvents/MiniBoardProgression/MiniBoardProgressionController.cs	code/Il2CppDumper/type_blocks/00979_MiniBoardProgressionController.txt		signature only
979	Paxie.MergeStudio.Features.RecurringEvents.MiniBoardProgression	MiniBoardProgressionController	179A3A8	public void OnEvent(BaseMiniBoardProgressEvent.ProgressItemFoundRaiseKey e) { }	Paxie/MergeStudio/Features/RecurringEvents/MiniBoardProgression/MiniBoardProgressionController.cs	code/Il2CppDumper/type_blocks/00979_MiniBoardProgressionController.txt		signature only
979	Paxie.MergeStudio.Features.RecurringEvents.MiniBoardProgression	MiniBoardProgressionController	179A5DC	public void OnEvent(BaseMiniBoardProgressEvent.BoardNoticePopupClosed e) { }	Paxie/MergeStudio/Features/RecurringEvents/MiniBoardProgression/MiniBoardProgressionController.cs	code/Il2CppDumper/type_blocks/00979_MiniBoardProgressionController.txt		signature only
979	Paxie.MergeStudio.Features.RecurringEvents.MiniBoardProgression	MiniBoardProgressionController	179A7A0	public void OnEvent(BaseMiniBoardProgressEvent.BoardCongratsPopupClosed e) { }	Paxie/MergeStudio/Features/RecurringEvents/MiniBoardProgression/MiniBoardProgressionController.cs	code/Il2CppDumper/type_blocks/00979_MiniBoardProgressionController.txt		signature only
979	Paxie.MergeStudio.Features.RecurringEvents.MiniBoardProgression	MiniBoardProgressionController	179A7C8	protected override string GetScrollableFeatureParams() { }	Paxie/MergeStudio/Features/RecurringEvents/MiniBoardProgression/MiniBoardProgressionController.cs	code/Il2CppDumper/type_blocks/00979_MiniBoardProgressionController.txt		signature only
979	Paxie.MergeStudio.Features.RecurringEvents.MiniBoardProgression	MiniBoardProgressionController	179A7F8	protected override bool IsSendBoardItemSpawnFirebaseEvent(BoardItemData boardItemData, bool onBoardInitialize) { }	Paxie/MergeStudio/Features/RecurringEvents/MiniBoardProgression/MiniBoardProgressionController.cs	code/Il2CppDumper/type_blocks/00979_MiniBoardProgressionController.txt		signature only
979	Paxie.MergeStudio.Features.RecurringEvents.MiniBoardProgression	MiniBoardProgressionController	179A99C	protected override string GetRewardTrigger() { }	Paxie/MergeStudio/Features/RecurringEvents/MiniBoardProgression/MiniBoardProgressionController.cs	code/Il2CppDumper/type_blocks/00979_MiniBoardProgressionController.txt		signature only
979	Paxie.MergeStudio.Features.RecurringEvents.MiniBoardProgression	MiniBoardProgressionController	179AA0C	public override bool SRCanSpawnItem(MiniBoardItemEntity itemEntity) { }	Paxie/MergeStudio/Features/RecurringEvents/MiniBoardProgression/MiniBoardProgressionController.cs	code/Il2CppDumper/type_blocks/00979_MiniBoardProgressionController.txt		signature only
979	Paxie.MergeStudio.Features.RecurringEvents.MiniBoardProgression	MiniBoardProgressionController	179AAA0	public void .ctor() { }	Paxie/MergeStudio/Features/RecurringEvents/MiniBoardProgression/MiniBoardProgressionController.cs	code/Il2CppDumper/type_blocks/00979_MiniBoardProgressionController.txt		signature only
979	Paxie.MergeStudio.Features.RecurringEvents.MiniBoardProgression	MiniBoardProgressionController	179AAA8	private void <OnEvent>b__35_0() { }	Paxie/MergeStudio/Features/RecurringEvents/MiniBoardProgression/MiniBoardProgressionController.cs	code/Il2CppDumper/type_blocks/00979_MiniBoardProgressionController.txt		signature only
1022	Paxie.MergeStudio.Features.MiniBoard	KiteMiniBoardInitialBoardModel	17A8A50	public void .ctor() { }	Paxie/MergeStudio/Features/MiniBoard/KiteMiniBoardInitialBoardModel.cs	code/Il2CppDumper/type_blocks/01022_KiteMiniBoardInitialBoardModel.txt		signature only
1023	Paxie.MergeStudio.Features.MiniBoard	KiteMiniBoardItemReward	17A8A58	public void .ctor() { }	Paxie/MergeStudio/Features/MiniBoard/KiteMiniBoardItemReward.cs	code/Il2CppDumper/type_blocks/01023_KiteMiniBoardItemReward.txt		signature only
1024	Paxie.MergeStudio.Features.MiniBoard	KiteMiniBoardItemMergeReward	17A8A60	public void .ctor() { }	Paxie/MergeStudio/Features/MiniBoard/KiteMiniBoardItemMergeReward.cs	code/Il2CppDumper/type_blocks/01024_KiteMiniBoardItemMergeReward.txt		signature only
1026	Paxie.MergeStudio.Features.MiniBoard	MiniBoardEventData	17A8A68	public void .ctor(KiteRecurringEventConfigItem remoteConfig) { }	Paxie/MergeStudio/Features/MiniBoard/MiniBoardEventData.cs	code/Il2CppDumper/type_blocks/01026_MiniBoardEventData.txt		signature only
1028	Paxie.MergeStudio.Features.MiniBoard	MiniBoardAreaEntity	17A8A70	public static MiniBoardAreaEntity Get() { }	Paxie/MergeStudio/Features/MiniBoard/MiniBoardAreaEntity.cs	code/Il2CppDumper/type_blocks/01028_MiniBoardAreaEntity.txt		signature only
1028	Paxie.MergeStudio.Features.MiniBoard	MiniBoardAreaEntity	17A8B48	public void ResetEntity() { }	Paxie/MergeStudio/Features/MiniBoard/MiniBoardAreaEntity.cs	code/Il2CppDumper/type_blocks/01028_MiniBoardAreaEntity.txt		signature only
1028	Paxie.MergeStudio.Features.MiniBoard	MiniBoardAreaEntity	17A8BC8	public void ChangeBoardIndex(int boardIndex) { }	Paxie/MergeStudio/Features/MiniBoard/MiniBoardAreaEntity.cs	code/Il2CppDumper/type_blocks/01028_MiniBoardAreaEntity.txt		signature only
1028	Paxie.MergeStudio.Features.MiniBoard	MiniBoardAreaEntity	17A8C4C	public Coordinate GetItemCoordinate(MiniBoardItemEntity miniBoardItemEntity) { }	Paxie/MergeStudio/Features/MiniBoard/MiniBoardAreaEntity.cs	code/Il2CppDumper/type_blocks/01028_MiniBoardAreaEntity.txt		signature only
1028	Paxie.MergeStudio.Features.MiniBoard	MiniBoardAreaEntity	17A8B40	public void .ctor() { }	Paxie/MergeStudio/Features/MiniBoard/MiniBoardAreaEntity.cs	code/Il2CppDumper/type_blocks/01028_MiniBoardAreaEntity.txt		signature only
1031		MiniBoardHandlerBase.	17ACEEC	private static void .cctor() { }	Paxie/MergeStudio/Features/MiniBoard/MiniBoardHandlerBase.cs	code/Il2CppDumper/type_blocks/01031_MiniBoardHandlerBase..txt		signature only
1031		MiniBoardHandlerBase.	17ACF60	public void .ctor() { }	Paxie/MergeStudio/Features/MiniBoard/MiniBoardHandlerBase.cs	code/Il2CppDumper/type_blocks/01031_MiniBoardHandlerBase..txt		signature only
1031		MiniBoardHandlerBase.	17ACF68	internal bool <GetRewardAreaInfoForNoticePopup>b__56_0(MiniBoardRewardEntity item) { }	Paxie/MergeStudio/Features/MiniBoard/MiniBoardHandlerBase.cs	code/Il2CppDumper/type_blocks/01031_MiniBoardHandlerBase..txt		signature only
1032	Paxie.MergeStudio.Features.MiniBoard	MiniBoardHandlerBase	17A8E9C	public MiniBoardAddressableBase get_MiniBoardAddressableBase() { }	Paxie/MergeStudio/Features/MiniBoard/MiniBoardHandlerBase.cs	code/Il2CppDumper/type_blocks/01032_MiniBoardHandlerBase.txt		signature only
1032	Paxie.MergeStudio.Features.MiniBoard	MiniBoardHandlerBase	17A8F5C	public MiniBoardAssetContainerBase get_MiniBoardAssetContainer() { }	Paxie/MergeStudio/Features/MiniBoard/MiniBoardHandlerBase.cs	code/Il2CppDumper/type_blocks/01032_MiniBoardHandlerBase.txt		signature only
1032	Paxie.MergeStudio.Features.MiniBoard	MiniBoardHandlerBase	17A8F7C	public MiniBoardEventData get_MiniBoardEventData() { }	Paxie/MergeStudio/Features/MiniBoard/MiniBoardHandlerBase.cs	code/Il2CppDumper/type_blocks/01032_MiniBoardHandlerBase.txt		signature only
1032	Paxie.MergeStudio.Features.MiniBoard	MiniBoardHandlerBase	17A9028	public MiniBoardLocalConfigBase get_LocalConfigBase() { }	Paxie/MergeStudio/Features/MiniBoard/MiniBoardHandlerBase.cs	code/Il2CppDumper/type_blocks/01032_MiniBoardHandlerBase.txt		signature only
1032	Paxie.MergeStudio.Features.MiniBoard	MiniBoardHandlerBase	17A90D4	public MiniBoardContainer get_MiniBoardContainer() { }	Paxie/MergeStudio/Features/MiniBoard/MiniBoardHandlerBase.cs	code/Il2CppDumper/type_blocks/01032_MiniBoardHandlerBase.txt		signature only
1032	Paxie.MergeStudio.Features.MiniBoard	MiniBoardHandlerBase	17A90DC	private void set_MiniBoardContainer(MiniBoardContainer value) { }	Paxie/MergeStudio/Features/MiniBoard/MiniBoardHandlerBase.cs	code/Il2CppDumper/type_blocks/01032_MiniBoardHandlerBase.txt		signature only
1032	Paxie.MergeStudio.Features.MiniBoard	MiniBoardHandlerBase	17A90E4	public List<int> get_SpawnerList() { }	Paxie/MergeStudio/Features/MiniBoard/MiniBoardHandlerBase.cs	code/Il2CppDumper/type_blocks/01032_MiniBoardHandlerBase.txt		signature only
1032	Paxie.MergeStudio.Features.MiniBoard	MiniBoardHandlerBase	17A90EC	public void set_SpawnerList(List<int> value) { }	Paxie/MergeStudio/Features/MiniBoard/MiniBoardHandlerBase.cs	code/Il2CppDumper/type_blocks/01032_MiniBoardHandlerBase.txt		signature only
1032	Paxie.MergeStudio.Features.MiniBoard	MiniBoardHandlerBase	17A90F4	public Sprite GetBoardTaskEventSprite() { }	Paxie/MergeStudio/Features/MiniBoard/MiniBoardHandlerBase.cs	code/Il2CppDumper/type_blocks/01032_MiniBoardHandlerBase.txt		signature only
1032	Paxie.MergeStudio.Features.MiniBoard	MiniBoardHandlerBase	17A9124	public GameObject GetAnimationTarget() { }	Paxie/MergeStudio/Features/MiniBoard/MiniBoardHandlerBase.cs	code/Il2CppDumper/type_blocks/01032_MiniBoardHandlerBase.txt		signature only
1032	Paxie.MergeStudio.Features.MiniBoard	MiniBoardHandlerBase	17A935C	public TweenCallback OnAnimationCompleted(AnimatedCollectableController animatedCollectableController) { }	Paxie/MergeStudio/Features/MiniBoard/MiniBoardHandlerBase.cs	code/Il2CppDumper/type_blocks/01032_MiniBoardHandlerBase.txt		signature only
1032	Paxie.MergeStudio.Features.MiniBoard	MiniBoardHandlerBase	17A95A0	public int GetBoardTaskEventPoint(int boardTaskCoinReward) { }	Paxie/MergeStudio/Features/MiniBoard/MiniBoardHandlerBase.cs	code/Il2CppDumper/type_blocks/01032_MiniBoardHandlerBase.txt		signature only
1032	Paxie.MergeStudio.Features.MiniBoard	MiniBoardHandlerBase	17A9618	public bool IsAddEventPointsToActiveTasks(BoardTaskItem boardTaskItem) { }	Paxie/MergeStudio/Features/MiniBoard/MiniBoardHandlerBase.cs	code/Il2CppDumper/type_blocks/01032_MiniBoardHandlerBase.txt		signature only
1032	Paxie.MergeStudio.Features.MiniBoard	MiniBoardHandlerBase	17A99C8	public SpineAnimationData get_EventIconSpineAnimationData() { }	Paxie/MergeStudio/Features/MiniBoard/MiniBoardHandlerBase.cs	code/Il2CppDumper/type_blocks/01032_MiniBoardHandlerBase.txt		signature only
1032	Paxie.MergeStudio.Features.MiniBoard	MiniBoardHandlerBase	17A99F8	public SerializableDictionary<int, BoardItemSetData> GetBoardItemDictionary() { }	Paxie/MergeStudio/Features/MiniBoard/MiniBoardHandlerBase.cs	code/Il2CppDumper/type_blocks/01032_MiniBoardHandlerBase.txt		signature only
1032	Paxie.MergeStudio.Features.MiniBoard	MiniBoardHandlerBase	17A9A24	public List<BoardItemData> GetBoardItemSetItems(int setID) { }	Paxie/MergeStudio/Features/MiniBoard/MiniBoardHandlerBase.cs	code/Il2CppDumper/type_blocks/01032_MiniBoardHandlerBase.txt		signature only
1032	Paxie.MergeStudio.Features.MiniBoard	MiniBoardHandlerBase	17A9AEC	public void AddItemsToItemCollection() { }	Paxie/MergeStudio/Features/MiniBoard/MiniBoardHandlerBase.cs	code/Il2CppDumper/type_blocks/01032_MiniBoardHandlerBase.txt		signature only
1032	Paxie.MergeStudio.Features.MiniBoard	MiniBoardHandlerBase	17A9AF0	public bool HasBoardItem() { }	Paxie/MergeStudio/Features/MiniBoard/MiniBoardHandlerBase.cs	code/Il2CppDumper/type_blocks/01032_MiniBoardHandlerBase.txt		signature only
1032	Paxie.MergeStudio.Features.MiniBoard	MiniBoardHandlerBase	17A9AF8	public bool IsPurchaseRewardItemExists(int setID) { }	Paxie/MergeStudio/Features/MiniBoard/MiniBoardHandlerBase.cs	code/Il2CppDumper/type_blocks/01032_MiniBoardHandlerBase.txt		signature only
1032	Paxie.MergeStudio.Features.MiniBoard	MiniBoardHandlerBase	17A9C18	public void AddPurchaseRewardItemToEntity(int setID, int level, string trigger) { }	Paxie/MergeStudio/Features/MiniBoard/MiniBoardHandlerBase.cs	code/Il2CppDumper/type_blocks/01032_MiniBoardHandlerBase.txt		signature only
1032	Paxie.MergeStudio.Features.MiniBoard	MiniBoardHandlerBase	17A9DA8	public Sprite GetPurchaseRewardItemSprite(int setID, int level) { }	Paxie/MergeStudio/Features/MiniBoard/MiniBoardHandlerBase.cs	code/Il2CppDumper/type_blocks/01032_MiniBoardHandlerBase.txt		signature only
1032	Paxie.MergeStudio.Features.MiniBoard	MiniBoardHandlerBase	17A9E88	protected override void StartEventInner() { }	Paxie/MergeStudio/Features/MiniBoard/MiniBoardHandlerBase.cs	code/Il2CppDumper/type_blocks/01032_MiniBoardHandlerBase.txt		signature only
1032	Paxie.MergeStudio.Features.MiniBoard	MiniBoardHandlerBase	17A9E90	protected override void FinishInitialize() { }	Paxie/MergeStudio/Features/MiniBoard/MiniBoardHandlerBase.cs	code/Il2CppDumper/type_blocks/01032_MiniBoardHandlerBase.txt		signature only
1032	Paxie.MergeStudio.Features.MiniBoard	MiniBoardHandlerBase	17A9ECC	protected override void OnReceiveAddressable() { }	Paxie/MergeStudio/Features/MiniBoard/MiniBoardHandlerBase.cs	code/Il2CppDumper/type_blocks/01032_MiniBoardHandlerBase.txt		signature only
1032	Paxie.MergeStudio.Features.MiniBoard	MiniBoardHandlerBase	17A9EF4	public virtual void LoadSounds() { }	Paxie/MergeStudio/Features/MiniBoard/MiniBoardHandlerBase.cs	code/Il2CppDumper/type_blocks/01032_MiniBoardHandlerBase.txt		signature only
1032	Paxie.MergeStudio.Features.MiniBoard	MiniBoardHandlerBase	17A9EF8	public override bool IsAllRewardsClaimed() { }	Paxie/MergeStudio/Features/MiniBoard/MiniBoardHandlerBase.cs	code/Il2CppDumper/type_blocks/01032_MiniBoardHandlerBase.txt		signature only
1032	Paxie.MergeStudio.Features.MiniBoard	MiniBoardHandlerBase	17A9F00	public override void SetCurrentRewardDataOnInitialize() { }	Paxie/MergeStudio/Features/MiniBoard/MiniBoardHandlerBase.cs	code/Il2CppDumper/type_blocks/01032_MiniBoardHandlerBase.txt		signature only
1032	Paxie.MergeStudio.Features.MiniBoard	MiniBoardHandlerBase	17A9F04	public override void OnBoardTaskDoneClicked(BoardTaskItem boardTaskItem) { }	Paxie/MergeStudio/Features/MiniBoard/MiniBoardHandlerBase.cs	code/Il2CppDumper/type_blocks/01032_MiniBoardHandlerBase.txt		signature only
1032	Paxie.MergeStudio.Features.MiniBoard	MiniBoardHandlerBase	17A9FC0	protected virtual void ClaimMiniBoardItemsOnBoardTaskDone(BoardTaskItem boardTaskItem, int taskCoin) { }	Paxie/MergeStudio/Features/MiniBoard/MiniBoardHandlerBase.cs	code/Il2CppDumper/type_blocks/01032_MiniBoardHandlerBase.txt		signature only
1032	Paxie.MergeStudio.Features.MiniBoard	MiniBoardHandlerBase	17A9FC4	protected void CreateGameItemFromSpawnerReward(ItemController itemController, int amount) { }	Paxie/MergeStudio/Features/MiniBoard/MiniBoardHandlerBase.cs	code/Il2CppDumper/type_blocks/01032_MiniBoardHandlerBase.txt		signature only
1032	Paxie.MergeStudio.Features.MiniBoard	MiniBoardHandlerBase	17AA25C	public virtual void OnMainPopupBoardOpened() { }	Paxie/MergeStudio/Features/MiniBoard/MiniBoardHandlerBase.cs	code/Il2CppDumper/type_blocks/01032_MiniBoardHandlerBase.txt		signature only
1032	Paxie.MergeStudio.Features.MiniBoard	MiniBoardHandlerBase	17AA260	public virtual int GetActiveItemCount() { }	Paxie/MergeStudio/Features/MiniBoard/MiniBoardHandlerBase.cs	code/Il2CppDumper/type_blocks/01032_MiniBoardHandlerBase.txt		signature only
1032	Paxie.MergeStudio.Features.MiniBoard	MiniBoardHandlerBase	17AA350	public override bool CanRewardClaimableOnMeta() { }	Paxie/MergeStudio/Features/MiniBoard/MiniBoardHandlerBase.cs	code/Il2CppDumper/type_blocks/01032_MiniBoardHandlerBase.txt		signature only
1032	Paxie.MergeStudio.Features.MiniBoard	MiniBoardHandlerBase	17AA358	public override bool IsGoingToMaxOut() { }	Paxie/MergeStudio/Features/MiniBoard/MiniBoardHandlerBase.cs	code/Il2CppDumper/type_blocks/01032_MiniBoardHandlerBase.txt		signature only
1032	Paxie.MergeStudio.Features.MiniBoard	MiniBoardHandlerBase	17A7688	public ValueTuple<Sprite, int> GetRewardAreaInfoForNoticePopup() { }	Paxie/MergeStudio/Features/MiniBoard/MiniBoardHandlerBase.cs	code/Il2CppDumper/type_blocks/01032_MiniBoardHandlerBase.txt		signature only
1032	Paxie.MergeStudio.Features.MiniBoard	MiniBoardHandlerBase	17AA360	private Sprite GetTopMostRewardSprite(MiniBoardRewardEntity rewardEntity, BoardItemData itemData) { }	Paxie/MergeStudio/Features/MiniBoard/MiniBoardHandlerBase.cs	code/Il2CppDumper/type_blocks/01032_MiniBoardHandlerBase.txt		signature only
1032	Paxie.MergeStudio.Features.MiniBoard	MiniBoardHandlerBase	17AA718	protected override void SendScrollableItemFirebaseEvent() { }	Paxie/MergeStudio/Features/MiniBoard/MiniBoardHandlerBase.cs	code/Il2CppDumper/type_blocks/01032_MiniBoardHandlerBase.txt		signature only
1032	Paxie.MergeStudio.Features.MiniBoard	MiniBoardHandlerBase	17AA738	private bool IsOnFinishUnclaimedRewardsExist() { }	Paxie/MergeStudio/Features/MiniBoard/MiniBoardHandlerBase.cs	code/Il2CppDumper/type_blocks/01032_MiniBoardHandlerBase.txt		signature only
1032	Paxie.MergeStudio.Features.MiniBoard	MiniBoardHandlerBase	17A5EEC	public void OnFinishTryClaimUnclaimedRewards() { }	Paxie/MergeStudio/Features/MiniBoard/MiniBoardHandlerBase.cs	code/Il2CppDumper/type_blocks/01032_MiniBoardHandlerBase.txt		signature only
1032	Paxie.MergeStudio.Features.MiniBoard	MiniBoardHandlerBase	17AB240	private List<IReward> GetUnclaimedRewardListAggregated() { }	Paxie/MergeStudio/Features/MiniBoard/MiniBoardHandlerBase.cs	code/Il2CppDumper/type_blocks/01032_MiniBoardHandlerBase.txt		signature only
1032	Paxie.MergeStudio.Features.MiniBoard	MiniBoardHandlerBase	17AB2B4	private List<IReward> GetUnclaimedRewardList() { }	Paxie/MergeStudio/Features/MiniBoard/MiniBoardHandlerBase.cs	code/Il2CppDumper/type_blocks/01032_MiniBoardHandlerBase.txt		signature only
1032	Paxie.MergeStudio.Features.MiniBoard	MiniBoardHandlerBase	179D730	public ValueTuple<List<IReward>, BaseRewardImage.UIInfo[]> GetUnclaimedRewardDataInfo() { }	Paxie/MergeStudio/Features/MiniBoard/MiniBoardHandlerBase.cs	code/Il2CppDumper/type_blocks/01032_MiniBoardHandlerBase.txt		signature only
1032	Paxie.MergeStudio.Features.MiniBoard	MiniBoardHandlerBase	17ACA1C	protected void SpawnerConsumeAddItemReward(int amount) { }	Paxie/MergeStudio/Features/MiniBoard/MiniBoardHandlerBase.cs	code/Il2CppDumper/type_blocks/01032_MiniBoardHandlerBase.txt		signature only
1032	Paxie.MergeStudio.Features.MiniBoard	MiniBoardHandlerBase	17ACBD4	public int CalculatePowerValue(int level) { }	Paxie/MergeStudio/Features/MiniBoard/MiniBoardHandlerBase.cs	code/Il2CppDumper/type_blocks/01032_MiniBoardHandlerBase.txt		signature only
1032	Paxie.MergeStudio.Features.MiniBoard	MiniBoardHandlerBase	17ACC08	public override RecurringEventIconPresenterBase GetBoardIconPrefab() { }	Paxie/MergeStudio/Features/MiniBoard/MiniBoardHandlerBase.cs	code/Il2CppDumper/type_blocks/01032_MiniBoardHandlerBase.txt		signature only
1032	Paxie.MergeStudio.Features.MiniBoard	MiniBoardHandlerBase	17ACD00	public override GameObject GetPopupPrefab(EventState eventState) { }	Paxie/MergeStudio/Features/MiniBoard/MiniBoardHandlerBase.cs	code/Il2CppDumper/type_blocks/01032_MiniBoardHandlerBase.txt		signature only
1032	Paxie.MergeStudio.Features.MiniBoard	MiniBoardHandlerBase	17ACE88	public override BasePopup GetCurrencyConversionPopup() { }	Paxie/MergeStudio/Features/MiniBoard/MiniBoardHandlerBase.cs	code/Il2CppDumper/type_blocks/01032_MiniBoardHandlerBase.txt		signature only
1032	Paxie.MergeStudio.Features.MiniBoard	MiniBoardHandlerBase	17ACEB8	public override void ShowGenericPopup(bool isTutorial = False, bool userClicked = False) { }	Paxie/MergeStudio/Features/MiniBoard/MiniBoardHandlerBase.cs	code/Il2CppDumper/type_blocks/01032_MiniBoardHandlerBase.txt		signature only
1032	Paxie.MergeStudio.Features.MiniBoard	MiniBoardHandlerBase	17ACEC0	public override void EnqueueGenericPopup(bool isTutorial = False, bool userClicked = False) { }	Paxie/MergeStudio/Features/MiniBoard/MiniBoardHandlerBase.cs	code/Il2CppDumper/type_blocks/01032_MiniBoardHandlerBase.txt		signature only
1032	Paxie.MergeStudio.Features.MiniBoard	MiniBoardHandlerBase	17ACEC8	public override void EnqueueTriggerGenericPopup(bool isTutorial = False, bool userClicked = False) { }	Paxie/MergeStudio/Features/MiniBoard/MiniBoardHandlerBase.cs	code/Il2CppDumper/type_blocks/01032_MiniBoardHandlerBase.txt		signature only
1032	Paxie.MergeStudio.Features.MiniBoard	MiniBoardHandlerBase	17ACED4	public override void EnqueueGenericPopupFinishTimeout() { }	Paxie/MergeStudio/Features/MiniBoard/MiniBoardHandlerBase.cs	code/Il2CppDumper/type_blocks/01032_MiniBoardHandlerBase.txt		signature only
1032	Paxie.MergeStudio.Features.MiniBoard	MiniBoardHandlerBase	17ACEDC	public override void ShowGenericPopupFinishTimeout() { }	Paxie/MergeStudio/Features/MiniBoard/MiniBoardHandlerBase.cs	code/Il2CppDumper/type_blocks/01032_MiniBoardHandlerBase.txt		signature only
1032	Paxie.MergeStudio.Features.MiniBoard	MiniBoardHandlerBase	17ACEE4	protected void .ctor() { }	Paxie/MergeStudio/Features/MiniBoard/MiniBoardHandlerBase.cs	code/Il2CppDumper/type_blocks/01032_MiniBoardHandlerBase.txt		signature only
1059	Paxie.MergeStudio.Features.MiniBoard	BaseMiniBoardEvent	17AD194	public void .ctor() { }	Paxie/MergeStudio/Features/MiniBoard/BaseMiniBoardEvent.cs	code/Il2CppDumper/type_blocks/01059_BaseMiniBoardEvent.txt		signature only
1064	Paxie.MergeStudio.Features.MiniBoard	BaseMiniBoardEntityUpdateEvent	17AD1A4	public void .ctor() { }	Paxie/MergeStudio/Features/MiniBoard/BaseMiniBoardEntityUpdateEvent.cs	code/Il2CppDumper/type_blocks/01064_BaseMiniBoardEntityUpdateEvent.txt		signature only
1068	Paxie.MergeStudio.Features.MiniBoard	BaseMiniBoardMoveEvent	17AD1AC	public void .ctor() { }	Paxie/MergeStudio/Features/MiniBoard/BaseMiniBoardMoveEvent.cs	code/Il2CppDumper/type_blocks/01068_BaseMiniBoardMoveEvent.txt		signature only
1072	Paxie.MergeStudio.Features.MiniBoard	BaseMiniBoardRewardEvent	17AD1B4	public void .ctor() { }	Paxie/MergeStudio/Features/MiniBoard/BaseMiniBoardRewardEvent.cs	code/Il2CppDumper/type_blocks/01072_BaseMiniBoardRewardEvent.txt		signature only
1079	Paxie.MergeStudio.Features.MiniBoard	BaseMiniBoardProgressEvent	17AD1BC	public void .ctor() { }	Paxie/MergeStudio/Features/MiniBoard/BaseMiniBoardProgressEvent.cs	code/Il2CppDumper/type_blocks/01079_BaseMiniBoardProgressEvent.txt		signature only
1080	Paxie.MergeStudio.Features.MiniBoard	MiniBoardEventBusRaiser	17AD1C4	public static void InitializeBoard(BoardEntity boardEntity, MiniBoardData boardData) { }	Paxie/MergeStudio/Features/MiniBoard/MiniBoardEventBusRaiser.cs	code/Il2CppDumper/type_blocks/01080_MiniBoardEventBusRaiser.txt		signature only
1080	Paxie.MergeStudio.Features.MiniBoard	MiniBoardEventBusRaiser	17A5314	public static void ChangeGameplayStatus(bool enableGameplay) { }	Paxie/MergeStudio/Features/MiniBoard/MiniBoardEventBusRaiser.cs	code/Il2CppDumper/type_blocks/01080_MiniBoardEventBusRaiser.txt		signature only
1080	Paxie.MergeStudio.Features.MiniBoard	MiniBoardEventBusRaiser	17AD288	public static void BoardMove(MiniBoardItemController itemController, MiniBoardCellController cellController) { }	Paxie/MergeStudio/Features/MiniBoard/MiniBoardEventBusRaiser.cs	code/Il2CppDumper/type_blocks/01080_MiniBoardEventBusRaiser.txt		signature only
1080	Paxie.MergeStudio.Features.MiniBoard	MiniBoardEventBusRaiser	17AD34C	public static void BoardSwap(MiniBoardItemController itemController, MiniBoardItemController itemController2) { }	Paxie/MergeStudio/Features/MiniBoard/MiniBoardEventBusRaiser.cs	code/Il2CppDumper/type_blocks/01080_MiniBoardEventBusRaiser.txt		signature only
1080	Paxie.MergeStudio.Features.MiniBoard	MiniBoardEventBusRaiser	17AD410	public static void BoardMergeStart(MiniBoardItemController itemController, MiniBoardItemController itemController2, BoardItemData spawnedItem) { }	Paxie/MergeStudio/Features/MiniBoard/MiniBoardEventBusRaiser.cs	code/Il2CppDumper/type_blocks/01080_MiniBoardEventBusRaiser.txt		signature only
1080	Paxie.MergeStudio.Features.MiniBoard	MiniBoardEventBusRaiser	17AD4F0	public static void BoardMerge(MiniBoardItemController itemController, MiniBoardItemController itemController2, BoardItemData spawnedItem) { }	Paxie/MergeStudio/Features/MiniBoard/MiniBoardEventBusRaiser.cs	code/Il2CppDumper/type_blocks/01080_MiniBoardEventBusRaiser.txt		signature only
1080	Paxie.MergeStudio.Features.MiniBoard	MiniBoardEventBusRaiser	17AD5D0	public static void BoardMergeCompleted(MiniBoardItemController newItem) { }	Paxie/MergeStudio/Features/MiniBoard/MiniBoardEventBusRaiser.cs	code/Il2CppDumper/type_blocks/01080_MiniBoardEventBusRaiser.txt		signature only
1080	Paxie.MergeStudio.Features.MiniBoard	MiniBoardEventBusRaiser	17AD670	public static void BoardRevertMove(MiniBoardItemController itemController, bool applyScaleDownAnim = False) { }	Paxie/MergeStudio/Features/MiniBoard/MiniBoardEventBusRaiser.cs	code/Il2CppDumper/type_blocks/01080_MiniBoardEventBusRaiser.txt		signature only
1080	Paxie.MergeStudio.Features.MiniBoard	MiniBoardEventBusRaiser	17AD728	public static void DestroyFromBoard(int setID, int level) { }	Paxie/MergeStudio/Features/MiniBoard/MiniBoardEventBusRaiser.cs	code/Il2CppDumper/type_blocks/01080_MiniBoardEventBusRaiser.txt		signature only
1080	Paxie.MergeStudio.Features.MiniBoard	MiniBoardEventBusRaiser	17AD7B4	public static void ClearSelectedPosition(bool itemDestroy) { }	Paxie/MergeStudio/Features/MiniBoard/MiniBoardEventBusRaiser.cs	code/Il2CppDumper/type_blocks/01080_MiniBoardEventBusRaiser.txt		signature only
1080	Paxie.MergeStudio.Features.MiniBoard	MiniBoardEventBusRaiser	17AD838	public static void CollectCollectable(MiniBoardItemController collectable, BoardItemCollectable collectableData) { }	Paxie/MergeStudio/Features/MiniBoard/MiniBoardEventBusRaiser.cs	code/Il2CppDumper/type_blocks/01080_MiniBoardEventBusRaiser.txt		signature only
1080	Paxie.MergeStudio.Features.MiniBoard	MiniBoardEventBusRaiser	17AD8FC	public static void CollectRewardItemHolder(MiniBoardItemController rewardHolderItem, GameMainReward mainReward) { }	Paxie/MergeStudio/Features/MiniBoard/MiniBoardEventBusRaiser.cs	code/Il2CppDumper/type_blocks/01080_MiniBoardEventBusRaiser.txt		signature only
1080	Paxie.MergeStudio.Features.MiniBoard	MiniBoardEventBusRaiser	17AD9C0	public static void SpawnerSpawn(MiniBoardItemController spawner, BoardItemDefaultSpawner defaultSpawnerData, BoardItemAutoSpawner autoSpawnerData, Coordinate targetPosition) { }	Paxie/MergeStudio/Features/MiniBoard/MiniBoardEventBusRaiser.cs	code/Il2CppDumper/type_blocks/01080_MiniBoardEventBusRaiser.txt		signature only
1080	Paxie.MergeStudio.Features.MiniBoard	MiniBoardEventBusRaiser	17ADAC0	public static void PerishableSpawnerSpawn(MiniBoardItemController spawner, BoardItemPerishableSpawner perishableSpawnerData, Coordinate targetPosition) { }	Paxie/MergeStudio/Features/MiniBoard/MiniBoardEventBusRaiser.cs	code/Il2CppDumper/type_blocks/01080_MiniBoardEventBusRaiser.txt		signature only
1080	Paxie.MergeStudio.Features.MiniBoard	MiniBoardEventBusRaiser	17ADBAC	public static void OnStateChange(bool animateClockDisappear) { }	Paxie/MergeStudio/Features/MiniBoard/MiniBoardEventBusRaiser.cs	code/Il2CppDumper/type_blocks/01080_MiniBoardEventBusRaiser.txt		signature only
1080	Paxie.MergeStudio.Features.MiniBoard	MiniBoardEventBusRaiser	17ADC30	public static void RemoveFromRewardUI(Transform spawnTransform, MiniBoardItemEntity itemEntity, BoardItemData itemData) { }	Paxie/MergeStudio/Features/MiniBoard/MiniBoardEventBusRaiser.cs	code/Il2CppDumper/type_blocks/01080_MiniBoardEventBusRaiser.txt		signature only
1080	Paxie.MergeStudio.Features.MiniBoard	MiniBoardEventBusRaiser	17ADD10	public static void ClearBoard() { }	Paxie/MergeStudio/Features/MiniBoard/MiniBoardEventBusRaiser.cs	code/Il2CppDumper/type_blocks/01080_MiniBoardEventBusRaiser.txt		signature only
1080	Paxie.MergeStudio.Features.MiniBoard	MiniBoardEventBusRaiser	17ADD90	public static void PreMergeParticleActive(MiniBoardItemController itemController) { }	Paxie/MergeStudio/Features/MiniBoard/MiniBoardEventBusRaiser.cs	code/Il2CppDumper/type_blocks/01080_MiniBoardEventBusRaiser.txt		signature only
1080	Paxie.MergeStudio.Features.MiniBoard	MiniBoardEventBusRaiser	17ADE30	public static void BoardItemPositionUpdateStart(MiniBoardItemController itemController, MiniBoardItemController.PositionUpdateType positionUpdateType) { }	Paxie/MergeStudio/Features/MiniBoard/MiniBoardEventBusRaiser.cs	code/Il2CppDumper/type_blocks/01080_MiniBoardEventBusRaiser.txt		signature only
1080	Paxie.MergeStudio.Features.MiniBoard	MiniBoardEventBusRaiser	17ADEE4	public static void BoardItemPositionUpdate(MiniBoardItemController itemController, MiniBoardItemController.PositionUpdateType positionUpdateType) { }	Paxie/MergeStudio/Features/MiniBoard/MiniBoardEventBusRaiser.cs	code/Il2CppDumper/type_blocks/01080_MiniBoardEventBusRaiser.txt		signature only
1080	Paxie.MergeStudio.Features.MiniBoard	MiniBoardEventBusRaiser	17ADF98	public static void BoardItemRemoveFinished() { }	Paxie/MergeStudio/Features/MiniBoard/MiniBoardEventBusRaiser.cs	code/Il2CppDumper/type_blocks/01080_MiniBoardEventBusRaiser.txt		signature only
1080	Paxie.MergeStudio.Features.MiniBoard	MiniBoardEventBusRaiser	17AE018	public static void ItemDragStarted(MiniBoardItemController itemController) { }	Paxie/MergeStudio/Features/MiniBoard/MiniBoardEventBusRaiser.cs	code/Il2CppDumper/type_blocks/01080_MiniBoardEventBusRaiser.txt		signature only
1080	Paxie.MergeStudio.Features.MiniBoard	MiniBoardEventBusRaiser	17AE0B8	public static void ItemDragging(MiniBoardItemController itemController) { }	Paxie/MergeStudio/Features/MiniBoard/MiniBoardEventBusRaiser.cs	code/Il2CppDumper/type_blocks/01080_MiniBoardEventBusRaiser.txt		signature only
1080	Paxie.MergeStudio.Features.MiniBoard	MiniBoardEventBusRaiser	17AE158	public static void ItemDragStopped() { }	Paxie/MergeStudio/Features/MiniBoard/MiniBoardEventBusRaiser.cs	code/Il2CppDumper/type_blocks/01080_MiniBoardEventBusRaiser.txt		signature only
1080	Paxie.MergeStudio.Features.MiniBoard	MiniBoardEventBusRaiser	17AE1D8	public static void SpawnerHintAdd(MiniBoardItemController itemController) { }	Paxie/MergeStudio/Features/MiniBoard/MiniBoardEventBusRaiser.cs	code/Il2CppDumper/type_blocks/01080_MiniBoardEventBusRaiser.txt		signature only
1080	Paxie.MergeStudio.Features.MiniBoard	MiniBoardEventBusRaiser	17AA1BC	public static void ItemGainFromSpawnerReward(MiniBoardItemGainFromSpawnerReward itemGainFromSpawnerReward) { }	Paxie/MergeStudio/Features/MiniBoard/MiniBoardEventBusRaiser.cs	code/Il2CppDumper/type_blocks/01080_MiniBoardEventBusRaiser.txt		signature only
1080	Paxie.MergeStudio.Features.MiniBoard	MiniBoardEventBusRaiser	17AE278	public static void BoardItemStatusChange(bool updateBoardTask) { }	Paxie/MergeStudio/Features/MiniBoard/MiniBoardEventBusRaiser.cs	code/Il2CppDumper/type_blocks/01080_MiniBoardEventBusRaiser.txt		signature only
1080	Paxie.MergeStudio.Features.MiniBoard	MiniBoardEventBusRaiser	17AE2FC	public static void BoardNonMovableItemClick(MiniBoardMovable moving, MiniBoardMovable.InteractionStatus interactionStatus) { }	Paxie/MergeStudio/Features/MiniBoard/MiniBoardEventBusRaiser.cs	code/Il2CppDumper/type_blocks/01080_MiniBoardEventBusRaiser.txt		signature only
1080	Paxie.MergeStudio.Features.MiniBoard	MiniBoardEventBusRaiser	17AE3B0	public static void BoardItemClick(MiniBoardMovable moving, MiniBoardMovable.InteractionStatus interactionStatus) { }	Paxie/MergeStudio/Features/MiniBoard/MiniBoardEventBusRaiser.cs	code/Il2CppDumper/type_blocks/01080_MiniBoardEventBusRaiser.txt		signature only
1080	Paxie.MergeStudio.Features.MiniBoard	MiniBoardEventBusRaiser	17AE464	public static void BoardDragCollisionButtonStays(MiniBoardMovable moving) { }	Paxie/MergeStudio/Features/MiniBoard/MiniBoardEventBusRaiser.cs	code/Il2CppDumper/type_blocks/01080_MiniBoardEventBusRaiser.txt		signature only
1080	Paxie.MergeStudio.Features.MiniBoard	MiniBoardEventBusRaiser	17A9D28	public static void BoardRewardAreaUIUpdate() { }	Paxie/MergeStudio/Features/MiniBoard/MiniBoardEventBusRaiser.cs	code/Il2CppDumper/type_blocks/01080_MiniBoardEventBusRaiser.txt		signature only
1080	Paxie.MergeStudio.Features.MiniBoard	MiniBoardEventBusRaiser	17AE504	public static void BoardRewardAreaItemAdded(int addedItemCount, bool updateBoardIcon) { }	Paxie/MergeStudio/Features/MiniBoard/MiniBoardEventBusRaiser.cs	code/Il2CppDumper/type_blocks/01080_MiniBoardEventBusRaiser.txt		signature only
1080	Paxie.MergeStudio.Features.MiniBoard	MiniBoardEventBusRaiser	17AE590	public static void BoardUpdateRewardAreaCount(int totalItemCount) { }	Paxie/MergeStudio/Features/MiniBoard/MiniBoardEventBusRaiser.cs	code/Il2CppDumper/type_blocks/01080_MiniBoardEventBusRaiser.txt		signature only
1080	Paxie.MergeStudio.Features.MiniBoard	MiniBoardEventBusRaiser	17AE614	public static void ProgressionBoardLoadNewBoard() { }	Paxie/MergeStudio/Features/MiniBoard/MiniBoardEventBusRaiser.cs	code/Il2CppDumper/type_blocks/01080_MiniBoardEventBusRaiser.txt		signature only
1080	Paxie.MergeStudio.Features.MiniBoard	MiniBoardEventBusRaiser	17AE694	public static void ProgressionBoardMaxProgressLevelItemChanged(int maxLevel) { }	Paxie/MergeStudio/Features/MiniBoard/MiniBoardEventBusRaiser.cs	code/Il2CppDumper/type_blocks/01080_MiniBoardEventBusRaiser.txt		signature only
1080	Paxie.MergeStudio.Features.MiniBoard	MiniBoardEventBusRaiser	17AE718	public static void ProgressionBoardAnimatedProgressItemAnimationCompleted() { }	Paxie/MergeStudio/Features/MiniBoard/MiniBoardEventBusRaiser.cs	code/Il2CppDumper/type_blocks/01080_MiniBoardEventBusRaiser.txt		signature only
1080	Paxie.MergeStudio.Features.MiniBoard	MiniBoardEventBusRaiser	17A3CF0	public static void ProgressionBoardProgressItemFoundRaiseKey(Vector3 keyPosition, float keyWorldScale, Sprite keySprite) { }	Paxie/MergeStudio/Features/MiniBoard/MiniBoardEventBusRaiser.cs	code/Il2CppDumper/type_blocks/01080_MiniBoardEventBusRaiser.txt		signature only
1080	Paxie.MergeStudio.Features.MiniBoard	MiniBoardEventBusRaiser	17A79C4	public static void ProgressionBoardNoticePopupClosed() { }	Paxie/MergeStudio/Features/MiniBoard/MiniBoardEventBusRaiser.cs	code/Il2CppDumper/type_blocks/01080_MiniBoardEventBusRaiser.txt		signature only
1080	Paxie.MergeStudio.Features.MiniBoard	MiniBoardEventBusRaiser	17AE798	public static void ProgressionBoardCongratsPopupClosed() { }	Paxie/MergeStudio/Features/MiniBoard/MiniBoardEventBusRaiser.cs	code/Il2CppDumper/type_blocks/01080_MiniBoardEventBusRaiser.txt		signature only
1080	Paxie.MergeStudio.Features.MiniBoard	MiniBoardEventBusRaiser	17AE818	public static void SRClearRewardArea() { }	Paxie/MergeStudio/Features/MiniBoard/MiniBoardEventBusRaiser.cs	code/Il2CppDumper/type_blocks/01080_MiniBoardEventBusRaiser.txt		signature only
1080	Paxie.MergeStudio.Features.MiniBoard	MiniBoardEventBusRaiser	17AE898	public static void SRBoardAddItemToRewardArea(int setID, int level, int boosterID, GameMainReward gameMainReward) { }	Paxie/MergeStudio/Features/MiniBoard/MiniBoardEventBusRaiser.cs	code/Il2CppDumper/type_blocks/01080_MiniBoardEventBusRaiser.txt		signature only
1080	Paxie.MergeStudio.Features.MiniBoard	MiniBoardEventBusRaiser	17AE964	public static void SRBoardSpawnItemRequest(int setID, int level) { }	Paxie/MergeStudio/Features/MiniBoard/MiniBoardEventBusRaiser.cs	code/Il2CppDumper/type_blocks/01080_MiniBoardEventBusRaiser.txt		signature only
1080	Paxie.MergeStudio.Features.MiniBoard	MiniBoardEventBusRaiser	17AE9F0	public static void SRBoardSpawnItem(MiniBoardItemEntity itemEntity, List<MiniBoardItemEntity> itemEntityList) { }	Paxie/MergeStudio/Features/MiniBoard/MiniBoardEventBusRaiser.cs	code/Il2CppDumper/type_blocks/01080_MiniBoardEventBusRaiser.txt		signature only
1080	Paxie.MergeStudio.Features.MiniBoard	MiniBoardEventBusRaiser	17AEAB4	public static void SRBoardSpawnRewardHolderItemRequest(int rewardSetID, int rewardLevel, int boosterID) { }	Paxie/MergeStudio/Features/MiniBoard/MiniBoardEventBusRaiser.cs	code/Il2CppDumper/type_blocks/01080_MiniBoardEventBusRaiser.txt		signature only
1080	Paxie.MergeStudio.Features.MiniBoard	MiniBoardEventBusRaiser	17AEB48	public static void SRBoardSpawnRewardHolderItem(MiniBoardItemEntity itemEntity) { }	Paxie/MergeStudio/Features/MiniBoard/MiniBoardEventBusRaiser.cs	code/Il2CppDumper/type_blocks/01080_MiniBoardEventBusRaiser.txt		signature only
1081	Paxie.MergeStudio.Features.MiniBoard	MiniBoardCellData	17AEBE8	public void .ctor() { }	Paxie/MergeStudio/Features/MiniBoard/MiniBoardCellData.cs	code/Il2CppDumper/type_blocks/01081_MiniBoardCellData.txt		signature only
1082	Paxie.MergeStudio.Features.MiniBoard	MiniBoardCellController	17AEBF0	public CellEntity get_CellEntity() { }	Paxie/MergeStudio/Features/MiniBoard/MiniBoardCellController.cs	code/Il2CppDumper/type_blocks/01082_MiniBoardCellController.txt		signature only
1082	Paxie.MergeStudio.Features.MiniBoard	MiniBoardCellController	17AEBF8	private void set_CellEntity(CellEntity value) { }	Paxie/MergeStudio/Features/MiniBoard/MiniBoardCellController.cs	code/Il2CppDumper/type_blocks/01082_MiniBoardCellController.txt		signature only
1082	Paxie.MergeStudio.Features.MiniBoard	MiniBoardCellController	17AEC00	public bool get_IsEvenCell() { }	Paxie/MergeStudio/Features/MiniBoard/MiniBoardCellController.cs	code/Il2CppDumper/type_blocks/01082_MiniBoardCellController.txt		signature only
1082	Paxie.MergeStudio.Features.MiniBoard	MiniBoardCellController	17AEC08	private void set_IsEvenCell(bool value) { }	Paxie/MergeStudio/Features/MiniBoard/MiniBoardCellController.cs	code/Il2CppDumper/type_blocks/01082_MiniBoardCellController.txt		signature only
1082	Paxie.MergeStudio.Features.MiniBoard	MiniBoardCellController	17AEC10	private void ArrangeSorting(bool moveToFront) { }	Paxie/MergeStudio/Features/MiniBoard/MiniBoardCellController.cs	code/Il2CppDumper/type_blocks/01082_MiniBoardCellController.txt		signature only
1082	Paxie.MergeStudio.Features.MiniBoard	MiniBoardCellController	17AEE10	public void Initialize(BaseMiniBoardController board, CellEntity cellEntity) { }	Paxie/MergeStudio/Features/MiniBoard/MiniBoardCellController.cs	code/Il2CppDumper/type_blocks/01082_MiniBoardCellController.txt		signature only
1082	Paxie.MergeStudio.Features.MiniBoard	MiniBoardCellController	17AF04C	private void ArrangeBackground() { }	Paxie/MergeStudio/Features/MiniBoard/MiniBoardCellController.cs	code/Il2CppDumper/type_blocks/01082_MiniBoardCellController.txt		signature only
1082	Paxie.MergeStudio.Features.MiniBoard	MiniBoardCellController	17AF1C0	public void Deselect() { }	Paxie/MergeStudio/Features/MiniBoard/MiniBoardCellController.cs	code/Il2CppDumper/type_blocks/01082_MiniBoardCellController.txt		signature only
1082	Paxie.MergeStudio.Features.MiniBoard	MiniBoardCellController	17AF1E0	public void Select() { }	Paxie/MergeStudio/Features/MiniBoard/MiniBoardCellController.cs	code/Il2CppDumper/type_blocks/01082_MiniBoardCellController.txt		signature only
1082	Paxie.MergeStudio.Features.MiniBoard	MiniBoardCellController	17AF2D0	public void SelectWithAnimation() { }	Paxie/MergeStudio/Features/MiniBoard/MiniBoardCellController.cs	code/Il2CppDumper/type_blocks/01082_MiniBoardCellController.txt		signature only
1082	Paxie.MergeStudio.Features.MiniBoard	MiniBoardCellController	17AF148	public void ArrangeSelectedImage(bool isActive) { }	Paxie/MergeStudio/Features/MiniBoard/MiniBoardCellController.cs	code/Il2CppDumper/type_blocks/01082_MiniBoardCellController.txt		signature only
1082	Paxie.MergeStudio.Features.MiniBoard	MiniBoardCellController	17AF660	public void DisableTrigger(bool disabled) { }	Paxie/MergeStudio/Features/MiniBoard/MiniBoardCellController.cs	code/Il2CppDumper/type_blocks/01082_MiniBoardCellController.txt		signature only
1082	Paxie.MergeStudio.Features.MiniBoard	MiniBoardCellController	17AF6FC	public void SetDoneableBackground(bool enable) { }	Paxie/MergeStudio/Features/MiniBoard/MiniBoardCellController.cs	code/Il2CppDumper/type_blocks/01082_MiniBoardCellController.txt		signature only
1082	Paxie.MergeStudio.Features.MiniBoard	MiniBoardCellController	17AF99C	public void DisableDoneableBackground() { }	Paxie/MergeStudio/Features/MiniBoard/MiniBoardCellController.cs	code/Il2CppDumper/type_blocks/01082_MiniBoardCellController.txt		signature only
1082	Paxie.MergeStudio.Features.MiniBoard	MiniBoardCellController	17AF9A4	public void EnableDoneableBackground() { }	Paxie/MergeStudio/Features/MiniBoard/MiniBoardCellController.cs	code/Il2CppDumper/type_blocks/01082_MiniBoardCellController.txt		signature only
1082	Paxie.MergeStudio.Features.MiniBoard	MiniBoardCellController	17AF8B8	public Tween DODoneableBackground(bool fadeIn) { }	Paxie/MergeStudio/Features/MiniBoard/MiniBoardCellController.cs	code/Il2CppDumper/type_blocks/01082_MiniBoardCellController.txt		signature only
1082	Paxie.MergeStudio.Features.MiniBoard	MiniBoardCellController	17AF9AC	public Vector3 GetCornerPosition(Transform referenceTransform) { }	Paxie/MergeStudio/Features/MiniBoard/MiniBoardCellController.cs	code/Il2CppDumper/type_blocks/01082_MiniBoardCellController.txt		signature only
1082	Paxie.MergeStudio.Features.MiniBoard	MiniBoardCellController	17AF9E0	public Vector3 GetCornerPosition(Transform referenceTransform, float coef) { }	Paxie/MergeStudio/Features/MiniBoard/MiniBoardCellController.cs	code/Il2CppDumper/type_blocks/01082_MiniBoardCellController.txt		signature only
1082	Paxie.MergeStudio.Features.MiniBoard	MiniBoardCellController	17AFB60	public void ArrangeSortingJelly() { }	Paxie/MergeStudio/Features/MiniBoard/MiniBoardCellController.cs	code/Il2CppDumper/type_blocks/01082_MiniBoardCellController.txt		signature only
1082	Paxie.MergeStudio.Features.MiniBoard	MiniBoardCellController	17AFB70	public void RestoreSorting() { }	Paxie/MergeStudio/Features/MiniBoard/MiniBoardCellController.cs	code/Il2CppDumper/type_blocks/01082_MiniBoardCellController.txt		signature only
1082	Paxie.MergeStudio.Features.MiniBoard	MiniBoardCellController	17AFB80	public void StartMergeHintSorting(int offset) { }	Paxie/MergeStudio/Features/MiniBoard/MiniBoardCellController.cs	code/Il2CppDumper/type_blocks/01082_MiniBoardCellController.txt		signature only
1082	Paxie.MergeStudio.Features.MiniBoard	MiniBoardCellController	17AFBB8	public void DestroyCell() { }	Paxie/MergeStudio/Features/MiniBoard/MiniBoardCellController.cs	code/Il2CppDumper/type_blocks/01082_MiniBoardCellController.txt		signature only
1082	Paxie.MergeStudio.Features.MiniBoard	MiniBoardCellController	17AFC28	private void OnDestroy() { }	Paxie/MergeStudio/Features/MiniBoard/MiniBoardCellController.cs	code/Il2CppDumper/type_blocks/01082_MiniBoardCellController.txt		signature only
1082	Paxie.MergeStudio.Features.MiniBoard	MiniBoardCellController	17AFC68	public void .ctor() { }	Paxie/MergeStudio/Features/MiniBoard/MiniBoardCellController.cs	code/Il2CppDumper/type_blocks/01082_MiniBoardCellController.txt		signature only
1082	Paxie.MergeStudio.Features.MiniBoard	MiniBoardCellController	17AFC70	private static void .cctor() { }	Paxie/MergeStudio/Features/MiniBoard/MiniBoardCellController.cs	code/Il2CppDumper/type_blocks/01082_MiniBoardCellController.txt		signature only
1082	Paxie.MergeStudio.Features.MiniBoard	MiniBoardCellController	17AFCD4	private void <SetDoneableBackground>b__28_0() { }	Paxie/MergeStudio/Features/MiniBoard/MiniBoardCellController.cs	code/Il2CppDumper/type_blocks/01082_MiniBoardCellController.txt		signature only
1082	Paxie.MergeStudio.Features.MiniBoard	MiniBoardCellController	17AFD18	private void <SetDoneableBackground>b__28_1() { }	Paxie/MergeStudio/Features/MiniBoard/MiniBoardCellController.cs	code/Il2CppDumper/type_blocks/01082_MiniBoardCellController.txt		signature only
1083	Paxie.MergeStudio.Features.MiniBoard	MiniBoardCellMergeCollider	17AFD5C	public void .ctor() { }	Paxie/MergeStudio/Features/MiniBoard/MiniBoardCellMergeCollider.cs	code/Il2CppDumper/type_blocks/01083_MiniBoardCellMergeCollider.txt		signature only
1112	Paxie.MergeStudio.Features.MiniBoard	MiniBoardItemEntity	17B7908	public override string ToString() { }	Paxie/MergeStudio/Features/MiniBoard/MiniBoardItemEntity.cs	code/Il2CppDumper/type_blocks/01112_MiniBoardItemEntity.txt		signature only
1112	Paxie.MergeStudio.Features.MiniBoard	MiniBoardItemEntity	17B7D70	public int get_GetLevel() { }	Paxie/MergeStudio/Features/MiniBoard/MiniBoardItemEntity.cs	code/Il2CppDumper/type_blocks/01112_MiniBoardItemEntity.txt		signature only
1112	Paxie.MergeStudio.Features.MiniBoard	MiniBoardItemEntity	17B7D78	public int get_GetSetID() { }	Paxie/MergeStudio/Features/MiniBoard/MiniBoardItemEntity.cs	code/Il2CppDumper/type_blocks/01112_MiniBoardItemEntity.txt		signature only
1112	Paxie.MergeStudio.Features.MiniBoard	MiniBoardItemEntity	17B7D80	public bool get_GetIsBubbled() { }	Paxie/MergeStudio/Features/MiniBoard/MiniBoardItemEntity.cs	code/Il2CppDumper/type_blocks/01112_MiniBoardItemEntity.txt		signature only
1112	Paxie.MergeStudio.Features.MiniBoard	MiniBoardItemEntity	17B7D88	public float get_GetCurrentCapacity() { }	Paxie/MergeStudio/Features/MiniBoard/MiniBoardItemEntity.cs	code/Il2CppDumper/type_blocks/01112_MiniBoardItemEntity.txt		signature only
1112	Paxie.MergeStudio.Features.MiniBoard	MiniBoardItemEntity	17B7D90	public long get_GetChargingFinishAtTick() { }	Paxie/MergeStudio/Features/MiniBoard/MiniBoardItemEntity.cs	code/Il2CppDumper/type_blocks/01112_MiniBoardItemEntity.txt		signature only
1112	Paxie.MergeStudio.Features.MiniBoard	MiniBoardItemEntity	17B7D98	public ChestState get_GetChestState() { }	Paxie/MergeStudio/Features/MiniBoard/MiniBoardItemEntity.cs	code/Il2CppDumper/type_blocks/01112_MiniBoardItemEntity.txt		signature only
1112	Paxie.MergeStudio.Features.MiniBoard	MiniBoardItemEntity	17B7DA0	public bool IsSameLevelAndSet(IItemEntity item) { }	Paxie/MergeStudio/Features/MiniBoard/MiniBoardItemEntity.cs	code/Il2CppDumper/type_blocks/01112_MiniBoardItemEntity.txt		signature only
1112	Paxie.MergeStudio.Features.MiniBoard	MiniBoardItemEntity	17B7EE8	public void SetCurrentCapacity(float capacity) { }	Paxie/MergeStudio/Features/MiniBoard/MiniBoardItemEntity.cs	code/Il2CppDumper/type_blocks/01112_MiniBoardItemEntity.txt		signature only
1112	Paxie.MergeStudio.Features.MiniBoard	MiniBoardItemEntity	17B7EF0	public void SetChargingFinishAtTick(long chargingFinishAtTick) { }	Paxie/MergeStudio/Features/MiniBoard/MiniBoardItemEntity.cs	code/Il2CppDumper/type_blocks/01112_MiniBoardItemEntity.txt		signature only
1112	Paxie.MergeStudio.Features.MiniBoard	MiniBoardItemEntity	17B7F00	public void SetSkippedState(SpawnerState state) { }	Paxie/MergeStudio/Features/MiniBoard/MiniBoardItemEntity.cs	code/Il2CppDumper/type_blocks/01112_MiniBoardItemEntity.txt		signature only
1112	Paxie.MergeStudio.Features.MiniBoard	MiniBoardItemEntity	17B7F08	public void CalculateNextChargingTime(BoardItemSpawnerData data) { }	Paxie/MergeStudio/Features/MiniBoard/MiniBoardItemEntity.cs	code/Il2CppDumper/type_blocks/01112_MiniBoardItemEntity.txt		signature only
1112	Paxie.MergeStudio.Features.MiniBoard	MiniBoardItemEntity	17B8254	public void SetChestState(IItemController item, ChestState chestState, BoardItemChestSpawner chestSpawner, bool animateClockDisappear = False, bool init = False) { }	Paxie/MergeStudio/Features/MiniBoard/MiniBoardItemEntity.cs	code/Il2CppDumper/type_blocks/01112_MiniBoardItemEntity.txt		signature only
1112	Paxie.MergeStudio.Features.MiniBoard	MiniBoardItemEntity	17B8648	public void .ctor() { }	Paxie/MergeStudio/Features/MiniBoard/MiniBoardItemEntity.cs	code/Il2CppDumper/type_blocks/01112_MiniBoardItemEntity.txt		signature only
1112	Paxie.MergeStudio.Features.MiniBoard	MiniBoardItemEntity	17B8650	public void .ctor(int level, int setID, bool isJelly, Coordinate boardIndex) { }	Paxie/MergeStudio/Features/MiniBoard/MiniBoardItemEntity.cs	code/Il2CppDumper/type_blocks/01112_MiniBoardItemEntity.txt		signature only
1112	Paxie.MergeStudio.Features.MiniBoard	MiniBoardItemEntity	17B868C	public void .ctor(int level, int setID, bool isJelly, Coordinate boardIndex, bool isBoxed, int unboxLevel) { }	Paxie/MergeStudio/Features/MiniBoard/MiniBoardItemEntity.cs	code/Il2CppDumper/type_blocks/01112_MiniBoardItemEntity.txt		signature only
1112	Paxie.MergeStudio.Features.MiniBoard	MiniBoardItemEntity	17B86D4	public void .ctor(int level, int setID, bool isJelly) { }	Paxie/MergeStudio/Features/MiniBoard/MiniBoardItemEntity.cs	code/Il2CppDumper/type_blocks/01112_MiniBoardItemEntity.txt		signature only
1112	Paxie.MergeStudio.Features.MiniBoard	MiniBoardItemEntity	17B86FC	public void .ctor(int level, int setID, bool isJelly, GameMainReward gameMainReward, Coordinate boardIndex) { }	Paxie/MergeStudio/Features/MiniBoard/MiniBoardItemEntity.cs	code/Il2CppDumper/type_blocks/01112_MiniBoardItemEntity.txt		signature only
1112	Paxie.MergeStudio.Features.MiniBoard	MiniBoardItemEntity	17B8748	public void .ctor(int level, int setID, GameMainReward gameMainReward, Coordinate boardIndex) { }	Paxie/MergeStudio/Features/MiniBoard/MiniBoardItemEntity.cs	code/Il2CppDumper/type_blocks/01112_MiniBoardItemEntity.txt		signature only
1112	Paxie.MergeStudio.Features.MiniBoard	MiniBoardItemEntity	17B8788	public void .ctor(int level, int setID, GameMainReward gameMainReward) { }	Paxie/MergeStudio/Features/MiniBoard/MiniBoardItemEntity.cs	code/Il2CppDumper/type_blocks/01112_MiniBoardItemEntity.txt		signature only
1112	Paxie.MergeStudio.Features.MiniBoard	MiniBoardItemEntity	17B87BC	public bool IsInactiveItem() { }	Paxie/MergeStudio/Features/MiniBoard/MiniBoardItemEntity.cs	code/Il2CppDumper/type_blocks/01112_MiniBoardItemEntity.txt		signature only
1112	Paxie.MergeStudio.Features.MiniBoard	MiniBoardItemEntity	17B87EC	public bool IsInActiveAndNonMergeableItem() { }	Paxie/MergeStudio/Features/MiniBoard/MiniBoardItemEntity.cs	code/Il2CppDumper/type_blocks/01112_MiniBoardItemEntity.txt		signature only
1112	Paxie.MergeStudio.Features.MiniBoard	MiniBoardItemEntity	17B8810	public bool IsJellyOrBoxedItem() { }	Paxie/MergeStudio/Features/MiniBoard/MiniBoardItemEntity.cs	code/Il2CppDumper/type_blocks/01112_MiniBoardItemEntity.txt		signature only
1112	Paxie.MergeStudio.Features.MiniBoard	MiniBoardItemEntity	17B8834	public bool IsMovable() { }	Paxie/MergeStudio/Features/MiniBoard/MiniBoardItemEntity.cs	code/Il2CppDumper/type_blocks/01112_MiniBoardItemEntity.txt		signature only
1112	Paxie.MergeStudio.Features.MiniBoard	MiniBoardItemEntity	17B8854	public void SetSpawnerState(IItemController item, BoardItemSpawnerData data, SpawnerState spawnerState, bool animateClockDisappear = False) { }	Paxie/MergeStudio/Features/MiniBoard/MiniBoardItemEntity.cs	code/Il2CppDumper/type_blocks/01112_MiniBoardItemEntity.txt		signature only
1112	Paxie.MergeStudio.Features.MiniBoard	MiniBoardItemEntity	17B8C00	public bool IsInvalid() { }	Paxie/MergeStudio/Features/MiniBoard/MiniBoardItemEntity.cs	code/Il2CppDumper/type_blocks/01112_MiniBoardItemEntity.txt		signature only
1112	Paxie.MergeStudio.Features.MiniBoard	MiniBoardItemEntity	17B8C28	public bool IsSameLevelAndSet(MiniBoardItemEntity item) { }	Paxie/MergeStudio/Features/MiniBoard/MiniBoardItemEntity.cs	code/Il2CppDumper/type_blocks/01112_MiniBoardItemEntity.txt		signature only
1112	Paxie.MergeStudio.Features.MiniBoard	MiniBoardItemEntity	17B8C6C	public bool IsSameLevelAndSet(BoardTaskGoal goal) { }	Paxie/MergeStudio/Features/MiniBoard/MiniBoardItemEntity.cs	code/Il2CppDumper/type_blocks/01112_MiniBoardItemEntity.txt		signature only
1124		MiniBoardItemController.	17BF314	public void .ctor() { }	Paxie/MergeStudio/Features/MiniBoard/MiniBoardItemController.cs	code/Il2CppDumper/type_blocks/01124_MiniBoardItemController..txt		signature only
1124		MiniBoardItemController.	17C4360	internal int <IsMergeAvailable>b__0(MiniBoardCellMergeCollider item1, MiniBoardCellMergeCollider item2) { }	Paxie/MergeStudio/Features/MiniBoard/MiniBoardItemController.cs	code/Il2CppDumper/type_blocks/01124_MiniBoardItemController..txt		signature only
1125		MiniBoardItemController.	17C2104	public void .ctor() { }	Paxie/MergeStudio/Features/MiniBoard/MiniBoardItemController.cs	code/Il2CppDumper/type_blocks/01125_MiniBoardItemController..txt		signature only
1125		MiniBoardItemController.	17C44D8	internal bool <DragStopped>b__0(MiniBoardCellController cellItem) { }	Paxie/MergeStudio/Features/MiniBoard/MiniBoardItemController.cs	code/Il2CppDumper/type_blocks/01125_MiniBoardItemController..txt		signature only
1125		MiniBoardItemController.	17C45B4	internal int <DragStopped>b__1(MiniBoardCellController item1, MiniBoardCellController item2) { }	Paxie/MergeStudio/Features/MiniBoard/MiniBoardItemController.cs	code/Il2CppDumper/type_blocks/01125_MiniBoardItemController..txt		signature only
1126		MiniBoardItemController.	17C472C	private void MoveNext() { }	Paxie/MergeStudio/Features/MiniBoard/MiniBoardItemController.cs	code/Il2CppDumper/type_blocks/01126_MiniBoardItemController..txt		signature only
1126		MiniBoardItemController.	17C49A8	private void SetStateMachine(IAsyncStateMachine stateMachine) { }	Paxie/MergeStudio/Features/MiniBoard/MiniBoardItemController.cs	code/Il2CppDumper/type_blocks/01126_MiniBoardItemController..txt		signature only
1127		MiniBoardItemController.	17C49B4	private void MoveNext() { }	Paxie/MergeStudio/Features/MiniBoard/MiniBoardItemController.cs	code/Il2CppDumper/type_blocks/01127_MiniBoardItemController..txt		signature only
1127		MiniBoardItemController.	17C5528	private void SetStateMachine(IAsyncStateMachine stateMachine) { }	Paxie/MergeStudio/Features/MiniBoard/MiniBoardItemController.cs	code/Il2CppDumper/type_blocks/01127_MiniBoardItemController..txt		signature only
1128	Paxie.MergeStudio.Features.MiniBoard	MiniBoardItemController	17BA910	public Transform get_IconTransform() { }	Paxie/MergeStudio/Features/MiniBoard/MiniBoardItemController.cs	code/Il2CppDumper/type_blocks/01128_MiniBoardItemController.txt		signature only
1128	Paxie.MergeStudio.Features.MiniBoard	MiniBoardItemController	17BA934	public SortingGroup get_SortingGroup() { }	Paxie/MergeStudio/Features/MiniBoard/MiniBoardItemController.cs	code/Il2CppDumper/type_blocks/01128_MiniBoardItemController.txt		signature only
1128	Paxie.MergeStudio.Features.MiniBoard	MiniBoardItemController	17BA93C	private void set_SortingGroup(SortingGroup value) { }	Paxie/MergeStudio/Features/MiniBoard/MiniBoardItemController.cs	code/Il2CppDumper/type_blocks/01128_MiniBoardItemController.txt		signature only
1128	Paxie.MergeStudio.Features.MiniBoard	MiniBoardItemController	17BA944	public MiniBoardItemParticleController get_ItemParticleController() { }	Paxie/MergeStudio/Features/MiniBoard/MiniBoardItemController.cs	code/Il2CppDumper/type_blocks/01128_MiniBoardItemController.txt		signature only
1128	Paxie.MergeStudio.Features.MiniBoard	MiniBoardItemController	17BA94C	public void set_ItemParticleController(MiniBoardItemParticleController value) { }	Paxie/MergeStudio/Features/MiniBoard/MiniBoardItemController.cs	code/Il2CppDumper/type_blocks/01128_MiniBoardItemController.txt		signature only
1128	Paxie.MergeStudio.Features.MiniBoard	MiniBoardItemController	17BA954	public MiniBoardItemRuntimeData get_ItemRuntimeData() { }	Paxie/MergeStudio/Features/MiniBoard/MiniBoardItemController.cs	code/Il2CppDumper/type_blocks/01128_MiniBoardItemController.txt		signature only
1128	Paxie.MergeStudio.Features.MiniBoard	MiniBoardItemController	17BA95C	private void set_ItemRuntimeData(MiniBoardItemRuntimeData value) { }	Paxie/MergeStudio/Features/MiniBoard/MiniBoardItemController.cs	code/Il2CppDumper/type_blocks/01128_MiniBoardItemController.txt		signature only
1128	Paxie.MergeStudio.Features.MiniBoard	MiniBoardItemController	17BA964	public MiniBoardMovable get_Movable() { }	Paxie/MergeStudio/Features/MiniBoard/MiniBoardItemController.cs	code/Il2CppDumper/type_blocks/01128_MiniBoardItemController.txt		signature only
1128	Paxie.MergeStudio.Features.MiniBoard	MiniBoardItemController	17BA96C	private void set_Movable(MiniBoardMovable value) { }	Paxie/MergeStudio/Features/MiniBoard/MiniBoardItemController.cs	code/Il2CppDumper/type_blocks/01128_MiniBoardItemController.txt		signature only
1128	Paxie.MergeStudio.Features.MiniBoard	MiniBoardItemController	17BA974	public BaseMiniBoardController get_Board() { }	Paxie/MergeStudio/Features/MiniBoard/MiniBoardItemController.cs	code/Il2CppDumper/type_blocks/01128_MiniBoardItemController.txt		signature only
1128	Paxie.MergeStudio.Features.MiniBoard	MiniBoardItemController	17BA97C	private void set_Board(BaseMiniBoardController value) { }	Paxie/MergeStudio/Features/MiniBoard/MiniBoardItemController.cs	code/Il2CppDumper/type_blocks/01128_MiniBoardItemController.txt		signature only
1128	Paxie.MergeStudio.Features.MiniBoard	MiniBoardItemController	17BA984	public Collider2D get_Collider2D() { }	Paxie/MergeStudio/Features/MiniBoard/MiniBoardItemController.cs	code/Il2CppDumper/type_blocks/01128_MiniBoardItemController.txt		signature only
1128	Paxie.MergeStudio.Features.MiniBoard	MiniBoardItemController	17BA98C	private void set_Collider2D(Collider2D value) { }	Paxie/MergeStudio/Features/MiniBoard/MiniBoardItemController.cs	code/Il2CppDumper/type_blocks/01128_MiniBoardItemController.txt		signature only
1128	Paxie.MergeStudio.Features.MiniBoard	MiniBoardItemController	17BA994	public SortingData get_SortingData() { }	Paxie/MergeStudio/Features/MiniBoard/MiniBoardItemController.cs	code/Il2CppDumper/type_blocks/01128_MiniBoardItemController.txt		signature only
1128	Paxie.MergeStudio.Features.MiniBoard	MiniBoardItemController	17BA99C	private void set_SortingData(SortingData value) { }	Paxie/MergeStudio/Features/MiniBoard/MiniBoardItemController.cs	code/Il2CppDumper/type_blocks/01128_MiniBoardItemController.txt		signature only
1128	Paxie.MergeStudio.Features.MiniBoard	MiniBoardItemController	17BA9A4	public MiniBoardItemControllerMaxBadge get_ItemControllerMaxBadge() { }	Paxie/MergeStudio/Features/MiniBoard/MiniBoardItemController.cs	code/Il2CppDumper/type_blocks/01128_MiniBoardItemController.txt		signature only
1128	Paxie.MergeStudio.Features.MiniBoard	MiniBoardItemController	17BA9AC	public void set_ItemControllerMaxBadge(MiniBoardItemControllerMaxBadge value) { }	Paxie/MergeStudio/Features/MiniBoard/MiniBoardItemController.cs	code/Il2CppDumper/type_blocks/01128_MiniBoardItemController.txt		signature only
1128	Paxie.MergeStudio.Features.MiniBoard	MiniBoardItemController	17BA9B4	public MiniBoardItemControllerDebug get_ItemControllerDebug() { }	Paxie/MergeStudio/Features/MiniBoard/MiniBoardItemController.cs	code/Il2CppDumper/type_blocks/01128_MiniBoardItemController.txt		signature only
1128	Paxie.MergeStudio.Features.MiniBoard	MiniBoardItemController	17BA9BC	public void set_ItemControllerDebug(MiniBoardItemControllerDebug value) { }	Paxie/MergeStudio/Features/MiniBoard/MiniBoardItemController.cs	code/Il2CppDumper/type_blocks/01128_MiniBoardItemController.txt		signature only
1128	Paxie.MergeStudio.Features.MiniBoard	MiniBoardItemController	17BA9C4	public MiniBoardItemControllerBox get_ItemControllerBox() { }	Paxie/MergeStudio/Features/MiniBoard/MiniBoardItemController.cs	code/Il2CppDumper/type_blocks/01128_MiniBoardItemController.txt		signature only
1128	Paxie.MergeStudio.Features.MiniBoard	MiniBoardItemController	17BA9CC	public void set_ItemControllerBox(MiniBoardItemControllerBox value) { }	Paxie/MergeStudio/Features/MiniBoard/MiniBoardItemController.cs	code/Il2CppDumper/type_blocks/01128_MiniBoardItemController.txt		signature only
1128	Paxie.MergeStudio.Features.MiniBoard	MiniBoardItemController	17BA9D4	public MiniBoardItemControllerLock get_ItemControllerLock() { }	Paxie/MergeStudio/Features/MiniBoard/MiniBoardItemController.cs	code/Il2CppDumper/type_blocks/01128_MiniBoardItemController.txt		signature only
1128	Paxie.MergeStudio.Features.MiniBoard	MiniBoardItemController	17BA9DC	public void set_ItemControllerLock(MiniBoardItemControllerLock value) { }	Paxie/MergeStudio/Features/MiniBoard/MiniBoardItemController.cs	code/Il2CppDumper/type_blocks/01128_MiniBoardItemController.txt		signature only
1128	Paxie.MergeStudio.Features.MiniBoard	MiniBoardItemController	17BA9E4	public MiniBoardItemControllerRewardIcon get_ItemRewardIcon() { }	Paxie/MergeStudio/Features/MiniBoard/MiniBoardItemController.cs	code/Il2CppDumper/type_blocks/01128_MiniBoardItemController.txt		signature only
1128	Paxie.MergeStudio.Features.MiniBoard	MiniBoardItemController	17BA9EC	public void set_ItemRewardIcon(MiniBoardItemControllerRewardIcon value) { }	Paxie/MergeStudio/Features/MiniBoard/MiniBoardItemController.cs	code/Il2CppDumper/type_blocks/01128_MiniBoardItemController.txt		signature only
1128	Paxie.MergeStudio.Features.MiniBoard	MiniBoardItemController	17BA9F4	public MiniBoardItemControllerRewardHolderIcon get_ItemRewardHolderIcon() { }	Paxie/MergeStudio/Features/MiniBoard/MiniBoardItemController.cs	code/Il2CppDumper/type_blocks/01128_MiniBoardItemController.txt		signature only
1128	Paxie.MergeStudio.Features.MiniBoard	MiniBoardItemController	17BA9FC	public void set_ItemRewardHolderIcon(MiniBoardItemControllerRewardHolderIcon value) { }	Paxie/MergeStudio/Features/MiniBoard/MiniBoardItemController.cs	code/Il2CppDumper/type_blocks/01128_MiniBoardItemController.txt		signature only
1128	Paxie.MergeStudio.Features.MiniBoard	MiniBoardItemController	17BAA04	public IBoardController get_GetBoardController() { }	Paxie/MergeStudio/Features/MiniBoard/MiniBoardItemController.cs	code/Il2CppDumper/type_blocks/01128_MiniBoardItemController.txt		signature only
1128	Paxie.MergeStudio.Features.MiniBoard	MiniBoardItemController	17BAA0C	public IItemRuntimeData get_GetRuntimeData() { }	Paxie/MergeStudio/Features/MiniBoard/MiniBoardItemController.cs	code/Il2CppDumper/type_blocks/01128_MiniBoardItemController.txt		signature only
1128	Paxie.MergeStudio.Features.MiniBoard	MiniBoardItemController	17BAA14	"public void ChangeCurrentCapacity(BoardItemSpawnerData spawnerData, float amount, bool isRewardedCapacity = False, bool animateClockDisappear = False, string changeReason = """", bool saveBoard = True) { }"	Paxie/MergeStudio/Features/MiniBoard/MiniBoardItemController.cs	code/Il2CppDumper/type_blocks/01128_MiniBoardItemController.txt		signature only
1128	Paxie.MergeStudio.Features.MiniBoard	MiniBoardItemController	17BB100	public bool PreventRecharge(bool log = False) { }	Paxie/MergeStudio/Features/MiniBoard/MiniBoardItemController.cs	code/Il2CppDumper/type_blocks/01128_MiniBoardItemController.txt		signature only
1128	Paxie.MergeStudio.Features.MiniBoard	MiniBoardItemController	17BB2FC	public void ArrangeOpenChestSpawnerState() { }	Paxie/MergeStudio/Features/MiniBoard/MiniBoardItemController.cs	code/Il2CppDumper/type_blocks/01128_MiniBoardItemController.txt		signature only
1128	Paxie.MergeStudio.Features.MiniBoard	MiniBoardItemController	17BB300	public void BoardChangeState(bool animateClockDisappear) { }	Paxie/MergeStudio/Features/MiniBoard/MiniBoardItemController.cs	code/Il2CppDumper/type_blocks/01128_MiniBoardItemController.txt		signature only
1128	Paxie.MergeStudio.Features.MiniBoard	MiniBoardItemController	17BB30C	public bool ProcessSpawn(BoardItemSpawnerData boardItemSpawnerData, int energyConsumeAmount) { }	Paxie/MergeStudio/Features/MiniBoard/MiniBoardItemController.cs	code/Il2CppDumper/type_blocks/01128_MiniBoardItemController.txt		signature only
1128	Paxie.MergeStudio.Features.MiniBoard	MiniBoardItemController	17BB38C	public bool ProcessSpawn(BoardItemPerishableSpawner boardItemPerishableSpawner, int energyConsumeAmount) { }	Paxie/MergeStudio/Features/MiniBoard/MiniBoardItemController.cs	code/Il2CppDumper/type_blocks/01128_MiniBoardItemController.txt		signature only
1128	Paxie.MergeStudio.Features.MiniBoard	MiniBoardItemController	17BB424	public bool ProcessSpawn(BoardItemChestSpawner boardItemChestSpawner, int energyConsumeAmount) { }	Paxie/MergeStudio/Features/MiniBoard/MiniBoardItemController.cs	code/Il2CppDumper/type_blocks/01128_MiniBoardItemController.txt		signature only
1128	Paxie.MergeStudio.Features.MiniBoard	MiniBoardItemController	17BB4BC	public override void Awake() { }	Paxie/MergeStudio/Features/MiniBoard/MiniBoardItemController.cs	code/Il2CppDumper/type_blocks/01128_MiniBoardItemController.txt		signature only
1128	Paxie.MergeStudio.Features.MiniBoard	MiniBoardItemController	17BB78C	public override void OnEnable() { }	Paxie/MergeStudio/Features/MiniBoard/MiniBoardItemController.cs	code/Il2CppDumper/type_blocks/01128_MiniBoardItemController.txt		signature only
1128	Paxie.MergeStudio.Features.MiniBoard	MiniBoardItemController	17BB7B0	private void OnDisable() { }	Paxie/MergeStudio/Features/MiniBoard/MiniBoardItemController.cs	code/Il2CppDumper/type_blocks/01128_MiniBoardItemController.txt		signature only
1128	Paxie.MergeStudio.Features.MiniBoard	MiniBoardItemController	17BB7BC	public override void OnDestroy() { }	Paxie/MergeStudio/Features/MiniBoard/MiniBoardItemController.cs	code/Il2CppDumper/type_blocks/01128_MiniBoardItemController.txt		signature only
1128	Paxie.MergeStudio.Features.MiniBoard	MiniBoardItemController	17BB924	public void DestroyItem() { }	Paxie/MergeStudio/Features/MiniBoard/MiniBoardItemController.cs	code/Il2CppDumper/type_blocks/01128_MiniBoardItemController.txt		signature only
1128	Paxie.MergeStudio.Features.MiniBoard	MiniBoardItemController	17BBAEC	private void OnDestroyItemKillRunTimeData() { }	Paxie/MergeStudio/Features/MiniBoard/MiniBoardItemController.cs	code/Il2CppDumper/type_blocks/01128_MiniBoardItemController.txt		signature only
1128	Paxie.MergeStudio.Features.MiniBoard	MiniBoardItemController	17BC244	public void RewardHolderDestroyItem() { }	Paxie/MergeStudio/Features/MiniBoard/MiniBoardItemController.cs	code/Il2CppDumper/type_blocks/01128_MiniBoardItemController.txt		signature only
1128	Paxie.MergeStudio.Features.MiniBoard	MiniBoardItemController	17BC350	public void RewardHolderClaimDestroyItem() { }	Paxie/MergeStudio/Features/MiniBoard/MiniBoardItemController.cs	code/Il2CppDumper/type_blocks/01128_MiniBoardItemController.txt		signature only
1128	Paxie.MergeStudio.Features.MiniBoard	MiniBoardItemController	17BB684	private static MiniBoardItemRuntimeData GetDefaultRuntimeData() { }	Paxie/MergeStudio/Features/MiniBoard/MiniBoardItemController.cs	code/Il2CppDumper/type_blocks/01128_MiniBoardItemController.txt		signature only
1128	Paxie.MergeStudio.Features.MiniBoard	MiniBoardItemController	17BC518	public void SetScale(Vector3 scale) { }	Paxie/MergeStudio/Features/MiniBoard/MiniBoardItemController.cs	code/Il2CppDumper/type_blocks/01128_MiniBoardItemController.txt		signature only
1128	Paxie.MergeStudio.Features.MiniBoard	MiniBoardItemController	17BC554	public override void UpdatePlayingTick(float elapsedTime) { }	Paxie/MergeStudio/Features/MiniBoard/MiniBoardItemController.cs	code/Il2CppDumper/type_blocks/01128_MiniBoardItemController.txt		signature only
1128	Paxie.MergeStudio.Features.MiniBoard	MiniBoardItemController	17BC56C	private void ChangeGameObjectName() { }	Paxie/MergeStudio/Features/MiniBoard/MiniBoardItemController.cs	code/Il2CppDumper/type_blocks/01128_MiniBoardItemController.txt		signature only
1128	Paxie.MergeStudio.Features.MiniBoard	MiniBoardItemController	17BC830	private bool IsPlayingTickUnavailable() { }	Paxie/MergeStudio/Features/MiniBoard/MiniBoardItemController.cs	code/Il2CppDumper/type_blocks/01128_MiniBoardItemController.txt		signature only
1128	Paxie.MergeStudio.Features.MiniBoard	MiniBoardItemController	17BC958	public override void UpdatePausedTick(float elapsedTime) { }	Paxie/MergeStudio/Features/MiniBoard/MiniBoardItemController.cs	code/Il2CppDumper/type_blocks/01128_MiniBoardItemController.txt		signature only
1128	Paxie.MergeStudio.Features.MiniBoard	MiniBoardItemController	17BC9D0	public override void UpdateTutorialTick(float elapsedTime) { }	Paxie/MergeStudio/Features/MiniBoard/MiniBoardItemController.cs	code/Il2CppDumper/type_blocks/01128_MiniBoardItemController.txt		signature only
1128	Paxie.MergeStudio.Features.MiniBoard	MiniBoardItemController	17BCAF8	public MiniBoardPosition GetPosition() { }	Paxie/MergeStudio/Features/MiniBoard/MiniBoardItemController.cs	code/Il2CppDumper/type_blocks/01128_MiniBoardItemController.txt		signature only
1128	Paxie.MergeStudio.Features.MiniBoard	MiniBoardItemController	17BCB48	public MiniBoardCellController GetCell() { }	Paxie/MergeStudio/Features/MiniBoard/MiniBoardItemController.cs	code/Il2CppDumper/type_blocks/01128_MiniBoardItemController.txt		signature only
1128	Paxie.MergeStudio.Features.MiniBoard	MiniBoardItemController	17BCBAC	public bool IsColliderEnabled() { }	Paxie/MergeStudio/Features/MiniBoard/MiniBoardItemController.cs	code/Il2CppDumper/type_blocks/01128_MiniBoardItemController.txt		signature only
1128	Paxie.MergeStudio.Features.MiniBoard	MiniBoardItemController	17BC324	public void SetColliderState(bool state) { }	Paxie/MergeStudio/Features/MiniBoard/MiniBoardItemController.cs	code/Il2CppDumper/type_blocks/01128_MiniBoardItemController.txt		signature only
1128	Paxie.MergeStudio.Features.MiniBoard	MiniBoardItemController	17BCBD0	public bool IsItemSpawnerOrCollectable() { }	Paxie/MergeStudio/Features/MiniBoard/MiniBoardItemController.cs	code/Il2CppDumper/type_blocks/01128_MiniBoardItemController.txt		signature only
1128	Paxie.MergeStudio.Features.MiniBoard	MiniBoardItemController	17BCD70	public void SetTutorialSortingData(SortingData sortingData) { }	Paxie/MergeStudio/Features/MiniBoard/MiniBoardItemController.cs	code/Il2CppDumper/type_blocks/01128_MiniBoardItemController.txt		signature only
1128	Paxie.MergeStudio.Features.MiniBoard	MiniBoardItemController	17BCE30	public SortingData GetTutorialSortingData() { }	Paxie/MergeStudio/Features/MiniBoard/MiniBoardItemController.cs	code/Il2CppDumper/type_blocks/01128_MiniBoardItemController.txt		signature only
1128	Paxie.MergeStudio.Features.MiniBoard	MiniBoardItemController	17BCECC	public void ArrangeInitializationSortingStatus(bool enableCollisions) { }	Paxie/MergeStudio/Features/MiniBoard/MiniBoardItemController.cs	code/Il2CppDumper/type_blocks/01128_MiniBoardItemController.txt		signature only
1128	Paxie.MergeStudio.Features.MiniBoard	MiniBoardItemController	17BCFD4	public void StartMergeHintSorting(int offset) { }	Paxie/MergeStudio/Features/MiniBoard/MiniBoardItemController.cs	code/Il2CppDumper/type_blocks/01128_MiniBoardItemController.txt		signature only
1128	Paxie.MergeStudio.Features.MiniBoard	MiniBoardItemController	17BD09C	public void RestoreMergeHintSorting() { }	Paxie/MergeStudio/Features/MiniBoard/MiniBoardItemController.cs	code/Il2CppDumper/type_blocks/01128_MiniBoardItemController.txt		signature only
1128	Paxie.MergeStudio.Features.MiniBoard	MiniBoardItemController	17BD0A4	public void ArrangeSorting(bool moveToFront) { }	Paxie/MergeStudio/Features/MiniBoard/MiniBoardItemController.cs	code/Il2CppDumper/type_blocks/01128_MiniBoardItemController.txt		signature only
1128	Paxie.MergeStudio.Features.MiniBoard	MiniBoardItemController	17BD1B0	public void ArrangeSorting(int order) { }	Paxie/MergeStudio/Features/MiniBoard/MiniBoardItemController.cs	code/Il2CppDumper/type_blocks/01128_MiniBoardItemController.txt		signature only
1128	Paxie.MergeStudio.Features.MiniBoard	MiniBoardItemController	17BCD74	private void SetSortingData(SortingData sortingData) { }	Paxie/MergeStudio/Features/MiniBoard/MiniBoardItemController.cs	code/Il2CppDumper/type_blocks/01128_MiniBoardItemController.txt		signature only
1128	Paxie.MergeStudio.Features.MiniBoard	MiniBoardItemController	17BD250	private UniTaskVoid ChangeModulesSortingData(SortingData sortingData) { }	Paxie/MergeStudio/Features/MiniBoard/MiniBoardItemController.cs	code/Il2CppDumper/type_blocks/01128_MiniBoardItemController.txt		signature only
1128	Paxie.MergeStudio.Features.MiniBoard	MiniBoardItemController	17BD30C	private void SetCellSortingData(MiniBoardItemEntity itemEntity) { }	Paxie/MergeStudio/Features/MiniBoard/MiniBoardItemController.cs	code/Il2CppDumper/type_blocks/01128_MiniBoardItemController.txt		signature only
1128	Paxie.MergeStudio.Features.MiniBoard	MiniBoardItemController	17BD358	public void Initialize(BaseMiniBoardController board, BoardItemData boardItemData, MiniBoardItemEntity itemEntity, bool isNewlyCreated, bool onBoardInitialize) { }	Paxie/MergeStudio/Features/MiniBoard/MiniBoardItemController.cs	code/Il2CppDumper/type_blocks/01128_MiniBoardItemController.txt		signature only
1128	Paxie.MergeStudio.Features.MiniBoard	MiniBoardItemController	17BD9EC	private bool AddToSpawnerHint() { }	Paxie/MergeStudio/Features/MiniBoard/MiniBoardItemController.cs	code/Il2CppDumper/type_blocks/01128_MiniBoardItemController.txt		signature only
1128	Paxie.MergeStudio.Features.MiniBoard	MiniBoardItemController	17BD50C	private void InitializeItemRuntimeData(BoardItemData boardItemData, MiniBoardItemEntity itemEntity, bool onBoardInitialize) { }	Paxie/MergeStudio/Features/MiniBoard/MiniBoardItemController.cs	code/Il2CppDumper/type_blocks/01128_MiniBoardItemController.txt		signature only
1128	Paxie.MergeStudio.Features.MiniBoard	MiniBoardItemController	17BD5D4	private void InitializeStartedDefaultUIElements() { }	Paxie/MergeStudio/Features/MiniBoard/MiniBoardItemController.cs	code/Il2CppDumper/type_blocks/01128_MiniBoardItemController.txt		signature only
1128	Paxie.MergeStudio.Features.MiniBoard	MiniBoardItemController	17BD5F8	private void InitializeMovableStatusAndUI(BoardItemData boardItemData, MiniBoardItemEntity itemEntity, MiniBoardData boardData) { }	Paxie/MergeStudio/Features/MiniBoard/MiniBoardItemController.cs	code/Il2CppDumper/type_blocks/01128_MiniBoardItemController.txt		signature only
1128	Paxie.MergeStudio.Features.MiniBoard	MiniBoardItemController	17BD84C	private void InitializeLockImageAndSorting(MiniBoardItemEntity itemEntity) { }	Paxie/MergeStudio/Features/MiniBoard/MiniBoardItemController.cs	code/Il2CppDumper/type_blocks/01128_MiniBoardItemController.txt		signature only
1128	Paxie.MergeStudio.Features.MiniBoard	MiniBoardItemController	17BD8AC	private void InitializeLockImageRendererAndPosition(MiniBoardItemEntity itemEntity, MiniBoardData boardData) { }	Paxie/MergeStudio/Features/MiniBoard/MiniBoardItemController.cs	code/Il2CppDumper/type_blocks/01128_MiniBoardItemController.txt		signature only
1128	Paxie.MergeStudio.Features.MiniBoard	MiniBoardItemController	17BD9B0	private void InitializeItemRewardIcon(MiniBoardItemEntity itemEntity) { }	Paxie/MergeStudio/Features/MiniBoard/MiniBoardItemController.cs	code/Il2CppDumper/type_blocks/01128_MiniBoardItemController.txt		signature only
1128	Paxie.MergeStudio.Features.MiniBoard	MiniBoardItemController	17BE39C	public void DisableTrigger(bool disabled) { }	Paxie/MergeStudio/Features/MiniBoard/MiniBoardItemController.cs	code/Il2CppDumper/type_blocks/01128_MiniBoardItemController.txt		signature only
1128	Paxie.MergeStudio.Features.MiniBoard	MiniBoardItemController	17BE45C	public void Unbox(bool withAnimation) { }	Paxie/MergeStudio/Features/MiniBoard/MiniBoardItemController.cs	code/Il2CppDumper/type_blocks/01128_MiniBoardItemController.txt		signature only
1128	Paxie.MergeStudio.Features.MiniBoard	MiniBoardItemController	17BE948	public bool CanClickAnimation() { }	Paxie/MergeStudio/Features/MiniBoard/MiniBoardItemController.cs	code/Il2CppDumper/type_blocks/01128_MiniBoardItemController.txt		signature only
1128	Paxie.MergeStudio.Features.MiniBoard	MiniBoardItemController	17BE97C	public void OnEvent(CanvasEvent.ToggleScreenInputBlocker e) { }	Paxie/MergeStudio/Features/MiniBoard/MiniBoardItemController.cs	code/Il2CppDumper/type_blocks/01128_MiniBoardItemController.txt		signature only
1128	Paxie.MergeStudio.Features.MiniBoard	MiniBoardItemController	17BE984	public void OnEvent(SrDebuggerEvent.ShowDebugLayers e) { }	Paxie/MergeStudio/Features/MiniBoard/MiniBoardItemController.cs	code/Il2CppDumper/type_blocks/01128_MiniBoardItemController.txt		signature only
1128	Paxie.MergeStudio.Features.MiniBoard	MiniBoardItemController	17BE988	public void OnEvent(BaseMiniBoardEvent.BoardItemRemoveFinished e) { }	Paxie/MergeStudio/Features/MiniBoard/MiniBoardItemController.cs	code/Il2CppDumper/type_blocks/01128_MiniBoardItemController.txt		signature only
1128	Paxie.MergeStudio.Features.MiniBoard	MiniBoardItemController	17BE98C	public void OnEvent(BaseMiniBoardEntityUpdateEvent.BoardItemStatusChange e) { }	Paxie/MergeStudio/Features/MiniBoard/MiniBoardItemController.cs	code/Il2CppDumper/type_blocks/01128_MiniBoardItemController.txt		signature only
1128	Paxie.MergeStudio.Features.MiniBoard	MiniBoardItemController	17BE9B8	public override void OnEvent(CanvasEvent.GameplayStatusUpdate e) { }	Paxie/MergeStudio/Features/MiniBoard/MiniBoardItemController.cs	code/Il2CppDumper/type_blocks/01128_MiniBoardItemController.txt		signature only
1128	Paxie.MergeStudio.Features.MiniBoard	MiniBoardItemController	17BEA80	public bool PreventMerge() { }	Paxie/MergeStudio/Features/MiniBoard/MiniBoardItemController.cs	code/Il2CppDumper/type_blocks/01128_MiniBoardItemController.txt		signature only
1128	Paxie.MergeStudio.Features.MiniBoard	MiniBoardItemController	17BEAE8	public MiniBoardItemController IsMergeAvailable(bool performMerge) { }	Paxie/MergeStudio/Features/MiniBoard/MiniBoardItemController.cs	code/Il2CppDumper/type_blocks/01128_MiniBoardItemController.txt		signature only
1128	Paxie.MergeStudio.Features.MiniBoard	MiniBoardItemController	17BF380	private void MergeIt(MiniBoardItemController targetItem, MiniBoardCellController nearestCollidingCell, BoardItemData mergedItemData) { }	Paxie/MergeStudio/Features/MiniBoard/MiniBoardItemController.cs	code/Il2CppDumper/type_blocks/01128_MiniBoardItemController.txt		signature only
1128	Paxie.MergeStudio.Features.MiniBoard	MiniBoardItemController	17BF520	private UniTaskVoid MergeTweenAction(MiniBoardItemController targetItem, BoardItemData mergedItemData, MiniBoardCellController nearestCollidingCell) { }	Paxie/MergeStudio/Features/MiniBoard/MiniBoardItemController.cs	code/Il2CppDumper/type_blocks/01128_MiniBoardItemController.txt		signature only
1128	Paxie.MergeStudio.Features.MiniBoard	MiniBoardItemController	17BF604	public bool PreventAnyHint() { }	Paxie/MergeStudio/Features/MiniBoard/MiniBoardItemController.cs	code/Il2CppDumper/type_blocks/01128_MiniBoardItemController.txt		signature only
1128	Paxie.MergeStudio.Features.MiniBoard	MiniBoardItemController	17BF650	public bool IsSpawner() { }	Paxie/MergeStudio/Features/MiniBoard/MiniBoardItemController.cs	code/Il2CppDumper/type_blocks/01128_MiniBoardItemController.txt		signature only
1128	Paxie.MergeStudio.Features.MiniBoard	MiniBoardItemController	17BF770	public bool IsSpawnerParticleAvailable() { }	Paxie/MergeStudio/Features/MiniBoard/MiniBoardItemController.cs	code/Il2CppDumper/type_blocks/01128_MiniBoardItemController.txt		signature only
1128	Paxie.MergeStudio.Features.MiniBoard	MiniBoardItemController	17BF930	public void StartSpawnerHintAnimation() { }	Paxie/MergeStudio/Features/MiniBoard/MiniBoardItemController.cs	code/Il2CppDumper/type_blocks/01128_MiniBoardItemController.txt		signature only
1128	Paxie.MergeStudio.Features.MiniBoard	MiniBoardItemController	17BF9F4	private void StartSpawnerHint() { }	Paxie/MergeStudio/Features/MiniBoard/MiniBoardItemController.cs	code/Il2CppDumper/type_blocks/01128_MiniBoardItemController.txt		signature only
1128	Paxie.MergeStudio.Features.MiniBoard	MiniBoardItemController	17BFEBC	private void SpawnerTweenAction(MiniBoardItemController item, bool onKilled) { }	Paxie/MergeStudio/Features/MiniBoard/MiniBoardItemController.cs	code/Il2CppDumper/type_blocks/01128_MiniBoardItemController.txt		signature only
1128	Paxie.MergeStudio.Features.MiniBoard	MiniBoardItemController	17C0000	public void ArrangeSpawnerParticle(SpawnerState eSpawnerState) { }	Paxie/MergeStudio/Features/MiniBoard/MiniBoardItemController.cs	code/Il2CppDumper/type_blocks/01128_MiniBoardItemController.txt		signature only
1128	Paxie.MergeStudio.Features.MiniBoard	MiniBoardItemController	17BAE48	private void ArrangeSpawnerState(BoardItemSpawnerData spawnerData, bool isRewardedCapacity = False, bool animateClockDisappear = False) { }	Paxie/MergeStudio/Features/MiniBoard/MiniBoardItemController.cs	code/Il2CppDumper/type_blocks/01128_MiniBoardItemController.txt		signature only
1128	Paxie.MergeStudio.Features.MiniBoard	MiniBoardItemController	17C03E8	public void TryStartSpawnerHint() { }	Paxie/MergeStudio/Features/MiniBoard/MiniBoardItemController.cs	code/Il2CppDumper/type_blocks/01128_MiniBoardItemController.txt		signature only
1128	Paxie.MergeStudio.Features.MiniBoard	MiniBoardItemController	17C06D4	private bool UsesEnergy() { }	Paxie/MergeStudio/Features/MiniBoard/MiniBoardItemController.cs	code/Il2CppDumper/type_blocks/01128_MiniBoardItemController.txt		signature only
1128	Paxie.MergeStudio.Features.MiniBoard	MiniBoardItemController	17BF4F4	public void KillAnimationActiveLoops(Sequence exception1, Sequence exception2, Sequence exception3, Sequence exception4) { }	Paxie/MergeStudio/Features/MiniBoard/MiniBoardItemController.cs	code/Il2CppDumper/type_blocks/01128_MiniBoardItemController.txt		signature only
1128	Paxie.MergeStudio.Features.MiniBoard	MiniBoardItemController	17C0824	public void ScaleDownWithAnimation() { }	Paxie/MergeStudio/Features/MiniBoard/MiniBoardItemController.cs	code/Il2CppDumper/type_blocks/01128_MiniBoardItemController.txt		signature only
1128	Paxie.MergeStudio.Features.MiniBoard	MiniBoardItemController	17C093C	private void ArrangeAnimator(bool activate, Animator animatorPrefab, ref Animator currentInstance, bool create = True) { }	Paxie/MergeStudio/Features/MiniBoard/MiniBoardItemController.cs	code/Il2CppDumper/type_blocks/01128_MiniBoardItemController.txt		signature only
1128	Paxie.MergeStudio.Features.MiniBoard	MiniBoardItemController	17BB7D8	private void _DOKill() { }	Paxie/MergeStudio/Features/MiniBoard/MiniBoardItemController.cs	code/Il2CppDumper/type_blocks/01128_MiniBoardItemController.txt		signature only
1128	Paxie.MergeStudio.Features.MiniBoard	MiniBoardItemController	17C0B4C	private void KillItemRuntimeSequences() { }	Paxie/MergeStudio/Features/MiniBoard/MiniBoardItemController.cs	code/Il2CppDumper/type_blocks/01128_MiniBoardItemController.txt		signature only
1128	Paxie.MergeStudio.Features.MiniBoard	MiniBoardItemController	17BC1D0	public void KillPanelAnimation(bool completeKill = True) { }	Paxie/MergeStudio/Features/MiniBoard/MiniBoardItemController.cs	code/Il2CppDumper/type_blocks/01128_MiniBoardItemController.txt		signature only
1128	Paxie.MergeStudio.Features.MiniBoard	MiniBoardItemController	17C0C94	public void KillMergeHintAnimation(bool completeKill = True) { }	Paxie/MergeStudio/Features/MiniBoard/MiniBoardItemController.cs	code/Il2CppDumper/type_blocks/01128_MiniBoardItemController.txt		signature only
1128	Paxie.MergeStudio.Features.MiniBoard	MiniBoardItemController	17C0D08	public void ThrowWarning(MiniBoardItemController.WarningType warningType) { }	Paxie/MergeStudio/Features/MiniBoard/MiniBoardItemController.cs	code/Il2CppDumper/type_blocks/01128_MiniBoardItemController.txt		signature only
1128	Paxie.MergeStudio.Features.MiniBoard	MiniBoardItemController	17C0DCC	public bool IsClickable() { }	Paxie/MergeStudio/Features/MiniBoard/MiniBoardItemController.cs	code/Il2CppDumper/type_blocks/01128_MiniBoardItemController.txt		signature only
1128	Paxie.MergeStudio.Features.MiniBoard	MiniBoardItemController	17C0E08	public bool IsItemDraggable() { }	Paxie/MergeStudio/Features/MiniBoard/MiniBoardItemController.cs	code/Il2CppDumper/type_blocks/01128_MiniBoardItemController.txt		signature only
1128	Paxie.MergeStudio.Features.MiniBoard	MiniBoardItemController	17C0E44	public void DragCollisionEnter(GameObject other) { }	Paxie/MergeStudio/Features/MiniBoard/MiniBoardItemController.cs	code/Il2CppDumper/type_blocks/01128_MiniBoardItemController.txt		signature only
1128	Paxie.MergeStudio.Features.MiniBoard	MiniBoardItemController	17C0FDC	public void DragCollisionExit(GameObject other) { }	Paxie/MergeStudio/Features/MiniBoard/MiniBoardItemController.cs	code/Il2CppDumper/type_blocks/01128_MiniBoardItemController.txt		signature only
1128	Paxie.MergeStudio.Features.MiniBoard	MiniBoardItemController	17C0FFC	public void DragStarted() { }	Paxie/MergeStudio/Features/MiniBoard/MiniBoardItemController.cs	code/Il2CppDumper/type_blocks/01128_MiniBoardItemController.txt		signature only
1128	Paxie.MergeStudio.Features.MiniBoard	MiniBoardItemController	17C13FC	public void DragContinues() { }	Paxie/MergeStudio/Features/MiniBoard/MiniBoardItemController.cs	code/Il2CppDumper/type_blocks/01128_MiniBoardItemController.txt		signature only
1128	Paxie.MergeStudio.Features.MiniBoard	MiniBoardItemController	17C1428	public void DragStopped() { }	Paxie/MergeStudio/Features/MiniBoard/MiniBoardItemController.cs	code/Il2CppDumper/type_blocks/01128_MiniBoardItemController.txt		signature only
1128	Paxie.MergeStudio.Features.MiniBoard	MiniBoardItemController	17C250C	private void TryToPositionNearestCell(List<MiniBoardCellController> nearestAvailableOtherCells) { }	Paxie/MergeStudio/Features/MiniBoard/MiniBoardItemController.cs	code/Il2CppDumper/type_blocks/01128_MiniBoardItemController.txt		signature only
1128	Paxie.MergeStudio.Features.MiniBoard	MiniBoardItemController	17C28EC	public void ProcessItemClick() { }	Paxie/MergeStudio/Features/MiniBoard/MiniBoardItemController.cs	code/Il2CppDumper/type_blocks/01128_MiniBoardItemController.txt		signature only
1128	Paxie.MergeStudio.Features.MiniBoard	MiniBoardItemController	17C2A8C	private bool ProcessItemClickValidCheck(MiniBoardPosition selectedPosition) { }	Paxie/MergeStudio/Features/MiniBoard/MiniBoardItemController.cs	code/Il2CppDumper/type_blocks/01128_MiniBoardItemController.txt		signature only
1128	Paxie.MergeStudio.Features.MiniBoard	MiniBoardItemController	17C2B44	private void ProcessDoubleClick() { }	Paxie/MergeStudio/Features/MiniBoard/MiniBoardItemController.cs	code/Il2CppDumper/type_blocks/01128_MiniBoardItemController.txt		signature only
1128	Paxie.MergeStudio.Features.MiniBoard	MiniBoardItemController	17C3304	public bool ProcessNonMovableItemClick() { }	Paxie/MergeStudio/Features/MiniBoard/MiniBoardItemController.cs	code/Il2CppDumper/type_blocks/01128_MiniBoardItemController.txt		signature only
1128	Paxie.MergeStudio.Features.MiniBoard	MiniBoardItemController	17C2A20	private void CommonClickArrangement() { }	Paxie/MergeStudio/Features/MiniBoard/MiniBoardItemController.cs	code/Il2CppDumper/type_blocks/01128_MiniBoardItemController.txt		signature only
1128	Paxie.MergeStudio.Features.MiniBoard	MiniBoardItemController	17C355C	private bool CanClickLoop() { }	Paxie/MergeStudio/Features/MiniBoard/MiniBoardItemController.cs	code/Il2CppDumper/type_blocks/01128_MiniBoardItemController.txt		signature only
1128	Paxie.MergeStudio.Features.MiniBoard	MiniBoardItemController	17C3590	private void StartClickLoop() { }	Paxie/MergeStudio/Features/MiniBoard/MiniBoardItemController.cs	code/Il2CppDumper/type_blocks/01128_MiniBoardItemController.txt		signature only
1128	Paxie.MergeStudio.Features.MiniBoard	MiniBoardItemController	17C3D54	private void ClickTweenAction(MiniBoardItemController item) { }	Paxie/MergeStudio/Features/MiniBoard/MiniBoardItemController.cs	code/Il2CppDumper/type_blocks/01128_MiniBoardItemController.txt		signature only
1128	Paxie.MergeStudio.Features.MiniBoard	MiniBoardItemController	17C3DEC	private MiniBoardItemControllerMaxBadge GetItemMaxBadge() { }	Paxie/MergeStudio/Features/MiniBoard/MiniBoardItemController.cs	code/Il2CppDumper/type_blocks/01128_MiniBoardItemController.txt		signature only
1128	Paxie.MergeStudio.Features.MiniBoard	MiniBoardItemController	17BBE44	private void DestroyItemMaxLevelBadge() { }	Paxie/MergeStudio/Features/MiniBoard/MiniBoardItemController.cs	code/Il2CppDumper/type_blocks/01128_MiniBoardItemController.txt		signature only
1128	Paxie.MergeStudio.Features.MiniBoard	MiniBoardItemController	17BDC18	private void SetMaxLevelBadge(BaseMiniBoardController board, MiniBoardItemEntity itemEntity) { }	Paxie/MergeStudio/Features/MiniBoard/MiniBoardItemController.cs	code/Il2CppDumper/type_blocks/01128_MiniBoardItemController.txt		signature only
1128	Paxie.MergeStudio.Features.MiniBoard	MiniBoardItemController	17C3EEC	private MiniBoardItemControllerDebug GetDebug() { }	Paxie/MergeStudio/Features/MiniBoard/MiniBoardItemController.cs	code/Il2CppDumper/type_blocks/01128_MiniBoardItemController.txt		signature only
1128	Paxie.MergeStudio.Features.MiniBoard	MiniBoardItemController	17BBC58	private void DestroyItemDebug() { }	Paxie/MergeStudio/Features/MiniBoard/MiniBoardItemController.cs	code/Il2CppDumper/type_blocks/01128_MiniBoardItemController.txt		signature only
1128	Paxie.MergeStudio.Features.MiniBoard	MiniBoardItemController	17BDD64	private void CheckItemDebug() { }	Paxie/MergeStudio/Features/MiniBoard/MiniBoardItemController.cs	code/Il2CppDumper/type_blocks/01128_MiniBoardItemController.txt		signature only
1128	Paxie.MergeStudio.Features.MiniBoard	MiniBoardItemController	17C3FE4	private MiniBoardItemControllerBox GetBox() { }	Paxie/MergeStudio/Features/MiniBoard/MiniBoardItemController.cs	code/Il2CppDumper/type_blocks/01128_MiniBoardItemController.txt		signature only
1128	Paxie.MergeStudio.Features.MiniBoard	MiniBoardItemController	17BE604	private void DestroyItemBox() { }	Paxie/MergeStudio/Features/MiniBoard/MiniBoardItemController.cs	code/Il2CppDumper/type_blocks/01128_MiniBoardItemController.txt		signature only
1128	Paxie.MergeStudio.Features.MiniBoard	MiniBoardItemController	17BD964	private void InitBoxImage() { }	Paxie/MergeStudio/Features/MiniBoard/MiniBoardItemController.cs	code/Il2CppDumper/type_blocks/01128_MiniBoardItemController.txt		signature only
1128	Paxie.MergeStudio.Features.MiniBoard	MiniBoardItemController	17BE19C	private MiniBoardItemControllerLock GetLock() { }	Paxie/MergeStudio/Features/MiniBoard/MiniBoardItemController.cs	code/Il2CppDumper/type_blocks/01128_MiniBoardItemController.txt		signature only
1128	Paxie.MergeStudio.Features.MiniBoard	MiniBoardItemController	17BBD50	private void DestroyItemLock() { }	Paxie/MergeStudio/Features/MiniBoard/MiniBoardItemController.cs	code/Il2CppDumper/type_blocks/01128_MiniBoardItemController.txt		signature only
1128	Paxie.MergeStudio.Features.MiniBoard	MiniBoardItemController	17BE588	private void CheckItemLock() { }	Paxie/MergeStudio/Features/MiniBoard/MiniBoardItemController.cs	code/Il2CppDumper/type_blocks/01128_MiniBoardItemController.txt		signature only
1128	Paxie.MergeStudio.Features.MiniBoard	MiniBoardItemController	17BE29C	private MiniBoardItemControllerRewardIcon GetRewardIcon() { }	Paxie/MergeStudio/Features/MiniBoard/MiniBoardItemController.cs	code/Il2CppDumper/type_blocks/01128_MiniBoardItemController.txt		signature only
1128	Paxie.MergeStudio.Features.MiniBoard	MiniBoardItemController	17BBF38	private void DestroyItemRewardIcon() { }	Paxie/MergeStudio/Features/MiniBoard/MiniBoardItemController.cs	code/Il2CppDumper/type_blocks/01128_MiniBoardItemController.txt		signature only
1128	Paxie.MergeStudio.Features.MiniBoard	MiniBoardItemController	17C40E4	private MiniBoardItemControllerRewardHolderIcon GetItemRewardHolderIcon() { }	Paxie/MergeStudio/Features/MiniBoard/MiniBoardItemController.cs	code/Il2CppDumper/type_blocks/01128_MiniBoardItemController.txt		signature only
1128	Paxie.MergeStudio.Features.MiniBoard	MiniBoardItemController	17BC02C	private void DestroyItemRewardHolderIcon() { }	Paxie/MergeStudio/Features/MiniBoard/MiniBoardItemController.cs	code/Il2CppDumper/type_blocks/01128_MiniBoardItemController.txt		signature only
1128	Paxie.MergeStudio.Features.MiniBoard	MiniBoardItemController	17BDCC0	private void SetItemRewardHolderIcon() { }	Paxie/MergeStudio/Features/MiniBoard/MiniBoardItemController.cs	code/Il2CppDumper/type_blocks/01128_MiniBoardItemController.txt		signature only
1128	Paxie.MergeStudio.Features.MiniBoard	MiniBoardItemController	17BA224	public Sprite GetRewardHolderIconSprite() { }	Paxie/MergeStudio/Features/MiniBoard/MiniBoardItemController.cs	code/Il2CppDumper/type_blocks/01128_MiniBoardItemController.txt		signature only
1128	Paxie.MergeStudio.Features.MiniBoard	MiniBoardItemController	17C41E4	public void .ctor() { }	Paxie/MergeStudio/Features/MiniBoard/MiniBoardItemController.cs	code/Il2CppDumper/type_blocks/01128_MiniBoardItemController.txt		signature only
1128	Paxie.MergeStudio.Features.MiniBoard	MiniBoardItemController	17C42D8	private static void .cctor() { }	Paxie/MergeStudio/Features/MiniBoard/MiniBoardItemController.cs	code/Il2CppDumper/type_blocks/01128_MiniBoardItemController.txt		signature only
1128	Paxie.MergeStudio.Features.MiniBoard	MiniBoardItemController	17C4338	private void <StartSpawnerHint>b__134_0() { }	Paxie/MergeStudio/Features/MiniBoard/MiniBoardItemController.cs	code/Il2CppDumper/type_blocks/01128_MiniBoardItemController.txt		signature only
1128	Paxie.MergeStudio.Features.MiniBoard	MiniBoardItemController	17C4344	private void <StartSpawnerHint>b__134_1() { }	Paxie/MergeStudio/Features/MiniBoard/MiniBoardItemController.cs	code/Il2CppDumper/type_blocks/01128_MiniBoardItemController.txt		signature only
1128	Paxie.MergeStudio.Features.MiniBoard	MiniBoardItemController	17C4350	private void <StartClickLoop>b__162_0() { }	Paxie/MergeStudio/Features/MiniBoard/MiniBoardItemController.cs	code/Il2CppDumper/type_blocks/01128_MiniBoardItemController.txt		signature only
1128	Paxie.MergeStudio.Features.MiniBoard	MiniBoardItemController	17C4358	private void <StartClickLoop>b__162_1() { }	Paxie/MergeStudio/Features/MiniBoard/MiniBoardItemController.cs	code/Il2CppDumper/type_blocks/01128_MiniBoardItemController.txt		signature only
1129	Paxie.MergeStudio.Features.MiniBoard	MiniBoardItemRuntimeData	17C5534	public bool get_MergeHintLock() { }	Paxie/MergeStudio/Features/MiniBoard/MiniBoardItemRuntimeData.cs	code/Il2CppDumper/type_blocks/01129_MiniBoardItemRuntimeData.txt		signature only
1129	Paxie.MergeStudio.Features.MiniBoard	MiniBoardItemRuntimeData	17C553C	public void set_MergeHintLock(bool value) { }	Paxie/MergeStudio/Features/MiniBoard/MiniBoardItemRuntimeData.cs	code/Il2CppDumper/type_blocks/01129_MiniBoardItemRuntimeData.txt		signature only
1129	Paxie.MergeStudio.Features.MiniBoard	MiniBoardItemRuntimeData	17C5544	public IItemEntity get_GetItemEntity() { }	Paxie/MergeStudio/Features/MiniBoard/MiniBoardItemRuntimeData.cs	code/Il2CppDumper/type_blocks/01129_MiniBoardItemRuntimeData.txt		signature only
1129	Paxie.MergeStudio.Features.MiniBoard	MiniBoardItemRuntimeData	17C554C	public int get_GetUpdateStepMs() { }	Paxie/MergeStudio/Features/MiniBoard/MiniBoardItemRuntimeData.cs	code/Il2CppDumper/type_blocks/01129_MiniBoardItemRuntimeData.txt		signature only
1129	Paxie.MergeStudio.Features.MiniBoard	MiniBoardItemRuntimeData	17C5554	public void SetUpdateStepMs(int updateStepMs) { }	Paxie/MergeStudio/Features/MiniBoard/MiniBoardItemRuntimeData.cs	code/Il2CppDumper/type_blocks/01129_MiniBoardItemRuntimeData.txt		signature only
1129	Paxie.MergeStudio.Features.MiniBoard	MiniBoardItemRuntimeData	17C555C	public void SetTimeRequiredToExitNoCapacity(int time) { }	Paxie/MergeStudio/Features/MiniBoard/MiniBoardItemRuntimeData.cs	code/Il2CppDumper/type_blocks/01129_MiniBoardItemRuntimeData.txt		signature only
1129	Paxie.MergeStudio.Features.MiniBoard	MiniBoardItemRuntimeData	17C5564	public void SetNextSpawnerUpdateMs(long spawnerUpdateMs) { }	Paxie/MergeStudio/Features/MiniBoard/MiniBoardItemRuntimeData.cs	code/Il2CppDumper/type_blocks/01129_MiniBoardItemRuntimeData.txt		signature only
1129	Paxie.MergeStudio.Features.MiniBoard	MiniBoardItemRuntimeData	17C5574	public void ChangeNextSpawnerUpdateMs(long changedUpdateMs) { }	Paxie/MergeStudio/Features/MiniBoard/MiniBoardItemRuntimeData.cs	code/Il2CppDumper/type_blocks/01129_MiniBoardItemRuntimeData.txt		signature only
1129	Paxie.MergeStudio.Features.MiniBoard	MiniBoardItemRuntimeData	17C558C	public void SetSkipPrice(int skipPrice) { }	Paxie/MergeStudio/Features/MiniBoard/MiniBoardItemRuntimeData.cs	code/Il2CppDumper/type_blocks/01129_MiniBoardItemRuntimeData.txt		signature only
1129	Paxie.MergeStudio.Features.MiniBoard	MiniBoardItemRuntimeData	17BC510	public void .ctor() { }	Paxie/MergeStudio/Features/MiniBoard/MiniBoardItemRuntimeData.cs	code/Il2CppDumper/type_blocks/01129_MiniBoardItemRuntimeData.txt		signature only
1132	Paxie.MergeStudio.Features.MiniBoard	MiniBoardMovable	17C5594	public MiniBoardMovable.InteractionStatus get_GetInteractionStatus() { }	Paxie/MergeStudio/Features/MiniBoard/MiniBoardMovable.cs	code/Il2CppDumper/type_blocks/01132_MiniBoardMovable.txt		signature only
1132	Paxie.MergeStudio.Features.MiniBoard	MiniBoardMovable	17C559C	public MiniBoardMovable.Status get_MoveStatus() { }	Paxie/MergeStudio/Features/MiniBoard/MiniBoardMovable.cs	code/Il2CppDumper/type_blocks/01132_MiniBoardMovable.txt		signature only
1132	Paxie.MergeStudio.Features.MiniBoard	MiniBoardMovable	17BDFD8	public void SetStatus(MiniBoardMovable.Status status) { }	Paxie/MergeStudio/Features/MiniBoard/MiniBoardMovable.cs	code/Il2CppDumper/type_blocks/01132_MiniBoardMovable.txt		signature only
1132	Paxie.MergeStudio.Features.MiniBoard	MiniBoardMovable	17BE0AC	public void SetInteractionStatus(MiniBoardMovable.InteractionStatus interactionStatus) { }	Paxie/MergeStudio/Features/MiniBoard/MiniBoardMovable.cs	code/Il2CppDumper/type_blocks/01132_MiniBoardMovable.txt		signature only
1132	Paxie.MergeStudio.Features.MiniBoard	MiniBoardMovable	17C55C0	private void OnTriggerEnter2D(Collider2D other) { }	Paxie/MergeStudio/Features/MiniBoard/MiniBoardMovable.cs	code/Il2CppDumper/type_blocks/01132_MiniBoardMovable.txt		signature only
1132	Paxie.MergeStudio.Features.MiniBoard	MiniBoardMovable	17C5668	private void OnTriggerStay2D(Collider2D other) { }	Paxie/MergeStudio/Features/MiniBoard/MiniBoardMovable.cs	code/Il2CppDumper/type_blocks/01132_MiniBoardMovable.txt		signature only
1132	Paxie.MergeStudio.Features.MiniBoard	MiniBoardMovable	17C5724	private void OnTriggerExit2D(Collider2D other) { }	Paxie/MergeStudio/Features/MiniBoard/MiniBoardMovable.cs	code/Il2CppDumper/type_blocks/01132_MiniBoardMovable.txt		signature only
1132	Paxie.MergeStudio.Features.MiniBoard	MiniBoardMovable	17C57D0	public void LogCurrentColliders() { }	Paxie/MergeStudio/Features/MiniBoard/MiniBoardMovable.cs	code/Il2CppDumper/type_blocks/01132_MiniBoardMovable.txt		signature only
1132	Paxie.MergeStudio.Features.MiniBoard	MiniBoardMovable	17C55A4	private void CancelDragBeforeChangingInteractionStatus(MiniBoardMovable.InteractionStatus interactionStatus) { }	Paxie/MergeStudio/Features/MiniBoard/MiniBoardMovable.cs	code/Il2CppDumper/type_blocks/01132_MiniBoardMovable.txt		signature only
1132	Paxie.MergeStudio.Features.MiniBoard	MiniBoardMovable	17C5BB0	public void OnBeginDrag(PointerEventData eventData) { }	Paxie/MergeStudio/Features/MiniBoard/MiniBoardMovable.cs	code/Il2CppDumper/type_blocks/01132_MiniBoardMovable.txt		signature only
1132	Paxie.MergeStudio.Features.MiniBoard	MiniBoardMovable	17C5C54	public void OnDrag(PointerEventData eventData) { }	Paxie/MergeStudio/Features/MiniBoard/MiniBoardMovable.cs	code/Il2CppDumper/type_blocks/01132_MiniBoardMovable.txt		signature only
1132	Paxie.MergeStudio.Features.MiniBoard	MiniBoardMovable	17C5D94	public void OnEndDrag(PointerEventData eventData) { }	Paxie/MergeStudio/Features/MiniBoard/MiniBoardMovable.cs	code/Il2CppDumper/type_blocks/01132_MiniBoardMovable.txt		signature only
1132	Paxie.MergeStudio.Features.MiniBoard	MiniBoardMovable	17C5B00	private void DragEnded() { }	Paxie/MergeStudio/Features/MiniBoard/MiniBoardMovable.cs	code/Il2CppDumper/type_blocks/01132_MiniBoardMovable.txt		signature only
1132	Paxie.MergeStudio.Features.MiniBoard	MiniBoardMovable	17C5D98	public void OnPointerClick(PointerEventData eventData) { }	Paxie/MergeStudio/Features/MiniBoard/MiniBoardMovable.cs	code/Il2CppDumper/type_blocks/01132_MiniBoardMovable.txt		signature only
1132	Paxie.MergeStudio.Features.MiniBoard	MiniBoardMovable	17C5E0C	public void .ctor() { }	Paxie/MergeStudio/Features/MiniBoard/MiniBoardMovable.cs	code/Il2CppDumper/type_blocks/01132_MiniBoardMovable.txt		signature only
1133	Paxie.MergeStudio.Features.MiniBoard	MiniBoardItemControllerFactory	17C5EAC	public void .ctor(CommonFactoryService factoryService, ObjectPoolerBase objectPool) { }	Paxie/MergeStudio/Features/MiniBoard/MiniBoardItemControllerFactory.cs	code/Il2CppDumper/type_blocks/01133_MiniBoardItemControllerFactory.txt		signature only
1138	Paxie.MergeStudio.Features.MiniBoard	MiniBoardPositionEntity	17C7CC4	public void .ctor() { }	Paxie/MergeStudio/Features/MiniBoard/MiniBoardPositionEntity.cs	code/Il2CppDumper/type_blocks/01138_MiniBoardPositionEntity.txt		signature only
1138	Paxie.MergeStudio.Features.MiniBoard	MiniBoardPositionEntity	17C7CCC	public void .ctor(Coordinate index) { }	Paxie/MergeStudio/Features/MiniBoard/MiniBoardPositionEntity.cs	code/Il2CppDumper/type_blocks/01138_MiniBoardPositionEntity.txt		signature only
1138	Paxie.MergeStudio.Features.MiniBoard	MiniBoardPositionEntity	17C7CF0	public void .ctor(Coordinate index, CellEntity cell, MiniBoardItemEntity item) { }	Paxie/MergeStudio/Features/MiniBoard/MiniBoardPositionEntity.cs	code/Il2CppDumper/type_blocks/01138_MiniBoardPositionEntity.txt		signature only
1138	Paxie.MergeStudio.Features.MiniBoard	MiniBoardPositionEntity	17C7D38	public void Clear() { }	Paxie/MergeStudio/Features/MiniBoard/MiniBoardPositionEntity.cs	code/Il2CppDumper/type_blocks/01138_MiniBoardPositionEntity.txt		signature only
1138	Paxie.MergeStudio.Features.MiniBoard	MiniBoardPositionEntity	17C7D94	public override string ToString() { }	Paxie/MergeStudio/Features/MiniBoard/MiniBoardPositionEntity.cs	code/Il2CppDumper/type_blocks/01138_MiniBoardPositionEntity.txt		signature only
1139	Paxie.MergeStudio.Features.MiniBoard	MiniBoardRewardEntity	17C8014	public void .ctor() { }	Paxie/MergeStudio/Features/MiniBoard/MiniBoardRewardEntity.cs	code/Il2CppDumper/type_blocks/01139_MiniBoardRewardEntity.txt		signature only
1139	Paxie.MergeStudio.Features.MiniBoard	MiniBoardRewardEntity	17C801C	public void .ctor(int setID, int level) { }	Paxie/MergeStudio/Features/MiniBoard/MiniBoardRewardEntity.cs	code/Il2CppDumper/type_blocks/01139_MiniBoardRewardEntity.txt		signature only
1139	Paxie.MergeStudio.Features.MiniBoard	MiniBoardRewardEntity	17C8040	public void .ctor(int setID, int level, GameMainReward gameMainReward) { }	Paxie/MergeStudio/Features/MiniBoard/MiniBoardRewardEntity.cs	code/Il2CppDumper/type_blocks/01139_MiniBoardRewardEntity.txt		signature only
1139	Paxie.MergeStudio.Features.MiniBoard	MiniBoardRewardEntity	17C8078	public void .ctor(int setID, int level, MiniBoardItemEntity itemEntity) { }	Paxie/MergeStudio/Features/MiniBoard/MiniBoardRewardEntity.cs	code/Il2CppDumper/type_blocks/01139_MiniBoardRewardEntity.txt		signature only
1140	Paxie.MergeStudio.Features.MiniBoard	MiniBoardData	17C80B0	public BoardItemData GetBoardItemDataFallback(int setID, int level, bool skipWarning = False, bool fromEventBoard = False) { }	Paxie/MergeStudio/Features/MiniBoard/MiniBoardData.cs	code/Il2CppDumper/type_blocks/01140_MiniBoardData.txt		signature only
1140	Paxie.MergeStudio.Features.MiniBoard	MiniBoardData	17C83A8	public Vector2 GetFirstCellPosition(int rowCount, int columnCount) { }	Paxie/MergeStudio/Features/MiniBoard/MiniBoardData.cs	code/Il2CppDumper/type_blocks/01140_MiniBoardData.txt		signature only
1140	Paxie.MergeStudio.Features.MiniBoard	MiniBoardData	17C83D8	public List<BoardItemData> GetBoardItemSetItems(int setID) { }	Paxie/MergeStudio/Features/MiniBoard/MiniBoardData.cs	code/Il2CppDumper/type_blocks/01140_MiniBoardData.txt		signature only
1140	Paxie.MergeStudio.Features.MiniBoard	MiniBoardData	17C8478	public List<BoardItemData> GetAllBoardDataItems() { }	Paxie/MergeStudio/Features/MiniBoard/MiniBoardData.cs	code/Il2CppDumper/type_blocks/01140_MiniBoardData.txt		signature only
1140	Paxie.MergeStudio.Features.MiniBoard	MiniBoardData	17C890C	public List<BoardItemData> GetBoardItemSetItems(Type[] types) { }	Paxie/MergeStudio/Features/MiniBoard/MiniBoardData.cs	code/Il2CppDumper/type_blocks/01140_MiniBoardData.txt		signature only
1140	Paxie.MergeStudio.Features.MiniBoard	MiniBoardData	17C8F60	public BoardItemSetData GetBoardItemSet(int setID, bool checkBothGroups = False) { }	Paxie/MergeStudio/Features/MiniBoard/MiniBoardData.cs	code/Il2CppDumper/type_blocks/01140_MiniBoardData.txt		signature only
1140	Paxie.MergeStudio.Features.MiniBoard	MiniBoardData	17C8FEC	public BoardItemData GetBoardItemData(ItemInfo itemInfo, bool skipWarning = False) { }	Paxie/MergeStudio/Features/MiniBoard/MiniBoardData.cs	code/Il2CppDumper/type_blocks/01140_MiniBoardData.txt		signature only
1140	Paxie.MergeStudio.Features.MiniBoard	MiniBoardData	17C9008	public BoardItemData GetMergedItemData(int setID, int level) { }	Paxie/MergeStudio/Features/MiniBoard/MiniBoardData.cs	code/Il2CppDumper/type_blocks/01140_MiniBoardData.txt		signature only
1140	Paxie.MergeStudio.Features.MiniBoard	MiniBoardData	17C281C	public bool IsItemMaxLevel(int setID, int level) { }	Paxie/MergeStudio/Features/MiniBoard/MiniBoardData.cs	code/Il2CppDumper/type_blocks/01140_MiniBoardData.txt		signature only
1140	Paxie.MergeStudio.Features.MiniBoard	MiniBoardData	17C9224	public bool IsItemMaxLevel(ItemInfo itemInfo) { }	Paxie/MergeStudio/Features/MiniBoard/MiniBoardData.cs	code/Il2CppDumper/type_blocks/01140_MiniBoardData.txt		signature only
1140	Paxie.MergeStudio.Features.MiniBoard	MiniBoardData	17C92F4	public float GetRewardAreaItemScale(GameMainReward mainReward) { }	Paxie/MergeStudio/Features/MiniBoard/MiniBoardData.cs	code/Il2CppDumper/type_blocks/01140_MiniBoardData.txt		signature only
1140	Paxie.MergeStudio.Features.MiniBoard	MiniBoardData	17C931C	protected void .ctor() { }	Paxie/MergeStudio/Features/MiniBoard/MiniBoardData.cs	code/Il2CppDumper/type_blocks/01140_MiniBoardData.txt		signature only
1142		BaseMiniBoardController.	17D50C8	private static void .cctor() { }	Paxie/MergeStudio/Features/MiniBoard/BaseMiniBoardController.cs	code/Il2CppDumper/type_blocks/01142_BaseMiniBoardController..txt		signature only
1142		BaseMiniBoardController.	17D513C	public void .ctor() { }	Paxie/MergeStudio/Features/MiniBoard/BaseMiniBoardController.cs	code/Il2CppDumper/type_blocks/01142_BaseMiniBoardController..txt		signature only
1142		BaseMiniBoardController.	17D5144	internal Coordinate <GetAvailableCellCoordinates>b__151_0(CellEntity cell) { }	Paxie/MergeStudio/Features/MiniBoard/BaseMiniBoardController.cs	code/Il2CppDumper/type_blocks/01142_BaseMiniBoardController..txt		signature only
1142		BaseMiniBoardController.	17D516C	internal int <GetProcessExtraItemEntitiesOnMerge>b__177_0(MiniBoardItemEntity x) { }	Paxie/MergeStudio/Features/MiniBoard/BaseMiniBoardController.cs	code/Il2CppDumper/type_blocks/01142_BaseMiniBoardController..txt		signature only
1142		BaseMiniBoardController.	17D5190	internal int <GetProcessExtraItemEntitiesOnMerge>b__177_1(MiniBoardItemEntity x) { }	Paxie/MergeStudio/Features/MiniBoard/BaseMiniBoardController.cs	code/Il2CppDumper/type_blocks/01142_BaseMiniBoardController..txt		signature only
1142		BaseMiniBoardController.	17D51AC	internal bool <StartSpawnerAnimations>b__187_0(MiniBoardItemController spawnerItem) { }	Paxie/MergeStudio/Features/MiniBoard/BaseMiniBoardController.cs	code/Il2CppDumper/type_blocks/01142_BaseMiniBoardController..txt		signature only
1142		BaseMiniBoardController.	17D5218	internal bool <StartSpawnerAnimations>b__187_1(MiniBoardItemController spawner) { }	Paxie/MergeStudio/Features/MiniBoard/BaseMiniBoardController.cs	code/Il2CppDumper/type_blocks/01142_BaseMiniBoardController..txt		signature only
1142		BaseMiniBoardController.	17D5250	internal MiniBoardItemController <GetSpawnersWithSpineOnBoard>b__189_0(MiniBoardPosition boardPos) { }	Paxie/MergeStudio/Features/MiniBoard/BaseMiniBoardController.cs	code/Il2CppDumper/type_blocks/01142_BaseMiniBoardController..txt		signature only
1142		BaseMiniBoardController.	17D526C	internal bool <GetSpawnersWithSpineOnBoard>b__189_1(MiniBoardItemController item) { }	Paxie/MergeStudio/Features/MiniBoard/BaseMiniBoardController.cs	code/Il2CppDumper/type_blocks/01142_BaseMiniBoardController..txt		signature only
1142		BaseMiniBoardController.	17D530C	internal Coordinate <CheckMergedRewards>b__190_0(CellEntity cell) { }	Paxie/MergeStudio/Features/MiniBoard/BaseMiniBoardController.cs	code/Il2CppDumper/type_blocks/01142_BaseMiniBoardController..txt		signature only
1143		BaseMiniBoardController.	17D5334	public void .ctor() { }	Paxie/MergeStudio/Features/MiniBoard/BaseMiniBoardController.cs	code/Il2CppDumper/type_blocks/01143_BaseMiniBoardController..txt		signature only
1143		BaseMiniBoardController.	17D533C	internal int <GetAvailableCellCoordinates>b__1(Coordinate v1, Coordinate v2) { }	Paxie/MergeStudio/Features/MiniBoard/BaseMiniBoardController.cs	code/Il2CppDumper/type_blocks/01143_BaseMiniBoardController..txt		signature only
1144		BaseMiniBoardController.	17D5440	public void .ctor() { }	Paxie/MergeStudio/Features/MiniBoard/BaseMiniBoardController.cs	code/Il2CppDumper/type_blocks/01144_BaseMiniBoardController..txt		signature only
1144		BaseMiniBoardController.	17D5448	internal void <AnimateMergedItemSpawn>b__0() { }	Paxie/MergeStudio/Features/MiniBoard/BaseMiniBoardController.cs	code/Il2CppDumper/type_blocks/01144_BaseMiniBoardController..txt		signature only
1145		BaseMiniBoardController.	17D5480	public void .ctor() { }	Paxie/MergeStudio/Features/MiniBoard/BaseMiniBoardController.cs	code/Il2CppDumper/type_blocks/01145_BaseMiniBoardController..txt		signature only
1145		BaseMiniBoardController.	17D5488	internal void <SpawnItemAnimation>b__0() { }	Paxie/MergeStudio/Features/MiniBoard/BaseMiniBoardController.cs	code/Il2CppDumper/type_blocks/01145_BaseMiniBoardController..txt		signature only
1146		BaseMiniBoardController.	17D560C	public void .ctor() { }	Paxie/MergeStudio/Features/MiniBoard/BaseMiniBoardController.cs	code/Il2CppDumper/type_blocks/01146_BaseMiniBoardController..txt		signature only
1146		BaseMiniBoardController.	17D5614	internal void <SwapItemAnimation>b__0() { }	Paxie/MergeStudio/Features/MiniBoard/BaseMiniBoardController.cs	code/Il2CppDumper/type_blocks/01146_BaseMiniBoardController..txt		signature only
1147		BaseMiniBoardController.	17D56D8	public void .ctor() { }	Paxie/MergeStudio/Features/MiniBoard/BaseMiniBoardController.cs	code/Il2CppDumper/type_blocks/01147_BaseMiniBoardController..txt		signature only
1147		BaseMiniBoardController.	17D56E0	internal void <PanelItemAnimation>b__0() { }	Paxie/MergeStudio/Features/MiniBoard/BaseMiniBoardController.cs	code/Il2CppDumper/type_blocks/01147_BaseMiniBoardController..txt		signature only
1148		BaseMiniBoardController.	17D57EC	public void .ctor() { }	Paxie/MergeStudio/Features/MiniBoard/BaseMiniBoardController.cs	code/Il2CppDumper/type_blocks/01148_BaseMiniBoardController..txt		signature only
1148		BaseMiniBoardController.	17D57F4	internal void <MoveItemAnimation>b__0() { }	Paxie/MergeStudio/Features/MiniBoard/BaseMiniBoardController.cs	code/Il2CppDumper/type_blocks/01148_BaseMiniBoardController..txt		signature only
1149		BaseMiniBoardController.	17D5834	public void .ctor() { }	Paxie/MergeStudio/Features/MiniBoard/BaseMiniBoardController.cs	code/Il2CppDumper/type_blocks/01149_BaseMiniBoardController..txt		signature only
1149		BaseMiniBoardController.	17D583C	internal bool <CheckMergedRewards>b__2(MiniBoardProgressionMergedRewards item) { }	Paxie/MergeStudio/Features/MiniBoard/BaseMiniBoardController.cs	code/Il2CppDumper/type_blocks/01149_BaseMiniBoardController..txt		signature only
1150		BaseMiniBoardController.	17D58AC	public void .ctor() { }	Paxie/MergeStudio/Features/MiniBoard/BaseMiniBoardController.cs	code/Il2CppDumper/type_blocks/01150_BaseMiniBoardController..txt		signature only
1150		BaseMiniBoardController.	17D58B4	internal float <CheckMergedRewards>b__1(Coordinate coord) { }	Paxie/MergeStudio/Features/MiniBoard/BaseMiniBoardController.cs	code/Il2CppDumper/type_blocks/01150_BaseMiniBoardController..txt		signature only
1151		BaseMiniBoardController.	17D5960	public void .ctor() { }	Paxie/MergeStudio/Features/MiniBoard/BaseMiniBoardController.cs	code/Il2CppDumper/type_blocks/01151_BaseMiniBoardController..txt		signature only
1151		BaseMiniBoardController.	17D5968	internal void <OnEvent>b__0() { }	Paxie/MergeStudio/Features/MiniBoard/BaseMiniBoardController.cs	code/Il2CppDumper/type_blocks/01151_BaseMiniBoardController..txt		signature only
1152		BaseMiniBoardController.	17D5A58	private void MoveNext() { }	Paxie/MergeStudio/Features/MiniBoard/BaseMiniBoardController.cs	code/Il2CppDumper/type_blocks/01152_BaseMiniBoardController..txt		signature only
1152		BaseMiniBoardController.	17D5E18	private void SetStateMachine(IAsyncStateMachine stateMachine) { }	Paxie/MergeStudio/Features/MiniBoard/BaseMiniBoardController.cs	code/Il2CppDumper/type_blocks/01152_BaseMiniBoardController..txt		signature only
1153		BaseMiniBoardController.	17D5E24	private void MoveNext() { }	Paxie/MergeStudio/Features/MiniBoard/BaseMiniBoardController.cs	code/Il2CppDumper/type_blocks/01153_BaseMiniBoardController..txt		signature only
1153		BaseMiniBoardController.	17D62C8	private void SetStateMachine(IAsyncStateMachine stateMachine) { }	Paxie/MergeStudio/Features/MiniBoard/BaseMiniBoardController.cs	code/Il2CppDumper/type_blocks/01153_BaseMiniBoardController..txt		signature only
1154		BaseMiniBoardController.	17D62D4	private void MoveNext() { }	Paxie/MergeStudio/Features/MiniBoard/BaseMiniBoardController.cs	code/Il2CppDumper/type_blocks/01154_BaseMiniBoardController..txt		signature only
1154		BaseMiniBoardController.	17D683C	private void SetStateMachine(IAsyncStateMachine stateMachine) { }	Paxie/MergeStudio/Features/MiniBoard/BaseMiniBoardController.cs	code/Il2CppDumper/type_blocks/01154_BaseMiniBoardController..txt		signature only
1155		BaseMiniBoardController.	17D6848	private void MoveNext() { }	Paxie/MergeStudio/Features/MiniBoard/BaseMiniBoardController.cs	code/Il2CppDumper/type_blocks/01155_BaseMiniBoardController..txt		signature only
1155		BaseMiniBoardController.	17D7C00	private void SetStateMachine(IAsyncStateMachine stateMachine) { }	Paxie/MergeStudio/Features/MiniBoard/BaseMiniBoardController.cs	code/Il2CppDumper/type_blocks/01155_BaseMiniBoardController..txt		signature only
1156		BaseMiniBoardController.	17D7C0C	public void .ctor(int <>1__state) { }	Paxie/MergeStudio/Features/MiniBoard/BaseMiniBoardController.cs	code/Il2CppDumper/type_blocks/01156_BaseMiniBoardController..txt		signature only
1156		BaseMiniBoardController.	17D7C28	private void System.IDisposable.Dispose() { }	Paxie/MergeStudio/Features/MiniBoard/BaseMiniBoardController.cs	code/Il2CppDumper/type_blocks/01156_BaseMiniBoardController..txt		signature only
1156		BaseMiniBoardController.	17D7C2C	private bool MoveNext() { }	Paxie/MergeStudio/Features/MiniBoard/BaseMiniBoardController.cs	code/Il2CppDumper/type_blocks/01156_BaseMiniBoardController..txt		signature only
1156		BaseMiniBoardController.	17D7E40	private object System.Collections.Generic.IEnumerator<System.Object>.get_Current() { }	Paxie/MergeStudio/Features/MiniBoard/BaseMiniBoardController.cs	code/Il2CppDumper/type_blocks/01156_BaseMiniBoardController..txt		signature only
1156		BaseMiniBoardController.	17D7E48	private void System.Collections.IEnumerator.Reset() { }	Paxie/MergeStudio/Features/MiniBoard/BaseMiniBoardController.cs	code/Il2CppDumper/type_blocks/01156_BaseMiniBoardController..txt		signature only
1156		BaseMiniBoardController.	17D7E8C	private object System.Collections.IEnumerator.get_Current() { }	Paxie/MergeStudio/Features/MiniBoard/BaseMiniBoardController.cs	code/Il2CppDumper/type_blocks/01156_BaseMiniBoardController..txt		signature only
1157		BaseMiniBoardController.	17D7E94	private void MoveNext() { }	Paxie/MergeStudio/Features/MiniBoard/BaseMiniBoardController.cs	code/Il2CppDumper/type_blocks/01157_BaseMiniBoardController..txt		signature only
1157		BaseMiniBoardController.	17D8104	private void SetStateMachine(IAsyncStateMachine stateMachine) { }	Paxie/MergeStudio/Features/MiniBoard/BaseMiniBoardController.cs	code/Il2CppDumper/type_blocks/01157_BaseMiniBoardController..txt		signature only
1158	Paxie.MergeStudio.Features.MiniBoard	BaseMiniBoardController	17C9664	public IMiniBoardGenericPopupView get_MiniBoardPopupView() { }	Paxie/MergeStudio/Features/MiniBoard/BaseMiniBoardController.cs	code/Il2CppDumper/type_blocks/01158_BaseMiniBoardController.txt		signature only
1158	Paxie.MergeStudio.Features.MiniBoard	BaseMiniBoardController	17C966C	private void set_MiniBoardPopupView(IMiniBoardGenericPopupView value) { }	Paxie/MergeStudio/Features/MiniBoard/BaseMiniBoardController.cs	code/Il2CppDumper/type_blocks/01158_BaseMiniBoardController.txt		signature only
1158	Paxie.MergeStudio.Features.MiniBoard	BaseMiniBoardController	17C9674	public MiniBoardRewardAreaController get_RewardAreaController() { }	Paxie/MergeStudio/Features/MiniBoard/BaseMiniBoardController.cs	code/Il2CppDumper/type_blocks/01158_BaseMiniBoardController.txt		signature only
1158	Paxie.MergeStudio.Features.MiniBoard	BaseMiniBoardController	17C967C	private void set_RewardAreaController(MiniBoardRewardAreaController value) { }	Paxie/MergeStudio/Features/MiniBoard/BaseMiniBoardController.cs	code/Il2CppDumper/type_blocks/01158_BaseMiniBoardController.txt		signature only
1158	Paxie.MergeStudio.Features.MiniBoard	BaseMiniBoardController	17C9684	public BoardEntity get_BoardEntity() { }	Paxie/MergeStudio/Features/MiniBoard/BaseMiniBoardController.cs	code/Il2CppDumper/type_blocks/01158_BaseMiniBoardController.txt		signature only
1158	Paxie.MergeStudio.Features.MiniBoard	BaseMiniBoardController	17C968C	private void set_BoardEntity(BoardEntity value) { }	Paxie/MergeStudio/Features/MiniBoard/BaseMiniBoardController.cs	code/Il2CppDumper/type_blocks/01158_BaseMiniBoardController.txt		signature only
1158	Paxie.MergeStudio.Features.MiniBoard	BaseMiniBoardController	17C9694	public MiniBoardHandlerBase get_MiniBoardHandler() { }	Paxie/MergeStudio/Features/MiniBoard/BaseMiniBoardController.cs	code/Il2CppDumper/type_blocks/01158_BaseMiniBoardController.txt		signature only
1158	Paxie.MergeStudio.Features.MiniBoard	BaseMiniBoardController	17C969C	private void set_MiniBoardHandler(MiniBoardHandlerBase value) { }	Paxie/MergeStudio/Features/MiniBoard/BaseMiniBoardController.cs	code/Il2CppDumper/type_blocks/01158_BaseMiniBoardController.txt		signature only
1158	Paxie.MergeStudio.Features.MiniBoard	BaseMiniBoardController	17C96A4	public MiniBoardLocalConfigBase get_MiniBoardLocalConfigBase() { }	Paxie/MergeStudio/Features/MiniBoard/BaseMiniBoardController.cs	code/Il2CppDumper/type_blocks/01158_BaseMiniBoardController.txt		signature only
1158	Paxie.MergeStudio.Features.MiniBoard	BaseMiniBoardController	17C96AC	private void set_MiniBoardLocalConfigBase(MiniBoardLocalConfigBase value) { }	Paxie/MergeStudio/Features/MiniBoard/BaseMiniBoardController.cs	code/Il2CppDumper/type_blocks/01158_BaseMiniBoardController.txt		signature only
1158	Paxie.MergeStudio.Features.MiniBoard	BaseMiniBoardController	17C96B4	public MiniBoardContainer get_MiniBoardContainer() { }	Paxie/MergeStudio/Features/MiniBoard/BaseMiniBoardController.cs	code/Il2CppDumper/type_blocks/01158_BaseMiniBoardController.txt		signature only
1158	Paxie.MergeStudio.Features.MiniBoard	BaseMiniBoardController	17C96BC	private void set_MiniBoardContainer(MiniBoardContainer value) { }	Paxie/MergeStudio/Features/MiniBoard/BaseMiniBoardController.cs	code/Il2CppDumper/type_blocks/01158_BaseMiniBoardController.txt		signature only
1158	Paxie.MergeStudio.Features.MiniBoard	BaseMiniBoardController	17C96C4	public MiniBoardAssetContainerBase get_MiniBoardAssetContainerBase() { }	Paxie/MergeStudio/Features/MiniBoard/BaseMiniBoardController.cs	code/Il2CppDumper/type_blocks/01158_BaseMiniBoardController.txt		signature only
1158	Paxie.MergeStudio.Features.MiniBoard	BaseMiniBoardController	17C96CC	private void set_MiniBoardAssetContainerBase(MiniBoardAssetContainerBase value) { }	Paxie/MergeStudio/Features/MiniBoard/BaseMiniBoardController.cs	code/Il2CppDumper/type_blocks/01158_BaseMiniBoardController.txt		signature only
1158	Paxie.MergeStudio.Features.MiniBoard	BaseMiniBoardController	17C96D4	public MiniBoardData get_MiniBoardData() { }	Paxie/MergeStudio/Features/MiniBoard/BaseMiniBoardController.cs	code/Il2CppDumper/type_blocks/01158_BaseMiniBoardController.txt		signature only
1158	Paxie.MergeStudio.Features.MiniBoard	BaseMiniBoardController	17C96DC	protected void set_MiniBoardData(MiniBoardData value) { }	Paxie/MergeStudio/Features/MiniBoard/BaseMiniBoardController.cs	code/Il2CppDumper/type_blocks/01158_BaseMiniBoardController.txt		signature only
1158	Paxie.MergeStudio.Features.MiniBoard	BaseMiniBoardController	17C96E4	public KiteMiniBoardInitialBoardModel get_InitialBoardModel() { }	Paxie/MergeStudio/Features/MiniBoard/BaseMiniBoardController.cs	code/Il2CppDumper/type_blocks/01158_BaseMiniBoardController.txt		signature only
1158	Paxie.MergeStudio.Features.MiniBoard	BaseMiniBoardController	17C96EC	private void set_InitialBoardModel(KiteMiniBoardInitialBoardModel value) { }	Paxie/MergeStudio/Features/MiniBoard/BaseMiniBoardController.cs	code/Il2CppDumper/type_blocks/01158_BaseMiniBoardController.txt		signature only
1158	Paxie.MergeStudio.Features.MiniBoard	BaseMiniBoardController	17C96F4	public MiniBoardAreaEntity get_MiniBoardAreaEntity() { }	Paxie/MergeStudio/Features/MiniBoard/BaseMiniBoardController.cs	code/Il2CppDumper/type_blocks/01158_BaseMiniBoardController.txt		signature only
1158	Paxie.MergeStudio.Features.MiniBoard	BaseMiniBoardController	17C96FC	private void set_MiniBoardAreaEntity(MiniBoardAreaEntity value) { }	Paxie/MergeStudio/Features/MiniBoard/BaseMiniBoardController.cs	code/Il2CppDumper/type_blocks/01158_BaseMiniBoardController.txt		signature only
1158	Paxie.MergeStudio.Features.MiniBoard	BaseMiniBoardController	17C9704	public SortingData get_MainSortingData() { }	Paxie/MergeStudio/Features/MiniBoard/BaseMiniBoardController.cs	code/Il2CppDumper/type_blocks/01158_BaseMiniBoardController.txt		signature only
1158	Paxie.MergeStudio.Features.MiniBoard	BaseMiniBoardController	17C970C	private void set_MainSortingData(SortingData value) { }	Paxie/MergeStudio/Features/MiniBoard/BaseMiniBoardController.cs	code/Il2CppDumper/type_blocks/01158_BaseMiniBoardController.txt		signature only
1158	Paxie.MergeStudio.Features.MiniBoard	BaseMiniBoardController	17C9714	protected int get_RowCount() { }	Paxie/MergeStudio/Features/MiniBoard/BaseMiniBoardController.cs	code/Il2CppDumper/type_blocks/01158_BaseMiniBoardController.txt		signature only
1158	Paxie.MergeStudio.Features.MiniBoard	BaseMiniBoardController	17C9730	protected int get_ColumnCount() { }	Paxie/MergeStudio/Features/MiniBoard/BaseMiniBoardController.cs	code/Il2CppDumper/type_blocks/01158_BaseMiniBoardController.txt		signature only
1158	Paxie.MergeStudio.Features.MiniBoard	BaseMiniBoardController	17C974C	public MiniBoardParticleController get_BoardParticleController() { }	Paxie/MergeStudio/Features/MiniBoard/BaseMiniBoardController.cs	code/Il2CppDumper/type_blocks/01158_BaseMiniBoardController.txt		signature only
1158	Paxie.MergeStudio.Features.MiniBoard	BaseMiniBoardController	17C9754	private void set_BoardParticleController(MiniBoardParticleController value) { }	Paxie/MergeStudio/Features/MiniBoard/BaseMiniBoardController.cs	code/Il2CppDumper/type_blocks/01158_BaseMiniBoardController.txt		signature only
1158	Paxie.MergeStudio.Features.MiniBoard	BaseMiniBoardController	17C975C	public MiniBoardMergeParticleController get_MergeParticleController() { }	Paxie/MergeStudio/Features/MiniBoard/BaseMiniBoardController.cs	code/Il2CppDumper/type_blocks/01158_BaseMiniBoardController.txt		signature only
1158	Paxie.MergeStudio.Features.MiniBoard	BaseMiniBoardController	17C9764	private void set_MergeParticleController(MiniBoardMergeParticleController value) { }	Paxie/MergeStudio/Features/MiniBoard/BaseMiniBoardController.cs	code/Il2CppDumper/type_blocks/01158_BaseMiniBoardController.txt		signature only
1158	Paxie.MergeStudio.Features.MiniBoard	BaseMiniBoardController	17C976C	public MiniBoardMergeHintAnimationController get_MergeHintAnimationController() { }	Paxie/MergeStudio/Features/MiniBoard/BaseMiniBoardController.cs	code/Il2CppDumper/type_blocks/01158_BaseMiniBoardController.txt		signature only
1158	Paxie.MergeStudio.Features.MiniBoard	BaseMiniBoardController	17C9774	private void set_MergeHintAnimationController(MiniBoardMergeHintAnimationController value) { }	Paxie/MergeStudio/Features/MiniBoard/BaseMiniBoardController.cs	code/Il2CppDumper/type_blocks/01158_BaseMiniBoardController.txt		signature only
1158	Paxie.MergeStudio.Features.MiniBoard	BaseMiniBoardController	17C977C	public MiniBoardPlacementAnimation get_BoardPlacementAnimation() { }	Paxie/MergeStudio/Features/MiniBoard/BaseMiniBoardController.cs	code/Il2CppDumper/type_blocks/01158_BaseMiniBoardController.txt		signature only
1158	Paxie.MergeStudio.Features.MiniBoard	BaseMiniBoardController	17C9784	public void set_BoardPlacementAnimation(MiniBoardPlacementAnimation value) { }	Paxie/MergeStudio/Features/MiniBoard/BaseMiniBoardController.cs	code/Il2CppDumper/type_blocks/01158_BaseMiniBoardController.txt		signature only
1158	Paxie.MergeStudio.Features.MiniBoard	BaseMiniBoardController	17C978C	public MiniBoardRewardHolderClaimAnimation get_RewardHolderClaimAnimation() { }	Paxie/MergeStudio/Features/MiniBoard/BaseMiniBoardController.cs	code/Il2CppDumper/type_blocks/01158_BaseMiniBoardController.txt		signature only
1158	Paxie.MergeStudio.Features.MiniBoard	BaseMiniBoardController	17C9794	public void set_RewardHolderClaimAnimation(MiniBoardRewardHolderClaimAnimation value) { }	Paxie/MergeStudio/Features/MiniBoard/BaseMiniBoardController.cs	code/Il2CppDumper/type_blocks/01158_BaseMiniBoardController.txt		signature only
1158	Paxie.MergeStudio.Features.MiniBoard	BaseMiniBoardController	17C979C	public MiniBoardCollectableAnimationController get_CollectableAnimationController() { }	Paxie/MergeStudio/Features/MiniBoard/BaseMiniBoardController.cs	code/Il2CppDumper/type_blocks/01158_BaseMiniBoardController.txt		signature only
1158	Paxie.MergeStudio.Features.MiniBoard	BaseMiniBoardController	17C97A4	private void set_CollectableAnimationController(MiniBoardCollectableAnimationController value) { }	Paxie/MergeStudio/Features/MiniBoard/BaseMiniBoardController.cs	code/Il2CppDumper/type_blocks/01158_BaseMiniBoardController.txt		signature only
1158	Paxie.MergeStudio.Features.MiniBoard	BaseMiniBoardController	17BA00C	public MiniBoardItemControllerFactory get_ItemControllerFactory() { }	Paxie/MergeStudio/Features/MiniBoard/BaseMiniBoardController.cs	code/Il2CppDumper/type_blocks/01158_BaseMiniBoardController.txt		signature only
1158	Paxie.MergeStudio.Features.MiniBoard	BaseMiniBoardController	17C0DB0	public WarningTextFactory get_WarningTextFactory() { }	Paxie/MergeStudio/Features/MiniBoard/BaseMiniBoardController.cs	code/Il2CppDumper/type_blocks/01158_BaseMiniBoardController.txt		signature only
1158	Paxie.MergeStudio.Features.MiniBoard	BaseMiniBoardController	17C97AC	public MiniBoardPosition get_SelectedPosition() { }	Paxie/MergeStudio/Features/MiniBoard/BaseMiniBoardController.cs	code/Il2CppDumper/type_blocks/01158_BaseMiniBoardController.txt		signature only
1158	Paxie.MergeStudio.Features.MiniBoard	BaseMiniBoardController	17C97B4	private void set_SelectedPosition(MiniBoardPosition value) { }	Paxie/MergeStudio/Features/MiniBoard/BaseMiniBoardController.cs	code/Il2CppDumper/type_blocks/01158_BaseMiniBoardController.txt		signature only
1158	Paxie.MergeStudio.Features.MiniBoard	BaseMiniBoardController	17C97BC	protected List<MiniBoardPosition> get_Positions() { }	Paxie/MergeStudio/Features/MiniBoard/BaseMiniBoardController.cs	code/Il2CppDumper/type_blocks/01158_BaseMiniBoardController.txt		signature only
1158	Paxie.MergeStudio.Features.MiniBoard	BaseMiniBoardController	17C97C4	private List<MiniBoardItemController> get_SpawnerList() { }	Paxie/MergeStudio/Features/MiniBoard/BaseMiniBoardController.cs	code/Il2CppDumper/type_blocks/01158_BaseMiniBoardController.txt		signature only
1158	Paxie.MergeStudio.Features.MiniBoard	BaseMiniBoardController	17C97CC	private List<Collider2D> get_ColliderList() { }	Paxie/MergeStudio/Features/MiniBoard/BaseMiniBoardController.cs	code/Il2CppDumper/type_blocks/01158_BaseMiniBoardController.txt		signature only
1158	Paxie.MergeStudio.Features.MiniBoard	BaseMiniBoardController	17C97D4	public void IncreaseChargingChestCount() { }	Paxie/MergeStudio/Features/MiniBoard/BaseMiniBoardController.cs	code/Il2CppDumper/type_blocks/01158_BaseMiniBoardController.txt		signature only
1158	Paxie.MergeStudio.Features.MiniBoard	BaseMiniBoardController	17C97D8	public void DecreaseChargingChestCount() { }	Paxie/MergeStudio/Features/MiniBoard/BaseMiniBoardController.cs	code/Il2CppDumper/type_blocks/01158_BaseMiniBoardController.txt		signature only
1158	Paxie.MergeStudio.Features.MiniBoard	BaseMiniBoardController	17C97DC	public override void Awake() { }	Paxie/MergeStudio/Features/MiniBoard/BaseMiniBoardController.cs	code/Il2CppDumper/type_blocks/01158_BaseMiniBoardController.txt		signature only
1158	Paxie.MergeStudio.Features.MiniBoard	BaseMiniBoardController	17C99F0	protected void EnableInput() { }	Paxie/MergeStudio/Features/MiniBoard/BaseMiniBoardController.cs	code/Il2CppDumper/type_blocks/01158_BaseMiniBoardController.txt		signature only
1158	Paxie.MergeStudio.Features.MiniBoard	BaseMiniBoardController	17C9AD8	protected void DisableInput() { }	Paxie/MergeStudio/Features/MiniBoard/BaseMiniBoardController.cs	code/Il2CppDumper/type_blocks/01158_BaseMiniBoardController.txt		signature only
1158	Paxie.MergeStudio.Features.MiniBoard	BaseMiniBoardController	17C9BC4	public IMiniBoardEntity GetMiniBoardEntity() { }	Paxie/MergeStudio/Features/MiniBoard/BaseMiniBoardController.cs	code/Il2CppDumper/type_blocks/01158_BaseMiniBoardController.txt		signature only
1158	Paxie.MergeStudio.Features.MiniBoard	BaseMiniBoardController	17C9BF0	public virtual void Initialize(IMiniBoardGenericPopupView miniBoardPopupView, MiniBoardHandlerBase miniBoardHandlerBase, MiniBoardRewardAreaController rewardAreaController) { }	Paxie/MergeStudio/Features/MiniBoard/BaseMiniBoardController.cs	code/Il2CppDumper/type_blocks/01158_BaseMiniBoardController.txt		signature only
1158	Paxie.MergeStudio.Features.MiniBoard	BaseMiniBoardController	17C9F34	protected void SetEntityBoardParameters() { }	Paxie/MergeStudio/Features/MiniBoard/BaseMiniBoardController.cs	code/Il2CppDumper/type_blocks/01158_BaseMiniBoardController.txt		signature only
1158	Paxie.MergeStudio.Features.MiniBoard	BaseMiniBoardController	17CA294	protected void StartCreatingBoard() { }	Paxie/MergeStudio/Features/MiniBoard/BaseMiniBoardController.cs	code/Il2CppDumper/type_blocks/01158_BaseMiniBoardController.txt		signature only
1158	Paxie.MergeStudio.Features.MiniBoard	BaseMiniBoardController	17CA308	private void ResetBoardParameters() { }	Paxie/MergeStudio/Features/MiniBoard/BaseMiniBoardController.cs	code/Il2CppDumper/type_blocks/01158_BaseMiniBoardController.txt		signature only
1158	Paxie.MergeStudio.Features.MiniBoard	BaseMiniBoardController	17CA5B0	private void SetBoardAreaSettings() { }	Paxie/MergeStudio/Features/MiniBoard/BaseMiniBoardController.cs	code/Il2CppDumper/type_blocks/01158_BaseMiniBoardController.txt		signature only
1158	Paxie.MergeStudio.Features.MiniBoard	BaseMiniBoardController	17CB0B0	private Vector2 GetBoardIconsSlicedSize() { }	Paxie/MergeStudio/Features/MiniBoard/BaseMiniBoardController.cs	code/Il2CppDumper/type_blocks/01158_BaseMiniBoardController.txt		signature only
1158	Paxie.MergeStudio.Features.MiniBoard	BaseMiniBoardController	17CB144	private float GetBoardIconSlicedPerRowMultiplier() { }	Paxie/MergeStudio/Features/MiniBoard/BaseMiniBoardController.cs	code/Il2CppDumper/type_blocks/01158_BaseMiniBoardController.txt		signature only
1158	Paxie.MergeStudio.Features.MiniBoard	BaseMiniBoardController	17CB114	private float GetBoardIconSlicedPerColumnMultiplier() { }	Paxie/MergeStudio/Features/MiniBoard/BaseMiniBoardController.cs	code/Il2CppDumper/type_blocks/01158_BaseMiniBoardController.txt		signature only
1158	Paxie.MergeStudio.Features.MiniBoard	BaseMiniBoardController	17CAFD8	private UniTask InitBoard() { }	Paxie/MergeStudio/Features/MiniBoard/BaseMiniBoardController.cs	code/Il2CppDumper/type_blocks/01158_BaseMiniBoardController.txt		signature only
1158	Paxie.MergeStudio.Features.MiniBoard	BaseMiniBoardController	17C9FAC	private void InitObjectPool(int maxBoardItemCount) { }	Paxie/MergeStudio/Features/MiniBoard/BaseMiniBoardController.cs	code/Il2CppDumper/type_blocks/01158_BaseMiniBoardController.txt		signature only
1158	Paxie.MergeStudio.Features.MiniBoard	BaseMiniBoardController	17CB174	private UniTask InitializeAsync() { }	Paxie/MergeStudio/Features/MiniBoard/BaseMiniBoardController.cs	code/Il2CppDumper/type_blocks/01158_BaseMiniBoardController.txt		signature only
1158	Paxie.MergeStudio.Features.MiniBoard	BaseMiniBoardController	17CB250	private UniTask InitializeBoard() { }	Paxie/MergeStudio/Features/MiniBoard/BaseMiniBoardController.cs	code/Il2CppDumper/type_blocks/01158_BaseMiniBoardController.txt		signature only
1158	Paxie.MergeStudio.Features.MiniBoard	BaseMiniBoardController	17CB328	private MiniBoardPositionData GetInitialPositionData(int index) { }	Paxie/MergeStudio/Features/MiniBoard/BaseMiniBoardController.cs	code/Il2CppDumper/type_blocks/01158_BaseMiniBoardController.txt		signature only
1158	Paxie.MergeStudio.Features.MiniBoard	BaseMiniBoardController	17CB3A4	private int GetListPosition(Coordinate coordinate, int rowCount) { }	Paxie/MergeStudio/Features/MiniBoard/BaseMiniBoardController.cs	code/Il2CppDumper/type_blocks/01158_BaseMiniBoardController.txt		signature only
1158	Paxie.MergeStudio.Features.MiniBoard	BaseMiniBoardController	17CB40C	private MiniBoardCellController SpawnCell(CellEntity cellEntity, Vector2 localPosition) { }	Paxie/MergeStudio/Features/MiniBoard/BaseMiniBoardController.cs	code/Il2CppDumper/type_blocks/01158_BaseMiniBoardController.txt		signature only
1158	Paxie.MergeStudio.Features.MiniBoard	BaseMiniBoardController	17CB570	private void Save() { }	Paxie/MergeStudio/Features/MiniBoard/BaseMiniBoardController.cs	code/Il2CppDumper/type_blocks/01158_BaseMiniBoardController.txt		signature only
1158	Paxie.MergeStudio.Features.MiniBoard	BaseMiniBoardController	17CB57C	public override void OnDestroy() { }	Paxie/MergeStudio/Features/MiniBoard/BaseMiniBoardController.cs	code/Il2CppDumper/type_blocks/01158_BaseMiniBoardController.txt		signature only
1158	Paxie.MergeStudio.Features.MiniBoard	BaseMiniBoardController	17CB614	private UniTaskVoid StopBoard() { }	Paxie/MergeStudio/Features/MiniBoard/BaseMiniBoardController.cs	code/Il2CppDumper/type_blocks/01158_BaseMiniBoardController.txt		signature only
1158	Paxie.MergeStudio.Features.MiniBoard	BaseMiniBoardController	17CB6B4	public int GetAnimatedItemCount() { }	Paxie/MergeStudio/Features/MiniBoard/BaseMiniBoardController.cs	code/Il2CppDumper/type_blocks/01158_BaseMiniBoardController.txt		signature only
1158	Paxie.MergeStudio.Features.MiniBoard	BaseMiniBoardController	17BDDE8	public void AddBoardCollider(Collider2D boardCollider) { }	Paxie/MergeStudio/Features/MiniBoard/BaseMiniBoardController.cs	code/Il2CppDumper/type_blocks/01158_BaseMiniBoardController.txt		signature only
1158	Paxie.MergeStudio.Features.MiniBoard	BaseMiniBoardController	17BC120	public void RemoveBoardCollider(Collider2D boardCollider) { }	Paxie/MergeStudio/Features/MiniBoard/BaseMiniBoardController.cs	code/Il2CppDumper/type_blocks/01158_BaseMiniBoardController.txt		signature only
1158	Paxie.MergeStudio.Features.MiniBoard	BaseMiniBoardController	17CB6D0	protected void ChangeBoardColliderStatus(bool activate) { }	Paxie/MergeStudio/Features/MiniBoard/BaseMiniBoardController.cs	code/Il2CppDumper/type_blocks/01158_BaseMiniBoardController.txt		signature only
1158	Paxie.MergeStudio.Features.MiniBoard	BaseMiniBoardController	17CB8BC	private Vector3 GetMiniBoardVectorPosition(Coordinate index) { }	Paxie/MergeStudio/Features/MiniBoard/BaseMiniBoardController.cs	code/Il2CppDumper/type_blocks/01158_BaseMiniBoardController.txt		signature only
1158	Paxie.MergeStudio.Features.MiniBoard	BaseMiniBoardController	17CB95C	public List<MiniBoardPosition> GetAllPositions() { }	Paxie/MergeStudio/Features/MiniBoard/BaseMiniBoardController.cs	code/Il2CppDumper/type_blocks/01158_BaseMiniBoardController.txt		signature only
1158	Paxie.MergeStudio.Features.MiniBoard	BaseMiniBoardController	17B76D4	public MiniBoardPosition GetPosition(Coordinate index) { }	Paxie/MergeStudio/Features/MiniBoard/BaseMiniBoardController.cs	code/Il2CppDumper/type_blocks/01158_BaseMiniBoardController.txt		signature only
1158	Paxie.MergeStudio.Features.MiniBoard	BaseMiniBoardController	17CB964	public MiniBoardPosition GetFirstPosition() { }	Paxie/MergeStudio/Features/MiniBoard/BaseMiniBoardController.cs	code/Il2CppDumper/type_blocks/01158_BaseMiniBoardController.txt		signature only
1158	Paxie.MergeStudio.Features.MiniBoard	BaseMiniBoardController	17CB9CC	public MiniBoardPosition GetLastPosition() { }	Paxie/MergeStudio/Features/MiniBoard/BaseMiniBoardController.cs	code/Il2CppDumper/type_blocks/01158_BaseMiniBoardController.txt		signature only
1158	Paxie.MergeStudio.Features.MiniBoard	BaseMiniBoardController	17CBA48	public Vector2 GetWorldPosition(Coordinate boardIndex) { }	Paxie/MergeStudio/Features/MiniBoard/BaseMiniBoardController.cs	code/Il2CppDumper/type_blocks/01158_BaseMiniBoardController.txt		signature only
1158	Paxie.MergeStudio.Features.MiniBoard	BaseMiniBoardController	17C1274	public void SetSelectedPosition(MiniBoardPosition position, bool selectCell = True, bool dontUseAnimation = False) { }	Paxie/MergeStudio/Features/MiniBoard/BaseMiniBoardController.cs	code/Il2CppDumper/type_blocks/01158_BaseMiniBoardController.txt		signature only
1158	Paxie.MergeStudio.Features.MiniBoard	BaseMiniBoardController	17CBAC0	protected void ClearSelectedPosition(bool itemDestroy) { }	Paxie/MergeStudio/Features/MiniBoard/BaseMiniBoardController.cs	code/Il2CppDumper/type_blocks/01158_BaseMiniBoardController.txt		signature only
1158	Paxie.MergeStudio.Features.MiniBoard	BaseMiniBoardController	17CBB10	private void ArrangeSelectedCellImage(bool isActive) { }	Paxie/MergeStudio/Features/MiniBoard/BaseMiniBoardController.cs	code/Il2CppDumper/type_blocks/01158_BaseMiniBoardController.txt		signature only
1158	Paxie.MergeStudio.Features.MiniBoard	BaseMiniBoardController	17CBB4C	public List<CellEntity> GetAvailableCells() { }	Paxie/MergeStudio/Features/MiniBoard/BaseMiniBoardController.cs	code/Il2CppDumper/type_blocks/01158_BaseMiniBoardController.txt		signature only
1158	Paxie.MergeStudio.Features.MiniBoard	BaseMiniBoardController	17C3040	public List<Coordinate> GetAvailableCellCoordinates(Coordinate targetIndex) { }	Paxie/MergeStudio/Features/MiniBoard/BaseMiniBoardController.cs	code/Il2CppDumper/type_blocks/01158_BaseMiniBoardController.txt		signature only
1158	Paxie.MergeStudio.Features.MiniBoard	BaseMiniBoardController	17C210C	public List<MiniBoardCellController> GetNearestAvailableOtherCells(Transform sourceTransform) { }	Paxie/MergeStudio/Features/MiniBoard/BaseMiniBoardController.cs	code/Il2CppDumper/type_blocks/01158_BaseMiniBoardController.txt		signature only
1158	Paxie.MergeStudio.Features.MiniBoard	BaseMiniBoardController	17CBE60	private void ArrangeCells() { }	Paxie/MergeStudio/Features/MiniBoard/BaseMiniBoardController.cs	code/Il2CppDumper/type_blocks/01158_BaseMiniBoardController.txt		signature only
1158	Paxie.MergeStudio.Features.MiniBoard	BaseMiniBoardController	17CBE88	private void ArrangeCells(List<MiniBoardPositionEntity> positionEntities) { }	Paxie/MergeStudio/Features/MiniBoard/BaseMiniBoardController.cs	code/Il2CppDumper/type_blocks/01158_BaseMiniBoardController.txt		signature only
1158	Paxie.MergeStudio.Features.MiniBoard	BaseMiniBoardController	17CC12C	public override void UpdateTick() { }	Paxie/MergeStudio/Features/MiniBoard/BaseMiniBoardController.cs	code/Il2CppDumper/type_blocks/01158_BaseMiniBoardController.txt		signature only
1158	Paxie.MergeStudio.Features.MiniBoard	BaseMiniBoardController	17CC130	public override void UpdatePlayingTick(float elapsedTime) { }	Paxie/MergeStudio/Features/MiniBoard/BaseMiniBoardController.cs	code/Il2CppDumper/type_blocks/01158_BaseMiniBoardController.txt		signature only
1158	Paxie.MergeStudio.Features.MiniBoard	BaseMiniBoardController	17CC564	public override void UpdatePausedTick(float elapsedTime) { }	Paxie/MergeStudio/Features/MiniBoard/BaseMiniBoardController.cs	code/Il2CppDumper/type_blocks/01158_BaseMiniBoardController.txt		signature only
1158	Paxie.MergeStudio.Features.MiniBoard	BaseMiniBoardController	17CC568	public override void UpdateTutorialTick(float elapsedTime) { }	Paxie/MergeStudio/Features/MiniBoard/BaseMiniBoardController.cs	code/Il2CppDumper/type_blocks/01158_BaseMiniBoardController.txt		signature only
1158	Paxie.MergeStudio.Features.MiniBoard	BaseMiniBoardController	17CC56C	public bool IsMergeAvailable(MiniBoardItemController mergedItem1, MiniBoardItemController mergedItem2) { }	Paxie/MergeStudio/Features/MiniBoard/BaseMiniBoardController.cs	code/Il2CppDumper/type_blocks/01158_BaseMiniBoardController.txt		signature only
1158	Paxie.MergeStudio.Features.MiniBoard	BaseMiniBoardController	17BF31C	public BoardItemData GetMergedItemData(MiniBoardItemController candidateItem) { }	Paxie/MergeStudio/Features/MiniBoard/BaseMiniBoardController.cs	code/Il2CppDumper/type_blocks/01158_BaseMiniBoardController.txt		signature only
1158	Paxie.MergeStudio.Features.MiniBoard	BaseMiniBoardController	17CC934	private bool SetItemOnBoard(Coordinate boardIndex, MiniBoardItemController item, bool saveBoard, bool spawnAnimated, bool swapAnimated, bool panelAnimated, MiniBoardPosition selectedBoardPosition, bool merged, bool move, bool nonAnimated) { }	Paxie/MergeStudio/Features/MiniBoard/BaseMiniBoardController.cs	code/Il2CppDumper/type_blocks/01158_BaseMiniBoardController.txt		signature only
1158	Paxie.MergeStudio.Features.MiniBoard	BaseMiniBoardController	17CC984	private bool SetItemOnBoard(Coordinate boardIndex, MiniBoardItemController item, bool skipCellCheck, bool saveBoard, bool spawnAnimated, bool swapAnimated, bool panelAnimated, bool merged, bool move, MiniBoardPosition selectedBoardPosition, bool onInitialize, bool nonAnimated) { }	Paxie/MergeStudio/Features/MiniBoard/BaseMiniBoardController.cs	code/Il2CppDumper/type_blocks/01158_BaseMiniBoardController.txt		signature only
1158	Paxie.MergeStudio.Features.MiniBoard	BaseMiniBoardController	17CCE5C	private IEnumerator ItemSetAnimationRoutine(MiniBoardItemController item, bool spawnAnimated, bool swapAnimated, bool panelAnimated, MiniBoardPosition selectedBoardPosition, MiniBoardCellController targetCell, bool nonAnimated) { }	Paxie/MergeStudio/Features/MiniBoard/BaseMiniBoardController.cs	code/Il2CppDumper/type_blocks/01158_BaseMiniBoardController.txt		signature only
1158	Paxie.MergeStudio.Features.MiniBoard	BaseMiniBoardController	17CCF40	private void SpawnAnimationComplete(MiniBoardItemController item) { }	Paxie/MergeStudio/Features/MiniBoard/BaseMiniBoardController.cs	code/Il2CppDumper/type_blocks/01158_BaseMiniBoardController.txt		signature only
1158	Paxie.MergeStudio.Features.MiniBoard	BaseMiniBoardController	17CCFAC	private MiniBoardItemController OnInitializeSpawnItemAsync(BoardItemData boardItemData, MiniBoardItemEntity itemEntity, Coordinate spawnCoordinate, bool isNewlyCreated) { }	Paxie/MergeStudio/Features/MiniBoard/BaseMiniBoardController.cs	code/Il2CppDumper/type_blocks/01158_BaseMiniBoardController.txt		signature only
1158	Paxie.MergeStudio.Features.MiniBoard	BaseMiniBoardController	17CD060	private MiniBoardItemController SpawnItem(BoardItemData boardItemData, MiniBoardItemEntity itemEntity, Coordinate spawnerCoordinate, bool onBoardInitialize, bool merged, bool isNewlyCreated) { }	Paxie/MergeStudio/Features/MiniBoard/BaseMiniBoardController.cs	code/Il2CppDumper/type_blocks/01158_BaseMiniBoardController.txt		signature only
1158	Paxie.MergeStudio.Features.MiniBoard	BaseMiniBoardController	17CD6B4	private void AnimateMergedItemSpawn(MiniBoardItemController itemController) { }	Paxie/MergeStudio/Features/MiniBoard/BaseMiniBoardController.cs	code/Il2CppDumper/type_blocks/01158_BaseMiniBoardController.txt		signature only
1158	Paxie.MergeStudio.Features.MiniBoard	BaseMiniBoardController	17CD8C0	private void SpawnItemAnimation(MiniBoardItemController item, MiniBoardCellController targetCell, MiniBoardPosition selectedBoardPosition) { }	Paxie/MergeStudio/Features/MiniBoard/BaseMiniBoardController.cs	code/Il2CppDumper/type_blocks/01158_BaseMiniBoardController.txt		signature only
1158	Paxie.MergeStudio.Features.MiniBoard	BaseMiniBoardController	17CDAB4	private void SpawnAtRandomPosition(MiniBoardItemEntity itemEntity, BoardItemData boardItemData, bool isNewlyCreated, Transform sourceTransform, bool disableItemSelection = False, bool isCapacityUpdated = True) { }	Paxie/MergeStudio/Features/MiniBoard/BaseMiniBoardController.cs	code/Il2CppDumper/type_blocks/01158_BaseMiniBoardController.txt		signature only
1158	Paxie.MergeStudio.Features.MiniBoard	BaseMiniBoardController	17CDD40	protected virtual void OnSpawnCompleted(MiniBoardItemController createdItemController) { }	Paxie/MergeStudio/Features/MiniBoard/BaseMiniBoardController.cs	code/Il2CppDumper/type_blocks/01158_BaseMiniBoardController.txt		signature only
1158	Paxie.MergeStudio.Features.MiniBoard	BaseMiniBoardController	17CDD44	private void SwapItemsOnBoard(MiniBoardItemController source, MiniBoardItemController target, MiniBoardPosition selectedBoardPosition) { }	Paxie/MergeStudio/Features/MiniBoard/BaseMiniBoardController.cs	code/Il2CppDumper/type_blocks/01158_BaseMiniBoardController.txt		signature only
1158	Paxie.MergeStudio.Features.MiniBoard	BaseMiniBoardController	17CE194	private void SwapItemAnimation(MiniBoardItemController item, MiniBoardCellController targetCell, MiniBoardPosition selectedBoardPosition) { }	Paxie/MergeStudio/Features/MiniBoard/BaseMiniBoardController.cs	code/Il2CppDumper/type_blocks/01158_BaseMiniBoardController.txt		signature only
1158	Paxie.MergeStudio.Features.MiniBoard	BaseMiniBoardController	17CE380	private void PanelItemAnimation(MiniBoardItemController item, MiniBoardCellController targetCell, MiniBoardPosition selectedBoardPosition) { }	Paxie/MergeStudio/Features/MiniBoard/BaseMiniBoardController.cs	code/Il2CppDumper/type_blocks/01158_BaseMiniBoardController.txt		signature only
1158	Paxie.MergeStudio.Features.MiniBoard	BaseMiniBoardController	17CE568	private void MoveItemOnBoard(MiniBoardItemController item, MiniBoardCellController boardCell, MiniBoardPosition boardPosition, bool saveBoard = True) { }	Paxie/MergeStudio/Features/MiniBoard/BaseMiniBoardController.cs	code/Il2CppDumper/type_blocks/01158_BaseMiniBoardController.txt		signature only
1158	Paxie.MergeStudio.Features.MiniBoard	BaseMiniBoardController	17CE6B0	private void MoveItemAnimation(MiniBoardItemController item, MiniBoardCellController targetCell, MiniBoardPosition selectedBoardPosition) { }	Paxie/MergeStudio/Features/MiniBoard/BaseMiniBoardController.cs	code/Il2CppDumper/type_blocks/01158_BaseMiniBoardController.txt		signature only
1158	Paxie.MergeStudio.Features.MiniBoard	BaseMiniBoardController	17CE8A8	private void MergeItemsOnBoard(MiniBoardItemController source, MiniBoardItemController target, BoardItemData itemData, MiniBoardPosition boardPosition) { }	Paxie/MergeStudio/Features/MiniBoard/BaseMiniBoardController.cs	code/Il2CppDumper/type_blocks/01158_BaseMiniBoardController.txt		signature only
1158	Paxie.MergeStudio.Features.MiniBoard	BaseMiniBoardController	17CF6C0	private List<MiniBoardItemEntity> GetProcessExtraItemEntitiesOnMerge(string mergedSetIDLevel) { }	Paxie/MergeStudio/Features/MiniBoard/BaseMiniBoardController.cs	code/Il2CppDumper/type_blocks/01158_BaseMiniBoardController.txt		signature only
1158	Paxie.MergeStudio.Features.MiniBoard	BaseMiniBoardController	17D00D4	private List<MiniBoardItemController> OnMergeProcessUnbox(Coordinate targetCoordinate) { }	Paxie/MergeStudio/Features/MiniBoard/BaseMiniBoardController.cs	code/Il2CppDumper/type_blocks/01158_BaseMiniBoardController.txt		signature only
1158	Paxie.MergeStudio.Features.MiniBoard	BaseMiniBoardController	17D12AC	protected virtual void OnMergeCompleted(MiniBoardItemController createdItemController) { }	Paxie/MergeStudio/Features/MiniBoard/BaseMiniBoardController.cs	code/Il2CppDumper/type_blocks/01158_BaseMiniBoardController.txt		signature only
1158	Paxie.MergeStudio.Features.MiniBoard	BaseMiniBoardController	17CDA80	private Sequence GetPlacementSequence(MiniBoardItemController item, MiniBoardCellController targetCell) { }	Paxie/MergeStudio/Features/MiniBoard/BaseMiniBoardController.cs	code/Il2CppDumper/type_blocks/01158_BaseMiniBoardController.txt		signature only
1158	Paxie.MergeStudio.Features.MiniBoard	BaseMiniBoardController	17C6704	public bool IsLastLevel(MiniBoardItemController itemController) { }	Paxie/MergeStudio/Features/MiniBoard/BaseMiniBoardController.cs	code/Il2CppDumper/type_blocks/01158_BaseMiniBoardController.txt		signature only
1158	Paxie.MergeStudio.Features.MiniBoard	BaseMiniBoardController	17CF5E8	private void DestroyItem(Coordinate boardIndex, bool saveBoard, bool resetInfo) { }	Paxie/MergeStudio/Features/MiniBoard/BaseMiniBoardController.cs	code/Il2CppDumper/type_blocks/01158_BaseMiniBoardController.txt		signature only
1158	Paxie.MergeStudio.Features.MiniBoard	BaseMiniBoardController	17D12B0	private bool DestroyItemGameObject(Coordinate boardIndex, bool saveBoard, bool resetInfo) { }	Paxie/MergeStudio/Features/MiniBoard/BaseMiniBoardController.cs	code/Il2CppDumper/type_blocks/01158_BaseMiniBoardController.txt		signature only
1158	Paxie.MergeStudio.Features.MiniBoard	BaseMiniBoardController	17D14A0	private void DestroyItemEntity(Coordinate boardIndex) { }	Paxie/MergeStudio/Features/MiniBoard/BaseMiniBoardController.cs	code/Il2CppDumper/type_blocks/01158_BaseMiniBoardController.txt		signature only
1158	Paxie.MergeStudio.Features.MiniBoard	BaseMiniBoardController	17CE078	private void ClearCell(Coordinate boardIndex, bool saveBoard = True) { }	Paxie/MergeStudio/Features/MiniBoard/BaseMiniBoardController.cs	code/Il2CppDumper/type_blocks/01158_BaseMiniBoardController.txt		signature only
1158	Paxie.MergeStudio.Features.MiniBoard	BaseMiniBoardController	17D1570	private void DestroyItem(MiniBoardItemController item, bool saveBoard = True, bool resetInfo = True) { }	Paxie/MergeStudio/Features/MiniBoard/BaseMiniBoardController.cs	code/Il2CppDumper/type_blocks/01158_BaseMiniBoardController.txt		signature only
1158	Paxie.MergeStudio.Features.MiniBoard	BaseMiniBoardController	17CC134	private void StartSpawnerAnimations() { }	Paxie/MergeStudio/Features/MiniBoard/BaseMiniBoardController.cs	code/Il2CppDumper/type_blocks/01158_BaseMiniBoardController.txt		signature only
1158	Paxie.MergeStudio.Features.MiniBoard	BaseMiniBoardController	17D15E0	private void SyncSpawnersSpineParticle() { }	Paxie/MergeStudio/Features/MiniBoard/BaseMiniBoardController.cs	code/Il2CppDumper/type_blocks/01158_BaseMiniBoardController.txt		signature only
1158	Paxie.MergeStudio.Features.MiniBoard	BaseMiniBoardController	17D17F8	private List<MiniBoardItemController> GetSpawnersWithSpineOnBoard() { }	Paxie/MergeStudio/Features/MiniBoard/BaseMiniBoardController.cs	code/Il2CppDumper/type_blocks/01158_BaseMiniBoardController.txt		signature only
1158	Paxie.MergeStudio.Features.MiniBoard	BaseMiniBoardController	17D05A8	private void CheckMergedRewards() { }	Paxie/MergeStudio/Features/MiniBoard/BaseMiniBoardController.cs	code/Il2CppDumper/type_blocks/01158_BaseMiniBoardController.txt		signature only
1158	Paxie.MergeStudio.Features.MiniBoard	BaseMiniBoardController	17D1FC8	private MiniBoardItemEntity GetMergedRewardsItemEntity(MiniBoardRewardEntity rewardEntity) { }	Paxie/MergeStudio/Features/MiniBoard/BaseMiniBoardController.cs	code/Il2CppDumper/type_blocks/01158_BaseMiniBoardController.txt		signature only
1158	Paxie.MergeStudio.Features.MiniBoard	BaseMiniBoardController	17D1A24	private MiniBoardItemEntity FindSpawnSourceItem(IMiniBoardEntity miniBoardEntity, MiniBoardItemEntity originalItem) { }	Paxie/MergeStudio/Features/MiniBoard/BaseMiniBoardController.cs	code/Il2CppDumper/type_blocks/01158_BaseMiniBoardController.txt		signature only
1158	Paxie.MergeStudio.Features.MiniBoard	BaseMiniBoardController	17D2468	private void CreateParticle(ParticleSystem particlePrefab, Vector3 position, Transform parent, SortingData sortingData) { }	Paxie/MergeStudio/Features/MiniBoard/BaseMiniBoardController.cs	code/Il2CppDumper/type_blocks/01158_BaseMiniBoardController.txt		signature only
1158	Paxie.MergeStudio.Features.MiniBoard	BaseMiniBoardController	17D24D8	private UniTaskVoid CreateParticleAsync(GameObject particlePrefab, Vector3 position, Transform parent, SortingData sortingData) { }	Paxie/MergeStudio/Features/MiniBoard/BaseMiniBoardController.cs	code/Il2CppDumper/type_blocks/01158_BaseMiniBoardController.txt		signature only
1158	Paxie.MergeStudio.Features.MiniBoard	BaseMiniBoardController	17D003C	private void PlayMergeSound(bool isJelly, int level, int setID) { }	Paxie/MergeStudio/Features/MiniBoard/BaseMiniBoardController.cs	code/Il2CppDumper/type_blocks/01158_BaseMiniBoardController.txt		signature only
1158	Paxie.MergeStudio.Features.MiniBoard	BaseMiniBoardController	17D25DC	public virtual ParticleSystem GetPerishableSpawnerDestroyParticle(int setID) { }	Paxie/MergeStudio/Features/MiniBoard/BaseMiniBoardController.cs	code/Il2CppDumper/type_blocks/01158_BaseMiniBoardController.txt		signature only
1158	Paxie.MergeStudio.Features.MiniBoard	BaseMiniBoardController	17D25E4	public void OnEvent(BaseMiniBoardEvent.ChangeGameplayStatus e) { }	Paxie/MergeStudio/Features/MiniBoard/BaseMiniBoardController.cs	code/Il2CppDumper/type_blocks/01158_BaseMiniBoardController.txt		signature only
1158	Paxie.MergeStudio.Features.MiniBoard	BaseMiniBoardController	17D2864	public void OnEvent(BaseMiniBoardEvent.Move e) { }	Paxie/MergeStudio/Features/MiniBoard/BaseMiniBoardController.cs	code/Il2CppDumper/type_blocks/01158_BaseMiniBoardController.txt		signature only
1158	Paxie.MergeStudio.Features.MiniBoard	BaseMiniBoardController	17D2BFC	public void OnEvent(BaseMiniBoardEvent.Merge e) { }	Paxie/MergeStudio/Features/MiniBoard/BaseMiniBoardController.cs	code/Il2CppDumper/type_blocks/01158_BaseMiniBoardController.txt		signature only
1158	Paxie.MergeStudio.Features.MiniBoard	BaseMiniBoardController	17D2C74	public void OnEvent(BaseMiniBoardEvent.OnStateChange e) { }	Paxie/MergeStudio/Features/MiniBoard/BaseMiniBoardController.cs	code/Il2CppDumper/type_blocks/01158_BaseMiniBoardController.txt		signature only
1158	Paxie.MergeStudio.Features.MiniBoard	BaseMiniBoardController	17D2C78	public void OnEvent(BaseMiniBoardEvent.PreMergeParticleActive e) { }	Paxie/MergeStudio/Features/MiniBoard/BaseMiniBoardController.cs	code/Il2CppDumper/type_blocks/01158_BaseMiniBoardController.txt		signature only
1158	Paxie.MergeStudio.Features.MiniBoard	BaseMiniBoardController	17D2998	public void OnEvent(BaseMiniBoardEvent.RevertMove e) { }	Paxie/MergeStudio/Features/MiniBoard/BaseMiniBoardController.cs	code/Il2CppDumper/type_blocks/01158_BaseMiniBoardController.txt		signature only
1158	Paxie.MergeStudio.Features.MiniBoard	BaseMiniBoardController	17D2D1C	public void OnEvent(BaseMiniBoardEvent.Swap e) { }	Paxie/MergeStudio/Features/MiniBoard/BaseMiniBoardController.cs	code/Il2CppDumper/type_blocks/01158_BaseMiniBoardController.txt		signature only
1158	Paxie.MergeStudio.Features.MiniBoard	BaseMiniBoardController	17D2D8C	public void OnEvent(BaseMiniBoardEvent.CollectCollectable e) { }	Paxie/MergeStudio/Features/MiniBoard/BaseMiniBoardController.cs	code/Il2CppDumper/type_blocks/01158_BaseMiniBoardController.txt		signature only
1158	Paxie.MergeStudio.Features.MiniBoard	BaseMiniBoardController	17D30D4	public void OnEvent(BaseMiniBoardEvent.CollectRewardItemHolder e) { }	Paxie/MergeStudio/Features/MiniBoard/BaseMiniBoardController.cs	code/Il2CppDumper/type_blocks/01158_BaseMiniBoardController.txt		signature only
1158	Paxie.MergeStudio.Features.MiniBoard	BaseMiniBoardController	17D3300	private void OnRewardHolderClaimCompleted(MiniBoardItemController item) { }	Paxie/MergeStudio/Features/MiniBoard/BaseMiniBoardController.cs	code/Il2CppDumper/type_blocks/01158_BaseMiniBoardController.txt		signature only
1158	Paxie.MergeStudio.Features.MiniBoard	BaseMiniBoardController	17D3310	public void OnEvent(BaseMiniBoardEvent.SpawnerSpawn e) { }	Paxie/MergeStudio/Features/MiniBoard/BaseMiniBoardController.cs	code/Il2CppDumper/type_blocks/01158_BaseMiniBoardController.txt		signature only
1158	Paxie.MergeStudio.Features.MiniBoard	BaseMiniBoardController	17D3560	public void OnEvent(BaseMiniBoardEvent.PerishableSpawnerSpawn e) { }	Paxie/MergeStudio/Features/MiniBoard/BaseMiniBoardController.cs	code/Il2CppDumper/type_blocks/01158_BaseMiniBoardController.txt		signature only
1158	Paxie.MergeStudio.Features.MiniBoard	BaseMiniBoardController	17D3F00	public void OnEvent(BaseMiniBoardEvent.RemoveRewardFromRewardArea e) { }	Paxie/MergeStudio/Features/MiniBoard/BaseMiniBoardController.cs	code/Il2CppDumper/type_blocks/01158_BaseMiniBoardController.txt		signature only
1158	Paxie.MergeStudio.Features.MiniBoard	BaseMiniBoardController	17D3F30	public void OnEvent(BaseMiniBoardMoveEvent.ItemClick e) { }	Paxie/MergeStudio/Features/MiniBoard/BaseMiniBoardController.cs	code/Il2CppDumper/type_blocks/01158_BaseMiniBoardController.txt		signature only
1158	Paxie.MergeStudio.Features.MiniBoard	BaseMiniBoardController	17D40DC	public void OnEvent(BaseMiniBoardMoveEvent.NonMovableItemClick e) { }	Paxie/MergeStudio/Features/MiniBoard/BaseMiniBoardController.cs	code/Il2CppDumper/type_blocks/01158_BaseMiniBoardController.txt		signature only
1158	Paxie.MergeStudio.Features.MiniBoard	BaseMiniBoardController	17D4210	public void OnEvent(BaseMiniBoardAnimationEvent.SpawnerHintAdd e) { }	Paxie/MergeStudio/Features/MiniBoard/BaseMiniBoardController.cs	code/Il2CppDumper/type_blocks/01158_BaseMiniBoardController.txt		signature only
1158	Paxie.MergeStudio.Features.MiniBoard	BaseMiniBoardController	17D431C	public void OnEvent(BaseMiniBoardEvent.ClearBoard e) { }	Paxie/MergeStudio/Features/MiniBoard/BaseMiniBoardController.cs	code/Il2CppDumper/type_blocks/01158_BaseMiniBoardController.txt		signature only
1158	Paxie.MergeStudio.Features.MiniBoard	BaseMiniBoardController	17D4638	public void OnEvent(BaseMiniBoardEvent.DestroyFromBoard e) { }	Paxie/MergeStudio/Features/MiniBoard/BaseMiniBoardController.cs	code/Il2CppDumper/type_blocks/01158_BaseMiniBoardController.txt		signature only
1158	Paxie.MergeStudio.Features.MiniBoard	BaseMiniBoardController	17D4940	public void OnEvent(BaseMiniBoardEvent.ClearSelectedPosition e) { }	Paxie/MergeStudio/Features/MiniBoard/BaseMiniBoardController.cs	code/Il2CppDumper/type_blocks/01158_BaseMiniBoardController.txt		signature only
1158	Paxie.MergeStudio.Features.MiniBoard	BaseMiniBoardController	17D4948	public void OnEvent(BaseMiniBoardEvent.BoardItemPositionUpdate e) { }	Paxie/MergeStudio/Features/MiniBoard/BaseMiniBoardController.cs	code/Il2CppDumper/type_blocks/01158_BaseMiniBoardController.txt		signature only
1158	Paxie.MergeStudio.Features.MiniBoard	BaseMiniBoardController	17D494C	public void OnEvent(SrDebuggerEvent.MiniBoardSpawnItem e) { }	Paxie/MergeStudio/Features/MiniBoard/BaseMiniBoardController.cs	code/Il2CppDumper/type_blocks/01158_BaseMiniBoardController.txt		signature only
1158	Paxie.MergeStudio.Features.MiniBoard	BaseMiniBoardController	17D4C00	public virtual bool SRCanSpawnItem(MiniBoardItemEntity itemEntity) { }	Paxie/MergeStudio/Features/MiniBoard/BaseMiniBoardController.cs	code/Il2CppDumper/type_blocks/01158_BaseMiniBoardController.txt		signature only
1158	Paxie.MergeStudio.Features.MiniBoard	BaseMiniBoardController	17D4C08	public void OnEvent(SrDebuggerEvent.MiniBoardSpawnRewardHolderItem e) { }	Paxie/MergeStudio/Features/MiniBoard/BaseMiniBoardController.cs	code/Il2CppDumper/type_blocks/01158_BaseMiniBoardController.txt		signature only
1158	Paxie.MergeStudio.Features.MiniBoard	BaseMiniBoardController	17CD560	protected void TrySendBoardItemSpawnFirebaseEvent(BoardItemData boardItemData, bool onBoardInitialize = False) { }	Paxie/MergeStudio/Features/MiniBoard/BaseMiniBoardController.cs	code/Il2CppDumper/type_blocks/01158_BaseMiniBoardController.txt		signature only
1158	Paxie.MergeStudio.Features.MiniBoard	BaseMiniBoardController	17D4C88	protected virtual string GetScrollableFeatureParams() { }	Paxie/MergeStudio/Features/MiniBoard/BaseMiniBoardController.cs	code/Il2CppDumper/type_blocks/01158_BaseMiniBoardController.txt		signature only
1158	Paxie.MergeStudio.Features.MiniBoard	BaseMiniBoardController	17D4CD8	protected virtual bool IsSendBoardItemSpawnFirebaseEvent(BoardItemData boardItemData, bool onBoardInitialize) { }	Paxie/MergeStudio/Features/MiniBoard/BaseMiniBoardController.cs	code/Il2CppDumper/type_blocks/01158_BaseMiniBoardController.txt		signature only
1158	Paxie.MergeStudio.Features.MiniBoard	BaseMiniBoardController	17D4CE0	protected virtual string GetRewardTrigger() { }	Paxie/MergeStudio/Features/MiniBoard/BaseMiniBoardController.cs	code/Il2CppDumper/type_blocks/01158_BaseMiniBoardController.txt		signature only
1158	Paxie.MergeStudio.Features.MiniBoard	BaseMiniBoardController	17D4D28	public void .ctor() { }	Paxie/MergeStudio/Features/MiniBoard/BaseMiniBoardController.cs	code/Il2CppDumper/type_blocks/01158_BaseMiniBoardController.txt		signature only
1163	Paxie.MergeStudio.Features.MiniBoard	MiniBoardPosition	17D9C10	public void .ctor() { }	Paxie/MergeStudio/Features/MiniBoard/MiniBoardPosition.cs	code/Il2CppDumper/type_blocks/01163_MiniBoardPosition.txt		signature only
1163	Paxie.MergeStudio.Features.MiniBoard	MiniBoardPosition	17D7BB8	public void .ctor(Coordinate index) { }	Paxie/MergeStudio/Features/MiniBoard/MiniBoardPosition.cs	code/Il2CppDumper/type_blocks/01163_MiniBoardPosition.txt		signature only
1163	Paxie.MergeStudio.Features.MiniBoard	MiniBoardPosition	17D9C18	public void SetItemToNull() { }	Paxie/MergeStudio/Features/MiniBoard/MiniBoardPosition.cs	code/Il2CppDumper/type_blocks/01163_MiniBoardPosition.txt		signature only
1164	Paxie.MergeStudio.Features.MiniBoard	MiniBoardPositionData	17D9C8C	public void .ctor() { }	Paxie/MergeStudio/Features/MiniBoard/MiniBoardPositionData.cs	code/Il2CppDumper/type_blocks/01164_MiniBoardPositionData.txt		signature only
1164	Paxie.MergeStudio.Features.MiniBoard	MiniBoardPositionData	17D7BDC	public bool ContainsItem() { }	Paxie/MergeStudio/Features/MiniBoard/MiniBoardPositionData.cs	code/Il2CppDumper/type_blocks/01164_MiniBoardPositionData.txt		signature only
1164	Paxie.MergeStudio.Features.MiniBoard	MiniBoardPositionData	17D9C94	public MiniBoardPositionData Copy() { }	Paxie/MergeStudio/Features/MiniBoard/MiniBoardPositionData.cs	code/Il2CppDumper/type_blocks/01164_MiniBoardPositionData.txt		signature only
1170		MiniBoardRewardAreaController.	17DCFA8	private void MoveNext() { }	Paxie/MergeStudio/Features/MiniBoard/MiniBoardRewardAreaController.cs	code/Il2CppDumper/type_blocks/01170_MiniBoardRewardAreaController..txt		signature only
1170		MiniBoardRewardAreaController.	17DD444	private void SetStateMachine(IAsyncStateMachine stateMachine) { }	Paxie/MergeStudio/Features/MiniBoard/MiniBoardRewardAreaController.cs	code/Il2CppDumper/type_blocks/01170_MiniBoardRewardAreaController..txt		signature only
1171		MiniBoardRewardAreaController.	17DD450	private void MoveNext() { }	Paxie/MergeStudio/Features/MiniBoard/MiniBoardRewardAreaController.cs	code/Il2CppDumper/type_blocks/01171_MiniBoardRewardAreaController..txt		signature only
1171		MiniBoardRewardAreaController.	17DD938	private void SetStateMachine(IAsyncStateMachine stateMachine) { }	Paxie/MergeStudio/Features/MiniBoard/MiniBoardRewardAreaController.cs	code/Il2CppDumper/type_blocks/01171_MiniBoardRewardAreaController..txt		signature only
1172		MiniBoardRewardAreaController.	17DD944	private void MoveNext() { }	Paxie/MergeStudio/Features/MiniBoard/MiniBoardRewardAreaController.cs	code/Il2CppDumper/type_blocks/01172_MiniBoardRewardAreaController..txt		signature only
1172		MiniBoardRewardAreaController.	17DDF08	private void SetStateMachine(IAsyncStateMachine stateMachine) { }	Paxie/MergeStudio/Features/MiniBoard/MiniBoardRewardAreaController.cs	code/Il2CppDumper/type_blocks/01172_MiniBoardRewardAreaController..txt		signature only
1173	Paxie.MergeStudio.Features.MiniBoard	MiniBoardRewardAreaController	17DB1DC	public override void Awake() { }	Paxie/MergeStudio/Features/MiniBoard/MiniBoardRewardAreaController.cs	code/Il2CppDumper/type_blocks/01173_MiniBoardRewardAreaController.txt		signature only
1173	Paxie.MergeStudio.Features.MiniBoard	MiniBoardRewardAreaController	17DB220	public override void OnEnable() { }	Paxie/MergeStudio/Features/MiniBoard/MiniBoardRewardAreaController.cs	code/Il2CppDumper/type_blocks/01173_MiniBoardRewardAreaController.txt		signature only
1173	Paxie.MergeStudio.Features.MiniBoard	MiniBoardRewardAreaController	17DB338	private void OnDisable() { }	Paxie/MergeStudio/Features/MiniBoard/MiniBoardRewardAreaController.cs	code/Il2CppDumper/type_blocks/01173_MiniBoardRewardAreaController.txt		signature only
1173	Paxie.MergeStudio.Features.MiniBoard	MiniBoardRewardAreaController	17DB438	public override void OnDestroy() { }	Paxie/MergeStudio/Features/MiniBoard/MiniBoardRewardAreaController.cs	code/Il2CppDumper/type_blocks/01173_MiniBoardRewardAreaController.txt		signature only
1173	Paxie.MergeStudio.Features.MiniBoard	MiniBoardRewardAreaController	17DB47C	public void Initialize(IMiniBoardGenericPopupView miniBoardPopupView, MiniBoardHandlerBase miniBoardHandlerBase) { }	Paxie/MergeStudio/Features/MiniBoard/MiniBoardRewardAreaController.cs	code/Il2CppDumper/type_blocks/01173_MiniBoardRewardAreaController.txt		signature only
1173	Paxie.MergeStudio.Features.MiniBoard	MiniBoardRewardAreaController	17DBCD4	private void UpdateUI(bool rewardAnimationStart = False, bool safetyCheck = False) { }	Paxie/MergeStudio/Features/MiniBoard/MiniBoardRewardAreaController.cs	code/Il2CppDumper/type_blocks/01173_MiniBoardRewardAreaController.txt		signature only
1173	Paxie.MergeStudio.Features.MiniBoard	MiniBoardRewardAreaController	17DC340	private Sprite GetTopMostRewardSprite(MiniBoardRewardEntity rewardEntity, BoardItemData itemData) { }	Paxie/MergeStudio/Features/MiniBoard/MiniBoardRewardAreaController.cs	code/Il2CppDumper/type_blocks/01173_MiniBoardRewardAreaController.txt		signature only
1173	Paxie.MergeStudio.Features.MiniBoard	MiniBoardRewardAreaController	17DC820	private void SetRewardImage(bool enable) { }	Paxie/MergeStudio/Features/MiniBoard/MiniBoardRewardAreaController.cs	code/Il2CppDumper/type_blocks/01173_MiniBoardRewardAreaController.txt		signature only
1173	Paxie.MergeStudio.Features.MiniBoard	MiniBoardRewardAreaController	17DC2A8	private void ArrangeUI(bool enable, bool rewardAnimationStart = False) { }	Paxie/MergeStudio/Features/MiniBoard/MiniBoardRewardAreaController.cs	code/Il2CppDumper/type_blocks/01173_MiniBoardRewardAreaController.txt		signature only
1173	Paxie.MergeStudio.Features.MiniBoard	MiniBoardRewardAreaController	17DC12C	private void ArrangeRewardAnimation(bool enable) { }	Paxie/MergeStudio/Features/MiniBoard/MiniBoardRewardAreaController.cs	code/Il2CppDumper/type_blocks/01173_MiniBoardRewardAreaController.txt		signature only
1173	Paxie.MergeStudio.Features.MiniBoard	MiniBoardRewardAreaController	17DC8D4	private UniTask SlowCloseRewardLoop() { }	Paxie/MergeStudio/Features/MiniBoard/MiniBoardRewardAreaController.cs	code/Il2CppDumper/type_blocks/01173_MiniBoardRewardAreaController.txt		signature only
1173	Paxie.MergeStudio.Features.MiniBoard	MiniBoardRewardAreaController	17DC9A4	public void ArrangeClickable(bool isInteractable) { }	Paxie/MergeStudio/Features/MiniBoard/MiniBoardRewardAreaController.cs	code/Il2CppDumper/type_blocks/01173_MiniBoardRewardAreaController.txt		signature only
1173	Paxie.MergeStudio.Features.MiniBoard	MiniBoardRewardAreaController	17DC9D0	private void RewardUIClicked() { }	Paxie/MergeStudio/Features/MiniBoard/MiniBoardRewardAreaController.cs	code/Il2CppDumper/type_blocks/01173_MiniBoardRewardAreaController.txt		signature only
1173	Paxie.MergeStudio.Features.MiniBoard	MiniBoardRewardAreaController	17DCD68	private void RemoveTopItemFromRewardArea() { }	Paxie/MergeStudio/Features/MiniBoard/MiniBoardRewardAreaController.cs	code/Il2CppDumper/type_blocks/01173_MiniBoardRewardAreaController.txt		signature only
1173	Paxie.MergeStudio.Features.MiniBoard	MiniBoardRewardAreaController	17DCE2C	private void UpdateTopMostRewardUI() { }	Paxie/MergeStudio/Features/MiniBoard/MiniBoardRewardAreaController.cs	code/Il2CppDumper/type_blocks/01173_MiniBoardRewardAreaController.txt		signature only
1173	Paxie.MergeStudio.Features.MiniBoard	MiniBoardRewardAreaController	17DCCE8	private void ThrowWarning() { }	Paxie/MergeStudio/Features/MiniBoard/MiniBoardRewardAreaController.cs	code/Il2CppDumper/type_blocks/01173_MiniBoardRewardAreaController.txt		signature only
1173	Paxie.MergeStudio.Features.MiniBoard	MiniBoardRewardAreaController	17DBC1C	private List<MiniBoardRewardEntity> GetActiveRewards() { }	Paxie/MergeStudio/Features/MiniBoard/MiniBoardRewardAreaController.cs	code/Il2CppDumper/type_blocks/01173_MiniBoardRewardAreaController.txt		signature only
1173	Paxie.MergeStudio.Features.MiniBoard	MiniBoardRewardAreaController	17DC1F8	private MiniBoardRewardEntity GetTopMostReward() { }	Paxie/MergeStudio/Features/MiniBoard/MiniBoardRewardAreaController.cs	code/Il2CppDumper/type_blocks/01173_MiniBoardRewardAreaController.txt		signature only
1173	Paxie.MergeStudio.Features.MiniBoard	MiniBoardRewardAreaController	17DC250	private BoardItemData GetRewardItemData(MiniBoardRewardEntity rewardEntity) { }	Paxie/MergeStudio/Features/MiniBoard/MiniBoardRewardAreaController.cs	code/Il2CppDumper/type_blocks/01173_MiniBoardRewardAreaController.txt		signature only
1173	Paxie.MergeStudio.Features.MiniBoard	MiniBoardRewardAreaController	17DC8C4	private void SetZeroSize() { }	Paxie/MergeStudio/Features/MiniBoard/MiniBoardRewardAreaController.cs	code/Il2CppDumper/type_blocks/01173_MiniBoardRewardAreaController.txt		signature only
1173	Paxie.MergeStudio.Features.MiniBoard	MiniBoardRewardAreaController	17DC868	private void SetDefaultSize() { }	Paxie/MergeStudio/Features/MiniBoard/MiniBoardRewardAreaController.cs	code/Il2CppDumper/type_blocks/01173_MiniBoardRewardAreaController.txt		signature only
1173	Paxie.MergeStudio.Features.MiniBoard	MiniBoardRewardAreaController	17DC87C	private void ChangeRewardTextActivity(bool enable) { }	Paxie/MergeStudio/Features/MiniBoard/MiniBoardRewardAreaController.cs	code/Il2CppDumper/type_blocks/01173_MiniBoardRewardAreaController.txt		signature only
1173	Paxie.MergeStudio.Features.MiniBoard	MiniBoardRewardAreaController	17DC6F8	private void SetRewardCountText(int count) { }	Paxie/MergeStudio/Features/MiniBoard/MiniBoardRewardAreaController.cs	code/Il2CppDumper/type_blocks/01173_MiniBoardRewardAreaController.txt		signature only
1173	Paxie.MergeStudio.Features.MiniBoard	MiniBoardRewardAreaController	17DC7B4	private void SetRewardImageScale(MiniBoardRewardEntity rewardEntity) { }	Paxie/MergeStudio/Features/MiniBoard/MiniBoardRewardAreaController.cs	code/Il2CppDumper/type_blocks/01173_MiniBoardRewardAreaController.txt		signature only
1173	Paxie.MergeStudio.Features.MiniBoard	MiniBoardRewardAreaController	17DCEF0	public void OnEvent(BaseMiniBoardRewardEvent.RewardAreaUIUpdate e) { }	Paxie/MergeStudio/Features/MiniBoard/MiniBoardRewardAreaController.cs	code/Il2CppDumper/type_blocks/01173_MiniBoardRewardAreaController.txt		signature only
1173	Paxie.MergeStudio.Features.MiniBoard	MiniBoardRewardAreaController	17DCEFC	public void OnEvent(BaseMiniBoardEvent.ChangeGameplayStatus e) { }	Paxie/MergeStudio/Features/MiniBoard/MiniBoardRewardAreaController.cs	code/Il2CppDumper/type_blocks/01173_MiniBoardRewardAreaController.txt		signature only
1173	Paxie.MergeStudio.Features.MiniBoard	MiniBoardRewardAreaController	17DCF28	public void OnEvent(BaseMiniBoardProgressEvent.LoadNewBoard e) { }	Paxie/MergeStudio/Features/MiniBoard/MiniBoardRewardAreaController.cs	code/Il2CppDumper/type_blocks/01173_MiniBoardRewardAreaController.txt		signature only
1173	Paxie.MergeStudio.Features.MiniBoard	MiniBoardRewardAreaController	17DCF34	public void OnEvent(ItemRewardConvertEvent.UpdateRewardImages e) { }	Paxie/MergeStudio/Features/MiniBoard/MiniBoardRewardAreaController.cs	code/Il2CppDumper/type_blocks/01173_MiniBoardRewardAreaController.txt		signature only
1173	Paxie.MergeStudio.Features.MiniBoard	MiniBoardRewardAreaController	17DCF40	public void .ctor() { }	Paxie/MergeStudio/Features/MiniBoard/MiniBoardRewardAreaController.cs	code/Il2CppDumper/type_blocks/01173_MiniBoardRewardAreaController.txt		signature only
1217		EventEntity.	17E64D0	public void .ctor() { }	MergePuzzle/EventEntity.cs	code/Il2CppDumper/type_blocks/01217_EventEntity..txt		signature only
1217		EventEntity.	17E9890	internal bool <GetCurrentEventDayInfo>b__0(EventDayInfo item) { }	MergePuzzle/EventEntity.cs	code/Il2CppDumper/type_blocks/01217_EventEntity..txt		signature only
1218		EventEntity.	17E6D40	public void .ctor() { }	MergePuzzle/EventEntity.cs	code/Il2CppDumper/type_blocks/01218_EventEntity..txt		signature only
1218		EventEntity.	17E98BC	internal bool <AddEventEnterDay>b__0(EventDayInfo item) { }	MergePuzzle/EventEntity.cs	code/Il2CppDumper/type_blocks/01218_EventEntity..txt		signature only
1219	MergePuzzle	EventEntity	17E606C	public void AllLevelsFinished() { }	MergePuzzle/EventEntity.cs	code/Il2CppDumper/type_blocks/01219_EventEntity.txt		signature only
1219	MergePuzzle	EventEntity	17E61BC	public void ResetLevelGainAndSpends() { }	MergePuzzle/EventEntity.cs	code/Il2CppDumper/type_blocks/01219_EventEntity.txt		signature only
1219	MergePuzzle	EventEntity	17E61B0	public void SetEventFinished() { }	MergePuzzle/EventEntity.cs	code/Il2CppDumper/type_blocks/01219_EventEntity.txt		signature only
1219	MergePuzzle	EventEntity	17E61DC	public void SetFinishPopupShown() { }	MergePuzzle/EventEntity.cs	code/Il2CppDumper/type_blocks/01219_EventEntity.txt		signature only
1219	MergePuzzle	EventEntity	17E61FC	public EventDayInfo GetCurrentEventDayInfo() { }	MergePuzzle/EventEntity.cs	code/Il2CppDumper/type_blocks/01219_EventEntity.txt		signature only
1219	MergePuzzle	EventEntity	17E64D8	public bool HasUserSeenEventBefore() { }	MergePuzzle/EventEntity.cs	code/Il2CppDumper/type_blocks/01219_EventEntity.txt		signature only
1219	MergePuzzle	EventEntity	17E6694	public void ClearTempLevelupPopup() { }	MergePuzzle/EventEntity.cs	code/Il2CppDumper/type_blocks/01219_EventEntity.txt		signature only
1219	MergePuzzle	EventEntity	17E66C4	public int GetEventEnterCount() { }	MergePuzzle/EventEntity.cs	code/Il2CppDumper/type_blocks/01219_EventEntity.txt		signature only
1219	MergePuzzle	EventEntity	17E6870	public int GetSpecialEnergy() { }	MergePuzzle/EventEntity.cs	code/Il2CppDumper/type_blocks/01219_EventEntity.txt		signature only
1219	MergePuzzle	EventEntity	17E6A7C	public void AddEventEnterDay() { }	MergePuzzle/EventEntity.cs	code/Il2CppDumper/type_blocks/01219_EventEntity.txt		signature only
1219	MergePuzzle	EventEntity	17E6D48	public void ChangeEnergy(int amount, bool sendUpdate = True, bool saveBoard = True) { }	MergePuzzle/EventEntity.cs	code/Il2CppDumper/type_blocks/01219_EventEntity.txt		signature only
1219	MergePuzzle	EventEntity	17E7020	public int GetPurchasedPackageCount() { }	MergePuzzle/EventEntity.cs	code/Il2CppDumper/type_blocks/01219_EventEntity.txt		signature only
1219	MergePuzzle	EventEntity	17E706C	public void AddToPurchasedPackages(string packageID) { }	MergePuzzle/EventEntity.cs	code/Il2CppDumper/type_blocks/01219_EventEntity.txt		signature only
1219	MergePuzzle	EventEntity	17E7138	public void .ctor() { }	MergePuzzle/EventEntity.cs	code/Il2CppDumper/type_blocks/01219_EventEntity.txt		signature only
1219	MergePuzzle	EventEntity	17E7140	public void .ctor(EventBoardConfigItem eventConfig, int eventCount) { }	MergePuzzle/EventEntity.cs	code/Il2CppDumper/type_blocks/01219_EventEntity.txt		signature only
1219	MergePuzzle	EventEntity	17E745C	public void Initialize(BoardTaskData boardTaskData, BoardData boardData, LevelData levelData) { }	MergePuzzle/EventEntity.cs	code/Il2CppDumper/type_blocks/01219_EventEntity.txt		signature only
1219	MergePuzzle	EventEntity	17E755C	public List<RegularReward> GetUpcomingRegularRewards(LevelItem currentLevel) { }	MergePuzzle/EventEntity.cs	code/Il2CppDumper/type_blocks/01219_EventEntity.txt		signature only
1219	MergePuzzle	EventEntity	17E77E8	public long GetNextEnergyUpdatesAt() { }	MergePuzzle/EventEntity.cs	code/Il2CppDumper/type_blocks/01219_EventEntity.txt		signature only
1219	MergePuzzle	EventEntity	17E79B8	public bool IsAnyTaskDone() { }	MergePuzzle/EventEntity.cs	code/Il2CppDumper/type_blocks/01219_EventEntity.txt		signature only
1219	MergePuzzle	EventEntity	17E79C8	public virtual bool ProcessTaskComplete(BoardData boardData, BoardTaskItem completedTask, LevelData levelData) { }	MergePuzzle/EventEntity.cs	code/Il2CppDumper/type_blocks/01219_EventEntity.txt		signature only
1219	MergePuzzle	EventEntity	17E7DA4	"public void ChangeActiveRewards(BoardData boardData, int setID, int level, int amount, string trigger = """") { }"	MergePuzzle/EventEntity.cs	code/Il2CppDumper/type_blocks/01219_EventEntity.txt		signature only
1219	MergePuzzle	EventEntity	17E7C10	public void ProcessEventProgressUpdate(BoardData boardData, BoardTaskItem completedTask, LevelItem currentLevel) { }	MergePuzzle/EventEntity.cs	code/Il2CppDumper/type_blocks/01219_EventEntity.txt		signature only
1219	MergePuzzle	EventEntity	17E8AD0	protected virtual void ProcessLevelUpdate(BoardData boardData, BoardTaskItem completedTask, int extraXp, LevelItem currentLevel, LevelItem newLevelData) { }	MergePuzzle/EventEntity.cs	code/Il2CppDumper/type_blocks/01219_EventEntity.txt		signature only
1219	MergePuzzle	EventEntity	17E8590	protected List<RegularReward> FindGainedRegularRewards(BoardData boardData, BoardTaskItem completedTask, List<RegularReward> regularRewards) { }	MergePuzzle/EventEntity.cs	code/Il2CppDumper/type_blocks/01219_EventEntity.txt		signature only
1219	MergePuzzle	EventEntity	17E8CC8	public int GetActiveBoardItemCount(int level, int setID) { }	MergePuzzle/EventEntity.cs	code/Il2CppDumper/type_blocks/01219_EventEntity.txt		signature only
1219	MergePuzzle	EventEntity	17E8EB8	public List<BoardPositionEntity> GetActiveBoardPositions(ItemInfo itemInfo) { }	MergePuzzle/EventEntity.cs	code/Il2CppDumper/type_blocks/01219_EventEntity.txt		signature only
1219	MergePuzzle	EventEntity	17E91B8	public bool IsEmptyCell(BoardPositionEntity pos) { }	MergePuzzle/EventEntity.cs	code/Il2CppDumper/type_blocks/01219_EventEntity.txt		signature only
1219	MergePuzzle	EventEntity	17E9218	public bool IsItemNull(ItemEntity item) { }	MergePuzzle/EventEntity.cs	code/Il2CppDumper/type_blocks/01219_EventEntity.txt		signature only
1219	MergePuzzle	EventEntity	17E9240	public bool IsBoardFull() { }	MergePuzzle/EventEntity.cs	code/Il2CppDumper/type_blocks/01219_EventEntity.txt		signature only
1219	MergePuzzle	EventEntity	17E93E0	public List<BoardPositionEntity> GetMatchedPositionEntities(List<BoardTaskGoal> goals) { }	MergePuzzle/EventEntity.cs	code/Il2CppDumper/type_blocks/01219_EventEntity.txt		signature only
1219	MergePuzzle	EventEntity	17E9874	public bool IsOpenedBefore() { }	MergePuzzle/EventEntity.cs	code/Il2CppDumper/type_blocks/01219_EventEntity.txt		signature only
1219	MergePuzzle	EventEntity	17E61F0	public void SaveBoard() { }	MergePuzzle/EventEntity.cs	code/Il2CppDumper/type_blocks/01219_EventEntity.txt		signature only
1220	MergePuzzle	BoardEventBoardData	17E98E8	public void .ctor() { }	MergePuzzle/BoardEventBoardData.cs	code/Il2CppDumper/type_blocks/01220_BoardEventBoardData.txt		signature only
1292	MergePuzzle	BoardItemCollectionData	18181E0	public void Reset() { }	MergePuzzle/BoardItemCollectionData.cs	code/Il2CppDumper/type_blocks/01292_BoardItemCollectionData.txt		signature only
1292	MergePuzzle	BoardItemCollectionData	18181F0	public List<int> get_ItemSetList() { }	MergePuzzle/BoardItemCollectionData.cs	code/Il2CppDumper/type_blocks/01292_BoardItemCollectionData.txt		signature only
1292	MergePuzzle	BoardItemCollectionData	1818A68	public void .ctor() { }	MergePuzzle/BoardItemCollectionData.cs	code/Il2CppDumper/type_blocks/01292_BoardItemCollectionData.txt		signature only
1497	MergePuzzle	IBoardItemCurrencyHandler	186A28C	public virtual Sprite GetLevelCurrencyImage() { }	MergePuzzle/IBoardItemCurrencyHandler.cs	code/Il2CppDumper/type_blocks/01497_IBoardItemCurrencyHandler.txt		signature only
1497	MergePuzzle	IBoardItemCurrencyHandler	186A348	public virtual BoardItemData GetLevel1ItemData() { }	MergePuzzle/IBoardItemCurrencyHandler.cs	code/Il2CppDumper/type_blocks/01497_IBoardItemCurrencyHandler.txt		signature only
1498	MergePuzzle	IBoardItemHandler	186A43C	public virtual bool HasBoardItem() { }	MergePuzzle/IBoardItemHandler.cs	code/Il2CppDumper/type_blocks/01498_IBoardItemHandler.txt		signature only
1568	MergePuzzle	FeatureHandlerBase	18745C4	public int get_ID() { }	MergePuzzle/FeatureHandlerBase.cs	code/Il2CppDumper/type_blocks/01568_FeatureHandlerBase.txt		signature only
1568	MergePuzzle	FeatureHandlerBase	18745CC	public void set_ID(int value) { }	MergePuzzle/FeatureHandlerBase.cs	code/Il2CppDumper/type_blocks/01568_FeatureHandlerBase.txt		signature only
1568	MergePuzzle	FeatureHandlerBase	18745D4	public bool get_IsInitialized() { }	MergePuzzle/FeatureHandlerBase.cs	code/Il2CppDumper/type_blocks/01568_FeatureHandlerBase.txt		signature only
1568	MergePuzzle	FeatureHandlerBase	18745DC	public void set_IsInitialized(bool value) { }	MergePuzzle/FeatureHandlerBase.cs	code/Il2CppDumper/type_blocks/01568_FeatureHandlerBase.txt		signature only
1568	MergePuzzle	FeatureHandlerBase	18745E4	public bool get_SetReadyForInitialize() { }	MergePuzzle/FeatureHandlerBase.cs	code/Il2CppDumper/type_blocks/01568_FeatureHandlerBase.txt		signature only
1568	MergePuzzle	FeatureHandlerBase	18745EC	public void set_SetReadyForInitialize(bool value) { }	MergePuzzle/FeatureHandlerBase.cs	code/Il2CppDumper/type_blocks/01568_FeatureHandlerBase.txt		signature only
1568	MergePuzzle	FeatureHandlerBase	18745F4	public bool get_IsProcessing() { }	MergePuzzle/FeatureHandlerBase.cs	code/Il2CppDumper/type_blocks/01568_FeatureHandlerBase.txt		signature only
1568	MergePuzzle	FeatureHandlerBase	18745FC	protected void set_IsProcessing(bool value) { }	MergePuzzle/FeatureHandlerBase.cs	code/Il2CppDumper/type_blocks/01568_FeatureHandlerBase.txt		signature only
1568	MergePuzzle	FeatureHandlerBase	1874604	public virtual void Process() { }	MergePuzzle/FeatureHandlerBase.cs	code/Il2CppDumper/type_blocks/01568_FeatureHandlerBase.txt		signature only
1568	MergePuzzle	FeatureHandlerBase	1874608	public virtual void RemoveCompletely() { }	MergePuzzle/FeatureHandlerBase.cs	code/Il2CppDumper/type_blocks/01568_FeatureHandlerBase.txt		signature only
1568	MergePuzzle	FeatureHandlerBase	18746A4	public virtual void Disable() { }	MergePuzzle/FeatureHandlerBase.cs	code/Il2CppDumper/type_blocks/01568_FeatureHandlerBase.txt		signature only
1568	MergePuzzle	FeatureHandlerBase	18746A8	public virtual void ProcessLevelUp() { }	MergePuzzle/FeatureHandlerBase.cs	code/Il2CppDumper/type_blocks/01568_FeatureHandlerBase.txt		signature only
1568	MergePuzzle	FeatureHandlerBase	18746AC	protected void ActivateProcessing() { }	MergePuzzle/FeatureHandlerBase.cs	code/Il2CppDumper/type_blocks/01568_FeatureHandlerBase.txt		signature only
1568	MergePuzzle	FeatureHandlerBase	1874758	public virtual void OnInitializeBoard() { }	MergePuzzle/FeatureHandlerBase.cs	code/Il2CppDumper/type_blocks/01568_FeatureHandlerBase.txt		signature only
1568	MergePuzzle	FeatureHandlerBase	187475C	protected void TryRequestAddressable() { }	MergePuzzle/FeatureHandlerBase.cs	code/Il2CppDumper/type_blocks/01568_FeatureHandlerBase.txt		signature only
1568	MergePuzzle	FeatureHandlerBase	187484C	public virtual string GetAddressableLabel() { }	MergePuzzle/FeatureHandlerBase.cs	code/Il2CppDumper/type_blocks/01568_FeatureHandlerBase.txt		signature only
1568	MergePuzzle	FeatureHandlerBase	1874894	public void BindToParent(MasterFeatureHandler masterFeatureHandler) { }	MergePuzzle/FeatureHandlerBase.cs	code/Il2CppDumper/type_blocks/01568_FeatureHandlerBase.txt		signature only
1568	MergePuzzle	FeatureHandlerBase	187489C	public virtual void OnTutorialFinished() { }	MergePuzzle/FeatureHandlerBase.cs	code/Il2CppDumper/type_blocks/01568_FeatureHandlerBase.txt		signature only
1568	MergePuzzle	FeatureHandlerBase	18748A0	protected void SaveBoard() { }	MergePuzzle/FeatureHandlerBase.cs	code/Il2CppDumper/type_blocks/01568_FeatureHandlerBase.txt		signature only
1568	MergePuzzle	FeatureHandlerBase	18748AC	protected MasterFeatureHandler GetMasterFeatureHandler() { }	MergePuzzle/FeatureHandlerBase.cs	code/Il2CppDumper/type_blocks/01568_FeatureHandlerBase.txt		signature only
1568	MergePuzzle	FeatureHandlerBase	18748B4	protected void InputEnable() { }	MergePuzzle/FeatureHandlerBase.cs	code/Il2CppDumper/type_blocks/01568_FeatureHandlerBase.txt		signature only
1568	MergePuzzle	FeatureHandlerBase	18749A0	protected void InputDisable() { }	MergePuzzle/FeatureHandlerBase.cs	code/Il2CppDumper/type_blocks/01568_FeatureHandlerBase.txt		signature only
1568	MergePuzzle	FeatureHandlerBase	1874A8C	protected void .ctor() { }	MergePuzzle/FeatureHandlerBase.cs	code/Il2CppDumper/type_blocks/01568_FeatureHandlerBase.txt		signature only
1590	MergePuzzle	CellEntity	187FE88	public void .ctor() { }	MergePuzzle/CellEntity.cs	code/Il2CppDumper/type_blocks/01590_CellEntity.txt	ghidra_data_pseudocode.c	native pseudocode (unverified)
1590	MergePuzzle	CellEntity	187FE90	public void .ctor(Coordinate boardIndex) { }	MergePuzzle/CellEntity.cs	code/Il2CppDumper/type_blocks/01590_CellEntity.txt	ghidra_data_pseudocode.c	native pseudocode (unverified)
1590	MergePuzzle	CellEntity	187FECC	public void .ctor(int unlockLevel, Coordinate boardIndex, int lockedItemLevel, int lockedItemSetID, bool isItemLocked, bool isItemBoxed) { }	MergePuzzle/CellEntity.cs	code/Il2CppDumper/type_blocks/01590_CellEntity.txt	ghidra_data_pseudocode.c	native pseudocode (unverified)
1590	MergePuzzle	CellEntity	187FF20	public override string ToString() { }	MergePuzzle/CellEntity.cs	code/Il2CppDumper/type_blocks/01590_CellEntity.txt	ghidra_data_pseudocode.c	native pseudocode (unverified)
1591	MergePuzzle	BoardCellData	1880224	public void .ctor() { }	MergePuzzle/BoardCellData.cs	code/Il2CppDumper/type_blocks/01591_BoardCellData.txt		signature only
1592	MergePuzzle	CellController	188022C	public CellEntity get_CellEntity() { }	MergePuzzle/CellController.cs	code/Il2CppDumper/type_blocks/01592_CellController.txt		signature only
1592	MergePuzzle	CellController	1880234	public void set_CellEntity(CellEntity value) { }	MergePuzzle/CellController.cs	code/Il2CppDumper/type_blocks/01592_CellController.txt		signature only
1592	MergePuzzle	CellController	188023C	public SortingData get_SortingData() { }	MergePuzzle/CellController.cs	code/Il2CppDumper/type_blocks/01592_CellController.txt		signature only
1592	MergePuzzle	CellController	1880244	private void set_SortingData(SortingData value) { }	MergePuzzle/CellController.cs	code/Il2CppDumper/type_blocks/01592_CellController.txt		signature only
1592	MergePuzzle	CellController	188024C	public bool get_IsEvenCell() { }	MergePuzzle/CellController.cs	code/Il2CppDumper/type_blocks/01592_CellController.txt		signature only
1592	MergePuzzle	CellController	1880254	private void set_IsEvenCell(bool value) { }	MergePuzzle/CellController.cs	code/Il2CppDumper/type_blocks/01592_CellController.txt		signature only
1592	MergePuzzle	CellController	188025C	public void SetTutorialSortingData(SortingData sortingData) { }	MergePuzzle/CellController.cs	code/Il2CppDumper/type_blocks/01592_CellController.txt	ghidra_data_pseudocode.c	native pseudocode (unverified)
1592	MergePuzzle	CellController	18802D4	public SortingData GetTutorialSortingData() { }	MergePuzzle/CellController.cs	code/Il2CppDumper/type_blocks/01592_CellController.txt	ghidra_data_pseudocode.c	native pseudocode (unverified)
1592	MergePuzzle	CellController	18802AC	private void SetSortingData(SortingData sortingData) { }	MergePuzzle/CellController.cs	code/Il2CppDumper/type_blocks/01592_CellController.txt	ghidra_data_pseudocode.c	native pseudocode (unverified)
1592	MergePuzzle	CellController	1880370	private void ArrangeSorting(bool moveToFront) { }	MergePuzzle/CellController.cs	code/Il2CppDumper/type_blocks/01592_CellController.txt	ghidra_data_pseudocode.c	native pseudocode (unverified)
1592	MergePuzzle	CellController	1880458	public void Initialize(BoardController board, CellEntity cellEntity) { }	MergePuzzle/CellController.cs	code/Il2CppDumper/type_blocks/01592_CellController.txt	ghidra_data_pseudocode.c	native pseudocode (unverified)
1592	MergePuzzle	CellController	1880750	public void ArrangeBackground(bool customTutorialEnabled) { }	MergePuzzle/CellController.cs	code/Il2CppDumper/type_blocks/01592_CellController.txt	ghidra_data_pseudocode.c	native pseudocode (unverified)
1592	MergePuzzle	CellController	1880980	public void Deselect() { }	MergePuzzle/CellController.cs	code/Il2CppDumper/type_blocks/01592_CellController.txt	ghidra_data_pseudocode.c	native pseudocode (unverified)
1592	MergePuzzle	CellController	18809A0	public void Select() { }	MergePuzzle/CellController.cs	code/Il2CppDumper/type_blocks/01592_CellController.txt	ghidra_data_pseudocode.c	native pseudocode (unverified)
1592	MergePuzzle	CellController	1880A90	public void SelectWithAnimation() { }	MergePuzzle/CellController.cs	code/Il2CppDumper/type_blocks/01592_CellController.txt	ghidra_data_pseudocode.c	native pseudocode (unverified)
1592	MergePuzzle	CellController	18808D8	public void ArrangeSelectedImage(bool isActive) { }	MergePuzzle/CellController.cs	code/Il2CppDumper/type_blocks/01592_CellController.txt	ghidra_data_pseudocode.c	native pseudocode (unverified)
1592	MergePuzzle	CellController	1880FD0	public void DisableTrigger(bool disabled) { }	MergePuzzle/CellController.cs	code/Il2CppDumper/type_blocks/01592_CellController.txt	ghidra_data_pseudocode.c	native pseudocode (unverified)
1592	MergePuzzle	CellController	188106C	public void SetDoneableBackground(bool enable) { }	MergePuzzle/CellController.cs	code/Il2CppDumper/type_blocks/01592_CellController.txt	ghidra_data_pseudocode.c	native pseudocode (unverified)
1592	MergePuzzle	CellController	188130C	public void DisableDoneableBackground() { }	MergePuzzle/CellController.cs	code/Il2CppDumper/type_blocks/01592_CellController.txt	ghidra_data_pseudocode.c	native pseudocode (unverified)
1592	MergePuzzle	CellController	1881314	public void EnableDoneableBackground() { }	MergePuzzle/CellController.cs	code/Il2CppDumper/type_blocks/01592_CellController.txt	ghidra_data_pseudocode.c	native pseudocode (unverified)
1592	MergePuzzle	CellController	1881228	public Tween DODoneableBackground(bool fadeIn) { }	MergePuzzle/CellController.cs	code/Il2CppDumper/type_blocks/01592_CellController.txt	ghidra_data_pseudocode.c	native pseudocode (unverified)
1592	MergePuzzle	CellController	188131C	public Vector3 GetCornerPosition(Transform referenceTransform) { }	MergePuzzle/CellController.cs	code/Il2CppDumper/type_blocks/01592_CellController.txt	ghidra_data_pseudocode.c	native pseudocode (unverified)
1592	MergePuzzle	CellController	1881350	public Vector3 GetCornerPosition(Transform referenceTransform, float coef) { }	MergePuzzle/CellController.cs	code/Il2CppDumper/type_blocks/01592_CellController.txt	ghidra_data_pseudocode.c	native pseudocode (unverified)
1592	MergePuzzle	CellController	18814D0	public void ArrangeSortingJelly() { }	MergePuzzle/CellController.cs	code/Il2CppDumper/type_blocks/01592_CellController.txt	ghidra_data_pseudocode.c	native pseudocode (unverified)
1592	MergePuzzle	CellController	18814E0	public void RestoreSorting() { }	MergePuzzle/CellController.cs	code/Il2CppDumper/type_blocks/01592_CellController.txt	ghidra_data_pseudocode.c	native pseudocode (unverified)
1592	MergePuzzle	CellController	18814F0	public void StartMergeHintSorting(int offset) { }	MergePuzzle/CellController.cs	code/Il2CppDumper/type_blocks/01592_CellController.txt	ghidra_data_pseudocode.c	native pseudocode (unverified)
1592	MergePuzzle	CellController	1880F4C	private bool IsTutorialActive() { }	MergePuzzle/CellController.cs	code/Il2CppDumper/type_blocks/01592_CellController.txt	ghidra_data_pseudocode.c	native pseudocode (unverified)
1592	MergePuzzle	CellController	18803B4	private bool IsStepOneTransition() { }	MergePuzzle/CellController.cs	code/Il2CppDumper/type_blocks/01592_CellController.txt	ghidra_data_pseudocode.c	native pseudocode (unverified)
1592	MergePuzzle	CellController	1881528	private void OnDestroy() { }	MergePuzzle/CellController.cs	code/Il2CppDumper/type_blocks/01592_CellController.txt	ghidra_data_pseudocode.c	native pseudocode (unverified)
1592	MergePuzzle	CellController	1881568	public void .ctor() { }	MergePuzzle/CellController.cs	code/Il2CppDumper/type_blocks/01592_CellController.txt	ghidra_data_pseudocode.c	native pseudocode (unverified)
1592	MergePuzzle	CellController	1881570	private static void .cctor() { }	MergePuzzle/CellController.cs	code/Il2CppDumper/type_blocks/01592_CellController.txt	ghidra_data_pseudocode.c	native pseudocode (unverified)
1592	MergePuzzle	CellController	18815E4	private void <SetDoneableBackground>b__38_0() { }	MergePuzzle/CellController.cs	code/Il2CppDumper/type_blocks/01592_CellController.txt	ghidra_data_pseudocode.c	native pseudocode (unverified)
1592	MergePuzzle	CellController	1881628	private void <SetDoneableBackground>b__38_1() { }	MergePuzzle/CellController.cs	code/Il2CppDumper/type_blocks/01592_CellController.txt	ghidra_data_pseudocode.c	native pseudocode (unverified)
1597	MergePuzzle	ItemEntity	1882C48	public int get_GetLevel() { }	MergePuzzle/ItemEntity.cs	code/Il2CppDumper/type_blocks/01597_ItemEntity.txt		signature only
1597	MergePuzzle	ItemEntity	1882C50	public int get_GetSetID() { }	MergePuzzle/ItemEntity.cs	code/Il2CppDumper/type_blocks/01597_ItemEntity.txt		signature only
1597	MergePuzzle	ItemEntity	1882C58	public bool get_GetIsBubbled() { }	MergePuzzle/ItemEntity.cs	code/Il2CppDumper/type_blocks/01597_ItemEntity.txt		signature only
1597	MergePuzzle	ItemEntity	1882C60	public float get_GetCurrentCapacity() { }	MergePuzzle/ItemEntity.cs	code/Il2CppDumper/type_blocks/01597_ItemEntity.txt		signature only
1597	MergePuzzle	ItemEntity	1882C68	public long get_GetChargingFinishAtTick() { }	MergePuzzle/ItemEntity.cs	code/Il2CppDumper/type_blocks/01597_ItemEntity.txt		signature only
1597	MergePuzzle	ItemEntity	1882C70	public ChestState get_GetChestState() { }	MergePuzzle/ItemEntity.cs	code/Il2CppDumper/type_blocks/01597_ItemEntity.txt		signature only
1597	MergePuzzle	ItemEntity	1882C78	public bool IsSameLevelAndSet(IItemEntity item) { }	MergePuzzle/ItemEntity.cs	code/Il2CppDumper/type_blocks/01597_ItemEntity.txt	ghidra_data_pseudocode.c	native pseudocode (unverified)
1597	MergePuzzle	ItemEntity	1882DC0	public void SetCurrentCapacity(float capacity) { }	MergePuzzle/ItemEntity.cs	code/Il2CppDumper/type_blocks/01597_ItemEntity.txt	ghidra_data_pseudocode.c	native pseudocode (unverified)
1597	MergePuzzle	ItemEntity	1882DC8	public void SetChargingFinishAtTick(long chargingFinishAtTick) { }	MergePuzzle/ItemEntity.cs	code/Il2CppDumper/type_blocks/01597_ItemEntity.txt	ghidra_data_pseudocode.c	native pseudocode (unverified)
1597	MergePuzzle	ItemEntity	1882DD8	public void SetSkippedState(SpawnerState state) { }	MergePuzzle/ItemEntity.cs	code/Il2CppDumper/type_blocks/01597_ItemEntity.txt	ghidra_data_pseudocode.c	native pseudocode (unverified)
1597	MergePuzzle	ItemEntity	1882DE0	public void CalculateNextChargingTime(BoardItemSpawnerData data) { }	MergePuzzle/ItemEntity.cs	code/Il2CppDumper/type_blocks/01597_ItemEntity.txt	ghidra_data_pseudocode.c	native pseudocode (unverified)
1597	MergePuzzle	ItemEntity	188312C	public void SetChestState(IItemController item, ChestState chestState, BoardItemChestSpawner chestSpawner, bool animateClockDisappear = False, bool init = False) { }	MergePuzzle/ItemEntity.cs	code/Il2CppDumper/type_blocks/01597_ItemEntity.txt	ghidra_data_pseudocode.c	native pseudocode (unverified)
1597	MergePuzzle	ItemEntity	18835D4	public void .ctor(int level, int setID, bool isJelly, Coordinate boardIndex, RewardHistoryRecord rewardHistoryRecord) { }	MergePuzzle/ItemEntity.cs	code/Il2CppDumper/type_blocks/01597_ItemEntity.txt	ghidra_data_pseudocode.c	native pseudocode (unverified)
1597	MergePuzzle	ItemEntity	188366C	public void .ctor(ItemInfo itemInfo, bool isJelly, Coordinate boardIndex, RewardHistoryRecord rewardHistoryRecord) { }	MergePuzzle/ItemEntity.cs	code/Il2CppDumper/type_blocks/01597_ItemEntity.txt	ghidra_data_pseudocode.c	native pseudocode (unverified)
1597	MergePuzzle	ItemEntity	1883700	public void .ctor(int level, int setID, bool isJelly, Coordinate boardIndex, RewardHistoryEntity rewardHistoryEntity) { }	MergePuzzle/ItemEntity.cs	code/Il2CppDumper/type_blocks/01597_ItemEntity.txt	ghidra_data_pseudocode.c	native pseudocode (unverified)
1597	MergePuzzle	ItemEntity	1883780	public void .ctor(ItemInfo itemInfo, bool isJelly, Coordinate boardIndex, bool isBoxed, int unboxLevel, RewardHistoryRecord record) { }	MergePuzzle/ItemEntity.cs	code/Il2CppDumper/type_blocks/01597_ItemEntity.txt	ghidra_data_pseudocode.c	native pseudocode (unverified)
1597	MergePuzzle	ItemEntity	1883828	public void .ctor(ItemInfo itemInfo, bool isJelly, Coordinate boardIndex, bool isBoxed, int unboxLevel, RewardHistoryEntity rewardHistoryEntity) { }	MergePuzzle/ItemEntity.cs	code/Il2CppDumper/type_blocks/01597_ItemEntity.txt	ghidra_data_pseudocode.c	native pseudocode (unverified)
1597	MergePuzzle	ItemEntity	18838B4	public void .ctor(int level, int setID, bool isJelly, Coordinate boardIndex, int currentTaskIndex, RewardHistoryEntity rewardHistoryEntity) { }	MergePuzzle/ItemEntity.cs	code/Il2CppDumper/type_blocks/01597_ItemEntity.txt	ghidra_data_pseudocode.c	native pseudocode (unverified)
1597	MergePuzzle	ItemEntity	1883934	public void .ctor(ItemInfo itemInfo, bool isJelly, Coordinate boardIndex, int currentTaskIndex, RewardHistoryRecord record) { }	MergePuzzle/ItemEntity.cs	code/Il2CppDumper/type_blocks/01597_ItemEntity.txt	ghidra_data_pseudocode.c	native pseudocode (unverified)
1597	MergePuzzle	ItemEntity	18839D0	public void .ctor(int level, int setID, bool isJelly, bool isBubbled, Coordinate boardIndex, RewardHistoryRecord rewardHistoryRecord) { }	MergePuzzle/ItemEntity.cs	code/Il2CppDumper/type_blocks/01597_ItemEntity.txt	ghidra_data_pseudocode.c	native pseudocode (unverified)
1597	MergePuzzle	ItemEntity	1883A74	public void .ctor(int level, int setID, bool isJelly, RewardHistoryEntity rewardHistoryEntity) { }	MergePuzzle/ItemEntity.cs	code/Il2CppDumper/type_blocks/01597_ItemEntity.txt	ghidra_data_pseudocode.c	native pseudocode (unverified)
1597	MergePuzzle	ItemEntity	1883AD8	public void .ctor(RewardEntity rewardEntity) { }	MergePuzzle/ItemEntity.cs	code/Il2CppDumper/type_blocks/01597_ItemEntity.txt	ghidra_data_pseudocode.c	native pseudocode (unverified)
1597	MergePuzzle	ItemEntity	1883B10	public void .ctor() { }	MergePuzzle/ItemEntity.cs	code/Il2CppDumper/type_blocks/01597_ItemEntity.txt	ghidra_data_pseudocode.c	native pseudocode (unverified)
1597	MergePuzzle	ItemEntity	1883B18	public void RemoveBubble() { }	MergePuzzle/ItemEntity.cs	code/Il2CppDumper/type_blocks/01597_ItemEntity.txt	ghidra_data_pseudocode.c	native pseudocode (unverified)
1597	MergePuzzle	ItemEntity	1883B24	public bool IsInactiveItem() { }	MergePuzzle/ItemEntity.cs	code/Il2CppDumper/type_blocks/01597_ItemEntity.txt	ghidra_data_pseudocode.c	native pseudocode (unverified)
1597	MergePuzzle	ItemEntity	1883B54	public bool IsInActiveAndNonMergeableItem() { }	MergePuzzle/ItemEntity.cs	code/Il2CppDumper/type_blocks/01597_ItemEntity.txt	ghidra_data_pseudocode.c	native pseudocode (unverified)
1597	MergePuzzle	ItemEntity	1883B78	public bool IsJellyOrBoxedItem() { }	MergePuzzle/ItemEntity.cs	code/Il2CppDumper/type_blocks/01597_ItemEntity.txt	ghidra_data_pseudocode.c	native pseudocode (unverified)
1597	MergePuzzle	ItemEntity	1883B9C	public bool IsOnlyJelly() { }	MergePuzzle/ItemEntity.cs	code/Il2CppDumper/type_blocks/01597_ItemEntity.txt	ghidra_data_pseudocode.c	native pseudocode (unverified)
1597	MergePuzzle	ItemEntity	1883BB8	public bool IsMovable() { }	MergePuzzle/ItemEntity.cs	code/Il2CppDumper/type_blocks/01597_ItemEntity.txt	ghidra_data_pseudocode.c	native pseudocode (unverified)
1597	MergePuzzle	ItemEntity	1883BD8	public bool IsSpecialTaskItem(BoardData boardData) { }	MergePuzzle/ItemEntity.cs	code/Il2CppDumper/type_blocks/01597_ItemEntity.txt	ghidra_data_pseudocode.c	native pseudocode (unverified)
1597	MergePuzzle	ItemEntity	1883C04	public void ActivateTutorialState() { }	MergePuzzle/ItemEntity.cs	code/Il2CppDumper/type_blocks/01597_ItemEntity.txt	ghidra_data_pseudocode.c	native pseudocode (unverified)
1597	MergePuzzle	ItemEntity	1883C94	public bool IsInTutorialState() { }	MergePuzzle/ItemEntity.cs	code/Il2CppDumper/type_blocks/01597_ItemEntity.txt	ghidra_data_pseudocode.c	native pseudocode (unverified)
1597	MergePuzzle	ItemEntity	1883CC4	public void SetSpawnerState(IItemController item, BoardItemSpawnerData data, SpawnerState spawnerState, string label, bool animateClockDisappear = False) { }	MergePuzzle/ItemEntity.cs	code/Il2CppDumper/type_blocks/01597_ItemEntity.txt	ghidra_data_pseudocode.c	native pseudocode (unverified)
1597	MergePuzzle	ItemEntity	1884070	public bool IsInvalid() { }	MergePuzzle/ItemEntity.cs	code/Il2CppDumper/type_blocks/01597_ItemEntity.txt	ghidra_data_pseudocode.c	native pseudocode (unverified)
1597	MergePuzzle	ItemEntity	1884098	public void SetBubbleData(bool isBubbled, long bubbleDeactivationTime, string spawnTrigger) { }	MergePuzzle/ItemEntity.cs	code/Il2CppDumper/type_blocks/01597_ItemEntity.txt	ghidra_data_pseudocode.c	native pseudocode (unverified)
1597	MergePuzzle	ItemEntity	18840C0	public bool IsSameLevelAndSet(ItemEntity item) { }	MergePuzzle/ItemEntity.cs	code/Il2CppDumper/type_blocks/01597_ItemEntity.txt	ghidra_data_pseudocode.c	native pseudocode (unverified)
1597	MergePuzzle	ItemEntity	1884104	public bool IsSameLevelAndSet(BoardTaskGoal goal, bool useCurrentID = False) { }	MergePuzzle/ItemEntity.cs	code/Il2CppDumper/type_blocks/01597_ItemEntity.txt	ghidra_data_pseudocode.c	native pseudocode (unverified)
1597	MergePuzzle	ItemEntity	1884238	public void CreateEmptyHistoryEntityIfNull() { }	MergePuzzle/ItemEntity.cs	code/Il2CppDumper/type_blocks/01597_ItemEntity.txt	ghidra_data_pseudocode.c	native pseudocode (unverified)
1598	MergePuzzle	ItemEntityFactory	1884314	public static ItemEntity GetFromRewardsArea(int level, int setID, RewardHistoryEntity rewardHistoryEntity) { }	MergePuzzle/ItemEntityFactory.cs	code/Il2CppDumper/type_blocks/01598_ItemEntityFactory.txt		signature only
1598	MergePuzzle	ItemEntityFactory	1884390	public static ItemEntity GetFromMerge(ItemEntity mergeItem1, ItemEntity mergeItem2, ItemInfo targetItemInfo, Coordinate targetCoordinate) { }	MergePuzzle/ItemEntityFactory.cs	code/Il2CppDumper/type_blocks/01598_ItemEntityFactory.txt		signature only
1598	MergePuzzle	ItemEntityFactory	1884450	public static ItemEntity GetFromMergeProgressiveTask(ItemEntity mergeItem1, ItemEntity mergeItem2, ItemInfo targetItemInfo, int taskIndex, Coordinate targetCoordinate) { }	MergePuzzle/ItemEntityFactory.cs	code/Il2CppDumper/type_blocks/01598_ItemEntityFactory.txt		signature only
1598	MergePuzzle	ItemEntityFactory	1884514	public static ItemEntity GetBubbleItemEntity(ItemInfo itemInfo, Coordinate coordinate, string spawnTrigger) { }	MergePuzzle/ItemEntityFactory.cs	code/Il2CppDumper/type_blocks/01598_ItemEntityFactory.txt		signature only
1598	MergePuzzle	ItemEntityFactory	1884688	public static ItemEntity GetBubbleItemEntityExtra(int setID, int level, Coordinate boardIndex, string trigger) { }	MergePuzzle/ItemEntityFactory.cs	code/Il2CppDumper/type_blocks/01598_ItemEntityFactory.txt		signature only
1598	MergePuzzle	ItemEntityFactory	1884758	public static ItemEntity GetPerishableItem(int setID, int level, bool isLocked, Coordinate boardIndex, BoardItemPerishableSpawner boardItemPerishableSpawner) { }	MergePuzzle/ItemEntityFactory.cs	code/Il2CppDumper/type_blocks/01598_ItemEntityFactory.txt		signature only
1598	MergePuzzle	ItemEntityFactory	18848E8	public static ItemEntity GetBubbleItemFinished(int setID, int level, Coordinate boardIndex, RewardHistoryRecord record) { }	MergePuzzle/ItemEntityFactory.cs	code/Il2CppDumper/type_blocks/01598_ItemEntityFactory.txt		signature only
1598	MergePuzzle	ItemEntityFactory	1884988	public static ItemEntity GetWandBoosterFrom(ItemInfo itemInfo, Coordinate boardIndex) { }	MergePuzzle/ItemEntityFactory.cs	code/Il2CppDumper/type_blocks/01598_ItemEntityFactory.txt		signature only
1598	MergePuzzle	ItemEntityFactory	1884A60	public static ItemEntity GetFromAxe(ItemInfo itemInfo, Coordinate boardIndex) { }	MergePuzzle/ItemEntityFactory.cs	code/Il2CppDumper/type_blocks/01598_ItemEntityFactory.txt		signature only
1598	MergePuzzle	ItemEntityFactory	1884B38	public static ItemEntity GetSpawn(ItemInfo itemInfo, bool isLocked, CellEntity cellEntity, ItemInfo spawnerInfo) { }	MergePuzzle/ItemEntityFactory.cs	code/Il2CppDumper/type_blocks/01598_ItemEntityFactory.txt		signature only
1598	MergePuzzle	ItemEntityFactory	1884C18	public static ItemEntity GetPerishedItemEntity(BoardItemData perishedItemData, ItemEntity perishableSpawnerEntity) { }	MergePuzzle/ItemEntityFactory.cs	code/Il2CppDumper/type_blocks/01598_ItemEntityFactory.txt		signature only
1598	MergePuzzle	ItemEntityFactory	1884DD8	public static ItemEntity GetFromPickBox(ItemInfo itemInfo, Coordinate coordinate, ItemInfo pickBox) { }	MergePuzzle/ItemEntityFactory.cs	code/Il2CppDumper/type_blocks/01598_ItemEntityFactory.txt		signature only
1598	MergePuzzle	ItemEntityFactory	1884EAC	public static ItemEntity GetFromSR(ItemInfo itemInfo) { }	MergePuzzle/ItemEntityFactory.cs	code/Il2CppDumper/type_blocks/01598_ItemEntityFactory.txt		signature only
1598	MergePuzzle	ItemEntityFactory	1885000	public static ItemEntity GetFromCloud(ItemInfo itemInfo, CellEntity cellEntity) { }	MergePuzzle/ItemEntityFactory.cs	code/Il2CppDumper/type_blocks/01598_ItemEntityFactory.txt		signature only
1598	MergePuzzle	ItemEntityFactory	18850F4	public static ItemEntity GetFromExtra(ItemInfo itemInfo, Coordinate coordinate) { }	MergePuzzle/ItemEntityFactory.cs	code/Il2CppDumper/type_blocks/01598_ItemEntityFactory.txt		signature only
1598	MergePuzzle	ItemEntityFactory	18851CC	public static ItemEntity GetFromInitialBoardPosition(BoardPositionData initialPositionData, Coordinate coordinate, int unlockedLevel) { }	MergePuzzle/ItemEntityFactory.cs	code/Il2CppDumper/type_blocks/01598_ItemEntityFactory.txt		signature only
1598	MergePuzzle	ItemEntityFactory	18852C4	public static ItemEntity GetFromLoadBoard(ItemInfo itemInfo, BoardPositionEntity boardPositionEntity, Coordinate coordinate, int unlockedLevel) { }	MergePuzzle/ItemEntityFactory.cs	code/Il2CppDumper/type_blocks/01598_ItemEntityFactory.txt		signature only
1599	MergePuzzle	ItemInfo	1884750	public void .ctor(int setID, int level) { }	MergePuzzle/ItemInfo.cs	code/Il2CppDumper/type_blocks/01599_ItemInfo.txt		signature only
1599	MergePuzzle	ItemInfo	1885384	public ItemInfo GetActiveItemInfo() { }	MergePuzzle/ItemInfo.cs	code/Il2CppDumper/type_blocks/01599_ItemInfo.txt		signature only
1599	MergePuzzle	ItemInfo	188547C	public override bool Equals(object obj) { }	MergePuzzle/ItemInfo.cs	code/Il2CppDumper/type_blocks/01599_ItemInfo.txt		signature only
1599	MergePuzzle	ItemInfo	1885524	public bool Equals(ItemInfo other) { }	MergePuzzle/ItemInfo.cs	code/Il2CppDumper/type_blocks/01599_ItemInfo.txt		signature only
1599	MergePuzzle	ItemInfo	1885548	public override int GetHashCode() { }	MergePuzzle/ItemInfo.cs	code/Il2CppDumper/type_blocks/01599_ItemInfo.txt		signature only
1599	MergePuzzle	ItemInfo	188550C	public static bool op_Equality(ItemInfo x, ItemInfo y) { }	MergePuzzle/ItemInfo.cs	code/Il2CppDumper/type_blocks/01599_ItemInfo.txt		signature only
1599	MergePuzzle	ItemInfo	1885560	public static bool op_Inequality(ItemInfo x, ItemInfo y) { }	MergePuzzle/ItemInfo.cs	code/Il2CppDumper/type_blocks/01599_ItemInfo.txt		signature only
1599	MergePuzzle	ItemInfo	188483C	public override string ToString() { }	MergePuzzle/ItemInfo.cs	code/Il2CppDumper/type_blocks/01599_ItemInfo.txt		signature only
1599	MergePuzzle	ItemInfo	1885574	public static ItemInfo get_Empty() { }	MergePuzzle/ItemInfo.cs	code/Il2CppDumper/type_blocks/01599_ItemInfo.txt		signature only
1600	MergePuzzle	AdaptorBase	1885584	protected void .ctor(string setIDLevel) { }	MergePuzzle/AdaptorBase.cs	code/Il2CppDumper/type_blocks/01600_AdaptorBase.txt		signature only
1600	MergePuzzle	AdaptorBase	18855B8	protected void .ctor(int setID, int level) { }	MergePuzzle/AdaptorBase.cs	code/Il2CppDumper/type_blocks/01600_AdaptorBase.txt		signature only
1600	MergePuzzle	AdaptorBase	1885660	protected void .ctor(int setId) { }	MergePuzzle/AdaptorBase.cs	code/Il2CppDumper/type_blocks/01600_AdaptorBase.txt		signature only
1600	MergePuzzle	AdaptorBase	1885704	protected ValueTuple<bool, List<SpawnedItem>> RecurringEventSpawnedFeatureItems() { }	MergePuzzle/AdaptorBase.cs	code/Il2CppDumper/type_blocks/01600_AdaptorBase.txt		signature only
1604	MergePuzzle	ChestSpawnerConfigAdaptor	1885F80	public void .ctor(string setIDLevel, ChestSpawnerConfig activeConfigBase) { }	MergePuzzle/ChestSpawnerConfigAdaptor.cs	code/Il2CppDumper/type_blocks/01604_ChestSpawnerConfigAdaptor.txt		signature only
1604	MergePuzzle	ChestSpawnerConfigAdaptor	1885FA4	public void .ctor(BoardItemChestSpawner boardItemChestSpawner) { }	MergePuzzle/ChestSpawnerConfigAdaptor.cs	code/Il2CppDumper/type_blocks/01604_ChestSpawnerConfigAdaptor.txt		signature only
1604	MergePuzzle	ChestSpawnerConfigAdaptor	1886008	public bool GetUsesEnergy() { }	MergePuzzle/ChestSpawnerConfigAdaptor.cs	code/Il2CppDumper/type_blocks/01604_ChestSpawnerConfigAdaptor.txt		signature only
1604	MergePuzzle	ChestSpawnerConfigAdaptor	1886024	public int GetCapacity() { }	MergePuzzle/ChestSpawnerConfigAdaptor.cs	code/Il2CppDumper/type_blocks/01604_ChestSpawnerConfigAdaptor.txt		signature only
1604	MergePuzzle	ChestSpawnerConfigAdaptor	18835B8	public int GetChargeTime() { }	MergePuzzle/ChestSpawnerConfigAdaptor.cs	code/Il2CppDumper/type_blocks/01604_ChestSpawnerConfigAdaptor.txt		signature only
1604	MergePuzzle	ChestSpawnerConfigAdaptor	18860B8	public int GetGemSkipAmount() { }	MergePuzzle/ChestSpawnerConfigAdaptor.cs	code/Il2CppDumper/type_blocks/01604_ChestSpawnerConfigAdaptor.txt		signature only
1604	MergePuzzle	ChestSpawnerConfigAdaptor	18860D4	public int GetGemDecreaseCount() { }	MergePuzzle/ChestSpawnerConfigAdaptor.cs	code/Il2CppDumper/type_blocks/01604_ChestSpawnerConfigAdaptor.txt		signature only
1604	MergePuzzle	ChestSpawnerConfigAdaptor	18860F0	public bool GetNonProbabilistic() { }	MergePuzzle/ChestSpawnerConfigAdaptor.cs	code/Il2CppDumper/type_blocks/01604_ChestSpawnerConfigAdaptor.txt		signature only
1604	MergePuzzle	ChestSpawnerConfigAdaptor	188610C	public List<SpawnedItem> GetSpawnedItems() { }	MergePuzzle/ChestSpawnerConfigAdaptor.cs	code/Il2CppDumper/type_blocks/01604_ChestSpawnerConfigAdaptor.txt		signature only
1605	MergePuzzle	DailyChallengePickBoxSpawnerAdaptor	18BD060	public void .ctor(string setIDLevel, DailyChallengePickBoxConfig activeConfigBase) { }	MergePuzzle/DailyChallengePickBoxSpawnerAdaptor.cs	code/Il2CppDumper/type_blocks/01605_DailyChallengePickBoxSpawnerAdaptor.txt		signature only
1605	MergePuzzle	DailyChallengePickBoxSpawnerAdaptor	18BD088	public void .ctor(BoardItemDailyChallengePickBox boardItemDailyChallengePickBox) { }	MergePuzzle/DailyChallengePickBoxSpawnerAdaptor.cs	code/Il2CppDumper/type_blocks/01605_DailyChallengePickBoxSpawnerAdaptor.txt		signature only
1605	MergePuzzle	DailyChallengePickBoxSpawnerAdaptor	18BD754	public List<DailyChallengeRewardData> GetSpawnedItems() { }	MergePuzzle/DailyChallengePickBoxSpawnerAdaptor.cs	code/Il2CppDumper/type_blocks/01605_DailyChallengePickBoxSpawnerAdaptor.txt		signature only
1605	MergePuzzle	DailyChallengePickBoxSpawnerAdaptor	18BD1E8	public List<DailyChallengeRewardData> CreateSpawnedItemWithLocal(List<SpawnedItem> spawnedItemsList) { }	MergePuzzle/DailyChallengePickBoxSpawnerAdaptor.cs	code/Il2CppDumper/type_blocks/01605_DailyChallengePickBoxSpawnerAdaptor.txt		signature only
1605	MergePuzzle	DailyChallengePickBoxSpawnerAdaptor	18BD770	public void UpdateSpawnedItems(ItemRewardConvertEvent.FeatureStatusUpdated e) { }	MergePuzzle/DailyChallengePickBoxSpawnerAdaptor.cs	code/Il2CppDumper/type_blocks/01605_DailyChallengePickBoxSpawnerAdaptor.txt		signature only
1605	MergePuzzle	DailyChallengePickBoxSpawnerAdaptor	18BD914	private void ConvertDailyChallengeReward(ItemRewardConvertEvent.FeatureStatusUpdated e, DailyChallengeRewardData rewardData) { }	MergePuzzle/DailyChallengePickBoxSpawnerAdaptor.cs	code/Il2CppDumper/type_blocks/01605_DailyChallengePickBoxSpawnerAdaptor.txt		signature only
1606	MergePuzzle	LevelBasedChestSpawnerConfigAdaptor	18BE078	public void .ctor(string setIDLevel, ChestSpawnerConfig activeConfigBase, List<LevelBasedChestSpawnerConfig.LevelBasedChestSpawn> levelBasedChestSpawnList) { }	MergePuzzle/LevelBasedChestSpawnerConfigAdaptor.cs	code/Il2CppDumper/type_blocks/01606_LevelBasedChestSpawnerConfigAdaptor.txt		signature only
1606	MergePuzzle	LevelBasedChestSpawnerConfigAdaptor	18BE0A0	public void .ctor(LevelBasedChestSpawner levelBasedChestSpawner) { }	MergePuzzle/LevelBasedChestSpawnerConfigAdaptor.cs	code/Il2CppDumper/type_blocks/01606_LevelBasedChestSpawnerConfigAdaptor.txt		signature only
1606	MergePuzzle	LevelBasedChestSpawnerConfigAdaptor	18BE110	public List<LevelBasedChestSpawnerConfig.LevelBasedChestSpawn> GetLevelBasedChestSpawns() { }	MergePuzzle/LevelBasedChestSpawnerConfigAdaptor.cs	code/Il2CppDumper/type_blocks/01606_LevelBasedChestSpawnerConfigAdaptor.txt		signature only
1607	MergePuzzle	PerishableSpawnerConfigAdaptor	18BE118	public void .ctor(string setIDLevel, BalancePerishableConfigModelItem balancePerishableConfig, IBoardData boardData) { }	MergePuzzle/PerishableSpawnerConfigAdaptor.cs	code/Il2CppDumper/type_blocks/01607_PerishableSpawnerConfigAdaptor.txt		signature only
1607	MergePuzzle	PerishableSpawnerConfigAdaptor	18BEED8	public void .ctor(BoardItemPerishableSpawner perishableSpawner) { }	MergePuzzle/PerishableSpawnerConfigAdaptor.cs	code/Il2CppDumper/type_blocks/01607_PerishableSpawnerConfigAdaptor.txt		signature only
1607	MergePuzzle	PerishableSpawnerConfigAdaptor	18BEF44	public bool GetUsesEnergy() { }	MergePuzzle/PerishableSpawnerConfigAdaptor.cs	code/Il2CppDumper/type_blocks/01607_PerishableSpawnerConfigAdaptor.txt		signature only
1607	MergePuzzle	PerishableSpawnerConfigAdaptor	18BEF60	public int GetCapacity() { }	MergePuzzle/PerishableSpawnerConfigAdaptor.cs	code/Il2CppDumper/type_blocks/01607_PerishableSpawnerConfigAdaptor.txt		signature only
1607	MergePuzzle	PerishableSpawnerConfigAdaptor	18BEFF4	public bool GetNonProbabilistic() { }	MergePuzzle/PerishableSpawnerConfigAdaptor.cs	code/Il2CppDumper/type_blocks/01607_PerishableSpawnerConfigAdaptor.txt		signature only
1607	MergePuzzle	PerishableSpawnerConfigAdaptor	18BF010	public bool GetUseIndexedSpawn() { }	MergePuzzle/PerishableSpawnerConfigAdaptor.cs	code/Il2CppDumper/type_blocks/01607_PerishableSpawnerConfigAdaptor.txt		signature only
1607	MergePuzzle	PerishableSpawnerConfigAdaptor	18BF02C	public List<SpawnedItem> GetSpawnedItems(bool useOriginalSetID = False) { }	MergePuzzle/PerishableSpawnerConfigAdaptor.cs	code/Il2CppDumper/type_blocks/01607_PerishableSpawnerConfigAdaptor.txt		signature only
1607	MergePuzzle	PerishableSpawnerConfigAdaptor	18BF7B0	public List<SpawnIndexedItemGroup> GetIndexedItemGroups() { }	MergePuzzle/PerishableSpawnerConfigAdaptor.cs	code/Il2CppDumper/type_blocks/01607_PerishableSpawnerConfigAdaptor.txt		signature only
1607	MergePuzzle	PerishableSpawnerConfigAdaptor	18BF7CC	public void UpdatePerishedSpawn(IBoardData boardData, int setID, int level) { }	MergePuzzle/PerishableSpawnerConfigAdaptor.cs	code/Il2CppDumper/type_blocks/01607_PerishableSpawnerConfigAdaptor.txt		signature only
1607	MergePuzzle	PerishableSpawnerConfigAdaptor	18BF8BC	public BoardItemData GetPerishedSpawn() { }	MergePuzzle/PerishableSpawnerConfigAdaptor.cs	code/Il2CppDumper/type_blocks/01607_PerishableSpawnerConfigAdaptor.txt		signature only
1607	MergePuzzle	PerishableSpawnerConfigAdaptor	18BF8C4	public int GetChargedCapacity() { }	MergePuzzle/PerishableSpawnerConfigAdaptor.cs	code/Il2CppDumper/type_blocks/01607_PerishableSpawnerConfigAdaptor.txt		signature only
1607	MergePuzzle	PerishableSpawnerConfigAdaptor	18BF8CC	public bool GetShowItemPercentages() { }	MergePuzzle/PerishableSpawnerConfigAdaptor.cs	code/Il2CppDumper/type_blocks/01607_PerishableSpawnerConfigAdaptor.txt		signature only
1607	MergePuzzle	PerishableSpawnerConfigAdaptor	18BF8D4	public bool GetHasProgressText() { }	MergePuzzle/PerishableSpawnerConfigAdaptor.cs	code/Il2CppDumper/type_blocks/01607_PerishableSpawnerConfigAdaptor.txt		signature only
1608	MergePuzzle	PickBoxSpawnerConfigAdaptor	18BF8DC	private int get_UserLevel() { }	MergePuzzle/PickBoxSpawnerConfigAdaptor.cs	code/Il2CppDumper/type_blocks/01608_PickBoxSpawnerConfigAdaptor.txt		signature only
1608	MergePuzzle	PickBoxSpawnerConfigAdaptor	18BF9B4	public void .ctor(string setIDLevel, PickBoxConfig activeConfigBase) { }	MergePuzzle/PickBoxSpawnerConfigAdaptor.cs	code/Il2CppDumper/type_blocks/01608_PickBoxSpawnerConfigAdaptor.txt		signature only
1608	MergePuzzle	PickBoxSpawnerConfigAdaptor	18BF9DC	public void .ctor(BoardItemPickBox boardItemPickBox) { }	MergePuzzle/PickBoxSpawnerConfigAdaptor.cs	code/Il2CppDumper/type_blocks/01608_PickBoxSpawnerConfigAdaptor.txt		signature only
1608	MergePuzzle	PickBoxSpawnerConfigAdaptor	18BFB9C	private PickBoxLevelBucket GetPickBoxLevelBucket() { }	MergePuzzle/PickBoxSpawnerConfigAdaptor.cs	code/Il2CppDumper/type_blocks/01608_PickBoxSpawnerConfigAdaptor.txt		signature only
1608	MergePuzzle	PickBoxSpawnerConfigAdaptor	18BFC14	public List<SpawnedItem> GetSpawnedItems1() { }	MergePuzzle/PickBoxSpawnerConfigAdaptor.cs	code/Il2CppDumper/type_blocks/01608_PickBoxSpawnerConfigAdaptor.txt		signature only
1608	MergePuzzle	PickBoxSpawnerConfigAdaptor	18BFC34	public List<SpawnedItem> GetSpawnedItems2() { }	MergePuzzle/PickBoxSpawnerConfigAdaptor.cs	code/Il2CppDumper/type_blocks/01608_PickBoxSpawnerConfigAdaptor.txt		signature only
1608	MergePuzzle	PickBoxSpawnerConfigAdaptor	18BFC54	public List<SpawnedItem> GetSpawnedItems3() { }	MergePuzzle/PickBoxSpawnerConfigAdaptor.cs	code/Il2CppDumper/type_blocks/01608_PickBoxSpawnerConfigAdaptor.txt		signature only
1610	MergePuzzle	SpawnerConfigAdaptor	18C02B8	public void .ctor(string setIDLevel, SpawnerConfig activeConfigBase, BoardData boardData) { }	MergePuzzle/SpawnerConfigAdaptor.cs	code/Il2CppDumper/type_blocks/01610_SpawnerConfigAdaptor.txt		signature only
1610	MergePuzzle	SpawnerConfigAdaptor	18C0888	public void .ctor(BoardItemSpawnerData boardItemSpawnerData) { }	MergePuzzle/SpawnerConfigAdaptor.cs	code/Il2CppDumper/type_blocks/01610_SpawnerConfigAdaptor.txt		signature only
1610	MergePuzzle	SpawnerConfigAdaptor	18C08EC	public bool GetUsesEnergy() { }	MergePuzzle/SpawnerConfigAdaptor.cs	code/Il2CppDumper/type_blocks/01610_SpawnerConfigAdaptor.txt		signature only
1610	MergePuzzle	SpawnerConfigAdaptor	18C0908	public int GetSmallCapacity() { }	MergePuzzle/SpawnerConfigAdaptor.cs	code/Il2CppDumper/type_blocks/01610_SpawnerConfigAdaptor.txt		signature only
1610	MergePuzzle	SpawnerConfigAdaptor	18C0924	public int GetBigCapacity() { }	MergePuzzle/SpawnerConfigAdaptor.cs	code/Il2CppDumper/type_blocks/01610_SpawnerConfigAdaptor.txt		signature only
1610	MergePuzzle	SpawnerConfigAdaptor	18C0940	public int GetChargeTime() { }	MergePuzzle/SpawnerConfigAdaptor.cs	code/Il2CppDumper/type_blocks/01610_SpawnerConfigAdaptor.txt		signature only
1610	MergePuzzle	SpawnerConfigAdaptor	18C095C	public int GetGemSkipAmount() { }	MergePuzzle/SpawnerConfigAdaptor.cs	code/Il2CppDumper/type_blocks/01610_SpawnerConfigAdaptor.txt		signature only
1610	MergePuzzle	SpawnerConfigAdaptor	18C0978	public int GetGemDecreaseCount() { }	MergePuzzle/SpawnerConfigAdaptor.cs	code/Il2CppDumper/type_blocks/01610_SpawnerConfigAdaptor.txt		signature only
1610	MergePuzzle	SpawnerConfigAdaptor	18C0994	public int GetRewardedCapacity() { }	MergePuzzle/SpawnerConfigAdaptor.cs	code/Il2CppDumper/type_blocks/01610_SpawnerConfigAdaptor.txt		signature only
1610	MergePuzzle	SpawnerConfigAdaptor	18C09B0	public List<SpawnedItem> GetSpawnedItems() { }	MergePuzzle/SpawnerConfigAdaptor.cs	code/Il2CppDumper/type_blocks/01610_SpawnerConfigAdaptor.txt		signature only
1610	MergePuzzle	SpawnerConfigAdaptor	18C09FC	public List<SpawnedItem> GetTutorialItems() { }	MergePuzzle/SpawnerConfigAdaptor.cs	code/Il2CppDumper/type_blocks/01610_SpawnerConfigAdaptor.txt		signature only
1610	MergePuzzle	SpawnerConfigAdaptor	18C0A18	public SpawnerState GetSpawnerStartState() { }	MergePuzzle/SpawnerConfigAdaptor.cs	code/Il2CppDumper/type_blocks/01610_SpawnerConfigAdaptor.txt		signature only
1610	MergePuzzle	SpawnerConfigAdaptor	18C0A34	public SpawnerState GetSpawnerSkippedState() { }	MergePuzzle/SpawnerConfigAdaptor.cs	code/Il2CppDumper/type_blocks/01610_SpawnerConfigAdaptor.txt		signature only
1615		KiteSpawnerManager.	18C4AF0	private static void .cctor() { }	MergePuzzle/KiteSpawnerManager.cs	code/Il2CppDumper/type_blocks/01615_KiteSpawnerManager..txt		signature only
1615		KiteSpawnerManager.	18C4B64	public void .ctor() { }	MergePuzzle/KiteSpawnerManager.cs	code/Il2CppDumper/type_blocks/01615_KiteSpawnerManager..txt		signature only
1615		KiteSpawnerManager.	18C4B6C	internal bool <Init>b__11_0() { }	MergePuzzle/KiteSpawnerManager.cs	code/Il2CppDumper/type_blocks/01615_KiteSpawnerManager..txt		signature only
1615		KiteSpawnerManager.	18C4BA0	internal IEnumerable<BalanceSpawnerConfigModelItem> <ReadSpecialTaskConfig>b__17_0(KiteSpecialTaskConfigItem item) { }	MergePuzzle/KiteSpawnerManager.cs	code/Il2CppDumper/type_blocks/01615_KiteSpawnerManager..txt		signature only
1616		KiteSpawnerManager.	18C4414	public void .ctor() { }	MergePuzzle/KiteSpawnerManager.cs	code/Il2CppDumper/type_blocks/01616_KiteSpawnerManager..txt		signature only
1616		KiteSpawnerManager.	18C4BBC	internal bool <CreateProgressiveAdaptors>b__0(BalanceProgressiveConfigModel c) { }	MergePuzzle/KiteSpawnerManager.cs	code/Il2CppDumper/type_blocks/01616_KiteSpawnerManager..txt		signature only
1617		KiteSpawnerManager.	18C441C	public void .ctor() { }	MergePuzzle/KiteSpawnerManager.cs	code/Il2CppDumper/type_blocks/01617_KiteSpawnerManager..txt		signature only
1617		KiteSpawnerManager.	18C4BE8	internal bool <CreatePerishableSpawnerConfigAdaptors>b__0(BalancePerishableConfigModelItem c) { }	MergePuzzle/KiteSpawnerManager.cs	code/Il2CppDumper/type_blocks/01617_KiteSpawnerManager..txt		signature only
1618		KiteSpawnerManager.	18C4424	public void .ctor() { }	MergePuzzle/KiteSpawnerManager.cs	code/Il2CppDumper/type_blocks/01618_KiteSpawnerManager..txt		signature only
1618		KiteSpawnerManager.	18C4C14	internal bool <CreateSpawnerConfigAdaptors>b__0(BalanceSpawnerConfigModelItem c) { }	MergePuzzle/KiteSpawnerManager.cs	code/Il2CppDumper/type_blocks/01618_KiteSpawnerManager..txt		signature only
1619		KiteSpawnerManager.	18C4C40	private void MoveNext() { }	MergePuzzle/KiteSpawnerManager.cs	code/Il2CppDumper/type_blocks/01619_KiteSpawnerManager..txt		signature only
1619		KiteSpawnerManager.	18C5474	private void SetStateMachine(IAsyncStateMachine stateMachine) { }	MergePuzzle/KiteSpawnerManager.cs	code/Il2CppDumper/type_blocks/01619_KiteSpawnerManager..txt		signature only
1620		KiteSpawnerManager.	18C5480	private void MoveNext() { }	MergePuzzle/KiteSpawnerManager.cs	code/Il2CppDumper/type_blocks/01620_KiteSpawnerManager..txt		signature only
1620		KiteSpawnerManager.	18C58F0	private void SetStateMachine(IAsyncStateMachine stateMachine) { }	MergePuzzle/KiteSpawnerManager.cs	code/Il2CppDumper/type_blocks/01620_KiteSpawnerManager..txt		signature only
1621	MergePuzzle	KiteSpawnerManager	18C0AC8	public static KiteSpawnerManager get_Instance() { }	MergePuzzle/KiteSpawnerManager.cs	code/Il2CppDumper/type_blocks/01621_KiteSpawnerManager.txt		signature only
1621	MergePuzzle	KiteSpawnerManager	18C0B94	private void .ctor() { }	MergePuzzle/KiteSpawnerManager.cs	code/Il2CppDumper/type_blocks/01621_KiteSpawnerManager.txt		signature only
1621	MergePuzzle	KiteSpawnerManager	18C0B9C	public UniTask Init(KiteModelBalanceConfig balanceConfig) { }	MergePuzzle/KiteSpawnerManager.cs	code/Il2CppDumper/type_blocks/01621_KiteSpawnerManager.txt		signature only
1621	MergePuzzle	KiteSpawnerManager	18C0C78	public UniTask InitBoardEvent(KiteEventBoardConfig eventBoardConfig, BoardEventBoardData boardData) { }	MergePuzzle/KiteSpawnerManager.cs	code/Il2CppDumper/type_blocks/01621_KiteSpawnerManager.txt		signature only
1621	MergePuzzle	KiteSpawnerManager	18C0D70	public void InitRecurringEventPerishableSpawners(List<BalancePerishableConfigModelItem> perishableConfigModelItems, IBoardData boardData) { }	MergePuzzle/KiteSpawnerManager.cs	code/Il2CppDumper/type_blocks/01621_KiteSpawnerManager.txt		signature only
1621	MergePuzzle	KiteSpawnerManager	18C1640	private void ReadBalanceChestConfig(BalanceChestConfigModel kiteConfig, BoardData boardData) { }	MergePuzzle/KiteSpawnerManager.cs	code/Il2CppDumper/type_blocks/01621_KiteSpawnerManager.txt		signature only
1621	MergePuzzle	KiteSpawnerManager	18C1F84	private void ReadBalanceSpawnerConfig(BalanceSpawnerConfigModel kiteConfig, BoardData boardData) { }	MergePuzzle/KiteSpawnerManager.cs	code/Il2CppDumper/type_blocks/01621_KiteSpawnerManager.txt		signature only
1621	MergePuzzle	KiteSpawnerManager	18C2B38	private void ReadBalanceProgressiveConfig(List<BalanceProgressiveConfigModel> kiteConfig) { }	MergePuzzle/KiteSpawnerManager.cs	code/Il2CppDumper/type_blocks/01621_KiteSpawnerManager.txt		signature only
1621	MergePuzzle	KiteSpawnerManager	18C3300	private void ReadSpecialTaskConfig(KiteSpecialTaskConfig kiteConfig, BoardData boardData) { }	MergePuzzle/KiteSpawnerManager.cs	code/Il2CppDumper/type_blocks/01621_KiteSpawnerManager.txt		signature only
1621	MergePuzzle	KiteSpawnerManager	18C347C	private void ReadDailyChallengeConfig(BoardData boardData) { }	MergePuzzle/KiteSpawnerManager.cs	code/Il2CppDumper/type_blocks/01621_KiteSpawnerManager.txt		signature only
1621	MergePuzzle	KiteSpawnerManager	18C2B3C	private void CreateProgressiveAdaptors(List<BalanceProgressiveConfigModel> kiteConfig) { }	MergePuzzle/KiteSpawnerManager.cs	code/Il2CppDumper/type_blocks/01621_KiteSpawnerManager.txt		signature only
1621	MergePuzzle	KiteSpawnerManager	18C16AC	private void CreateChestSpawnerConfigAdaptors(List<BalanceChestConfigModelItem> configList, BoardData boardData) { }	MergePuzzle/KiteSpawnerManager.cs	code/Il2CppDumper/type_blocks/01621_KiteSpawnerManager.txt		signature only
1621	MergePuzzle	KiteSpawnerManager	18C18D4	private void CreatePickBoxSpawnerConfigAdaptors(List<BalancePickBoxConfigModelItem> configList, BoardData boardData) { }	MergePuzzle/KiteSpawnerManager.cs	code/Il2CppDumper/type_blocks/01621_KiteSpawnerManager.txt		signature only
1621	MergePuzzle	KiteSpawnerManager	18C4144	private static List<KiteDailyChallengeDayConfig> GetActiveDayConfigList(KiteDailyChallengeConfig config) { }	MergePuzzle/KiteSpawnerManager.cs	code/Il2CppDumper/type_blocks/01621_KiteSpawnerManager.txt		signature only
1621	MergePuzzle	KiteSpawnerManager	18C38EC	private void CreateDailyChallengePickBoxSpawnerConfigAdaptors(KiteDailyChallengeConfig kiteDailyChallengeConfig, BoardData boardData) { }	MergePuzzle/KiteSpawnerManager.cs	code/Il2CppDumper/type_blocks/01621_KiteSpawnerManager.txt		signature only
1621	MergePuzzle	KiteSpawnerManager	18C0D74	private void CreatePerishableSpawnerConfigAdaptors(List<BalancePerishableConfigModelItem> configList, IBoardData boardData) { }	MergePuzzle/KiteSpawnerManager.cs	code/Il2CppDumper/type_blocks/01621_KiteSpawnerManager.txt		signature only
1621	MergePuzzle	KiteSpawnerManager	18C1B08	private void CreateLevelBasedChestSpawnerConfigAdaptors(List<BalanceLevelBasedChestSpawnerConfigModelItem> configList, BoardData boardData) { }	MergePuzzle/KiteSpawnerManager.cs	code/Il2CppDumper/type_blocks/01621_KiteSpawnerManager.txt		signature only
1621	MergePuzzle	KiteSpawnerManager	18C1D54	private void CreateTaskSupportChestConfigAdaptors(List<BalanceTaskSupportChestModel> configList, BoardData boardData) { }	MergePuzzle/KiteSpawnerManager.cs	code/Il2CppDumper/type_blocks/01621_KiteSpawnerManager.txt		signature only
1621	MergePuzzle	KiteSpawnerManager	18C2048	private void CreateSpawnerConfigAdaptors(List<BalanceSpawnerConfigModelItem> configList, BoardData boardData) { }	MergePuzzle/KiteSpawnerManager.cs	code/Il2CppDumper/type_blocks/01621_KiteSpawnerManager.txt		signature only
1621	MergePuzzle	KiteSpawnerManager	18C2928	private void CreateChargeAdaptors(List<BalanceChargeModelItem> configList) { }	MergePuzzle/KiteSpawnerManager.cs	code/Il2CppDumper/type_blocks/01621_KiteSpawnerManager.txt		signature only
1621	MergePuzzle	KiteSpawnerManager	18C442C	private void CheckKiteConfigWithBoardData(BoardData boardData) { }	MergePuzzle/KiteSpawnerManager.cs	code/Il2CppDumper/type_blocks/01621_KiteSpawnerManager.txt		signature only
1621	MergePuzzle	KiteSpawnerManager	18C49D0	private static void .cctor() { }	MergePuzzle/KiteSpawnerManager.cs	code/Il2CppDumper/type_blocks/01621_KiteSpawnerManager.txt		signature only
1624	MergePuzzle	SpawnerConfig	18C0878	public void .ctor() { }	MergePuzzle/SpawnerConfig.cs	code/Il2CppDumper/type_blocks/01624_SpawnerConfig.txt	ghidra_data_pseudocode.c	native pseudocode (unverified)
1625		PerishableSpawnerConfig.	18C5B90	public void .ctor() { }	MergePuzzle/PerishableSpawnerConfig.cs	code/Il2CppDumper/type_blocks/01625_PerishableSpawnerConfig..txt		signature only
1625		PerishableSpawnerConfig.	18C5CCC	internal bool <GetIndexedSpawnedItem>b__0(SpawnIndexedItemGroup group) { }	MergePuzzle/PerishableSpawnerConfig.cs	code/Il2CppDumper/type_blocks/01625_PerishableSpawnerConfig..txt		signature only
1625		PerishableSpawnerConfig.	18C5CFC	internal bool <GetIndexedSpawnedItem>b__1(SpawnedItem item) { }	MergePuzzle/PerishableSpawnerConfig.cs	code/Il2CppDumper/type_blocks/01625_PerishableSpawnerConfig..txt		signature only
1626		PerishableSpawnerConfig.	18C5CBC	public void .ctor() { }	MergePuzzle/PerishableSpawnerConfig.cs	code/Il2CppDumper/type_blocks/01626_PerishableSpawnerConfig..txt		signature only
1626		PerishableSpawnerConfig.	18C5D44	internal bool <GetRandomItem>b__0(SpawnedItem item) { }	MergePuzzle/PerishableSpawnerConfig.cs	code/Il2CppDumper/type_blocks/01626_PerishableSpawnerConfig..txt		signature only
1627	MergePuzzle	PerishableSpawnerConfig	18BF194	public List<SpawnedItem> GetSpawnedItems(bool useOriginalSetID = False) { }	MergePuzzle/PerishableSpawnerConfig.cs	code/Il2CppDumper/type_blocks/01627_PerishableSpawnerConfig.txt		signature only
1627	MergePuzzle	PerishableSpawnerConfig	18C58FC	public SpawnedItem GetNonProbabilisticItem(int currentCapacity) { }	MergePuzzle/PerishableSpawnerConfig.cs	code/Il2CppDumper/type_blocks/01627_PerishableSpawnerConfig.txt		signature only
1627	MergePuzzle	PerishableSpawnerConfig	18C59A0	public SpawnedItem GetIndexedSpawnedItem(int currentCapacity) { }	MergePuzzle/PerishableSpawnerConfig.cs	code/Il2CppDumper/type_blocks/01627_PerishableSpawnerConfig.txt		signature only
1627	MergePuzzle	PerishableSpawnerConfig	18C5B98	public SpawnedItem GetRandomItem() { }	MergePuzzle/PerishableSpawnerConfig.cs	code/Il2CppDumper/type_blocks/01627_PerishableSpawnerConfig.txt		signature only
1627	MergePuzzle	PerishableSpawnerConfig	18C5CC4	public void .ctor() { }	MergePuzzle/PerishableSpawnerConfig.cs	code/Il2CppDumper/type_blocks/01627_PerishableSpawnerConfig.txt		signature only
1628		LevelBasedChestSpawnerConfig.LevelBasedChestSpawn	18C5D94	public void .ctor() { }	MergePuzzle/LevelBasedChestSpawnerConfig.cs	code/Il2CppDumper/type_blocks/01628_LevelBasedChestSpawnerConfig.LevelBasedChestSpawn.txt		signature only
1629	MergePuzzle	LevelBasedChestSpawnerConfig	18C5D8C	public void .ctor() { }	MergePuzzle/LevelBasedChestSpawnerConfig.cs	code/Il2CppDumper/type_blocks/01629_LevelBasedChestSpawnerConfig.txt		signature only
1630	MergePuzzle	ChestSpawnerConfig	18C5D9C	public void .ctor() { }	MergePuzzle/ChestSpawnerConfig.cs	code/Il2CppDumper/type_blocks/01630_ChestSpawnerConfig.txt		signature only
1631	MergePuzzle	PickBoxConfig	18BFB8C	public void .ctor() { }	MergePuzzle/PickBoxConfig.cs	code/Il2CppDumper/type_blocks/01631_PickBoxConfig.txt		signature only
1633	MergePuzzle	PickBoxLevelBucket	18BFB94	public void .ctor() { }	MergePuzzle/PickBoxLevelBucket.cs	code/Il2CppDumper/type_blocks/01633_PickBoxLevelBucket.txt		signature only
1634	MergePuzzle	SpawnedItem	18C0880	public void .ctor() { }	MergePuzzle/SpawnedItem.cs	code/Il2CppDumper/type_blocks/01634_SpawnedItem.txt		signature only
1635	MergePuzzle	SpawnIndexedItemGroup	18C5DA4	public void .ctor() { }	MergePuzzle/SpawnIndexedItemGroup.cs	code/Il2CppDumper/type_blocks/01635_SpawnIndexedItemGroup.txt		signature only
1639	MergePuzzle	ItemMovableInputManager	18C5DC4	public static void ResetStatus() { }	MergePuzzle/ItemMovableInputManager.cs	code/Il2CppDumper/type_blocks/01639_ItemMovableInputManager.txt	ghidra_data_pseudocode.c	native pseudocode (unverified)
1639	MergePuzzle	ItemMovableInputManager	18C5E2C	public static void OnBeginDrag(Movable movable) { }	MergePuzzle/ItemMovableInputManager.cs	code/Il2CppDumper/type_blocks/01639_ItemMovableInputManager.txt	ghidra_data_pseudocode.c	native pseudocode (unverified)
1639	MergePuzzle	ItemMovableInputManager	18C5F54	public static void OnDragEnded(Movable movable) { }	MergePuzzle/ItemMovableInputManager.cs	code/Il2CppDumper/type_blocks/01639_ItemMovableInputManager.txt	ghidra_data_pseudocode.c	native pseudocode (unverified)
1639	MergePuzzle	ItemMovableInputManager	18C5E94	private static void HandleLastDraggedItem() { }	MergePuzzle/ItemMovableInputManager.cs	code/Il2CppDumper/type_blocks/01639_ItemMovableInputManager.txt	ghidra_data_pseudocode.c	native pseudocode (unverified)
1639	MergePuzzle	ItemMovableInputManager	18C5DC8	private static void ClearLastDraggedItem() { }	MergePuzzle/ItemMovableInputManager.cs	code/Il2CppDumper/type_blocks/01639_ItemMovableInputManager.txt	ghidra_data_pseudocode.c	native pseudocode (unverified)
1639	MergePuzzle	ItemMovableInputManager	18C5FF4	private void Update() { }	MergePuzzle/ItemMovableInputManager.cs	code/Il2CppDumper/type_blocks/01639_ItemMovableInputManager.txt	ghidra_data_pseudocode.c	native pseudocode (unverified)
1639	MergePuzzle	ItemMovableInputManager	18C6028	public void .ctor() { }	MergePuzzle/ItemMovableInputManager.cs	code/Il2CppDumper/type_blocks/01639_ItemMovableInputManager.txt	ghidra_data_pseudocode.c	native pseudocode (unverified)
1640	MergePuzzle	BoardItemAutoSpawner	18C6030	public bool ProcessItemSpawn(ItemController itemController, BoardController board) { }	MergePuzzle/BoardItemAutoSpawner.cs	code/Il2CppDumper/type_blocks/01640_BoardItemAutoSpawner.txt		signature only
1640	MergePuzzle	BoardItemAutoSpawner	18C63C4	public void .ctor() { }	MergePuzzle/BoardItemAutoSpawner.cs	code/Il2CppDumper/type_blocks/01640_BoardItemAutoSpawner.txt		signature only
1641	MergePuzzle	BoardItemCardPack	18C63D4	public override bool Initialize(BoardEntity boardEntity, IItemController item, long millisecondsPassed, bool isNewlyCreated) { }	MergePuzzle/BoardItemCardPack.cs	code/Il2CppDumper/type_blocks/01641_BoardItemCardPack.txt		signature only
1641	MergePuzzle	BoardItemCardPack	18C63DC	public override int GetTimeRequiredToExitCharging() { }	MergePuzzle/BoardItemCardPack.cs	code/Il2CppDumper/type_blocks/01641_BoardItemCardPack.txt		signature only
1641	MergePuzzle	BoardItemCardPack	18C63E4	public override bool IsCardCollectionItem() { }	MergePuzzle/BoardItemCardPack.cs	code/Il2CppDumper/type_blocks/01641_BoardItemCardPack.txt		signature only
1641	MergePuzzle	BoardItemCardPack	18C63EC	public override bool IsMergeable(IItemRuntimeData itself, IItemRuntimeData other) { }	MergePuzzle/BoardItemCardPack.cs	code/Il2CppDumper/type_blocks/01641_BoardItemCardPack.txt		signature only
1641	MergePuzzle	BoardItemCardPack	18C63F4	public override bool IsMergeable(IItemRuntimeData itself) { }	MergePuzzle/BoardItemCardPack.cs	code/Il2CppDumper/type_blocks/01641_BoardItemCardPack.txt		signature only
1641	MergePuzzle	BoardItemCardPack	18C63FC	public override bool IsMergeable(IItemEntity itemEntity) { }	MergePuzzle/BoardItemCardPack.cs	code/Il2CppDumper/type_blocks/01641_BoardItemCardPack.txt		signature only
1641	MergePuzzle	BoardItemCardPack	18C6404	public override bool CanThrownIntoBoard() { }	MergePuzzle/BoardItemCardPack.cs	code/Il2CppDumper/type_blocks/01641_BoardItemCardPack.txt		signature only
1641	MergePuzzle	BoardItemCardPack	18C640C	public void .ctor() { }	MergePuzzle/BoardItemCardPack.cs	code/Il2CppDumper/type_blocks/01641_BoardItemCardPack.txt		signature only
1642	MergePuzzle	BoardItemCharge	18C641C	public override bool Initialize(BoardEntity boardEntity, IItemController item, long millisecondsPassed, bool isNewlyCreated) { }	MergePuzzle/BoardItemCharge.cs	code/Il2CppDumper/type_blocks/01642_BoardItemCharge.txt		signature only
1642	MergePuzzle	BoardItemCharge	18C6424	public override int GetTimeRequiredToExitCharging() { }	MergePuzzle/BoardItemCharge.cs	code/Il2CppDumper/type_blocks/01642_BoardItemCharge.txt		signature only
1642	MergePuzzle	BoardItemCharge	18C642C	public ChargeAdaptor GetConfigAdaptor() { }	MergePuzzle/BoardItemCharge.cs	code/Il2CppDumper/type_blocks/01642_BoardItemCharge.txt		signature only
1642	MergePuzzle	BoardItemCharge	18C64F0	public AdaptorBase ConvertFromLocal() { }	MergePuzzle/BoardItemCharge.cs	code/Il2CppDumper/type_blocks/01642_BoardItemCharge.txt		signature only
1642	MergePuzzle	BoardItemCharge	18C6554	public void .ctor() { }	MergePuzzle/BoardItemCharge.cs	code/Il2CppDumper/type_blocks/01642_BoardItemCharge.txt		signature only
1643	MergePuzzle	BoardItemChargeable	18C6564	public override bool Initialize(BoardEntity boardEntity, IItemController item, long millisecondsPassed, bool isNewlyCreated) { }	MergePuzzle/BoardItemChargeable.cs	code/Il2CppDumper/type_blocks/01643_BoardItemChargeable.txt		signature only
1643	MergePuzzle	BoardItemChargeable	18C656C	public override int GetTimeRequiredToExitCharging() { }	MergePuzzle/BoardItemChargeable.cs	code/Il2CppDumper/type_blocks/01643_BoardItemChargeable.txt		signature only
1643	MergePuzzle	BoardItemChargeable	18C6574	public void .ctor() { }	MergePuzzle/BoardItemChargeable.cs	code/Il2CppDumper/type_blocks/01643_BoardItemChargeable.txt		signature only
1644		BoardItemChestSpawner.	18C68FC	public void .ctor() { }	MergePuzzle/BoardItemChestSpawner.cs	code/Il2CppDumper/type_blocks/01644_BoardItemChestSpawner..txt		signature only
1644		BoardItemChestSpawner.	18C797C	internal bool <GetRandomItem>b__0(SpawnedItem item) { }	MergePuzzle/BoardItemChestSpawner.cs	code/Il2CppDumper/type_blocks/01644_BoardItemChestSpawner..txt		signature only
1645	MergePuzzle	BoardItemChestSpawner	18C657C	public virtual SpawnedItem GetNonProbabilisticItem(int currentCapacity) { }	MergePuzzle/BoardItemChestSpawner.cs	code/Il2CppDumper/type_blocks/01645_BoardItemChestSpawner.txt	ghidra_data_pseudocode.c	native pseudocode (unverified)
1645	MergePuzzle	BoardItemChestSpawner	18C67C0	public virtual SpawnedItem GetRandomItem() { }	MergePuzzle/BoardItemChestSpawner.cs	code/Il2CppDumper/type_blocks/01645_BoardItemChestSpawner.txt	ghidra_expanded_pseudocode.c	native pseudocode (unverified)
1645	MergePuzzle	BoardItemChestSpawner	18C6904	public override bool Initialize(BoardEntity boardEntity, IItemController item, long millisecondsPassed, bool isNewlyCreated) { }	MergePuzzle/BoardItemChestSpawner.cs	code/Il2CppDumper/type_blocks/01645_BoardItemChestSpawner.txt	ghidra_data_pseudocode.c	native pseudocode (unverified)
1645	MergePuzzle	BoardItemChestSpawner	18C72FC	public override int GetTimeRequiredToExitCharging() { }	MergePuzzle/BoardItemChestSpawner.cs	code/Il2CppDumper/type_blocks/01645_BoardItemChestSpawner.txt	ghidra_data_pseudocode.c	native pseudocode (unverified)
1645	MergePuzzle	BoardItemChestSpawner	18C732C	public override bool IsMergeable(IItemRuntimeData itself, IItemRuntimeData other) { }	MergePuzzle/BoardItemChestSpawner.cs	code/Il2CppDumper/type_blocks/01645_BoardItemChestSpawner.txt	ghidra_expanded_pseudocode.c	native pseudocode (unverified)
1645	MergePuzzle	BoardItemChestSpawner	18C764C	public override bool IsMergeable(IItemRuntimeData itself) { }	MergePuzzle/BoardItemChestSpawner.cs	code/Il2CppDumper/type_blocks/01645_BoardItemChestSpawner.txt	ghidra_expanded_pseudocode.c	native pseudocode (unverified)
1645	MergePuzzle	BoardItemChestSpawner	18C7794	public override bool IsMergeable(IItemEntity itemEntity) { }	MergePuzzle/BoardItemChestSpawner.cs	code/Il2CppDumper/type_blocks/01645_BoardItemChestSpawner.txt	ghidra_expanded_pseudocode.c	native pseudocode (unverified)
1645	MergePuzzle	BoardItemChestSpawner	18C66FC	public ChestSpawnerConfigAdaptor GetConfigAdaptor() { }	MergePuzzle/BoardItemChestSpawner.cs	code/Il2CppDumper/type_blocks/01645_BoardItemChestSpawner.txt	ghidra_data_pseudocode.c	native pseudocode (unverified)
1645	MergePuzzle	BoardItemChestSpawner	18C7850	public AdaptorBase ConvertFromLocal() { }	MergePuzzle/BoardItemChestSpawner.cs	code/Il2CppDumper/type_blocks/01645_BoardItemChestSpawner.txt	ghidra_data_pseudocode.c	native pseudocode (unverified)
1645	MergePuzzle	BoardItemChestSpawner	18C78B4	public override bool PreventStoreToInventory(IItemEntity itemEntity) { }	MergePuzzle/BoardItemChestSpawner.cs	code/Il2CppDumper/type_blocks/01645_BoardItemChestSpawner.txt	ghidra_data_pseudocode.c	native pseudocode (unverified)
1645	MergePuzzle	BoardItemChestSpawner	18C7974	public void .ctor() { }	MergePuzzle/BoardItemChestSpawner.cs	code/Il2CppDumper/type_blocks/01645_BoardItemChestSpawner.txt	ghidra_data_pseudocode.c	native pseudocode (unverified)
1647	MergePuzzle	BoardItemCollectable	18C79C4	public int get_AnimatedAmount() { }	MergePuzzle/BoardItemCollectable.cs	code/Il2CppDumper/type_blocks/01647_BoardItemCollectable.txt		signature only
1647	MergePuzzle	BoardItemCollectable	18C7A14	public int RewardAmount() { }	MergePuzzle/BoardItemCollectable.cs	code/Il2CppDumper/type_blocks/01647_BoardItemCollectable.txt		signature only
1647	MergePuzzle	BoardItemCollectable	18C7BA0	public override bool Initialize(BoardEntity boardEntity, IItemController item, long millisecondsPassed, bool isNewlyCreated) { }	MergePuzzle/BoardItemCollectable.cs	code/Il2CppDumper/type_blocks/01647_BoardItemCollectable.txt		signature only
1647	MergePuzzle	BoardItemCollectable	18C7BA8	public override int GetTimeRequiredToExitCharging() { }	MergePuzzle/BoardItemCollectable.cs	code/Il2CppDumper/type_blocks/01647_BoardItemCollectable.txt		signature only
1647	MergePuzzle	BoardItemCollectable	18C7BB0	public void .ctor() { }	MergePuzzle/BoardItemCollectable.cs	code/Il2CppDumper/type_blocks/01647_BoardItemCollectable.txt		signature only
1648	MergePuzzle	BoardItemDailyChallengePickBox	18C7BB8	public override bool Initialize(BoardEntity boardEntity, IItemController item, long millisecondsPassed, bool isNewlyCreated) { }	MergePuzzle/BoardItemDailyChallengePickBox.cs	code/Il2CppDumper/type_blocks/01648_BoardItemDailyChallengePickBox.txt		signature only
1648	MergePuzzle	BoardItemDailyChallengePickBox	18C7BC0	public override int GetTimeRequiredToExitCharging() { }	MergePuzzle/BoardItemDailyChallengePickBox.cs	code/Il2CppDumper/type_blocks/01648_BoardItemDailyChallengePickBox.txt		signature only
1648	MergePuzzle	BoardItemDailyChallengePickBox	18C7BC8	public DailyChallengePickBoxSpawnerAdaptor GetConfigAdaptor() { }	MergePuzzle/BoardItemDailyChallengePickBox.cs	code/Il2CppDumper/type_blocks/01648_BoardItemDailyChallengePickBox.txt		signature only
1648	MergePuzzle	BoardItemDailyChallengePickBox	18C7C8C	public List<DailyChallengeRewardData> GetSpawnedItems() { }	MergePuzzle/BoardItemDailyChallengePickBox.cs	code/Il2CppDumper/type_blocks/01648_BoardItemDailyChallengePickBox.txt		signature only
1648	MergePuzzle	BoardItemDailyChallengePickBox	18C7CBC	public AdaptorBase ConvertFromLocal() { }	MergePuzzle/BoardItemDailyChallengePickBox.cs	code/Il2CppDumper/type_blocks/01648_BoardItemDailyChallengePickBox.txt		signature only
1648	MergePuzzle	BoardItemDailyChallengePickBox	18C7D1C	public void .ctor() { }	MergePuzzle/BoardItemDailyChallengePickBox.cs	code/Il2CppDumper/type_blocks/01648_BoardItemDailyChallengePickBox.txt		signature only
1649		BoardItemSpawnerData.	18C7FC8	public void .ctor() { }	MergePuzzle/BoardItemSpawnerData.cs	code/Il2CppDumper/type_blocks/01649_BoardItemSpawnerData..txt		signature only
1649		BoardItemSpawnerData.	18C8F44	internal bool <GetRandomItem>b__0(SpawnedItem item) { }	MergePuzzle/BoardItemSpawnerData.cs	code/Il2CppDumper/type_blocks/01649_BoardItemSpawnerData..txt		signature only
1650	MergePuzzle	BoardItemSpawnerData	18C6300	public SpawnerConfigAdaptor GetConfigAdaptor() { }	MergePuzzle/BoardItemSpawnerData.cs	code/Il2CppDumper/type_blocks/01650_BoardItemSpawnerData.txt	ghidra_data_pseudocode.c	native pseudocode (unverified)
1650	MergePuzzle	BoardItemSpawnerData	18C7D24	public override int GetTimeRequiredToExitCharging() { }	MergePuzzle/BoardItemSpawnerData.cs	code/Il2CppDumper/type_blocks/01650_BoardItemSpawnerData.txt	ghidra_data_pseudocode.c	native pseudocode (unverified)
1650	MergePuzzle	BoardItemSpawnerData	18C7E3C	public int GetTimeBetweenSmallAndBigCapacity() { }	MergePuzzle/BoardItemSpawnerData.cs	code/Il2CppDumper/type_blocks/01650_BoardItemSpawnerData.txt	ghidra_data_pseudocode.c	native pseudocode (unverified)
1650	MergePuzzle	BoardItemSpawnerData	18C7E90	public SpawnedItem GetRandomItem() { }	MergePuzzle/BoardItemSpawnerData.cs	code/Il2CppDumper/type_blocks/01650_BoardItemSpawnerData.txt	ghidra_expanded_pseudocode.c	native pseudocode (unverified)
1650	MergePuzzle	BoardItemSpawnerData	18C7FD0	public SpawnedItem GetTutorialItem(ItemEntity itemEntity, TutorialIndex activeTutorialStep) { }	MergePuzzle/BoardItemSpawnerData.cs	code/Il2CppDumper/type_blocks/01650_BoardItemSpawnerData.txt	ghidra_data_pseudocode.c	native pseudocode (unverified)
1650	MergePuzzle	BoardItemSpawnerData	18C8160	public void ConsumeTutorialItem(ItemEntity itemEntity) { }	MergePuzzle/BoardItemSpawnerData.cs	code/Il2CppDumper/type_blocks/01650_BoardItemSpawnerData.txt	ghidra_data_pseudocode.c	native pseudocode (unverified)
1650	MergePuzzle	BoardItemSpawnerData	18C8290	public override bool Initialize(BoardEntity boardEntity, IItemController item, long millisecondsPassed, bool isNewlyCreated) { }	MergePuzzle/BoardItemSpawnerData.cs	code/Il2CppDumper/type_blocks/01650_BoardItemSpawnerData.txt	ghidra_data_pseudocode.c	native pseudocode (unverified)
1650	MergePuzzle	BoardItemSpawnerData	18C8A80	public void ProcessOfflineCapacity(IItemController item, long millisecondsPassed, bool isFromPause) { }	MergePuzzle/BoardItemSpawnerData.cs	code/Il2CppDumper/type_blocks/01650_BoardItemSpawnerData.txt	ghidra_expanded_pseudocode.c	native pseudocode (unverified)
1650	MergePuzzle	BoardItemSpawnerData	18C89AC	public int GetStartCapacity(SpawnerState startState) { }	MergePuzzle/BoardItemSpawnerData.cs	code/Il2CppDumper/type_blocks/01650_BoardItemSpawnerData.txt	ghidra_data_pseudocode.c	native pseudocode (unverified)
1650	MergePuzzle	BoardItemSpawnerData	18C8EB4	public bool IsUseEnergySprite() { }	MergePuzzle/BoardItemSpawnerData.cs	code/Il2CppDumper/type_blocks/01650_BoardItemSpawnerData.txt	ghidra_data_pseudocode.c	native pseudocode (unverified)
1650	MergePuzzle	BoardItemSpawnerData	18C8EE4	public AdaptorBase ConvertFromLocal() { }	MergePuzzle/BoardItemSpawnerData.cs	code/Il2CppDumper/type_blocks/01650_BoardItemSpawnerData.txt	ghidra_data_pseudocode.c	native pseudocode (unverified)
1650	MergePuzzle	BoardItemSpawnerData	18C63CC	protected void .ctor() { }	MergePuzzle/BoardItemSpawnerData.cs	code/Il2CppDumper/type_blocks/01650_BoardItemSpawnerData.txt	ghidra_data_pseudocode.c	native pseudocode (unverified)
1652	MergePuzzle	BoardItemData	18C8F8C	public virtual bool Initialize(BoardEntity boardEntity, IItemController item, long millisecondsPassed, bool isNewlyCreated, float capacity) { }	MergePuzzle/BoardItemData.cs	code/Il2CppDumper/type_blocks/01652_BoardItemData.txt	ghidra_data_pseudocode.c	native pseudocode (unverified)
1652	MergePuzzle	BoardItemData	18C8F94	public void OverrideImage(Sprite image) { }	MergePuzzle/BoardItemData.cs	code/Il2CppDumper/type_blocks/01652_BoardItemData.txt	ghidra_data_pseudocode.c	native pseudocode (unverified)
1652	MergePuzzle	BoardItemData	18BD150	public string GetStringValue() { }	MergePuzzle/BoardItemData.cs	code/Il2CppDumper/type_blocks/01652_BoardItemData.txt	ghidra_data_pseudocode.c	native pseudocode (unverified)
1652	MergePuzzle	BoardItemData	18C8F9C	public List<SpawnedItem> GetSpawnedItems(bool useOriginalSetID = False) { }	MergePuzzle/BoardItemData.cs	code/Il2CppDumper/type_blocks/01652_BoardItemData.txt	ghidra_data_pseudocode.c	native pseudocode (unverified)
1652	MergePuzzle	BoardItemData	18C984C	public bool IsNormalAutoPerishableSpawner() { }	MergePuzzle/BoardItemData.cs	code/Il2CppDumper/type_blocks/01652_BoardItemData.txt	ghidra_data_pseudocode.c	native pseudocode (unverified)
1652	MergePuzzle	BoardItemData	18C9958	public bool StoreInventoryRemainingTime() { }	MergePuzzle/BoardItemData.cs	code/Il2CppDumper/type_blocks/01652_BoardItemData.txt	ghidra_data_pseudocode.c	native pseudocode (unverified)
1652	MergePuzzle	BoardItemData	18C9A64	public bool IsCollectableOrSpawner() { }	MergePuzzle/BoardItemData.cs	code/Il2CppDumper/type_blocks/01652_BoardItemData.txt	ghidra_data_pseudocode.c	native pseudocode (unverified)
1652	MergePuzzle	BoardItemData	18C9C30	public bool IsAutoSpawner() { }	MergePuzzle/BoardItemData.cs	code/Il2CppDumper/type_blocks/01652_BoardItemData.txt	ghidra_data_pseudocode.c	native pseudocode (unverified)
1652	MergePuzzle	BoardItemData	18C4884	public bool CanSpawn() { }	MergePuzzle/BoardItemData.cs	code/Il2CppDumper/type_blocks/01652_BoardItemData.txt	ghidra_data_pseudocode.c	native pseudocode (unverified)
1652	MergePuzzle	BoardItemData	18C9CB4	public bool CanSpawnWithoutChest() { }	MergePuzzle/BoardItemData.cs	code/Il2CppDumper/type_blocks/01652_BoardItemData.txt	ghidra_data_pseudocode.c	native pseudocode (unverified)
1652	MergePuzzle	BoardItemData	18C9DC0	public bool IsSpawnerPart() { }	MergePuzzle/BoardItemData.cs	code/Il2CppDumper/type_blocks/01652_BoardItemData.txt	ghidra_data_pseudocode.c	native pseudocode (unverified)
1652	MergePuzzle	BoardItemData	18C9F08	public bool IsSpawnerPartWithoutChest() { }	MergePuzzle/BoardItemData.cs	code/Il2CppDumper/type_blocks/01652_BoardItemData.txt	ghidra_data_pseudocode.c	native pseudocode (unverified)
1652	MergePuzzle	BoardItemData	18C9188	public List<SpawnedItem> GetPerishableSpawnedItems(BoardItemPerishableSpawner perishableSpawner, bool useOriginalSetID) { }	MergePuzzle/BoardItemData.cs	code/Il2CppDumper/type_blocks/01652_BoardItemData.txt	ghidra_data_pseudocode.c	native pseudocode (unverified)
1652	MergePuzzle	BoardItemData	18CA114	public bool IsDefaultBoardFeature() { }	MergePuzzle/BoardItemData.cs	code/Il2CppDumper/type_blocks/01652_BoardItemData.txt	ghidra_data_pseudocode.c	native pseudocode (unverified)
1652	MergePuzzle	BoardItemData	18CA138	public bool IsBoardEventFeature() { }	MergePuzzle/BoardItemData.cs	code/Il2CppDumper/type_blocks/01652_BoardItemData.txt	ghidra_data_pseudocode.c	native pseudocode (unverified)
1652	MergePuzzle	BoardItemData	18CA150	public virtual bool IsCardCollectionItem() { }	MergePuzzle/BoardItemData.cs	code/Il2CppDumper/type_blocks/01652_BoardItemData.txt	ghidra_data_pseudocode.c	native pseudocode (unverified)
1652	MergePuzzle	BoardItemData	18CA158	public bool IsRecurringEventFeature() { }	MergePuzzle/BoardItemData.cs	code/Il2CppDumper/type_blocks/01652_BoardItemData.txt	ghidra_data_pseudocode.c	native pseudocode (unverified)
1652	MergePuzzle	BoardItemData	18CA170	public bool IsDailyChallengeFeature() { }	MergePuzzle/BoardItemData.cs	code/Il2CppDumper/type_blocks/01652_BoardItemData.txt	ghidra_data_pseudocode.c	native pseudocode (unverified)
1652	MergePuzzle	BoardItemData	18CA188	public virtual bool IsMergeable(IItemRuntimeData itself, IItemRuntimeData other) { }	MergePuzzle/BoardItemData.cs	code/Il2CppDumper/type_blocks/01652_BoardItemData.txt	ghidra_expanded_pseudocode.c	native pseudocode (unverified)
1652	MergePuzzle	BoardItemData	18CA190	public virtual bool IsMergeable(IItemRuntimeData itself) { }	MergePuzzle/BoardItemData.cs	code/Il2CppDumper/type_blocks/01652_BoardItemData.txt	ghidra_expanded_pseudocode.c	native pseudocode (unverified)
1652	MergePuzzle	BoardItemData	18CA198	public virtual bool IsMergeable(IItemEntity itemEntity) { }	MergePuzzle/BoardItemData.cs	code/Il2CppDumper/type_blocks/01652_BoardItemData.txt	ghidra_expanded_pseudocode.c	native pseudocode (unverified)
1652	MergePuzzle	BoardItemData	18CA1A0	public virtual bool PreventStoreToInventory(IItemEntity itemEntity) { }	MergePuzzle/BoardItemData.cs	code/Il2CppDumper/type_blocks/01652_BoardItemData.txt	ghidra_data_pseudocode.c	native pseudocode (unverified)
1652	MergePuzzle	BoardItemData	18CA1A8	public virtual bool IsSpawnableFromRewardArea() { }	MergePuzzle/BoardItemData.cs	code/Il2CppDumper/type_blocks/01652_BoardItemData.txt	ghidra_data_pseudocode.c	native pseudocode (unverified)
1652	MergePuzzle	BoardItemData	18CA1B0	public virtual bool CanThrownIntoBoard() { }	MergePuzzle/BoardItemData.cs	code/Il2CppDumper/type_blocks/01652_BoardItemData.txt	ghidra_data_pseudocode.c	native pseudocode (unverified)
1652	MergePuzzle	BoardItemData	18CA1B8	public virtual bool IsDraggable() { }	MergePuzzle/BoardItemData.cs	code/Il2CppDumper/type_blocks/01652_BoardItemData.txt	ghidra_data_pseudocode.c	native pseudocode (unverified)
1652	MergePuzzle	BoardItemData	18CA1C0	public virtual bool IsClickable() { }	MergePuzzle/BoardItemData.cs	code/Il2CppDumper/type_blocks/01652_BoardItemData.txt	ghidra_data_pseudocode.c	native pseudocode (unverified)
1652	MergePuzzle	BoardItemData	18CA1C8	public virtual bool OpenBadgeAtMaxLevel() { }	MergePuzzle/BoardItemData.cs	code/Il2CppDumper/type_blocks/01652_BoardItemData.txt	ghidra_data_pseudocode.c	native pseudocode (unverified)
1652	MergePuzzle	BoardItemData	18C655C	protected void .ctor() { }	MergePuzzle/BoardItemData.cs	code/Il2CppDumper/type_blocks/01652_BoardItemData.txt	ghidra_data_pseudocode.c	native pseudocode (unverified)
1653	MergePuzzle	BoardItemDefault	18CA1D0	public override bool Initialize(BoardEntity boardEntity, IItemController item, long millisecondsPassed, bool isNewlyCreated) { }	MergePuzzle/BoardItemDefault.cs	code/Il2CppDumper/type_blocks/01653_BoardItemDefault.txt		signature only
1653	MergePuzzle	BoardItemDefault	18CA1D8	public override int GetTimeRequiredToExitCharging() { }	MergePuzzle/BoardItemDefault.cs	code/Il2CppDumper/type_blocks/01653_BoardItemDefault.txt		signature only
1653	MergePuzzle	BoardItemDefault	18CA1E0	public void .ctor() { }	MergePuzzle/BoardItemDefault.cs	code/Il2CppDumper/type_blocks/01653_BoardItemDefault.txt		signature only
1654	MergePuzzle	BoardItemDefaultSpawner	18CA1E8	public void .ctor() { }	MergePuzzle/BoardItemDefaultSpawner.cs	code/Il2CppDumper/type_blocks/01654_BoardItemDefaultSpawner.txt		signature only
1655	MergePuzzle	BoardItemEventCurrency	18CA1F0	public override bool Initialize(BoardEntity boardEntity, IItemController item, long millisecondsPassed, bool isNewlyCreated) { }	MergePuzzle/BoardItemEventCurrency.cs	code/Il2CppDumper/type_blocks/01655_BoardItemEventCurrency.txt		signature only
1655	MergePuzzle	BoardItemEventCurrency	18CA1F8	public override int GetTimeRequiredToExitCharging() { }	MergePuzzle/BoardItemEventCurrency.cs	code/Il2CppDumper/type_blocks/01655_BoardItemEventCurrency.txt		signature only
1655	MergePuzzle	BoardItemEventCurrency	18CA200	public void .ctor() { }	MergePuzzle/BoardItemEventCurrency.cs	code/Il2CppDumper/type_blocks/01655_BoardItemEventCurrency.txt		signature only
1656	MergePuzzle	BoardItemNonSpawnable	18CA208	public override bool Initialize(BoardEntity boardEntity, IItemController item, long millisecondsPassed, bool isNewlyCreated) { }	MergePuzzle/BoardItemNonSpawnable.cs	code/Il2CppDumper/type_blocks/01656_BoardItemNonSpawnable.txt		signature only
1656	MergePuzzle	BoardItemNonSpawnable	18CA210	public override int GetTimeRequiredToExitCharging() { }	MergePuzzle/BoardItemNonSpawnable.cs	code/Il2CppDumper/type_blocks/01656_BoardItemNonSpawnable.txt		signature only
1656	MergePuzzle	BoardItemNonSpawnable	18CA218	public override bool IsSpawnableFromRewardArea() { }	MergePuzzle/BoardItemNonSpawnable.cs	code/Il2CppDumper/type_blocks/01656_BoardItemNonSpawnable.txt		signature only
1656	MergePuzzle	BoardItemNonSpawnable	18C6414	protected void .ctor() { }	MergePuzzle/BoardItemNonSpawnable.cs	code/Il2CppDumper/type_blocks/01656_BoardItemNonSpawnable.txt		signature only
1657		BoardItemPerishableSpawner.	18CA530	public void .ctor() { }	MergePuzzle/BoardItemPerishableSpawner.cs	code/Il2CppDumper/type_blocks/01657_BoardItemPerishableSpawner..txt		signature only
1657		BoardItemPerishableSpawner.	18CAC24	internal bool <GetIndexedSpawnedItem>b__0(SpawnIndexedItemGroup group) { }	MergePuzzle/BoardItemPerishableSpawner.cs	code/Il2CppDumper/type_blocks/01657_BoardItemPerishableSpawner..txt		signature only
1657		BoardItemPerishableSpawner.	18CAC54	internal bool <GetIndexedSpawnedItem>b__1(SpawnedItem item) { }	MergePuzzle/BoardItemPerishableSpawner.cs	code/Il2CppDumper/type_blocks/01657_BoardItemPerishableSpawner..txt		signature only
1658		BoardItemPerishableSpawner.	18CA674	public void .ctor() { }	MergePuzzle/BoardItemPerishableSpawner.cs	code/Il2CppDumper/type_blocks/01658_BoardItemPerishableSpawner..txt		signature only
1658		BoardItemPerishableSpawner.	18CAC9C	internal bool <GetRandomItem>b__0(SpawnedItem item) { }	MergePuzzle/BoardItemPerishableSpawner.cs	code/Il2CppDumper/type_blocks/01658_BoardItemPerishableSpawner..txt		signature only
1659	MergePuzzle	BoardItemPerishableSpawner	18CA050	public PerishableSpawnerConfigAdaptor GetConfigAdaptor() { }	MergePuzzle/BoardItemPerishableSpawner.cs	code/Il2CppDumper/type_blocks/01659_BoardItemPerishableSpawner.txt	ghidra_data_pseudocode.c	native pseudocode (unverified)
1659	MergePuzzle	BoardItemPerishableSpawner	18CA220	public SpawnedItem GetNonProbabilisticItem(int currentCapacity) { }	MergePuzzle/BoardItemPerishableSpawner.cs	code/Il2CppDumper/type_blocks/01659_BoardItemPerishableSpawner.txt	ghidra_data_pseudocode.c	native pseudocode (unverified)
1659	MergePuzzle	BoardItemPerishableSpawner	18CA310	public SpawnedItem GetIndexedSpawnedItem(int currentCapacity) { }	MergePuzzle/BoardItemPerishableSpawner.cs	code/Il2CppDumper/type_blocks/01659_BoardItemPerishableSpawner.txt	ghidra_data_pseudocode.c	native pseudocode (unverified)
1659	MergePuzzle	BoardItemPerishableSpawner	18CA538	public SpawnedItem GetRandomItem() { }	MergePuzzle/BoardItemPerishableSpawner.cs	code/Il2CppDumper/type_blocks/01659_BoardItemPerishableSpawner.txt	ghidra_expanded_pseudocode.c	native pseudocode (unverified)
1659	MergePuzzle	BoardItemPerishableSpawner	18CA67C	public override bool Initialize(BoardEntity boardEntity, IItemController item, long millisecondsPassed, bool isNewlyCreated) { }	MergePuzzle/BoardItemPerishableSpawner.cs	code/Il2CppDumper/type_blocks/01659_BoardItemPerishableSpawner.txt	ghidra_data_pseudocode.c	native pseudocode (unverified)
1659	MergePuzzle	BoardItemPerishableSpawner	18CA910	public override bool Initialize(BoardEntity boardEntity, IItemController item, long millisecondsPassed, bool isNewlyCreated, float capacity) { }	MergePuzzle/BoardItemPerishableSpawner.cs	code/Il2CppDumper/type_blocks/01659_BoardItemPerishableSpawner.txt	ghidra_data_pseudocode.c	native pseudocode (unverified)
1659	MergePuzzle	BoardItemPerishableSpawner	18CAB7C	public override int GetTimeRequiredToExitCharging() { }	MergePuzzle/BoardItemPerishableSpawner.cs	code/Il2CppDumper/type_blocks/01659_BoardItemPerishableSpawner.txt	ghidra_data_pseudocode.c	native pseudocode (unverified)
1659	MergePuzzle	BoardItemPerishableSpawner	18CAB84	public bool IsUseEnergySprite() { }	MergePuzzle/BoardItemPerishableSpawner.cs	code/Il2CppDumper/type_blocks/01659_BoardItemPerishableSpawner.txt	ghidra_data_pseudocode.c	native pseudocode (unverified)
1659	MergePuzzle	BoardItemPerishableSpawner	18CABB4	public AdaptorBase ConvertFromLocal() { }	MergePuzzle/BoardItemPerishableSpawner.cs	code/Il2CppDumper/type_blocks/01659_BoardItemPerishableSpawner.txt	ghidra_data_pseudocode.c	native pseudocode (unverified)
1659	MergePuzzle	BoardItemPerishableSpawner	18CAC14	public void .ctor() { }	MergePuzzle/BoardItemPerishableSpawner.cs	code/Il2CppDumper/type_blocks/01659_BoardItemPerishableSpawner.txt	ghidra_data_pseudocode.c	native pseudocode (unverified)
1660		BoardItemPickBox.	18CB9C0	private static void .cctor() { }	MergePuzzle/BoardItemPickBox.cs	code/Il2CppDumper/type_blocks/01660_BoardItemPickBox..txt		signature only
1660		BoardItemPickBox.	18CBA34	public void .ctor() { }	MergePuzzle/BoardItemPickBox.cs	code/Il2CppDumper/type_blocks/01660_BoardItemPickBox..txt		signature only
1660		BoardItemPickBox.	18CBA3C	internal float <GetRandom>b__11_0(SpawnedItem el) { }	MergePuzzle/BoardItemPickBox.cs	code/Il2CppDumper/type_blocks/01660_BoardItemPickBox..txt		signature only
1661		BoardItemPickBox.	18CB758	public void .ctor() { }	MergePuzzle/BoardItemPickBox.cs	code/Il2CppDumper/type_blocks/01661_BoardItemPickBox..txt		signature only
1661		BoardItemPickBox.	18CBA58	internal bool <GetRandomItemForOption2>b__0(SpawnedItem el) { }	MergePuzzle/BoardItemPickBox.cs	code/Il2CppDumper/type_blocks/01661_BoardItemPickBox..txt		signature only
1662		BoardItemPickBox.	18CB760	public void .ctor() { }	MergePuzzle/BoardItemPickBox.cs	code/Il2CppDumper/type_blocks/01662_BoardItemPickBox..txt		signature only
1662		BoardItemPickBox.	18CBA98	internal bool <GetRandomItemForOption3>b__0(SpawnedItem el) { }	MergePuzzle/BoardItemPickBox.cs	code/Il2CppDumper/type_blocks/01662_BoardItemPickBox..txt		signature only
1663	MergePuzzle	BoardItemPickBox	18CACE4	public override bool Initialize(BoardEntity boardEntity, IItemController item, long millisecondsPassed, bool isNewlyCreated) { }	MergePuzzle/BoardItemPickBox.cs	code/Il2CppDumper/type_blocks/01663_BoardItemPickBox.txt		signature only
1663	MergePuzzle	BoardItemPickBox	18CACEC	public override int GetTimeRequiredToExitCharging() { }	MergePuzzle/BoardItemPickBox.cs	code/Il2CppDumper/type_blocks/01663_BoardItemPickBox.txt		signature only
1663	MergePuzzle	BoardItemPickBox	18CACF4	public PickBoxSpawnerConfigAdaptor GetConfigAdaptor() { }	MergePuzzle/BoardItemPickBox.cs	code/Il2CppDumper/type_blocks/01663_BoardItemPickBox.txt		signature only
1663	MergePuzzle	BoardItemPickBox	18CADB8	public List<SpawnedItem> GetRandomItems() { }	MergePuzzle/BoardItemPickBox.cs	code/Il2CppDumper/type_blocks/01663_BoardItemPickBox.txt		signature only
1663	MergePuzzle	BoardItemPickBox	18CB010	private SpawnedItem GetRandomItemForOption1() { }	MergePuzzle/BoardItemPickBox.cs	code/Il2CppDumper/type_blocks/01663_BoardItemPickBox.txt		signature only
1663	MergePuzzle	BoardItemPickBox	18CB054	private SpawnedItem GetRandomItemForOption2(int option1SelectedSet) { }	MergePuzzle/BoardItemPickBox.cs	code/Il2CppDumper/type_blocks/01663_BoardItemPickBox.txt		signature only
1663	MergePuzzle	BoardItemPickBox	18CB1BC	private SpawnedItem GetRandomItemForOption3(int option1SelectedSet, int option2SelectedSet) { }	MergePuzzle/BoardItemPickBox.cs	code/Il2CppDumper/type_blocks/01663_BoardItemPickBox.txt		signature only
1663	MergePuzzle	BoardItemPickBox	18CB768	private SpawnedItem GetExceptionItem() { }	MergePuzzle/BoardItemPickBox.cs	code/Il2CppDumper/type_blocks/01663_BoardItemPickBox.txt		signature only
1663	MergePuzzle	BoardItemPickBox	18CB32C	private SpawnedItem GetRandom(List<SpawnedItem> lst) { }	MergePuzzle/BoardItemPickBox.cs	code/Il2CppDumper/type_blocks/01663_BoardItemPickBox.txt		signature only
1663	MergePuzzle	BoardItemPickBox	18CB958	public AdaptorBase ConvertFromLocal() { }	MergePuzzle/BoardItemPickBox.cs	code/Il2CppDumper/type_blocks/01663_BoardItemPickBox.txt		signature only
1663	MergePuzzle	BoardItemPickBox	18CB9B8	public void .ctor() { }	MergePuzzle/BoardItemPickBox.cs	code/Il2CppDumper/type_blocks/01663_BoardItemPickBox.txt		signature only
1664	MergePuzzle	BoardItemProgressive	18CBAFC	public override bool Initialize(BoardEntity boardEntity, IItemController item, long millisecondsPassed, bool isNewlyCreated) { }	MergePuzzle/BoardItemProgressive.cs	code/Il2CppDumper/type_blocks/01664_BoardItemProgressive.txt		signature only
1664	MergePuzzle	BoardItemProgressive	18CBB04	public override int GetTimeRequiredToExitCharging() { }	MergePuzzle/BoardItemProgressive.cs	code/Il2CppDumper/type_blocks/01664_BoardItemProgressive.txt		signature only
1664	MergePuzzle	BoardItemProgressive	18CBB0C	public ProgressiveAdaptor GetConfigAdaptor() { }	MergePuzzle/BoardItemProgressive.cs	code/Il2CppDumper/type_blocks/01664_BoardItemProgressive.txt		signature only
1664	MergePuzzle	BoardItemProgressive	18CBBC4	public AdaptorBase ConvertFromLocal() { }	MergePuzzle/BoardItemProgressive.cs	code/Il2CppDumper/type_blocks/01664_BoardItemProgressive.txt		signature only
1664	MergePuzzle	BoardItemProgressive	18CBC24	public void .ctor() { }	MergePuzzle/BoardItemProgressive.cs	code/Il2CppDumper/type_blocks/01664_BoardItemProgressive.txt		signature only
1665	MergePuzzle	BoardItemSurpriseBox	18CBC2C	public void .ctor() { }	MergePuzzle/BoardItemSurpriseBox.cs	code/Il2CppDumper/type_blocks/01665_BoardItemSurpriseBox.txt		signature only
1666		LevelBasedChestSpawner.	18CC7E4	public void .ctor() { }	MergePuzzle/LevelBasedChestSpawner.cs	code/Il2CppDumper/type_blocks/01666_LevelBasedChestSpawner..txt		signature only
1666		LevelBasedChestSpawner.	18CC87C	internal bool <GetRandomItem>b__0(SpawnedItem item) { }	MergePuzzle/LevelBasedChestSpawner.cs	code/Il2CppDumper/type_blocks/01666_LevelBasedChestSpawner..txt		signature only
1667	MergePuzzle	LevelBasedChestSpawner	18CBC3C	public override bool Initialize(BoardEntity boardEntity, IItemController item, long millisecondsPassed, bool isNewlyCreated) { }	MergePuzzle/LevelBasedChestSpawner.cs	code/Il2CppDumper/type_blocks/01667_LevelBasedChestSpawner.txt		signature only
1667	MergePuzzle	LevelBasedChestSpawner	18C958C	public List<SpawnedItem> GetCurrentSpawnedItems() { }	MergePuzzle/LevelBasedChestSpawner.cs	code/Il2CppDumper/type_blocks/01667_LevelBasedChestSpawner.txt		signature only
1667	MergePuzzle	LevelBasedChestSpawner	18CC624	public override SpawnedItem GetNonProbabilisticItem(int currentCapacity) { }	MergePuzzle/LevelBasedChestSpawner.cs	code/Il2CppDumper/type_blocks/01667_LevelBasedChestSpawner.txt		signature only
1667	MergePuzzle	LevelBasedChestSpawner	18CC6C4	public override SpawnedItem GetRandomItem() { }	MergePuzzle/LevelBasedChestSpawner.cs	code/Il2CppDumper/type_blocks/01667_LevelBasedChestSpawner.txt		signature only
1667	MergePuzzle	LevelBasedChestSpawner	18CC7EC	public bool IsUseEnergySprite() { }	MergePuzzle/LevelBasedChestSpawner.cs	code/Il2CppDumper/type_blocks/01667_LevelBasedChestSpawner.txt		signature only
1667	MergePuzzle	LevelBasedChestSpawner	18CC560	public LevelBasedChestSpawnerConfigAdaptor GetConfigAdaptor() { }	MergePuzzle/LevelBasedChestSpawner.cs	code/Il2CppDumper/type_blocks/01667_LevelBasedChestSpawner.txt		signature only
1667	MergePuzzle	LevelBasedChestSpawner	18CC814	public AdaptorBase ConvertFromLocal() { }	MergePuzzle/LevelBasedChestSpawner.cs	code/Il2CppDumper/type_blocks/01667_LevelBasedChestSpawner.txt		signature only
1667	MergePuzzle	LevelBasedChestSpawner	18CC874	public void .ctor() { }	MergePuzzle/LevelBasedChestSpawner.cs	code/Il2CppDumper/type_blocks/01667_LevelBasedChestSpawner.txt		signature only
1668	MergePuzzle	BoardItemSetData	18CC8C4	public bool IsFeature() { }	MergePuzzle/BoardItemSetData.cs	code/Il2CppDumper/type_blocks/01668_BoardItemSetData.txt	ghidra_data_pseudocode.c	native pseudocode (unverified)
1668	MergePuzzle	BoardItemSetData	18CC8E0	public bool IsBoardEventFeature() { }	MergePuzzle/BoardItemSetData.cs	code/Il2CppDumper/type_blocks/01668_BoardItemSetData.txt	ghidra_data_pseudocode.c	native pseudocode (unverified)
1668	MergePuzzle	BoardItemSetData	18CC8F8	public bool IsRecurringEventFeature() { }	MergePuzzle/BoardItemSetData.cs	code/Il2CppDumper/type_blocks/01668_BoardItemSetData.txt	ghidra_data_pseudocode.c	native pseudocode (unverified)
1668	MergePuzzle	BoardItemSetData	18CC910	public bool IsDefaultBoardFeature() { }	MergePuzzle/BoardItemSetData.cs	code/Il2CppDumper/type_blocks/01668_BoardItemSetData.txt	ghidra_data_pseudocode.c	native pseudocode (unverified)
1668	MergePuzzle	BoardItemSetData	18CC934	public bool IsDailyChallengeFeature() { }	MergePuzzle/BoardItemSetData.cs	code/Il2CppDumper/type_blocks/01668_BoardItemSetData.txt	ghidra_data_pseudocode.c	native pseudocode (unverified)
1668	MergePuzzle	BoardItemSetData	18CC94C	public void .ctor() { }	MergePuzzle/BoardItemSetData.cs	code/Il2CppDumper/type_blocks/01668_BoardItemSetData.txt	ghidra_data_pseudocode.c	native pseudocode (unverified)
1674		ItemController.	18CCF98	public void .ctor() { }	MergePuzzle/ItemController.cs	code/Il2CppDumper/type_blocks/01674_ItemController..txt		signature only
1674		ItemController.	18CCFA0	internal int <IsMergeAvailable>b__0(CellMergeCollider item1, CellMergeCollider item2) { }	MergePuzzle/ItemController.cs	code/Il2CppDumper/type_blocks/01674_ItemController..txt		signature only
1675		ItemController.	18CD118	public void .ctor() { }	MergePuzzle/ItemController.cs	code/Il2CppDumper/type_blocks/01675_ItemController..txt		signature only
1675		ItemController.	18CD120	internal void <ChargeIt>b__0() { }	MergePuzzle/ItemController.cs	code/Il2CppDumper/type_blocks/01675_ItemController..txt		signature only
1676		ItemController.	18CD21C	public void .ctor() { }	MergePuzzle/ItemController.cs	code/Il2CppDumper/type_blocks/01676_ItemController..txt		signature only
1676		ItemController.	18CD224	internal void <AnimateItemToTask>b__0() { }	MergePuzzle/ItemController.cs	code/Il2CppDumper/type_blocks/01676_ItemController..txt		signature only
1677		ItemController.	18CD4F8	public void .ctor() { }	MergePuzzle/ItemController.cs	code/Il2CppDumper/type_blocks/01677_ItemController..txt		signature only
1677		ItemController.	18CD500	internal void <AnimateItemToTask>b__0() { }	MergePuzzle/ItemController.cs	code/Il2CppDumper/type_blocks/01677_ItemController..txt		signature only
1678		ItemController.	18CD51C	public void .ctor() { }	MergePuzzle/ItemController.cs	code/Il2CppDumper/type_blocks/01678_ItemController..txt		signature only
1678		ItemController.	18CD524	internal void <AnimateItemToSpecialTask>b__0() { }	MergePuzzle/ItemController.cs	code/Il2CppDumper/type_blocks/01678_ItemController..txt		signature only
1679		ItemController.	18CD980	public void .ctor() { }	MergePuzzle/ItemController.cs	code/Il2CppDumper/type_blocks/01679_ItemController..txt		signature only
1679		ItemController.	18CD988	internal bool <DragStopped>b__0(CellController cellItem) { }	MergePuzzle/ItemController.cs	code/Il2CppDumper/type_blocks/01679_ItemController..txt		signature only
1679		ItemController.	18CDA64	internal int <DragStopped>b__1(CellController item1, CellController item2) { }	MergePuzzle/ItemController.cs	code/Il2CppDumper/type_blocks/01679_ItemController..txt		signature only
1680		ItemController.	18CDBDC	private void MoveNext() { }	MergePuzzle/ItemController.cs	code/Il2CppDumper/type_blocks/01680_ItemController..txt		signature only
1680		ItemController.	18CDE30	private void SetStateMachine(IAsyncStateMachine stateMachine) { }	MergePuzzle/ItemController.cs	code/Il2CppDumper/type_blocks/01680_ItemController..txt		signature only
1681		ItemController.	18CDE3C	private void MoveNext() { }	MergePuzzle/ItemController.cs	code/Il2CppDumper/type_blocks/01681_ItemController..txt		signature only
1681		ItemController.	18CEADC	private void SetStateMachine(IAsyncStateMachine stateMachine) { }	MergePuzzle/ItemController.cs	code/Il2CppDumper/type_blocks/01681_ItemController..txt		signature only
1682	MergePuzzle	ItemController	1886840	public Transform get_IconTransform() { }	MergePuzzle/ItemController.cs	code/Il2CppDumper/type_blocks/01682_ItemController.txt		signature only
1682	MergePuzzle	ItemController	1886864	public SortingGroup get_SortingGroup() { }	MergePuzzle/ItemController.cs	code/Il2CppDumper/type_blocks/01682_ItemController.txt		signature only
1682	MergePuzzle	ItemController	188686C	private void set_SortingGroup(SortingGroup value) { }	MergePuzzle/ItemController.cs	code/Il2CppDumper/type_blocks/01682_ItemController.txt		signature only
1682	MergePuzzle	ItemController	1886874	public ItemParticleController get_ItemParticleController() { }	MergePuzzle/ItemController.cs	code/Il2CppDumper/type_blocks/01682_ItemController.txt		signature only
1682	MergePuzzle	ItemController	188687C	public void set_ItemParticleController(ItemParticleController value) { }	MergePuzzle/ItemController.cs	code/Il2CppDumper/type_blocks/01682_ItemController.txt		signature only
1682	MergePuzzle	ItemController	1886884	public ItemRuntimeData get_ItemRuntimeData() { }	MergePuzzle/ItemController.cs	code/Il2CppDumper/type_blocks/01682_ItemController.txt		signature only
1682	MergePuzzle	ItemController	188688C	private void set_ItemRuntimeData(ItemRuntimeData value) { }	MergePuzzle/ItemController.cs	code/Il2CppDumper/type_blocks/01682_ItemController.txt		signature only
1682	MergePuzzle	ItemController	1886894	public Movable get_Movable() { }	MergePuzzle/ItemController.cs	code/Il2CppDumper/type_blocks/01682_ItemController.txt		signature only
1682	MergePuzzle	ItemController	188689C	private void set_Movable(Movable value) { }	MergePuzzle/ItemController.cs	code/Il2CppDumper/type_blocks/01682_ItemController.txt		signature only
1682	MergePuzzle	ItemController	18868A4	public BoardController get_Board() { }	MergePuzzle/ItemController.cs	code/Il2CppDumper/type_blocks/01682_ItemController.txt		signature only
1682	MergePuzzle	ItemController	18868AC	private void set_Board(BoardController value) { }	MergePuzzle/ItemController.cs	code/Il2CppDumper/type_blocks/01682_ItemController.txt		signature only
1682	MergePuzzle	ItemController	18868B4	public Collider2D get_Collider2D() { }	MergePuzzle/ItemController.cs	code/Il2CppDumper/type_blocks/01682_ItemController.txt		signature only
1682	MergePuzzle	ItemController	18868BC	private void set_Collider2D(Collider2D value) { }	MergePuzzle/ItemController.cs	code/Il2CppDumper/type_blocks/01682_ItemController.txt		signature only
1682	MergePuzzle	ItemController	18868C4	public SortingData get_SortingData() { }	MergePuzzle/ItemController.cs	code/Il2CppDumper/type_blocks/01682_ItemController.txt		signature only
1682	MergePuzzle	ItemController	18868CC	private void set_SortingData(SortingData value) { }	MergePuzzle/ItemController.cs	code/Il2CppDumper/type_blocks/01682_ItemController.txt		signature only
1682	MergePuzzle	ItemController	18868D4	private GameplayScaledCanvasView get_GameplayScaledCanvasView() { }	MergePuzzle/ItemController.cs	code/Il2CppDumper/type_blocks/01682_ItemController.txt		signature only
1682	MergePuzzle	ItemController	188693C	private GameplayNonScaledCanvasView get_GameplayNonScaledCanvasView() { }	MergePuzzle/ItemController.cs	code/Il2CppDumper/type_blocks/01682_ItemController.txt		signature only
1682	MergePuzzle	ItemController	18869A4	private EnergyMultiplierHandler get_EnergyMultiplierHandler() { }	MergePuzzle/ItemController.cs	code/Il2CppDumper/type_blocks/01682_ItemController.txt		signature only
1682	MergePuzzle	ItemController	1886A6C	public SpawnerClockController get_SpawnerClockController() { }	MergePuzzle/ItemController.cs	code/Il2CppDumper/type_blocks/01682_ItemController.txt		signature only
1682	MergePuzzle	ItemController	1886A74	public void set_SpawnerClockController(SpawnerClockController value) { }	MergePuzzle/ItemController.cs	code/Il2CppDumper/type_blocks/01682_ItemController.txt		signature only
1682	MergePuzzle	ItemController	1886A7C	public ItemControllerDialogue get_ItemControllerDialogue() { }	MergePuzzle/ItemController.cs	code/Il2CppDumper/type_blocks/01682_ItemController.txt		signature only
1682	MergePuzzle	ItemController	1886A84	public void set_ItemControllerDialogue(ItemControllerDialogue value) { }	MergePuzzle/ItemController.cs	code/Il2CppDumper/type_blocks/01682_ItemController.txt		signature only
1682	MergePuzzle	ItemController	1886A8C	public ItemControllerTick get_ItemControllerTick() { }	MergePuzzle/ItemController.cs	code/Il2CppDumper/type_blocks/01682_ItemController.txt		signature only
1682	MergePuzzle	ItemController	1886A94	public void set_ItemControllerTick(ItemControllerTick value) { }	MergePuzzle/ItemController.cs	code/Il2CppDumper/type_blocks/01682_ItemController.txt		signature only
1682	MergePuzzle	ItemController	1886A9C	public ItemControllerProgressBar get_ItemControllerProgressBar() { }	MergePuzzle/ItemController.cs	code/Il2CppDumper/type_blocks/01682_ItemController.txt		signature only
1682	MergePuzzle	ItemController	1886AA4	public void set_ItemControllerProgressBar(ItemControllerProgressBar value) { }	MergePuzzle/ItemController.cs	code/Il2CppDumper/type_blocks/01682_ItemController.txt		signature only
1682	MergePuzzle	ItemController	1886AAC	public ItemControllerMaxBadge get_ItemControllerMaxBadge() { }	MergePuzzle/ItemController.cs	code/Il2CppDumper/type_blocks/01682_ItemController.txt		signature only
1682	MergePuzzle	ItemController	1886AB4	public void set_ItemControllerMaxBadge(ItemControllerMaxBadge value) { }	MergePuzzle/ItemController.cs	code/Il2CppDumper/type_blocks/01682_ItemController.txt		signature only
1682	MergePuzzle	ItemController	1886ABC	public ItemControllerDebug get_ItemControllerDebug() { }	MergePuzzle/ItemController.cs	code/Il2CppDumper/type_blocks/01682_ItemController.txt		signature only
1682	MergePuzzle	ItemController	1886AC4	public void set_ItemControllerDebug(ItemControllerDebug value) { }	MergePuzzle/ItemController.cs	code/Il2CppDumper/type_blocks/01682_ItemController.txt		signature only
1682	MergePuzzle	ItemController	1886ACC	public ItemControllerBox get_ItemControllerBox() { }	MergePuzzle/ItemController.cs	code/Il2CppDumper/type_blocks/01682_ItemController.txt		signature only
1682	MergePuzzle	ItemController	1886AD4	public void set_ItemControllerBox(ItemControllerBox value) { }	MergePuzzle/ItemController.cs	code/Il2CppDumper/type_blocks/01682_ItemController.txt		signature only
1682	MergePuzzle	ItemController	1886ADC	public ItemControllerLock get_ItemControllerLock() { }	MergePuzzle/ItemController.cs	code/Il2CppDumper/type_blocks/01682_ItemController.txt		signature only
1682	MergePuzzle	ItemController	1886AE4	public void set_ItemControllerLock(ItemControllerLock value) { }	MergePuzzle/ItemController.cs	code/Il2CppDumper/type_blocks/01682_ItemController.txt		signature only
1682	MergePuzzle	ItemController	1886AEC	public ItemControllerTreasureBoxUnlock get_ItemControllerTreasureBoxUnlock() { }	MergePuzzle/ItemController.cs	code/Il2CppDumper/type_blocks/01682_ItemController.txt		signature only
1682	MergePuzzle	ItemController	1886AF4	public void set_ItemControllerTreasureBoxUnlock(ItemControllerTreasureBoxUnlock value) { }	MergePuzzle/ItemController.cs	code/Il2CppDumper/type_blocks/01682_ItemController.txt		signature only
1682	MergePuzzle	ItemController	1886AFC	public ItemControllerSpawnerEnergy get_ItemControllerSpawnerEnergy() { }	MergePuzzle/ItemController.cs	code/Il2CppDumper/type_blocks/01682_ItemController.txt		signature only
1682	MergePuzzle	ItemController	1886B04	public void set_ItemControllerSpawnerEnergy(ItemControllerSpawnerEnergy value) { }	MergePuzzle/ItemController.cs	code/Il2CppDumper/type_blocks/01682_ItemController.txt		signature only
1682	MergePuzzle	ItemController	1886B0C	public ItemControllerProgressText get_ItemControllerProgressText() { }	MergePuzzle/ItemController.cs	code/Il2CppDumper/type_blocks/01682_ItemController.txt		signature only
1682	MergePuzzle	ItemController	1886B14	public void set_ItemControllerProgressText(ItemControllerProgressText value) { }	MergePuzzle/ItemController.cs	code/Il2CppDumper/type_blocks/01682_ItemController.txt		signature only
1682	MergePuzzle	ItemController	1886B1C	public ItemControllerTreasureBoxOpenSprite get_ItemControllerTreasureBoxOpenSprite() { }	MergePuzzle/ItemController.cs	code/Il2CppDumper/type_blocks/01682_ItemController.txt		signature only
1682	MergePuzzle	ItemController	1886B24	public void set_ItemControllerTreasureBoxOpenSprite(ItemControllerTreasureBoxOpenSprite value) { }	MergePuzzle/ItemController.cs	code/Il2CppDumper/type_blocks/01682_ItemController.txt		signature only
1682	MergePuzzle	ItemController	1886B2C	public ItemControllerTreasureBoxOpened get_ItemControllerTreasureBoxOpened() { }	MergePuzzle/ItemController.cs	code/Il2CppDumper/type_blocks/01682_ItemController.txt		signature only
1682	MergePuzzle	ItemController	1886B34	public void set_ItemControllerTreasureBoxOpened(ItemControllerTreasureBoxOpened value) { }	MergePuzzle/ItemController.cs	code/Il2CppDumper/type_blocks/01682_ItemController.txt		signature only
1682	MergePuzzle	ItemController	1886B3C	public ItemControllerBubble get_ItemControllerBubble() { }	MergePuzzle/ItemController.cs	code/Il2CppDumper/type_blocks/01682_ItemController.txt		signature only
1682	MergePuzzle	ItemController	1886B44	public void set_ItemControllerBubble(ItemControllerBubble value) { }	MergePuzzle/ItemController.cs	code/Il2CppDumper/type_blocks/01682_ItemController.txt		signature only
1682	MergePuzzle	ItemController	1886B4C	public IBoardController get_GetBoardController() { }	MergePuzzle/ItemController.cs	code/Il2CppDumper/type_blocks/01682_ItemController.txt		signature only
1682	MergePuzzle	ItemController	1886B54	public IItemRuntimeData get_GetRuntimeData() { }	MergePuzzle/ItemController.cs	code/Il2CppDumper/type_blocks/01682_ItemController.txt		signature only
1682	MergePuzzle	ItemController	1886B5C	"public void ChangeCurrentCapacity(BoardItemSpawnerData spawnerData, float amount, bool isRewardedCapacity = False, bool animateClockDisappear = False, string changeReason = """", bool saveBoard = True) { }"	MergePuzzle/ItemController.cs	code/Il2CppDumper/type_blocks/01682_ItemController.txt	ghidra_expanded_pseudocode.c	native pseudocode (unverified)
1682	MergePuzzle	ItemController	18876A4	public bool PreventRecharge(bool log = False) { }	MergePuzzle/ItemController.cs	code/Il2CppDumper/type_blocks/01682_ItemController.txt		signature only
1682	MergePuzzle	ItemController	18878A0	public void ArrangeOpenChestSpawnerState() { }	MergePuzzle/ItemController.cs	code/Il2CppDumper/type_blocks/01682_ItemController.txt	ghidra_flow_pseudocode.c	native pseudocode (unverified)
1682	MergePuzzle	ItemController	1887AEC	public void BoardChangeState(bool animateClockDisappear) { }	MergePuzzle/ItemController.cs	code/Il2CppDumper/type_blocks/01682_ItemController.txt		signature only
1682	MergePuzzle	ItemController	1887B70	public bool ProcessSpawn(BoardItemSpawnerData boardItemSpawnerData, int energyConsumeAmount) { }	MergePuzzle/ItemController.cs	code/Il2CppDumper/type_blocks/01682_ItemController.txt	ghidra_expanded_pseudocode.c	native pseudocode (unverified)
1682	MergePuzzle	ItemController	18887EC	public bool ProcessSpawn(BoardItemPerishableSpawner boardItemPerishableSpawner, int energyConsumeAmount) { }	MergePuzzle/ItemController.cs	code/Il2CppDumper/type_blocks/01682_ItemController.txt	ghidra_expanded_pseudocode.c	native pseudocode (unverified)
1682	MergePuzzle	ItemController	1889294	public bool ProcessSpawn(BoardItemChestSpawner boardItemChestSpawner, int energyConsumeAmount) { }	MergePuzzle/ItemController.cs	code/Il2CppDumper/type_blocks/01682_ItemController.txt	ghidra_expanded_pseudocode.c	native pseudocode (unverified)
1682	MergePuzzle	ItemController	1889974	public override void Awake() { }	MergePuzzle/ItemController.cs	code/Il2CppDumper/type_blocks/01682_ItemController.txt		signature only
1682	MergePuzzle	ItemController	1889BF0	private void OnDisable() { }	MergePuzzle/ItemController.cs	code/Il2CppDumper/type_blocks/01682_ItemController.txt		signature only
1682	MergePuzzle	ItemController	1889BFC	public override void OnDestroy() { }	MergePuzzle/ItemController.cs	code/Il2CppDumper/type_blocks/01682_ItemController.txt		signature only
1682	MergePuzzle	ItemController	1889D9C	public void DestroyItem(bool undoDestroy) { }	MergePuzzle/ItemController.cs	code/Il2CppDumper/type_blocks/01682_ItemController.txt		signature only
1682	MergePuzzle	ItemController	1889B40	private static ItemRuntimeData GetDefaultRuntimeData() { }	MergePuzzle/ItemController.cs	code/Il2CppDumper/type_blocks/01682_ItemController.txt	ghidra_flow_pseudocode.c	native pseudocode (unverified)
1682	MergePuzzle	ItemController	188AB78	public void SetScale(Vector3 scale) { }	MergePuzzle/ItemController.cs	code/Il2CppDumper/type_blocks/01682_ItemController.txt		signature only
1682	MergePuzzle	ItemController	188ABB4	public override void UpdatePlayingTick(float elapsedTime) { }	MergePuzzle/ItemController.cs	code/Il2CppDumper/type_blocks/01682_ItemController.txt		signature only
1682	MergePuzzle	ItemController	188ACF4	private void ChangeGameObjectName() { }	MergePuzzle/ItemController.cs	code/Il2CppDumper/type_blocks/01682_ItemController.txt		signature only
1682	MergePuzzle	ItemController	188AFA0	private bool IsPlayingTickUnavailable() { }	MergePuzzle/ItemController.cs	code/Il2CppDumper/type_blocks/01682_ItemController.txt		signature only
1682	MergePuzzle	ItemController	188BD60	public override void UpdatePausedTick(float elapsedTime) { }	MergePuzzle/ItemController.cs	code/Il2CppDumper/type_blocks/01682_ItemController.txt		signature only
1682	MergePuzzle	ItemController	188BDBC	public override void UpdateTutorialTick(float elapsedTime) { }	MergePuzzle/ItemController.cs	code/Il2CppDumper/type_blocks/01682_ItemController.txt		signature only
1682	MergePuzzle	ItemController	188BBE8	public void SetGoalTick() { }	MergePuzzle/ItemController.cs	code/Il2CppDumper/type_blocks/01682_ItemController.txt		signature only
1682	MergePuzzle	ItemController	188CF88	public BoardPosition GetPosition() { }	MergePuzzle/ItemController.cs	code/Il2CppDumper/type_blocks/01682_ItemController.txt	ghidra_flow_pseudocode.c	native pseudocode (unverified)
1682	MergePuzzle	ItemController	188D13C	public CellController GetCell() { }	MergePuzzle/ItemController.cs	code/Il2CppDumper/type_blocks/01682_ItemController.txt	ghidra_flow_pseudocode.c	native pseudocode (unverified)
1682	MergePuzzle	ItemController	188BEF4	public void ArrangeItemTickImage() { }	MergePuzzle/ItemController.cs	code/Il2CppDumper/type_blocks/01682_ItemController.txt		signature only
1682	MergePuzzle	ItemController	188B0C4	private void CheckBubbleTime() { }	MergePuzzle/ItemController.cs	code/Il2CppDumper/type_blocks/01682_ItemController.txt	ghidra_flow_pseudocode.c	native pseudocode (unverified)
1682	MergePuzzle	ItemController	188D1A4	public void ClearTreasureBoxNotif() { }	MergePuzzle/ItemController.cs	code/Il2CppDumper/type_blocks/01682_ItemController.txt		signature only
1682	MergePuzzle	ItemController	188D1A8	public bool IsColliderEnabled() { }	MergePuzzle/ItemController.cs	code/Il2CppDumper/type_blocks/01682_ItemController.txt		signature only
1682	MergePuzzle	ItemController	188D1CC	public void SetColliderState(bool state) { }	MergePuzzle/ItemController.cs	code/Il2CppDumper/type_blocks/01682_ItemController.txt		signature only
1682	MergePuzzle	ItemController	188D1F8	private void CheckSpawnTutorialFinish() { }	MergePuzzle/ItemController.cs	code/Il2CppDumper/type_blocks/01682_ItemController.txt		signature only
1682	MergePuzzle	ItemController	188D298	public bool IsItemSpawnerOrCollectable() { }	MergePuzzle/ItemController.cs	code/Il2CppDumper/type_blocks/01682_ItemController.txt	ghidra_flow_pseudocode.c	native pseudocode (unverified)
1682	MergePuzzle	ItemController	188D438	private bool IsCollidingButton(Button button) { }	MergePuzzle/ItemController.cs	code/Il2CppDumper/type_blocks/01682_ItemController.txt		signature only
1682	MergePuzzle	ItemController	188D4BC	public void PrepareRecurringEventClick() { }	MergePuzzle/ItemController.cs	code/Il2CppDumper/type_blocks/01682_ItemController.txt	ghidra_flow_pseudocode.c	native pseudocode (unverified)
1682	MergePuzzle	ItemController	188D4EC	public void SetTutorialSortingData(SortingData sortingData) { }	MergePuzzle/ItemController.cs	code/Il2CppDumper/type_blocks/01682_ItemController.txt		signature only
1682	MergePuzzle	ItemController	188D56C	public SortingData GetTutorialSortingData() { }	MergePuzzle/ItemController.cs	code/Il2CppDumper/type_blocks/01682_ItemController.txt		signature only
1682	MergePuzzle	ItemController	188D608	public void ArrangeInitializationSortingStatus(bool enableCollisions) { }	MergePuzzle/ItemController.cs	code/Il2CppDumper/type_blocks/01682_ItemController.txt		signature only
1682	MergePuzzle	ItemController	188DBB4	private void SetTutorialSortingForward() { }	MergePuzzle/ItemController.cs	code/Il2CppDumper/type_blocks/01682_ItemController.txt		signature only
1682	MergePuzzle	ItemController	188DC5C	public void StartMergeHintSorting(int offset) { }	MergePuzzle/ItemController.cs	code/Il2CppDumper/type_blocks/01682_ItemController.txt		pseudocode omitted: peripheral method
1682	MergePuzzle	ItemController	188DD3C	public void RestoreMergeHintSorting(int order) { }	MergePuzzle/ItemController.cs	code/Il2CppDumper/type_blocks/01682_ItemController.txt		pseudocode omitted: peripheral method
1682	MergePuzzle	ItemController	188DF38	public void ArrangeSorting(bool moveToFront) { }	MergePuzzle/ItemController.cs	code/Il2CppDumper/type_blocks/01682_ItemController.txt		signature only
1682	MergePuzzle	ItemController	188D4F0	public void SetSortingData(SortingData sortingData) { }	MergePuzzle/ItemController.cs	code/Il2CppDumper/type_blocks/01682_ItemController.txt		signature only
1682	MergePuzzle	ItemController	188E2D4	private UniTaskVoid ChangeModulesSortingData(SortingData sortingData) { }	MergePuzzle/ItemController.cs	code/Il2CppDumper/type_blocks/01682_ItemController.txt		signature only
1682	MergePuzzle	ItemController	188DDF8	private void SetCellSortingData(ItemEntity itemEntity) { }	MergePuzzle/ItemController.cs	code/Il2CppDumper/type_blocks/01682_ItemController.txt	ghidra_flow_pseudocode.c	native pseudocode (unverified)
1682	MergePuzzle	ItemController	188E390	public void Initialize(BoardController board, BoardItemData boardItemData, ItemEntity itemEntity, bool isNewlyCreated, bool onBoardInitialize) { }	MergePuzzle/ItemController.cs	code/Il2CppDumper/type_blocks/01682_ItemController.txt	ghidra_flow_pseudocode.c	native pseudocode (unverified)
1682	MergePuzzle	ItemController	188ECF8	private bool AddToSpawnerHint() { }	MergePuzzle/ItemController.cs	code/Il2CppDumper/type_blocks/01682_ItemController.txt		pseudocode omitted: peripheral method
1682	MergePuzzle	ItemController	188E794	private void InitializeItemRuntimeData(BoardItemData boardItemData, ItemEntity itemEntity, bool onBoardInitialize) { }	MergePuzzle/ItemController.cs	code/Il2CppDumper/type_blocks/01682_ItemController.txt	ghidra_flow_pseudocode.c	native pseudocode (unverified)
1682	MergePuzzle	ItemController	188E860	private void InitializeStartedDefaultUIElements() { }	MergePuzzle/ItemController.cs	code/Il2CppDumper/type_blocks/01682_ItemController.txt		signature only
1682	MergePuzzle	ItemController	188E898	private void InitializeMovableStatusAndUI(BoardItemData boardItemData, ItemEntity itemEntity, BoardData boardData) { }	MergePuzzle/ItemController.cs	code/Il2CppDumper/type_blocks/01682_ItemController.txt	ghidra_flow_pseudocode.c	native pseudocode (unverified)
1682	MergePuzzle	ItemController	188EB84	private void InitializeLockImageAndSorting(ItemEntity itemEntity) { }	MergePuzzle/ItemController.cs	code/Il2CppDumper/type_blocks/01682_ItemController.txt		pseudocode omitted: peripheral method
1682	MergePuzzle	ItemController	188EBE8	private void InitializeLockImageRendererAndPosition(ItemEntity itemEntity, BoardData boardData) { }	MergePuzzle/ItemController.cs	code/Il2CppDumper/type_blocks/01682_ItemController.txt		pseudocode omitted: peripheral method
1682	MergePuzzle	ItemController	188EF24	private void InitializeItemProgressiveWithData(BoardItemData boardItemData, ItemEntity itemEntity, bool onBoardInitialize, BoardItemProgressive progressive, BoardData boardData) { }	MergePuzzle/ItemController.cs	code/Il2CppDumper/type_blocks/01682_ItemController.txt	ghidra_flow_pseudocode.c	native pseudocode (unverified)
1682	MergePuzzle	ItemController	188F0B4	private void InitializePerishableWithData(ItemEntity itemEntity, BoardItemPerishableSpawner perishable) { }	MergePuzzle/ItemController.cs	code/Il2CppDumper/type_blocks/01682_ItemController.txt	ghidra_flow_pseudocode.c	native pseudocode (unverified)
1682	MergePuzzle	ItemController	188F2B0	private void InitializeChargeableWithData(ItemEntity itemEntity, BoardItemChargeable chargeable) { }	MergePuzzle/ItemController.cs	code/Il2CppDumper/type_blocks/01682_ItemController.txt	ghidra_flow_pseudocode.c	native pseudocode (unverified)
1682	MergePuzzle	ItemController	188F950	private void InitializeValidateCurrentTaskIndex(BoardItemProgressive progressive) { }	MergePuzzle/ItemController.cs	code/Il2CppDumper/type_blocks/01682_ItemController.txt	ghidra_flow_pseudocode.c	native pseudocode (unverified)
1682	MergePuzzle	ItemController	188FE28	public void DisableChestBoardGlow() { }	MergePuzzle/ItemController.cs	code/Il2CppDumper/type_blocks/01682_ItemController.txt		signature only
1682	MergePuzzle	ItemController	188FE5C	public void DisableTrigger(bool disabled) { }	MergePuzzle/ItemController.cs	code/Il2CppDumper/type_blocks/01682_ItemController.txt		signature only
1682	MergePuzzle	ItemController	188FF1C	public void Unbox(bool withAnimation) { }	MergePuzzle/ItemController.cs	code/Il2CppDumper/type_blocks/01682_ItemController.txt	ghidra_expanded_pseudocode.c	native pseudocode (unverified)
1682	MergePuzzle	ItemController	189042C	public bool IsGoal(ItemEntity entity) { }	MergePuzzle/ItemController.cs	code/Il2CppDumper/type_blocks/01682_ItemController.txt	ghidra_flow_pseudocode.c	native pseudocode (unverified)
1682	MergePuzzle	ItemController	1890530	public bool CanClickAnimation() { }	MergePuzzle/ItemController.cs	code/Il2CppDumper/type_blocks/01682_ItemController.txt	ghidra_flow_pseudocode.c	native pseudocode (unverified)
1682	MergePuzzle	ItemController	1890564	public void OnEvent(BoardEvent.BoosterPanelStatusChange e) { }	MergePuzzle/ItemController.cs	code/Il2CppDumper/type_blocks/01682_ItemController.txt	ghidra_flow_pseudocode.c	native pseudocode (unverified)
1682	MergePuzzle	ItemController	18908E4	public void OnEvent(CanvasEvent.ToggleScreenInputBlocker e) { }	MergePuzzle/ItemController.cs	code/Il2CppDumper/type_blocks/01682_ItemController.txt		signature only
1682	MergePuzzle	ItemController	18908EC	public void OnEvent(TaskEvent.SetLevelUpOnItems e) { }	MergePuzzle/ItemController.cs	code/Il2CppDumper/type_blocks/01682_ItemController.txt	ghidra_flow_pseudocode.c	native pseudocode (unverified)
1682	MergePuzzle	ItemController	189090C	public void OnEvent(TaskEvent.LevelUpDismissed e) { }	MergePuzzle/ItemController.cs	code/Il2CppDumper/type_blocks/01682_ItemController.txt	ghidra_flow_pseudocode.c	native pseudocode (unverified)
1682	MergePuzzle	ItemController	189092C	public void OnEvent(SrDebuggerEvent.ShowDebugLayers e) { }	MergePuzzle/ItemController.cs	code/Il2CppDumper/type_blocks/01682_ItemController.txt		signature only
1682	MergePuzzle	ItemController	1890930	public void OnEvent(CanvasEvent.StopBubbleTick e) { }	MergePuzzle/ItemController.cs	code/Il2CppDumper/type_blocks/01682_ItemController.txt		signature only
1682	MergePuzzle	ItemController	189097C	public void OnEvent(CanvasEvent.ContinueBubbleTick e) { }	MergePuzzle/ItemController.cs	code/Il2CppDumper/type_blocks/01682_ItemController.txt		signature only
1682	MergePuzzle	ItemController	1890A0C	public void OnEvent(SDKEvents.RewardedAdEarned e) { }	MergePuzzle/ItemController.cs	code/Il2CppDumper/type_blocks/01682_ItemController.txt		signature only
1682	MergePuzzle	ItemController	1890A28	public void OnEvent(SDKEvents.RewardedAdDismissed e) { }	MergePuzzle/ItemController.cs	code/Il2CppDumper/type_blocks/01682_ItemController.txt		signature only
1682	MergePuzzle	ItemController	18913C4	public void OnEvent(SDKEvents.RewardedAdFailedToShown e) { }	MergePuzzle/ItemController.cs	code/Il2CppDumper/type_blocks/01682_ItemController.txt		signature only
1682	MergePuzzle	ItemController	18913D8	public void OnEvent(TaskEvent.TaskDoneBoardTaskItemDisappearStarted e) { }	MergePuzzle/ItemController.cs	code/Il2CppDumper/type_blocks/01682_ItemController.txt	ghidra_flow_pseudocode.c	native pseudocode (unverified)
1682	MergePuzzle	ItemController	18913DC	public void OnEvent(BoardEvent.BoardItemRemoveFinished e) { }	MergePuzzle/ItemController.cs	code/Il2CppDumper/type_blocks/01682_ItemController.txt	ghidra_flow_pseudocode.c	native pseudocode (unverified)
1682	MergePuzzle	ItemController	18913E0	public void OnEvent(BoardEvent.RemoveItemViaSellComplete e) { }	MergePuzzle/ItemController.cs	code/Il2CppDumper/type_blocks/01682_ItemController.txt	ghidra_flow_pseudocode.c	native pseudocode (unverified)
1682	MergePuzzle	ItemController	18913E4	public void OnEvent(EntityUpdateEvent.BoardItemStatusChange e) { }	MergePuzzle/ItemController.cs	code/Il2CppDumper/type_blocks/01682_ItemController.txt	ghidra_flow_pseudocode.c	native pseudocode (unverified)
1682	MergePuzzle	ItemController	1891424	public void OnEvent(CanvasEvent.OpenGameplayRequest e) { }	MergePuzzle/ItemController.cs	code/Il2CppDumper/type_blocks/01682_ItemController.txt		signature only
1682	MergePuzzle	ItemController	18914A8	public override void OnEvent(CanvasEvent.GameplayStatusUpdate e) { }	MergePuzzle/ItemController.cs	code/Il2CppDumper/type_blocks/01682_ItemController.txt		signature only
1682	MergePuzzle	ItemController	18914D4	public bool PreventMerge() { }	MergePuzzle/ItemController.cs	code/Il2CppDumper/type_blocks/01682_ItemController.txt	ghidra_expanded_pseudocode.c	native pseudocode (unverified)
1682	MergePuzzle	ItemController	189153C	public ItemController IsMergeAvailable(bool performMerge) { }	MergePuzzle/ItemController.cs	code/Il2CppDumper/type_blocks/01682_ItemController.txt	ghidra_expanded_pseudocode.c	native pseudocode (unverified)
1682	MergePuzzle	ItemController	1892AF4	private void MergeIt(ItemController targetItem, CellController nearestCollidingCell, BoardItemData mergedItemData) { }	MergePuzzle/ItemController.cs	code/Il2CppDumper/type_blocks/01682_ItemController.txt	ghidra_expanded_pseudocode.c	native pseudocode (unverified)
1682	MergePuzzle	ItemController	1892764	private void ChargeIt(CellController nearestCollidingCell, ItemController candidateItem) { }	MergePuzzle/ItemController.cs	code/Il2CppDumper/type_blocks/01682_ItemController.txt	ghidra_flow_pseudocode.c	native pseudocode (unverified)
1682	MergePuzzle	ItemController	18930DC	private UniTaskVoid MergeTweenAction(ItemController targetItem, BoardItemData mergedItemData, CellController nearestCollidingCell) { }	MergePuzzle/ItemController.cs	code/Il2CppDumper/type_blocks/01682_ItemController.txt	ghidra_expanded_pseudocode.c	native pseudocode (unverified)
1682	MergePuzzle	ItemController	18931C0	public void SetRewardWaiting() { }	MergePuzzle/ItemController.cs	code/Il2CppDumper/type_blocks/01682_ItemController.txt		signature only
1682	MergePuzzle	ItemController	1890D0C	private void RewardEarned() { }	MergePuzzle/ItemController.cs	code/Il2CppDumper/type_blocks/01682_ItemController.txt		signature only
1682	MergePuzzle	ItemController	188F5C8	private void InitializeBubbleItem(ItemEntity itemEntity, BoardData boardData) { }	MergePuzzle/ItemController.cs	code/Il2CppDumper/type_blocks/01682_ItemController.txt	ghidra_flow_pseudocode.c	native pseudocode (unverified)
1682	MergePuzzle	ItemController	18931D4	public void RemoveBubble(string trigger) { }	MergePuzzle/ItemController.cs	code/Il2CppDumper/type_blocks/01682_ItemController.txt	ghidra_flow_pseudocode.c	native pseudocode (unverified)
1682	MergePuzzle	ItemController	1894220	public void RemoveJelly(bool isSelect = True) { }	MergePuzzle/ItemController.cs	code/Il2CppDumper/type_blocks/01682_ItemController.txt	ghidra_flow_pseudocode.c	native pseudocode (unverified)
1682	MergePuzzle	ItemController	1894690	public bool IsSellable() { }	MergePuzzle/ItemController.cs	code/Il2CppDumper/type_blocks/01682_ItemController.txt		signature only
1682	MergePuzzle	ItemController	1894E04	private bool CheckSellableForItemSet41() { }	MergePuzzle/ItemController.cs	code/Il2CppDumper/type_blocks/01682_ItemController.txt		signature only
1682	MergePuzzle	ItemController	18953D4	public bool ProcessSellButtonClick() { }	MergePuzzle/ItemController.cs	code/Il2CppDumper/type_blocks/01682_ItemController.txt	ghidra_flow_pseudocode.c	native pseudocode (unverified)
1682	MergePuzzle	ItemController	189371C	private int GetRewardedCapacity(BoardItemDefaultSpawner spawnerData) { }	MergePuzzle/ItemController.cs	code/Il2CppDumper/type_blocks/01682_ItemController.txt	ghidra_flow_pseudocode.c	native pseudocode (unverified)
1682	MergePuzzle	ItemController	1893758	private int GetRewardedCapacity(BoardItemAutoSpawner spawnerData) { }	MergePuzzle/ItemController.cs	code/Il2CppDumper/type_blocks/01682_ItemController.txt	ghidra_flow_pseudocode.c	native pseudocode (unverified)
1682	MergePuzzle	ItemController	1895528	public bool IsSpawner() { }	MergePuzzle/ItemController.cs	code/Il2CppDumper/type_blocks/01682_ItemController.txt	ghidra_flow_pseudocode.c	native pseudocode (unverified)
1682	MergePuzzle	ItemController	1895648	public bool IsSpawnerPart() { }	MergePuzzle/ItemController.cs	code/Il2CppDumper/type_blocks/01682_ItemController.txt	ghidra_flow_pseudocode.c	native pseudocode (unverified)
1682	MergePuzzle	ItemController	189567C	public bool IsSpawnerParticleAvailable() { }	MergePuzzle/ItemController.cs	code/Il2CppDumper/type_blocks/01682_ItemController.txt		pseudocode omitted: peripheral method
1682	MergePuzzle	ItemController	1893794	public void SkipChargingState(bool animateClockDisappear, bool saveBoard = True, bool chargeToFullCapacity = False) { }	MergePuzzle/ItemController.cs	code/Il2CppDumper/type_blocks/01682_ItemController.txt	ghidra_flow_pseudocode.c	native pseudocode (unverified)
1682	MergePuzzle	ItemController	189583C	private int GetSkipCapacity(int smallCapacity, int bigCapacity, SpawnerState skippedState) { }	MergePuzzle/ItemController.cs	code/Il2CppDumper/type_blocks/01682_ItemController.txt	ghidra_flow_pseudocode.c	native pseudocode (unverified)
1682	MergePuzzle	ItemController	18958B8	public void StartSpawnerHintAnimation() { }	MergePuzzle/ItemController.cs	code/Il2CppDumper/type_blocks/01682_ItemController.txt		pseudocode omitted: peripheral method
1682	MergePuzzle	ItemController	1895970	private void StartSpawnerHint() { }	MergePuzzle/ItemController.cs	code/Il2CppDumper/type_blocks/01682_ItemController.txt		pseudocode omitted: peripheral method
1682	MergePuzzle	ItemController	1895E3C	private void SpawnerTweenAction(ItemController item, bool onKilled) { }	MergePuzzle/ItemController.cs	code/Il2CppDumper/type_blocks/01682_ItemController.txt	ghidra_flow_pseudocode.c	native pseudocode (unverified)
1682	MergePuzzle	ItemController	188B748	private void UpdateSpawners(float elapsedTime) { }	MergePuzzle/ItemController.cs	code/Il2CppDumper/type_blocks/01682_ItemController.txt	ghidra_expanded_pseudocode.c	native pseudocode (unverified)
1682	MergePuzzle	ItemController	1895F9C	private void SkipSpawnerUpdate(BoardItemData data) { }	MergePuzzle/ItemController.cs	code/Il2CppDumper/type_blocks/01682_ItemController.txt	ghidra_flow_pseudocode.c	native pseudocode (unverified)
1682	MergePuzzle	ItemController	1896740	private void SpawnerCharge(BoardItemSpawnerData spawnerData) { }	MergePuzzle/ItemController.cs	code/Il2CppDumper/type_blocks/01682_ItemController.txt	ghidra_expanded_pseudocode.c	native pseudocode (unverified)
1682	MergePuzzle	ItemController	1893CF8	public void ArrangeSpawnerParticle(SpawnerState eSpawnerState, bool animateClockDisappear = False) { }	MergePuzzle/ItemController.cs	code/Il2CppDumper/type_blocks/01682_ItemController.txt		pseudocode omitted: peripheral method
1682	MergePuzzle	ItemController	1886F94	private void ArrangeSpawnerState(BoardItemSpawnerData spawnerData, bool isRewardedCapacity = False, bool animateClockDisappear = False) { }	MergePuzzle/ItemController.cs	code/Il2CppDumper/type_blocks/01682_ItemController.txt	ghidra_flow_pseudocode.c	native pseudocode (unverified)
1682	MergePuzzle	ItemController	189698C	private void CheckChargerTutorialState() { }	MergePuzzle/ItemController.cs	code/Il2CppDumper/type_blocks/01682_ItemController.txt		pseudocode omitted: peripheral method
1682	MergePuzzle	ItemController	1896CF0	public void TryStartSpawnerHint() { }	MergePuzzle/ItemController.cs	code/Il2CppDumper/type_blocks/01682_ItemController.txt		pseudocode omitted: peripheral method
1682	MergePuzzle	ItemController	1888498	public bool UsesEnergy() { }	MergePuzzle/ItemController.cs	code/Il2CppDumper/type_blocks/01682_ItemController.txt		signature only
1682	MergePuzzle	ItemController	1896FD4	private bool RecurringEventUseEnergy() { }	MergePuzzle/ItemController.cs	code/Il2CppDumper/type_blocks/01682_ItemController.txt		signature only
1682	MergePuzzle	ItemController	18930B0	public void KillAnimationActiveLoops(Sequence exception1, Sequence exception2, Sequence exception3, Sequence exception4) { }	MergePuzzle/ItemController.cs	code/Il2CppDumper/type_blocks/01682_ItemController.txt		signature only
1682	MergePuzzle	ItemController	18973FC	private void ProcessTaskMoveCompletedForFirstItem(BoardTaskItem completedTask) { }	MergePuzzle/ItemController.cs	code/Il2CppDumper/type_blocks/01682_ItemController.txt	ghidra_flow_pseudocode.c	native pseudocode (unverified)
1682	MergePuzzle	ItemController	18974AC	public void AnimateItemToTask(BoardTaskItemController completedTaskItemController, Coordinate position, int goalUIIndex, Action<bool> callback) { }	MergePuzzle/ItemController.cs	code/Il2CppDumper/type_blocks/01682_ItemController.txt	ghidra_flow_pseudocode.c	native pseudocode (unverified)
1682	MergePuzzle	ItemController	1897750	private void AnimateItemToTask(BoardTaskItemController completedTaskItemController, int goalUIIndex, Action onComplete) { }	MergePuzzle/ItemController.cs	code/Il2CppDumper/type_blocks/01682_ItemController.txt	ghidra_flow_pseudocode.c	native pseudocode (unverified)
1682	MergePuzzle	ItemController	1897B98	public void AnimateItemToSpecialTask(BoardTaskItemController completedTaskItemController, Coordinate position, int goalUIIndex) { }	MergePuzzle/ItemController.cs	code/Il2CppDumper/type_blocks/01682_ItemController.txt	ghidra_flow_pseudocode.c	native pseudocode (unverified)
1682	MergePuzzle	ItemController	1897B44	private void PrepareAnimate() { }	MergePuzzle/ItemController.cs	code/Il2CppDumper/type_blocks/01682_ItemController.txt		signature only
1682	MergePuzzle	ItemController	1897E24	public void ScaleDownWithAnimation() { }	MergePuzzle/ItemController.cs	code/Il2CppDumper/type_blocks/01682_ItemController.txt		signature only
1682	MergePuzzle	ItemController	1897F3C	private void ArrangeAnimator(bool activate, Animator animatorPrefab, ref Animator currentInstance, bool create = True) { }	MergePuzzle/ItemController.cs	code/Il2CppDumper/type_blocks/01682_ItemController.txt		signature only
1682	MergePuzzle	ItemController	1889C48	private void _DOKill() { }	MergePuzzle/ItemController.cs	code/Il2CppDumper/type_blocks/01682_ItemController.txt		signature only
1682	MergePuzzle	ItemController	189814C	private void KillItemRuntimeSequences() { }	MergePuzzle/ItemController.cs	code/Il2CppDumper/type_blocks/01682_ItemController.txt		signature only
1682	MergePuzzle	ItemController	188A24C	public void KillPanelAnimation(bool completeKill = True) { }	MergePuzzle/ItemController.cs	code/Il2CppDumper/type_blocks/01682_ItemController.txt		signature only
1682	MergePuzzle	ItemController	1898294	public void KillMergeHintAnimation(bool completeKill = True) { }	MergePuzzle/ItemController.cs	code/Il2CppDumper/type_blocks/01682_ItemController.txt		pseudocode omitted: peripheral method
1682	MergePuzzle	ItemController	18898D0	public void ThrowWarning(ItemController.WarningType warningType) { }	MergePuzzle/ItemController.cs	code/Il2CppDumper/type_blocks/01682_ItemController.txt		pseudocode omitted: peripheral method
1682	MergePuzzle	ItemController	1898308	private void ThrowDragWarning() { }	MergePuzzle/ItemController.cs	code/Il2CppDumper/type_blocks/01682_ItemController.txt		pseudocode omitted: peripheral method
1682	MergePuzzle	ItemController	18984B0	private void ThrowBoosterWarning() { }	MergePuzzle/ItemController.cs	code/Il2CppDumper/type_blocks/01682_ItemController.txt		signature only
1682	MergePuzzle	ItemController	18986A8	public void DragCollisionEnter(GameObject other) { }	MergePuzzle/ItemController.cs	code/Il2CppDumper/type_blocks/01682_ItemController.txt	ghidra_expanded_pseudocode.c	native pseudocode (unverified)
1682	MergePuzzle	ItemController	18987D4	public void DragCollisionExit(GameObject other) { }	MergePuzzle/ItemController.cs	code/Il2CppDumper/type_blocks/01682_ItemController.txt	ghidra_expanded_pseudocode.c	native pseudocode (unverified)
1682	MergePuzzle	ItemController	18988DC	public void DragStarted() { }	MergePuzzle/ItemController.cs	code/Il2CppDumper/type_blocks/01682_ItemController.txt	ghidra_expanded_pseudocode.c	native pseudocode (unverified)
1682	MergePuzzle	ItemController	1898BC0	public void DragContinues() { }	MergePuzzle/ItemController.cs	code/Il2CppDumper/type_blocks/01682_ItemController.txt	ghidra_expanded_pseudocode.c	native pseudocode (unverified)
1682	MergePuzzle	ItemController	1898CE0	public void DragStopped() { }	MergePuzzle/ItemController.cs	code/Il2CppDumper/type_blocks/01682_ItemController.txt	ghidra_expanded_pseudocode.c	native pseudocode (unverified)
1682	MergePuzzle	ItemController	1899CD8	private bool ProcessDragStopForButtons(Button button) { }	MergePuzzle/ItemController.cs	code/Il2CppDumper/type_blocks/01682_ItemController.txt	ghidra_flow_pseudocode.c	native pseudocode (unverified)
1682	MergePuzzle	ItemController	189A6BC	private void TryToPositionNearestCell(List<CellController> nearestAvailableOtherCells) { }	MergePuzzle/ItemController.cs	code/Il2CppDumper/type_blocks/01682_ItemController.txt	ghidra_flow_pseudocode.c	native pseudocode (unverified)
1682	MergePuzzle	ItemController	189AA4C	public void ProcessItemClick() { }	MergePuzzle/ItemController.cs	code/Il2CppDumper/type_blocks/01682_ItemController.txt	ghidra_expanded_pseudocode.c	native pseudocode (unverified)
1682	MergePuzzle	ItemController	189ACA4	private bool ProcessItemClickValidCheck(BoardPosition selectedPosition) { }	MergePuzzle/ItemController.cs	code/Il2CppDumper/type_blocks/01682_ItemController.txt	ghidra_expanded_pseudocode.c	native pseudocode (unverified)
1682	MergePuzzle	ItemController	189AD5C	private void ProcessDoubleClick() { }	MergePuzzle/ItemController.cs	code/Il2CppDumper/type_blocks/01682_ItemController.txt	ghidra_flow_pseudocode.c	native pseudocode (unverified)
1682	MergePuzzle	ItemController	189ABCC	private void CommonClickArrangement() { }	MergePuzzle/ItemController.cs	code/Il2CppDumper/type_blocks/01682_ItemController.txt	ghidra_flow_pseudocode.c	native pseudocode (unverified)
1682	MergePuzzle	ItemController	189C5E4	private bool CanClickLoop() { }	MergePuzzle/ItemController.cs	code/Il2CppDumper/type_blocks/01682_ItemController.txt	ghidra_flow_pseudocode.c	native pseudocode (unverified)
1682	MergePuzzle	ItemController	189C618	private void StartClickLoop() { }	MergePuzzle/ItemController.cs	code/Il2CppDumper/type_blocks/01682_ItemController.txt	ghidra_flow_pseudocode.c	native pseudocode (unverified)
1682	MergePuzzle	ItemController	189CE90	private void ClickTweenAction(ItemController item) { }	MergePuzzle/ItemController.cs	code/Il2CppDumper/type_blocks/01682_ItemController.txt	ghidra_flow_pseudocode.c	native pseudocode (unverified)
1682	MergePuzzle	ItemController	189CF28	public bool ProcessNonMovableItemClick() { }	MergePuzzle/ItemController.cs	code/Il2CppDumper/type_blocks/01682_ItemController.txt	ghidra_flow_pseudocode.c	native pseudocode (unverified)
1682	MergePuzzle	ItemController	189D194	private void ProcessNonMovableDoubleClick() { }	MergePuzzle/ItemController.cs	code/Il2CppDumper/type_blocks/01682_ItemController.txt	ghidra_flow_pseudocode.c	native pseudocode (unverified)
1682	MergePuzzle	ItemController	189D260	public void OnBoosterPanelStatusChange(BoardEvent.BoosterPanelStatusChange e) { }	MergePuzzle/ItemController.cs	code/Il2CppDumper/type_blocks/01682_ItemController.txt		signature only
1682	MergePuzzle	ItemController	189D854	private SpawnerClockController GetSpawnerClock() { }	MergePuzzle/ItemController.cs	code/Il2CppDumper/type_blocks/01682_ItemController.txt		pseudocode omitted: peripheral method
1682	MergePuzzle	ItemController	188A6A0	public void DestroySpawnerClock() { }	MergePuzzle/ItemController.cs	code/Il2CppDumper/type_blocks/01682_ItemController.txt		pseudocode omitted: peripheral method
1682	MergePuzzle	ItemController	1896848	private void ArrangeSpawnerClockStatus(bool enable, bool disableWithAnimation) { }	MergePuzzle/ItemController.cs	code/Il2CppDumper/type_blocks/01682_ItemController.txt		pseudocode omitted: peripheral method
1682	MergePuzzle	ItemController	189D950	private ItemControllerDialogue GetDialogue() { }	MergePuzzle/ItemController.cs	code/Il2CppDumper/type_blocks/01682_ItemController.txt		pseudocode omitted: peripheral method
1682	MergePuzzle	ItemController	189DA4C	public GameObject GetDialogueObject() { }	MergePuzzle/ItemController.cs	code/Il2CppDumper/type_blocks/01682_ItemController.txt		signature only
1682	MergePuzzle	ItemController	188F4D0	public void DestroyItemDialogue() { }	MergePuzzle/ItemController.cs	code/Il2CppDumper/type_blocks/01682_ItemController.txt		signature only
1682	MergePuzzle	ItemController	189DB34	public bool IsDialogueActive() { }	MergePuzzle/ItemController.cs	code/Il2CppDumper/type_blocks/01682_ItemController.txt		signature only
1682	MergePuzzle	ItemController	188FBC8	private void OpenProgressiveDialogue() { }	MergePuzzle/ItemController.cs	code/Il2CppDumper/type_blocks/01682_ItemController.txt		signature only
1682	MergePuzzle	ItemController	188D040	private ItemControllerTick GetItemTick() { }	MergePuzzle/ItemController.cs	code/Il2CppDumper/type_blocks/01682_ItemController.txt		pseudocode omitted: peripheral method
1682	MergePuzzle	ItemController	188A5A8	public void DestroyItemTick() { }	MergePuzzle/ItemController.cs	code/Il2CppDumper/type_blocks/01682_ItemController.txt		signature only
1682	MergePuzzle	ItemController	188CFDC	private bool OpenTick() { }	MergePuzzle/ItemController.cs	code/Il2CppDumper/type_blocks/01682_ItemController.txt		signature only
1682	MergePuzzle	ItemController	18901B0	private ItemControllerProgressBar GetProgressBar() { }	MergePuzzle/ItemController.cs	code/Il2CppDumper/type_blocks/01682_ItemController.txt		pseudocode omitted: peripheral method
1682	MergePuzzle	ItemController	189DC38	public GameObject GetItemProgressBarObject() { }	MergePuzzle/ItemController.cs	code/Il2CppDumper/type_blocks/01682_ItemController.txt		signature only
1682	MergePuzzle	ItemController	188A2C0	private void DestroyItemProgressBar() { }	MergePuzzle/ItemController.cs	code/Il2CppDumper/type_blocks/01682_ItemController.txt		signature only
1682	MergePuzzle	ItemController	188FAF4	private void ArrangeItemProgressBar(bool isActive, int maxProgress, int currentProgress) { }	MergePuzzle/ItemController.cs	code/Il2CppDumper/type_blocks/01682_ItemController.txt		signature only
1682	MergePuzzle	ItemController	1892AE0	public void SetBarFillAmount(int amount) { }	MergePuzzle/ItemController.cs	code/Il2CppDumper/type_blocks/01682_ItemController.txt		signature only
1682	MergePuzzle	ItemController	189DD20	private ItemControllerMaxBadge GetItemMaxBadge() { }	MergePuzzle/ItemController.cs	code/Il2CppDumper/type_blocks/01682_ItemController.txt		pseudocode omitted: peripheral method
1682	MergePuzzle	ItemController	188AA80	private void DestroyItemMaxLevelBadge() { }	MergePuzzle/ItemController.cs	code/Il2CppDumper/type_blocks/01682_ItemController.txt		signature only
1682	MergePuzzle	ItemController	188F3DC	private void SetMaxLevelBadge(BoardController board, ItemEntity itemEntity) { }	MergePuzzle/ItemController.cs	code/Il2CppDumper/type_blocks/01682_ItemController.txt		pseudocode omitted: peripheral method
1682	MergePuzzle	ItemController	189DE1C	private ItemControllerDebug GetDebug() { }	MergePuzzle/ItemController.cs	code/Il2CppDumper/type_blocks/01682_ItemController.txt		pseudocode omitted: peripheral method
1682	MergePuzzle	ItemController	188A798	private void DestroyItemDebug() { }	MergePuzzle/ItemController.cs	code/Il2CppDumper/type_blocks/01682_ItemController.txt		signature only
1682	MergePuzzle	ItemController	188F44C	private void CheckItemDebug() { }	MergePuzzle/ItemController.cs	code/Il2CppDumper/type_blocks/01682_ItemController.txt		signature only
1682	MergePuzzle	ItemController	189DF10	private ItemControllerBox GetBox() { }	MergePuzzle/ItemController.cs	code/Il2CppDumper/type_blocks/01682_ItemController.txt	ghidra_flow_pseudocode.c	native pseudocode (unverified)
1682	MergePuzzle	ItemController	1890334	private void DestroyItemBox() { }	MergePuzzle/ItemController.cs	code/Il2CppDumper/type_blocks/01682_ItemController.txt		signature only
1682	MergePuzzle	ItemController	188ECAC	private void InitBoxImage() { }	MergePuzzle/ItemController.cs	code/Il2CppDumper/type_blocks/01682_ItemController.txt		signature only
1682	MergePuzzle	ItemController	188F854	private ItemControllerLock GetLock() { }	MergePuzzle/ItemController.cs	code/Il2CppDumper/type_blocks/01682_ItemController.txt	ghidra_flow_pseudocode.c	native pseudocode (unverified)
1682	MergePuzzle	ItemController	188A988	private void DestroyItemLock() { }	MergePuzzle/ItemController.cs	code/Il2CppDumper/type_blocks/01682_ItemController.txt	ghidra_flow_pseudocode.c	native pseudocode (unverified)
1682	MergePuzzle	ItemController	18902AC	private void CheckItemLock() { }	MergePuzzle/ItemController.cs	code/Il2CppDumper/type_blocks/01682_ItemController.txt	ghidra_flow_pseudocode.c	native pseudocode (unverified)
1682	MergePuzzle	ItemController	189E00C	private ItemControllerTreasureBoxUnlock GetTreasureBoxUnlock() { }	MergePuzzle/ItemController.cs	code/Il2CppDumper/type_blocks/01682_ItemController.txt		pseudocode omitted: peripheral method
1682	MergePuzzle	ItemController	188A4B0	public void DestroyItemTreasureBoxUnlock() { }	MergePuzzle/ItemController.cs	code/Il2CppDumper/type_blocks/01682_ItemController.txt		signature only
1682	MergePuzzle	ItemController	189E0FC	public void CreateTreasureBoxUnlock(BoardData boardData) { }	MergePuzzle/ItemController.cs	code/Il2CppDumper/type_blocks/01682_ItemController.txt		signature only
1682	MergePuzzle	ItemController	189689C	private ItemControllerSpawnerEnergy GetSpawnerEnergy() { }	MergePuzzle/ItemController.cs	code/Il2CppDumper/type_blocks/01682_ItemController.txt		pseudocode omitted: peripheral method
1682	MergePuzzle	ItemController	188A890	private void DestroyItemSpawnerEnergy() { }	MergePuzzle/ItemController.cs	code/Il2CppDumper/type_blocks/01682_ItemController.txt		pseudocode omitted: peripheral method
1682	MergePuzzle	ItemController	189E12C	public void SetSpawnerEnergyParticle(bool enable) { }	MergePuzzle/ItemController.cs	code/Il2CppDumper/type_blocks/01682_ItemController.txt		pseudocode omitted: peripheral method
1682	MergePuzzle	ItemController	188FD1C	private ItemControllerProgressText GetProgressText() { }	MergePuzzle/ItemController.cs	code/Il2CppDumper/type_blocks/01682_ItemController.txt		pseudocode omitted: peripheral method
1682	MergePuzzle	ItemController	188A3B8	private void DestroyItemProgressText() { }	MergePuzzle/ItemController.cs	code/Il2CppDumper/type_blocks/01682_ItemController.txt		signature only
1682	MergePuzzle	ItemController	189D748	private ItemControllerTreasureBoxOpenSprite GetTreasureBoxOpenSprite() { }	MergePuzzle/ItemController.cs	code/Il2CppDumper/type_blocks/01682_ItemController.txt		pseudocode omitted: peripheral method
1682	MergePuzzle	ItemController	189D650	private void DestroyItemTreasureBoxOpenSprite() { }	MergePuzzle/ItemController.cs	code/Il2CppDumper/type_blocks/01682_ItemController.txt		signature only
1682	MergePuzzle	ItemController	18879E0	private ItemControllerTreasureBoxOpened GetTreasureBoxOpened() { }	MergePuzzle/ItemController.cs	code/Il2CppDumper/type_blocks/01682_ItemController.txt		pseudocode omitted: peripheral method
1682	MergePuzzle	ItemController	188F75C	private void DestroyItemTreasureBoxOpened() { }	MergePuzzle/ItemController.cs	code/Il2CppDumper/type_blocks/01682_ItemController.txt		signature only
1682	MergePuzzle	ItemController	1893BFC	private ItemControllerBubble GetBubble() { }	MergePuzzle/ItemController.cs	code/Il2CppDumper/type_blocks/01682_ItemController.txt	ghidra_flow_pseudocode.c	native pseudocode (unverified)
1682	MergePuzzle	ItemController	188A154	private void DestroyItemBubble() { }	MergePuzzle/ItemController.cs	code/Il2CppDumper/type_blocks/01682_ItemController.txt	ghidra_flow_pseudocode.c	native pseudocode (unverified)
1682	MergePuzzle	ItemController	189E140	public void .ctor() { }	MergePuzzle/ItemController.cs	code/Il2CppDumper/type_blocks/01682_ItemController.txt		signature only
1682	MergePuzzle	ItemController	189E234	private static void .cctor() { }	MergePuzzle/ItemController.cs	code/Il2CppDumper/type_blocks/01682_ItemController.txt		signature only
1682	MergePuzzle	ItemController	189EDB4	private bool <ArrangeItemTickImage>b__143_0(BoardTaskGoal goal) { }	MergePuzzle/ItemController.cs	code/Il2CppDumper/type_blocks/01682_ItemController.txt	ghidra_flow_pseudocode.c	native pseudocode (unverified)
1682	MergePuzzle	ItemController	189EE40	private void <StartSpawnerHint>b__215_0() { }	MergePuzzle/ItemController.cs	code/Il2CppDumper/type_blocks/01682_ItemController.txt	ghidra_flow_pseudocode.c	native pseudocode (unverified)
1682	MergePuzzle	ItemController	189EE4C	private void <StartSpawnerHint>b__215_1() { }	MergePuzzle/ItemController.cs	code/Il2CppDumper/type_blocks/01682_ItemController.txt	ghidra_flow_pseudocode.c	native pseudocode (unverified)
1682	MergePuzzle	ItemController	189EE58	private void <ProcessDragStopForButtons>b__246_0() { }	MergePuzzle/ItemController.cs	code/Il2CppDumper/type_blocks/01682_ItemController.txt	ghidra_flow_pseudocode.c	native pseudocode (unverified)
1682	MergePuzzle	ItemController	189F0A4	private void <StartClickLoop>b__253_0() { }	MergePuzzle/ItemController.cs	code/Il2CppDumper/type_blocks/01682_ItemController.txt	ghidra_flow_pseudocode.c	native pseudocode (unverified)
1682	MergePuzzle	ItemController	189F0AC	private void <StartClickLoop>b__253_1() { }	MergePuzzle/ItemController.cs	code/Il2CppDumper/type_blocks/01682_ItemController.txt	ghidra_flow_pseudocode.c	native pseudocode (unverified)
1682	MergePuzzle	ItemController	189F0B4	private bool <OnBoosterPanelStatusChange>b__257_0(BoardPositionEntity item) { }	MergePuzzle/ItemController.cs	code/Il2CppDumper/type_blocks/01682_ItemController.txt	ghidra_flow_pseudocode.c	native pseudocode (unverified)
1683	MergePuzzle	ItemRuntimeData	18CEAE8	public bool get_MergeHintLock() { }	MergePuzzle/ItemRuntimeData.cs	code/Il2CppDumper/type_blocks/01683_ItemRuntimeData.txt		signature only
1683	MergePuzzle	ItemRuntimeData	18CEAF0	public void set_MergeHintLock(bool value) { }	MergePuzzle/ItemRuntimeData.cs	code/Il2CppDumper/type_blocks/01683_ItemRuntimeData.txt		signature only
1683	MergePuzzle	ItemRuntimeData	18CEAF8	public bool get_IsTick() { }	MergePuzzle/ItemRuntimeData.cs	code/Il2CppDumper/type_blocks/01683_ItemRuntimeData.txt		signature only
1683	MergePuzzle	ItemRuntimeData	18CEB64	public IItemEntity get_GetItemEntity() { }	MergePuzzle/ItemRuntimeData.cs	code/Il2CppDumper/type_blocks/01683_ItemRuntimeData.txt		signature only
1683	MergePuzzle	ItemRuntimeData	18CEB6C	public int get_GetUpdateStepMs() { }	MergePuzzle/ItemRuntimeData.cs	code/Il2CppDumper/type_blocks/01683_ItemRuntimeData.txt		signature only
1683	MergePuzzle	ItemRuntimeData	18CEB74	public void SetUpdateStepMs(int updateStepMs) { }	MergePuzzle/ItemRuntimeData.cs	code/Il2CppDumper/type_blocks/01683_ItemRuntimeData.txt	ghidra_data_pseudocode.c	native pseudocode (unverified)
1683	MergePuzzle	ItemRuntimeData	18CEB7C	public void SetTimeRequiredToExitNoCapacity(int time) { }	MergePuzzle/ItemRuntimeData.cs	code/Il2CppDumper/type_blocks/01683_ItemRuntimeData.txt	ghidra_data_pseudocode.c	native pseudocode (unverified)
1683	MergePuzzle	ItemRuntimeData	18CEB84	public void SetNextSpawnerUpdateMs(long spawnerUpdateMs) { }	MergePuzzle/ItemRuntimeData.cs	code/Il2CppDumper/type_blocks/01683_ItemRuntimeData.txt	ghidra_data_pseudocode.c	native pseudocode (unverified)
1683	MergePuzzle	ItemRuntimeData	18CEB94	public void ChangeNextSpawnerUpdateMs(long changedUpdateMs) { }	MergePuzzle/ItemRuntimeData.cs	code/Il2CppDumper/type_blocks/01683_ItemRuntimeData.txt	ghidra_data_pseudocode.c	native pseudocode (unverified)
1683	MergePuzzle	ItemRuntimeData	18CEBAC	public void SetSkipPrice(int skipPrice) { }	MergePuzzle/ItemRuntimeData.cs	code/Il2CppDumper/type_blocks/01683_ItemRuntimeData.txt	ghidra_data_pseudocode.c	native pseudocode (unverified)
1683	MergePuzzle	ItemRuntimeData	18CEBB4	public bool PreventItemSell() { }	MergePuzzle/ItemRuntimeData.cs	code/Il2CppDumper/type_blocks/01683_ItemRuntimeData.txt	ghidra_data_pseudocode.c	native pseudocode (unverified)
1683	MergePuzzle	ItemRuntimeData	18CED10	public void .ctor() { }	MergePuzzle/ItemRuntimeData.cs	code/Il2CppDumper/type_blocks/01683_ItemRuntimeData.txt	ghidra_data_pseudocode.c	native pseudocode (unverified)
1717		ItemChainManager.SpawnerPointsQueryHandler.	190F208	private static void .cctor() { }	MergePuzzle/ItemChainManager.cs	code/Il2CppDumper/type_blocks/01717_ItemChainManager.SpawnerPointsQueryHandler..txt		signature only
1717		ItemChainManager.SpawnerPointsQueryHandler.	190F27C	public void .ctor() { }	MergePuzzle/ItemChainManager.cs	code/Il2CppDumper/type_blocks/01717_ItemChainManager.SpawnerPointsQueryHandler..txt		signature only
1717		ItemChainManager.SpawnerPointsQueryHandler.	190F284	internal int <GetTotalPointsForSetIDQuery>b__4_0(ItemChainManager.SpawnerPointsQuery q) { }	MergePuzzle/ItemChainManager.cs	code/Il2CppDumper/type_blocks/01717_ItemChainManager.SpawnerPointsQueryHandler..txt		signature only
1718		ItemChainManager.SpawnerPointsQueryHandler.	190F1F8	public void .ctor() { }	MergePuzzle/ItemChainManager.cs	code/Il2CppDumper/type_blocks/01718_ItemChainManager.SpawnerPointsQueryHandler..txt		signature only
1718		ItemChainManager.SpawnerPointsQueryHandler.	190F2A0	internal bool <RemoveQuery>b__0(ItemChainManager.SpawnerPointsQuery q) { }	MergePuzzle/ItemChainManager.cs	code/Il2CppDumper/type_blocks/01718_ItemChainManager.SpawnerPointsQueryHandler..txt		signature only
1719		ItemChainManager.SpawnerPointsQueryHandler	190CA84	public int GetTotalPointsForSetIDQuery(int anySetID) { }	MergePuzzle/ItemChainManager.cs	code/Il2CppDumper/type_blocks/01719_ItemChainManager.SpawnerPointsQueryHandler.txt	ghidra_data_pseudocode.c	native pseudocode (unverified)
1719		ItemChainManager.SpawnerPointsQueryHandler	190C3E8	public int GetMaxPointsForSetIDQuery(int anySetID, out int counter) { }	MergePuzzle/ItemChainManager.cs	code/Il2CppDumper/type_blocks/01719_ItemChainManager.SpawnerPointsQueryHandler.txt	ghidra_data_pseudocode.c	native pseudocode (unverified)
1719		ItemChainManager.SpawnerPointsQueryHandler	190E8D0	public void AddToQueryList(int setID, int location, int index, int level, bool skipCheck = False) { }	MergePuzzle/ItemChainManager.cs	code/Il2CppDumper/type_blocks/01719_ItemChainManager.SpawnerPointsQueryHandler.txt	ghidra_data_pseudocode.c	native pseudocode (unverified)
1719		ItemChainManager.SpawnerPointsQueryHandler	190B650	public void RemoveQuery(int setID, int location, int oldIndex) { }	MergePuzzle/ItemChainManager.cs	code/Il2CppDumper/type_blocks/01719_ItemChainManager.SpawnerPointsQueryHandler.txt	ghidra_data_pseudocode.c	native pseudocode (unverified)
1719		ItemChainManager.SpawnerPointsQueryHandler	190D018	public void InitializeSpawnerQuery(List<BoardPositionEntity> positions, List<ItemEntity> inventoryItems, List<RewardEntity> activeRewards) { }	MergePuzzle/ItemChainManager.cs	code/Il2CppDumper/type_blocks/01719_ItemChainManager.SpawnerPointsQueryHandler.txt	ghidra_data_pseudocode.c	native pseudocode (unverified)
1719		ItemChainManager.SpawnerPointsQueryHandler	190F200	public void SetQueryLock(bool locked) { }	MergePuzzle/ItemChainManager.cs	code/Il2CppDumper/type_blocks/01719_ItemChainManager.SpawnerPointsQueryHandler.txt	ghidra_data_pseudocode.c	native pseudocode (unverified)
1719		ItemChainManager.SpawnerPointsQueryHandler	1903D14	public void .ctor() { }	MergePuzzle/ItemChainManager.cs	code/Il2CppDumper/type_blocks/01719_ItemChainManager.SpawnerPointsQueryHandler.txt	ghidra_data_pseudocode.c	native pseudocode (unverified)
1720		ItemChainManager.SpawnerPointsQuery	190F2E4	public int CompareTo(ItemChainManager.SpawnerPointsQuery other) { }	MergePuzzle/ItemChainManager.cs	code/Il2CppDumper/type_blocks/01720_ItemChainManager.SpawnerPointsQuery.txt		signature only
1720		ItemChainManager.SpawnerPointsQuery	190B648	public void .ctor() { }	MergePuzzle/ItemChainManager.cs	code/Il2CppDumper/type_blocks/01720_ItemChainManager.SpawnerPointsQuery.txt		signature only
1721		ItemChainManager.	190F30C	private static void .cctor() { }	MergePuzzle/ItemChainManager.cs	code/Il2CppDumper/type_blocks/01721_ItemChainManager..txt		signature only
1721		ItemChainManager.	190F380	public void .ctor() { }	MergePuzzle/ItemChainManager.cs	code/Il2CppDumper/type_blocks/01721_ItemChainManager..txt		signature only
1721		ItemChainManager.	190F388	internal bool <SetWaitingArchiveTasksReadyForRemoval>b__14_0(InventoryEntity.ArchiveTaskEntity a) { }	MergePuzzle/ItemChainManager.cs	code/Il2CppDumper/type_blocks/01721_ItemChainManager..txt		signature only
1721		ItemChainManager.	190F3AC	internal int <ProcessChainData>b__20_0(int i) { }	MergePuzzle/ItemChainManager.cs	code/Il2CppDumper/type_blocks/01721_ItemChainManager..txt		signature only
1721		ItemChainManager.	190F3B4	internal int <GetAllLinksOrderedByUnlockLevel>b__49_0(ItemLinkModel link) { }	MergePuzzle/ItemChainManager.cs	code/Il2CppDumper/type_blocks/01721_ItemChainManager..txt		signature only
1721		ItemChainManager.	190F3D0	internal int <GetAllLinksOrderedByArchiveLevel>b__50_0(ItemLinkModel link) { }	MergePuzzle/ItemChainManager.cs	code/Il2CppDumper/type_blocks/01721_ItemChainManager..txt		signature only
1721		ItemChainManager.	190F3EC	internal int <GetSpawnersToRemoveByArchive>b__54_1(BoardPosition p) { }	MergePuzzle/ItemChainManager.cs	code/Il2CppDumper/type_blocks/01721_ItemChainManager..txt		signature only
1721		ItemChainManager.	190F438	internal int <GetSpawnersToRemoveByArchive>b__54_4(ItemEntity ie) { }	MergePuzzle/ItemChainManager.cs	code/Il2CppDumper/type_blocks/01721_ItemChainManager..txt		signature only
1721		ItemChainManager.	190F454	internal int <GetSpawnersToRemoveByArchive>b__54_6(RewardEntity re) { }	MergePuzzle/ItemChainManager.cs	code/Il2CppDumper/type_blocks/01721_ItemChainManager..txt		signature only
1721		ItemChainManager.	190F470	internal int <GetSpawnersToRemoveByArchive>b__54_7(ItemChainManager.SpawnerPointsQuery q) { }	MergePuzzle/ItemChainManager.cs	code/Il2CppDumper/type_blocks/01721_ItemChainManager..txt		signature only
1721		ItemChainManager.	190F48C	internal int <GetSpawnersToRemoveByArchive>b__54_8(int index) { }	MergePuzzle/ItemChainManager.cs	code/Il2CppDumper/type_blocks/01721_ItemChainManager..txt		signature only
1721		ItemChainManager.	190F494	internal bool <GetPossibleArchiveLinks>b__55_0(ItemLinkModel l) { }	MergePuzzle/ItemChainManager.cs	code/Il2CppDumper/type_blocks/01721_ItemChainManager..txt		signature only
1722		ItemChainManager.	19044D0	public void .ctor() { }	MergePuzzle/ItemChainManager.cs	code/Il2CppDumper/type_blocks/01722_ItemChainManager..txt		signature only
1722		ItemChainManager.	190F4BC	internal bool <SetArchiveTaskForRemoval>b__0(InventoryEntity.ArchiveTaskEntity a) { }	MergePuzzle/ItemChainManager.cs	code/Il2CppDumper/type_blocks/01722_ItemChainManager..txt		signature only
1723		ItemChainManager.	1906528	public void .ctor() { }	MergePuzzle/ItemChainManager.cs	code/Il2CppDumper/type_blocks/01723_ItemChainManager..txt		signature only
1723		ItemChainManager.	190F4EC	internal bool <FindActiveLinkDataBySetID>b__0(ItemLinkScriptableData l) { }	MergePuzzle/ItemChainManager.cs	code/Il2CppDumper/type_blocks/01723_ItemChainManager..txt		signature only
1724		ItemChainManager.	1906724	public void .ctor() { }	MergePuzzle/ItemChainManager.cs	code/Il2CppDumper/type_blocks/01724_ItemChainManager..txt		signature only
1724		ItemChainManager.	190F548	internal bool <FindActiveLinkDataByDefaultSetID>b__0(ItemLinkScriptableData l) { }	MergePuzzle/ItemChainManager.cs	code/Il2CppDumper/type_blocks/01724_ItemChainManager..txt		signature only
1725		ItemChainManager.	1906F20	public void .ctor() { }	MergePuzzle/ItemChainManager.cs	code/Il2CppDumper/type_blocks/01725_ItemChainManager..txt		signature only
1725		ItemChainManager.	190F594	internal bool <GetItemLinksAtUnlockLevel>b__0(ItemLinkModel l) { }	MergePuzzle/ItemChainManager.cs	code/Il2CppDumper/type_blocks/01725_ItemChainManager..txt		signature only
1726		ItemChainManager.	190707C	public void .ctor() { }	MergePuzzle/ItemChainManager.cs	code/Il2CppDumper/type_blocks/01726_ItemChainManager..txt		signature only
1726		ItemChainManager.	190F5C4	internal bool <GetItemLinksAtArchiveLevel>b__0(ItemLinkModel l) { }	MergePuzzle/ItemChainManager.cs	code/Il2CppDumper/type_blocks/01726_ItemChainManager..txt		signature only
1727		ItemChainManager.	19071B4	public void .ctor() { }	MergePuzzle/ItemChainManager.cs	code/Il2CppDumper/type_blocks/01727_ItemChainManager..txt		signature only
1727		ItemChainManager.	190F5F4	internal bool <GetItemLinkWithItemSet>b__0(ItemLinkModel l) { }	MergePuzzle/ItemChainManager.cs	code/Il2CppDumper/type_blocks/01727_ItemChainManager..txt		signature only
1728		ItemChainManager.	19085D4	public void .ctor() { }	MergePuzzle/ItemChainManager.cs	code/Il2CppDumper/type_blocks/01728_ItemChainManager..txt		signature only
1728		ItemChainManager.	190F698	internal bool <ReplaceOldSetIDs>b__3(BoardTaskGoal g) { }	MergePuzzle/ItemChainManager.cs	code/Il2CppDumper/type_blocks/01728_ItemChainManager..txt		signature only
1728		ItemChainManager.	190F7B0	internal bool <ReplaceOldSetIDs>b__4(BoardTaskGoal g) { }	MergePuzzle/ItemChainManager.cs	code/Il2CppDumper/type_blocks/01728_ItemChainManager..txt		signature only
1729		ItemChainManager.	19085DC	public void .ctor() { }	MergePuzzle/ItemChainManager.cs	code/Il2CppDumper/type_blocks/01729_ItemChainManager..txt		signature only
1729		ItemChainManager.	190F8C8	internal bool <ReplaceOldSetIDs>b__0(ItemLinkModel c) { }	MergePuzzle/ItemChainManager.cs	code/Il2CppDumper/type_blocks/01729_ItemChainManager..txt		signature only
1730		ItemChainManager.	1908640	public void .ctor() { }	MergePuzzle/ItemChainManager.cs	code/Il2CppDumper/type_blocks/01730_ItemChainManager..txt		signature only
1730		ItemChainManager.	190F99C	internal bool <ReplaceOldSetIDs>b__1(ItemLinkModel c) { }	MergePuzzle/ItemChainManager.cs	code/Il2CppDumper/type_blocks/01730_ItemChainManager..txt		signature only
1731		ItemChainManager.	1908648	public void .ctor() { }	MergePuzzle/ItemChainManager.cs	code/Il2CppDumper/type_blocks/01731_ItemChainManager..txt		signature only
1731		ItemChainManager.	190FA50	internal bool <ReplaceOldSetIDs>b__2(ItemLinkModel c) { }	MergePuzzle/ItemChainManager.cs	code/Il2CppDumper/type_blocks/01731_ItemChainManager..txt		signature only
1732		ItemChainManager.	190F7A8	public void .ctor() { }	MergePuzzle/ItemChainManager.cs	code/Il2CppDumper/type_blocks/01732_ItemChainManager..txt		signature only
1732		ItemChainManager.	190FB04	internal bool <ReplaceOldSetIDs>b__5(ItemLinkModel l) { }	MergePuzzle/ItemChainManager.cs	code/Il2CppDumper/type_blocks/01732_ItemChainManager..txt		signature only
1733		ItemChainManager.	190F8C0	public void .ctor() { }	MergePuzzle/ItemChainManager.cs	code/Il2CppDumper/type_blocks/01733_ItemChainManager..txt		signature only
1733		ItemChainManager.	190FB3C	internal bool <ReplaceOldSetIDs>b__6(ItemLinkModel l) { }	MergePuzzle/ItemChainManager.cs	code/Il2CppDumper/type_blocks/01733_ItemChainManager..txt		signature only
1734		ItemChainManager.	1909AB4	public void .ctor() { }	MergePuzzle/ItemChainManager.cs	code/Il2CppDumper/type_blocks/01734_ItemChainManager..txt		signature only
1734		ItemChainManager.	190FB74	internal bool <GetAllLinksOrderedByArchiveLevel>b__1(ItemLinkModel l) { }	MergePuzzle/ItemChainManager.cs	code/Il2CppDumper/type_blocks/01734_ItemChainManager..txt		signature only
1735		ItemChainManager.	190B570	public void .ctor() { }	MergePuzzle/ItemChainManager.cs	code/Il2CppDumper/type_blocks/01735_ItemChainManager..txt		signature only
1735		ItemChainManager.	190FC14	internal bool <GetSpawnersToRemoveByArchive>b__0(BoardPosition p) { }	MergePuzzle/ItemChainManager.cs	code/Il2CppDumper/type_blocks/01735_ItemChainManager..txt		signature only
1735		ItemChainManager.	190FCE4	internal bool <GetSpawnersToRemoveByArchive>b__2(InventoryEntity.InventorySpawnerEntity s) { }	MergePuzzle/ItemChainManager.cs	code/Il2CppDumper/type_blocks/01735_ItemChainManager..txt		signature only
1735		ItemChainManager.	190FD20	internal bool <GetSpawnersToRemoveByArchive>b__3(ItemEntity ie) { }	MergePuzzle/ItemChainManager.cs	code/Il2CppDumper/type_blocks/01735_ItemChainManager..txt		signature only
1735		ItemChainManager.	190FD68	internal bool <GetSpawnersToRemoveByArchive>b__5(RewardEntity ar) { }	MergePuzzle/ItemChainManager.cs	code/Il2CppDumper/type_blocks/01735_ItemChainManager..txt		signature only
1736		ItemChainManager.	190C0E0	public void .ctor() { }	MergePuzzle/ItemChainManager.cs	code/Il2CppDumper/type_blocks/01736_ItemChainManager..txt		signature only
1736		ItemChainManager.	190FDB0	internal bool <GetMatchingIDFromAnotherLink>b__0(int id) { }	MergePuzzle/ItemChainManager.cs	code/Il2CppDumper/type_blocks/01736_ItemChainManager..txt		signature only
1737		ItemChainManager.	190C3E0	public void .ctor() { }	MergePuzzle/ItemChainManager.cs	code/Il2CppDumper/type_blocks/01737_ItemChainManager..txt		signature only
1737		ItemChainManager.	190FE0C	internal bool <IsSpawnerSellable>b__0(InventoryEntity.InventorySpawnerEntity item) { }	MergePuzzle/ItemChainManager.cs	code/Il2CppDumper/type_blocks/01737_ItemChainManager..txt		signature only
1738		ItemChainManager.	190CC8C	public void .ctor() { }	MergePuzzle/ItemChainManager.cs	code/Il2CppDumper/type_blocks/01738_ItemChainManager..txt		signature only
1738		ItemChainManager.	190FEC0	internal bool <CurrentRequiredLevelForSpawner>b__0(KiteSpawnerBackupItem.KiteBackupSpawnerModel s) { }	MergePuzzle/ItemChainManager.cs	code/Il2CppDumper/type_blocks/01738_ItemChainManager..txt		signature only
1739	MergePuzzle	ItemChainManager	190328C	public void .ctor(KiteNewSpawnerConfig kiteConfig, BoardEntity boardEntity) { }	MergePuzzle/ItemChainManager.cs	code/Il2CppDumper/type_blocks/01739_ItemChainManager.txt	ghidra_data_pseudocode.c	native pseudocode (unverified)
1739	MergePuzzle	ItemChainManager	19040E0	public void SetBoardEntity(BoardEntity boardEntity) { }	MergePuzzle/ItemChainManager.cs	code/Il2CppDumper/type_blocks/01739_ItemChainManager.txt	ghidra_data_pseudocode.c	native pseudocode (unverified)
1739	MergePuzzle	ItemChainManager	19040E8	public void SetWaitingArchiveTasksReadyForRemoval() { }	MergePuzzle/ItemChainManager.cs	code/Il2CppDumper/type_blocks/01739_ItemChainManager.txt	ghidra_data_pseudocode.c	native pseudocode (unverified)
1739	MergePuzzle	ItemChainManager	19043A0	public void SetArchiveTaskForRemoval(ItemLinkID linkID) { }	MergePuzzle/ItemChainManager.cs	code/Il2CppDumper/type_blocks/01739_ItemChainManager.txt	ghidra_data_pseudocode.c	native pseudocode (unverified)
1739	MergePuzzle	ItemChainManager	19044D8	public void TryEnqueueArchivePopup() { }	MergePuzzle/ItemChainManager.cs	code/Il2CppDumper/type_blocks/01739_ItemChainManager.txt	ghidra_data_pseudocode.c	native pseudocode (unverified)
1739	MergePuzzle	ItemChainManager	19047C8	public void UpdateArchiveTasks() { }	MergePuzzle/ItemChainManager.cs	code/Il2CppDumper/type_blocks/01739_ItemChainManager.txt	ghidra_data_pseudocode.c	native pseudocode (unverified)
1739	MergePuzzle	ItemChainManager	1903DCC	private void InitializeChains() { }	MergePuzzle/ItemChainManager.cs	code/Il2CppDumper/type_blocks/01739_ItemChainManager.txt	ghidra_data_pseudocode.c	native pseudocode (unverified)
1739	MergePuzzle	ItemChainManager	1904CDC	private void ClearAllCaches() { }	MergePuzzle/ItemChainManager.cs	code/Il2CppDumper/type_blocks/01739_ItemChainManager.txt	ghidra_data_pseudocode.c	native pseudocode (unverified)
1739	MergePuzzle	ItemChainManager	1904DCC	private void ProcessChainData(ItemChainScriptableData chainData, int userLevel) { }	MergePuzzle/ItemChainManager.cs	code/Il2CppDumper/type_blocks/01739_ItemChainManager.txt	ghidra_data_pseudocode.c	native pseudocode (unverified)
1739	MergePuzzle	ItemChainManager	1905B3C	private KiteItemChain FindKiteChain(int chainIndex) { }	MergePuzzle/ItemChainManager.cs	code/Il2CppDumper/type_blocks/01739_ItemChainManager.txt	ghidra_data_pseudocode.c	native pseudocode (unverified)
1739	MergePuzzle	ItemChainManager	1905D00	private static KiteItemLink FindKiteLink(KiteItemChain kiteChain, int linkIndex) { }	MergePuzzle/ItemChainManager.cs	code/Il2CppDumper/type_blocks/01739_ItemChainManager.txt	ghidra_data_pseudocode.c	native pseudocode (unverified)
1739	MergePuzzle	ItemChainManager	1906298	private ItemLinkModel FindActiveLinkBySetID(int setId) { }	MergePuzzle/ItemChainManager.cs	code/Il2CppDumper/type_blocks/01739_ItemChainManager.txt	ghidra_data_pseudocode.c	native pseudocode (unverified)
1739	MergePuzzle	ItemChainManager	1906354	public ItemLinkScriptableData FindActiveLinkDataBySetID(int setId) { }	MergePuzzle/ItemChainManager.cs	code/Il2CppDumper/type_blocks/01739_ItemChainManager.txt	ghidra_data_pseudocode.c	native pseudocode (unverified)
1739	MergePuzzle	ItemChainManager	1906530	public ItemLinkScriptableData FindActiveLinkDataByDefaultSetID(int defaultSetId) { }	MergePuzzle/ItemChainManager.cs	code/Il2CppDumper/type_blocks/01739_ItemChainManager.txt	ghidra_data_pseudocode.c	native pseudocode (unverified)
1739	MergePuzzle	ItemChainManager	1905EC0	private void CacheLinkById(ItemLinkModel link) { }	MergePuzzle/ItemChainManager.cs	code/Il2CppDumper/type_blocks/01739_ItemChainManager.txt	ghidra_data_pseudocode.c	native pseudocode (unverified)
1739	MergePuzzle	ItemChainManager	1905F48	private void UpdateActiveLinkIfNecessary(ItemLinkModel link, int chainIndex, int userLevel) { }	MergePuzzle/ItemChainManager.cs	code/Il2CppDumper/type_blocks/01739_ItemChainManager.txt	ghidra_data_pseudocode.c	native pseudocode (unverified)
1739	MergePuzzle	ItemChainManager	1906050	private void BuildReverseIndexForLink(ItemLinkModel link, int chainIndex) { }	MergePuzzle/ItemChainManager.cs	code/Il2CppDumper/type_blocks/01739_ItemChainManager.txt	ghidra_data_pseudocode.c	native pseudocode (unverified)
1739	MergePuzzle	ItemChainManager	1906830	private void AddSetIdToChainIndex(int setId, int chainIndex) { }	MergePuzzle/ItemChainManager.cs	code/Il2CppDumper/type_blocks/01739_ItemChainManager.txt	ghidra_data_pseudocode.c	native pseudocode (unverified)
1739	MergePuzzle	ItemChainManager	19068A4	public ItemChainModel FindItemChainWithSetId(int setId) { }	MergePuzzle/ItemChainManager.cs	code/Il2CppDumper/type_blocks/01739_ItemChainManager.txt	ghidra_data_pseudocode.c	native pseudocode (unverified)
1739	MergePuzzle	ItemChainManager	1906960	public List<ItemChainModel> FindAllItemChainsWithSetId(int setId) { }	MergePuzzle/ItemChainManager.cs	code/Il2CppDumper/type_blocks/01739_ItemChainManager.txt	ghidra_data_pseudocode.c	native pseudocode (unverified)
1739	MergePuzzle	ItemChainManager	1906B1C	public ItemChainModel GetItemChain(int chainIndex) { }	MergePuzzle/ItemChainManager.cs	code/Il2CppDumper/type_blocks/01739_ItemChainManager.txt	ghidra_data_pseudocode.c	native pseudocode (unverified)
1739	MergePuzzle	ItemChainManager	1906B78	public ItemChainScriptableData GetItemChainData(int chainIndex) { }	MergePuzzle/ItemChainManager.cs	code/Il2CppDumper/type_blocks/01739_ItemChainManager.txt	ghidra_data_pseudocode.c	native pseudocode (unverified)
1739	MergePuzzle	ItemChainManager	1906C18	public ItemLinkScriptableData GetItemLinkData(ItemLinkID linkID) { }	MergePuzzle/ItemChainManager.cs	code/Il2CppDumper/type_blocks/01739_ItemChainManager.txt	ghidra_data_pseudocode.c	native pseudocode (unverified)
1739	MergePuzzle	ItemChainManager	190476C	public ItemLinkModel GetItemLink(ItemLinkID linkID) { }	MergePuzzle/ItemChainManager.cs	code/Il2CppDumper/type_blocks/01739_ItemChainManager.txt	ghidra_data_pseudocode.c	native pseudocode (unverified)
1739	MergePuzzle	ItemChainManager	1906DCC	public List<ItemLinkModel> GetItemLinksAtUnlockLevel(int unlockLevel) { }	MergePuzzle/ItemChainManager.cs	code/Il2CppDumper/type_blocks/01739_ItemChainManager.txt	ghidra_data_pseudocode.c	native pseudocode (unverified)
1739	MergePuzzle	ItemChainManager	1906F28	public List<ItemLinkModel> GetItemLinksAtArchiveLevel(int archiveLevel) { }	MergePuzzle/ItemChainManager.cs	code/Il2CppDumper/type_blocks/01739_ItemChainManager.txt	ghidra_data_pseudocode.c	native pseudocode (unverified)
1739	MergePuzzle	ItemChainManager	1907084	public ItemLinkModel GetItemLinkWithItemSet(int itemSetId) { }	MergePuzzle/ItemChainManager.cs	code/Il2CppDumper/type_blocks/01739_ItemChainManager.txt	ghidra_data_pseudocode.c	native pseudocode (unverified)
1739	MergePuzzle	ItemChainManager	19071BC	public void ReplaceOldSetIDs(List<ItemLinkModel> previousLinks, List<ItemLinkModel> newLinks) { }	MergePuzzle/ItemChainManager.cs	code/Il2CppDumper/type_blocks/01739_ItemChainManager.txt	ghidra_data_pseudocode.c	native pseudocode (unverified)
1739	MergePuzzle	ItemChainManager	1908650	public static int GetDefaultSetIDFromArchivedID(int archivedID) { }	MergePuzzle/ItemChainManager.cs	code/Il2CppDumper/type_blocks/01739_ItemChainManager.txt	ghidra_data_pseudocode.c	native pseudocode (unverified)
1739	MergePuzzle	ItemChainManager	190869C	public static int GetSetIDFromArchivedID(int archivedID) { }	MergePuzzle/ItemChainManager.cs	code/Il2CppDumper/type_blocks/01739_ItemChainManager.txt	ghidra_data_pseudocode.c	native pseudocode (unverified)
1739	MergePuzzle	ItemChainManager	1908710	public int GetArchivedSetIDFromSetID(int setID, bool checkIfArchived) { }	MergePuzzle/ItemChainManager.cs	code/Il2CppDumper/type_blocks/01739_ItemChainManager.txt	ghidra_data_pseudocode.c	native pseudocode (unverified)
1739	MergePuzzle	ItemChainManager	1908918	public int GetCurrentIDFromSetID(int setID) { }	MergePuzzle/ItemChainManager.cs	code/Il2CppDumper/type_blocks/01739_ItemChainManager.txt	ghidra_data_pseudocode.c	native pseudocode (unverified)
1739	MergePuzzle	ItemChainManager	1908C40	public int GetActiveIDFromSetID(int setID) { }	MergePuzzle/ItemChainManager.cs	code/Il2CppDumper/type_blocks/01739_ItemChainManager.txt	ghidra_data_pseudocode.c	native pseudocode (unverified)
1739	MergePuzzle	ItemChainManager	19087D0	public static bool IsItemArchived(int setID) { }	MergePuzzle/ItemChainManager.cs	code/Il2CppDumper/type_blocks/01739_ItemChainManager.txt	ghidra_data_pseudocode.c	native pseudocode (unverified)
1739	MergePuzzle	ItemChainManager	19085E4	private static int ArchiveSetID(int setID, int linkIndex) { }	MergePuzzle/ItemChainManager.cs	code/Il2CppDumper/type_blocks/01739_ItemChainManager.txt	ghidra_data_pseudocode.c	native pseudocode (unverified)
1739	MergePuzzle	ItemChainManager	190923C	public bool IsInventoryLogicActive() { }	MergePuzzle/ItemChainManager.cs	code/Il2CppDumper/type_blocks/01739_ItemChainManager.txt	ghidra_data_pseudocode.c	native pseudocode (unverified)
1739	MergePuzzle	ItemChainManager	190925C	public int GetLinkCount() { }	MergePuzzle/ItemChainManager.cs	code/Il2CppDumper/type_blocks/01739_ItemChainManager.txt	ghidra_data_pseudocode.c	native pseudocode (unverified)
1739	MergePuzzle	ItemChainManager	19092C0	public List<ItemLinkModel> GetAllLinksOrderedByUnlockLevel() { }	MergePuzzle/ItemChainManager.cs	code/Il2CppDumper/type_blocks/01739_ItemChainManager.txt	ghidra_data_pseudocode.c	native pseudocode (unverified)
1739	MergePuzzle	ItemChainManager	190962C	public List<ItemLinkModel> GetAllLinksOrderedByArchiveLevel(bool excludeZero = False, bool excludeInventory = False) { }	MergePuzzle/ItemChainManager.cs	code/Il2CppDumper/type_blocks/01739_ItemChainManager.txt	ghidra_data_pseudocode.c	native pseudocode (unverified)
1739	MergePuzzle	ItemChainManager	1909ABC	public long GetArchiveTaskEndTime() { }	MergePuzzle/ItemChainManager.cs	code/Il2CppDumper/type_blocks/01739_ItemChainManager.txt	ghidra_data_pseudocode.c	native pseudocode (unverified)
1739	MergePuzzle	ItemChainManager	1909B40	public GameItemReward GetArchiveReward(ItemLinkID linkID) { }	MergePuzzle/ItemChainManager.cs	code/Il2CppDumper/type_blocks/01739_ItemChainManager.txt	ghidra_data_pseudocode.c	native pseudocode (unverified)
1739	MergePuzzle	ItemChainManager	1909CA8	public List<KiteSpawnerBackupItem> GetSpawnerBackupItems() { }	MergePuzzle/ItemChainManager.cs	code/Il2CppDumper/type_blocks/01739_ItemChainManager.txt	ghidra_data_pseudocode.c	native pseudocode (unverified)
1739	MergePuzzle	ItemChainManager	1909D5C	public List<BoardPosition> GetSpawnersToRemoveByArchive(List<BoardPosition> boardPositions, int setID) { }	MergePuzzle/ItemChainManager.cs	code/Il2CppDumper/type_blocks/01739_ItemChainManager.txt	ghidra_data_pseudocode.c	native pseudocode (unverified)
1739	MergePuzzle	ItemChainManager	190BA00	public List<ItemLinkModel> GetPossibleArchiveLinks() { }	MergePuzzle/ItemChainManager.cs	code/Il2CppDumper/type_blocks/01739_ItemChainManager.txt	ghidra_data_pseudocode.c	native pseudocode (unverified)
1739	MergePuzzle	ItemChainManager	190BB84	public int LookupSetIDInParentLink(int lookupSetID, int parentSetID) { }	MergePuzzle/ItemChainManager.cs	code/Il2CppDumper/type_blocks/01739_ItemChainManager.txt	ghidra_data_pseudocode.c	native pseudocode (unverified)
1739	MergePuzzle	ItemChainManager	190BEF0	private static int GetMatchingIDFromAnotherLink(ItemLinkModel parentLink, int lookupSetID) { }	MergePuzzle/ItemChainManager.cs	code/Il2CppDumper/type_blocks/01739_ItemChainManager.txt	ghidra_data_pseudocode.c	native pseudocode (unverified)
1739	MergePuzzle	ItemChainManager	190C0E8	public bool IsSpawnerSellable(int querySetID, int level) { }	MergePuzzle/ItemChainManager.cs	code/Il2CppDumper/type_blocks/01739_ItemChainManager.txt	ghidra_data_pseudocode.c	native pseudocode (unverified)
1739	MergePuzzle	ItemChainManager	190C678	private int CurrentRequiredLevelForSpawner(int querySetID) { }	MergePuzzle/ItemChainManager.cs	code/Il2CppDumper/type_blocks/01739_ItemChainManager.txt	ghidra_data_pseudocode.c	native pseudocode (unverified)
1739	MergePuzzle	ItemChainManager	190CC94	public Tuple<int, int> GetNextArchivedChainAndLink() { }	MergePuzzle/ItemChainManager.cs	code/Il2CppDumper/type_blocks/01739_ItemChainManager.txt	ghidra_data_pseudocode.c	native pseudocode (unverified)
1739	MergePuzzle	ItemChainManager	190CF58	public void CreateSpawnerQueryDictionary() { }	MergePuzzle/ItemChainManager.cs	code/Il2CppDumper/type_blocks/01739_ItemChainManager.txt	ghidra_data_pseudocode.c	native pseudocode (unverified)
1739	MergePuzzle	ItemChainManager	19040D8	public void InitializeItemRewardConversion() { }	MergePuzzle/ItemChainManager.cs	code/Il2CppDumper/type_blocks/01739_ItemChainManager.txt	ghidra_data_pseudocode.c	native pseudocode (unverified)
1739	MergePuzzle	ItemChainManager	190D434	public void ItemRewardConvertUpdated(ItemRewardConvertEvent.FeatureStatusUpdated e) { }	MergePuzzle/ItemChainManager.cs	code/Il2CppDumper/type_blocks/01739_ItemChainManager.txt	ghidra_data_pseudocode.c	native pseudocode (unverified)
1739	MergePuzzle	ItemChainManager	190D70C	public int GetParentChainSpawnerSetId(int childSpawnerSetId) { }	MergePuzzle/ItemChainManager.cs	code/Il2CppDumper/type_blocks/01739_ItemChainManager.txt	ghidra_data_pseudocode.c	native pseudocode (unverified)
1739	MergePuzzle	ItemChainManager	190E08C	public int GetChildChainSpawnerSetId(int parentSpawnerSetId) { }	MergePuzzle/ItemChainManager.cs	code/Il2CppDumper/type_blocks/01739_ItemChainManager.txt	ghidra_data_pseudocode.c	native pseudocode (unverified)
1740	MergePuzzle	ItemLinkID	190FEF0	public void .ctor(int chainIndex, int linkIndex) { }	MergePuzzle/ItemLinkID.cs	code/Il2CppDumper/type_blocks/01740_ItemLinkID.txt		signature only
1740	MergePuzzle	ItemLinkID	190FEFC	public int get_ChainIndex() { }	MergePuzzle/ItemLinkID.cs	code/Il2CppDumper/type_blocks/01740_ItemLinkID.txt		signature only
1740	MergePuzzle	ItemLinkID	190FF08	public int get_LinkIndex() { }	MergePuzzle/ItemLinkID.cs	code/Il2CppDumper/type_blocks/01740_ItemLinkID.txt		signature only
1740	MergePuzzle	ItemLinkID	190FF10	public static int op_Implicit(ItemLinkID linkID) { }	MergePuzzle/ItemLinkID.cs	code/Il2CppDumper/type_blocks/01740_ItemLinkID.txt		signature only
1740	MergePuzzle	ItemLinkID	1904768	public static ItemLinkID op_Implicit(int value) { }	MergePuzzle/ItemLinkID.cs	code/Il2CppDumper/type_blocks/01740_ItemLinkID.txt		signature only
1741	MergePuzzle	KiteItemChain	190FF14	public void .ctor() { }	MergePuzzle/KiteItemChain.cs	code/Il2CppDumper/type_blocks/01741_KiteItemChain.txt		signature only
1741	MergePuzzle	KiteItemChain	190FF1C	public void Initialize() { }	MergePuzzle/KiteItemChain.cs	code/Il2CppDumper/type_blocks/01741_KiteItemChain.txt		signature only
1742		KiteItemLink.ArchiveRewardItem	19100E8	public void .ctor() { }	MergePuzzle/KiteItemLink.cs	code/Il2CppDumper/type_blocks/01742_KiteItemLink.ArchiveRewardItem.txt		signature only
1743	MergePuzzle	KiteItemLink	190FFD4	public ItemLinkID get_LinkID() { }	MergePuzzle/KiteItemLink.cs	code/Il2CppDumper/type_blocks/01743_KiteItemLink.txt		signature only
1743	MergePuzzle	KiteItemLink	19100D8	public void .ctor() { }	MergePuzzle/KiteItemLink.cs	code/Il2CppDumper/type_blocks/01743_KiteItemLink.txt		signature only
1743	MergePuzzle	KiteItemLink	19100E0	public void Initialize(int chainIndex) { }	MergePuzzle/KiteItemLink.cs	code/Il2CppDumper/type_blocks/01743_KiteItemLink.txt		signature only
1744		KiteNewSpawnerConfig.	1910550	private static void .cctor() { }	MergePuzzle/KiteNewSpawnerConfig.cs	code/Il2CppDumper/type_blocks/01744_KiteNewSpawnerConfig..txt		signature only
1744		KiteNewSpawnerConfig.	19105C4	public void .ctor() { }	MergePuzzle/KiteNewSpawnerConfig.cs	code/Il2CppDumper/type_blocks/01744_KiteNewSpawnerConfig..txt		signature only
1744		KiteNewSpawnerConfig.	19105CC	internal bool <GetValue>b__6_0(UserEntity.VersionEntryLevel el) { }	MergePuzzle/KiteNewSpawnerConfig.cs	code/Il2CppDumper/type_blocks/01744_KiteNewSpawnerConfig..txt		signature only
1745	MergePuzzle	KiteNewSpawnerConfig	19100F0	public void .ctor() { }	MergePuzzle/KiteNewSpawnerConfig.cs	code/Il2CppDumper/type_blocks/01745_KiteNewSpawnerConfig.txt		signature only
1745	MergePuzzle	KiteNewSpawnerConfig	19100F8	public KiteNewSpawnerConfig GetValue() { }	MergePuzzle/KiteNewSpawnerConfig.cs	code/Il2CppDumper/type_blocks/01745_KiteNewSpawnerConfig.txt		signature only
1745	MergePuzzle	KiteNewSpawnerConfig	19103C0	public void Initialize() { }	MergePuzzle/KiteNewSpawnerConfig.cs	code/Il2CppDumper/type_blocks/01745_KiteNewSpawnerConfig.txt		signature only
1746		KiteSpawnerBackupItem.KiteBackupSpawnerModel	1910624	public void .ctor() { }	MergePuzzle/KiteSpawnerBackupItem.cs	code/Il2CppDumper/type_blocks/01746_KiteSpawnerBackupItem.KiteBackupSpawnerModel.txt		signature only
1747	MergePuzzle	KiteSpawnerBackupItem	19105F4	public void .ctor() { }	MergePuzzle/KiteSpawnerBackupItem.cs	code/Il2CppDumper/type_blocks/01747_KiteSpawnerBackupItem.txt		signature only
1747	MergePuzzle	KiteSpawnerBackupItem	19105FC	public int CompareTo(KiteSpawnerBackupItem other) { }	MergePuzzle/KiteSpawnerBackupItem.cs	code/Il2CppDumper/type_blocks/01747_KiteSpawnerBackupItem.txt		signature only
1748		ItemChainModel.	1911AE8	private static void .cctor() { }	MergePuzzle/ItemChainModel.cs	code/Il2CppDumper/type_blocks/01748_ItemChainModel..txt		signature only
1748		ItemChainModel.	1911B5C	public void .ctor() { }	MergePuzzle/ItemChainModel.cs	code/Il2CppDumper/type_blocks/01748_ItemChainModel..txt		signature only
1748		ItemChainModel.	1911B64	internal int <GetNextAvailableLinkIndex>b__12_0(ItemLinkModel l) { }	MergePuzzle/ItemChainModel.cs	code/Il2CppDumper/type_blocks/01748_ItemChainModel..txt		signature only
1748		ItemChainModel.	1911B80	internal int <ValidateChain>b__14_0(ItemLinkModel l) { }	MergePuzzle/ItemChainModel.cs	code/Il2CppDumper/type_blocks/01748_ItemChainModel..txt		signature only
1748		ItemChainModel.	1911B9C	internal bool <ValidateChain>b__14_1(IGrouping<int, ItemLinkModel> g) { }	MergePuzzle/ItemChainModel.cs	code/Il2CppDumper/type_blocks/01748_ItemChainModel..txt		signature only
1748		ItemChainModel.	1911C00	internal int <ValidateChain>b__14_2(IGrouping<int, ItemLinkModel> g) { }	MergePuzzle/ItemChainModel.cs	code/Il2CppDumper/type_blocks/01748_ItemChainModel..txt		signature only
1749		ItemChainModel.	1910E54	public void .ctor() { }	MergePuzzle/ItemChainModel.cs	code/Il2CppDumper/type_blocks/01749_ItemChainModel..txt		signature only
1749		ItemChainModel.	1911CB4	internal bool <GetLinksByUnlockLevel>b__0(ItemLinkModel l) { }	MergePuzzle/ItemChainModel.cs	code/Il2CppDumper/type_blocks/01749_ItemChainModel..txt		signature only
1750		ItemChainModel.	1910F54	public void .ctor() { }	MergePuzzle/ItemChainModel.cs	code/Il2CppDumper/type_blocks/01750_ItemChainModel..txt		signature only
1750		ItemChainModel.	1911CE4	internal bool <IsLinkIndexUsed>b__0(ItemLinkModel l) { }	MergePuzzle/ItemChainModel.cs	code/Il2CppDumper/type_blocks/01750_ItemChainModel..txt		signature only
1751		ItemChainModel.	1910D18	public void .ctor() { }	MergePuzzle/ItemChainModel.cs	code/Il2CppDumper/type_blocks/01751_ItemChainModel..txt		signature only
1751		ItemChainModel.	1911D14	internal bool <GetLinkByIndex>b__0(ItemLinkModel l) { }	MergePuzzle/ItemChainModel.cs	code/Il2CppDumper/type_blocks/01751_ItemChainModel..txt		signature only
1752	MergePuzzle	ItemChainModel	191062C	public IReadOnlyList<ItemLinkModel> get_Links() { }	MergePuzzle/ItemChainModel.cs	code/Il2CppDumper/type_blocks/01752_ItemChainModel.txt		signature only
1752	MergePuzzle	ItemChainModel	1910634	public void .ctor() { }	MergePuzzle/ItemChainModel.cs	code/Il2CppDumper/type_blocks/01752_ItemChainModel.txt		signature only
1752	MergePuzzle	ItemChainModel	19106CC	public void .ctor(int chainIndex) { }	MergePuzzle/ItemChainModel.cs	code/Il2CppDumper/type_blocks/01752_ItemChainModel.txt		signature only
1752	MergePuzzle	ItemChainModel	191076C	public ItemLinkModel AddLink(int unlockLevel, int archiveLevel, int spawnerSetId, bool spawnerArchiveRemovable, List<int> itemSetIds) { }	MergePuzzle/ItemChainModel.cs	code/Il2CppDumper/type_blocks/01752_ItemChainModel.txt		signature only
1752	MergePuzzle	ItemChainModel	1906210	public bool RemoveLink(ItemLinkModel link, bool reindexLinks = False) { }	MergePuzzle/ItemChainModel.cs	code/Il2CppDumper/type_blocks/01752_ItemChainModel.txt		signature only
1752	MergePuzzle	ItemChainModel	1910C20	public ItemLinkModel GetLinkByIndex(int linkIndex) { }	MergePuzzle/ItemChainModel.cs	code/Il2CppDumper/type_blocks/01752_ItemChainModel.txt		signature only
1752	MergePuzzle	ItemChainModel	1910D20	public ItemLinkModel GetLinkByID(ItemLinkID linkID) { }	MergePuzzle/ItemChainModel.cs	code/Il2CppDumper/type_blocks/01752_ItemChainModel.txt		signature only
1752	MergePuzzle	ItemChainModel	1910D38	public List<ItemLinkModel> GetLinksByUnlockLevel(int unlockLevel) { }	MergePuzzle/ItemChainModel.cs	code/Il2CppDumper/type_blocks/01752_ItemChainModel.txt		signature only
1752	MergePuzzle	ItemChainModel	1910E5C	public bool IsLinkIndexUsed(int linkIndex) { }	MergePuzzle/ItemChainModel.cs	code/Il2CppDumper/type_blocks/01752_ItemChainModel.txt		signature only
1752	MergePuzzle	ItemChainModel	191091C	private int GetNextAvailableLinkIndex() { }	MergePuzzle/ItemChainModel.cs	code/Il2CppDumper/type_blocks/01752_ItemChainModel.txt		signature only
1752	MergePuzzle	ItemChainModel	1910B28	public void ReindexLinks() { }	MergePuzzle/ItemChainModel.cs	code/Il2CppDumper/type_blocks/01752_ItemChainModel.txt		signature only
1752	MergePuzzle	ItemChainModel	1910F5C	public List<string> ValidateChain() { }	MergePuzzle/ItemChainModel.cs	code/Il2CppDumper/type_blocks/01752_ItemChainModel.txt		signature only
1752	MergePuzzle	ItemChainModel	1911948	public void UpdateChainIndex(int newChainIndex) { }	MergePuzzle/ItemChainModel.cs	code/Il2CppDumper/type_blocks/01752_ItemChainModel.txt		signature only
1753	MergePuzzle	ItemLinkModel	190672C	public ItemLinkID get_LinkID() { }	MergePuzzle/ItemLinkModel.cs	code/Il2CppDumper/type_blocks/01753_ItemLinkModel.txt		signature only
1753	MergePuzzle	ItemLinkModel	1910A7C	public void .ctor() { }	MergePuzzle/ItemLinkModel.cs	code/Il2CppDumper/type_blocks/01753_ItemLinkModel.txt		signature only
1753	MergePuzzle	ItemLinkModel	1911D44	public int GetChainIndex() { }	MergePuzzle/ItemLinkModel.cs	code/Il2CppDumper/type_blocks/01753_ItemLinkModel.txt		signature only
1753	MergePuzzle	ItemLinkModel	1910B14	internal void SetChainIndex(int chainIndex) { }	MergePuzzle/ItemLinkModel.cs	code/Il2CppDumper/type_blocks/01753_ItemLinkModel.txt		signature only
1753	MergePuzzle	ItemLinkModel	190F61C	public bool ContainsItemSet(int itemSetId) { }	MergePuzzle/ItemLinkModel.cs	code/Il2CppDumper/type_blocks/01753_ItemLinkModel.txt		signature only
1753	MergePuzzle	ItemLinkModel	1911D4C	public bool AddItemSet(int itemSetId) { }	MergePuzzle/ItemLinkModel.cs	code/Il2CppDumper/type_blocks/01753_ItemLinkModel.txt		signature only
1753	MergePuzzle	ItemLinkModel	1911EBC	public bool RemoveItemSet(int itemSetId) { }	MergePuzzle/ItemLinkModel.cs	code/Il2CppDumper/type_blocks/01753_ItemLinkModel.txt		signature only
1753	MergePuzzle	ItemLinkModel	1911F28	public List<string> Validate() { }	MergePuzzle/ItemLinkModel.cs	code/Il2CppDumper/type_blocks/01753_ItemLinkModel.txt		signature only
1753	MergePuzzle	ItemLinkModel	191224C	public string GetFirebaseCodeName() { }	MergePuzzle/ItemLinkModel.cs	code/Il2CppDumper/type_blocks/01753_ItemLinkModel.txt		signature only
1754		ItemChainScriptableData.	19125F8	public void .ctor() { }	MergePuzzle/ItemChainScriptableData.cs	code/Il2CppDumper/type_blocks/01754_ItemChainScriptableData..txt		signature only
1754		ItemChainScriptableData.	19126F8	internal bool <GetLinkDataByID>b__0(ItemLinkScriptableData l) { }	MergePuzzle/ItemChainScriptableData.cs	code/Il2CppDumper/type_blocks/01754_ItemChainScriptableData..txt		signature only
1755	MergePuzzle	ItemChainScriptableData	19122DC	public IReadOnlyList<ItemLinkScriptableData> get_Links() { }	MergePuzzle/ItemChainScriptableData.cs	code/Il2CppDumper/type_blocks/01755_ItemChainScriptableData.txt		signature only
1755	MergePuzzle	ItemChainScriptableData	1905888	public ItemChainModel ToModel() { }	MergePuzzle/ItemChainScriptableData.cs	code/Il2CppDumper/type_blocks/01755_ItemChainScriptableData.txt		signature only
1755	MergePuzzle	ItemChainScriptableData	1906CD4	public ItemLinkScriptableData GetLinkDataByID(ItemLinkID linkID) { }	MergePuzzle/ItemChainScriptableData.cs	code/Il2CppDumper/type_blocks/01755_ItemChainScriptableData.txt		signature only
1755	MergePuzzle	ItemChainScriptableData	190BE64	public List<ItemChainScriptableData> GetChildrenList() { }	MergePuzzle/ItemChainScriptableData.cs	code/Il2CppDumper/type_blocks/01755_ItemChainScriptableData.txt		signature only
1755	MergePuzzle	ItemChainScriptableData	1912600	public void .ctor() { }	MergePuzzle/ItemChainScriptableData.cs	code/Il2CppDumper/type_blocks/01755_ItemChainScriptableData.txt		signature only
1756		ItemLinkScriptableData.ItemLinkScriptableSetData	191295C	public void .ctor() { }	MergePuzzle/ItemLinkScriptableData.cs	code/Il2CppDumper/type_blocks/01756_ItemLinkScriptableData.ItemLinkScriptableSetData.txt		signature only
1757		ItemLinkScriptableData.	1912964	private static void .cctor() { }	MergePuzzle/ItemLinkScriptableData.cs	code/Il2CppDumper/type_blocks/01757_ItemLinkScriptableData..txt		signature only
1757		ItemLinkScriptableData.	19129D8	public void .ctor() { }	MergePuzzle/ItemLinkScriptableData.cs	code/Il2CppDumper/type_blocks/01757_ItemLinkScriptableData..txt		signature only
1757		ItemLinkScriptableData.	19129E0	internal bool <ToModel>b__9_0(ItemLinkScriptableData.ItemLinkScriptableSetData s) { }	MergePuzzle/ItemLinkScriptableData.cs	code/Il2CppDumper/type_blocks/01757_ItemLinkScriptableData..txt		signature only
1757		ItemLinkScriptableData.	19129F0	internal int <ToModel>b__9_1(ItemLinkScriptableData.ItemLinkScriptableSetData s) { }	MergePuzzle/ItemLinkScriptableData.cs	code/Il2CppDumper/type_blocks/01757_ItemLinkScriptableData..txt		signature only
1758		ItemLinkScriptableData.	19128BC	public void .ctor() { }	MergePuzzle/ItemLinkScriptableData.cs	code/Il2CppDumper/type_blocks/01758_ItemLinkScriptableData..txt		signature only
1758		ItemLinkScriptableData.	1912A0C	internal bool <GetItemSet>b__0(ItemLinkScriptableData.ItemLinkScriptableSetData s) { }	MergePuzzle/ItemLinkScriptableData.cs	code/Il2CppDumper/type_blocks/01758_ItemLinkScriptableData..txt		signature only
1759	MergePuzzle	ItemLinkScriptableData	190F538	public ItemLinkID get_LinkID() { }	MergePuzzle/ItemLinkScriptableData.cs	code/Il2CppDumper/type_blocks/01759_ItemLinkScriptableData.txt		signature only
1759	MergePuzzle	ItemLinkScriptableData	19122E4	public ItemLinkModel ToModel() { }	MergePuzzle/ItemLinkScriptableData.cs	code/Il2CppDumper/type_blocks/01759_ItemLinkScriptableData.txt		signature only
1759	MergePuzzle	ItemLinkScriptableData	1912730	public ItemLinkScriptableData.ItemLinkScriptableSetData GetItemSet(int setId) { }	MergePuzzle/ItemLinkScriptableData.cs	code/Il2CppDumper/type_blocks/01759_ItemLinkScriptableData.txt		signature only
1759	MergePuzzle	ItemLinkScriptableData	19128C4	public void .ctor() { }	MergePuzzle/ItemLinkScriptableData.cs	code/Il2CppDumper/type_blocks/01759_ItemLinkScriptableData.txt		signature only
1760	MergePuzzle	NewSpawnerConfig	1912A3C	public void .ctor() { }	MergePuzzle/NewSpawnerConfig.cs	code/Il2CppDumper/type_blocks/01760_NewSpawnerConfig.txt		signature only
1851	MergePuzzle	BoardEvent	1912AF8	public void .ctor() { }	MergePuzzle/BoardEvent.cs	code/Il2CppDumper/type_blocks/01851_BoardEvent.txt		signature only
1852	MergePuzzle	BoardPositionEntity	1912B00	public void .ctor(Coordinate index, CellEntity cell, ItemEntity item) { }	MergePuzzle/BoardPositionEntity.cs	code/Il2CppDumper/type_blocks/01852_BoardPositionEntity.txt	ghidra_data_pseudocode.c	native pseudocode (unverified)
1852	MergePuzzle	BoardPositionEntity	1912B48	public void .ctor(Coordinate index) { }	MergePuzzle/BoardPositionEntity.cs	code/Il2CppDumper/type_blocks/01852_BoardPositionEntity.txt	ghidra_data_pseudocode.c	native pseudocode (unverified)
1852	MergePuzzle	BoardPositionEntity	1912B6C	public void .ctor() { }	MergePuzzle/BoardPositionEntity.cs	code/Il2CppDumper/type_blocks/01852_BoardPositionEntity.txt	ghidra_data_pseudocode.c	native pseudocode (unverified)
1852	MergePuzzle	BoardPositionEntity	1912B74	public void Clear() { }	MergePuzzle/BoardPositionEntity.cs	code/Il2CppDumper/type_blocks/01852_BoardPositionEntity.txt	ghidra_data_pseudocode.c	native pseudocode (unverified)
1852	MergePuzzle	BoardPositionEntity	1912D2C	public void SetItem(ItemEntity itemEntity) { }	MergePuzzle/BoardPositionEntity.cs	code/Il2CppDumper/type_blocks/01852_BoardPositionEntity.txt	ghidra_data_pseudocode.c	native pseudocode (unverified)
1852	MergePuzzle	BoardPositionEntity	1912EA4	public override string ToString() { }	MergePuzzle/BoardPositionEntity.cs	code/Il2CppDumper/type_blocks/01852_BoardPositionEntity.txt	ghidra_data_pseudocode.c	native pseudocode (unverified)
1855		BoardData.	1914ED8	public void .ctor() { }	MergePuzzle/BoardData.cs	code/Il2CppDumper/type_blocks/01855_BoardData..txt		signature only
1855		BoardData.	1915D44	internal bool <GetBoosterItemData>b__0(BoosterItemData item) { }	MergePuzzle/BoardData.cs	code/Il2CppDumper/type_blocks/01855_BoardData..txt		signature only
1856		BoardData.	1914FE4	public void .ctor() { }	MergePuzzle/BoardData.cs	code/Il2CppDumper/type_blocks/01856_BoardData..txt		signature only
1856		BoardData.	1915D74	internal bool <GetBoosterItemData>b__0(BoosterItemData item) { }	MergePuzzle/BoardData.cs	code/Il2CppDumper/type_blocks/01856_BoardData..txt		signature only
1857		BoardData.	19157FC	public void .ctor() { }	MergePuzzle/BoardData.cs	code/Il2CppDumper/type_blocks/01857_BoardData..txt		signature only
1857		BoardData.	1915DA4	internal bool <GetBoardItemData>b__0(BoardItemData item) { }	MergePuzzle/BoardData.cs	code/Il2CppDumper/type_blocks/01857_BoardData..txt		signature only
1858	MergePuzzle	BoardData	1913124	public MetaData get_MetaData() { }	MergePuzzle/BoardData.cs	code/Il2CppDumper/type_blocks/01858_BoardData.txt		signature only
1858	MergePuzzle	BoardData	1913224	public void set_MetaData(MetaData value) { }	MergePuzzle/BoardData.cs	code/Il2CppDumper/type_blocks/01858_BoardData.txt		signature only
1858	MergePuzzle	BoardData	191322C	public BoardItemDictionaryHandler get_BoardItemDictionaryHandler() { }	MergePuzzle/BoardData.cs	code/Il2CppDumper/type_blocks/01858_BoardData.txt		signature only
1858	MergePuzzle	BoardData	19132C0	public BoardItemData GetBoardItemDataFallback(int setID, int level, bool skipWarning = False, bool fromEventBoard = False) { }	MergePuzzle/BoardData.cs	code/Il2CppDumper/type_blocks/01858_BoardData.txt	ghidra_data_pseudocode.c	native pseudocode (unverified)
1858	MergePuzzle	BoardData	1913230	private BoardItemDictionaryHandler GetBoardItemDictionaryHandler() { }	MergePuzzle/BoardData.cs	code/Il2CppDumper/type_blocks/01858_BoardData.txt	ghidra_data_pseudocode.c	native pseudocode (unverified)
1858	MergePuzzle	BoardData	1913AE0	public string get_Label() { }	MergePuzzle/BoardData.cs	code/Il2CppDumper/type_blocks/01858_BoardData.txt		signature only
1858	MergePuzzle	BoardData	1913BE8	public string get_TaskLabel() { }	MergePuzzle/BoardData.cs	code/Il2CppDumper/type_blocks/01858_BoardData.txt		signature only
1858	MergePuzzle	BoardData	1913C84	public BoardPositionData GetInitialPositionData(int index) { }	MergePuzzle/BoardData.cs	code/Il2CppDumper/type_blocks/01858_BoardData.txt	ghidra_data_pseudocode.c	native pseudocode (unverified)
1858	MergePuzzle	BoardData	1913B78	public bool IsEvent() { }	MergePuzzle/BoardData.cs	code/Il2CppDumper/type_blocks/01858_BoardData.txt	ghidra_data_pseudocode.c	native pseudocode (unverified)
1858	MergePuzzle	BoardData	1913E70	public LevelData GetLevelData() { }	MergePuzzle/BoardData.cs	code/Il2CppDumper/type_blocks/01858_BoardData.txt	ghidra_data_pseudocode.c	native pseudocode (unverified)
1858	MergePuzzle	BoardData	191400C	public Vector2 GetFirstCellPosition() { }	MergePuzzle/BoardData.cs	code/Il2CppDumper/type_blocks/01858_BoardData.txt	ghidra_data_pseudocode.c	native pseudocode (unverified)
1858	MergePuzzle	BoardData	1914028	public int GetListPosition(Coordinate coordinate) { }	MergePuzzle/BoardData.cs	code/Il2CppDumper/type_blocks/01858_BoardData.txt	ghidra_data_pseudocode.c	native pseudocode (unverified)
1858	MergePuzzle	BoardData	1914094	public List<BoardItemData> GetBoardItemSetItems(int setID) { }	MergePuzzle/BoardData.cs	code/Il2CppDumper/type_blocks/01858_BoardData.txt	ghidra_data_pseudocode.c	native pseudocode (unverified)
1858	MergePuzzle	BoardData	1914164	public List<BoardItemData> GetAllBoardDataItems() { }	MergePuzzle/BoardData.cs	code/Il2CppDumper/type_blocks/01858_BoardData.txt	ghidra_data_pseudocode.c	native pseudocode (unverified)
1858	MergePuzzle	BoardData	19146A0	public List<BoardItemData> GetBoardItemSetItems(Type[] types) { }	MergePuzzle/BoardData.cs	code/Il2CppDumper/type_blocks/01858_BoardData.txt	ghidra_data_pseudocode.c	native pseudocode (unverified)
1858	MergePuzzle	BoardData	1914AF4	public BoardItemSetData GetBoardItemSet(int setID, bool checkBothGroups = False) { }	MergePuzzle/BoardData.cs	code/Il2CppDumper/type_blocks/01858_BoardData.txt	ghidra_data_pseudocode.c	native pseudocode (unverified)
1858	MergePuzzle	BoardData	190B578	public BoardItemSetData GetBoardItemSetFallback(int setID, bool checkBothGroups = False) { }	MergePuzzle/BoardData.cs	code/Il2CppDumper/type_blocks/01858_BoardData.txt	ghidra_data_pseudocode.c	native pseudocode (unverified)
1858	MergePuzzle	BoardData	1914DD4	public BoosterItemData GetBoosterItemData(int ID) { }	MergePuzzle/BoardData.cs	code/Il2CppDumper/type_blocks/01858_BoardData.txt	ghidra_data_pseudocode.c	native pseudocode (unverified)
1858	MergePuzzle	BoardData	1914EE0	public BoosterItemData GetBoosterItemData(BoosterType boosterType) { }	MergePuzzle/BoardData.cs	code/Il2CppDumper/type_blocks/01858_BoardData.txt	ghidra_data_pseudocode.c	native pseudocode (unverified)
1858	MergePuzzle	BoardData	1914FEC	public Sprite GetBoosterSprite(BoosterType boosterType) { }	MergePuzzle/BoardData.cs	code/Il2CppDumper/type_blocks/01858_BoardData.txt	ghidra_data_pseudocode.c	native pseudocode (unverified)
1858	MergePuzzle	BoardData	191508C	public int GetItemPrice(ItemEntity item) { }	MergePuzzle/BoardData.cs	code/Il2CppDumper/type_blocks/01858_BoardData.txt	ghidra_data_pseudocode.c	native pseudocode (unverified)
1858	MergePuzzle	BoardData	1915224	public Tuple<int, int> GetItemBubbleData(ItemInfo itemInfo, out BalanceBubbleConfigModel.BalanceBubbleItemModel bubbleData) { }	MergePuzzle/BoardData.cs	code/Il2CppDumper/type_blocks/01858_BoardData.txt	ghidra_data_pseudocode.c	native pseudocode (unverified)
1858	MergePuzzle	BoardData	1915508	public Tuple<int, int> GetItemBubbleData(ItemEntity item, out BalanceBubbleConfigModel.BalanceBubbleItemModel bubbleData) { }	MergePuzzle/BoardData.cs	code/Il2CppDumper/type_blocks/01858_BoardData.txt	ghidra_data_pseudocode.c	native pseudocode (unverified)
1858	MergePuzzle	BoardData	1915544	public int GetItemJellyPrice(ItemEntity item) { }	MergePuzzle/BoardData.cs	code/Il2CppDumper/type_blocks/01858_BoardData.txt	ghidra_data_pseudocode.c	native pseudocode (unverified)
1858	MergePuzzle	BoardData	1915778	public BoardItemData GetBoardItemData(ItemInfo itemInfo, bool skipWarning = False) { }	MergePuzzle/BoardData.cs	code/Il2CppDumper/type_blocks/01858_BoardData.txt	ghidra_data_pseudocode.c	native pseudocode (unverified)
1858	MergePuzzle	BoardData	191362C	public BoardItemData GetBoardItemData(int setID, int level, bool skipWarning = False) { }	MergePuzzle/BoardData.cs	code/Il2CppDumper/type_blocks/01858_BoardData.txt	ghidra_data_pseudocode.c	native pseudocode (unverified)
1858	MergePuzzle	BoardData	1915804	public BoardItemData GetBoardItemDataFallback(ItemInfo itemInfo, bool skipWarning = False) { }	MergePuzzle/BoardData.cs	code/Il2CppDumper/type_blocks/01858_BoardData.txt	ghidra_data_pseudocode.c	native pseudocode (unverified)
1858	MergePuzzle	BoardData	1915890	public BoardItemData GetMergedItemData(int setID, int level) { }	MergePuzzle/BoardData.cs	code/Il2CppDumper/type_blocks/01858_BoardData.txt	ghidra_expanded_pseudocode.c	native pseudocode (unverified)
1858	MergePuzzle	BoardData	1915AAC	public bool IsMergeable(int setID, int level) { }	MergePuzzle/BoardData.cs	code/Il2CppDumper/type_blocks/01858_BoardData.txt	ghidra_expanded_pseudocode.c	native pseudocode (unverified)
1858	MergePuzzle	BoardData	1915414	public bool IsItemMaxLevel(int setID, int level) { }	MergePuzzle/BoardData.cs	code/Il2CppDumper/type_blocks/01858_BoardData.txt	ghidra_data_pseudocode.c	native pseudocode (unverified)
1858	MergePuzzle	BoardData	1915B34	public bool IsItemMaxLevel(ItemInfo itemInfo) { }	MergePuzzle/BoardData.cs	code/Il2CppDumper/type_blocks/01858_BoardData.txt	ghidra_data_pseudocode.c	native pseudocode (unverified)
1858	MergePuzzle	BoardData	1915C28	public bool IsCollectable(int setID) { }	MergePuzzle/BoardData.cs	code/Il2CppDumper/type_blocks/01858_BoardData.txt	ghidra_data_pseudocode.c	native pseudocode (unverified)
1858	MergePuzzle	BoardData	1915C54	public List<BoardItemSetData> GetAllSets() { }	MergePuzzle/BoardData.cs	code/Il2CppDumper/type_blocks/01858_BoardData.txt	ghidra_data_pseudocode.c	native pseudocode (unverified)
1858	MergePuzzle	BoardData	1915C78	public long GetEnergyUpdateNextMs() { }	MergePuzzle/BoardData.cs	code/Il2CppDumper/type_blocks/01858_BoardData.txt	ghidra_data_pseudocode.c	native pseudocode (unverified)
1858	MergePuzzle	BoardData	1915C98	public int GetMaxUserEnergy() { }	MergePuzzle/BoardData.cs	code/Il2CppDumper/type_blocks/01858_BoardData.txt	ghidra_data_pseudocode.c	native pseudocode (unverified)
1858	MergePuzzle	BoardData	1915CD0	public bool IsSpecialTaskItem(int setID) { }	MergePuzzle/BoardData.cs	code/Il2CppDumper/type_blocks/01858_BoardData.txt	ghidra_data_pseudocode.c	native pseudocode (unverified)
1858	MergePuzzle	BoardData	1915D0C	public Sprite GetCollectableUISprite(CollectableType collectableType) { }	MergePuzzle/BoardData.cs	code/Il2CppDumper/type_blocks/01858_BoardData.txt	ghidra_data_pseudocode.c	native pseudocode (unverified)
1858	MergePuzzle	BoardData	1915D3C	public void .ctor() { }	MergePuzzle/BoardData.cs	code/Il2CppDumper/type_blocks/01858_BoardData.txt	ghidra_data_pseudocode.c	native pseudocode (unverified)
1859	MergePuzzle	BoardItemDictionaryHandler	1914408	public List<BoardItemSetData> get_Values() { }	MergePuzzle/BoardItemDictionaryHandler.cs	code/Il2CppDumper/type_blocks/01859_BoardItemDictionaryHandler.txt		signature only
1859	MergePuzzle	BoardItemDictionaryHandler	1915F3C	public List<SerializableDictionary<int, BoardItemSetData>> get_RemoteBoardItemDictionaries() { }	MergePuzzle/BoardItemDictionaryHandler.cs	code/Il2CppDumper/type_blocks/01859_BoardItemDictionaryHandler.txt		signature only
1859	MergePuzzle	BoardItemDictionaryHandler	1913AA4	public void .ctor(SerializableDictionary<int, BoardItemSetData> boardItemDictionary, SerializableDictionary<int, BoardItemSetData> boardItemDictionaryVariant) { }	MergePuzzle/BoardItemDictionaryHandler.cs	code/Il2CppDumper/type_blocks/01859_BoardItemDictionaryHandler.txt		signature only
1859	MergePuzzle	BoardItemDictionaryHandler	1915DD4	public bool TryGetBalanceBoardItemDictionary(out SerializableDictionary<int, BoardItemSetData> boardDic) { }	MergePuzzle/BoardItemDictionaryHandler.cs	code/Il2CppDumper/type_blocks/01859_BoardItemDictionaryHandler.txt		signature only
1859	MergePuzzle	BoardItemDictionaryHandler	19162F8	public bool TryGetFromRemoteBoardItemDictionary(int setID, out BoardItemSetData setData) { }	MergePuzzle/BoardItemDictionaryHandler.cs	code/Il2CppDumper/type_blocks/01859_BoardItemDictionaryHandler.txt		signature only
1859	MergePuzzle	BoardItemDictionaryHandler	1914D08	public bool TryGetValueFromBothGroups(int setID, out BoardItemSetData setDataRes) { }	MergePuzzle/BoardItemDictionaryHandler.cs	code/Il2CppDumper/type_blocks/01859_BoardItemDictionaryHandler.txt		signature only
1859	MergePuzzle	BoardItemDictionaryHandler	1913588	public bool TryGetValue(int setID, out BoardItemSetData setData) { }	MergePuzzle/BoardItemDictionaryHandler.cs	code/Il2CppDumper/type_blocks/01859_BoardItemDictionaryHandler.txt		signature only
1859	MergePuzzle	BoardItemDictionaryHandler	1916654	public bool ContainsKey(int setID) { }	MergePuzzle/BoardItemDictionaryHandler.cs	code/Il2CppDumper/type_blocks/01859_BoardItemDictionaryHandler.txt		signature only
1860	MergePuzzle	BubbleGroupData	19169E4	public void .ctor() { }	MergePuzzle/BubbleGroupData.cs	code/Il2CppDumper/type_blocks/01860_BubbleGroupData.txt		signature only
1861	MergePuzzle	JellyGroupData	19169EC	public void .ctor() { }	MergePuzzle/JellyGroupData.cs	code/Il2CppDumper/type_blocks/01861_JellyGroupData.txt		signature only
1863	MergePuzzle	BoardCloudItemController	19169FC	public int get_UnlockLevel() { }	MergePuzzle/BoardCloudItemController.cs	code/Il2CppDumper/type_blocks/01863_BoardCloudItemController.txt		signature only
1863	MergePuzzle	BoardCloudItemController	1916A04	private void set_UnlockLevel(int value) { }	MergePuzzle/BoardCloudItemController.cs	code/Il2CppDumper/type_blocks/01863_BoardCloudItemController.txt		signature only
1863	MergePuzzle	BoardCloudItemController	1916A0C	public void Initialize(BoardEntity boardEntity, EventEntity eventEntity, int unlockLevel, bool hasUpperSortingOrder, SpriteRenderer spriteRenderer, Vector3 size, BoardData boardData, MetaData metaData) { }	MergePuzzle/BoardCloudItemController.cs	code/Il2CppDumper/type_blocks/01863_BoardCloudItemController.txt		signature only
1863	MergePuzzle	BoardCloudItemController	1916EFC	private void SetScale() { }	MergePuzzle/BoardCloudItemController.cs	code/Il2CppDumper/type_blocks/01863_BoardCloudItemController.txt		signature only
1863	MergePuzzle	BoardCloudItemController	1916F64	public void OnCloudClick() { }	MergePuzzle/BoardCloudItemController.cs	code/Il2CppDumper/type_blocks/01863_BoardCloudItemController.txt		signature only
1863	MergePuzzle	BoardCloudItemController	19172B4	private void RemoveCloud() { }	MergePuzzle/BoardCloudItemController.cs	code/Il2CppDumper/type_blocks/01863_BoardCloudItemController.txt		signature only
1863	MergePuzzle	BoardCloudItemController	191737C	private void PlayCloudRemoveAnimation() { }	MergePuzzle/BoardCloudItemController.cs	code/Il2CppDumper/type_blocks/01863_BoardCloudItemController.txt		signature only
1863	MergePuzzle	BoardCloudItemController	1916E88	private bool IsReadyToDestroy() { }	MergePuzzle/BoardCloudItemController.cs	code/Il2CppDumper/type_blocks/01863_BoardCloudItemController.txt		signature only
1863	MergePuzzle	BoardCloudItemController	19175CC	public void OnEvent(CameraEvent.CameraChangedRequest e) { }	MergePuzzle/BoardCloudItemController.cs	code/Il2CppDumper/type_blocks/01863_BoardCloudItemController.txt		signature only
1863	MergePuzzle	BoardCloudItemController	1917100	private void ThrowWarning() { }	MergePuzzle/BoardCloudItemController.cs	code/Il2CppDumper/type_blocks/01863_BoardCloudItemController.txt		signature only
1863	MergePuzzle	BoardCloudItemController	1917874	public void OnEvent(BoardEvent.BoosterPanelStatusChange e) { }	MergePuzzle/BoardCloudItemController.cs	code/Il2CppDumper/type_blocks/01863_BoardCloudItemController.txt		signature only
1863	MergePuzzle	BoardCloudItemController	19179F0	public override void OnDestroy() { }	MergePuzzle/BoardCloudItemController.cs	code/Il2CppDumper/type_blocks/01863_BoardCloudItemController.txt		signature only
1863	MergePuzzle	BoardCloudItemController	1917AAC	public void .ctor() { }	MergePuzzle/BoardCloudItemController.cs	code/Il2CppDumper/type_blocks/01863_BoardCloudItemController.txt		signature only
1864		BoardController.	1917B14	private static void .cctor() { }	MergePuzzle/BoardController.cs	code/Il2CppDumper/type_blocks/01864_BoardController..txt		signature only
1864		BoardController.	1917B88	public void .ctor() { }	MergePuzzle/BoardController.cs	code/Il2CppDumper/type_blocks/01864_BoardController..txt		signature only
1864		BoardController.	1917B90	internal bool <LoadBoard>b__140_0(BoardPositionData data) { }	MergePuzzle/BoardController.cs	code/Il2CppDumper/type_blocks/01864_BoardController..txt		signature only
1864		BoardController.	1917BB4	internal bool <StartSpawnerAnimations>b__158_0(ItemController spawnerItem) { }	MergePuzzle/BoardController.cs	code/Il2CppDumper/type_blocks/01864_BoardController..txt		signature only
1864		BoardController.	1917C20	internal bool <StartSpawnerAnimations>b__158_1(ItemController spawner) { }	MergePuzzle/BoardController.cs	code/Il2CppDumper/type_blocks/01864_BoardController..txt		signature only
1864		BoardController.	1917C58	internal bool <GetSpawnerAnimationPosition>b__159_0(ItemController spawner) { }	MergePuzzle/BoardController.cs	code/Il2CppDumper/type_blocks/01864_BoardController..txt		signature only
1864		BoardController.	1917C90	internal void <MergeItemsOnBoard>b__191_0(ITaskProgressHandler handler) { }	MergePuzzle/BoardController.cs	code/Il2CppDumper/type_blocks/01864_BoardController..txt		signature only
1864		BoardController.	1917D48	internal bool <ArrangeTutorialEventsOnSetItems>b__208_0(BoardPosition pos) { }	MergePuzzle/BoardController.cs	code/Il2CppDumper/type_blocks/01864_BoardController..txt		signature only
1864		BoardController.	1917EC0	internal CellController <GetAvailableNeighborCellPositions>b__251_0(BoardPosition pos) { }	MergePuzzle/BoardController.cs	code/Il2CppDumper/type_blocks/01864_BoardController..txt		signature only
1864		BoardController.	1917EDC	internal Coordinate <GetAvailableNeighborCellPositions>b__251_1(CellController cell) { }	MergePuzzle/BoardController.cs	code/Il2CppDumper/type_blocks/01864_BoardController..txt		signature only
1864		BoardController.	1917F14	internal Coordinate <GetAvailableCellCoordinates>b__269_0(CellEntity cell) { }	MergePuzzle/BoardController.cs	code/Il2CppDumper/type_blocks/01864_BoardController..txt		signature only
1864		BoardController.	1917F3C	internal bool <TryFixSpecialTaskSpawner>b__283_0(BoardTaskItem item) { }	MergePuzzle/BoardController.cs	code/Il2CppDumper/type_blocks/01864_BoardController..txt		signature only
1864		BoardController.	1917F64	internal bool <TryFixSpecialTaskSpawner>b__283_1(BoardItemData data) { }	MergePuzzle/BoardController.cs	code/Il2CppDumper/type_blocks/01864_BoardController..txt		signature only
1864		BoardController.	1917FE8	internal CellController <IsNextToAutoSpawner>b__298_0(BoardPosition pos) { }	MergePuzzle/BoardController.cs	code/Il2CppDumper/type_blocks/01864_BoardController..txt		signature only
1864		BoardController.	1918004	internal Coordinate <IsNextToAutoSpawner>b__298_1(CellController cell) { }	MergePuzzle/BoardController.cs	code/Il2CppDumper/type_blocks/01864_BoardController..txt		signature only
1864		BoardController.	191803C	internal int <GetDiscoveryBoxIds>b__300_0(BalanceLevelRewardConfigModel.DiscoveryBoxConfigModel.DiscoveryRewardItemModel reward) { }	MergePuzzle/BoardController.cs	code/Il2CppDumper/type_blocks/01864_BoardController..txt		signature only
1864		BoardController.	1918058	internal void <ArrangeBubbleInterstitial>b__316_0() { }	MergePuzzle/BoardController.cs	code/Il2CppDumper/type_blocks/01864_BoardController..txt		signature only
1864		BoardController.	19180DC	internal bool <OnEvent>b__325_0(BoardPosition position) { }	MergePuzzle/BoardController.cs	code/Il2CppDumper/type_blocks/01864_BoardController..txt		signature only
1865		BoardController.	1918200	public void .ctor() { }	MergePuzzle/BoardController.cs	code/Il2CppDumper/type_blocks/01865_BoardController..txt		signature only
1865		BoardController.	1918208	internal void <InitBoard>b__0(bool result) { }	MergePuzzle/BoardController.cs	code/Il2CppDumper/type_blocks/01865_BoardController..txt		signature only
1866		BoardController.	19182EC	public void .ctor() { }	MergePuzzle/BoardController.cs	code/Il2CppDumper/type_blocks/01866_BoardController..txt		signature only
1866		BoardController.	19182F4	internal void <InitializeBoard>b__0() { }	MergePuzzle/BoardController.cs	code/Il2CppDumper/type_blocks/01866_BoardController..txt		signature only
1867		BoardController.	1918464	public void .ctor() { }	MergePuzzle/BoardController.cs	code/Il2CppDumper/type_blocks/01867_BoardController..txt		signature only
1868		BoardController.	191846C	public void .ctor() { }	MergePuzzle/BoardController.cs	code/Il2CppDumper/type_blocks/01868_BoardController..txt		signature only
1868		BoardController.	1918474	internal bool <FixMissingCompletedMetaTaskItems>b__0(MetaTaskItemEntity item) { }	MergePuzzle/BoardController.cs	code/Il2CppDumper/type_blocks/01868_BoardController..txt		signature only
1869		BoardController.	19184D8	public void .ctor() { }	MergePuzzle/BoardController.cs	code/Il2CppDumper/type_blocks/01869_BoardController..txt		signature only
1869		BoardController.	19184E0	internal bool <ProcessWaitingEventLevelUp>b__0(BoosterReward booster) { }	MergePuzzle/BoardController.cs	code/Il2CppDumper/type_blocks/01869_BoardController..txt		signature only
1870		BoardController.	1918520	public void .ctor() { }	MergePuzzle/BoardController.cs	code/Il2CppDumper/type_blocks/01870_BoardController..txt		signature only
1870		BoardController.	1918528	internal bool <FindDoneItems>b__0(BoardPosition position) { }	MergePuzzle/BoardController.cs	code/Il2CppDumper/type_blocks/01870_BoardController..txt		signature only
1871		BoardController.	19186B8	public void .ctor() { }	MergePuzzle/BoardController.cs	code/Il2CppDumper/type_blocks/01871_BoardController..txt		signature only
1871		BoardController.	19186C0	internal void <SpawnItem>b__0() { }	MergePuzzle/BoardController.cs	code/Il2CppDumper/type_blocks/01871_BoardController..txt		signature only
1872		BoardController.	19188E0	public void .ctor() { }	MergePuzzle/BoardController.cs	code/Il2CppDumper/type_blocks/01872_BoardController..txt		signature only
1872		BoardController.	19188E8	internal bool <FindSameItem>b__0(BoardPositionEntity otherItem) { }	MergePuzzle/BoardController.cs	code/Il2CppDumper/type_blocks/01872_BoardController..txt		signature only
1873		BoardController.	1918A1C	public void .ctor() { }	MergePuzzle/BoardController.cs	code/Il2CppDumper/type_blocks/01873_BoardController..txt		signature only
1873		BoardController.	1918A24	internal void <SpawnItemAnimation>b__0() { }	MergePuzzle/BoardController.cs	code/Il2CppDumper/type_blocks/01873_BoardController..txt		signature only
1874		BoardController.	1918DF4	public void .ctor() { }	MergePuzzle/BoardController.cs	code/Il2CppDumper/type_blocks/01874_BoardController..txt		signature only
1874		BoardController.	1918DFC	internal void <SwapItemAnimation>b__0() { }	MergePuzzle/BoardController.cs	code/Il2CppDumper/type_blocks/01874_BoardController..txt		signature only
1875		BoardController.	1918F90	public void .ctor() { }	MergePuzzle/BoardController.cs	code/Il2CppDumper/type_blocks/01875_BoardController..txt		signature only
1875		BoardController.	1918F98	internal void <PanelItemAnimation>b__0() { }	MergePuzzle/BoardController.cs	code/Il2CppDumper/type_blocks/01875_BoardController..txt		signature only
1876		BoardController.	19191F0	public void .ctor() { }	MergePuzzle/BoardController.cs	code/Il2CppDumper/type_blocks/01876_BoardController..txt		signature only
1876		BoardController.	19191F8	internal void <MoveItemAnimation>b__0() { }	MergePuzzle/BoardController.cs	code/Il2CppDumper/type_blocks/01876_BoardController..txt		signature only
1877		BoardController.	19192F8	public void .ctor() { }	MergePuzzle/BoardController.cs	code/Il2CppDumper/type_blocks/01877_BoardController..txt		signature only
1877		BoardController.	1919300	internal bool <GetTotalMergeLevelInBoardFloat>b__0(BoardPositionEntity entity) { }	MergePuzzle/BoardController.cs	code/Il2CppDumper/type_blocks/01877_BoardController..txt		signature only
1877		BoardController.	1919364	internal bool <GetTotalMergeLevelInBoardFloat>b__1(RewardEntity reward) { }	MergePuzzle/BoardController.cs	code/Il2CppDumper/type_blocks/01877_BoardController..txt		signature only
1877		BoardController.	1919388	internal bool <GetTotalMergeLevelInBoardFloat>b__2(ItemEntity reward) { }	MergePuzzle/BoardController.cs	code/Il2CppDumper/type_blocks/01877_BoardController..txt		signature only
1878		BoardController.	19193AC	public void .ctor() { }	MergePuzzle/BoardController.cs	code/Il2CppDumper/type_blocks/01878_BoardController..txt		signature only
1878		BoardController.	19193B4	internal int <GetAvailableNeighborCellPositions>b__2(Coordinate v1, Coordinate v2) { }	MergePuzzle/BoardController.cs	code/Il2CppDumper/type_blocks/01878_BoardController..txt		signature only
1878		BoardController.	19194B8	internal bool <GetAvailableNeighborCellPositions>b__3(Coordinate pos) { }	MergePuzzle/BoardController.cs	code/Il2CppDumper/type_blocks/01878_BoardController..txt		signature only
1879		BoardController.	1919648	public void .ctor() { }	MergePuzzle/BoardController.cs	code/Il2CppDumper/type_blocks/01879_BoardController..txt		signature only
1879		BoardController.	1919650	internal int <GetAvailableCellCoordinates>b__1(Coordinate v1, Coordinate v2) { }	MergePuzzle/BoardController.cs	code/Il2CppDumper/type_blocks/01879_BoardController..txt		signature only
1880		BoardController.	1919754	public void .ctor() { }	MergePuzzle/BoardController.cs	code/Il2CppDumper/type_blocks/01880_BoardController..txt		signature only
1880		BoardController.	191975C	internal void <SetCloudItems>b__0() { }	MergePuzzle/BoardController.cs	code/Il2CppDumper/type_blocks/01880_BoardController..txt		signature only
1881		BoardController.	19198DC	public void .ctor() { }	MergePuzzle/BoardController.cs	code/Il2CppDumper/type_blocks/01881_BoardController..txt		signature only
1881		BoardController.	19198E4	internal int <IsNextToAutoSpawner>b__2(Coordinate v1, Coordinate v2) { }	MergePuzzle/BoardController.cs	code/Il2CppDumper/type_blocks/01881_BoardController..txt		signature only
1881		BoardController.	19199E8	internal bool <IsNextToAutoSpawner>b__3(Coordinate pos) { }	MergePuzzle/BoardController.cs	code/Il2CppDumper/type_blocks/01881_BoardController..txt		signature only
1882		BoardController.	1919B80	public void .ctor() { }	MergePuzzle/BoardController.cs	code/Il2CppDumper/type_blocks/01882_BoardController..txt		signature only
1882		BoardController.	1919B88	internal void <OnEvent>b__0() { }	MergePuzzle/BoardController.cs	code/Il2CppDumper/type_blocks/01882_BoardController..txt		signature only
1883		BoardController.	1919D20	public void .ctor() { }	MergePuzzle/BoardController.cs	code/Il2CppDumper/type_blocks/01883_BoardController..txt		signature only
1883		BoardController.	1919D28	internal void <OnEvent>b__0() { }	MergePuzzle/BoardController.cs	code/Il2CppDumper/type_blocks/01883_BoardController..txt		signature only
1883		BoardController.	1919E88	internal void <OnEvent>b__4() { }	MergePuzzle/BoardController.cs	code/Il2CppDumper/type_blocks/01883_BoardController..txt		signature only
1884		BoardController.	1919FB8	public void .ctor() { }	MergePuzzle/BoardController.cs	code/Il2CppDumper/type_blocks/01884_BoardController..txt		signature only
1884		BoardController.	1919FC0	internal void <OnEvent>b__1() { }	MergePuzzle/BoardController.cs	code/Il2CppDumper/type_blocks/01884_BoardController..txt		signature only
1884		BoardController.	191A378	internal void <OnEvent>b__2() { }	MergePuzzle/BoardController.cs	code/Il2CppDumper/type_blocks/01884_BoardController..txt		signature only
1885		BoardController.	191A400	public void .ctor() { }	MergePuzzle/BoardController.cs	code/Il2CppDumper/type_blocks/01885_BoardController..txt		signature only
1885		BoardController.	191A408	internal void <OnEvent>b__3() { }	MergePuzzle/BoardController.cs	code/Il2CppDumper/type_blocks/01885_BoardController..txt		signature only
1886		BoardController.	191A688	public void .ctor() { }	MergePuzzle/BoardController.cs	code/Il2CppDumper/type_blocks/01886_BoardController..txt		signature only
1886		BoardController.	191A690	internal bool <OnEvent>b__0(SeasonPassItemEntity item) { }	MergePuzzle/BoardController.cs	code/Il2CppDumper/type_blocks/01886_BoardController..txt		signature only
1887		BoardController.	191A6C0	public void .ctor(int <>1__state) { }	MergePuzzle/BoardController.cs	code/Il2CppDumper/type_blocks/01887_BoardController..txt		signature only
1887		BoardController.	191A6DC	private void System.IDisposable.Dispose() { }	MergePuzzle/BoardController.cs	code/Il2CppDumper/type_blocks/01887_BoardController..txt		signature only
1887		BoardController.	191A6E0	private bool MoveNext() { }	MergePuzzle/BoardController.cs	code/Il2CppDumper/type_blocks/01887_BoardController..txt		signature only
1887		BoardController.	191A928	private object System.Collections.Generic.IEnumerator<System.Object>.get_Current() { }	MergePuzzle/BoardController.cs	code/Il2CppDumper/type_blocks/01887_BoardController..txt		signature only
1887		BoardController.	191A930	private void System.Collections.IEnumerator.Reset() { }	MergePuzzle/BoardController.cs	code/Il2CppDumper/type_blocks/01887_BoardController..txt		signature only
1887		BoardController.	191A974	private object System.Collections.IEnumerator.get_Current() { }	MergePuzzle/BoardController.cs	code/Il2CppDumper/type_blocks/01887_BoardController..txt		signature only
1888		BoardController.	191A97C	private void MoveNext() { }	MergePuzzle/BoardController.cs	code/Il2CppDumper/type_blocks/01888_BoardController..txt		signature only
1888		BoardController.	191AC50	private void SetStateMachine(IAsyncStateMachine stateMachine) { }	MergePuzzle/BoardController.cs	code/Il2CppDumper/type_blocks/01888_BoardController..txt		signature only
1889		BoardController.	191AC5C	private void MoveNext() { }	MergePuzzle/BoardController.cs	code/Il2CppDumper/type_blocks/01889_BoardController..txt		signature only
1889		BoardController.	191B380	private void SetStateMachine(IAsyncStateMachine stateMachine) { }	MergePuzzle/BoardController.cs	code/Il2CppDumper/type_blocks/01889_BoardController..txt		signature only
1890		BoardController.	191B38C	private void MoveNext() { }	MergePuzzle/BoardController.cs	code/Il2CppDumper/type_blocks/01890_BoardController..txt		signature only
1890		BoardController.	191BDA4	private void SetStateMachine(IAsyncStateMachine stateMachine) { }	MergePuzzle/BoardController.cs	code/Il2CppDumper/type_blocks/01890_BoardController..txt		signature only
1891		BoardController.	191BE00	private void MoveNext() { }	MergePuzzle/BoardController.cs	code/Il2CppDumper/type_blocks/01891_BoardController..txt		signature only
1891		BoardController.	191DF90	private void SetStateMachine(IAsyncStateMachine stateMachine) { }	MergePuzzle/BoardController.cs	code/Il2CppDumper/type_blocks/01891_BoardController..txt		signature only
1892		BoardController.	191DFEC	private void MoveNext() { }	MergePuzzle/BoardController.cs	code/Il2CppDumper/type_blocks/01892_BoardController..txt		signature only
1892		BoardController.	191EEF4	private void SetStateMachine(IAsyncStateMachine stateMachine) { }	MergePuzzle/BoardController.cs	code/Il2CppDumper/type_blocks/01892_BoardController..txt		signature only
1893		BoardController.	191EF00	public void .ctor(int <>1__state) { }	MergePuzzle/BoardController.cs	code/Il2CppDumper/type_blocks/01893_BoardController..txt		signature only
1893		BoardController.	191EF1C	private void System.IDisposable.Dispose() { }	MergePuzzle/BoardController.cs	code/Il2CppDumper/type_blocks/01893_BoardController..txt		signature only
1893		BoardController.	191EF20	private bool MoveNext() { }	MergePuzzle/BoardController.cs	code/Il2CppDumper/type_blocks/01893_BoardController..txt		signature only
1893		BoardController.	191F200	private object System.Collections.Generic.IEnumerator<System.Object>.get_Current() { }	MergePuzzle/BoardController.cs	code/Il2CppDumper/type_blocks/01893_BoardController..txt		signature only
1893		BoardController.	191F208	private void System.Collections.IEnumerator.Reset() { }	MergePuzzle/BoardController.cs	code/Il2CppDumper/type_blocks/01893_BoardController..txt		signature only
1893		BoardController.	191F24C	private object System.Collections.IEnumerator.get_Current() { }	MergePuzzle/BoardController.cs	code/Il2CppDumper/type_blocks/01893_BoardController..txt		signature only
1894		BoardController.	191F254	private void MoveNext() { }	MergePuzzle/BoardController.cs	code/Il2CppDumper/type_blocks/01894_BoardController..txt		signature only
1894		BoardController.	192058C	private void SetStateMachine(IAsyncStateMachine stateMachine) { }	MergePuzzle/BoardController.cs	code/Il2CppDumper/type_blocks/01894_BoardController..txt		signature only
1895		BoardController.	19205E8	private void MoveNext() { }	MergePuzzle/BoardController.cs	code/Il2CppDumper/type_blocks/01895_BoardController..txt		signature only
1895		BoardController.	1920FE8	private void SetStateMachine(IAsyncStateMachine stateMachine) { }	MergePuzzle/BoardController.cs	code/Il2CppDumper/type_blocks/01895_BoardController..txt		signature only
1896		BoardController.	1920FF4	private void MoveNext() { }	MergePuzzle/BoardController.cs	code/Il2CppDumper/type_blocks/01896_BoardController..txt		signature only
1896		BoardController.	19220B0	private void SetStateMachine(IAsyncStateMachine stateMachine) { }	MergePuzzle/BoardController.cs	code/Il2CppDumper/type_blocks/01896_BoardController..txt		signature only
1897		BoardController.	1922D68	private void MoveNext() { }	MergePuzzle/BoardController.cs	code/Il2CppDumper/type_blocks/01897_BoardController..txt		signature only
1897		BoardController.	1923D44	private void SetStateMachine(IAsyncStateMachine stateMachine) { }	MergePuzzle/BoardController.cs	code/Il2CppDumper/type_blocks/01897_BoardController..txt		signature only
1898		BoardController.	1923D50	private void MoveNext() { }	MergePuzzle/BoardController.cs	code/Il2CppDumper/type_blocks/01898_BoardController..txt		signature only
1898		BoardController.	19244C0	private void SetStateMachine(IAsyncStateMachine stateMachine) { }	MergePuzzle/BoardController.cs	code/Il2CppDumper/type_blocks/01898_BoardController..txt		signature only
1899		BoardController.	19244CC	private void MoveNext() { }	MergePuzzle/BoardController.cs	code/Il2CppDumper/type_blocks/01899_BoardController..txt		signature only
1899		BoardController.	1924C20	private void SetStateMachine(IAsyncStateMachine stateMachine) { }	MergePuzzle/BoardController.cs	code/Il2CppDumper/type_blocks/01899_BoardController..txt		signature only
1900		BoardController.	1924C7C	public void .ctor(int <>1__state) { }	MergePuzzle/BoardController.cs	code/Il2CppDumper/type_blocks/01900_BoardController..txt		signature only
1900		BoardController.	1924C98	private void System.IDisposable.Dispose() { }	MergePuzzle/BoardController.cs	code/Il2CppDumper/type_blocks/01900_BoardController..txt		signature only
1900		BoardController.	1924C9C	private bool MoveNext() { }	MergePuzzle/BoardController.cs	code/Il2CppDumper/type_blocks/01900_BoardController..txt		signature only
1900		BoardController.	1924D18	private object System.Collections.Generic.IEnumerator<System.Object>.get_Current() { }	MergePuzzle/BoardController.cs	code/Il2CppDumper/type_blocks/01900_BoardController..txt		signature only
1900		BoardController.	1924D20	private void System.Collections.IEnumerator.Reset() { }	MergePuzzle/BoardController.cs	code/Il2CppDumper/type_blocks/01900_BoardController..txt		signature only
1900		BoardController.	1924D64	private object System.Collections.IEnumerator.get_Current() { }	MergePuzzle/BoardController.cs	code/Il2CppDumper/type_blocks/01900_BoardController..txt		signature only
1901		BoardController.	1924D6C	private void MoveNext() { }	MergePuzzle/BoardController.cs	code/Il2CppDumper/type_blocks/01901_BoardController..txt		signature only
1901		BoardController.	19250E8	private void SetStateMachine(IAsyncStateMachine stateMachine) { }	MergePuzzle/BoardController.cs	code/Il2CppDumper/type_blocks/01901_BoardController..txt		signature only
1902		BoardController.	1925144	private void MoveNext() { }	MergePuzzle/BoardController.cs	code/Il2CppDumper/type_blocks/01902_BoardController..txt		signature only
1902		BoardController.	1925B24	private void SetStateMachine(IAsyncStateMachine stateMachine) { }	MergePuzzle/BoardController.cs	code/Il2CppDumper/type_blocks/01902_BoardController..txt		signature only
1903		BoardController.	1925B30	private void MoveNext() { }	MergePuzzle/BoardController.cs	code/Il2CppDumper/type_blocks/01903_BoardController..txt		signature only
1903		BoardController.	1925F24	private void SetStateMachine(IAsyncStateMachine stateMachine) { }	MergePuzzle/BoardController.cs	code/Il2CppDumper/type_blocks/01903_BoardController..txt		signature only
1904		BoardController.	1925F80	private void MoveNext() { }	MergePuzzle/BoardController.cs	code/Il2CppDumper/type_blocks/01904_BoardController..txt		signature only
1904		BoardController.	19264F8	private void SetStateMachine(IAsyncStateMachine stateMachine) { }	MergePuzzle/BoardController.cs	code/Il2CppDumper/type_blocks/01904_BoardController..txt		signature only
1905		BoardController.	1926554	private void MoveNext() { }	MergePuzzle/BoardController.cs	code/Il2CppDumper/type_blocks/01905_BoardController..txt		signature only
1905		BoardController.	1926774	private void SetStateMachine(IAsyncStateMachine stateMachine) { }	MergePuzzle/BoardController.cs	code/Il2CppDumper/type_blocks/01905_BoardController..txt		signature only
1906		BoardController.	1926780	private void MoveNext() { }	MergePuzzle/BoardController.cs	code/Il2CppDumper/type_blocks/01906_BoardController..txt		signature only
1906		BoardController.	1927234	private void SetStateMachine(IAsyncStateMachine stateMachine) { }	MergePuzzle/BoardController.cs	code/Il2CppDumper/type_blocks/01906_BoardController..txt		signature only
1907	MergePuzzle	BoardController	18D9094	private CameraController get_CameraController() { }	MergePuzzle/BoardController.cs	code/Il2CppDumper/type_blocks/01907_BoardController.txt		signature only
1907	MergePuzzle	BoardController	18D90FC	private GameplayNonScaledCanvasView get_GameplayNonScaledCanvasView() { }	MergePuzzle/BoardController.cs	code/Il2CppDumper/type_blocks/01907_BoardController.txt		signature only
1907	MergePuzzle	BoardController	18D9164	private GameplayScaledCanvasView get_GameplayScaledCanvasView() { }	MergePuzzle/BoardController.cs	code/Il2CppDumper/type_blocks/01907_BoardController.txt		signature only
1907	MergePuzzle	BoardController	18D91CC	private EnergyMultiplierHandler get_EnergyMultiplierHandler() { }	MergePuzzle/BoardController.cs	code/Il2CppDumper/type_blocks/01907_BoardController.txt		signature only
1907	MergePuzzle	BoardController	18D9294	public SellButtonController get_SellButtonController() { }	MergePuzzle/BoardController.cs	code/Il2CppDumper/type_blocks/01907_BoardController.txt		signature only
1907	MergePuzzle	BoardController	18D92B4	public BoardTaskData get_GetBoardTaskData() { }	MergePuzzle/BoardController.cs	code/Il2CppDumper/type_blocks/01907_BoardController.txt		signature only
1907	MergePuzzle	BoardController	18D92BC	public bool get_IsLevelUp() { }	MergePuzzle/BoardController.cs	code/Il2CppDumper/type_blocks/01907_BoardController.txt		signature only
1907	MergePuzzle	BoardController	18D92C4	public void set_IsLevelUp(bool value) { }	MergePuzzle/BoardController.cs	code/Il2CppDumper/type_blocks/01907_BoardController.txt		signature only
1907	MergePuzzle	BoardController	18D92CC	public bool get_IsAutoSpawnerWaiting() { }	MergePuzzle/BoardController.cs	code/Il2CppDumper/type_blocks/01907_BoardController.txt		signature only
1907	MergePuzzle	BoardController	18D92D4	private void set_IsAutoSpawnerWaiting(bool value) { }	MergePuzzle/BoardController.cs	code/Il2CppDumper/type_blocks/01907_BoardController.txt		signature only
1907	MergePuzzle	BoardController	18D92DC	public bool get_BlockSelection() { }	MergePuzzle/BoardController.cs	code/Il2CppDumper/type_blocks/01907_BoardController.txt		signature only
1907	MergePuzzle	BoardController	18D92E4	private void set_BlockSelection(bool value) { }	MergePuzzle/BoardController.cs	code/Il2CppDumper/type_blocks/01907_BoardController.txt		signature only
1907	MergePuzzle	BoardController	18D92EC	public bool get_NonUndoClickAvailable() { }	MergePuzzle/BoardController.cs	code/Il2CppDumper/type_blocks/01907_BoardController.txt		signature only
1907	MergePuzzle	BoardController	18D92F4	public void set_NonUndoClickAvailable(bool value) { }	MergePuzzle/BoardController.cs	code/Il2CppDumper/type_blocks/01907_BoardController.txt		signature only
1907	MergePuzzle	BoardController	18D92FC	public List<BoardPosition> get_Positions() { }	MergePuzzle/BoardController.cs	code/Il2CppDumper/type_blocks/01907_BoardController.txt		signature only
1907	MergePuzzle	BoardController	18D9304	public List<ItemController> get_SpawnerList() { }	MergePuzzle/BoardController.cs	code/Il2CppDumper/type_blocks/01907_BoardController.txt		signature only
1907	MergePuzzle	BoardController	18D930C	public SFXItem get_CustomEventGameplaySound() { }	MergePuzzle/BoardController.cs	code/Il2CppDumper/type_blocks/01907_BoardController.txt		signature only
1907	MergePuzzle	BoardController	18D9314	private void set_BoardInitEnergyProcessed(bool value) { }	MergePuzzle/BoardController.cs	code/Il2CppDumper/type_blocks/01907_BoardController.txt		signature only
1907	MergePuzzle	BoardController	18D931C	public bool get_BoardInitEnergyProcessed() { }	MergePuzzle/BoardController.cs	code/Il2CppDumper/type_blocks/01907_BoardController.txt		signature only
1907	MergePuzzle	BoardController	18D9324	public bool get_IsInitialized() { }	MergePuzzle/BoardController.cs	code/Il2CppDumper/type_blocks/01907_BoardController.txt		signature only
1907	MergePuzzle	BoardController	18D932C	public bool get_BlockAutoSpawner() { }	MergePuzzle/BoardController.cs	code/Il2CppDumper/type_blocks/01907_BoardController.txt		signature only
1907	MergePuzzle	BoardController	18D9334	public MergeParticleController get_MergeParticleController() { }	MergePuzzle/BoardController.cs	code/Il2CppDumper/type_blocks/01907_BoardController.txt		signature only
1907	MergePuzzle	BoardController	18D933C	private void set_MergeParticleController(MergeParticleController value) { }	MergePuzzle/BoardController.cs	code/Il2CppDumper/type_blocks/01907_BoardController.txt		signature only
1907	MergePuzzle	BoardController	18D9344	public BoardParticleController get_BoardParticleController() { }	MergePuzzle/BoardController.cs	code/Il2CppDumper/type_blocks/01907_BoardController.txt		signature only
1907	MergePuzzle	BoardController	18D934C	private void set_BoardParticleController(BoardParticleController value) { }	MergePuzzle/BoardController.cs	code/Il2CppDumper/type_blocks/01907_BoardController.txt		signature only
1907	MergePuzzle	BoardController	18D9354	public ItemCollectionHandler get_ItemCollection() { }	MergePuzzle/BoardController.cs	code/Il2CppDumper/type_blocks/01907_BoardController.txt		signature only
1907	MergePuzzle	BoardController	18D935C	private void set_ItemCollection(ItemCollectionHandler value) { }	MergePuzzle/BoardController.cs	code/Il2CppDumper/type_blocks/01907_BoardController.txt		signature only
1907	MergePuzzle	BoardController	18D9364	public WarningTextFactory get_WarningTextFactory() { }	MergePuzzle/BoardController.cs	code/Il2CppDumper/type_blocks/01907_BoardController.txt		signature only
1907	MergePuzzle	BoardController	18D9380	public ItemControllerFactory get_ItemControllerFactory() { }	MergePuzzle/BoardController.cs	code/Il2CppDumper/type_blocks/01907_BoardController.txt		signature only
1907	MergePuzzle	BoardController	18D939C	public int get_EventIndex() { }	MergePuzzle/BoardController.cs	code/Il2CppDumper/type_blocks/01907_BoardController.txt		signature only
1907	MergePuzzle	BoardController	18D93A4	public BoardData get_BoardData() { }	MergePuzzle/BoardController.cs	code/Il2CppDumper/type_blocks/01907_BoardController.txt		signature only
1907	MergePuzzle	BoardController	18D93AC	public void set_BoardData(BoardData value) { }	MergePuzzle/BoardController.cs	code/Il2CppDumper/type_blocks/01907_BoardController.txt		signature only
1907	MergePuzzle	BoardController	18D93B4	public BoardPlacementAnimation get_BoardPlacementAnimation() { }	MergePuzzle/BoardController.cs	code/Il2CppDumper/type_blocks/01907_BoardController.txt		signature only
1907	MergePuzzle	BoardController	18D93BC	public void set_BoardPlacementAnimation(BoardPlacementAnimation value) { }	MergePuzzle/BoardController.cs	code/Il2CppDumper/type_blocks/01907_BoardController.txt		signature only
1907	MergePuzzle	BoardController	18D93C4	public AnimatedCollectableTracker get_AnimatedCollectableTracker() { }	MergePuzzle/BoardController.cs	code/Il2CppDumper/type_blocks/01907_BoardController.txt		signature only
1907	MergePuzzle	BoardController	18D93CC	public void IncreaseChargingChestCount() { }	MergePuzzle/BoardController.cs	code/Il2CppDumper/type_blocks/01907_BoardController.txt		signature only
1907	MergePuzzle	BoardController	18D93DC	public void DecreaseChargingChestCount() { }	MergePuzzle/BoardController.cs	code/Il2CppDumper/type_blocks/01907_BoardController.txt		signature only
1907	MergePuzzle	BoardController	18D93F0	public override void Awake() { }	MergePuzzle/BoardController.cs	code/Il2CppDumper/type_blocks/01907_BoardController.txt		signature only
1907	MergePuzzle	BoardController	18D97C0	public override void Start() { }	MergePuzzle/BoardController.cs	code/Il2CppDumper/type_blocks/01907_BoardController.txt		signature only
1907	MergePuzzle	BoardController	18D9DB0	private void OverrideSpecialTaskItemImages() { }	MergePuzzle/BoardController.cs	code/Il2CppDumper/type_blocks/01907_BoardController.txt		signature only
1907	MergePuzzle	BoardController	18DA22C	public override void OnDestroy() { }	MergePuzzle/BoardController.cs	code/Il2CppDumper/type_blocks/01907_BoardController.txt		signature only
1907	MergePuzzle	BoardController	18D9CD4	private void SendBoardSessionFunnelEvent(GameStatusState state) { }	MergePuzzle/BoardController.cs	code/Il2CppDumper/type_blocks/01907_BoardController.txt		signature only
1907	MergePuzzle	BoardController	18DA50C	private UniTaskVoid InitializeEventBoard(BoardData boardData) { }	MergePuzzle/BoardController.cs	code/Il2CppDumper/type_blocks/01907_BoardController.txt		signature only
1907	MergePuzzle	BoardController	18DA5D0	private void FixBrokenEventEntity() { }	MergePuzzle/BoardController.cs	code/Il2CppDumper/type_blocks/01907_BoardController.txt		signature only
1907	MergePuzzle	BoardController	18DA17C	private UniTaskVoid InitBoardEvent(int index) { }	MergePuzzle/BoardController.cs	code/Il2CppDumper/type_blocks/01907_BoardController.txt		signature only
1907	MergePuzzle	BoardController	18DA0C0	private UniTaskVoid InitBoard(BoardData boardData) { }	MergePuzzle/BoardController.cs	code/Il2CppDumper/type_blocks/01907_BoardController.txt		signature only
1907	MergePuzzle	BoardController	18DA960	private UniTask<bool> ResultCallback(BoardData boardData) { }	MergePuzzle/BoardController.cs	code/Il2CppDumper/type_blocks/01907_BoardController.txt		signature only
1907	MergePuzzle	BoardController	18DAA88	private UniTask<bool> InitializeAsync(bool isNewlyCreated) { }	MergePuzzle/BoardController.cs	code/Il2CppDumper/type_blocks/01907_BoardController.txt		signature only
1907	MergePuzzle	BoardController	18DABA8	private void CheckRewardAreaEntity(BoardEvent.InitializeBoard e) { }	MergePuzzle/BoardController.cs	code/Il2CppDumper/type_blocks/01907_BoardController.txt		signature only
1907	MergePuzzle	BoardController	18DB100	public void RevertDraggingBoardItems() { }	MergePuzzle/BoardController.cs	code/Il2CppDumper/type_blocks/01907_BoardController.txt	ghidra_flow_pseudocode.c	native pseudocode (unverified)
1907	MergePuzzle	BoardController	18DB364	private void InitializeAnimations() { }	MergePuzzle/BoardController.cs	code/Il2CppDumper/type_blocks/01907_BoardController.txt		signature only
1907	MergePuzzle	BoardController	18DB398	private UniTask<bool> InitializeBoard(BoardEntity boardEntity, bool isFirstSession, EventEntity eventEntity) { }	MergePuzzle/BoardController.cs	code/Il2CppDumper/type_blocks/01907_BoardController.txt		signature only
1907	MergePuzzle	BoardController	18DB4E0	private UniTask RemoveUnusedAddressables(AddressableDownloader addressableDownloader) { }	MergePuzzle/BoardController.cs	code/Il2CppDumper/type_blocks/01907_BoardController.txt		signature only
1907	MergePuzzle	BoardController	18DB5D0	private void InitObjectPool(int maxBoardItemCount) { }	MergePuzzle/BoardController.cs	code/Il2CppDumper/type_blocks/01907_BoardController.txt	ghidra_flow_pseudocode.c	native pseudocode (unverified)
1907	MergePuzzle	BoardController	18DB7E8	public void SaveSpawnerSetIDsOnInitialize() { }	MergePuzzle/BoardController.cs	code/Il2CppDumper/type_blocks/01907_BoardController.txt	ghidra_expanded_pseudocode.c	native pseudocode (unverified)
1907	MergePuzzle	BoardController	18DBCA0	private UniTask<bool> LoadBoard(BoardData boardData, bool isEventBoard) { }	MergePuzzle/BoardController.cs	code/Il2CppDumper/type_blocks/01907_BoardController.txt	ghidra_expanded_pseudocode.c	native pseudocode (unverified)
1907	MergePuzzle	BoardController	18DBDD0	private void InitializeNullEntitiesForUpdatedUsers() { }	MergePuzzle/BoardController.cs	code/Il2CppDumper/type_blocks/01907_BoardController.txt		signature only
1907	MergePuzzle	BoardController	18DCC28	private void FixMissingCompletedMetaTaskItems() { }	MergePuzzle/BoardController.cs	code/Il2CppDumper/type_blocks/01907_BoardController.txt		signature only
1907	MergePuzzle	BoardController	18DD10C	private void SendInitializeEvents(BoardEntity boardEntity, EventEntity eventEntity, bool isFirstSession) { }	MergePuzzle/BoardController.cs	code/Il2CppDumper/type_blocks/01907_BoardController.txt		signature only
1907	MergePuzzle	BoardController	18DD51C	private void SendInitAnalyticsEvents(BoardEntity boardEntity) { }	MergePuzzle/BoardController.cs	code/Il2CppDumper/type_blocks/01907_BoardController.txt		signature only
1907	MergePuzzle	BoardController	18DDDDC	public static void ProcessWaitingEventLevelUp(EventEntity eventEntity, BoardData boardData) { }	MergePuzzle/BoardController.cs	code/Il2CppDumper/type_blocks/01907_BoardController.txt		signature only
1907	MergePuzzle	BoardController	18DE400	public void SetBoardInitEnergiesProcessed() { }	MergePuzzle/BoardController.cs	code/Il2CppDumper/type_blocks/01907_BoardController.txt		signature only
1907	MergePuzzle	BoardController	18DE40C	public BoardTaskController GetBoardTaskController() { }	MergePuzzle/BoardController.cs	code/Il2CppDumper/type_blocks/01907_BoardController.txt		signature only
1907	MergePuzzle	BoardController	18DE428	public List<BoardTaskItemController> GetBoardTaskItemControllers() { }	MergePuzzle/BoardController.cs	code/Il2CppDumper/type_blocks/01907_BoardController.txt	ghidra_flow_pseudocode.c	native pseudocode (unverified)
1907	MergePuzzle	BoardController	18DE4D4	public List<int> FindDoneItems(List<BoardTaskItemController> activeBoardTasks) { }	MergePuzzle/BoardController.cs	code/Il2CppDumper/type_blocks/01907_BoardController.txt	ghidra_flow_pseudocode.c	native pseudocode (unverified)
1907	MergePuzzle	BoardController	18DA46C	public UniTaskVoid StopBoard() { }	MergePuzzle/BoardController.cs	code/Il2CppDumper/type_blocks/01907_BoardController.txt		signature only
1907	MergePuzzle	BoardController	18DEAB8	private void InjectConfigurableAssets(BoardConfigurableUIData data) { }	MergePuzzle/BoardController.cs	code/Il2CppDumper/type_blocks/01907_BoardController.txt		signature only
1907	MergePuzzle	BoardController	18DEB88	private void SetItemCollection() { }	MergePuzzle/BoardController.cs	code/Il2CppDumper/type_blocks/01907_BoardController.txt		signature only
1907	MergePuzzle	BoardController	18DEC6C	public override void UpdatePlayingTick(float elapsedTime) { }	MergePuzzle/BoardController.cs	code/Il2CppDumper/type_blocks/01907_BoardController.txt		signature only
1907	MergePuzzle	BoardController	18DF12C	public override void UpdatePausedTick(float elapsedTime) { }	MergePuzzle/BoardController.cs	code/Il2CppDumper/type_blocks/01907_BoardController.txt		signature only
1907	MergePuzzle	BoardController	18DF408	public override void UpdateTutorialTick(float elapsedTime) { }	MergePuzzle/BoardController.cs	code/Il2CppDumper/type_blocks/01907_BoardController.txt		signature only
1907	MergePuzzle	BoardController	18DF488	public override void UpdateTick() { }	MergePuzzle/BoardController.cs	code/Il2CppDumper/type_blocks/01907_BoardController.txt		signature only
1907	MergePuzzle	BoardController	18DF1AC	private void SpawnerAnimationCyclePaused() { }	MergePuzzle/BoardController.cs	code/Il2CppDumper/type_blocks/01907_BoardController.txt		pseudocode omitted: peripheral method
1907	MergePuzzle	BoardController	18DECEC	private void StartSpawnerAnimations() { }	MergePuzzle/BoardController.cs	code/Il2CppDumper/type_blocks/01907_BoardController.txt		pseudocode omitted: peripheral method
1907	MergePuzzle	BoardController	18DF80C	public float GetSpawnerAnimationPosition() { }	MergePuzzle/BoardController.cs	code/Il2CppDumper/type_blocks/01907_BoardController.txt		pseudocode omitted: peripheral method
1907	MergePuzzle	BoardController	18DFB48	public void AddToSavedSpawnerSetIDsORuntime(List<BoardItemSetData> setDatas) { }	MergePuzzle/BoardController.cs	code/Il2CppDumper/type_blocks/01907_BoardController.txt	ghidra_flow_pseudocode.c	native pseudocode (unverified)
1907	MergePuzzle	BoardController	18E0038	private void SetMillisecondsPassed(long millisecondsPassed, string trigger) { }	MergePuzzle/BoardController.cs	code/Il2CppDumper/type_blocks/01907_BoardController.txt		signature only
1907	MergePuzzle	BoardController	18E0130	private InventoryEntity GetInventoryEntity() { }	MergePuzzle/BoardController.cs	code/Il2CppDumper/type_blocks/01907_BoardController.txt	ghidra_flow_pseudocode.c	native pseudocode (unverified)
1907	MergePuzzle	BoardController	18DD83C	private void InitializeInventory(BoardEntity boardEntity, EventEntity eventEntity) { }	MergePuzzle/BoardController.cs	code/Il2CppDumper/type_blocks/01907_BoardController.txt	ghidra_flow_pseudocode.c	native pseudocode (unverified)
1907	MergePuzzle	BoardController	18E0164	private void ProcessPausedSpawnerCapacity() { }	MergePuzzle/BoardController.cs	code/Il2CppDumper/type_blocks/01907_BoardController.txt	ghidra_flow_pseudocode.c	native pseudocode (unverified)
1907	MergePuzzle	BoardController	18E03D0	private void CreateOfflineAutoItems() { }	MergePuzzle/BoardController.cs	code/Il2CppDumper/type_blocks/01907_BoardController.txt	ghidra_expanded_pseudocode.c	native pseudocode (unverified)
1907	MergePuzzle	BoardController	18E0838	private UniTask<ItemController> SpawnItemAsyncOnSplit(BoardItemData boardItemData, ItemEntity itemEntity, Coordinate spawnerCoordinate, ItemCreationHandler itemCreationHandler) { }	MergePuzzle/BoardController.cs	code/Il2CppDumper/type_blocks/01907_BoardController.txt	ghidra_expanded_pseudocode.c	native pseudocode (unverified)
1907	MergePuzzle	BoardController	18E09AC	private UniTask<ItemController> SpawnItemAsync(BoardItemData boardItemData, ItemEntity itemEntity, Coordinate spawnerCoordinate, bool onInitialize, bool merged = False, bool isNewlyCreated = True, ItemCreationHandler itemCreationHandler) { }	MergePuzzle/BoardController.cs	code/Il2CppDumper/type_blocks/01907_BoardController.txt	ghidra_expanded_pseudocode.c	native pseudocode (unverified)
1907	MergePuzzle	BoardController	18E0B38	private ItemController SpawnItem(BoardItemData boardItemData, ItemEntity itemEntity, Coordinate spawnerCoordinate, bool onBoardInitialize, bool merged = False, bool isNewlyCreated = True, int capacity = 0, bool isCapacityUpdated = True, bool isBubbleDestroy = False, ItemCreationHandler itemCreationHandler) { }	MergePuzzle/BoardController.cs	code/Il2CppDumper/type_blocks/01907_BoardController.txt	ghidra_expanded_pseudocode.c	native pseudocode (unverified)
1907	MergePuzzle	BoardController	18E154C	public void TrySendBoardItemSpawnFirebaseEvent(bool isNewItem, BoardItemData boardItemData, ItemCreationHandler itemCreationHandler, bool onBoardInitialize = False) { }	MergePuzzle/BoardController.cs	code/Il2CppDumper/type_blocks/01907_BoardController.txt		pseudocode omitted: peripheral method
1907	MergePuzzle	BoardController	18E17E8	private bool IsSendBoardItemSpawnFirebaseEvent(BoardItemData boardItemData, ref ItemCreationHandler itemCreationHandler, bool onBoardInitialize) { }	MergePuzzle/BoardController.cs	code/Il2CppDumper/type_blocks/01907_BoardController.txt		pseudocode omitted: peripheral method
1907	MergePuzzle	BoardController	18E1B10	private static bool IsRecurringEventSpawnerSpawn(BoardItemData boardItemData, ref ItemCreationHandler itemCreationHandler, bool onBoardInitialize) { }	MergePuzzle/BoardController.cs	code/Il2CppDumper/type_blocks/01907_BoardController.txt	ghidra_flow_pseudocode.c	native pseudocode (unverified)
1907	MergePuzzle	BoardController	18E1748	public void AddBoardSlotFullCounter() { }	MergePuzzle/BoardController.cs	code/Il2CppDumper/type_blocks/01907_BoardController.txt		signature only
1907	MergePuzzle	BoardController	18E1E9C	private SlotFullCounter.BoardType GetFireSlotFullType() { }	MergePuzzle/BoardController.cs	code/Il2CppDumper/type_blocks/01907_BoardController.txt		signature only
1907	MergePuzzle	BoardController	18E1784	private bool IsSendBoardFullFirebaseEventOnSpawnItem() { }	MergePuzzle/BoardController.cs	code/Il2CppDumper/type_blocks/01907_BoardController.txt		signature only
1907	MergePuzzle	BoardController	18E1660	private bool IsSendBoardFullFirebaseEventOnSplitBooster(ItemCreationHandler itemCreationHandler) { }	MergePuzzle/BoardController.cs	code/Il2CppDumper/type_blocks/01907_BoardController.txt		signature only
1907	MergePuzzle	BoardController	18E21B8	public bool IsSendBoardFullFirebaseEventORemoveJelly() { }	MergePuzzle/BoardController.cs	code/Il2CppDumper/type_blocks/01907_BoardController.txt		pseudocode omitted: peripheral method
1907	MergePuzzle	BoardController	18E1914	public string GetBoardItemSpawnFirebaseEventTrigger(ItemCreationHandler itemCreationHandler) { }	MergePuzzle/BoardController.cs	code/Il2CppDumper/type_blocks/01907_BoardController.txt		pseudocode omitted: peripheral method
1907	MergePuzzle	BoardController	18E1400	private void TrySendSpecialTaskEvents(BoardItemData boardItemData) { }	MergePuzzle/BoardController.cs	code/Il2CppDumper/type_blocks/01907_BoardController.txt		pseudocode omitted: peripheral method
1907	MergePuzzle	BoardController	18E2218	public BoardPositionEntity FindSameItem(ItemEntity itemEntity) { }	MergePuzzle/BoardController.cs	code/Il2CppDumper/type_blocks/01907_BoardController.txt	ghidra_flow_pseudocode.c	native pseudocode (unverified)
1907	MergePuzzle	BoardController	18E233C	public BoardPositionEntity FindSameItem(ItemRuntimeData itemRuntimeData) { }	MergePuzzle/BoardController.cs	code/Il2CppDumper/type_blocks/01907_BoardController.txt	ghidra_flow_pseudocode.c	native pseudocode (unverified)
1907	MergePuzzle	BoardController	18E2364	private CellController SpawnCell(CellEntity cellEntity, Vector2 position) { }	MergePuzzle/BoardController.cs	code/Il2CppDumper/type_blocks/01907_BoardController.txt	ghidra_expanded_pseudocode.c	native pseudocode (unverified)
1907	MergePuzzle	BoardController	18E24E8	public BoardPosition GetPosition(Coordinate index) { }	MergePuzzle/BoardController.cs	code/Il2CppDumper/type_blocks/01907_BoardController.txt	ghidra_flow_pseudocode.c	native pseudocode (unverified)
1907	MergePuzzle	BoardController	18E26F0	public BoardPosition GetPosition(int index) { }	MergePuzzle/BoardController.cs	code/Il2CppDumper/type_blocks/01907_BoardController.txt	ghidra_flow_pseudocode.c	native pseudocode (unverified)
1907	MergePuzzle	BoardController	18E275C	public BoardPosition GetFirstPosition() { }	MergePuzzle/BoardController.cs	code/Il2CppDumper/type_blocks/01907_BoardController.txt	ghidra_flow_pseudocode.c	native pseudocode (unverified)
1907	MergePuzzle	BoardController	18E27C4	public BoardPosition GetLastPosition() { }	MergePuzzle/BoardController.cs	code/Il2CppDumper/type_blocks/01907_BoardController.txt	ghidra_flow_pseudocode.c	native pseudocode (unverified)
1907	MergePuzzle	BoardController	18E2840	public Vector2 GetWorldPosition(Coordinate boardIndex) { }	MergePuzzle/BoardController.cs	code/Il2CppDumper/type_blocks/01907_BoardController.txt	ghidra_flow_pseudocode.c	native pseudocode (unverified)
1907	MergePuzzle	BoardController	18DEA68	public int GetListPosition(ItemController item) { }	MergePuzzle/BoardController.cs	code/Il2CppDumper/type_blocks/01907_BoardController.txt	ghidra_flow_pseudocode.c	native pseudocode (unverified)
1907	MergePuzzle	BoardController	18E28B8	public int GetListPosition(Coordinate boardIndex) { }	MergePuzzle/BoardController.cs	code/Il2CppDumper/type_blocks/01907_BoardController.txt	ghidra_flow_pseudocode.c	native pseudocode (unverified)
1907	MergePuzzle	BoardController	18E2A70	private void SwapItemsOnBoard(ItemController source, ItemController target, BoardPosition selectedBoardPosition, bool saveBoard = True) { }	MergePuzzle/BoardController.cs	code/Il2CppDumper/type_blocks/01907_BoardController.txt	ghidra_expanded_pseudocode.c	native pseudocode (unverified)
1907	MergePuzzle	BoardController	18E3554	private BoardType GetBoardType() { }	MergePuzzle/BoardController.cs	code/Il2CppDumper/type_blocks/01907_BoardController.txt		signature only
1907	MergePuzzle	BoardController	18E355C	private void MergeItemsOnBoard(ItemController source, ItemController target, BoardItemData itemData, BoardPosition boardPosition) { }	MergePuzzle/BoardController.cs	code/Il2CppDumper/type_blocks/01907_BoardController.txt	ghidra_expanded_pseudocode.c	native pseudocode (unverified)
1907	MergePuzzle	BoardController	18E51A8	private List<ItemController> ProcessUnbox(Coordinate targetCoordinate) { }	MergePuzzle/BoardController.cs	code/Il2CppDumper/type_blocks/01907_BoardController.txt	ghidra_flow_pseudocode.c	native pseudocode (unverified)
1907	MergePuzzle	BoardController	18E56D8	private List<ItemController> ProcessLevelUnbox() { }	MergePuzzle/BoardController.cs	code/Il2CppDumper/type_blocks/01907_BoardController.txt	ghidra_flow_pseudocode.c	native pseudocode (unverified)
1907	MergePuzzle	BoardController	18E5A9C	public BoardItemSurpriseBox GetSurpriseBox() { }	MergePuzzle/BoardController.cs	code/Il2CppDumper/type_blocks/01907_BoardController.txt	ghidra_flow_pseudocode.c	native pseudocode (unverified)
1907	MergePuzzle	BoardController	18E5D40	public bool IsLastLevel(ItemController itemController) { }	MergePuzzle/BoardController.cs	code/Il2CppDumper/type_blocks/01907_BoardController.txt	ghidra_flow_pseudocode.c	native pseudocode (unverified)
1907	MergePuzzle	BoardController	18E5DDC	private List<BoardItemData> GetBoardItemSetItems(ItemController itemController) { }	MergePuzzle/BoardController.cs	code/Il2CppDumper/type_blocks/01907_BoardController.txt	ghidra_flow_pseudocode.c	native pseudocode (unverified)
1907	MergePuzzle	BoardController	18E6030	public bool IsItemExitsOnBoard(int setID, int level) { }	MergePuzzle/BoardController.cs	code/Il2CppDumper/type_blocks/01907_BoardController.txt		signature only
1907	MergePuzzle	BoardController	18E6234	public bool IsSingleItemOnSet(ItemInfo itemInfo) { }	MergePuzzle/BoardController.cs	code/Il2CppDumper/type_blocks/01907_BoardController.txt		signature only
1907	MergePuzzle	BoardController	18E4C50	private ItemEntity ProcessExtraItemData(Coordinate targetCoordinate) { }	MergePuzzle/BoardController.cs	code/Il2CppDumper/type_blocks/01907_BoardController.txt	ghidra_flow_pseudocode.c	native pseudocode (unverified)
1907	MergePuzzle	BoardController	18E50D4	private void PlayMergeSound(bool isJelly, int level, int setID) { }	MergePuzzle/BoardController.cs	code/Il2CppDumper/type_blocks/01907_BoardController.txt		pseudocode omitted: peripheral method
1907	MergePuzzle	BoardController	18E6318	private void CreateParticle(ParticleSystem particlePrefab, Vector3 position, Transform parent, SortingData sortingData) { }	MergePuzzle/BoardController.cs	code/Il2CppDumper/type_blocks/01907_BoardController.txt		signature only
1907	MergePuzzle	BoardController	18E638C	private IEnumerator CreateParticleRoutine(GameObject particlePrefab, Vector3 position, bool autoPlay = True, Transform parent, SortingData sortingData) { }	MergePuzzle/BoardController.cs	code/Il2CppDumper/type_blocks/01907_BoardController.txt		signature only
1907	MergePuzzle	BoardController	18E4368	private ItemEntity ProcessBubbleData(ItemEntity itemEntity, Coordinate sourceBoardIndex) { }	MergePuzzle/BoardController.cs	code/Il2CppDumper/type_blocks/01907_BoardController.txt	ghidra_flow_pseudocode.c	native pseudocode (unverified)
1907	MergePuzzle	BoardController	18E6470	private bool CheckActiveTasksForExistingBubble(ItemEntity itemEntity, List<BoardTaskItem> activeTasks, int mergedItemLevel, ref bool setBubble) { }	MergePuzzle/BoardController.cs	code/Il2CppDumper/type_blocks/01907_BoardController.txt	ghidra_flow_pseudocode.c	native pseudocode (unverified)
1907	MergePuzzle	BoardController	18E6D0C	private void MoveItemOnBoard(ItemController item, CellController boardCell, BoardPosition boardPosition, bool saveBoard = True) { }	MergePuzzle/BoardController.cs	code/Il2CppDumper/type_blocks/01907_BoardController.txt	ghidra_expanded_pseudocode.c	native pseudocode (unverified)
1907	MergePuzzle	BoardController	18E34E4	private bool SetItemOnBoard(Coordinate boardIndex, ItemController item, bool saveBoard = True, bool spawnAnimated = True, bool swapAnimated = False, bool panelAnimated = False, BoardPosition selectedBoardPosition, bool merged = False, bool move = False, ItemCreationHandler itemCreationHandler, bool isBubbleTimeFinish = False, bool nonAnimated = False, bool boosterSplit = False) { }	MergePuzzle/BoardController.cs	code/Il2CppDumper/type_blocks/01907_BoardController.txt	ghidra_expanded_pseudocode.c	native pseudocode (unverified)
1907	MergePuzzle	BoardController	18E6FB0	private bool SetItemOnBoard(Coordinate boardIndex, ItemController item, bool skipCellCheck, bool saveBoard, bool spawnAnimated, bool swapAnimated, bool panelAnimated, bool merged, bool move, BoardPosition selectedBoardPosition, bool onInitialize = False, ItemCreationHandler itemCreationHandler, bool isBubbleTimeFinish = False, bool nonAnimated = False, bool boosterSplit = False) { }	MergePuzzle/BoardController.cs	code/Il2CppDumper/type_blocks/01907_BoardController.txt	ghidra_expanded_pseudocode.c	native pseudocode (unverified)
1907	MergePuzzle	BoardController	18E7BD8	private void ArrangeTutorialEventsOnSetItems(Coordinate boardIndex, ItemController item, bool merged, bool move, bool swap) { }	MergePuzzle/BoardController.cs	code/Il2CppDumper/type_blocks/01907_BoardController.txt	ghidra_flow_pseudocode.c	native pseudocode (unverified)
1907	MergePuzzle	BoardController	18E7AD8	private IEnumerator ItemSetAnimationRoutine(ItemController item, bool spawnAnimated, bool swapAnimated, bool panelAnimated, BoardPosition selectedBoardPosition, CellController targetCell, ItemCreationHandler itemCreationHandler, bool nonAnimated, bool boosterSplit) { }	MergePuzzle/BoardController.cs	code/Il2CppDumper/type_blocks/01907_BoardController.txt	ghidra_flow_pseudocode.c	native pseudocode (unverified)
1907	MergePuzzle	BoardController	18E90F4	public bool IsCellUnAvailable() { }	MergePuzzle/BoardController.cs	code/Il2CppDumper/type_blocks/01907_BoardController.txt		signature only
1907	MergePuzzle	BoardController	18E9154	private void SpawnItemAnimation(ItemController item, CellController targetCell, BoardPosition selectedBoardPosition, ItemCreationHandler itemCreationHandler, bool boosterSplit) { }	MergePuzzle/BoardController.cs	code/Il2CppDumper/type_blocks/01907_BoardController.txt	ghidra_flow_pseudocode.c	native pseudocode (unverified)
1907	MergePuzzle	BoardController	18EA124	private Sequence GetPlacementSequence(ItemController item, CellController targetCell) { }	MergePuzzle/BoardController.cs	code/Il2CppDumper/type_blocks/01907_BoardController.txt	ghidra_flow_pseudocode.c	native pseudocode (unverified)
1907	MergePuzzle	BoardController	18E9B60	private TutorialIndex GetSpawnItemTutorialIndex(ItemController item, bool boosterSplit, bool isCellUnAvailable, bool is115WillBeEnabled) { }	MergePuzzle/BoardController.cs	code/Il2CppDumper/type_blocks/01907_BoardController.txt		pseudocode omitted: peripheral method
1907	MergePuzzle	BoardController	18EA158	private void TriggerSpawnItemTutorial(TutorialIndex tutorialIndex, ItemController item) { }	MergePuzzle/BoardController.cs	code/Il2CppDumper/type_blocks/01907_BoardController.txt		pseudocode omitted: peripheral method
1907	MergePuzzle	BoardController	18EA414	private void SwapItemAnimation(ItemController item, CellController targetCell, BoardPosition selectedBoardPosition, ItemCreationHandler itemCreationHandler) { }	MergePuzzle/BoardController.cs	code/Il2CppDumper/type_blocks/01907_BoardController.txt	ghidra_flow_pseudocode.c	native pseudocode (unverified)
1907	MergePuzzle	BoardController	18EA614	private void PanelItemAnimation(ItemController item, CellController targetCell, BoardPosition selectedBoardPosition, ItemCreationHandler itemCreationHandler) { }	MergePuzzle/BoardController.cs	code/Il2CppDumper/type_blocks/01907_BoardController.txt	ghidra_flow_pseudocode.c	native pseudocode (unverified)
1907	MergePuzzle	BoardController	18EAB28	private TutorialIndex GetPanelItemTutorialIndex(ItemController item, bool isOpenStep79, bool isCellUnAvailable) { }	MergePuzzle/BoardController.cs	code/Il2CppDumper/type_blocks/01907_BoardController.txt		pseudocode omitted: peripheral method
1907	MergePuzzle	BoardController	18EAFA8	private void TriggerPanelItemTutorial(TutorialIndex tutorialIndex, ItemController item) { }	MergePuzzle/BoardController.cs	code/Il2CppDumper/type_blocks/01907_BoardController.txt		pseudocode omitted: peripheral method
1907	MergePuzzle	BoardController	18EB1D8	private void MoveItemAnimation(ItemController item, CellController targetCell, BoardPosition selectedBoardPosition, ItemCreationHandler itemCreationHandler) { }	MergePuzzle/BoardController.cs	code/Il2CppDumper/type_blocks/01907_BoardController.txt	ghidra_flow_pseudocode.c	native pseudocode (unverified)
1907	MergePuzzle	BoardController	18EB3C0	private void TryCreateNewItemFloatOnSetAnimation(ItemCreationHandler itemCreationHandler) { }	MergePuzzle/BoardController.cs	code/Il2CppDumper/type_blocks/01907_BoardController.txt		signature only
1907	MergePuzzle	BoardController	18EB484	public bool IsCreateNewFoundText(ItemController item) { }	MergePuzzle/BoardController.cs	code/Il2CppDumper/type_blocks/01907_BoardController.txt		pseudocode omitted: peripheral method
1907	MergePuzzle	BoardController	18EB554	public void CreateNewItemText(ItemController item, bool tutorialActive = False) { }	MergePuzzle/BoardController.cs	code/Il2CppDumper/type_blocks/01907_BoardController.txt		pseudocode omitted: peripheral method
1907	MergePuzzle	BoardController	18EB60C	private void SpawnAnimationComplete(ItemController item) { }	MergePuzzle/BoardController.cs	code/Il2CppDumper/type_blocks/01907_BoardController.txt	ghidra_flow_pseudocode.c	native pseudocode (unverified)
1907	MergePuzzle	BoardController	18EB688	public Coordinate GetSelectedPositionIndex() { }	MergePuzzle/BoardController.cs	code/Il2CppDumper/type_blocks/01907_BoardController.txt	ghidra_flow_pseudocode.c	native pseudocode (unverified)
1907	MergePuzzle	BoardController	18E4290	public void DestroyItem(Coordinate boardIndex, bool saveBoard, bool resetInfo) { }	MergePuzzle/BoardController.cs	code/Il2CppDumper/type_blocks/01907_BoardController.txt	ghidra_flow_pseudocode.c	native pseudocode (unverified)
1907	MergePuzzle	BoardController	18EBA08	private void DestroyItemViaSell(ItemController itemController, bool saveBoard) { }	MergePuzzle/BoardController.cs	code/Il2CppDumper/type_blocks/01907_BoardController.txt	ghidra_flow_pseudocode.c	native pseudocode (unverified)
1907	MergePuzzle	BoardController	18EB724	public bool DestroyItemGameObject(Coordinate boardIndex, bool resetInfo, bool saveBoard) { }	MergePuzzle/BoardController.cs	code/Il2CppDumper/type_blocks/01907_BoardController.txt	ghidra_flow_pseudocode.c	native pseudocode (unverified)
1907	MergePuzzle	BoardController	18EBAB8	private bool DestroyItemGameObjectViaSell(ItemController itemController, bool saveBoard) { }	MergePuzzle/BoardController.cs	code/Il2CppDumper/type_blocks/01907_BoardController.txt	ghidra_flow_pseudocode.c	native pseudocode (unverified)
1907	MergePuzzle	BoardController	18EB920	public void DestroyItemEntity(Coordinate boardIndex) { }	MergePuzzle/BoardController.cs	code/Il2CppDumper/type_blocks/01907_BoardController.txt	ghidra_flow_pseudocode.c	native pseudocode (unverified)
1907	MergePuzzle	BoardController	18EBCE4	public void DestroyItemEntitySave(Coordinate boardIndex) { }	MergePuzzle/BoardController.cs	code/Il2CppDumper/type_blocks/01907_BoardController.txt	ghidra_flow_pseudocode.c	native pseudocode (unverified)
1907	MergePuzzle	BoardController	18E2F34	public void ClearCell(Coordinate boardIndex, bool saveBoard = True) { }	MergePuzzle/BoardController.cs	code/Il2CppDumper/type_blocks/01907_BoardController.txt	ghidra_flow_pseudocode.c	native pseudocode (unverified)
1907	MergePuzzle	BoardController	18EBCFC	public void DestroyItemsBySetID(int setID, bool saveBoard) { }	MergePuzzle/BoardController.cs	code/Il2CppDumper/type_blocks/01907_BoardController.txt		signature only
1907	MergePuzzle	BoardController	18EBF58	public void DestroyItem(ItemController item, bool inventoryAdd, bool saveBoard = True, bool resetInfo = True, bool itemSell = False) { }	MergePuzzle/BoardController.cs	code/Il2CppDumper/type_blocks/01907_BoardController.txt	ghidra_flow_pseudocode.c	native pseudocode (unverified)
1907	MergePuzzle	BoardController	18EC074	public void DestroyItemViaSell(ItemController item) { }	MergePuzzle/BoardController.cs	code/Il2CppDumper/type_blocks/01907_BoardController.txt	ghidra_flow_pseudocode.c	native pseudocode (unverified)
1907	MergePuzzle	BoardController	18EC148	private UniTaskVoid SpawnAllAnimatedRewardsForTask(BoardItemCollectable collectableData, RectTransform targetSpawnItem, BoardTaskItem boardTaskItem) { }	MergePuzzle/BoardController.cs	code/Il2CppDumper/type_blocks/01907_BoardController.txt		pseudocode omitted: peripheral method
1907	MergePuzzle	BoardController	18EC234	private int CalculateTotalAnimatedItemCount(BoardTaskItem boardTaskItem, GameConfig gameConfig) { }	MergePuzzle/BoardController.cs	code/Il2CppDumper/type_blocks/01907_BoardController.txt		signature only
1907	MergePuzzle	BoardController	18ECCF0	private void OnAllAnimatedItemsCompleted() { }	MergePuzzle/BoardController.cs	code/Il2CppDumper/type_blocks/01907_BoardController.txt		signature only
1907	MergePuzzle	BoardController	18ED048	public void StartXPProgressAnimationIfXPShowClose(BoardTaskItem boardTaskItem) { }	MergePuzzle/BoardController.cs	code/Il2CppDumper/type_blocks/01907_BoardController.txt		signature only
1907	MergePuzzle	BoardController	18ED1A0	public void GenerateTaskExtraItemsReward(Vector3 position, float initDelay, BoardTaskItem boardTaskItem, bool isEvent) { }	MergePuzzle/BoardController.cs	code/Il2CppDumper/type_blocks/01907_BoardController.txt		signature only
1907	MergePuzzle	BoardController	18ED5BC	public void GenerateTaskRecurringEventReward(BoardItemCollectable collectableData, Vector3 position, float initDelay, BoardTaskItem boardTaskItem) { }	MergePuzzle/BoardController.cs	code/Il2CppDumper/type_blocks/01907_BoardController.txt		pseudocode omitted: peripheral method
1907	MergePuzzle	BoardController	18EDC2C	private void GenerateTaskSeasonReward(Vector3 position, float initDelay, BoardTaskItem boardTaskItem) { }	MergePuzzle/BoardController.cs	code/Il2CppDumper/type_blocks/01907_BoardController.txt		signature only
1907	MergePuzzle	BoardController	18EDFA0	private void GenerateTaskBoardEventReward(Vector3 position, float initDelay, BoardTaskItem boardTaskItem) { }	MergePuzzle/BoardController.cs	code/Il2CppDumper/type_blocks/01907_BoardController.txt		signature only
1907	MergePuzzle	BoardController	18EE214	private void GenerateTaskCoinReward(BoardItemCollectable collectableData, Vector3 position, float initDelay, BoardTaskItem boardTaskItem) { }	MergePuzzle/BoardController.cs	code/Il2CppDumper/type_blocks/01907_BoardController.txt		pseudocode omitted: peripheral method
1907	MergePuzzle	BoardController	18EE490	private void GenerateTaskXPReward(BoardItemCollectable collectableData, Vector3 position, float initDelay, BoardTaskItem boardTaskItem) { }	MergePuzzle/BoardController.cs	code/Il2CppDumper/type_blocks/01907_BoardController.txt		pseudocode omitted: peripheral method
1907	MergePuzzle	BoardController	18EE70C	private void GenerateTaskGemReward(BoardItemCollectable collectableData, Vector3 position, float initDelay, BoardTaskItem boardTaskItem) { }	MergePuzzle/BoardController.cs	code/Il2CppDumper/type_blocks/01907_BoardController.txt		pseudocode omitted: peripheral method
1907	MergePuzzle	BoardController	18EEAF0	private void SpawnAnimatedCollectable(BoardItemCollectable collectableData, Vector3 position, int count, int toCollect, float initDelay) { }	MergePuzzle/BoardController.cs	code/Il2CppDumper/type_blocks/01907_BoardController.txt		pseudocode omitted: peripheral method
1907	MergePuzzle	BoardController	18ED47C	private AnimatedCollectableController InstantiateReward(Vector3 position, AnimatedCollectableController.AnimatedItemType type) { }	MergePuzzle/BoardController.cs	code/Il2CppDumper/type_blocks/01907_BoardController.txt		signature only
1907	MergePuzzle	BoardController	18EED6C	public void SyncSpawnersSpineParticle() { }	MergePuzzle/BoardController.cs	code/Il2CppDumper/type_blocks/01907_BoardController.txt		pseudocode omitted: peripheral method
1907	MergePuzzle	BoardController	18EF288	public float GetTotalMergeLevelInBoardFloat(int setID) { }	MergePuzzle/BoardController.cs	code/Il2CppDumper/type_blocks/01907_BoardController.txt	ghidra_flow_pseudocode.c	native pseudocode (unverified)
1907	MergePuzzle	BoardController	18EFD70	private bool PlaySurpriseBoxParticle(BoardItemData perishableSpawnerData) { }	MergePuzzle/BoardController.cs	code/Il2CppDumper/type_blocks/01907_BoardController.txt		pseudocode omitted: peripheral method
1907	MergePuzzle	BoardController	18EFE60	public List<Coordinate> GetAvailableNeighborCellPositions(Coordinate boardIndex) { }	MergePuzzle/BoardController.cs	code/Il2CppDumper/type_blocks/01907_BoardController.txt	ghidra_flow_pseudocode.c	native pseudocode (unverified)
1907	MergePuzzle	BoardController	18F0380	private void CheckCreateParticle(BoardItemData boardItemData, Vector3 chestSpawnerPosition, SortingData sortingData) { }	MergePuzzle/BoardController.cs	code/Il2CppDumper/type_blocks/01907_BoardController.txt		pseudocode omitted: peripheral method
1907	MergePuzzle	BoardController	18F0770	private ItemController SpawnAtRandomPosition(ItemEntity itemEntity, BoardItemData boardItemData, bool isNewlyCreated, Transform sourceTransform, bool disableItemSelection = False, bool isCapacityUpdated = True, ItemCreationHandler itemCreationHandler) { }	MergePuzzle/BoardController.cs	code/Il2CppDumper/type_blocks/01907_BoardController.txt	ghidra_expanded_pseudocode.c	native pseudocode (unverified)
1907	MergePuzzle	BoardController	18F0A14	private void SpawnBubbleAtRandomPosition(ItemEntity itemEntity, BoardItemData boardItemData, bool isNewlyCreated, Transform sourceTransform, bool disableItemSelection = False, bool isCapacityUpdated = True, ItemCreationHandler itemCreationHandler) { }	MergePuzzle/BoardController.cs	code/Il2CppDumper/type_blocks/01907_BoardController.txt	ghidra_expanded_pseudocode.c	native pseudocode (unverified)
1907	MergePuzzle	BoardController	18DD100	private void Save(bool close = False) { }	MergePuzzle/BoardController.cs	code/Il2CppDumper/type_blocks/01907_BoardController.txt	ghidra_expanded_pseudocode.c	native pseudocode (unverified)
1907	MergePuzzle	BoardController	18F0CA4	private BoardEntity Load() { }	MergePuzzle/BoardController.cs	code/Il2CppDumper/type_blocks/01907_BoardController.txt	ghidra_expanded_pseudocode.c	native pseudocode (unverified)
1907	MergePuzzle	BoardController	18E4E24	public void SetSelectedPosition(BoardPosition position, bool selectCell = True, bool dontUseAnimation = False) { }	MergePuzzle/BoardController.cs	code/Il2CppDumper/type_blocks/01907_BoardController.txt	ghidra_flow_pseudocode.c	native pseudocode (unverified)
1907	MergePuzzle	BoardController	18EBBD4	private void ClearSelectedPosition(bool resetInfo, bool itemDestroy) { }	MergePuzzle/BoardController.cs	code/Il2CppDumper/type_blocks/01907_BoardController.txt		signature only
1907	MergePuzzle	BoardController	18F0D70	public void ArrangeSelectedCellImage(bool isActive) { }	MergePuzzle/BoardController.cs	code/Il2CppDumper/type_blocks/01907_BoardController.txt		signature only
1907	MergePuzzle	BoardController	18F0DAC	public void AnimateDoneBoardTaskItems(BoardTaskItemController completedTaskItemController, Action<bool> callback) { }	MergePuzzle/BoardController.cs	code/Il2CppDumper/type_blocks/01907_BoardController.txt		pseudocode omitted: peripheral method
1907	MergePuzzle	BoardController	18F17F8	public void AnimateDoneAllSpecialTaskItems(BoardTaskItemController completedTaskItemController, List<BoardPositionEntity> positionsMatched) { }	MergePuzzle/BoardController.cs	code/Il2CppDumper/type_blocks/01907_BoardController.txt		pseudocode omitted: peripheral method
1907	MergePuzzle	BoardController	18F1768	private void PrepareItemToScrollableAreaAnimation(BoardPosition position) { }	MergePuzzle/BoardController.cs	code/Il2CppDumper/type_blocks/01907_BoardController.txt		pseudocode omitted: peripheral method
1907	MergePuzzle	BoardController	18F15AC	public bool IsTaskGoal(ItemController item, BoardTaskGoal goalItem) { }	MergePuzzle/BoardController.cs	code/Il2CppDumper/type_blocks/01907_BoardController.txt	ghidra_flow_pseudocode.c	native pseudocode (unverified)
1907	MergePuzzle	BoardController	18F19D4	public void ProcessDart(BoosterAnimationController.BubbleInfo Bubble) { }	MergePuzzle/BoardController.cs	code/Il2CppDumper/type_blocks/01907_BoardController.txt	ghidra_flow_pseudocode.c	native pseudocode (unverified)
1907	MergePuzzle	BoardController	18F1A44	public void ProcessUpgrade(BoosterAnimationController.UpgradeInfo Upgrade) { }	MergePuzzle/BoardController.cs	code/Il2CppDumper/type_blocks/01907_BoardController.txt		signature only
1907	MergePuzzle	BoardController	18F1CC0	public void ProcessCharger(BoosterAnimationController.ChargeInfo Charge) { }	MergePuzzle/BoardController.cs	code/Il2CppDumper/type_blocks/01907_BoardController.txt	ghidra_flow_pseudocode.c	native pseudocode (unverified)
1907	MergePuzzle	BoardController	18F1D24	public UniTaskVoid ProcessSplit(BoosterAnimationController.SplitInfo Split) { }	MergePuzzle/BoardController.cs	code/Il2CppDumper/type_blocks/01907_BoardController.txt		signature only
1907	MergePuzzle	BoardController	18E1EA4	public List<CellEntity> GetAvailableCells() { }	MergePuzzle/BoardController.cs	code/Il2CppDumper/type_blocks/01907_BoardController.txt	ghidra_expanded_pseudocode.c	native pseudocode (unverified)
1907	MergePuzzle	BoardController	18E3064	public List<Coordinate> GetAvailableCellCoordinates(Coordinate targetIndex) { }	MergePuzzle/BoardController.cs	code/Il2CppDumper/type_blocks/01907_BoardController.txt	ghidra_expanded_pseudocode.c	native pseudocode (unverified)
1907	MergePuzzle	BoardController	18F1DF0	public List<CellController> GetNearestAvailableOtherCells(Transform sourceTransform) { }	MergePuzzle/BoardController.cs	code/Il2CppDumper/type_blocks/01907_BoardController.txt	ghidra_flow_pseudocode.c	native pseudocode (unverified)
1907	MergePuzzle	BoardController	18F21F0	private UniTaskVoid ProcessCloudDestroy(int level, bool isSentByTutorial, UnityAction onItemsSet) { }	MergePuzzle/BoardController.cs	code/Il2CppDumper/type_blocks/01907_BoardController.txt	ghidra_flow_pseudocode.c	native pseudocode (unverified)
1907	MergePuzzle	BoardController	18F22B4	private void SetCloudItems(int level) { }	MergePuzzle/BoardController.cs	code/Il2CppDumper/type_blocks/01907_BoardController.txt	ghidra_expanded_pseudocode.c	native pseudocode (unverified)
1907	MergePuzzle	BoardController	18F2A0C	private UniTask<bool> SetCloudItemsAsync(int level) { }	MergePuzzle/BoardController.cs	code/Il2CppDumper/type_blocks/01907_BoardController.txt	ghidra_expanded_pseudocode.c	native pseudocode (unverified)
1907	MergePuzzle	BoardController	18EEF8C	private List<ItemController> GetSpawnersWithSpineOnBoard() { }	MergePuzzle/BoardController.cs	code/Il2CppDumper/type_blocks/01907_BoardController.txt	ghidra_flow_pseudocode.c	native pseudocode (unverified)
1907	MergePuzzle	BoardController	18F2B28	public void ClearAllTreasureBoxNotifs() { }	MergePuzzle/BoardController.cs	code/Il2CppDumper/type_blocks/01907_BoardController.txt		signature only
1907	MergePuzzle	BoardController	18F2D94	public void ArrangeTreasureBoxNotifsOnBoard(ItemController initializingItem) { }	MergePuzzle/BoardController.cs	code/Il2CppDumper/type_blocks/01907_BoardController.txt		pseudocode omitted: peripheral method
1907	MergePuzzle	BoardController	18F3530	public bool IsEventBoard() { }	MergePuzzle/BoardController.cs	code/Il2CppDumper/type_blocks/01907_BoardController.txt		signature only
1907	MergePuzzle	BoardController	18F3538	private void FixFeatureInfoForBoardTasks() { }	MergePuzzle/BoardController.cs	code/Il2CppDumper/type_blocks/01907_BoardController.txt		signature only
1907	MergePuzzle	BoardController	18F3B70	private IEnumerator SendSaveBoardEvent() { }	MergePuzzle/BoardController.cs	code/Il2CppDumper/type_blocks/01907_BoardController.txt	ghidra_flow_pseudocode.c	native pseudocode (unverified)
1907	MergePuzzle	BoardController	18F3BF0	private bool IsSafeToUnPauseUnlimitedEnergy() { }	MergePuzzle/BoardController.cs	code/Il2CppDumper/type_blocks/01907_BoardController.txt		signature only
1907	MergePuzzle	BoardController	18F3C30	private void FixMissingSpawnerItems() { }	MergePuzzle/BoardController.cs	code/Il2CppDumper/type_blocks/01907_BoardController.txt	ghidra_flow_pseudocode.c	native pseudocode (unverified)
1907	MergePuzzle	BoardController	18F3D18	private void FixMissingSpawnersInMap() { }	MergePuzzle/BoardController.cs	code/Il2CppDumper/type_blocks/01907_BoardController.txt	ghidra_flow_pseudocode.c	native pseudocode (unverified)
1907	MergePuzzle	BoardController	18F5F20	private void TryFixSpecialTaskSpawner(ref int fixedItemCount, List<BoardItemData> boardItemDataList) { }	MergePuzzle/BoardController.cs	code/Il2CppDumper/type_blocks/01907_BoardController.txt	ghidra_flow_pseudocode.c	native pseudocode (unverified)
1907	MergePuzzle	BoardController	18F6770	private void FixMissingSpawner(int setID, int level) { }	MergePuzzle/BoardController.cs	code/Il2CppDumper/type_blocks/01907_BoardController.txt	ghidra_flow_pseudocode.c	native pseudocode (unverified)
1907	MergePuzzle	BoardController	18F5EA4	private void FixMissingSpawnerPrecise(int setID, int requiredPoints) { }	MergePuzzle/BoardController.cs	code/Il2CppDumper/type_blocks/01907_BoardController.txt	ghidra_flow_pseudocode.c	native pseudocode (unverified)
1907	MergePuzzle	BoardController	18F69D4	public bool IsAnyItemMoving() { }	MergePuzzle/BoardController.cs	code/Il2CppDumper/type_blocks/01907_BoardController.txt		signature only
1907	MergePuzzle	BoardController	18E7ACC	public void BlockAutoSpawners() { }	MergePuzzle/BoardController.cs	code/Il2CppDumper/type_blocks/01907_BoardController.txt	ghidra_flow_pseudocode.c	native pseudocode (unverified)
1907	MergePuzzle	BoardController	18F0D64	public void ReleaseAutoSpawners() { }	MergePuzzle/BoardController.cs	code/Il2CppDumper/type_blocks/01907_BoardController.txt	ghidra_flow_pseudocode.c	native pseudocode (unverified)
1907	MergePuzzle	BoardController	18F6C30	public void BlockSelectionItem() { }	MergePuzzle/BoardController.cs	code/Il2CppDumper/type_blocks/01907_BoardController.txt		signature only
1907	MergePuzzle	BoardController	18F6C3C	public void ReleaseSelectionItem() { }	MergePuzzle/BoardController.cs	code/Il2CppDumper/type_blocks/01907_BoardController.txt		signature only
1907	MergePuzzle	BoardController	18F6C48	public bool ArrangeSeasonPassPoints(BoardTaskItem boardTaskItem) { }	MergePuzzle/BoardController.cs	code/Il2CppDumper/type_blocks/01907_BoardController.txt		signature only
1907	MergePuzzle	BoardController	18F71B0	public void CountChargingChest() { }	MergePuzzle/BoardController.cs	code/Il2CppDumper/type_blocks/01907_BoardController.txt		signature only
1907	MergePuzzle	BoardController	18F7390	public void DisableObjectsOnLevel(BoardPosition boardPosition) { }	MergePuzzle/BoardController.cs	code/Il2CppDumper/type_blocks/01907_BoardController.txt	ghidra_flow_pseudocode.c	native pseudocode (unverified)
1907	MergePuzzle	BoardController	18F7448	private UniTask<bool> UnboxCellsAfterLevelupDismiss(bool isInit) { }	MergePuzzle/BoardController.cs	code/Il2CppDumper/type_blocks/01907_BoardController.txt	ghidra_expanded_pseudocode.c	native pseudocode (unverified)
1907	MergePuzzle	BoardController	18F7574	public void CheckForTutorialStep62(ItemController item) { }	MergePuzzle/BoardController.cs	code/Il2CppDumper/type_blocks/01907_BoardController.txt		pseudocode omitted: peripheral method
1907	MergePuzzle	BoardController	18F769C	private UniTask ProcessCurrencyClick(ItemController item) { }	MergePuzzle/BoardController.cs	code/Il2CppDumper/type_blocks/01907_BoardController.txt	ghidra_flow_pseudocode.c	native pseudocode (unverified)
1907	MergePuzzle	BoardController	18DAF98	public List<RewardEntity> GetActiveRewards() { }	MergePuzzle/BoardController.cs	code/Il2CppDumper/type_blocks/01907_BoardController.txt		signature only
1907	MergePuzzle	BoardController	18F7798	public bool IsNextToAutoSpawner(Coordinate boardIndex) { }	MergePuzzle/BoardController.cs	code/Il2CppDumper/type_blocks/01907_BoardController.txt	ghidra_flow_pseudocode.c	native pseudocode (unverified)
1907	MergePuzzle	BoardController	18E3328	private void SendBoardActionAnalyticEvent(Movable.BoardActionType boardActionType, string from, string to, BoardItemData itemData, BoardItemData spawnerData) { }	MergePuzzle/BoardController.cs	code/Il2CppDumper/type_blocks/01907_BoardController.txt		pseudocode omitted: peripheral method
1907	MergePuzzle	BoardController	18F7CA0	public List<int> GetDiscoveryBoxIds() { }	MergePuzzle/BoardController.cs	code/Il2CppDumper/type_blocks/01907_BoardController.txt		signature only
1907	MergePuzzle	BoardController	18DAFEC	private bool CheckDailyChallengeItem(int setID) { }	MergePuzzle/BoardController.cs	code/Il2CppDumper/type_blocks/01907_BoardController.txt		signature only
1907	MergePuzzle	BoardController	18F7E54	public bool HasMergeHintItems() { }	MergePuzzle/BoardController.cs	code/Il2CppDumper/type_blocks/01907_BoardController.txt	ghidra_flow_pseudocode.c	native pseudocode (unverified)
1907	MergePuzzle	BoardController	18F7F28	public bool IsMergeAvailable(ItemController itemController1, ItemController itemController2) { }	MergePuzzle/BoardController.cs	code/Il2CppDumper/type_blocks/01907_BoardController.txt	ghidra_expanded_pseudocode.c	native pseudocode (unverified)
1907	MergePuzzle	BoardController	18F86C0	public BoardItemData GetMergedItemData(ItemController candidateItem) { }	MergePuzzle/BoardController.cs	code/Il2CppDumper/type_blocks/01907_BoardController.txt	ghidra_expanded_pseudocode.c	native pseudocode (unverified)
1907	MergePuzzle	BoardController	18F8728	public bool TryFindMergeableCandidateItems(ItemController itemController, out List<ItemController> candidates) { }	MergePuzzle/BoardController.cs	code/Il2CppDumper/type_blocks/01907_BoardController.txt	ghidra_flow_pseudocode.c	native pseudocode (unverified)
1907	MergePuzzle	BoardController	18E568C	public void ArrangeCells() { }	MergePuzzle/BoardController.cs	code/Il2CppDumper/type_blocks/01907_BoardController.txt		signature only
1907	MergePuzzle	BoardController	18F89F8	private void ArrangeCellsForEvent() { }	MergePuzzle/BoardController.cs	code/Il2CppDumper/type_blocks/01907_BoardController.txt		signature only
1907	MergePuzzle	BoardController	18F8A20	private void ArrangeCellsForBoard() { }	MergePuzzle/BoardController.cs	code/Il2CppDumper/type_blocks/01907_BoardController.txt		signature only
1907	MergePuzzle	BoardController	18F8A48	private void ArrangeCells(List<BoardPositionEntity> positionEntities) { }	MergePuzzle/BoardController.cs	code/Il2CppDumper/type_blocks/01907_BoardController.txt	ghidra_flow_pseudocode.c	native pseudocode (unverified)
1907	MergePuzzle	BoardController	18F8D48	public void TryEnableCellBackgrounds(BoardTaskItemController boardTaskItemController) { }	MergePuzzle/BoardController.cs	code/Il2CppDumper/type_blocks/01907_BoardController.txt		pseudocode omitted: peripheral method
1907	MergePuzzle	BoardController	18F8D5C	private void TryEnableCellBackgroundsForEvent(BoardTaskItemController boardTaskItemController) { }	MergePuzzle/BoardController.cs	code/Il2CppDumper/type_blocks/01907_BoardController.txt		pseudocode omitted: peripheral method
1907	MergePuzzle	BoardController	18F8D8C	private void TryEnableCellBackgroundsForDefaultBoard(BoardTaskItemController boardTaskItemController) { }	MergePuzzle/BoardController.cs	code/Il2CppDumper/type_blocks/01907_BoardController.txt		pseudocode omitted: peripheral method
1907	MergePuzzle	BoardController	18F8DBC	private void TryEnableCellBackgrounds(BoardTaskItemController boardTaskItemController, List<BoardPositionEntity> positionEntities) { }	MergePuzzle/BoardController.cs	code/Il2CppDumper/type_blocks/01907_BoardController.txt		pseudocode omitted: peripheral method
1907	MergePuzzle	BoardController	18F9050	public void CreateBubbleBurst(CellController cellController, bool bubblePin) { }	MergePuzzle/BoardController.cs	code/Il2CppDumper/type_blocks/01907_BoardController.txt		pseudocode omitted: peripheral method
1907	MergePuzzle	BoardController	18F933C	public void CreateBubbleBurst(ItemController itemController, bool bubblePin) { }	MergePuzzle/BoardController.cs	code/Il2CppDumper/type_blocks/01907_BoardController.txt		pseudocode omitted: peripheral method
1907	MergePuzzle	BoardController	18F90B8	public void ArrangeBubbleInterstitial(GameObject burstParticle) { }	MergePuzzle/BoardController.cs	code/Il2CppDumper/type_blocks/01907_BoardController.txt		pseudocode omitted: peripheral method
1907	MergePuzzle	BoardController	18F938C	public void OnEvent(BoardEvent.InitializeBoard e) { }	MergePuzzle/BoardController.cs	code/Il2CppDumper/type_blocks/01907_BoardController.txt	ghidra_flow_pseudocode.c	native pseudocode (unverified)
1907	MergePuzzle	BoardController	18F93A0	public void OnEvent(BoardEvent.PreMergeParticleActive e) { }	MergePuzzle/BoardController.cs	code/Il2CppDumper/type_blocks/01907_BoardController.txt	ghidra_flow_pseudocode.c	native pseudocode (unverified)
1907	MergePuzzle	BoardController	18F944C	public void OnEvent(BoardEvent.Move e) { }	MergePuzzle/BoardController.cs	code/Il2CppDumper/type_blocks/01907_BoardController.txt	ghidra_flow_pseudocode.c	native pseudocode (unverified)
1907	MergePuzzle	BoardController	18F9864	public void OnEvent(BoardEvent.Merge e) { }	MergePuzzle/BoardController.cs	code/Il2CppDumper/type_blocks/01907_BoardController.txt	ghidra_flow_pseudocode.c	native pseudocode (unverified)
1907	MergePuzzle	BoardController	18F9580	public void OnEvent(BoardEvent.RevertMove e) { }	MergePuzzle/BoardController.cs	code/Il2CppDumper/type_blocks/01907_BoardController.txt	ghidra_flow_pseudocode.c	native pseudocode (unverified)
1907	MergePuzzle	BoardController	18F98DC	public void OnEvent(BoardEvent.Swap e) { }	MergePuzzle/BoardController.cs	code/Il2CppDumper/type_blocks/01907_BoardController.txt	ghidra_flow_pseudocode.c	native pseudocode (unverified)
1907	MergePuzzle	BoardController	18F9954	public void OnEvent(BoardEvent.CollectCollectable e) { }	MergePuzzle/BoardController.cs	code/Il2CppDumper/type_blocks/01907_BoardController.txt	ghidra_flow_pseudocode.c	native pseudocode (unverified)
1907	MergePuzzle	BoardController	18FAC64	public void OnEvent(BoardEvent.EnergyRefillSuccess e) { }	MergePuzzle/BoardController.cs	code/Il2CppDumper/type_blocks/01907_BoardController.txt	ghidra_flow_pseudocode.c	native pseudocode (unverified)
1907	MergePuzzle	BoardController	18FB13C	public void OnEvent(BoardEvent.SpawnerSpawn e) { }	MergePuzzle/BoardController.cs	code/Il2CppDumper/type_blocks/01907_BoardController.txt	ghidra_flow_pseudocode.c	native pseudocode (unverified)
1907	MergePuzzle	BoardController	18FB8B0	public void OnEvent(BoardEvent.PerishableSpawnerSpawn e) { }	MergePuzzle/BoardController.cs	code/Il2CppDumper/type_blocks/01907_BoardController.txt	ghidra_flow_pseudocode.c	native pseudocode (unverified)
1907	MergePuzzle	BoardController	18FC840	public void OnEvent(BoardEvent.AutoSpawnerSpawn e) { }	MergePuzzle/BoardController.cs	code/Il2CppDumper/type_blocks/01907_BoardController.txt	ghidra_flow_pseudocode.c	native pseudocode (unverified)
1907	MergePuzzle	BoardController	18FCD50	public void OnEvent(BoardEvent.ChestSpawnerSpawn e) { }	MergePuzzle/BoardController.cs	code/Il2CppDumper/type_blocks/01907_BoardController.txt	ghidra_flow_pseudocode.c	native pseudocode (unverified)
1907	MergePuzzle	BoardController	18FD420	public void OnEvent(BoardEvent.TaskSupportChestSpawnerSpawn e) { }	MergePuzzle/BoardController.cs	code/Il2CppDumper/type_blocks/01907_BoardController.txt	ghidra_flow_pseudocode.c	native pseudocode (unverified)
1907	MergePuzzle	BoardController	18FD8B4	public void OnEvent(BoardEvent.RemoveFromInventory e) { }	MergePuzzle/BoardController.cs	code/Il2CppDumper/type_blocks/01907_BoardController.txt	ghidra_flow_pseudocode.c	native pseudocode (unverified)
1907	MergePuzzle	BoardController	18FD968	public void OnEvent(BoardEvent.AddToInventory e) { }	MergePuzzle/BoardController.cs	code/Il2CppDumper/type_blocks/01907_BoardController.txt	ghidra_flow_pseudocode.c	native pseudocode (unverified)
1907	MergePuzzle	BoardController	18FDB88	public void OnEvent(BoardEvent.UndoItemSell e) { }	MergePuzzle/BoardController.cs	code/Il2CppDumper/type_blocks/01907_BoardController.txt	ghidra_flow_pseudocode.c	native pseudocode (unverified)
1907	MergePuzzle	BoardController	18FDC24	public void OnEvent(BoardEvent.RemoveFromRewardUI e) { }	MergePuzzle/BoardController.cs	code/Il2CppDumper/type_blocks/01907_BoardController.txt	ghidra_flow_pseudocode.c	native pseudocode (unverified)
1907	MergePuzzle	BoardController	18FDCD8	public void OnEvent(BoardEvent.RemoveItemViaSellComplete e) { }	MergePuzzle/BoardController.cs	code/Il2CppDumper/type_blocks/01907_BoardController.txt	ghidra_flow_pseudocode.c	native pseudocode (unverified)
1907	MergePuzzle	BoardController	18FDE10	public void OnEvent(BoardEvent.BubbleTimeFinish e) { }	MergePuzzle/BoardController.cs	code/Il2CppDumper/type_blocks/01907_BoardController.txt	ghidra_flow_pseudocode.c	native pseudocode (unverified)
1907	MergePuzzle	BoardController	18FE270	public void OnEvent(ItemClick e) { }	MergePuzzle/BoardController.cs	code/Il2CppDumper/type_blocks/01907_BoardController.txt	ghidra_flow_pseudocode.c	native pseudocode (unverified)
1907	MergePuzzle	BoardController	18FE420	public void OnEvent(NonMovableItemClick e) { }	MergePuzzle/BoardController.cs	code/Il2CppDumper/type_blocks/01907_BoardController.txt	ghidra_flow_pseudocode.c	native pseudocode (unverified)
1907	MergePuzzle	BoardController	18FE55C	public void OnEvent(BoardEvent.BoosterPanelStatusChange e) { }	MergePuzzle/BoardController.cs	code/Il2CppDumper/type_blocks/01907_BoardController.txt	ghidra_flow_pseudocode.c	native pseudocode (unverified)
1907	MergePuzzle	BoardController	18FE7F0	public void OnEvent(BoardEvent.BoosterBoardAction e) { }	MergePuzzle/BoardController.cs	code/Il2CppDumper/type_blocks/01907_BoardController.txt	ghidra_flow_pseudocode.c	native pseudocode (unverified)
1907	MergePuzzle	BoardController	19007D8	public void OnEvent(BoardEvent.CloudDestroy e) { }	MergePuzzle/BoardController.cs	code/Il2CppDumper/type_blocks/01907_BoardController.txt	ghidra_flow_pseudocode.c	native pseudocode (unverified)
1907	MergePuzzle	BoardController	1900808	public void OnEvent(TaskEvent.TaskDoneBoardItemsMoveCompleted e) { }	MergePuzzle/BoardController.cs	code/Il2CppDumper/type_blocks/01907_BoardController.txt	ghidra_flow_pseudocode.c	native pseudocode (unverified)
1907	MergePuzzle	BoardController	1900858	public void OnEvent(CanvasEvent.PlayTimeLimitedClockParticle e) { }	MergePuzzle/BoardController.cs	code/Il2CppDumper/type_blocks/01907_BoardController.txt		signature only
1907	MergePuzzle	BoardController	1900900	public void OnEvent(AnimationEvent.SpawnerHintAdd e) { }	MergePuzzle/BoardController.cs	code/Il2CppDumper/type_blocks/01907_BoardController.txt		signature only
1907	MergePuzzle	BoardController	1900A0C	public void OnEvent(BoardEvent.BoosterAnimationCompleted e) { }	MergePuzzle/BoardController.cs	code/Il2CppDumper/type_blocks/01907_BoardController.txt	ghidra_flow_pseudocode.c	native pseudocode (unverified)
1907	MergePuzzle	BoardController	1900CE4	public void OnEvent(BoardEvent.ClearBoard e) { }	MergePuzzle/BoardController.cs	code/Il2CppDumper/type_blocks/01907_BoardController.txt	ghidra_flow_pseudocode.c	native pseudocode (unverified)
1907	MergePuzzle	BoardController	1900FC4	public void OnEvent(BoardEvent.DestroyFromBoard e) { }	MergePuzzle/BoardController.cs	code/Il2CppDumper/type_blocks/01907_BoardController.txt	ghidra_flow_pseudocode.c	native pseudocode (unverified)
1907	MergePuzzle	BoardController	19012D8	public void OnEvent(CameraEvent.CameraChangedRequest e) { }	MergePuzzle/BoardController.cs	code/Il2CppDumper/type_blocks/01907_BoardController.txt		signature only
1907	MergePuzzle	BoardController	190145C	public void OnEvent(CameraEvent.CameraChangeCompleted e) { }	MergePuzzle/BoardController.cs	code/Il2CppDumper/type_blocks/01907_BoardController.txt		signature only
1907	MergePuzzle	BoardController	1901518	public void OnEvent(SrDebuggerEvent.EventSpawn e) { }	MergePuzzle/BoardController.cs	code/Il2CppDumper/type_blocks/01907_BoardController.txt		signature only
1907	MergePuzzle	BoardController	19017D8	public void OnEvent(BoardEvent.ApplicationPause e) { }	MergePuzzle/BoardController.cs	code/Il2CppDumper/type_blocks/01907_BoardController.txt	ghidra_flow_pseudocode.c	native pseudocode (unverified)
1907	MergePuzzle	BoardController	1901D8C	public void OnEvent(SrDebuggerEvent.CompleteMetaTaskUntil e) { }	MergePuzzle/BoardController.cs	code/Il2CppDumper/type_blocks/01907_BoardController.txt		signature only
1907	MergePuzzle	BoardController	1901F8C	public void OnEvent(PurchaseEvent.PurchaseResult e) { }	MergePuzzle/BoardController.cs	code/Il2CppDumper/type_blocks/01907_BoardController.txt		signature only
1907	MergePuzzle	BoardController	1902308	public void OnEvent(CanvasEvent.NonUndoClicked e) { }	MergePuzzle/BoardController.cs	code/Il2CppDumper/type_blocks/01907_BoardController.txt		signature only
1907	MergePuzzle	BoardController	1902314	public void OnEvent(TaskEvent.LevelUpDismissed e) { }	MergePuzzle/BoardController.cs	code/Il2CppDumper/type_blocks/01907_BoardController.txt	ghidra_flow_pseudocode.c	native pseudocode (unverified)
1907	MergePuzzle	BoardController	1902380	public void OnEvent(PurchaseEvent.SetTrigger e) { }	MergePuzzle/BoardController.cs	code/Il2CppDumper/type_blocks/01907_BoardController.txt		signature only
1907	MergePuzzle	BoardController	1902418	public void OnEvent(BoardEvent.PickBoxItemSelection e) { }	MergePuzzle/BoardController.cs	code/Il2CppDumper/type_blocks/01907_BoardController.txt	ghidra_flow_pseudocode.c	native pseudocode (unverified)
1907	MergePuzzle	BoardController	1902744	public void OnEvent(DailyChallengeEvent.PickChestConceptRewardBoxItemSelection e) { }	MergePuzzle/BoardController.cs	code/Il2CppDumper/type_blocks/01907_BoardController.txt		signature only
1907	MergePuzzle	BoardController	1902770	public void OnEvent(AnimationEvent.AnimationFinished e) { }	MergePuzzle/BoardController.cs	code/Il2CppDumper/type_blocks/01907_BoardController.txt		signature only
1907	MergePuzzle	BoardController	190277C	public void OnEvent(RecurringEvent.CurrencyClicked e) { }	MergePuzzle/BoardController.cs	code/Il2CppDumper/type_blocks/01907_BoardController.txt		signature only
1907	MergePuzzle	BoardController	19027E0	public void OnEvent(BoardEvent.ClearSelectedPosition e) { }	MergePuzzle/BoardController.cs	code/Il2CppDumper/type_blocks/01907_BoardController.txt	ghidra_flow_pseudocode.c	native pseudocode (unverified)
1907	MergePuzzle	BoardController	19027F0	public void OnEvent(BoardEvent.OnStateChange e) { }	MergePuzzle/BoardController.cs	code/Il2CppDumper/type_blocks/01907_BoardController.txt	ghidra_flow_pseudocode.c	native pseudocode (unverified)
1907	MergePuzzle	BoardController	19027F4	public void OnEvent(BoardEvent.BoardItemPositionUpdate e) { }	MergePuzzle/BoardController.cs	code/Il2CppDumper/type_blocks/01907_BoardController.txt	ghidra_flow_pseudocode.c	native pseudocode (unverified)
1907	MergePuzzle	BoardController	19027F8	public void OnEvent(MetaEvent.SeasonSoftFinish e) { }	MergePuzzle/BoardController.cs	code/Il2CppDumper/type_blocks/01907_BoardController.txt		signature only
1907	MergePuzzle	BoardController	1902994	public void .ctor() { }	MergePuzzle/BoardController.cs	code/Il2CppDumper/type_blocks/01907_BoardController.txt		signature only
1907	MergePuzzle	BoardController	1902B7C	private static void .cctor() { }	MergePuzzle/BoardController.cs	code/Il2CppDumper/type_blocks/01907_BoardController.txt		signature only
1907	MergePuzzle	BoardController	1902F58	private bool <OnEvent>b__351_0(MetaTaskItem item) { }	MergePuzzle/BoardController.cs	code/Il2CppDumper/type_blocks/01907_BoardController.txt		signature only
1909	MergePuzzle	BoardPosition	192796C	public void .ctor() { }	MergePuzzle/BoardPosition.cs	code/Il2CppDumper/type_blocks/01909_BoardPosition.txt		signature only
1909	MergePuzzle	BoardPosition	1927974	public void .ctor(Coordinate index) { }	MergePuzzle/BoardPosition.cs	code/Il2CppDumper/type_blocks/01909_BoardPosition.txt		signature only
1909	MergePuzzle	BoardPosition	1927998	public void SetItemToNull() { }	MergePuzzle/BoardPosition.cs	code/Il2CppDumper/type_blocks/01909_BoardPosition.txt		signature only
1910	MergePuzzle	BoardPositionData	1927A0C	public void .ctor() { }	MergePuzzle/BoardPositionData.cs	code/Il2CppDumper/type_blocks/01910_BoardPositionData.txt		signature only
1910	MergePuzzle	BoardPositionData	1927A14	public bool ContainsItem() { }	MergePuzzle/BoardPositionData.cs	code/Il2CppDumper/type_blocks/01910_BoardPositionData.txt		signature only
1910	MergePuzzle	BoardPositionData	1927A38	public BoardPositionData Copy() { }	MergePuzzle/BoardPositionData.cs	code/Il2CppDumper/type_blocks/01910_BoardPositionData.txt		signature only
1914	MergePuzzle	BoosterEntity	1928740	public void .ctor() { }	MergePuzzle/BoosterEntity.cs	code/Il2CppDumper/type_blocks/01914_BoosterEntity.txt		signature only
1914	MergePuzzle	BoosterEntity	1928748	public void DecreaseBoosterCount(bool saveBoard = True) { }	MergePuzzle/BoosterEntity.cs	code/Il2CppDumper/type_blocks/01914_BoosterEntity.txt		signature only
1914	MergePuzzle	BoosterEntity	192880C	public void .ctor(int id, bool isUnlocked, int requiredLevel) { }	MergePuzzle/BoosterEntity.cs	code/Il2CppDumper/type_blocks/01914_BoosterEntity.txt		signature only
1920	MergePuzzle	BoosterItemData	1928AEC	public int GetRequiredPackGemCount() { }	MergePuzzle/BoosterItemData.cs	code/Il2CppDumper/type_blocks/01920_BoosterItemData.txt		signature only
1920	MergePuzzle	BoosterItemData	1928B2C	public string GetWarningText() { }	MergePuzzle/BoosterItemData.cs	code/Il2CppDumper/type_blocks/01920_BoosterItemData.txt		signature only
1920	MergePuzzle	BoosterItemData	1928C10	public string GetWarningText(string keySuffix) { }	MergePuzzle/BoosterItemData.cs	code/Il2CppDumper/type_blocks/01920_BoosterItemData.txt		signature only
1920	MergePuzzle	BoosterItemData	1928D6C	protected void .ctor() { }	MergePuzzle/BoosterItemData.cs	code/Il2CppDumper/type_blocks/01920_BoosterItemData.txt		signature only
1921	MergePuzzle	BubbleBoosterData	1928D74	public override List<BoardPositionEntity> GetAvailablePositions(BoardEntity boardEntity, EventEntity eventEntity, BoardData boardData, out string keySuffix) { }	MergePuzzle/BubbleBoosterData.cs	code/Il2CppDumper/type_blocks/01921_BubbleBoosterData.txt		signature only
1921	MergePuzzle	BubbleBoosterData	1929130	public void .ctor() { }	MergePuzzle/BubbleBoosterData.cs	code/Il2CppDumper/type_blocks/01921_BubbleBoosterData.txt		signature only
1922		LevelBoosterData.	1929C4C	private static void .cctor() { }	MergePuzzle/LevelBoosterData.cs	code/Il2CppDumper/type_blocks/01922_LevelBoosterData..txt		signature only
1922		LevelBoosterData.	1929CC0	public void .ctor() { }	MergePuzzle/LevelBoosterData.cs	code/Il2CppDumper/type_blocks/01922_LevelBoosterData..txt		signature only
1922		LevelBoosterData.	1929CC8	internal bool <GetAvailablePositions>b__1_0(BoardItemData match) { }	MergePuzzle/LevelBoosterData.cs	code/Il2CppDumper/type_blocks/01922_LevelBoosterData..txt		signature only
1923	MergePuzzle	LevelBoosterData	1929194	public override List<BoardPositionEntity> GetAvailablePositions(BoardEntity boardEntity, EventEntity eventEntity, BoardData boardData, out string keySuffix) { }	MergePuzzle/LevelBoosterData.cs	code/Il2CppDumper/type_blocks/01923_LevelBoosterData.txt		signature only
1923	MergePuzzle	LevelBoosterData	19299AC	public void .ctor() { }	MergePuzzle/LevelBoosterData.cs	code/Il2CppDumper/type_blocks/01923_LevelBoosterData.txt		signature only
1924	MergePuzzle	SpawnerSkipBoosterData	1929CEC	public override List<BoardPositionEntity> GetAvailablePositions(BoardEntity boardEntity, EventEntity eventEntity, BoardData boardData, out string keySuffix) { }	MergePuzzle/SpawnerSkipBoosterData.cs	code/Il2CppDumper/type_blocks/01924_SpawnerSkipBoosterData.txt		signature only
1924	MergePuzzle	SpawnerSkipBoosterData	192A27C	public bool IsValidForTutorial(BoardEntity boardEntity, BoardData boardData) { }	MergePuzzle/SpawnerSkipBoosterData.cs	code/Il2CppDumper/type_blocks/01924_SpawnerSkipBoosterData.txt		signature only
1924	MergePuzzle	SpawnerSkipBoosterData	192A4DC	public void .ctor() { }	MergePuzzle/SpawnerSkipBoosterData.cs	code/Il2CppDumper/type_blocks/01924_SpawnerSkipBoosterData.txt		signature only
1925	MergePuzzle	SplitBoosterData	192AC5C	public bool IsItemDataSplittable(BoardData boardData, BoardItemData itemData) { }	MergePuzzle/SplitBoosterData.cs	code/Il2CppDumper/type_blocks/01925_SplitBoosterData.txt		signature only
1925	MergePuzzle	SplitBoosterData	192AE04	public override List<BoardPositionEntity> GetAvailablePositions(BoardEntity boardEntity, EventEntity eventEntity, BoardData boardData, out string keySuffix) { }	MergePuzzle/SplitBoosterData.cs	code/Il2CppDumper/type_blocks/01925_SplitBoosterData.txt		signature only
1925	MergePuzzle	SplitBoosterData	192B40C	public void .ctor() { }	MergePuzzle/SplitBoosterData.cs	code/Il2CppDumper/type_blocks/01925_SplitBoosterData.txt		signature only
1931		BoosterItemController.	19308E0	public void .ctor(int <>1__state) { }	MergePuzzle/BoosterItemController.cs	code/Il2CppDumper/type_blocks/01931_BoosterItemController..txt		signature only
1931		BoosterItemController.	1931254	private void System.IDisposable.Dispose() { }	MergePuzzle/BoosterItemController.cs	code/Il2CppDumper/type_blocks/01931_BoosterItemController..txt		signature only
1931		BoosterItemController.	1931258	private bool MoveNext() { }	MergePuzzle/BoosterItemController.cs	code/Il2CppDumper/type_blocks/01931_BoosterItemController..txt		signature only
1931		BoosterItemController.	19314B4	private object System.Collections.Generic.IEnumerator<System.Object>.get_Current() { }	MergePuzzle/BoosterItemController.cs	code/Il2CppDumper/type_blocks/01931_BoosterItemController..txt		signature only
1931		BoosterItemController.	19314BC	private void System.Collections.IEnumerator.Reset() { }	MergePuzzle/BoosterItemController.cs	code/Il2CppDumper/type_blocks/01931_BoosterItemController..txt		signature only
1931		BoosterItemController.	1931500	private object System.Collections.IEnumerator.get_Current() { }	MergePuzzle/BoosterItemController.cs	code/Il2CppDumper/type_blocks/01931_BoosterItemController..txt		signature only
1932	MergePuzzle	BoosterItemController	192E4CC	public BoosterEntity get_BoosterEntity() { }	MergePuzzle/BoosterItemController.cs	code/Il2CppDumper/type_blocks/01932_BoosterItemController.txt		signature only
1932	MergePuzzle	BoosterItemController	192E4D4	public BoardController get_BoardController() { }	MergePuzzle/BoosterItemController.cs	code/Il2CppDumper/type_blocks/01932_BoosterItemController.txt		signature only
1932	MergePuzzle	BoosterItemController	192E53C	public int get_ID() { }	MergePuzzle/BoosterItemController.cs	code/Il2CppDumper/type_blocks/01932_BoosterItemController.txt		signature only
1932	MergePuzzle	BoosterItemController	192E558	public override void Start() { }	MergePuzzle/BoosterItemController.cs	code/Il2CppDumper/type_blocks/01932_BoosterItemController.txt		signature only
1932	MergePuzzle	BoosterItemController	192E5D8	public void Initialize(BoosterItemData boosterItemData, BoardEntity boardEntity, EventEntity eventEntity, BoardData boardData) { }	MergePuzzle/BoosterItemController.cs	code/Il2CppDumper/type_blocks/01932_BoosterItemController.txt		signature only
1932	MergePuzzle	BoosterItemController	192EA0C	public void UpdateUI(ItemController tutorialSpawn, bool blockTutorial = False, bool isLevelUp = False) { }	MergePuzzle/BoosterItemController.cs	code/Il2CppDumper/type_blocks/01932_BoosterItemController.txt		signature only
1932	MergePuzzle	BoosterItemController	192FBFC	public void OnBoosterClicked() { }	MergePuzzle/BoosterItemController.cs	code/Il2CppDumper/type_blocks/01932_BoosterItemController.txt		signature only
1932	MergePuzzle	BoosterItemController	192FDE0	public void ActivateBoosterParticle(bool isActivate) { }	MergePuzzle/BoosterItemController.cs	code/Il2CppDumper/type_blocks/01932_BoosterItemController.txt		signature only
1932	MergePuzzle	BoosterItemController	192FE28	private void ProcessBooster() { }	MergePuzzle/BoosterItemController.cs	code/Il2CppDumper/type_blocks/01932_BoosterItemController.txt		signature only
1932	MergePuzzle	BoosterItemController	1930240	public void OnEvent(EntityUpdateEvent.RewardAnimationStatusChange e) { }	MergePuzzle/BoosterItemController.cs	code/Il2CppDumper/type_blocks/01932_BoosterItemController.txt		signature only
1932	MergePuzzle	BoosterItemController	1930268	public void ArrangeControllerStatus(bool isReset) { }	MergePuzzle/BoosterItemController.cs	code/Il2CppDumper/type_blocks/01932_BoosterItemController.txt		signature only
1932	MergePuzzle	BoosterItemController	1930310	public void OnEvent(BoardEvent.BoosterUsed e) { }	MergePuzzle/BoosterItemController.cs	code/Il2CppDumper/type_blocks/01932_BoosterItemController.txt		signature only
1932	MergePuzzle	BoosterItemController	192FCFC	private void ThrowWarning() { }	MergePuzzle/BoosterItemController.cs	code/Il2CppDumper/type_blocks/01932_BoosterItemController.txt		signature only
1932	MergePuzzle	BoosterItemController	1930624	public void OnEvent(TaskEvent.LevelUpDismissed e) { }	MergePuzzle/BoosterItemController.cs	code/Il2CppDumper/type_blocks/01932_BoosterItemController.txt		signature only
1932	MergePuzzle	BoosterItemController	193064C	public void OnEvent(BoardEvent.RewardBoosterArrived e) { }	MergePuzzle/BoosterItemController.cs	code/Il2CppDumper/type_blocks/01932_BoosterItemController.txt		signature only
1932	MergePuzzle	BoosterItemController	192E948	private void SetCustomImageSize(BoosterItemData boosterItemData) { }	MergePuzzle/BoosterItemController.cs	code/Il2CppDumper/type_blocks/01932_BoosterItemController.txt		signature only
1932	MergePuzzle	BoosterItemController	1930808	public void OnEvent(BoardEvent.BoardItemRemoveFinished e) { }	MergePuzzle/BoosterItemController.cs	code/Il2CppDumper/type_blocks/01932_BoosterItemController.txt		signature only
1932	MergePuzzle	BoosterItemController	1930828	public void OnEvent(BoardEvent.MergeCompleted e) { }	MergePuzzle/BoosterItemController.cs	code/Il2CppDumper/type_blocks/01932_BoosterItemController.txt		signature only
1932	MergePuzzle	BoosterItemController	1930848	public void OnEvent(CameraEvent.CameraChangeCompleted e) { }	MergePuzzle/BoosterItemController.cs	code/Il2CppDumper/type_blocks/01932_BoosterItemController.txt		signature only
1932	MergePuzzle	BoosterItemController	1930868	private IEnumerator ProcessCameraChange() { }	MergePuzzle/BoosterItemController.cs	code/Il2CppDumper/type_blocks/01932_BoosterItemController.txt		signature only
1932	MergePuzzle	BoosterItemController	19308FC	public void OnEvent(BoardEvent.BoardItemPositionUpdateStart e) { }	MergePuzzle/BoosterItemController.cs	code/Il2CppDumper/type_blocks/01932_BoosterItemController.txt		signature only
1932	MergePuzzle	BoosterItemController	19309BC	public void OnEvent(BoardEvent.OnStateChange e) { }	MergePuzzle/BoosterItemController.cs	code/Il2CppDumper/type_blocks/01932_BoosterItemController.txt		signature only
1932	MergePuzzle	BoosterItemController	19309FC	public void OnEvent(EntityUpdateEvent.SeasonPassRewardUpdate e) { }	MergePuzzle/BoosterItemController.cs	code/Il2CppDumper/type_blocks/01932_BoosterItemController.txt		signature only
1932	MergePuzzle	BoosterItemController	1930A98	public void OnEvent(EntityUpdateEvent.LevelUpdateEntity e) { }	MergePuzzle/BoosterItemController.cs	code/Il2CppDumper/type_blocks/01932_BoosterItemController.txt		signature only
1932	MergePuzzle	BoosterItemController	1930AA4	public void OnEvent(BoardEvent.UpdateUIBooster e) { }	MergePuzzle/BoosterItemController.cs	code/Il2CppDumper/type_blocks/01932_BoosterItemController.txt		signature only
1932	MergePuzzle	BoosterItemController	1930A00	public void UpdateUIBooster() { }	MergePuzzle/BoosterItemController.cs	code/Il2CppDumper/type_blocks/01932_BoosterItemController.txt		signature only
1932	MergePuzzle	BoosterItemController	1930AA8	public void OnEvent(BoardEvent.MergeStart e) { }	MergePuzzle/BoosterItemController.cs	code/Il2CppDumper/type_blocks/01932_BoosterItemController.txt		signature only
1932	MergePuzzle	BoosterItemController	193104C	public void .ctor() { }	MergePuzzle/BoosterItemController.cs	code/Il2CppDumper/type_blocks/01932_BoosterItemController.txt		signature only
1932	MergePuzzle	BoosterItemController	19310B4	private bool <Initialize>b__33_0(BoosterEntity item) { }	MergePuzzle/BoosterItemController.cs	code/Il2CppDumper/type_blocks/01932_BoosterItemController.txt		signature only
1932	MergePuzzle	BoosterItemController	19310F4	private bool <UpdateUI>b__34_0(BoardPositionEntity pos) { }	MergePuzzle/BoosterItemController.cs	code/Il2CppDumper/type_blocks/01932_BoosterItemController.txt		signature only
1932	MergePuzzle	BoosterItemController	1931204	private bool <ProcessCameraChange>b__48_0(BalanceLevelRewardConfigModel.DiscoveryBoxConfigModel.DiscoveryRewardItemModel reward) { }	MergePuzzle/BoosterItemController.cs	code/Il2CppDumper/type_blocks/01932_BoosterItemController.txt		signature only
1946		InventoryEntity.InventorySpawnerEntity	1936190	public void .ctor() { }	MergePuzzle/InventoryEntity.cs	code/Il2CppDumper/type_blocks/01946_InventoryEntity.InventorySpawnerEntity.txt	ghidra_data_pseudocode.c	native pseudocode (unverified)
1947		InventoryEntity.ArchiveTaskEntity	193713C	public void .ctor() { }	MergePuzzle/InventoryEntity.cs	code/Il2CppDumper/type_blocks/01947_InventoryEntity.ArchiveTaskEntity.txt	ghidra_data_pseudocode.c	native pseudocode (unverified)
1947		InventoryEntity.ArchiveTaskEntity	1937144	public void .ctor(long endTimeSeconds, int linkId) { }	MergePuzzle/InventoryEntity.cs	code/Il2CppDumper/type_blocks/01947_InventoryEntity.ArchiveTaskEntity.txt	ghidra_data_pseudocode.c	native pseudocode (unverified)
1947		InventoryEntity.ArchiveTaskEntity	1937170	public bool IsActive() { }	MergePuzzle/InventoryEntity.cs	code/Il2CppDumper/type_blocks/01947_InventoryEntity.ArchiveTaskEntity.txt	ghidra_data_pseudocode.c	native pseudocode (unverified)
1947		InventoryEntity.ArchiveTaskEntity	193718C	public bool IsWaitingForInitializing() { }	MergePuzzle/InventoryEntity.cs	code/Il2CppDumper/type_blocks/01947_InventoryEntity.ArchiveTaskEntity.txt	ghidra_data_pseudocode.c	native pseudocode (unverified)
1947		InventoryEntity.ArchiveTaskEntity	19371AC	public bool IsWaitingForRemoval() { }	MergePuzzle/InventoryEntity.cs	code/Il2CppDumper/type_blocks/01947_InventoryEntity.ArchiveTaskEntity.txt	ghidra_data_pseudocode.c	native pseudocode (unverified)
1947		InventoryEntity.ArchiveTaskEntity	19371CC	public bool IsReadyForRemoval() { }	MergePuzzle/InventoryEntity.cs	code/Il2CppDumper/type_blocks/01947_InventoryEntity.ArchiveTaskEntity.txt	ghidra_data_pseudocode.c	native pseudocode (unverified)
1948		InventoryEntity.	1936188	public void .ctor() { }	MergePuzzle/InventoryEntity.cs	code/Il2CppDumper/type_blocks/01948_InventoryEntity..txt		signature only
1948		InventoryEntity.	19371F0	internal bool <AddToSpawnerInventory>b__0(InventoryEntity.InventorySpawnerEntity s) { }	MergePuzzle/InventoryEntity.cs	code/Il2CppDumper/type_blocks/01948_InventoryEntity..txt		signature only
1949		InventoryEntity.	1936648	public void .ctor() { }	MergePuzzle/InventoryEntity.cs	code/Il2CppDumper/type_blocks/01949_InventoryEntity..txt		signature only
1949		InventoryEntity.	1937220	internal bool <RemoveFromInventory>b__0(InventoryEntity.InventorySpawnerEntity ise) { }	MergePuzzle/InventoryEntity.cs	code/Il2CppDumper/type_blocks/01949_InventoryEntity..txt		signature only
1950		InventoryEntity.	1936950	public void .ctor() { }	MergePuzzle/InventoryEntity.cs	code/Il2CppDumper/type_blocks/01950_InventoryEntity..txt		signature only
1950		InventoryEntity.	1937270	internal bool <RemoveFromInventory>b__0(ItemEntity entity) { }	MergePuzzle/InventoryEntity.cs	code/Il2CppDumper/type_blocks/01950_InventoryEntity..txt		signature only
1951		InventoryEntity.	1937134	public void .ctor() { }	MergePuzzle/InventoryEntity.cs	code/Il2CppDumper/type_blocks/01951_InventoryEntity..txt		signature only
1951		InventoryEntity.	19372B4	internal bool <ToSpawnerInventory>b__0(InventoryEntity.InventorySpawnerEntity s) { }	MergePuzzle/InventoryEntity.cs	code/Il2CppDumper/type_blocks/01951_InventoryEntity..txt		signature only
1952	MergePuzzle	InventoryEntity	193514C	public void .ctor() { }	MergePuzzle/InventoryEntity.cs	code/Il2CppDumper/type_blocks/01952_InventoryEntity.txt		signature only
1952	MergePuzzle	InventoryEntity	1935154	public void .ctor(EventBoardConfigItem conf) { }	MergePuzzle/InventoryEntity.cs	code/Il2CppDumper/type_blocks/01952_InventoryEntity.txt		signature only
1952	MergePuzzle	InventoryEntity	19352C4	public void .ctor(BoardData boardData) { }	MergePuzzle/InventoryEntity.cs	code/Il2CppDumper/type_blocks/01952_InventoryEntity.txt		signature only
1952	MergePuzzle	InventoryEntity	1935434	public List<ItemEntity> PopIllegalSpawnerItems() { }	MergePuzzle/InventoryEntity.cs	code/Il2CppDumper/type_blocks/01952_InventoryEntity.txt	ghidra_flow_pseudocode.c	native pseudocode (unverified)
1952	MergePuzzle	InventoryEntity	19357A0	public void IncreaseInventorySize(int amount) { }	MergePuzzle/InventoryEntity.cs	code/Il2CppDumper/type_blocks/01952_InventoryEntity.txt	ghidra_flow_pseudocode.c	native pseudocode (unverified)
1952	MergePuzzle	InventoryEntity	19357BC	public void AddToInventory(ItemEntity entity) { }	MergePuzzle/InventoryEntity.cs	code/Il2CppDumper/type_blocks/01952_InventoryEntity.txt	ghidra_flow_pseudocode.c	native pseudocode (unverified)
1952	MergePuzzle	InventoryEntity	1935AB0	public List<ItemEntity> GetSpawnerInventoryItemEntities() { }	MergePuzzle/InventoryEntity.cs	code/Il2CppDumper/type_blocks/01952_InventoryEntity.txt	ghidra_flow_pseudocode.c	native pseudocode (unverified)
1952	MergePuzzle	InventoryEntity	1935D28	public void AddToSpawnerInventory(ItemEntity entity, ItemLinkModel itemLink, ItemChainManager itemChainManager) { }	MergePuzzle/InventoryEntity.cs	code/Il2CppDumper/type_blocks/01952_InventoryEntity.txt	ghidra_flow_pseudocode.c	native pseudocode (unverified)
1952	MergePuzzle	InventoryEntity	19359C8	public void AddBoardSlotFullCounter() { }	MergePuzzle/InventoryEntity.cs	code/Il2CppDumper/type_blocks/01952_InventoryEntity.txt	ghidra_flow_pseudocode.c	native pseudocode (unverified)
1952	MergePuzzle	InventoryEntity	1936198	private SlotFullCounter.BoardType GetFireSlotFullType() { }	MergePuzzle/InventoryEntity.cs	code/Il2CppDumper/type_blocks/01952_InventoryEntity.txt	ghidra_flow_pseudocode.c	native pseudocode (unverified)
1952	MergePuzzle	InventoryEntity	19361A0	public void RemoveFromInventoryWithGameplay(ItemEntity entity, bool spawnerInventory) { }	MergePuzzle/InventoryEntity.cs	code/Il2CppDumper/type_blocks/01952_InventoryEntity.txt	ghidra_flow_pseudocode.c	native pseudocode (unverified)
1952	MergePuzzle	InventoryEntity	193623C	public void RemoveFromInventory(ItemEntity entity, bool spawnerInventory) { }	MergePuzzle/InventoryEntity.cs	code/Il2CppDumper/type_blocks/01952_InventoryEntity.txt	ghidra_flow_pseudocode.c	native pseudocode (unverified)
1952	MergePuzzle	InventoryEntity	1936650	public void RemoveFromInventory(int setID, int level) { }	MergePuzzle/InventoryEntity.cs	code/Il2CppDumper/type_blocks/01952_InventoryEntity.txt	ghidra_flow_pseudocode.c	native pseudocode (unverified)
1952	MergePuzzle	InventoryEntity	1936958	public void RemoveFromInventory(int setID) { }	MergePuzzle/InventoryEntity.cs	code/Il2CppDumper/type_blocks/01952_InventoryEntity.txt	ghidra_flow_pseudocode.c	native pseudocode (unverified)
1952	MergePuzzle	InventoryEntity	1936B44	public void Reset() { }	MergePuzzle/InventoryEntity.cs	code/Il2CppDumper/type_blocks/01952_InventoryEntity.txt	ghidra_flow_pseudocode.c	native pseudocode (unverified)
1952	MergePuzzle	InventoryEntity	1936D14	public bool IsFull() { }	MergePuzzle/InventoryEntity.cs	code/Il2CppDumper/type_blocks/01952_InventoryEntity.txt	ghidra_flow_pseudocode.c	native pseudocode (unverified)
1952	MergePuzzle	InventoryEntity	19357B4	private void SendUpdateEvent() { }	MergePuzzle/InventoryEntity.cs	code/Il2CppDumper/type_blocks/01952_InventoryEntity.txt	ghidra_flow_pseudocode.c	native pseudocode (unverified)
1952	MergePuzzle	InventoryEntity	1936DD4	public bool ToSpawnerInventory(BoardItemData itemData) { }	MergePuzzle/InventoryEntity.cs	code/Il2CppDumper/type_blocks/01952_InventoryEntity.txt	ghidra_flow_pseudocode.c	native pseudocode (unverified)
1954	MergePuzzle	InventoryCell	193826C	public void OnInventoryCellClick() { }	MergePuzzle/InventoryCell.cs	code/Il2CppDumper/type_blocks/01954_InventoryCell.txt		signature only
1954	MergePuzzle	InventoryCell	1938620	private bool IsLockedAndIsLast() { }	MergePuzzle/InventoryCell.cs	code/Il2CppDumper/type_blocks/01954_InventoryCell.txt		signature only
1954	MergePuzzle	InventoryCell	1938694	public void OnInventoryInfoClick() { }	MergePuzzle/InventoryCell.cs	code/Il2CppDumper/type_blocks/01954_InventoryCell.txt		signature only
1954	MergePuzzle	InventoryCell	193874C	private void Initialize(BoardEntity boardEntity, ItemEntity itemEntity, BoardItemData boardItemData, EventEntity eventEntity, InventoryPopup inventoryPopup, int index) { }	MergePuzzle/InventoryCell.cs	code/Il2CppDumper/type_blocks/01954_InventoryCell.txt		signature only
1954	MergePuzzle	InventoryCell	19387B8	public void InitializeRegular(BoardData boardData, BoardEntity boardEntity, ItemEntity itemEntity, BoardItemData boardItemData, bool isLocked, int index, int unlockGemPrice, EventEntity eventEntity, InventoryPopup inventoryPopup) { }	MergePuzzle/InventoryCell.cs	code/Il2CppDumper/type_blocks/01954_InventoryCell.txt		signature only
1954	MergePuzzle	InventoryCell	1938CD4	public void InitializeSpawner(BoardEntity boardEntity, ItemEntity itemEntity, BoardItemData boardItemData, ItemLinkModel link, int index, EventEntity eventEntity, InventoryPopup inventoryPopup) { }	MergePuzzle/InventoryCell.cs	code/Il2CppDumper/type_blocks/01954_InventoryCell.txt		signature only
1954	MergePuzzle	InventoryCell	193859C	public InventoryEntity GetInventoryEntity() { }	MergePuzzle/InventoryCell.cs	code/Il2CppDumper/type_blocks/01954_InventoryCell.txt		signature only
1954	MergePuzzle	InventoryCell	1938928	public void UpdateUI() { }	MergePuzzle/InventoryCell.cs	code/Il2CppDumper/type_blocks/01954_InventoryCell.txt		signature only
1954	MergePuzzle	InventoryCell	193902C	public void SetItemParent(bool isEnabled) { }	MergePuzzle/InventoryCell.cs	code/Il2CppDumper/type_blocks/01954_InventoryCell.txt		signature only
1954	MergePuzzle	InventoryCell	19390B0	public void SetSpawnerParent(bool isEnabled) { }	MergePuzzle/InventoryCell.cs	code/Il2CppDumper/type_blocks/01954_InventoryCell.txt		signature only
1954	MergePuzzle	InventoryCell	19390DC	private void OnDestroy() { }	MergePuzzle/InventoryCell.cs	code/Il2CppDumper/type_blocks/01954_InventoryCell.txt		signature only
1954	MergePuzzle	InventoryCell	19390F8	public void .ctor() { }	MergePuzzle/InventoryCell.cs	code/Il2CppDumper/type_blocks/01954_InventoryCell.txt		signature only
1961		BoardTaskData.	19407D8	private static void .cctor() { }	MergePuzzle/BoardTaskData.cs	code/Il2CppDumper/type_blocks/01961_BoardTaskData..txt		signature only
1961		BoardTaskData.	194084C	public void .ctor() { }	MergePuzzle/BoardTaskData.cs	code/Il2CppDumper/type_blocks/01961_BoardTaskData..txt		signature only
1961		BoardTaskData.	1940854	internal bool <ArrangeRolloutFixCompletedTasks>b__11_0(BoardTaskItem item) { }	MergePuzzle/BoardTaskData.cs	code/Il2CppDumper/type_blocks/01961_BoardTaskData..txt		signature only
1962		BoardTaskData.	193F93C	public void .ctor() { }	MergePuzzle/BoardTaskData.cs	code/Il2CppDumper/type_blocks/01962_BoardTaskData..txt		signature only
1962		BoardTaskData.	1940894	internal bool <GetBoardTaskItem>b__0(BoardTaskItem item) { }	MergePuzzle/BoardTaskData.cs	code/Il2CppDumper/type_blocks/01962_BoardTaskData..txt		signature only
1963	MergePuzzle	BoardTaskData	193F810	public BoardTaskItem GetBoardTaskItem(int taskNo) { }	MergePuzzle/BoardTaskData.cs	code/Il2CppDumper/type_blocks/01963_BoardTaskData.txt		signature only
1963	MergePuzzle	BoardTaskData	193F9C0	public int GetLevelIncrease(int maxTaskLoop) { }	MergePuzzle/BoardTaskData.cs	code/Il2CppDumper/type_blocks/01963_BoardTaskData.txt		signature only
1963	MergePuzzle	BoardTaskData	193F944	public int GetModIndex(int taskNo) { }	MergePuzzle/BoardTaskData.cs	code/Il2CppDumper/type_blocks/01963_BoardTaskData.txt		signature only
1963	MergePuzzle	BoardTaskData	193FB4C	public bool IsModed(int taskNo) { }	MergePuzzle/BoardTaskData.cs	code/Il2CppDumper/type_blocks/01963_BoardTaskData.txt		signature only
1963	MergePuzzle	BoardTaskData	193FBC4	public int FindMissingXpBecauseOfUnknownIssues(LevelData levelData, BoardEntity boardEntity) { }	MergePuzzle/BoardTaskData.cs	code/Il2CppDumper/type_blocks/01963_BoardTaskData.txt		signature only
1963	MergePuzzle	BoardTaskData	193FD8C	public int ArrangeRolloutXp(BoardEntity boardEntity, LevelData levelData) { }	MergePuzzle/BoardTaskData.cs	code/Il2CppDumper/type_blocks/01963_BoardTaskData.txt		signature only
1963	MergePuzzle	BoardTaskData	193FE04	public void FixTotalXpAndLevelXp(BoardEntity boardEntity, LevelData levelData, int userTotalXpOld) { }	MergePuzzle/BoardTaskData.cs	code/Il2CppDumper/type_blocks/01963_BoardTaskData.txt		signature only
1963	MergePuzzle	BoardTaskData	1940624	public ValueTuple<int, int> FindClosestTaskBoundary(int targetTotalXP) { }	MergePuzzle/BoardTaskData.cs	code/Il2CppDumper/type_blocks/01963_BoardTaskData.txt		signature only
1963	MergePuzzle	BoardTaskData	1940250	private void ArrangeRolloutFixCompletedTasks(BoardEntity boardEntity, LevelData levelData, int totalXP) { }	MergePuzzle/BoardTaskData.cs	code/Il2CppDumper/type_blocks/01963_BoardTaskData.txt		signature only
1963	MergePuzzle	BoardTaskData	19407D0	public void .ctor() { }	MergePuzzle/BoardTaskData.cs	code/Il2CppDumper/type_blocks/01963_BoardTaskData.txt		signature only
1964		BoardTaskEntity.	1947B7C	private static void .cctor() { }	MergePuzzle/BoardTaskEntity.cs	code/Il2CppDumper/type_blocks/01964_BoardTaskEntity..txt		signature only
1964		BoardTaskEntity.	1947BF0	public void .ctor() { }	MergePuzzle/BoardTaskEntity.cs	code/Il2CppDumper/type_blocks/01964_BoardTaskEntity..txt		signature only
1964		BoardTaskEntity.	1947BF8	internal bool <GetAvailableTaskCellCount>b__83_0(BoardTaskItem item) { }	MergePuzzle/BoardTaskEntity.cs	code/Il2CppDumper/type_blocks/01964_BoardTaskEntity..txt		signature only
1964		BoardTaskEntity.	1947C20	internal bool <FillFromUpcomingTasks>b__86_1(BoardTaskItem t) { }	MergePuzzle/BoardTaskEntity.cs	code/Il2CppDumper/type_blocks/01964_BoardTaskEntity..txt		signature only
1964		BoardTaskEntity.	1947C44	internal bool <TransitionToLegacyMode>b__88_0(BoardTaskItem t) { }	MergePuzzle/BoardTaskEntity.cs	code/Il2CppDumper/type_blocks/01964_BoardTaskEntity..txt		signature only
1964		BoardTaskEntity.	1947C7C	internal bool <ArrangeActiveTasks>b__92_0(BoardTaskItem item) { }	MergePuzzle/BoardTaskEntity.cs	code/Il2CppDumper/type_blocks/01964_BoardTaskEntity..txt		signature only
1964		BoardTaskEntity.	1947C98	internal bool <GetDefaultActiveBoardTaskItems>b__99_0(BoardTaskItem el) { }	MergePuzzle/BoardTaskEntity.cs	code/Il2CppDumper/type_blocks/01964_BoardTaskEntity..txt		signature only
1964		BoardTaskEntity.	1947CC0	internal int <GetReadyToDoneTasks>b__100_1(BoardTaskItem task) { }	MergePuzzle/BoardTaskEntity.cs	code/Il2CppDumper/type_blocks/01964_BoardTaskEntity..txt		signature only
1965		BoardTaskEntity.	19479F4	public void .ctor() { }	MergePuzzle/BoardTaskEntity.cs	code/Il2CppDumper/type_blocks/01965_BoardTaskEntity..txt		signature only
1965		BoardTaskEntity.	1947CDC	internal bool <GetReadyToDoneTasks>b__0(BoardTaskItem task) { }	MergePuzzle/BoardTaskEntity.cs	code/Il2CppDumper/type_blocks/01965_BoardTaskEntity..txt		signature only
1966		BoardTaskEntity.	19411EC	public void .ctor() { }	MergePuzzle/BoardTaskEntity.cs	code/Il2CppDumper/type_blocks/01966_BoardTaskEntity..txt		signature only
1966		BoardTaskEntity.	1947FF0	internal bool <GetRatingForGroup>b__0(GroupRatingData g) { }	MergePuzzle/BoardTaskEntity.cs	code/Il2CppDumper/type_blocks/01966_BoardTaskEntity..txt		signature only
1967		BoardTaskEntity.	19424DC	public void .ctor() { }	MergePuzzle/BoardTaskEntity.cs	code/Il2CppDumper/type_blocks/01967_BoardTaskEntity..txt		signature only
1967		BoardTaskEntity.	1948020	internal bool <InitializeActiveTaskLogic>b__0(BoardTaskItem item) { }	MergePuzzle/BoardTaskEntity.cs	code/Il2CppDumper/type_blocks/01967_BoardTaskEntity..txt		signature only
1968		BoardTaskEntity.	19424E4	public void .ctor() { }	MergePuzzle/BoardTaskEntity.cs	code/Il2CppDumper/type_blocks/01968_BoardTaskEntity..txt		signature only
1968		BoardTaskEntity.	1948060	internal bool <InitializeActiveTaskLogic>b__1(BoardTaskItem item) { }	MergePuzzle/BoardTaskEntity.cs	code/Il2CppDumper/type_blocks/01968_BoardTaskEntity..txt		signature only
1969		BoardTaskEntity.	1944C60	public void .ctor() { }	MergePuzzle/BoardTaskEntity.cs	code/Il2CppDumper/type_blocks/01969_BoardTaskEntity..txt		signature only
1969		BoardTaskEntity.	19480A0	internal bool <FillFromUpcomingTasks>b__0(BoardTaskItem t) { }	MergePuzzle/BoardTaskEntity.cs	code/Il2CppDumper/type_blocks/01969_BoardTaskEntity..txt		signature only
1969		BoardTaskEntity.	19480E4	internal bool <FillFromUpcomingTasks>b__2(BoardTaskItem t) { }	MergePuzzle/BoardTaskEntity.cs	code/Il2CppDumper/type_blocks/01969_BoardTaskEntity..txt		signature only
1970		BoardTaskEntity.	194714C	public void .ctor() { }	MergePuzzle/BoardTaskEntity.cs	code/Il2CppDumper/type_blocks/01970_BoardTaskEntity..txt		signature only
1970		BoardTaskEntity.	1948124	internal bool <ArrangeActiveTasks>b__1(BoardTaskItem taskItem) { }	MergePuzzle/BoardTaskEntity.cs	code/Il2CppDumper/type_blocks/01970_BoardTaskEntity..txt		signature only
1971		BoardTaskEntity.	19471E4	public void .ctor() { }	MergePuzzle/BoardTaskEntity.cs	code/Il2CppDumper/type_blocks/01971_BoardTaskEntity..txt		signature only
1971		BoardTaskEntity.	1948154	internal bool <RemoveTask>b__0(BoardTaskItem item) { }	MergePuzzle/BoardTaskEntity.cs	code/Il2CppDumper/type_blocks/01971_BoardTaskEntity..txt		signature only
1971		BoardTaskEntity.	1948184	internal bool <RemoveTask>b__1(BoardTaskItem item) { }	MergePuzzle/BoardTaskEntity.cs	code/Il2CppDumper/type_blocks/01971_BoardTaskEntity..txt		signature only
1971		BoardTaskEntity.	19481B4	internal bool <RemoveTask>b__2(BoardTaskItem item) { }	MergePuzzle/BoardTaskEntity.cs	code/Il2CppDumper/type_blocks/01971_BoardTaskEntity..txt		signature only
1972		BoardTaskEntity.	19471EC	public void .ctor() { }	MergePuzzle/BoardTaskEntity.cs	code/Il2CppDumper/type_blocks/01972_BoardTaskEntity..txt		signature only
1972		BoardTaskEntity.	19481E4	internal bool <RemoveTask>b__0(BoardTaskItem item) { }	MergePuzzle/BoardTaskEntity.cs	code/Il2CppDumper/type_blocks/01972_BoardTaskEntity..txt		signature only
1972		BoardTaskEntity.	1948214	internal bool <RemoveTask>b__1(BoardTaskItem item) { }	MergePuzzle/BoardTaskEntity.cs	code/Il2CppDumper/type_blocks/01972_BoardTaskEntity..txt		signature only
1972		BoardTaskEntity.	1948244	internal bool <RemoveTask>b__2(BoardTaskItem item) { }	MergePuzzle/BoardTaskEntity.cs	code/Il2CppDumper/type_blocks/01972_BoardTaskEntity..txt		signature only
1973		BoardTaskEntity.	1948274	private void MoveNext() { }	MergePuzzle/BoardTaskEntity.cs	code/Il2CppDumper/type_blocks/01973_BoardTaskEntity..txt		signature only
1973		BoardTaskEntity.	1948C5C	private void SetStateMachine(IAsyncStateMachine stateMachine) { }	MergePuzzle/BoardTaskEntity.cs	code/Il2CppDumper/type_blocks/01973_BoardTaskEntity..txt		signature only
1974	MergePuzzle	BoardTaskEntity	19408C4	public LevelData get_LevelData() { }	MergePuzzle/BoardTaskEntity.cs	code/Il2CppDumper/type_blocks/01974_BoardTaskEntity.txt		signature only
1974	MergePuzzle	BoardTaskEntity	19408CC	public void .ctor(bool enableSpecialTask) { }	MergePuzzle/BoardTaskEntity.cs	code/Il2CppDumper/type_blocks/01974_BoardTaskEntity.txt		signature only
1974	MergePuzzle	BoardTaskEntity	1940D60	public void .ctor() { }	MergePuzzle/BoardTaskEntity.cs	code/Il2CppDumper/type_blocks/01974_BoardTaskEntity.txt		signature only
1974	MergePuzzle	BoardTaskEntity	19410E4	public GroupRatingData GetRatingForGroup(int groupId) { }	MergePuzzle/BoardTaskEntity.cs	code/Il2CppDumper/type_blocks/01974_BoardTaskEntity.txt		pseudocode omitted: peripheral method
1974	MergePuzzle	BoardTaskEntity	19411F4	public int GetActiveXpRating() { }	MergePuzzle/BoardTaskEntity.cs	code/Il2CppDumper/type_blocks/01974_BoardTaskEntity.txt		pseudocode omitted: peripheral method
1974	MergePuzzle	BoardTaskEntity	1941218	public int GetActiveTaskRating() { }	MergePuzzle/BoardTaskEntity.cs	code/Il2CppDumper/type_blocks/01974_BoardTaskEntity.txt		pseudocode omitted: peripheral method
1974	MergePuzzle	BoardTaskEntity	194123C	public void SetActiveRatings(int xpRating, int taskRating) { }	MergePuzzle/BoardTaskEntity.cs	code/Il2CppDumper/type_blocks/01974_BoardTaskEntity.txt		pseudocode omitted: peripheral method
1974	MergePuzzle	BoardTaskEntity	19413E8	public void MigrateToGroup(int newGroupId, int defaultXpRating, int defaultTaskRating) { }	MergePuzzle/BoardTaskEntity.cs	code/Il2CppDumper/type_blocks/01974_BoardTaskEntity.txt		pseudocode omitted: peripheral method
1974	MergePuzzle	BoardTaskEntity	19417C8	public int GetCompletedTaskCount() { }	MergePuzzle/BoardTaskEntity.cs	code/Il2CppDumper/type_blocks/01974_BoardTaskEntity.txt	ghidra_flow_pseudocode.c	native pseudocode (unverified)
1974	MergePuzzle	BoardTaskEntity	1941954	public int GetTotalCompletedTaskCountForAds() { }	MergePuzzle/BoardTaskEntity.cs	code/Il2CppDumper/type_blocks/01974_BoardTaskEntity.txt		pseudocode omitted: peripheral method
1974	MergePuzzle	BoardTaskEntity	19419D0	public int GetTotalCompletedTaskCount() { }	MergePuzzle/BoardTaskEntity.cs	code/Il2CppDumper/type_blocks/01974_BoardTaskEntity.txt	ghidra_flow_pseudocode.c	native pseudocode (unverified)
1974	MergePuzzle	BoardTaskEntity	1941A4C	public bool ChangeBoardTaskSegment(int taskSegment) { }	MergePuzzle/BoardTaskEntity.cs	code/Il2CppDumper/type_blocks/01974_BoardTaskEntity.txt		pseudocode omitted: peripheral method
1974	MergePuzzle	BoardTaskEntity	1941B00	public UniTask<bool> OptimizeCompletedTaskData() { }	MergePuzzle/BoardTaskEntity.cs	code/Il2CppDumper/type_blocks/01974_BoardTaskEntity.txt		pseudocode omitted: peripheral method
1974	MergePuzzle	BoardTaskEntity	1940718	public bool IsTaskCompleted(int taskNo) { }	MergePuzzle/BoardTaskEntity.cs	code/Il2CppDumper/type_blocks/01974_BoardTaskEntity.txt	ghidra_flow_pseudocode.c	native pseudocode (unverified)
1974	MergePuzzle	BoardTaskEntity	1941BFC	public void RemoveCompletedTask(int taskNo) { }	MergePuzzle/BoardTaskEntity.cs	code/Il2CppDumper/type_blocks/01974_BoardTaskEntity.txt	ghidra_flow_pseudocode.c	native pseudocode (unverified)
1974	MergePuzzle	BoardTaskEntity	1941C84	public int GetMaxCompletedBoardTask() { }	MergePuzzle/BoardTaskEntity.cs	code/Il2CppDumper/type_blocks/01974_BoardTaskEntity.txt	ghidra_flow_pseudocode.c	native pseudocode (unverified)
1974	MergePuzzle	BoardTaskEntity	1941D2C	private void InitializeActiveTaskLogic() { }	MergePuzzle/BoardTaskEntity.cs	code/Il2CppDumper/type_blocks/01974_BoardTaskEntity.txt	ghidra_flow_pseudocode.c	native pseudocode (unverified)
1974	MergePuzzle	BoardTaskEntity	19425BC	public void Initialize(BoardTaskData boardTaskData, LevelData levelData, BoardData boardData, BoardEntity boardEntity, EventEntity eventEntity) { }	MergePuzzle/BoardTaskEntity.cs	code/Il2CppDumper/type_blocks/01974_BoardTaskEntity.txt	ghidra_flow_pseudocode.c	native pseudocode (unverified)
1974	MergePuzzle	BoardTaskEntity	1943CB4	public List<BoardTaskItem> FindUpcomingTasks(BoardTaskItemController taskController, BoardTaskItem completedTask, BoardEntity boardEntity, EventEntity eventEntity) { }	MergePuzzle/BoardTaskEntity.cs	code/Il2CppDumper/type_blocks/01974_BoardTaskEntity.txt	ghidra_flow_pseudocode.c	native pseudocode (unverified)
1974	MergePuzzle	BoardTaskEntity	1943F18	private ValueTuple<List<BoardTaskItem>, bool> CompleteDefaultGameplayTask(BoardTaskItemController taskController, BoardTaskItem completedTask, BoardEntity boardEntity) { }	MergePuzzle/BoardTaskEntity.cs	code/Il2CppDumper/type_blocks/01974_BoardTaskEntity.txt	ghidra_flow_pseudocode.c	native pseudocode (unverified)
1974	MergePuzzle	BoardTaskEntity	1943FDC	public bool IsLevelUp(BoardTaskItem completedTask, BoardEntity boardEntity) { }	MergePuzzle/BoardTaskEntity.cs	code/Il2CppDumper/type_blocks/01974_BoardTaskEntity.txt	ghidra_flow_pseudocode.c	native pseudocode (unverified)
1974	MergePuzzle	BoardTaskEntity	1943E60	private ValueTuple<List<BoardTaskItem>, bool> CompleteEventTask(BoardTaskItemController taskController, BoardTaskItem completedTask, BoardEntity boardEntity, EventEntity eventEntity) { }	MergePuzzle/BoardTaskEntity.cs	code/Il2CppDumper/type_blocks/01974_BoardTaskEntity.txt	ghidra_flow_pseudocode.c	native pseudocode (unverified)
1974	MergePuzzle	BoardTaskEntity	1944068	public bool IsNextStep(BoardTaskItem completedTask, EventEntity eventEntity) { }	MergePuzzle/BoardTaskEntity.cs	code/Il2CppDumper/type_blocks/01974_BoardTaskEntity.txt	ghidra_flow_pseudocode.c	native pseudocode (unverified)
1974	MergePuzzle	BoardTaskEntity	19440DC	private bool AddToCompletedTasks(int taskNo, BoardTaskType boardTaskType) { }	MergePuzzle/BoardTaskEntity.cs	code/Il2CppDumper/type_blocks/01974_BoardTaskEntity.txt	ghidra_flow_pseudocode.c	native pseudocode (unverified)
1974	MergePuzzle	BoardTaskEntity	194079C	public bool AddCompletedTaskAndRemoveFromActiveTasks(int completedTaskNo, BoardTaskType boardTaskType, bool removeFromActiveTasks = True) { }	MergePuzzle/BoardTaskEntity.cs	code/Il2CppDumper/type_blocks/01974_BoardTaskEntity.txt	ghidra_flow_pseudocode.c	native pseudocode (unverified)
1974	MergePuzzle	BoardTaskEntity	194438C	public void RemoveTaskBasedOnType(BoardTaskType boardTaskType) { }	MergePuzzle/BoardTaskEntity.cs	code/Il2CppDumper/type_blocks/01974_BoardTaskEntity.txt	ghidra_flow_pseudocode.c	native pseudocode (unverified)
1974	MergePuzzle	BoardTaskEntity	194454C	private int FindTaskLoop(int taskNo, int taskMod) { }	MergePuzzle/BoardTaskEntity.cs	code/Il2CppDumper/type_blocks/01974_BoardTaskEntity.txt	ghidra_flow_pseudocode.c	native pseudocode (unverified)
1974	MergePuzzle	BoardTaskEntity	19445D4	private int FindMaxTaskLoop(HashSet<int> completedTaskIndexesUpdated, int taskMod) { }	MergePuzzle/BoardTaskEntity.cs	code/Il2CppDumper/type_blocks/01974_BoardTaskEntity.txt	ghidra_flow_pseudocode.c	native pseudocode (unverified)
1974	MergePuzzle	BoardTaskEntity	1944698	public int FindMaxTaskLoop(HashSet<int> completedTaskIndexesUpdated) { }	MergePuzzle/BoardTaskEntity.cs	code/Il2CppDumper/type_blocks/01974_BoardTaskEntity.txt	ghidra_flow_pseudocode.c	native pseudocode (unverified)
1974	MergePuzzle	BoardTaskEntity	194476C	public List<BoardTaskItem> FindActiveTasks(BoardTaskItem completedTask) { }	MergePuzzle/BoardTaskEntity.cs	code/Il2CppDumper/type_blocks/01974_BoardTaskEntity.txt	ghidra_flow_pseudocode.c	native pseudocode (unverified)
1974	MergePuzzle	BoardTaskEntity	19449F4	public int GetAvailableTaskCellCount(List<BoardTaskItem> activeTasks) { }	MergePuzzle/BoardTaskEntity.cs	code/Il2CppDumper/type_blocks/01974_BoardTaskEntity.txt	ghidra_flow_pseudocode.c	native pseudocode (unverified)
1974	MergePuzzle	BoardTaskEntity	1944B74	private BoardTaskHandler GetTaskHandler() { }	MergePuzzle/BoardTaskEntity.cs	code/Il2CppDumper/type_blocks/01974_BoardTaskEntity.txt	ghidra_flow_pseudocode.c	native pseudocode (unverified)
1974	MergePuzzle	BoardTaskEntity	19429A0	public List<BoardTaskItem> FillFromUpcomingTasks(BoardEntity boardEntity, int newLevel, BoardTaskItem completedTask) { }	MergePuzzle/BoardTaskEntity.cs	code/Il2CppDumper/type_blocks/01974_BoardTaskEntity.txt	ghidra_flow_pseudocode.c	native pseudocode (unverified)
1974	MergePuzzle	BoardTaskEntity	1944C68	private List<BoardTaskItem> FillFromLegacyTasks(BoardEntity boardEntity, BoardTaskItem completedTask) { }	MergePuzzle/BoardTaskEntity.cs	code/Il2CppDumper/type_blocks/01974_BoardTaskEntity.txt	ghidra_flow_pseudocode.c	native pseudocode (unverified)
1974	MergePuzzle	BoardTaskEntity	1944EC0	public void TransitionToLegacyMode(BoardEntity boardEntity, LevelData levelData) { }	MergePuzzle/BoardTaskEntity.cs	code/Il2CppDumper/type_blocks/01974_BoardTaskEntity.txt	ghidra_flow_pseudocode.c	native pseudocode (unverified)
1974	MergePuzzle	BoardTaskEntity	1946CA8	private ItemCollectionHandler GetItemCollectionHandler() { }	MergePuzzle/BoardTaskEntity.cs	code/Il2CppDumper/type_blocks/01974_BoardTaskEntity.txt	ghidra_flow_pseudocode.c	native pseudocode (unverified)
1974	MergePuzzle	BoardTaskEntity	1946674	private void FixIfActiveTasksEmpty(BoardEntity boardEntity, HashSet<int> completedTaskIndexesUpdated, int taskMod, List<BoardTaskItem> allTasksData, int startIndexMinus1, List<BoardTaskItem> tasksFound) { }	MergePuzzle/BoardTaskEntity.cs	code/Il2CppDumper/type_blocks/01974_BoardTaskEntity.txt	ghidra_flow_pseudocode.c	native pseudocode (unverified)
1974	MergePuzzle	BoardTaskEntity	1945CCC	private void ArrangeActiveTasks(BoardEntity boardEntity, int newLevel, int availableTaskCellCount, List<BoardTaskItem> allTasksData, int maxTaskLoop, int taskMod, int startIndexMinus1, HashSet<int> completedTaskIndexesUpdated, List<BoardTaskItem> activeTasksUpdated, List<BoardTaskItem> tasksFound, int loopLevelIncrease) { }	MergePuzzle/BoardTaskEntity.cs	code/Il2CppDumper/type_blocks/01974_BoardTaskEntity.txt	ghidra_flow_pseudocode.c	native pseudocode (unverified)
1974	MergePuzzle	BoardTaskEntity	1947154	public bool ArrangeXpAndRewardsOfTaskCompletion(BoardData boardData, BoardEntity boardEntity, EventEntity eventEntity, BoardTaskItem completedTask) { }	MergePuzzle/BoardTaskEntity.cs	code/Il2CppDumper/type_blocks/01974_BoardTaskEntity.txt	ghidra_flow_pseudocode.c	native pseudocode (unverified)
1974	MergePuzzle	BoardTaskEntity	19441D0	public void RemoveTask(int completedTaskNo) { }	MergePuzzle/BoardTaskEntity.cs	code/Il2CppDumper/type_blocks/01974_BoardTaskEntity.txt	ghidra_flow_pseudocode.c	native pseudocode (unverified)
1974	MergePuzzle	BoardTaskEntity	1944390	public void RemoveTask(BoardTaskType boardTaskType) { }	MergePuzzle/BoardTaskEntity.cs	code/Il2CppDumper/type_blocks/01974_BoardTaskEntity.txt	ghidra_flow_pseudocode.c	native pseudocode (unverified)
1974	MergePuzzle	BoardTaskEntity	19471F4	public void RemoveTask(BoardTaskItem boardTaskItem, bool saveBoard = False) { }	MergePuzzle/BoardTaskEntity.cs	code/Il2CppDumper/type_blocks/01974_BoardTaskEntity.txt	ghidra_flow_pseudocode.c	native pseudocode (unverified)
1974	MergePuzzle	BoardTaskEntity	1945A78	public HashSet<int> GetCompletedTaskIndexes() { }	MergePuzzle/BoardTaskEntity.cs	code/Il2CppDumper/type_blocks/01974_BoardTaskEntity.txt	ghidra_flow_pseudocode.c	native pseudocode (unverified)
1974	MergePuzzle	BoardTaskEntity	194727C	public int GetSmallestNonCompletedTaskNo() { }	MergePuzzle/BoardTaskEntity.cs	code/Il2CppDumper/type_blocks/01974_BoardTaskEntity.txt	ghidra_flow_pseudocode.c	native pseudocode (unverified)
1974	MergePuzzle	BoardTaskEntity	19476CC	public IEnumerable<BoardTaskItem> GetDefaultActiveBoardTaskItems() { }	MergePuzzle/BoardTaskEntity.cs	code/Il2CppDumper/type_blocks/01974_BoardTaskEntity.txt	ghidra_flow_pseudocode.c	native pseudocode (unverified)
1974	MergePuzzle	BoardTaskEntity	19477F4	public IEnumerable<int> GetReadyToDoneTasks(BoardEntity boardEntity) { }	MergePuzzle/BoardTaskEntity.cs	code/Il2CppDumper/type_blocks/01974_BoardTaskEntity.txt	ghidra_flow_pseudocode.c	native pseudocode (unverified)
1974	MergePuzzle	BoardTaskEntity	19479FC	private void <Initialize>b__70_0(IEventPointsOnBoardTaskHandler handler) { }	MergePuzzle/BoardTaskEntity.cs	code/Il2CppDumper/type_blocks/01974_BoardTaskEntity.txt	ghidra_flow_pseudocode.c	native pseudocode (unverified)
1974	MergePuzzle	BoardTaskEntity	1947ABC	private void <Initialize>b__70_1(IExtraRewardItemOnBoardTaskHandler handler) { }	MergePuzzle/BoardTaskEntity.cs	code/Il2CppDumper/type_blocks/01974_BoardTaskEntity.txt	ghidra_flow_pseudocode.c	native pseudocode (unverified)
1977		BoardTaskItem.	1949354	public void .ctor() { }	MergePuzzle/BoardTaskItem.cs	code/Il2CppDumper/type_blocks/01977_BoardTaskItem..txt		signature only
1977		BoardTaskItem.	1949E94	internal bool <ReadyToDone>b__0(BoardPositionEntity position) { }	MergePuzzle/BoardTaskItem.cs	code/Il2CppDumper/type_blocks/01977_BoardTaskItem..txt		signature only
1978		BoardTaskItem.	19498D0	public void .ctor() { }	MergePuzzle/BoardTaskItem.cs	code/Il2CppDumper/type_blocks/01978_BoardTaskItem..txt		signature only
1978		BoardTaskItem.	1949F34	internal bool <FindMissingItemForReadyToDone>b__0(BoardPositionEntity position) { }	MergePuzzle/BoardTaskItem.cs	code/Il2CppDumper/type_blocks/01978_BoardTaskItem..txt		signature only
1979		BoardTaskItem.	1949BB4	public void .ctor() { }	MergePuzzle/BoardTaskItem.cs	code/Il2CppDumper/type_blocks/01979_BoardTaskItem..txt		signature only
1979		BoardTaskItem.	1949FD4	internal bool <ReadyToDone>b__0(BoardPositionEntity position) { }	MergePuzzle/BoardTaskItem.cs	code/Il2CppDumper/type_blocks/01979_BoardTaskItem..txt		signature only
1980		BoardTaskItem.	1949D30	public void .ctor() { }	MergePuzzle/BoardTaskItem.cs	code/Il2CppDumper/type_blocks/01980_BoardTaskItem..txt		signature only
1980		BoardTaskItem.	194A058	internal bool <HasEventTaskInfo>b__0(FeatureExtraTaskInfoItem item) { }	MergePuzzle/BoardTaskItem.cs	code/Il2CppDumper/type_blocks/01980_BoardTaskItem..txt		signature only
1981	MergePuzzle	BoardTaskItem	1948CC8	public void .ctor() { }	MergePuzzle/BoardTaskItem.cs	code/Il2CppDumper/type_blocks/01981_BoardTaskItem.txt		signature only
1981	MergePuzzle	BoardTaskItem	1948CD8	public void .ctor(int taskNo, bool preCondition, int levelCondition, List<BoardTaskGoal> goals, int seasonPoint, int xp, int coinReward) { }	MergePuzzle/BoardTaskItem.cs	code/Il2CppDumper/type_blocks/01981_BoardTaskItem.txt		signature only
1981	MergePuzzle	BoardTaskItem	1942570	public void .ctor(SpecialTaskData specialTaskData) { }	MergePuzzle/BoardTaskItem.cs	code/Il2CppDumper/type_blocks/01981_BoardTaskItem.txt		signature only
1981	MergePuzzle	BoardTaskItem	1948D34	public void .ctor(TimeLimitedTaskData timeLimitedTaskData, int xp, List<BoardTaskGoal> boardTaskGoals, int coinReward, int gemReward, int seasonPoint) { }	MergePuzzle/BoardTaskItem.cs	code/Il2CppDumper/type_blocks/01981_BoardTaskItem.txt		signature only
1981	MergePuzzle	BoardTaskItem	19424EC	public void .ctor(int taskNo, BoardTaskItem sourceBoardTask, int loopLevelIncrease = 0) { }	MergePuzzle/BoardTaskItem.cs	code/Il2CppDumper/type_blocks/01981_BoardTaskItem.txt		signature only
1981	MergePuzzle	BoardTaskItem	1948DB0	public static BoardTaskItem GetDynamicBoardTaskItem(List<BoardTaskGoal> goals, int coinReward, long interval) { }	MergePuzzle/BoardTaskItem.cs	code/Il2CppDumper/type_blocks/01981_BoardTaskItem.txt	ghidra_flow_pseudocode.c	native pseudocode (unverified)
1981	MergePuzzle	BoardTaskItem	19490D4	public void SetGoals(List<BoardTaskGoal> goals) { }	MergePuzzle/BoardTaskItem.cs	code/Il2CppDumper/type_blocks/01981_BoardTaskItem.txt	ghidra_flow_pseudocode.c	native pseudocode (unverified)
1981	MergePuzzle	BoardTaskItem	1946D9C	public List<BoardTaskGoal> GetGoals() { }	MergePuzzle/BoardTaskItem.cs	code/Il2CppDumper/type_blocks/01981_BoardTaskItem.txt	ghidra_flow_pseudocode.c	native pseudocode (unverified)
1981	MergePuzzle	BoardTaskItem	1949108	public string GetFirebaseString() { }	MergePuzzle/BoardTaskItem.cs	code/Il2CppDumper/type_blocks/01981_BoardTaskItem.txt	ghidra_flow_pseudocode.c	native pseudocode (unverified)
1981	MergePuzzle	BoardTaskItem	194934C	public List<BoardTaskGoal> GetGoalsRaw() { }	MergePuzzle/BoardTaskItem.cs	code/Il2CppDumper/type_blocks/01981_BoardTaskItem.txt	ghidra_flow_pseudocode.c	native pseudocode (unverified)
1981	MergePuzzle	BoardTaskItem	1947D04	public bool ReadyToDone(BoardEntity boardEntity) { }	MergePuzzle/BoardTaskItem.cs	code/Il2CppDumper/type_blocks/01981_BoardTaskItem.txt	ghidra_flow_pseudocode.c	native pseudocode (unverified)
1981	MergePuzzle	BoardTaskItem	194935C	public List<int[]> FindMissingItemForReadyToDone(BoardEntity boardEntity) { }	MergePuzzle/BoardTaskItem.cs	code/Il2CppDumper/type_blocks/01981_BoardTaskItem.txt	ghidra_flow_pseudocode.c	native pseudocode (unverified)
1981	MergePuzzle	BoardTaskItem	19498D8	public bool ReadyToDone(EventEntity eventEntity) { }	MergePuzzle/BoardTaskItem.cs	code/Il2CppDumper/type_blocks/01981_BoardTaskItem.txt	ghidra_flow_pseudocode.c	native pseudocode (unverified)
1981	MergePuzzle	BoardTaskItem	1949BBC	public bool HasEventTaskInfo() { }	MergePuzzle/BoardTaskItem.cs	code/Il2CppDumper/type_blocks/01981_BoardTaskItem.txt	ghidra_flow_pseudocode.c	native pseudocode (unverified)
1981	MergePuzzle	BoardTaskItem	1949C24	public bool HasEventTaskInfo(int id) { }	MergePuzzle/BoardTaskItem.cs	code/Il2CppDumper/type_blocks/01981_BoardTaskItem.txt	ghidra_flow_pseudocode.c	native pseudocode (unverified)
1981	MergePuzzle	BoardTaskItem	1949D38	public int GetSeasonPoint() { }	MergePuzzle/BoardTaskItem.cs	code/Il2CppDumper/type_blocks/01981_BoardTaskItem.txt	ghidra_flow_pseudocode.c	native pseudocode (unverified)
1981	MergePuzzle	BoardTaskItem	1949E38	private static void .cctor() { }	MergePuzzle/BoardTaskItem.cs	code/Il2CppDumper/type_blocks/01981_BoardTaskItem.txt		signature only
1982	MergePuzzle	BoardTaskGoal	194A088	public void .ctor() { }	MergePuzzle/BoardTaskGoal.cs	code/Il2CppDumper/type_blocks/01982_BoardTaskGoal.txt		signature only
1982	MergePuzzle	BoardTaskGoal	19490DC	public void .ctor(int itemSet, int itemLevel, int quantity) { }	MergePuzzle/BoardTaskGoal.cs	code/Il2CppDumper/type_blocks/01982_BoardTaskGoal.txt		signature only
1991	MergePuzzle	RewardEntity	194A6F0	public void .ctor() { }	MergePuzzle/RewardEntity.cs	code/Il2CppDumper/type_blocks/01991_RewardEntity.txt		signature only
1991	MergePuzzle	RewardEntity	194A70C	public void .ctor(int setID, int level, RewardHistoryRecord historyRecord) { }	MergePuzzle/RewardEntity.cs	code/Il2CppDumper/type_blocks/01991_RewardEntity.txt		signature only
1991	MergePuzzle	RewardEntity	194A78C	public void .ctor(int setID, int level, int featureID, RewardHistoryRecord historyRecord) { }	MergePuzzle/RewardEntity.cs	code/Il2CppDumper/type_blocks/01991_RewardEntity.txt		signature only
1991	MergePuzzle	RewardEntity	194A814	private void .ctor(int setID, int level) { }	MergePuzzle/RewardEntity.cs	code/Il2CppDumper/type_blocks/01991_RewardEntity.txt		signature only
1991	MergePuzzle	RewardEntity	194A854	public void CreateEmptyHistoryEntityIfNull() { }	MergePuzzle/RewardEntity.cs	code/Il2CppDumper/type_blocks/01991_RewardEntity.txt		signature only
1991	MergePuzzle	RewardEntity	194A930	public bool IsFeature() { }	MergePuzzle/RewardEntity.cs	code/Il2CppDumper/type_blocks/01991_RewardEntity.txt		signature only
1991	MergePuzzle	RewardEntity	194A940	private RewardEntity.RewardType GetRewardType() { }	MergePuzzle/RewardEntity.cs	code/Il2CppDumper/type_blocks/01991_RewardEntity.txt		signature only
1991	MergePuzzle	RewardEntity	194AC38	public int CompareTo(RewardEntity other) { }	MergePuzzle/RewardEntity.cs	code/Il2CppDumper/type_blocks/01991_RewardEntity.txt		signature only
1991	MergePuzzle	RewardEntity	194ACF4	public static RewardEntity GetPickBoxEntity(ItemInfo itemInfo) { }	MergePuzzle/RewardEntity.cs	code/Il2CppDumper/type_blocks/01991_RewardEntity.txt		signature only
1991	MergePuzzle	RewardEntity	194AD5C	public RewardHistoryEntity GetRewardHistoryEntity() { }	MergePuzzle/RewardEntity.cs	code/Il2CppDumper/type_blocks/01991_RewardEntity.txt		signature only
2021	MergePuzzle	TaskEvent	194AD64	public void .ctor() { }	MergePuzzle/TaskEvent.cs	code/Il2CppDumper/type_blocks/02021_TaskEvent.txt		signature only
2049		BoardTaskController.	195FD60	private static void .cctor() { }	MergePuzzle/BoardTaskController.cs	code/Il2CppDumper/type_blocks/02049_BoardTaskController..txt		signature only
2049		BoardTaskController.	195FDD4	public void .ctor() { }	MergePuzzle/BoardTaskController.cs	code/Il2CppDumper/type_blocks/02049_BoardTaskController..txt		signature only
2049		BoardTaskController.	195FDDC	internal int <VerifyAndSpawnMissingTasks>b__42_0(BoardTaskItem t) { }	MergePuzzle/BoardTaskController.cs	code/Il2CppDumper/type_blocks/02049_BoardTaskController..txt		signature only
2049		BoardTaskController.	195FDF8	internal bool <IsDynamicTaskValidToSpawn>b__43_0(BoardTaskItem task) { }	MergePuzzle/BoardTaskController.cs	code/Il2CppDumper/type_blocks/02049_BoardTaskController..txt		signature only
2049		BoardTaskController.	195FE20	internal bool <GetSpecialTaskItemController>b__56_0(BoardTaskItemController item) { }	MergePuzzle/BoardTaskController.cs	code/Il2CppDumper/type_blocks/02049_BoardTaskController..txt		signature only
2049		BoardTaskController.	195FE84	internal bool <SendFirebaseEventsAfterTaskCompletion>b__75_0(BoardPositionEntity p) { }	MergePuzzle/BoardTaskController.cs	code/Il2CppDumper/type_blocks/02049_BoardTaskController..txt		signature only
2049		BoardTaskController.	195FEB8	internal string <SendFirebaseEventsAfterTaskCompletion>b__75_2(RegularReward r) { }	MergePuzzle/BoardTaskController.cs	code/Il2CppDumper/type_blocks/02049_BoardTaskController..txt		signature only
2049		BoardTaskController.	195FF90	internal bool <OnEvent>b__93_0(BoardTaskItem item) { }	MergePuzzle/BoardTaskController.cs	code/Il2CppDumper/type_blocks/02049_BoardTaskController..txt		signature only
2050		BoardTaskController.	195FFC0	public void .ctor() { }	MergePuzzle/BoardTaskController.cs	code/Il2CppDumper/type_blocks/02050_BoardTaskController..txt		signature only
2050		BoardTaskController.	195FFC8	internal void <SpawnDynamicTask>b__0(IEventPointsOnBoardTaskHandler handler) { }	MergePuzzle/BoardTaskController.cs	code/Il2CppDumper/type_blocks/02050_BoardTaskController..txt		signature only
2050		BoardTaskController.	1960088	internal void <SpawnDynamicTask>b__1(IExtraRewardItemOnBoardTaskHandler handler) { }	MergePuzzle/BoardTaskController.cs	code/Il2CppDumper/type_blocks/02050_BoardTaskController..txt		signature only
2051		BoardTaskController.	1960148	public void .ctor() { }	MergePuzzle/BoardTaskController.cs	code/Il2CppDumper/type_blocks/02051_BoardTaskController..txt		signature only
2051		BoardTaskController.	1960150	internal bool <VerifyAndSpawnMissingTasks>b__1(BoardTaskItemController c) { }	MergePuzzle/BoardTaskController.cs	code/Il2CppDumper/type_blocks/02051_BoardTaskController..txt		signature only
2052		BoardTaskController.	196023C	public void .ctor() { }	MergePuzzle/BoardTaskController.cs	code/Il2CppDumper/type_blocks/02052_BoardTaskController..txt		signature only
2052		BoardTaskController.	1960244	internal void <InitializeTasks>b__0() { }	MergePuzzle/BoardTaskController.cs	code/Il2CppDumper/type_blocks/02052_BoardTaskController..txt		signature only
2053		BoardTaskController.	1960264	public void .ctor() { }	MergePuzzle/BoardTaskController.cs	code/Il2CppDumper/type_blocks/02053_BoardTaskController..txt		signature only
2053		BoardTaskController.	196026C	internal bool <SpawnBoardTaskItems>b__0(BoardTaskItemController c) { }	MergePuzzle/BoardTaskController.cs	code/Il2CppDumper/type_blocks/02053_BoardTaskController..txt		signature only
2054		BoardTaskController.	1960348	public void .ctor() { }	MergePuzzle/BoardTaskController.cs	code/Il2CppDumper/type_blocks/02054_BoardTaskController..txt		signature only
2054		BoardTaskController.	1960350	internal bool <IsItemInTask>b__0(BoardTaskGoal boardTaskItem) { }	MergePuzzle/BoardTaskController.cs	code/Il2CppDumper/type_blocks/02054_BoardTaskController..txt		signature only
2055		BoardTaskController.	19603B4	public void .ctor() { }	MergePuzzle/BoardTaskController.cs	code/Il2CppDumper/type_blocks/02055_BoardTaskController..txt		signature only
2055		BoardTaskController.	19603BC	internal void <ProcessLevelUpDismissAndGenerateBoardTasks>b__0(IEventPointsOnBoardTaskHandler handler) { }	MergePuzzle/BoardTaskController.cs	code/Il2CppDumper/type_blocks/02055_BoardTaskController..txt		signature only
2055		BoardTaskController.	196047C	internal void <ProcessLevelUpDismissAndGenerateBoardTasks>b__1(IExtraRewardItemOnBoardTaskHandler handler) { }	MergePuzzle/BoardTaskController.cs	code/Il2CppDumper/type_blocks/02055_BoardTaskController..txt		signature only
2056		BoardTaskController.	196053C	public void .ctor() { }	MergePuzzle/BoardTaskController.cs	code/Il2CppDumper/type_blocks/02056_BoardTaskController..txt		signature only
2056		BoardTaskController.	1960544	internal bool <SetAddedTasksAfterTaskCompletion>b__0() { }	MergePuzzle/BoardTaskController.cs	code/Il2CppDumper/type_blocks/02056_BoardTaskController..txt		signature only
2056		BoardTaskController.	1960568	internal void <SetAddedTasksAfterTaskCompletion>b__1(IEventPointsOnBoardTaskHandler handler) { }	MergePuzzle/BoardTaskController.cs	code/Il2CppDumper/type_blocks/02056_BoardTaskController..txt		signature only
2056		BoardTaskController.	1960628	internal void <SetAddedTasksAfterTaskCompletion>b__2(IExtraRewardItemOnBoardTaskHandler handler) { }	MergePuzzle/BoardTaskController.cs	code/Il2CppDumper/type_blocks/02056_BoardTaskController..txt		signature only
2057		BoardTaskController.	19606E8	public void .ctor() { }	MergePuzzle/BoardTaskController.cs	code/Il2CppDumper/type_blocks/02057_BoardTaskController..txt		signature only
2057		BoardTaskController.	19606F0	internal void <OnEvent>b__1(IEventPointsOnBoardTaskHandler handler) { }	MergePuzzle/BoardTaskController.cs	code/Il2CppDumper/type_blocks/02057_BoardTaskController..txt		signature only
2057		BoardTaskController.	19607B0	internal void <OnEvent>b__2(IExtraRewardItemOnBoardTaskHandler handler) { }	MergePuzzle/BoardTaskController.cs	code/Il2CppDumper/type_blocks/02057_BoardTaskController..txt		signature only
2058		BoardTaskController.	1960870	private void MoveNext() { }	MergePuzzle/BoardTaskController.cs	code/Il2CppDumper/type_blocks/02058_BoardTaskController..txt		signature only
2058		BoardTaskController.	1961D18	private void SetStateMachine(IAsyncStateMachine stateMachine) { }	MergePuzzle/BoardTaskController.cs	code/Il2CppDumper/type_blocks/02058_BoardTaskController..txt		signature only
2059		BoardTaskController.	1961D24	private void MoveNext() { }	MergePuzzle/BoardTaskController.cs	code/Il2CppDumper/type_blocks/02059_BoardTaskController..txt		signature only
2059		BoardTaskController.	1962390	private void SetStateMachine(IAsyncStateMachine stateMachine) { }	MergePuzzle/BoardTaskController.cs	code/Il2CppDumper/type_blocks/02059_BoardTaskController..txt		signature only
2060		BoardTaskController.	19623F0	private void MoveNext() { }	MergePuzzle/BoardTaskController.cs	code/Il2CppDumper/type_blocks/02060_BoardTaskController..txt		signature only
2060		BoardTaskController.	1965AC0	private void SetStateMachine(IAsyncStateMachine stateMachine) { }	MergePuzzle/BoardTaskController.cs	code/Il2CppDumper/type_blocks/02060_BoardTaskController..txt		signature only
2061		BoardTaskController.	1965ACC	private void MoveNext() { }	MergePuzzle/BoardTaskController.cs	code/Il2CppDumper/type_blocks/02061_BoardTaskController..txt		signature only
2061		BoardTaskController.	1966568	private void SetStateMachine(IAsyncStateMachine stateMachine) { }	MergePuzzle/BoardTaskController.cs	code/Il2CppDumper/type_blocks/02061_BoardTaskController..txt		signature only
2062		BoardTaskController.	19665C8	private void MoveNext() { }	MergePuzzle/BoardTaskController.cs	code/Il2CppDumper/type_blocks/02062_BoardTaskController..txt		signature only
2062		BoardTaskController.	1968C44	private void SetStateMachine(IAsyncStateMachine stateMachine) { }	MergePuzzle/BoardTaskController.cs	code/Il2CppDumper/type_blocks/02062_BoardTaskController..txt		signature only
2063		BoardTaskController.	1968CA0	private void MoveNext() { }	MergePuzzle/BoardTaskController.cs	code/Il2CppDumper/type_blocks/02063_BoardTaskController..txt		signature only
2063		BoardTaskController.	1969C44	private void SetStateMachine(IAsyncStateMachine stateMachine) { }	MergePuzzle/BoardTaskController.cs	code/Il2CppDumper/type_blocks/02063_BoardTaskController..txt		signature only
2064		BoardTaskController.	1969C50	private void MoveNext() { }	MergePuzzle/BoardTaskController.cs	code/Il2CppDumper/type_blocks/02064_BoardTaskController..txt		signature only
2064		BoardTaskController.	196A608	private void SetStateMachine(IAsyncStateMachine stateMachine) { }	MergePuzzle/BoardTaskController.cs	code/Il2CppDumper/type_blocks/02064_BoardTaskController..txt		signature only
2065		BoardTaskController.	196A614	private void MoveNext() { }	MergePuzzle/BoardTaskController.cs	code/Il2CppDumper/type_blocks/02065_BoardTaskController..txt		signature only
2065		BoardTaskController.	196B2D4	private void SetStateMachine(IAsyncStateMachine stateMachine) { }	MergePuzzle/BoardTaskController.cs	code/Il2CppDumper/type_blocks/02065_BoardTaskController..txt		signature only
2066	MergePuzzle	BoardTaskController	19597B0	public bool get_IsSpawnReady() { }	MergePuzzle/BoardTaskController.cs	code/Il2CppDumper/type_blocks/02066_BoardTaskController.txt		signature only
2066	MergePuzzle	BoardTaskController	19597B8	public bool get_TasksSpawnLocked() { }	MergePuzzle/BoardTaskController.cs	code/Il2CppDumper/type_blocks/02066_BoardTaskController.txt		signature only
2066	MergePuzzle	BoardTaskController	19597C0	public long get_LastDynamicTaskDoneAt() { }	MergePuzzle/BoardTaskController.cs	code/Il2CppDumper/type_blocks/02066_BoardTaskController.txt		signature only
2066	MergePuzzle	BoardTaskController	19597C8	public void set_LastDynamicTaskDoneAt(long value) { }	MergePuzzle/BoardTaskController.cs	code/Il2CppDumper/type_blocks/02066_BoardTaskController.txt		signature only
2066	MergePuzzle	BoardTaskController	19597D8	public bool get_LockSpawningDynamicTask() { }	MergePuzzle/BoardTaskController.cs	code/Il2CppDumper/type_blocks/02066_BoardTaskController.txt		signature only
2066	MergePuzzle	BoardTaskController	19597E0	public void set_LockSpawningDynamicTask(bool value) { }	MergePuzzle/BoardTaskController.cs	code/Il2CppDumper/type_blocks/02066_BoardTaskController.txt		signature only
2066	MergePuzzle	BoardTaskController	194D52C	public List<BoardTaskItemController> get_BoardTaskItemControllers() { }	MergePuzzle/BoardTaskController.cs	code/Il2CppDumper/type_blocks/02066_BoardTaskController.txt		signature only
2066	MergePuzzle	BoardTaskController	19597E8	public TaskDoneHintHandler get_TaskDoneHintHandler() { }	MergePuzzle/BoardTaskController.cs	code/Il2CppDumper/type_blocks/02066_BoardTaskController.txt		signature only
2066	MergePuzzle	BoardTaskController	19597F0	private void set_TaskDoneHintHandler(TaskDoneHintHandler value) { }	MergePuzzle/BoardTaskController.cs	code/Il2CppDumper/type_blocks/02066_BoardTaskController.txt		signature only
2066	MergePuzzle	BoardTaskController	19597F8	public override void Awake() { }	MergePuzzle/BoardTaskController.cs	code/Il2CppDumper/type_blocks/02066_BoardTaskController.txt		signature only
2066	MergePuzzle	BoardTaskController	1959870	public override void Start() { }	MergePuzzle/BoardTaskController.cs	code/Il2CppDumper/type_blocks/02066_BoardTaskController.txt		signature only
2066	MergePuzzle	BoardTaskController	19598EC	public override void UpdateTick() { }	MergePuzzle/BoardTaskController.cs	code/Il2CppDumper/type_blocks/02066_BoardTaskController.txt		signature only
2066	MergePuzzle	BoardTaskController	1959BD0	private void CheckDynamicTaskSpawn() { }	MergePuzzle/BoardTaskController.cs	code/Il2CppDumper/type_blocks/02066_BoardTaskController.txt		signature only
2066	MergePuzzle	BoardTaskController	195A3A4	public bool IsScrollable() { }	MergePuzzle/BoardTaskController.cs	code/Il2CppDumper/type_blocks/02066_BoardTaskController.txt		signature only
2066	MergePuzzle	BoardTaskController	195A2E4	private UniTaskVoid SpawnDynamicTask(BalanceBoardTaskConfigModel taskConfig) { }	MergePuzzle/BoardTaskController.cs	code/Il2CppDumper/type_blocks/02066_BoardTaskController.txt		signature only
2066	MergePuzzle	BoardTaskController	195A3D0	public void SpawnTask(BoardTaskItem task) { }	MergePuzzle/BoardTaskController.cs	code/Il2CppDumper/type_blocks/02066_BoardTaskController.txt		signature only
2066	MergePuzzle	BoardTaskController	195A4A8	public void VerifyAndSpawnMissingTasks(List<BoardTaskItem> activeTasks) { }	MergePuzzle/BoardTaskController.cs	code/Il2CppDumper/type_blocks/02066_BoardTaskController.txt		signature only
2066	MergePuzzle	BoardTaskController	1959DC4	private bool IsDynamicTaskValidToSpawn(BalanceBoardTaskConfigModel taskConfig) { }	MergePuzzle/BoardTaskController.cs	code/Il2CppDumper/type_blocks/02066_BoardTaskController.txt		signature only
2066	MergePuzzle	BoardTaskController	195ABA4	public void OnEvent(TaskEvent.CreateTimeLimitedTask e) { }	MergePuzzle/BoardTaskController.cs	code/Il2CppDumper/type_blocks/02066_BoardTaskController.txt		signature only
2066	MergePuzzle	BoardTaskController	195B07C	public void OnEvent(TaskEvent.CheckTaskDiscoveryStatus e) { }	MergePuzzle/BoardTaskController.cs	code/Il2CppDumper/type_blocks/02066_BoardTaskController.txt		signature only
2066	MergePuzzle	BoardTaskController	195B454	private void InitializeTasks(List<BoardTaskItem> taskList, Action<bool> callback) { }	MergePuzzle/BoardTaskController.cs	code/Il2CppDumper/type_blocks/02066_BoardTaskController.txt		signature only
2066	MergePuzzle	BoardTaskController	194F634	public BoardTaskItemController InstantiateSpecialBoardTaskItemViaPopup(SpecialTaskInfo specialTaskInfo) { }	MergePuzzle/BoardTaskController.cs	code/Il2CppDumper/type_blocks/02066_BoardTaskController.txt		signature only
2066	MergePuzzle	BoardTaskController	194F804	public BoardTimeLimitedTaskItemController InstantiateTimeLimitedTaskItem(TimeLimitedTaskInfo timeLimitedTaskInfo) { }	MergePuzzle/BoardTaskController.cs	code/Il2CppDumper/type_blocks/02066_BoardTaskController.txt		signature only
2066	MergePuzzle	BoardTaskController	195B5FC	private BoardTaskEntity GetBoardTaskEntity() { }	MergePuzzle/BoardTaskController.cs	code/Il2CppDumper/type_blocks/02066_BoardTaskController.txt		signature only
2066	MergePuzzle	BoardTaskController	195AA78	private UniTask<bool> SpawnBoardTaskItems(List<BoardTaskItem> taskList, bool isInitialize = False, bool triggerInterstitial = False) { }	MergePuzzle/BoardTaskController.cs	code/Il2CppDumper/type_blocks/02066_BoardTaskController.txt		signature only
2066	MergePuzzle	BoardTaskController	195B630	public void OnEvent(TaskEvent.LastBoardTaskMovementFinished e) { }	MergePuzzle/BoardTaskController.cs	code/Il2CppDumper/type_blocks/02066_BoardTaskController.txt		signature only
2066	MergePuzzle	BoardTaskController	195B63C	private bool FinalizeTaskAddition(List<BoardTaskItemController> addedBoardTaskItemControllers, bool isInitialize) { }	MergePuzzle/BoardTaskController.cs	code/Il2CppDumper/type_blocks/02066_BoardTaskController.txt		signature only
2066	MergePuzzle	BoardTaskController	195B954	public void RefreshScrollableArea(bool refreshImmediate, ScrollableItem scrollableItem, int boardTaskNo = -1) { }	MergePuzzle/BoardTaskController.cs	code/Il2CppDumper/type_blocks/02066_BoardTaskController.txt		signature only
2066	MergePuzzle	BoardTaskController	195BA18	private void SetBoardEntity(BoardEntity boardEntity) { }	MergePuzzle/BoardTaskController.cs	code/Il2CppDumper/type_blocks/02066_BoardTaskController.txt		signature only
2066	MergePuzzle	BoardTaskController	195BA54	private void ArrangeRateUsNative(bool rateUsPopupWontBeShown, int completedTaskNo) { }	MergePuzzle/BoardTaskController.cs	code/Il2CppDumper/type_blocks/02066_BoardTaskController.txt		signature only
2066	MergePuzzle	BoardTaskController	195BCB8	public BoardTaskItemController GetSpecialTaskItemController() { }	MergePuzzle/BoardTaskController.cs	code/Il2CppDumper/type_blocks/02066_BoardTaskController.txt		signature only
2066	MergePuzzle	BoardTaskController	195BDF4	private UniTask<bool> ProcessTaskAddition(List<BoardTaskItem> newTasks, bool canInterstitialBeShown, BoardTaskItemController destroyItem) { }	MergePuzzle/BoardTaskController.cs	code/Il2CppDumper/type_blocks/02066_BoardTaskController.txt		signature only
2066	MergePuzzle	BoardTaskController	195BF40	public void SetInteractableScrollableItemsStatus(bool enable) { }	MergePuzzle/BoardTaskController.cs	code/Il2CppDumper/type_blocks/02066_BoardTaskController.txt		signature only
2066	MergePuzzle	BoardTaskController	195C064	public override void ArrangeClickable(bool isInteractable) { }	MergePuzzle/BoardTaskController.cs	code/Il2CppDumper/type_blocks/02066_BoardTaskController.txt		signature only
2066	MergePuzzle	BoardTaskController	195C258	private void ArrangeDoneUIInteractionForLevelup() { }	MergePuzzle/BoardTaskController.cs	code/Il2CppDumper/type_blocks/02066_BoardTaskController.txt		signature only
2066	MergePuzzle	BoardTaskController	195C404	private BoardTaskItemController GetCompletedTaskItemController(int removedItemIndex) { }	MergePuzzle/BoardTaskController.cs	code/Il2CppDumper/type_blocks/02066_BoardTaskController.txt		signature only
2066	MergePuzzle	BoardTaskController	195C4B4	private void KillCompletedTask(BoardTaskItemController itemToDestroy, bool destroyGameObject) { }	MergePuzzle/BoardTaskController.cs	code/Il2CppDumper/type_blocks/02066_BoardTaskController.txt		signature only
2066	MergePuzzle	BoardTaskController	195C5A8	public BoardController GetBoard() { }	MergePuzzle/BoardTaskController.cs	code/Il2CppDumper/type_blocks/02066_BoardTaskController.txt		signature only
2066	MergePuzzle	BoardTaskController	195C5C4	private UniTask<bool> SpawnTasksAsyncAfterLevelUpDismiss(List<BoardTaskItem> newTasks, bool isInitialize) { }	MergePuzzle/BoardTaskController.cs	code/Il2CppDumper/type_blocks/02066_BoardTaskController.txt		signature only
2066	MergePuzzle	BoardTaskController	195C6FC	public bool IsItemInTask(ItemEntity itemEntity) { }	MergePuzzle/BoardTaskController.cs	code/Il2CppDumper/type_blocks/02066_BoardTaskController.txt		signature only
2066	MergePuzzle	BoardTaskController	195CA4C	public TaskDoneHintHandler.TaskDoneTutorialHint ProcessTaskHandTapTutorialHint(float elapsedTime) { }	MergePuzzle/BoardTaskController.cs	code/Il2CppDumper/type_blocks/02066_BoardTaskController.txt		signature only
2066	MergePuzzle	BoardTaskController	195CB44	private void UpdateTasksUI() { }	MergePuzzle/BoardTaskController.cs	code/Il2CppDumper/type_blocks/02066_BoardTaskController.txt		signature only
2066	MergePuzzle	BoardTaskController	195CCE0	public void RefreshTaskViews() { }	MergePuzzle/BoardTaskController.cs	code/Il2CppDumper/type_blocks/02066_BoardTaskController.txt		signature only
2066	MergePuzzle	BoardTaskController	195CCE4	private UniTaskVoid ProcessTaskDoneBoardItemDisappearFinish(BoardTaskItem completedTaskItem) { }	MergePuzzle/BoardTaskController.cs	code/Il2CppDumper/type_blocks/02066_BoardTaskController.txt		signature only
2066	MergePuzzle	BoardTaskController	1953660	public void Initialize(BoardEvent.InitializeBoard e, Action<bool> callback) { }	MergePuzzle/BoardTaskController.cs	code/Il2CppDumper/type_blocks/02066_BoardTaskController.txt		signature only
2066	MergePuzzle	BoardTaskController	195CDB4	private void Inject() { }	MergePuzzle/BoardTaskController.cs	code/Il2CppDumper/type_blocks/02066_BoardTaskController.txt		signature only
2066	MergePuzzle	BoardTaskController	195CE98	private void ArrangeTempNewTasksForLevelUp() { }	MergePuzzle/BoardTaskController.cs	code/Il2CppDumper/type_blocks/02066_BoardTaskController.txt		signature only
2066	MergePuzzle	BoardTaskController	195D1DC	private void TryToShowInterstitial(bool canInterstitialBeShown, bool isDynamicTask) { }	MergePuzzle/BoardTaskController.cs	code/Il2CppDumper/type_blocks/02066_BoardTaskController.txt		signature only
2066	MergePuzzle	BoardTaskController	195D274	private int GetTaskIndex(int taskNo) { }	MergePuzzle/BoardTaskController.cs	code/Il2CppDumper/type_blocks/02066_BoardTaskController.txt		signature only
2066	MergePuzzle	BoardTaskController	195D374	public void SendFirebaseEventsAfterTaskCompletion(BoardTaskItem completedTask) { }	MergePuzzle/BoardTaskController.cs	code/Il2CppDumper/type_blocks/02066_BoardTaskController.txt		signature only
2066	MergePuzzle	BoardTaskController	195DDB4	private void CheckSeasonPointGetEvent(BoardTaskItem completedTask) { }	MergePuzzle/BoardTaskController.cs	code/Il2CppDumper/type_blocks/02066_BoardTaskController.txt		signature only
2066	MergePuzzle	BoardTaskController	195E0C8	private UniTaskVoid ProcessLevelUpDismissAndGenerateBoardTasks() { }	MergePuzzle/BoardTaskController.cs	code/Il2CppDumper/type_blocks/02066_BoardTaskController.txt		signature only
2066	MergePuzzle	BoardTaskController	195E174	public bool IsTickable(BoardTaskGoal boardTaskGoal) { }	MergePuzzle/BoardTaskController.cs	code/Il2CppDumper/type_blocks/02066_BoardTaskController.txt		signature only
2066	MergePuzzle	BoardTaskController	195E4D8	public bool IsDoneable(ItemInfo itemInfo) { }	MergePuzzle/BoardTaskController.cs	code/Il2CppDumper/type_blocks/02066_BoardTaskController.txt		signature only
2066	MergePuzzle	BoardTaskController	195E6DC	public UniTask<bool> SetAddedTasksAfterTaskCompletion(List<BoardTaskItem> addedTasks) { }	MergePuzzle/BoardTaskController.cs	code/Il2CppDumper/type_blocks/02066_BoardTaskController.txt		signature only
2066	MergePuzzle	BoardTaskController	195E808	private void ArrangeHotSales() { }	MergePuzzle/BoardTaskController.cs	code/Il2CppDumper/type_blocks/02066_BoardTaskController.txt		signature only
2066	MergePuzzle	BoardTaskController	195E818	private void UpdateBoardTasks() { }	MergePuzzle/BoardTaskController.cs	code/Il2CppDumper/type_blocks/02066_BoardTaskController.txt		signature only
2066	MergePuzzle	BoardTaskController	195E9E4	public bool IsOpenHotSalesIcon(BoardTaskGoal boardTaskGoal) { }	MergePuzzle/BoardTaskController.cs	code/Il2CppDumper/type_blocks/02066_BoardTaskController.txt		signature only
2066	MergePuzzle	BoardTaskController	195EA5C	public void OnEvent(TaskEvent.TaskDoneBoardTaskItemDisappearFinished e) { }	MergePuzzle/BoardTaskController.cs	code/Il2CppDumper/type_blocks/02066_BoardTaskController.txt		signature only
2066	MergePuzzle	BoardTaskController	195EA80	public void OnEvent(BoardEvent.DestroyItemAfterTaskComplete e) { }	MergePuzzle/BoardTaskController.cs	code/Il2CppDumper/type_blocks/02066_BoardTaskController.txt		signature only
2066	MergePuzzle	BoardTaskController	195EC64	public void OnEvent(EntityUpdateEvent.LevelUpdateEntity e) { }	MergePuzzle/BoardTaskController.cs	code/Il2CppDumper/type_blocks/02066_BoardTaskController.txt		signature only
2066	MergePuzzle	BoardTaskController	195EC70	public void OnEvent(TaskEvent.LevelUpDismissed e) { }	MergePuzzle/BoardTaskController.cs	code/Il2CppDumper/type_blocks/02066_BoardTaskController.txt		signature only
2066	MergePuzzle	BoardTaskController	195EC94	public void OnEvent(EntityUpdateEvent.LevelXPUpdate e) { }	MergePuzzle/BoardTaskController.cs	code/Il2CppDumper/type_blocks/02066_BoardTaskController.txt		signature only
2066	MergePuzzle	BoardTaskController	195ECA0	public void OnEvent(TaskEvent.TaskDoneProcessStarted e) { }	MergePuzzle/BoardTaskController.cs	code/Il2CppDumper/type_blocks/02066_BoardTaskController.txt		signature only
2066	MergePuzzle	BoardTaskController	195ECFC	public void OnEvent(CameraEvent.CameraChangedRequest e) { }	MergePuzzle/BoardTaskController.cs	code/Il2CppDumper/type_blocks/02066_BoardTaskController.txt		signature only
2066	MergePuzzle	BoardTaskController	195ED04	public void OnEvent(CameraEvent.CameraChangeCompleted e) { }	MergePuzzle/BoardTaskController.cs	code/Il2CppDumper/type_blocks/02066_BoardTaskController.txt		signature only
2066	MergePuzzle	BoardTaskController	195ED3C	public void OnEvent(TaskEvent.TaskDoneXPAndRewardAnimationsComplete e) { }	MergePuzzle/BoardTaskController.cs	code/Il2CppDumper/type_blocks/02066_BoardTaskController.txt		signature only
2066	MergePuzzle	BoardTaskController	195ED44	public void OnEvent(BoardEvent.FillUpcomingTasksAfterXPRollout e) { }	MergePuzzle/BoardTaskController.cs	code/Il2CppDumper/type_blocks/02066_BoardTaskController.txt		signature only
2066	MergePuzzle	BoardTaskController	195F1E0	public void OnEvent(SrDebuggerEvent.SpawnDynamicBoardTask e) { }	MergePuzzle/BoardTaskController.cs	code/Il2CppDumper/type_blocks/02066_BoardTaskController.txt		signature only
2066	MergePuzzle	BoardTaskController	195F228	public void OnEvent(RecurringEvent.ActivateEvent e) { }	MergePuzzle/BoardTaskController.cs	code/Il2CppDumper/type_blocks/02066_BoardTaskController.txt		signature only
2066	MergePuzzle	BoardTaskController	195F22C	public void OnEvent(RecurringEvent.InitializeEvent e) { }	MergePuzzle/BoardTaskController.cs	code/Il2CppDumper/type_blocks/02066_BoardTaskController.txt		signature only
2066	MergePuzzle	BoardTaskController	195F230	public void OnEvent(RecurringEvent.FinishEventOnUpdateTick e) { }	MergePuzzle/BoardTaskController.cs	code/Il2CppDumper/type_blocks/02066_BoardTaskController.txt		signature only
2066	MergePuzzle	BoardTaskController	195F418	public void OnEvent(TaskEvent.UpdateTaskUI e) { }	MergePuzzle/BoardTaskController.cs	code/Il2CppDumper/type_blocks/02066_BoardTaskController.txt		signature only
2066	MergePuzzle	BoardTaskController	195F41C	public void OnEvent(HotSalesEvents.SlotPurchased e) { }	MergePuzzle/BoardTaskController.cs	code/Il2CppDumper/type_blocks/02066_BoardTaskController.txt		signature only
2066	MergePuzzle	BoardTaskController	195F420	public void OnEvent(HotSalesEvents.Refresh e) { }	MergePuzzle/BoardTaskController.cs	code/Il2CppDumper/type_blocks/02066_BoardTaskController.txt		signature only
2066	MergePuzzle	BoardTaskController	195F430	public void OnEvent(HotSalesEvents.Activate e) { }	MergePuzzle/BoardTaskController.cs	code/Il2CppDumper/type_blocks/02066_BoardTaskController.txt		signature only
2066	MergePuzzle	BoardTaskController	195F440	public void OnEvent(MetaEvent.LastMetaAnimatedXPArrived e) { }	MergePuzzle/BoardTaskController.cs	code/Il2CppDumper/type_blocks/02066_BoardTaskController.txt		signature only
2066	MergePuzzle	BoardTaskController	195F448	public void .ctor() { }	MergePuzzle/BoardTaskController.cs	code/Il2CppDumper/type_blocks/02066_BoardTaskController.txt		signature only
2066	MergePuzzle	BoardTaskController	195F4AC	private bool <SpawnTask>b__41_0() { }	MergePuzzle/BoardTaskController.cs	code/Il2CppDumper/type_blocks/02066_BoardTaskController.txt		signature only
2066	MergePuzzle	BoardTaskController	195F4B4	private bool <SpawnBoardTaskItems>b__50_1() { }	MergePuzzle/BoardTaskController.cs	code/Il2CppDumper/type_blocks/02066_BoardTaskController.txt		signature only
2066	MergePuzzle	BoardTaskController	195F4BC	private bool <SendFirebaseEventsAfterTaskCompletion>b__75_1(BoardPositionEntity p) { }	MergePuzzle/BoardTaskController.cs	code/Il2CppDumper/type_blocks/02066_BoardTaskController.txt		signature only
2068		BoardTaskItemController.	19750C4	private static void .cctor() { }	MergePuzzle/BoardTaskItemController.cs	code/Il2CppDumper/type_blocks/02068_BoardTaskItemController..txt		signature only
2068		BoardTaskItemController.	1975138	public void .ctor() { }	MergePuzzle/BoardTaskItemController.cs	code/Il2CppDumper/type_blocks/02068_BoardTaskItemController..txt		signature only
2068		BoardTaskItemController.	1975140	internal bool <SendFirebaseEvent>b__67_0(BoardPositionEntity p) { }	MergePuzzle/BoardTaskItemController.cs	code/Il2CppDumper/type_blocks/02068_BoardTaskItemController..txt		signature only
2068		BoardTaskItemController.	1975174	internal string <SendFirebaseEvent>b__67_2(RegularReward r) { }	MergePuzzle/BoardTaskItemController.cs	code/Il2CppDumper/type_blocks/02068_BoardTaskItemController..txt		signature only
2068		BoardTaskItemController.	197524C	internal void <ProcessDoneClickBasedOnType>b__89_2(bool isFirstItem) { }	MergePuzzle/BoardTaskItemController.cs	code/Il2CppDumper/type_blocks/02068_BoardTaskItemController..txt		signature only
2068		BoardTaskItemController.	1975258	internal void <ProcessDoneClickBasedOnType>b__89_5(bool isFirstItem) { }	MergePuzzle/BoardTaskItemController.cs	code/Il2CppDumper/type_blocks/02068_BoardTaskItemController..txt		signature only
2068		BoardTaskItemController.	1975264	internal void <ProcessDoneClickBasedOnType>b__89_7(bool isFirstItem) { }	MergePuzzle/BoardTaskItemController.cs	code/Il2CppDumper/type_blocks/02068_BoardTaskItemController..txt		signature only
2068		BoardTaskItemController.	1975270	internal void <SetTaskProgressForFeatures>b__90_0(ITaskProgressHandler handler) { }	MergePuzzle/BoardTaskItemController.cs	code/Il2CppDumper/type_blocks/02068_BoardTaskItemController..txt		signature only
2069		BoardTaskItemController.	1974230	public void .ctor() { }	MergePuzzle/BoardTaskItemController.cs	code/Il2CppDumper/type_blocks/02069_BoardTaskItemController..txt		signature only
2069		BoardTaskItemController.	1975328	internal void <MoveAfterItemDisappearFinished>b__0() { }	MergePuzzle/BoardTaskItemController.cs	code/Il2CppDumper/type_blocks/02069_BoardTaskItemController..txt		signature only
2070		BoardTaskItemController.	1974238	public void .ctor() { }	MergePuzzle/BoardTaskItemController.cs	code/Il2CppDumper/type_blocks/02070_BoardTaskItemController..txt		signature only
2070		BoardTaskItemController.	19753BC	internal void <SetCharAnim>b__0(bool result) { }	MergePuzzle/BoardTaskItemController.cs	code/Il2CppDumper/type_blocks/02070_BoardTaskItemController..txt		signature only
2070		BoardTaskItemController.	19754C4	internal void <SetCharAnim>b__1(bool result) { }	MergePuzzle/BoardTaskItemController.cs	code/Il2CppDumper/type_blocks/02070_BoardTaskItemController..txt		signature only
2071		BoardTaskItemController.	19745D0	public void .ctor() { }	MergePuzzle/BoardTaskItemController.cs	code/Il2CppDumper/type_blocks/02071_BoardTaskItemController..txt		signature only
2071		BoardTaskItemController.	197551C	internal void <PlayDisappearCharAnim>b__0(TrackEntry entry) { }	MergePuzzle/BoardTaskItemController.cs	code/Il2CppDumper/type_blocks/02071_BoardTaskItemController..txt		signature only
2072		BoardTaskItemController.	197460C	public void .ctor() { }	MergePuzzle/BoardTaskItemController.cs	code/Il2CppDumper/type_blocks/02072_BoardTaskItemController..txt		signature only
2072		BoardTaskItemController.	1975548	internal void <PlayAppearCharAnim>b__0(TrackEntry entry) { }	MergePuzzle/BoardTaskItemController.cs	code/Il2CppDumper/type_blocks/02072_BoardTaskItemController..txt		signature only
2073		BoardTaskItemController.	1974CD8	public void .ctor() { }	MergePuzzle/BoardTaskItemController.cs	code/Il2CppDumper/type_blocks/02073_BoardTaskItemController..txt		signature only
2073		BoardTaskItemController.	1975568	internal void <OnEvent>b__0() { }	MergePuzzle/BoardTaskItemController.cs	code/Il2CppDumper/type_blocks/02073_BoardTaskItemController..txt		signature only
2073		BoardTaskItemController.	19755A0	internal void <OnEvent>b__1() { }	MergePuzzle/BoardTaskItemController.cs	code/Il2CppDumper/type_blocks/02073_BoardTaskItemController..txt		signature only
2074		BoardTaskItemController.	1975640	private void MoveNext() { }	MergePuzzle/BoardTaskItemController.cs	code/Il2CppDumper/type_blocks/02074_BoardTaskItemController..txt		signature only
2074		BoardTaskItemController.	19766B0	private void SetStateMachine(IAsyncStateMachine stateMachine) { }	MergePuzzle/BoardTaskItemController.cs	code/Il2CppDumper/type_blocks/02074_BoardTaskItemController..txt		signature only
2075		BoardTaskItemController.	197670C	private void MoveNext() { }	MergePuzzle/BoardTaskItemController.cs	code/Il2CppDumper/type_blocks/02075_BoardTaskItemController..txt		signature only
2075		BoardTaskItemController.	1976CB0	private void SetStateMachine(IAsyncStateMachine stateMachine) { }	MergePuzzle/BoardTaskItemController.cs	code/Il2CppDumper/type_blocks/02075_BoardTaskItemController..txt		signature only
2076		BoardTaskItemController.	1976D0C	private void MoveNext() { }	MergePuzzle/BoardTaskItemController.cs	code/Il2CppDumper/type_blocks/02076_BoardTaskItemController..txt		signature only
2076		BoardTaskItemController.	19791E4	private void SetStateMachine(IAsyncStateMachine stateMachine) { }	MergePuzzle/BoardTaskItemController.cs	code/Il2CppDumper/type_blocks/02076_BoardTaskItemController..txt		signature only
2077	MergePuzzle	BoardTaskItemController	195FE68	public BoardTaskItem get_BoardTaskItem() { }	MergePuzzle/BoardTaskItemController.cs	code/Il2CppDumper/type_blocks/02077_BoardTaskItemController.txt		signature only
2077	MergePuzzle	BoardTaskItemController	196B330	public BoardTaskType get_BoardTaskType() { }	MergePuzzle/BoardTaskItemController.cs	code/Il2CppDumper/type_blocks/02077_BoardTaskItemController.txt		signature only
2077	MergePuzzle	BoardTaskItemController	196B35C	public int get_ActiveCharAnimationIndex() { }	MergePuzzle/BoardTaskItemController.cs	code/Il2CppDumper/type_blocks/02077_BoardTaskItemController.txt		signature only
2077	MergePuzzle	BoardTaskItemController	196B378	public bool get_IsCompleted() { }	MergePuzzle/BoardTaskItemController.cs	code/Il2CppDumper/type_blocks/02077_BoardTaskItemController.txt		signature only
2077	MergePuzzle	BoardTaskItemController	196B394	public bool get_IsCharAnimInitialized() { }	MergePuzzle/BoardTaskItemController.cs	code/Il2CppDumper/type_blocks/02077_BoardTaskItemController.txt		signature only
2077	MergePuzzle	BoardTaskItemController	196B3B0	public bool get_IsDoneable() { }	MergePuzzle/BoardTaskItemController.cs	code/Il2CppDumper/type_blocks/02077_BoardTaskItemController.txt		signature only
2077	MergePuzzle	BoardTaskItemController	196B408	public BoardTaskItemCurrencyPanelView get_BoardTaskItemCurrencyPanelView() { }	MergePuzzle/BoardTaskItemController.cs	code/Il2CppDumper/type_blocks/02077_BoardTaskItemController.txt		signature only
2077	MergePuzzle	BoardTaskItemController	196B410	private bool get_IsSeasonAvailable() { }	MergePuzzle/BoardTaskItemController.cs	code/Il2CppDumper/type_blocks/02077_BoardTaskItemController.txt		signature only
2077	MergePuzzle	BoardTaskItemController	196B49C	public int get_NonAnimatedGoalItemCount() { }	MergePuzzle/BoardTaskItemController.cs	code/Il2CppDumper/type_blocks/02077_BoardTaskItemController.txt		signature only
2077	MergePuzzle	BoardTaskItemController	196B4B8	public void set_NonAnimatedGoalItemCount(int value) { }	MergePuzzle/BoardTaskItemController.cs	code/Il2CppDumper/type_blocks/02077_BoardTaskItemController.txt		signature only
2077	MergePuzzle	BoardTaskItemController	196B4D8	public override void Awake() { }	MergePuzzle/BoardTaskItemController.cs	code/Il2CppDumper/type_blocks/02077_BoardTaskItemController.txt		signature only
2077	MergePuzzle	BoardTaskItemController	196B62C	public override void Start() { }	MergePuzzle/BoardTaskItemController.cs	code/Il2CppDumper/type_blocks/02077_BoardTaskItemController.txt		signature only
2077	MergePuzzle	BoardTaskItemController	196B69C	public override void OnDestroy() { }	MergePuzzle/BoardTaskItemController.cs	code/Il2CppDumper/type_blocks/02077_BoardTaskItemController.txt		signature only
2077	MergePuzzle	BoardTaskItemController	196BB88	public override void UpdateTick() { }	MergePuzzle/BoardTaskItemController.cs	code/Il2CppDumper/type_blocks/02077_BoardTaskItemController.txt		signature only
2077	MergePuzzle	BoardTaskItemController	196BC28	private Canvas ReturnCanvas() { }	MergePuzzle/BoardTaskItemController.cs	code/Il2CppDumper/type_blocks/02077_BoardTaskItemController.txt		signature only
2077	MergePuzzle	BoardTaskItemController	196BCE0	public bool IsActiveInScene() { }	MergePuzzle/BoardTaskItemController.cs	code/Il2CppDumper/type_blocks/02077_BoardTaskItemController.txt		signature only
2077	MergePuzzle	BoardTaskItemController	196BD0C	public void ResetController() { }	MergePuzzle/BoardTaskItemController.cs	code/Il2CppDumper/type_blocks/02077_BoardTaskItemController.txt		signature only
2077	MergePuzzle	BoardTaskItemController	196BD10	public void ResetData() { }	MergePuzzle/BoardTaskItemController.cs	code/Il2CppDumper/type_blocks/02077_BoardTaskItemController.txt		signature only
2077	MergePuzzle	BoardTaskItemController	196BE4C	public virtual UniTask<bool> InitializeTaskItem(BoardTaskController boardTaskController, BoardTaskItem boardTaskItem, BoardEntity boardEntity, EventEntity eventEntity, BoardData boardData, bool isInitialize, bool isSpecialTask, bool isNewlyCreated = False, bool isAddedFromPopup = False) { }	MergePuzzle/BoardTaskItemController.cs	code/Il2CppDumper/type_blocks/02077_BoardTaskItemController.txt		signature only
2077	MergePuzzle	BoardTaskItemController	196BFD8	protected virtual void InitializeParameters(BoardTaskController boardTaskController, BoardTaskItem boardTaskItem, BoardEntity boardEntity, EventEntity eventEntity, BoardData boardData, int activeCharIndex) { }	MergePuzzle/BoardTaskItemController.cs	code/Il2CppDumper/type_blocks/02077_BoardTaskItemController.txt		signature only
2077	MergePuzzle	BoardTaskItemController	196D24C	public void UpdateTaskRewardUI() { }	MergePuzzle/BoardTaskItemController.cs	code/Il2CppDumper/type_blocks/02077_BoardTaskItemController.txt		signature only
2077	MergePuzzle	BoardTaskItemController	196D270	private void UpdateTaskRewardUI(bool seasonPassActive) { }	MergePuzzle/BoardTaskItemController.cs	code/Il2CppDumper/type_blocks/02077_BoardTaskItemController.txt		signature only
2077	MergePuzzle	BoardTaskItemController	196DE74	private ValueTuple<int, int> CalculateTaskRewards(bool seasonPassActive, out int activeRewardCount) { }	MergePuzzle/BoardTaskItemController.cs	code/Il2CppDumper/type_blocks/02077_BoardTaskItemController.txt		signature only
2077	MergePuzzle	BoardTaskItemController	196EAB0	public virtual void InitChar(int activeCharIndex, SkeletonDataAsset skeletonDataAsset) { }	MergePuzzle/BoardTaskItemController.cs	code/Il2CppDumper/type_blocks/02077_BoardTaskItemController.txt		signature only
2077	MergePuzzle	BoardTaskItemController	1968B58	public void InitSpecialChar(int taskNo, SkeletonDataAsset skeletonDataAsset) { }	MergePuzzle/BoardTaskItemController.cs	code/Il2CppDumper/type_blocks/02077_BoardTaskItemController.txt		signature only
2077	MergePuzzle	BoardTaskItemController	196EB80	private void SendFirebaseEvent(BoardData boardData, BoardTaskItem boardTaskItem) { }	MergePuzzle/BoardTaskItemController.cs	code/Il2CppDumper/type_blocks/02077_BoardTaskItemController.txt		signature only
2077	MergePuzzle	BoardTaskItemController	196F624	private static void SendHotSalesFirebaseEvents(BoardTaskItem boardTaskItem) { }	MergePuzzle/BoardTaskItemController.cs	code/Il2CppDumper/type_blocks/02077_BoardTaskItemController.txt		signature only
2077	MergePuzzle	BoardTaskItemController	196F934	public bool IsGoal(ItemInfo itemInfo) { }	MergePuzzle/BoardTaskItemController.cs	code/Il2CppDumper/type_blocks/02077_BoardTaskItemController.txt		signature only
2077	MergePuzzle	BoardTaskItemController	196FB68	private void ArrangeSpecialTask() { }	MergePuzzle/BoardTaskItemController.cs	code/Il2CppDumper/type_blocks/02077_BoardTaskItemController.txt		signature only
2077	MergePuzzle	BoardTaskItemController	196FDA0	public void OpenSpecialTaskRewardInfoPopup() { }	MergePuzzle/BoardTaskItemController.cs	code/Il2CppDumper/type_blocks/02077_BoardTaskItemController.txt		signature only
2077	MergePuzzle	BoardTaskItemController	196FEAC	private void GainSpecialTaskRewards(DailyRewardData rewardData) { }	MergePuzzle/BoardTaskItemController.cs	code/Il2CppDumper/type_blocks/02077_BoardTaskItemController.txt		signature only
2077	MergePuzzle	BoardTaskItemController	1970310	private void ClearSpecialTaskItems(SpecialTaskData specialTaskData) { }	MergePuzzle/BoardTaskItemController.cs	code/Il2CppDumper/type_blocks/02077_BoardTaskItemController.txt		signature only
2077	MergePuzzle	BoardTaskItemController	196D90C	private bool ArrangeTaskRewardIcons() { }	MergePuzzle/BoardTaskItemController.cs	code/Il2CppDumper/type_blocks/02077_BoardTaskItemController.txt		signature only
2077	MergePuzzle	BoardTaskItemController	1970DF4	public void UpdateSeasonPassData() { }	MergePuzzle/BoardTaskItemController.cs	code/Il2CppDumper/type_blocks/02077_BoardTaskItemController.txt		signature only
2077	MergePuzzle	BoardTaskItemController	19710AC	public bool TriggerTutorialSteps(bool isInitialize) { }	MergePuzzle/BoardTaskItemController.cs	code/Il2CppDumper/type_blocks/02077_BoardTaskItemController.txt		signature only
2077	MergePuzzle	BoardTaskItemController	196AE60	public void UpdateGoalUI(bool focus, bool refreshImmediate) { }	MergePuzzle/BoardTaskItemController.cs	code/Il2CppDumper/type_blocks/02077_BoardTaskItemController.txt		signature only
2077	MergePuzzle	BoardTaskItemController	1971210	private void ArrangeGoalUIScale(GameConfig gameConfig, BoardTaskGoal boardTaskGoal, GoalUI goalUI) { }	MergePuzzle/BoardTaskItemController.cs	code/Il2CppDumper/type_blocks/02077_BoardTaskItemController.txt		signature only
2077	MergePuzzle	BoardTaskItemController	19715F8	private void ResetGoalUIAndTickImages() { }	MergePuzzle/BoardTaskItemController.cs	code/Il2CppDumper/type_blocks/02077_BoardTaskItemController.txt		signature only
2077	MergePuzzle	BoardTaskItemController	196C660	private ValueTuple<bool, Dictionary<string, int>> ArrangeTaskDoneStatus(BoardTaskItem boardTaskItem, BoardEntity boardEntity, EventEntity eventEntity, bool focus, bool refreshImmediate) { }	MergePuzzle/BoardTaskItemController.cs	code/Il2CppDumper/type_blocks/02077_BoardTaskItemController.txt		signature only
2077	MergePuzzle	BoardTaskItemController	19717F4	public void GoalUIClicked(int goalIndex) { }	MergePuzzle/BoardTaskItemController.cs	code/Il2CppDumper/type_blocks/02077_BoardTaskItemController.txt		signature only
2077	MergePuzzle	BoardTaskItemController	19618F0	public void ArrangeComponentClickableStatuses(bool enable) { }	MergePuzzle/BoardTaskItemController.cs	code/Il2CppDumper/type_blocks/02077_BoardTaskItemController.txt		signature only
2077	MergePuzzle	BoardTaskItemController	1971BD4	private void PlayTaskDoneSound() { }	MergePuzzle/BoardTaskItemController.cs	code/Il2CppDumper/type_blocks/02077_BoardTaskItemController.txt		signature only
2077	MergePuzzle	BoardTaskItemController	1971BE4	private void ArrangeInputBlocker(bool enable) { }	MergePuzzle/BoardTaskItemController.cs	code/Il2CppDumper/type_blocks/02077_BoardTaskItemController.txt		signature only
2077	MergePuzzle	BoardTaskItemController	1971CD4	private bool IsTaskReadyToDone() { }	MergePuzzle/BoardTaskItemController.cs	code/Il2CppDumper/type_blocks/02077_BoardTaskItemController.txt		signature only
2077	MergePuzzle	BoardTaskItemController	196C5DC	public void ArrangeDoneUIActiveNess(bool active) { }	MergePuzzle/BoardTaskItemController.cs	code/Il2CppDumper/type_blocks/02077_BoardTaskItemController.txt		signature only
2077	MergePuzzle	BoardTaskItemController	1971DC8	public void DoneClicked() { }	MergePuzzle/BoardTaskItemController.cs	code/Il2CppDumper/type_blocks/02077_BoardTaskItemController.txt		signature only
2077	MergePuzzle	BoardTaskItemController	1971F24	protected virtual void TaskDoneAction() { }	MergePuzzle/BoardTaskItemController.cs	code/Il2CppDumper/type_blocks/02077_BoardTaskItemController.txt		signature only
2077	MergePuzzle	BoardTaskItemController	1971FE0	private UniTask<bool> ProcessDoneClickBasedOnType() { }	MergePuzzle/BoardTaskItemController.cs	code/Il2CppDumper/type_blocks/02077_BoardTaskItemController.txt		signature only
2077	MergePuzzle	BoardTaskItemController	19720F0	private void SetTaskProgressForFeatures(BoardController board) { }	MergePuzzle/BoardTaskItemController.cs	code/Il2CppDumper/type_blocks/02077_BoardTaskItemController.txt		signature only
2077	MergePuzzle	BoardTaskItemController	1972300	private void AddToCompletedTasks(BoardController board, BoardTaskItem completedTask) { }	MergePuzzle/BoardTaskItemController.cs	code/Il2CppDumper/type_blocks/02077_BoardTaskItemController.txt		signature only
2077	MergePuzzle	BoardTaskItemController	197254C	private ValueTuple<BoardTaskEntity, bool> ArrangeLevelUp() { }	MergePuzzle/BoardTaskItemController.cs	code/Il2CppDumper/type_blocks/02077_BoardTaskItemController.txt		signature only
2077	MergePuzzle	BoardTaskItemController	196BB8C	private void ArrangeGlow() { }	MergePuzzle/BoardTaskItemController.cs	code/Il2CppDumper/type_blocks/02077_BoardTaskItemController.txt		signature only
2077	MergePuzzle	BoardTaskItemController	1972684	private void SetGlowStatus(bool enable) { }	MergePuzzle/BoardTaskItemController.cs	code/Il2CppDumper/type_blocks/02077_BoardTaskItemController.txt		signature only
2077	MergePuzzle	BoardTaskItemController	1972864	private void ArrangeAllUIAndAnimations(bool refreshImmediate) { }	MergePuzzle/BoardTaskItemController.cs	code/Il2CppDumper/type_blocks/02077_BoardTaskItemController.txt		signature only
2077	MergePuzzle	BoardTaskItemController	1968BF8	public void SetVisibility(bool isVisible) { }	MergePuzzle/BoardTaskItemController.cs	code/Il2CppDumper/type_blocks/02077_BoardTaskItemController.txt		signature only
2077	MergePuzzle	BoardTaskItemController	196B6B8	public void DestroyAnimations() { }	MergePuzzle/BoardTaskItemController.cs	code/Il2CppDumper/type_blocks/02077_BoardTaskItemController.txt		signature only
2077	MergePuzzle	BoardTaskItemController	1972EB4	public void AnimateGoalUI(int goalUIIndex) { }	MergePuzzle/BoardTaskItemController.cs	code/Il2CppDumper/type_blocks/02077_BoardTaskItemController.txt		signature only
2077	MergePuzzle	BoardTaskItemController	1973318	public void TaskDoneBoardItemsMoveEvent(BoardTaskItem completedTask, bool isFirst) { }	MergePuzzle/BoardTaskItemController.cs	code/Il2CppDumper/type_blocks/02077_BoardTaskItemController.txt		signature only
2077	MergePuzzle	BoardTaskItemController	197356C	public GameObject GetSpecialTaskImage() { }	MergePuzzle/BoardTaskItemController.cs	code/Il2CppDumper/type_blocks/02077_BoardTaskItemController.txt		signature only
2077	MergePuzzle	BoardTaskItemController	19735A0	public void SetActiveSpecialTaskInfoIcon(bool active) { }	MergePuzzle/BoardTaskItemController.cs	code/Il2CppDumper/type_blocks/02077_BoardTaskItemController.txt		signature only
2077	MergePuzzle	BoardTaskItemController	1973608	public void SetLayoutElement(bool state) { }	MergePuzzle/BoardTaskItemController.cs	code/Il2CppDumper/type_blocks/02077_BoardTaskItemController.txt		signature only
2077	MergePuzzle	BoardTaskItemController	197363C	public void RemoveEventParentsAndRefresh(int id) { }	MergePuzzle/BoardTaskItemController.cs	code/Il2CppDumper/type_blocks/02077_BoardTaskItemController.txt		signature only
2077	MergePuzzle	BoardTaskItemController	197379C	public bool IsEvent() { }	MergePuzzle/BoardTaskItemController.cs	code/Il2CppDumper/type_blocks/02077_BoardTaskItemController.txt		signature only
2077	MergePuzzle	BoardTaskItemController	196E940	private void ProcessExtraItemReward() { }	MergePuzzle/BoardTaskItemController.cs	code/Il2CppDumper/type_blocks/02077_BoardTaskItemController.txt		signature only
2077	MergePuzzle	BoardTaskItemController	1973B18	public void PerformCameraChangeAnimation(bool appear) { }	MergePuzzle/BoardTaskItemController.cs	code/Il2CppDumper/type_blocks/02077_BoardTaskItemController.txt		signature only
2077	MergePuzzle	BoardTaskItemController	1973C5C	public void PlayIdleAnimation() { }	MergePuzzle/BoardTaskItemController.cs	code/Il2CppDumper/type_blocks/02077_BoardTaskItemController.txt		signature only
2077	MergePuzzle	BoardTaskItemController	1973D50	protected UniTask<bool> PerformInitAnimations(bool playAllAppearAnims) { }	MergePuzzle/BoardTaskItemController.cs	code/Il2CppDumper/type_blocks/02077_BoardTaskItemController.txt		signature only
2077	MergePuzzle	BoardTaskItemController	1973E60	public void ResetUI() { }	MergePuzzle/BoardTaskItemController.cs	code/Il2CppDumper/type_blocks/02077_BoardTaskItemController.txt		signature only
2077	MergePuzzle	BoardTaskItemController	1973F24	private bool ValidateStateChange(string state) { }	MergePuzzle/BoardTaskItemController.cs	code/Il2CppDumper/type_blocks/02077_BoardTaskItemController.txt		signature only
2077	MergePuzzle	BoardTaskItemController	19740E4	public void MoveAfterItemDisappearFinished(Vector3 targetPos, bool isLastTask) { }	MergePuzzle/BoardTaskItemController.cs	code/Il2CppDumper/type_blocks/02077_BoardTaskItemController.txt		signature only
2077	MergePuzzle	BoardTaskItemController	1971D84	private void SetDoneButtonAnimation(bool isActive) { }	MergePuzzle/BoardTaskItemController.cs	code/Il2CppDumper/type_blocks/02077_BoardTaskItemController.txt		signature only
2077	MergePuzzle	BoardTaskItemController	1972910	protected void SetCharAnim(string state, Action<bool> callback) { }	MergePuzzle/BoardTaskItemController.cs	code/Il2CppDumper/type_blocks/02077_BoardTaskItemController.txt		signature only
2077	MergePuzzle	BoardTaskItemController	19743AC	private void PlayDisappearCharAnim(Action<bool> completion) { }	MergePuzzle/BoardTaskItemController.cs	code/Il2CppDumper/type_blocks/02077_BoardTaskItemController.txt		signature only
2077	MergePuzzle	BoardTaskItemController	1974274	private void PlayAppearCharAnim(Action<bool> completion) { }	MergePuzzle/BoardTaskItemController.cs	code/Il2CppDumper/type_blocks/02077_BoardTaskItemController.txt		signature only
2077	MergePuzzle	BoardTaskItemController	19745D8	private TrackEntry SetAnimationInternal(string state, bool loop) { }	MergePuzzle/BoardTaskItemController.cs	code/Il2CppDumper/type_blocks/02077_BoardTaskItemController.txt		signature only
2077	MergePuzzle	BoardTaskItemController	1974240	private void ResetAnimationInternal(string state, bool loop) { }	MergePuzzle/BoardTaskItemController.cs	code/Il2CppDumper/type_blocks/02077_BoardTaskItemController.txt		signature only
2077	MergePuzzle	BoardTaskItemController	1974614	private TrackEntry SetAnimationImmediate(string state, bool loop, int timescale) { }	MergePuzzle/BoardTaskItemController.cs	code/Il2CppDumper/type_blocks/02077_BoardTaskItemController.txt		signature only
2077	MergePuzzle	BoardTaskItemController	19747A8	private TrackEntry AddAnimationImmediate(string state, bool loop) { }	MergePuzzle/BoardTaskItemController.cs	code/Il2CppDumper/type_blocks/02077_BoardTaskItemController.txt		signature only
2077	MergePuzzle	BoardTaskItemController	1973D10	private void ClearAnims() { }	MergePuzzle/BoardTaskItemController.cs	code/Il2CppDumper/type_blocks/02077_BoardTaskItemController.txt		signature only
2077	MergePuzzle	BoardTaskItemController	19744E4	private void PlayIdleCharAnim(bool happy, int trackIndex) { }	MergePuzzle/BoardTaskItemController.cs	code/Il2CppDumper/type_blocks/02077_BoardTaskItemController.txt		signature only
2077	MergePuzzle	BoardTaskItemController	1973288	public void ThrowParticle(Transform transform) { }	MergePuzzle/BoardTaskItemController.cs	code/Il2CppDumper/type_blocks/02077_BoardTaskItemController.txt		signature only
2077	MergePuzzle	BoardTaskItemController	1974900	public void OnEvent(SrDebuggerEvent.ShowDebugLayers e) { }	MergePuzzle/BoardTaskItemController.cs	code/Il2CppDumper/type_blocks/02077_BoardTaskItemController.txt		signature only
2077	MergePuzzle	BoardTaskItemController	1974940	public void OnEvent(MetaEvent.ActiveSeasonStatusChange e) { }	MergePuzzle/BoardTaskItemController.cs	code/Il2CppDumper/type_blocks/02077_BoardTaskItemController.txt		signature only
2077	MergePuzzle	BoardTaskItemController	197499C	public void OnEvent(EntityUpdateEvent.BoardItemStatusChange e) { }	MergePuzzle/BoardTaskItemController.cs	code/Il2CppDumper/type_blocks/02077_BoardTaskItemController.txt		signature only
2077	MergePuzzle	BoardTaskItemController	19749C8	public void OnEvent(TaskEvent.TaskLastCoinOut e) { }	MergePuzzle/BoardTaskItemController.cs	code/Il2CppDumper/type_blocks/02077_BoardTaskItemController.txt		signature only
2077	MergePuzzle	BoardTaskItemController	1974CE0	public void OnEvent(ItemRewardConvertEvent.UpdateRewardImages e) { }	MergePuzzle/BoardTaskItemController.cs	code/Il2CppDumper/type_blocks/02077_BoardTaskItemController.txt		signature only
2077	MergePuzzle	BoardTaskItemController	1974D00	public void OnEvent(TaskEvent.TaskUpdateRewardUI e) { }	MergePuzzle/BoardTaskItemController.cs	code/Il2CppDumper/type_blocks/02077_BoardTaskItemController.txt		signature only
2077	MergePuzzle	BoardTaskItemController	1974D20	public void .ctor() { }	MergePuzzle/BoardTaskItemController.cs	code/Il2CppDumper/type_blocks/02077_BoardTaskItemController.txt		signature only
2077	MergePuzzle	BoardTaskItemController	1974D88	private static void .cctor() { }	MergePuzzle/BoardTaskItemController.cs	code/Il2CppDumper/type_blocks/02077_BoardTaskItemController.txt		signature only
2077	MergePuzzle	BoardTaskItemController	1974DDC	private bool <UpdateTaskRewardUI>b__63_0(IEventPointsOnBoardTaskHandler handler) { }	MergePuzzle/BoardTaskItemController.cs	code/Il2CppDumper/type_blocks/02077_BoardTaskItemController.txt		signature only
2077	MergePuzzle	BoardTaskItemController	1974EAC	private bool <SendFirebaseEvent>b__67_1(BoardPositionEntity p) { }	MergePuzzle/BoardTaskItemController.cs	code/Il2CppDumper/type_blocks/02077_BoardTaskItemController.txt		signature only
2077	MergePuzzle	BoardTaskItemController	1974F10	private bool <ProcessDoneClickBasedOnType>b__89_0() { }	MergePuzzle/BoardTaskItemController.cs	code/Il2CppDumper/type_blocks/02077_BoardTaskItemController.txt		signature only
2077	MergePuzzle	BoardTaskItemController	1974F34	private void <ProcessDoneClickBasedOnType>b__89_1(RecurringEventHandlerBase handler) { }	MergePuzzle/BoardTaskItemController.cs	code/Il2CppDumper/type_blocks/02077_BoardTaskItemController.txt		signature only
2077	MergePuzzle	BoardTaskItemController	1974F78	private bool <ProcessDoneClickBasedOnType>b__89_3(BoardTaskItem item) { }	MergePuzzle/BoardTaskItemController.cs	code/Il2CppDumper/type_blocks/02077_BoardTaskItemController.txt		signature only
2077	MergePuzzle	BoardTaskItemController	1974FD4	private void <ProcessDoneClickBasedOnType>b__89_4(RecurringEventHandlerBase handler) { }	MergePuzzle/BoardTaskItemController.cs	code/Il2CppDumper/type_blocks/02077_BoardTaskItemController.txt		signature only
2077	MergePuzzle	BoardTaskItemController	1975018	private void <ProcessDoneClickBasedOnType>b__89_6(RecurringEventHandlerBase handler) { }	MergePuzzle/BoardTaskItemController.cs	code/Il2CppDumper/type_blocks/02077_BoardTaskItemController.txt		signature only
2077	MergePuzzle	BoardTaskItemController	197505C	private void <PerformInitAnimations>b__108_0() { }	MergePuzzle/BoardTaskItemController.cs	code/Il2CppDumper/type_blocks/02077_BoardTaskItemController.txt		signature only
2098		SellButtonController.	197F01C	public void .ctor() { }	MergePuzzle/SellButtonController.cs	code/Il2CppDumper/type_blocks/02098_SellButtonController..txt		signature only
2098		SellButtonController.	197F284	internal void <OnEvent>b__0() { }	MergePuzzle/SellButtonController.cs	code/Il2CppDumper/type_blocks/02098_SellButtonController..txt		signature only
2099		SellButtonController.	197F628	private void MoveNext() { }	MergePuzzle/SellButtonController.cs	code/Il2CppDumper/type_blocks/02099_SellButtonController..txt		signature only
2099		SellButtonController.	197FABC	private void SetStateMachine(IAsyncStateMachine stateMachine) { }	MergePuzzle/SellButtonController.cs	code/Il2CppDumper/type_blocks/02099_SellButtonController..txt		signature only
2100	MergePuzzle	SellButtonController	197D554	private BoardController get_BoardController() { }	MergePuzzle/SellButtonController.cs	code/Il2CppDumper/type_blocks/02100_SellButtonController.txt		signature only
2100	MergePuzzle	SellButtonController	197D5BC	private GameplayNonScaledCanvasView get_GameplayNonScaledCanvasView() { }	MergePuzzle/SellButtonController.cs	code/Il2CppDumper/type_blocks/02100_SellButtonController.txt		signature only
2100	MergePuzzle	SellButtonController	197D624	private ItemController get__item() { }	MergePuzzle/SellButtonController.cs	code/Il2CppDumper/type_blocks/02100_SellButtonController.txt		signature only
2100	MergePuzzle	SellButtonController	197D718	private BoardEntity get__boardEntity() { }	MergePuzzle/SellButtonController.cs	code/Il2CppDumper/type_blocks/02100_SellButtonController.txt		signature only
2100	MergePuzzle	SellButtonController	197D7D0	public override void OnEnable() { }	MergePuzzle/SellButtonController.cs	code/Il2CppDumper/type_blocks/02100_SellButtonController.txt		signature only
2100	MergePuzzle	SellButtonController	197D628	private ItemController GetSelectedItem() { }	MergePuzzle/SellButtonController.cs	code/Il2CppDumper/type_blocks/02100_SellButtonController.txt		signature only
2100	MergePuzzle	SellButtonController	197D82C	private void SetSellItem(ItemController itemController) { }	MergePuzzle/SellButtonController.cs	code/Il2CppDumper/type_blocks/02100_SellButtonController.txt		signature only
2100	MergePuzzle	SellButtonController	197D868	private void ResetSellItem() { }	MergePuzzle/SellButtonController.cs	code/Il2CppDumper/type_blocks/02100_SellButtonController.txt		signature only
2100	MergePuzzle	SellButtonController	197D894	public void UndoClicked() { }	MergePuzzle/SellButtonController.cs	code/Il2CppDumper/type_blocks/02100_SellButtonController.txt		signature only
2100	MergePuzzle	SellButtonController	197D898	private void ProcessUndo() { }	MergePuzzle/SellButtonController.cs	code/Il2CppDumper/type_blocks/02100_SellButtonController.txt		signature only
2100	MergePuzzle	SellButtonController	197DBA4	private void ProcessNonUndo() { }	MergePuzzle/SellButtonController.cs	code/Il2CppDumper/type_blocks/02100_SellButtonController.txt		signature only
2100	MergePuzzle	SellButtonController	197DB60	private void ResetButtons() { }	MergePuzzle/SellButtonController.cs	code/Il2CppDumper/type_blocks/02100_SellButtonController.txt		signature only
2100	MergePuzzle	SellButtonController	197DD04	private void ShowPrice() { }	MergePuzzle/SellButtonController.cs	code/Il2CppDumper/type_blocks/02100_SellButtonController.txt		signature only
2100	MergePuzzle	SellButtonController	197DB2C	public bool IsUndoUp() { }	MergePuzzle/SellButtonController.cs	code/Il2CppDumper/type_blocks/02100_SellButtonController.txt		signature only
2100	MergePuzzle	SellButtonController	197DE54	private UniTaskVoid ArrangeClickable() { }	MergePuzzle/SellButtonController.cs	code/Il2CppDumper/type_blocks/02100_SellButtonController.txt		signature only
2100	MergePuzzle	SellButtonController	197DEFC	public void OnClick() { }	MergePuzzle/SellButtonController.cs	code/Il2CppDumper/type_blocks/02100_SellButtonController.txt		signature only
2100	MergePuzzle	SellButtonController	197E21C	private bool PreventSell() { }	MergePuzzle/SellButtonController.cs	code/Il2CppDumper/type_blocks/02100_SellButtonController.txt		signature only
2100	MergePuzzle	SellButtonController	197E388	private void Inject() { }	MergePuzzle/SellButtonController.cs	code/Il2CppDumper/type_blocks/02100_SellButtonController.txt		signature only
2100	MergePuzzle	SellButtonController	197E460	private void UpdateUI() { }	MergePuzzle/SellButtonController.cs	code/Il2CppDumper/type_blocks/02100_SellButtonController.txt		signature only
2100	MergePuzzle	SellButtonController	197E680	private void SetButtonState(SellButtonController.ButtonState state) { }	MergePuzzle/SellButtonController.cs	code/Il2CppDumper/type_blocks/02100_SellButtonController.txt		signature only
2100	MergePuzzle	SellButtonController	197DE18	private bool IsLevelEnoughForSellButton() { }	MergePuzzle/SellButtonController.cs	code/Il2CppDumper/type_blocks/02100_SellButtonController.txt		signature only
2100	MergePuzzle	SellButtonController	197E688	private bool IsNearestButtonSell(Movable movable) { }	MergePuzzle/SellButtonController.cs	code/Il2CppDumper/type_blocks/02100_SellButtonController.txt		signature only
2100	MergePuzzle	SellButtonController	197DB40	private BoardType GetBoardType() { }	MergePuzzle/SellButtonController.cs	code/Il2CppDumper/type_blocks/02100_SellButtonController.txt		signature only
2100	MergePuzzle	SellButtonController	197E1CC	public void ThrowWarning(Vector3 pos, string warningText) { }	MergePuzzle/SellButtonController.cs	code/Il2CppDumper/type_blocks/02100_SellButtonController.txt		signature only
2100	MergePuzzle	SellButtonController	197E794	public void OnEvent(BoardEvent.SellItemTrial e) { }	MergePuzzle/SellButtonController.cs	code/Il2CppDumper/type_blocks/02100_SellButtonController.txt		signature only
2100	MergePuzzle	SellButtonController	197F024	public void OnEvent(BoardEvent.BoardPositionSelection e) { }	MergePuzzle/SellButtonController.cs	code/Il2CppDumper/type_blocks/02100_SellButtonController.txt		signature only
2100	MergePuzzle	SellButtonController	197F0FC	public void OnEvent(BoardEvent.InitializeBoard e) { }	MergePuzzle/SellButtonController.cs	code/Il2CppDumper/type_blocks/02100_SellButtonController.txt		signature only
2100	MergePuzzle	SellButtonController	197F114	public void OnEvent(MetaEvent.TutorialTrigger e) { }	MergePuzzle/SellButtonController.cs	code/Il2CppDumper/type_blocks/02100_SellButtonController.txt		signature only
2100	MergePuzzle	SellButtonController	197F154	public void OnEvent(CanvasEvent.UndoClicked e) { }	MergePuzzle/SellButtonController.cs	code/Il2CppDumper/type_blocks/02100_SellButtonController.txt		signature only
2100	MergePuzzle	SellButtonController	197F158	public void OnEvent(BoardEvent.Merge e) { }	MergePuzzle/SellButtonController.cs	code/Il2CppDumper/type_blocks/02100_SellButtonController.txt		signature only
2100	MergePuzzle	SellButtonController	197F1C0	public void OnEvent(CanvasEvent.NonUndoClicked e) { }	MergePuzzle/SellButtonController.cs	code/Il2CppDumper/type_blocks/02100_SellButtonController.txt		signature only
2100	MergePuzzle	SellButtonController	197F1D8	public void OnEvent(TaskEvent.LevelUpDismissed e) { }	MergePuzzle/SellButtonController.cs	code/Il2CppDumper/type_blocks/02100_SellButtonController.txt		signature only
2100	MergePuzzle	SellButtonController	197F1DC	public void OnEvent(BoardEvent.ResetSellButton e) { }	MergePuzzle/SellButtonController.cs	code/Il2CppDumper/type_blocks/02100_SellButtonController.txt		signature only
2100	MergePuzzle	SellButtonController	197F1E0	public void OnEvent(BoardEvent.ActiveInfoItemChange e) { }	MergePuzzle/SellButtonController.cs	code/Il2CppDumper/type_blocks/02100_SellButtonController.txt		signature only
2100	MergePuzzle	SellButtonController	197F1E4	public void OnEvent(HoverEvent.SellItemHoverIn e) { }	MergePuzzle/SellButtonController.cs	code/Il2CppDumper/type_blocks/02100_SellButtonController.txt		signature only
2100	MergePuzzle	SellButtonController	197F1E8	public void OnEvent(DragCollisionButtonStays e) { }	MergePuzzle/SellButtonController.cs	code/Il2CppDumper/type_blocks/02100_SellButtonController.txt		signature only
2100	MergePuzzle	SellButtonController	197F1EC	public void OnEvent(HoverEvent.SellItemHoverOut e) { }	MergePuzzle/SellButtonController.cs	code/Il2CppDumper/type_blocks/02100_SellButtonController.txt		signature only
2100	MergePuzzle	SellButtonController	197F1F0	public void .ctor() { }	MergePuzzle/SellButtonController.cs	code/Il2CppDumper/type_blocks/02100_SellButtonController.txt		signature only
2234		MetaData.	19B2358	private static void .cctor() { }	MergePuzzle/MetaData.cs	code/Il2CppDumper/type_blocks/02234_MetaData..txt		signature only
2234		MetaData.	19B23CC	public void .ctor() { }	MergePuzzle/MetaData.cs	code/Il2CppDumper/type_blocks/02234_MetaData..txt		signature only
2234		MetaData.	19B23D4	internal int <UpdateMetaLevelIfRequired>b__19_0(MetaTaskItemData item) { }	MergePuzzle/MetaData.cs	code/Il2CppDumper/type_blocks/02234_MetaData..txt		signature only
2234		MetaData.	19B23F0	internal int <GetRevealTaskForLevel>b__20_1(MetaTaskItemData item) { }	MergePuzzle/MetaData.cs	code/Il2CppDumper/type_blocks/02234_MetaData..txt		signature only
2234		MetaData.	19B240C	internal int <GetRevealTaskNoForLevel>b__21_1(MetaTaskItemData item) { }	MergePuzzle/MetaData.cs	code/Il2CppDumper/type_blocks/02234_MetaData..txt		signature only
2234		MetaData.	19B2428	internal int <GetActiveMetaTaskItem>b__22_2(MetaTaskItem item) { }	MergePuzzle/MetaData.cs	code/Il2CppDumper/type_blocks/02234_MetaData..txt		signature only
2234		MetaData.	19B2444	internal int <GetActiveMetaTaskItem>b__22_0(MetaTaskItem item) { }	MergePuzzle/MetaData.cs	code/Il2CppDumper/type_blocks/02234_MetaData..txt		signature only
2234		MetaData.	19B2460	internal int <GetActiveMetaTaskItems>b__23_1(MetaTaskItem item) { }	MergePuzzle/MetaData.cs	code/Il2CppDumper/type_blocks/02234_MetaData..txt		signature only
2235		MetaData.	19B0ED8	public void .ctor() { }	MergePuzzle/MetaData.cs	code/Il2CppDumper/type_blocks/02235_MetaData..txt		signature only
2235		MetaData.	19B247C	internal bool <SetMetaTaskData>b__0(MetaTaskItemData item) { }	MergePuzzle/MetaData.cs	code/Il2CppDumper/type_blocks/02235_MetaData..txt		signature only
2236		MetaData.	19B12FC	public void .ctor() { }	MergePuzzle/MetaData.cs	code/Il2CppDumper/type_blocks/02236_MetaData..txt		signature only
2236		MetaData.	19B24E0	internal void <GetCompletedMetaTaskSkinsOfLevel>b__0(string item) { }	MergePuzzle/MetaData.cs	code/Il2CppDumper/type_blocks/02236_MetaData..txt		signature only
2236		MetaData.	19B254C	internal void <GetCompletedMetaTaskSkinsOfLevel>b__1(string item) { }	MergePuzzle/MetaData.cs	code/Il2CppDumper/type_blocks/02236_MetaData..txt		signature only
2237		MetaData.	19B1A94	public void .ctor() { }	MergePuzzle/MetaData.cs	code/Il2CppDumper/type_blocks/02237_MetaData..txt		signature only
2237		MetaData.	19B25B8	internal bool <GetMetaCharacter>b__0(MetaVisitData item) { }	MergePuzzle/MetaData.cs	code/Il2CppDumper/type_blocks/02237_MetaData..txt		signature only
2238		MetaData.	19B1A9C	public void .ctor() { }	MergePuzzle/MetaData.cs	code/Il2CppDumper/type_blocks/02238_MetaData..txt		signature only
2238		MetaData.	19B25E8	internal bool <GetMetaTaskItem>b__0(MetaTaskItem item) { }	MergePuzzle/MetaData.cs	code/Il2CppDumper/type_blocks/02238_MetaData..txt		signature only
2239		MetaData.	19B1AA4	public void .ctor() { }	MergePuzzle/MetaData.cs	code/Il2CppDumper/type_blocks/02239_MetaData..txt		signature only
2239		MetaData.	19B262C	internal bool <GetMetaTaskItemsOfLevel>b__0(MetaTaskItem item) { }	MergePuzzle/MetaData.cs	code/Il2CppDumper/type_blocks/02239_MetaData..txt		signature only
2240		MetaData.	19B1BC8	public void .ctor() { }	MergePuzzle/MetaData.cs	code/Il2CppDumper/type_blocks/02240_MetaData..txt		signature only
2240		MetaData.	19B265C	internal bool <GetEditableMetaTaskItemsOfLevel>b__0(MetaTaskItem item) { }	MergePuzzle/MetaData.cs	code/Il2CppDumper/type_blocks/02240_MetaData..txt		signature only
2241		MetaData.	19B1D30	public void .ctor() { }	MergePuzzle/MetaData.cs	code/Il2CppDumper/type_blocks/02241_MetaData..txt		signature only
2241		MetaData.	19B26D0	internal bool <GetEditableMetaTaskItemsOfLevel>b__0(MetaTaskItem item) { }	MergePuzzle/MetaData.cs	code/Il2CppDumper/type_blocks/02241_MetaData..txt		signature only
2242		MetaData.	19B1D38	public void .ctor() { }	MergePuzzle/MetaData.cs	code/Il2CppDumper/type_blocks/02242_MetaData..txt		signature only
2242		MetaData.	19B2714	internal bool <GetRevealTaskForLevel>b__0(MetaTaskItemData item) { }	MergePuzzle/MetaData.cs	code/Il2CppDumper/type_blocks/02242_MetaData..txt		signature only
2243		MetaData.	19B1FBC	public void .ctor() { }	MergePuzzle/MetaData.cs	code/Il2CppDumper/type_blocks/02243_MetaData..txt		signature only
2243		MetaData.	19B2744	internal bool <GetRevealTaskNoForLevel>b__0(MetaTaskItemData item) { }	MergePuzzle/MetaData.cs	code/Il2CppDumper/type_blocks/02243_MetaData..txt		signature only
2244		MetaData.	19B2338	public void .ctor() { }	MergePuzzle/MetaData.cs	code/Il2CppDumper/type_blocks/02244_MetaData..txt		signature only
2244		MetaData.	19B2774	internal bool <GetActiveMetaTaskItem>b__1(MetaTaskItem item) { }	MergePuzzle/MetaData.cs	code/Il2CppDumper/type_blocks/02244_MetaData..txt		signature only
2245		MetaData.	19B2340	public void .ctor() { }	MergePuzzle/MetaData.cs	code/Il2CppDumper/type_blocks/02245_MetaData..txt		signature only
2245		MetaData.	19B27B0	internal bool <GetActiveMetaTaskItems>b__0(MetaTaskItem item) { }	MergePuzzle/MetaData.cs	code/Il2CppDumper/type_blocks/02245_MetaData..txt		signature only
2245		MetaData.	19B27EC	internal bool <GetActiveMetaTaskItems>b__2(MetaTaskItem item) { }	MergePuzzle/MetaData.cs	code/Il2CppDumper/type_blocks/02245_MetaData..txt		signature only
2245		MetaData.	19B290C	internal bool <GetActiveMetaTaskItems>b__3(MetaTaskItem item) { }	MergePuzzle/MetaData.cs	code/Il2CppDumper/type_blocks/02245_MetaData..txt		signature only
2245		MetaData.	19B293C	internal bool <GetActiveMetaTaskItems>b__6(MetaTaskItem item) { }	MergePuzzle/MetaData.cs	code/Il2CppDumper/type_blocks/02245_MetaData..txt		signature only
2246		MetaData.	19B2348	public void .ctor() { }	MergePuzzle/MetaData.cs	code/Il2CppDumper/type_blocks/02246_MetaData..txt		signature only
2246		MetaData.	19B296C	internal bool <GetActiveMetaTaskItems>b__4(MetaTaskItem item) { }	MergePuzzle/MetaData.cs	code/Il2CppDumper/type_blocks/02246_MetaData..txt		signature only
2247		MetaData.	19B2904	public void .ctor() { }	MergePuzzle/MetaData.cs	code/Il2CppDumper/type_blocks/02247_MetaData..txt		signature only
2247		MetaData.	19B29AC	internal bool <GetActiveMetaTaskItems>b__5(MetaTaskItemEntity completed) { }	MergePuzzle/MetaData.cs	code/Il2CppDumper/type_blocks/02247_MetaData..txt		signature only
2248		MetaData.	19B069C	public void .ctor() { }	MergePuzzle/MetaData.cs	code/Il2CppDumper/type_blocks/02248_MetaData..txt		signature only
2248		MetaData.	19B2A10	internal bool <FindPackage>b__0(ShopBasePackage item) { }	MergePuzzle/MetaData.cs	code/Il2CppDumper/type_blocks/02248_MetaData..txt		signature only
2248		MetaData.	19B2A44	internal bool <FindPackage>b__1(ShopBasePackage item) { }	MergePuzzle/MetaData.cs	code/Il2CppDumper/type_blocks/02248_MetaData..txt		signature only
2249	MergePuzzle	MetaData	19B03D4	public MetaTaskData get_MetaTaskData() { }	MergePuzzle/MetaData.cs	code/Il2CppDumper/type_blocks/02249_MetaData.txt		signature only
2249	MergePuzzle	MetaData	19B03DC	private ShopBasePackage FindPackage(MetaEntity metaEntity, ShopBasePackage package, string platformBasedID) { }	MergePuzzle/MetaData.cs	code/Il2CppDumper/type_blocks/02249_MetaData.txt		signature only
2249	MergePuzzle	MetaData	19B06A4	public ShopBasePackage GetPackageFromID(string platformBasedID) { }	MergePuzzle/MetaData.cs	code/Il2CppDumper/type_blocks/02249_MetaData.txt		signature only
2249	MergePuzzle	MetaData	19B0C14	public void SetMetaTaskData(MetaTaskData metaTaskData) { }	MergePuzzle/MetaData.cs	code/Il2CppDumper/type_blocks/02249_MetaData.txt		signature only
2249	MergePuzzle	MetaData	19B0EE0	public HashSet<string> GetCompletedMetaTaskSkinsOfLevel(MetaEntity metaEntity, int level) { }	MergePuzzle/MetaData.cs	code/Il2CppDumper/type_blocks/02249_MetaData.txt		signature only
2249	MergePuzzle	MetaData	19B1420	public HashSet<string> GetCompletedPreviouslyRemovedMetaTaskSkinsOfLevel(MetaEntity metaEntity, int level) { }	MergePuzzle/MetaData.cs	code/Il2CppDumper/type_blocks/02249_MetaData.txt		signature only
2249	MergePuzzle	MetaData	19B1990	public MetaVisitData GetMetaCharacter(int metaLevel) { }	MergePuzzle/MetaData.cs	code/Il2CppDumper/type_blocks/02249_MetaData.txt		signature only
2249	MergePuzzle	MetaData	19B1304	public MetaTaskItem GetMetaTaskItem(int level, int taskNo) { }	MergePuzzle/MetaData.cs	code/Il2CppDumper/type_blocks/02249_MetaData.txt		signature only
2249	MergePuzzle	MetaData	19A2CE4	public List<MetaTaskItem> GetMetaTaskItemsOfLevel(int level) { }	MergePuzzle/MetaData.cs	code/Il2CppDumper/type_blocks/02249_MetaData.txt		signature only
2249	MergePuzzle	MetaData	19B1AAC	public List<MetaTaskItem> GetEditableMetaTaskItemsOfLevel(int level, bool isClothes) { }	MergePuzzle/MetaData.cs	code/Il2CppDumper/type_blocks/02249_MetaData.txt		signature only
2249	MergePuzzle	MetaData	19B1BD0	public List<MetaTaskItem> GetEditableMetaTaskItemsOfLevel(int level) { }	MergePuzzle/MetaData.cs	code/Il2CppDumper/type_blocks/02249_MetaData.txt		signature only
2249	MergePuzzle	MetaData	19A3A20	public bool UpdateMetaLevelIfRequired(MetaEntity metaEntity) { }	MergePuzzle/MetaData.cs	code/Il2CppDumper/type_blocks/02249_MetaData.txt		signature only
2249	MergePuzzle	MetaData	19A56D4	public MetaTaskItemData GetRevealTaskForLevel(int level) { }	MergePuzzle/MetaData.cs	code/Il2CppDumper/type_blocks/02249_MetaData.txt		signature only
2249	MergePuzzle	MetaData	19B1D40	public int GetRevealTaskNoForLevel(int level) { }	MergePuzzle/MetaData.cs	code/Il2CppDumper/type_blocks/02249_MetaData.txt		signature only
2249	MergePuzzle	MetaData	19B1FC4	public MetaTaskItem GetActiveMetaTaskItem(MetaEntity metaEntity) { }	MergePuzzle/MetaData.cs	code/Il2CppDumper/type_blocks/02249_MetaData.txt		signature only
2249	MergePuzzle	MetaData	19A4EEC	public List<MetaTaskItem> GetActiveMetaTaskItems(MetaEntity metaEntity) { }	MergePuzzle/MetaData.cs	code/Il2CppDumper/type_blocks/02249_MetaData.txt		signature only
2249	MergePuzzle	MetaData	19B2350	public void .ctor() { }	MergePuzzle/MetaData.cs	code/Il2CppDumper/type_blocks/02249_MetaData.txt		signature only
2526	MergePuzzle	RewardData	1A1B4B4	public static RewardData GetItemRewardData(BoardData boardData, int id, int level, int count, bool last, bool forceAsItem) { }	MergePuzzle/RewardData.cs	code/Il2CppDumper/type_blocks/02526_RewardData.txt		signature only
2526	MergePuzzle	RewardData	1A1BAE4	public static RewardData GetCollectableRewardData(BoardData boardData, int id, int level, int count, bool last) { }	MergePuzzle/RewardData.cs	code/Il2CppDumper/type_blocks/02526_RewardData.txt		signature only
2526	MergePuzzle	RewardData	1A1BE8C	public static RewardData GetBoosterRewardData(int id, int count, bool last) { }	MergePuzzle/RewardData.cs	code/Il2CppDumper/type_blocks/02526_RewardData.txt		signature only
2526	MergePuzzle	RewardData	1A1BADC	public void .ctor() { }	MergePuzzle/RewardData.cs	code/Il2CppDumper/type_blocks/02526_RewardData.txt		signature only
2526	MergePuzzle	RewardData	1A1BFC4	public void .ctor(bool unlimitedEnergy) { }	MergePuzzle/RewardData.cs	code/Il2CppDumper/type_blocks/02526_RewardData.txt		signature only
2526	MergePuzzle	RewardData	1A1BFEC	public int CompareTo(RewardData other) { }	MergePuzzle/RewardData.cs	code/Il2CppDumper/type_blocks/02526_RewardData.txt		signature only
2530	MergePuzzle	GameMainReward	1A1C08C	public GameRewardType get_RewardType() { }	MergePuzzle/GameMainReward.cs	code/Il2CppDumper/type_blocks/02530_GameMainReward.txt		signature only
2530	MergePuzzle	GameMainReward	1A1C094	public void .ctor() { }	MergePuzzle/GameMainReward.cs	code/Il2CppDumper/type_blocks/02530_GameMainReward.txt		signature only
2533	MergePuzzle	GameItemReward	1A1C0BC	public GameRewardType get_RewardType() { }	MergePuzzle/GameItemReward.cs	code/Il2CppDumper/type_blocks/02533_GameItemReward.txt		signature only
2533	MergePuzzle	GameItemReward	1A1C0C4	public void .ctor() { }	MergePuzzle/GameItemReward.cs	code/Il2CppDumper/type_blocks/02533_GameItemReward.txt		signature only
2581	MergePuzzle	BubbleItemData	1A3E1B8	public void .ctor() { }	MergePuzzle/BubbleItemData.cs	code/Il2CppDumper/type_blocks/02581_BubbleItemData.txt		signature only
2595	MergePuzzle	ProgressiveItemGoalData	1A3EDB4	public void .ctor() { }	MergePuzzle/ProgressiveItemGoalData.cs	code/Il2CppDumper/type_blocks/02595_ProgressiveItemGoalData.txt		signature only
2658	MergePuzzle	CommonFactoryService	1A512CC	public WarningTextFactory get_WarningTextFactory() { }	MergePuzzle/CommonFactoryService.cs	code/Il2CppDumper/type_blocks/02658_CommonFactoryService.txt		signature only
2658	MergePuzzle	CommonFactoryService	1A512D4	private void set_WarningTextFactory(WarningTextFactory value) { }	MergePuzzle/CommonFactoryService.cs	code/Il2CppDumper/type_blocks/02658_CommonFactoryService.txt		signature only
2658	MergePuzzle	CommonFactoryService	1A512DC	public ItemControllerFactory get_ItemControllerFactory() { }	MergePuzzle/CommonFactoryService.cs	code/Il2CppDumper/type_blocks/02658_CommonFactoryService.txt		signature only
2658	MergePuzzle	CommonFactoryService	1A512E4	private void set_ItemControllerFactory(ItemControllerFactory value) { }	MergePuzzle/CommonFactoryService.cs	code/Il2CppDumper/type_blocks/02658_CommonFactoryService.txt		signature only
2658	MergePuzzle	CommonFactoryService	1A512EC	public MiniBoardItemControllerFactory get_MiniBoardItemControllerFactory() { }	MergePuzzle/CommonFactoryService.cs	code/Il2CppDumper/type_blocks/02658_CommonFactoryService.txt		signature only
2658	MergePuzzle	CommonFactoryService	1A512F4	private void set_MiniBoardItemControllerFactory(MiniBoardItemControllerFactory value) { }	MergePuzzle/CommonFactoryService.cs	code/Il2CppDumper/type_blocks/02658_CommonFactoryService.txt		signature only
2658	MergePuzzle	CommonFactoryService	1A512FC	public void Initialize() { }	MergePuzzle/CommonFactoryService.cs	code/Il2CppDumper/type_blocks/02658_CommonFactoryService.txt		signature only
2658	MergePuzzle	CommonFactoryService	1A51418	private void InitObjectPool() { }	MergePuzzle/CommonFactoryService.cs	code/Il2CppDumper/type_blocks/02658_CommonFactoryService.txt		signature only
2658	MergePuzzle	CommonFactoryService	1A52924	public void CheckNull() { }	MergePuzzle/CommonFactoryService.cs	code/Il2CppDumper/type_blocks/02658_CommonFactoryService.txt		signature only
2658	MergePuzzle	CommonFactoryService	1A5161C	private void AddItemPoolModules(List<PoolableType> poolableTypes) { }	MergePuzzle/CommonFactoryService.cs	code/Il2CppDumper/type_blocks/02658_CommonFactoryService.txt		signature only
2658	MergePuzzle	CommonFactoryService	1A52324	private void AddMiniBoardItemPoolModules(List<PoolableType> poolableTypes) { }	MergePuzzle/CommonFactoryService.cs	code/Il2CppDumper/type_blocks/02658_CommonFactoryService.txt		signature only
2658	MergePuzzle	CommonFactoryService	1A52948	public void .ctor() { }	MergePuzzle/CommonFactoryService.cs	code/Il2CppDumper/type_blocks/02658_CommonFactoryService.txt		signature only
2679	MergePuzzle	EntityUpdateEvent	1A52950	public void .ctor() { }	MergePuzzle/EntityUpdateEvent.cs	code/Il2CppDumper/type_blocks/02679_EntityUpdateEvent.txt		signature only
2685		BoardEntity.	1A5C280	private static void .cctor() { }	MergePuzzle/BoardEntity.cs	code/Il2CppDumper/type_blocks/02685_BoardEntity..txt		signature only
2685		BoardEntity.	1A5C2F4	public void .ctor() { }	MergePuzzle/BoardEntity.cs	code/Il2CppDumper/type_blocks/02685_BoardEntity..txt		signature only
2685		BoardEntity.	1A5C2FC	internal bool <ClearNonSpecialActiveTasksDangerousOperation>b__42_0(BoardTaskItem item) { }	MergePuzzle/BoardEntity.cs	code/Il2CppDumper/type_blocks/02685_BoardEntity..txt		signature only
2685		BoardEntity.	1A5C334	internal bool <ClearNonSpecialActiveTasksDangerousOperation>b__42_1(BoardTaskItem item) { }	MergePuzzle/BoardEntity.cs	code/Il2CppDumper/type_blocks/02685_BoardEntity..txt		signature only
2685		BoardEntity.	1A5C36C	internal bool <GetFillRateString>b__85_0(BoardPositionEntity position) { }	MergePuzzle/BoardEntity.cs	code/Il2CppDumper/type_blocks/02685_BoardEntity..txt		signature only
2686		BoardEntity.	1A5577C	public void .ctor() { }	MergePuzzle/BoardEntity.cs	code/Il2CppDumper/type_blocks/02686_BoardEntity..txt		signature only
2686		BoardEntity.	1A5C390	internal bool <GetSeasonItemEntityByID>b__0(SeasonPassItemEntity item) { }	MergePuzzle/BoardEntity.cs	code/Il2CppDumper/type_blocks/02686_BoardEntity..txt		signature only
2687		BoardEntity.	1A58630	public void .ctor() { }	MergePuzzle/BoardEntity.cs	code/Il2CppDumper/type_blocks/02687_BoardEntity..txt		signature only
2687		BoardEntity.	1A5C3C0	internal bool <AddRewardsToEntity>b__0(BoosterEntity entity) { }	MergePuzzle/BoardEntity.cs	code/Il2CppDumper/type_blocks/02687_BoardEntity..txt		signature only
2688		BoardEntity.	1A5B568	public void .ctor() { }	MergePuzzle/BoardEntity.cs	code/Il2CppDumper/type_blocks/02688_BoardEntity..txt		signature only
2688		BoardEntity.	1A5C400	internal bool <AddEventEntity>b__0(EventEntity item) { }	MergePuzzle/BoardEntity.cs	code/Il2CppDumper/type_blocks/02688_BoardEntity..txt		signature only
2689		BoardEntity.	1A5B6D8	public void .ctor() { }	MergePuzzle/BoardEntity.cs	code/Il2CppDumper/type_blocks/02689_BoardEntity..txt		signature only
2689		BoardEntity.	1A5C438	internal bool <GetEventEntity>b__0(EventEntity item) { }	MergePuzzle/BoardEntity.cs	code/Il2CppDumper/type_blocks/02689_BoardEntity..txt		signature only
2690		BoardEntity.	1A5B7F0	public void .ctor() { }	MergePuzzle/BoardEntity.cs	code/Il2CppDumper/type_blocks/02690_BoardEntity..txt		signature only
2690		BoardEntity.	1A5C45C	internal bool <RemoveEventEntity>b__0(EventEntity item) { }	MergePuzzle/BoardEntity.cs	code/Il2CppDumper/type_blocks/02690_BoardEntity..txt		signature only
2691	MergePuzzle	BoardEntity	1A5488C	public void .ctor() { }	MergePuzzle/BoardEntity.cs	code/Il2CppDumper/type_blocks/02691_BoardEntity.txt		signature only
2691	MergePuzzle	BoardEntity	1A54A0C	public void ResetLevelGainAndSpends() { }	MergePuzzle/BoardEntity.cs	code/Il2CppDumper/type_blocks/02691_BoardEntity.txt	ghidra_flow_pseudocode.c	native pseudocode (unverified)
2691	MergePuzzle	BoardEntity	1A54A24	public ref List<int> GetExcludedTutorialSteps() { }	MergePuzzle/BoardEntity.cs	code/Il2CppDumper/type_blocks/02691_BoardEntity.txt	ghidra_flow_pseudocode.c	native pseudocode (unverified)
2691	MergePuzzle	BoardEntity	1A54AC0	public bool SetLastBoardTaskXPConfig(BalanceBoardTaskConfigModel config) { }	MergePuzzle/BoardEntity.cs	code/Il2CppDumper/type_blocks/02691_BoardEntity.txt	ghidra_flow_pseudocode.c	native pseudocode (unverified)
2691	MergePuzzle	BoardEntity	1A54E48	public HashSet<int> ClearNonSpecialActiveTasksDangerousOperation() { }	MergePuzzle/BoardEntity.cs	code/Il2CppDumper/type_blocks/02691_BoardEntity.txt	ghidra_flow_pseudocode.c	native pseudocode (unverified)
2691	MergePuzzle	BoardEntity	1A555BC	public SrEntity GetSrEntity() { }	MergePuzzle/BoardEntity.cs	code/Il2CppDumper/type_blocks/02691_BoardEntity.txt	ghidra_flow_pseudocode.c	native pseudocode (unverified)
2691	MergePuzzle	BoardEntity	1A55660	public SeasonPassItemEntity GetSeasonItemEntityByID(int id) { }	MergePuzzle/BoardEntity.cs	code/Il2CppDumper/type_blocks/02691_BoardEntity.txt	ghidra_flow_pseudocode.c	native pseudocode (unverified)
2691	MergePuzzle	BoardEntity	1A55784	public void ResetSessionSummary() { }	MergePuzzle/BoardEntity.cs	code/Il2CppDumper/type_blocks/02691_BoardEntity.txt	ghidra_flow_pseudocode.c	native pseudocode (unverified)
2691	MergePuzzle	BoardEntity	1A5596C	public void UpdateSessionAdLoadAnalyticsData(bool isInterstitial, bool isSuccess) { }	MergePuzzle/BoardEntity.cs	code/Il2CppDumper/type_blocks/02691_BoardEntity.txt	ghidra_flow_pseudocode.c	native pseudocode (unverified)
2691	MergePuzzle	BoardEntity	1A55A40	public void UpdateSessionAdShowAnalyticsData(bool isInterstitial, bool isReady) { }	MergePuzzle/BoardEntity.cs	code/Il2CppDumper/type_blocks/02691_BoardEntity.txt	ghidra_flow_pseudocode.c	native pseudocode (unverified)
2691	MergePuzzle	BoardEntity	1A55C90	public void UpdateSessionSummary(bool merge, bool spawn, bool remove, bool undo, bool inventory, BoardType boardType, int energyConsume) { }	MergePuzzle/BoardEntity.cs	code/Il2CppDumper/type_blocks/02691_BoardEntity.txt	ghidra_flow_pseudocode.c	native pseudocode (unverified)
2691	MergePuzzle	BoardEntity	1A55E94	public SessionSummary GetSessionSummary() { }	MergePuzzle/BoardEntity.cs	code/Il2CppDumper/type_blocks/02691_BoardEntity.txt	ghidra_flow_pseudocode.c	native pseudocode (unverified)
2691	MergePuzzle	BoardEntity	1A55EC4	public void .ctor(BoardData boardData) { }	MergePuzzle/BoardEntity.cs	code/Il2CppDumper/type_blocks/02691_BoardEntity.txt		signature only
2691	MergePuzzle	BoardEntity	1A56B1C	public string GetNewShopSuffix() { }	MergePuzzle/BoardEntity.cs	code/Il2CppDumper/type_blocks/02691_BoardEntity.txt	ghidra_flow_pseudocode.c	native pseudocode (unverified)
2691	MergePuzzle	BoardEntity	1A56C5C	public ShopEntity GetShopEntity() { }	MergePuzzle/BoardEntity.cs	code/Il2CppDumper/type_blocks/02691_BoardEntity.txt	ghidra_flow_pseudocode.c	native pseudocode (unverified)
2691	MergePuzzle	BoardEntity	1A56D20	"public int[] AddRewardsToEntity(EndlessTreasureOfferData offerData, string trigger = """") { }"	MergePuzzle/BoardEntity.cs	code/Il2CppDumper/type_blocks/02691_BoardEntity.txt	ghidra_flow_pseudocode.c	native pseudocode (unverified)
2691	MergePuzzle	BoardEntity	1A5879C	public void AddUnlimitedEnergyDuration(long addedDuration) { }	MergePuzzle/BoardEntity.cs	code/Il2CppDumper/type_blocks/02691_BoardEntity.txt	ghidra_flow_pseudocode.c	native pseudocode (unverified)
2691	MergePuzzle	BoardEntity	1A58A2C	public bool ChangeBoardEntity(BoardEntity remoteBoardEntity) { }	MergePuzzle/BoardEntity.cs	code/Il2CppDumper/type_blocks/02691_BoardEntity.txt	ghidra_flow_pseudocode.c	native pseudocode (unverified)
2691	MergePuzzle	BoardEntity	1A58BC8	public void CheckBoosterEntityCounts() { }	MergePuzzle/BoardEntity.cs	code/Il2CppDumper/type_blocks/02691_BoardEntity.txt	ghidra_flow_pseudocode.c	native pseudocode (unverified)
2691	MergePuzzle	BoardEntity	1A58D60	public void IncreaseReviewRequestCount(int reviewLastTaskDone) { }	MergePuzzle/BoardEntity.cs	code/Il2CppDumper/type_blocks/02691_BoardEntity.txt	ghidra_flow_pseudocode.c	native pseudocode (unverified)
2691	MergePuzzle	BoardEntity	1A58E74	public int GetActiveBoardItemCount(int level, int setID) { }	MergePuzzle/BoardEntity.cs	code/Il2CppDumper/type_blocks/02691_BoardEntity.txt	ghidra_flow_pseudocode.c	native pseudocode (unverified)
2691	MergePuzzle	BoardEntity	1A59130	public int GetTotalItemCount(int level, int setID) { }	MergePuzzle/BoardEntity.cs	code/Il2CppDumper/type_blocks/02691_BoardEntity.txt	ghidra_flow_pseudocode.c	native pseudocode (unverified)
2691	MergePuzzle	BoardEntity	1A596E4	public List<BoardPositionEntity> GetActiveBoardPositions(ItemInfo itemInfo) { }	MergePuzzle/BoardEntity.cs	code/Il2CppDumper/type_blocks/02691_BoardEntity.txt	ghidra_flow_pseudocode.c	native pseudocode (unverified)
2691	MergePuzzle	BoardEntity	1A599E4	public bool IsEmptyCell(BoardPositionEntity pos) { }	MergePuzzle/BoardEntity.cs	code/Il2CppDumper/type_blocks/02691_BoardEntity.txt	ghidra_flow_pseudocode.c	native pseudocode (unverified)
2691	MergePuzzle	BoardEntity	1A59A44	public bool IsItemNull(ItemEntity item) { }	MergePuzzle/BoardEntity.cs	code/Il2CppDumper/type_blocks/02691_BoardEntity.txt	ghidra_flow_pseudocode.c	native pseudocode (unverified)
2691	MergePuzzle	BoardEntity	1A59A6C	public bool IsItemExist(ItemEntity itemEntity) { }	MergePuzzle/BoardEntity.cs	code/Il2CppDumper/type_blocks/02691_BoardEntity.txt	ghidra_flow_pseudocode.c	native pseudocode (unverified)
2691	MergePuzzle	BoardEntity	1A59C9C	public bool IsBoardFull() { }	MergePuzzle/BoardEntity.cs	code/Il2CppDumper/type_blocks/02691_BoardEntity.txt	ghidra_flow_pseudocode.c	native pseudocode (unverified)
2691	MergePuzzle	BoardEntity	1A59E3C	public List<BoardPositionEntity> GetMatchedPositionEntities(List<BoardTaskGoal> goals, bool useCurrentID) { }	MergePuzzle/BoardEntity.cs	code/Il2CppDumper/type_blocks/02691_BoardEntity.txt	ghidra_flow_pseudocode.c	native pseudocode (unverified)
2691	MergePuzzle	BoardEntity	1A5A2E8	public List<BoardPositionEntity> GetMovableMatchedPositionEntities(int[] setIDs) { }	MergePuzzle/BoardEntity.cs	code/Il2CppDumper/type_blocks/02691_BoardEntity.txt	ghidra_flow_pseudocode.c	native pseudocode (unverified)
2691	MergePuzzle	BoardEntity	1A5A638	public List<BoardPositionEntity> GetNonBoxedMatchedPositionEntities(int[] setIDs) { }	MergePuzzle/BoardEntity.cs	code/Il2CppDumper/type_blocks/02691_BoardEntity.txt	ghidra_flow_pseudocode.c	native pseudocode (unverified)
2691	MergePuzzle	BoardEntity	1A5A95C	public void AddToCompletedTutorials(TutorialIndex tutorialIndex, bool saveBoard = False, bool excludeStep = False) { }	MergePuzzle/BoardEntity.cs	code/Il2CppDumper/type_blocks/02691_BoardEntity.txt	ghidra_flow_pseudocode.c	native pseudocode (unverified)
2691	MergePuzzle	BoardEntity	1A5A970	public void AddToCompletedTutorials(int stepNo, bool saveBoard = False, bool excludeStep = False) { }	MergePuzzle/BoardEntity.cs	code/Il2CppDumper/type_blocks/02691_BoardEntity.txt	ghidra_flow_pseudocode.c	native pseudocode (unverified)
2691	MergePuzzle	BoardEntity	1A5AB70	public bool RemoveFromCompletedTutorials(TutorialIndex tutorialIndex) { }	MergePuzzle/BoardEntity.cs	code/Il2CppDumper/type_blocks/02691_BoardEntity.txt	ghidra_flow_pseudocode.c	native pseudocode (unverified)
2691	MergePuzzle	BoardEntity	1A5AB74	public bool RemoveFromCompletedTutorials(int stepNo) { }	MergePuzzle/BoardEntity.cs	code/Il2CppDumper/type_blocks/02691_BoardEntity.txt	ghidra_flow_pseudocode.c	native pseudocode (unverified)
2691	MergePuzzle	BoardEntity	1A5AC2C	public bool IsTutorialStepCompleted(int stepNo) { }	MergePuzzle/BoardEntity.cs	code/Il2CppDumper/type_blocks/02691_BoardEntity.txt	ghidra_flow_pseudocode.c	native pseudocode (unverified)
2691	MergePuzzle	BoardEntity	1A5ACA4	public bool IsTutorialStepCompleted(TutorialIndex tutorialIndex) { }	MergePuzzle/BoardEntity.cs	code/Il2CppDumper/type_blocks/02691_BoardEntity.txt	ghidra_flow_pseudocode.c	native pseudocode (unverified)
2691	MergePuzzle	BoardEntity	1A5ACA8	public bool IsTutorialStepsCompleted(List<int> stepNo) { }	MergePuzzle/BoardEntity.cs	code/Il2CppDumper/type_blocks/02691_BoardEntity.txt	ghidra_flow_pseudocode.c	native pseudocode (unverified)
2691	MergePuzzle	BoardEntity	1A5AE50	public bool IsTutorialStepsCompleted(TutorialIndex[] args) { }	MergePuzzle/BoardEntity.cs	code/Il2CppDumper/type_blocks/02691_BoardEntity.txt	ghidra_flow_pseudocode.c	native pseudocode (unverified)
2691	MergePuzzle	BoardEntity	1A5AEB4	public bool IsTutorialStepsCompleted(List<TutorialIndex> args) { }	MergePuzzle/BoardEntity.cs	code/Il2CppDumper/type_blocks/02691_BoardEntity.txt	ghidra_flow_pseudocode.c	native pseudocode (unverified)
2691	MergePuzzle	BoardEntity	1A5B054	public int GetMaxCompletedTutorialStep() { }	MergePuzzle/BoardEntity.cs	code/Il2CppDumper/type_blocks/02691_BoardEntity.txt	ghidra_flow_pseudocode.c	native pseudocode (unverified)
2691	MergePuzzle	BoardEntity	1A5B2A0	public bool StartWithGameplay() { }	MergePuzzle/BoardEntity.cs	code/Il2CppDumper/type_blocks/02691_BoardEntity.txt	ghidra_flow_pseudocode.c	native pseudocode (unverified)
2691	MergePuzzle	BoardEntity	1A5B2B4	public void Initialize(BoardTaskData boardTaskData, BoardData boardData, LevelData levelData) { }	MergePuzzle/BoardEntity.cs	code/Il2CppDumper/type_blocks/02691_BoardEntity.txt	ghidra_flow_pseudocode.c	native pseudocode (unverified)
2691	MergePuzzle	BoardEntity	1A5B308	public void AddEventEntity(EventEntity eventEntity) { }	MergePuzzle/BoardEntity.cs	code/Il2CppDumper/type_blocks/02691_BoardEntity.txt	ghidra_flow_pseudocode.c	native pseudocode (unverified)
2691	MergePuzzle	BoardEntity	1A5B570	public EventEntity GetEventEntity(int index) { }	MergePuzzle/BoardEntity.cs	code/Il2CppDumper/type_blocks/02691_BoardEntity.txt	ghidra_flow_pseudocode.c	native pseudocode (unverified)
2691	MergePuzzle	BoardEntity	1A5B6E0	public void RemoveEventEntity(int index) { }	MergePuzzle/BoardEntity.cs	code/Il2CppDumper/type_blocks/02691_BoardEntity.txt	ghidra_flow_pseudocode.c	native pseudocode (unverified)
2691	MergePuzzle	BoardEntity	1A5B7F8	public void RemoveFromGame(int setID) { }	MergePuzzle/BoardEntity.cs	code/Il2CppDumper/type_blocks/02691_BoardEntity.txt	ghidra_flow_pseudocode.c	native pseudocode (unverified)
2691	MergePuzzle	BoardEntity	1A5BA8C	public int RemoveFromRewardsAndInventory(int setID) { }	MergePuzzle/BoardEntity.cs	code/Il2CppDumper/type_blocks/02691_BoardEntity.txt	ghidra_flow_pseudocode.c	native pseudocode (unverified)
2691	MergePuzzle	BoardEntity	1A5BDF4	public string GetFillRateString() { }	MergePuzzle/BoardEntity.cs	code/Il2CppDumper/type_blocks/02691_BoardEntity.txt	ghidra_flow_pseudocode.c	native pseudocode (unverified)
2691	MergePuzzle	BoardEntity	1A5C19C	public void SetNewUIPopupShown440() { }	MergePuzzle/BoardEntity.cs	code/Il2CppDumper/type_blocks/02691_BoardEntity.txt	ghidra_flow_pseudocode.c	native pseudocode (unverified)
2691	MergePuzzle	BoardEntity	1A5C1A8	public bool GetNewUIPopupShown440() { }	MergePuzzle/BoardEntity.cs	code/Il2CppDumper/type_blocks/02691_BoardEntity.txt	ghidra_flow_pseudocode.c	native pseudocode (unverified)
2691	MergePuzzle	BoardEntity	1A5C1B0	public bool IsValidToShownNewUIPopup440() { }	MergePuzzle/BoardEntity.cs	code/Il2CppDumper/type_blocks/02691_BoardEntity.txt	ghidra_flow_pseudocode.c	native pseudocode (unverified)
2693	MergePuzzle	PickBoxSelectedEntity	1A5C4A4	public void .ctor() { }	MergePuzzle/PickBoxSelectedEntity.cs	code/Il2CppDumper/type_blocks/02693_PickBoxSelectedEntity.txt		signature only
2693	MergePuzzle	PickBoxSelectedEntity	1A5C4AC	public void .ctor(List<RewardEntity> rewardEntities) { }	MergePuzzle/PickBoxSelectedEntity.cs	code/Il2CppDumper/type_blocks/02693_PickBoxSelectedEntity.txt		signature only
2701	MergePuzzle	SlotFullCounter	1A5DE28	public void .ctor(SlotFullCounter.BoardType boardTypeTag) { }	MergePuzzle/SlotFullCounter.cs	code/Il2CppDumper/type_blocks/02701_SlotFullCounter.txt		signature only
2701	MergePuzzle	SlotFullCounter	1A5C820	public static SlotFullCounter get_MainBoard() { }	MergePuzzle/SlotFullCounter.cs	code/Il2CppDumper/type_blocks/02701_SlotFullCounter.txt		signature only
2701	MergePuzzle	SlotFullCounter	1A5C87C	public static SlotFullCounter get_MFSBoard() { }	MergePuzzle/SlotFullCounter.cs	code/Il2CppDumper/type_blocks/02701_SlotFullCounter.txt		signature only
2701	MergePuzzle	SlotFullCounter	1A5E030	public static SlotFullCounter GetSlotFullCounter(SlotFullCounter.BoardType boardType) { }	MergePuzzle/SlotFullCounter.cs	code/Il2CppDumper/type_blocks/02701_SlotFullCounter.txt		signature only
2703	MergePuzzle	SlotFull	1A5E014	public void .ctor(SlotFull.SlotFullType slotFullTypes) { }	MergePuzzle/SlotFull.cs	code/Il2CppDumper/type_blocks/02703_SlotFull.txt		signature only
2705		UserEntity.VersionEntryLevel	1A62B00	public void .ctor() { }	MergePuzzle/UserEntity.cs	code/Il2CppDumper/type_blocks/02705_UserEntity.VersionEntryLevel.txt		signature only
2705		UserEntity.VersionEntryLevel	1A5E2C4	public void .ctor(int versionNumber, int level) { }	MergePuzzle/UserEntity.cs	code/Il2CppDumper/type_blocks/02705_UserEntity.VersionEntryLevel.txt		signature only
2707		UserEntity.DailyRewardEntity.DailyChestEntity	1A62E34	public void .ctor() { }	MergePuzzle/UserEntity.cs	code/Il2CppDumper/type_blocks/02707_UserEntity.DailyRewardEntity.DailyChestEntity.txt		signature only
2707		UserEntity.DailyRewardEntity.DailyChestEntity	1A62B10	public void .ctor(bool set) { }	MergePuzzle/UserEntity.cs	code/Il2CppDumper/type_blocks/02707_UserEntity.DailyRewardEntity.DailyChestEntity.txt		signature only
2708		UserEntity.DailyRewardEntity	1A62B08	public void .ctor() { }	MergePuzzle/UserEntity.cs	code/Il2CppDumper/type_blocks/02708_UserEntity.DailyRewardEntity.txt		signature only
2708		UserEntity.DailyRewardEntity	1A5E170	public void .ctor(bool set) { }	MergePuzzle/UserEntity.cs	code/Il2CppDumper/type_blocks/02708_UserEntity.DailyRewardEntity.txt		signature only
2708		UserEntity.DailyRewardEntity	1A62BA8	public void ProgressReward() { }	MergePuzzle/UserEntity.cs	code/Il2CppDumper/type_blocks/02708_UserEntity.DailyRewardEntity.txt		signature only
2708		UserEntity.DailyRewardEntity	1A62D98	public void GetProgress(int dataCount, out int currentDataIndex, out int weekStartIndex, out int currentWeekIndex) { }	MergePuzzle/UserEntity.cs	code/Il2CppDumper/type_blocks/02708_UserEntity.DailyRewardEntity.txt		signature only
2709		UserEntity.RewardedAdEntityModel	1A5E1F0	public void .ctor() { }	MergePuzzle/UserEntity.cs	code/Il2CppDumper/type_blocks/02709_UserEntity.RewardedAdEntityModel.txt		signature only
2709		UserEntity.RewardedAdEntityModel	1A62E3C	public void Reset() { }	MergePuzzle/UserEntity.cs	code/Il2CppDumper/type_blocks/02709_UserEntity.RewardedAdEntityModel.txt		signature only
2709		UserEntity.RewardedAdEntityModel	1A62E50	public void EnergyRefillRewardEarned() { }	MergePuzzle/UserEntity.cs	code/Il2CppDumper/type_blocks/02709_UserEntity.RewardedAdEntityModel.txt		signature only
2709		UserEntity.RewardedAdEntityModel	1A62F0C	public void SpawnerRechargeRewardEarned() { }	MergePuzzle/UserEntity.cs	code/Il2CppDumper/type_blocks/02709_UserEntity.RewardedAdEntityModel.txt		signature only
2709		UserEntity.RewardedAdEntityModel	1A62FC8	public void BubblePopRewardEarned() { }	MergePuzzle/UserEntity.cs	code/Il2CppDumper/type_blocks/02709_UserEntity.RewardedAdEntityModel.txt		signature only
2710		UserEntity.BalanceTestEntityModel	1A63084	public void .ctor() { }	MergePuzzle/UserEntity.cs	code/Il2CppDumper/type_blocks/02710_UserEntity.BalanceTestEntityModel.txt		signature only
2710		UserEntity.BalanceTestEntityModel	1A5E1F8	public void .ctor(bool set) { }	MergePuzzle/UserEntity.cs	code/Il2CppDumper/type_blocks/02710_UserEntity.BalanceTestEntityModel.txt		signature only
2711	MergePuzzle	UserEntity	1A5E054	public void .ctor() { }	MergePuzzle/UserEntity.cs	code/Il2CppDumper/type_blocks/02711_UserEntity.txt		signature only
2711	MergePuzzle	UserEntity	1A5E05C	public void ClearTempLevelupPopup() { }	MergePuzzle/UserEntity.cs	code/Il2CppDumper/type_blocks/02711_UserEntity.txt		signature only
2711	MergePuzzle	UserEntity	1A563C0	public void .ctor(BoardData boardData) { }	MergePuzzle/UserEntity.cs	code/Il2CppDumper/type_blocks/02711_UserEntity.txt		signature only
2711	MergePuzzle	UserEntity	1A5E578	public bool HasWaitingAnimations(bool isLevelup, bool isEvent) { }	MergePuzzle/UserEntity.cs	code/Il2CppDumper/type_blocks/02711_UserEntity.txt		signature only
2711	MergePuzzle	UserEntity	1A5E8CC	public void ChangeXPLevelAndRewardsBecauseOfLevelupRollout(int newLevel, int levelXP, int totalXP, LevelUpReward reward) { }	MergePuzzle/UserEntity.cs	code/Il2CppDumper/type_blocks/02711_UserEntity.txt		signature only
2711	MergePuzzle	UserEntity	1A5F47C	public void EnableNoAds() { }	MergePuzzle/UserEntity.cs	code/Il2CppDumper/type_blocks/02711_UserEntity.txt		signature only
2711	MergePuzzle	UserEntity	1A5E2E8	private void InitBoosters(BoardData boardData) { }	MergePuzzle/UserEntity.cs	code/Il2CppDumper/type_blocks/02711_UserEntity.txt		signature only
2711	MergePuzzle	UserEntity	1A5F488	public List<BoosterEntity> CheckBoosterLockStatuses(int newLevel) { }	MergePuzzle/UserEntity.cs	code/Il2CppDumper/type_blocks/02711_UserEntity.txt		signature only
2711	MergePuzzle	UserEntity	1A5F718	public string GetBoosterCountsAsString() { }	MergePuzzle/UserEntity.cs	code/Il2CppDumper/type_blocks/02711_UserEntity.txt		signature only
2711	MergePuzzle	UserEntity	1A5E08C	public int GetInitialGemAmount(BoardData boardData) { }	MergePuzzle/UserEntity.cs	code/Il2CppDumper/type_blocks/02711_UserEntity.txt		signature only
2711	MergePuzzle	UserEntity	1A5E0D8	public int GetInitialCoinAmount(BoardData boardData) { }	MergePuzzle/UserEntity.cs	code/Il2CppDumper/type_blocks/02711_UserEntity.txt		signature only
2711	MergePuzzle	UserEntity	1A5E124	public int GetInitialEnergyAmount(BoardData boardData) { }	MergePuzzle/UserEntity.cs	code/Il2CppDumper/type_blocks/02711_UserEntity.txt		signature only
2711	MergePuzzle	UserEntity	1A5F888	public List<RegularReward> GetUpcomingRegularRewards(LevelItem currentLevel) { }	MergePuzzle/UserEntity.cs	code/Il2CppDumper/type_blocks/02711_UserEntity.txt		signature only
2711	MergePuzzle	UserEntity	1A5FB14	public bool ProcessTaskComplete(BoardTaskItem boardTaskItem, BoardData boardData, LevelData levelData) { }	MergePuzzle/UserEntity.cs	code/Il2CppDumper/type_blocks/02711_UserEntity.txt		signature only
2711	MergePuzzle	UserEntity	1A6014C	"public bool ProcessXPUpdate(LevelData levelData, int addedXP, bool isEvent, bool saveBoard, bool isXpFixWorkaround, string triggerName = """") { }"	MergePuzzle/UserEntity.cs	code/Il2CppDumper/type_blocks/02711_UserEntity.txt		signature only
2711	MergePuzzle	UserEntity	1A60848	private void ProcessXPUpdate(int taskXp, LevelItem currentLevel, bool isEvent) { }	MergePuzzle/UserEntity.cs	code/Il2CppDumper/type_blocks/02711_UserEntity.txt		signature only
2711	MergePuzzle	UserEntity	1A60934	private List<RegularReward> FindGainedRegularRewards(int taskXp, LevelItem currentLevel, bool isEvent) { }	MergePuzzle/UserEntity.cs	code/Il2CppDumper/type_blocks/02711_UserEntity.txt		signature only
2711	MergePuzzle	UserEntity	1A606B4	private void ProcessLevelUpdate(int taskXp, int extraXp, LevelItem currentLevel, LevelItem newLevelData, bool isEvent) { }	MergePuzzle/UserEntity.cs	code/Il2CppDumper/type_blocks/02711_UserEntity.txt		signature only
2711	MergePuzzle	UserEntity	1A60EE4	private void SetTempLevelUpInfo(EntityUpdateEvent.LevelUpdateEntity levelUpEvent) { }	MergePuzzle/UserEntity.cs	code/Il2CppDumper/type_blocks/02711_UserEntity.txt		signature only
2711	MergePuzzle	UserEntity	1A61018	public void RemoveActiveRewards(int setID) { }	MergePuzzle/UserEntity.cs	code/Il2CppDumper/type_blocks/02711_UserEntity.txt		signature only
2711	MergePuzzle	UserEntity	1A5EFD8	"public void ChangeActiveRewards(int setID, int level, int amount, string trigger = """") { }"	MergePuzzle/UserEntity.cs	code/Il2CppDumper/type_blocks/02711_UserEntity.txt		signature only
2711	MergePuzzle	UserEntity	1A61208	"public void ChangeActiveRewardsDontSendFirebase(int setID, int level, string trigger = """", bool ignoreArchiveLogic = False) { }"	MergePuzzle/UserEntity.cs	code/Il2CppDumper/type_blocks/02711_UserEntity.txt		signature only
2711	MergePuzzle	UserEntity	1A58028	"public void ChangeActiveRewards(int setID, int level, string trigger = """", bool ignoreArchiveLogic = False) { }"	MergePuzzle/UserEntity.cs	code/Il2CppDumper/type_blocks/02711_UserEntity.txt		signature only
2711	MergePuzzle	UserEntity	1A616D0	public void ChangeActiveRewardsFeature(int setID, int level, int featureID, int amount, string trigger) { }	MergePuzzle/UserEntity.cs	code/Il2CppDumper/type_blocks/02711_UserEntity.txt		signature only
2711	MergePuzzle	UserEntity	1A61720	public void ChangeActiveRewardsFeature(int setID, int level, int featureID, string trigger) { }	MergePuzzle/UserEntity.cs	code/Il2CppDumper/type_blocks/02711_UserEntity.txt		signature only
2711	MergePuzzle	UserEntity	1A61A0C	public bool CheckDailyChallengeItem(int setID) { }	MergePuzzle/UserEntity.cs	code/Il2CppDumper/type_blocks/02711_UserEntity.txt		signature only
2711	MergePuzzle	UserEntity	1A6132C	public void AddRewardToActiveRewards(int setID, int level, int featureID, string trigger) { }	MergePuzzle/UserEntity.cs	code/Il2CppDumper/type_blocks/02711_UserEntity.txt		signature only
2711	MergePuzzle	UserEntity	1A61B20	public bool CheckAndFixRewardSorting() { }	MergePuzzle/UserEntity.cs	code/Il2CppDumper/type_blocks/02711_UserEntity.txt		signature only
2711	MergePuzzle	UserEntity	1A61CB0	public void RemoveAllActiveRewards() { }	MergePuzzle/UserEntity.cs	code/Il2CppDumper/type_blocks/02711_UserEntity.txt		signature only
2711	MergePuzzle	UserEntity	1A61D5C	public void RemoveActiveReward(RewardEntity rewardEntity) { }	MergePuzzle/UserEntity.cs	code/Il2CppDumper/type_blocks/02711_UserEntity.txt		signature only
2711	MergePuzzle	UserEntity	1A61F64	"public void ChangeCurrency(int setID, int amount, bool sendUpdate = True, bool saveBoard = True, string triggerName = """") { }"	MergePuzzle/UserEntity.cs	code/Il2CppDumper/type_blocks/02711_UserEntity.txt		signature only
2711	MergePuzzle	UserEntity	1A62548	"public void ChangeCurrency(CollectableType collectableType, int amount, bool sendUpdate = True, bool saveBoard = True, string triggerName = """") { }"	MergePuzzle/UserEntity.cs	code/Il2CppDumper/type_blocks/02711_UserEntity.txt		signature only
2711	MergePuzzle	UserEntity	1A62568	private void ArrangeLevelGemGetAndSpend(int gemGain) { }	MergePuzzle/UserEntity.cs	code/Il2CppDumper/type_blocks/02711_UserEntity.txt		signature only
2711	MergePuzzle	UserEntity	1A62768	private void ArrangeLevelCoinGetAndSpend(int coinGain) { }	MergePuzzle/UserEntity.cs	code/Il2CppDumper/type_blocks/02711_UserEntity.txt		signature only
2711	MergePuzzle	UserEntity	1A578BC	public void ChangeGem(int changedGem, bool sendUpdate = True, bool saveBoard = True) { }	MergePuzzle/UserEntity.cs	code/Il2CppDumper/type_blocks/02711_UserEntity.txt		signature only
2711	MergePuzzle	UserEntity	1A57B04	"public void ChangeCoin(int changedCoin, bool sendUpdate = True, bool saveBoard = True, string triggerName = """", string eventName = """") { }"	MergePuzzle/UserEntity.cs	code/Il2CppDumper/type_blocks/02711_UserEntity.txt		signature only
2711	MergePuzzle	UserEntity	1A57638	public void ChangeEnergy(int changedEnergy, bool sendUpdate = True, bool saveBoard = True) { }	MergePuzzle/UserEntity.cs	code/Il2CppDumper/type_blocks/02711_UserEntity.txt		signature only
2711	MergePuzzle	UserEntity	1A62218	"public void ChangeXP(int changedXP, bool sendUpdate = True, bool saveBoard = True, string triggerName = """") { }"	MergePuzzle/UserEntity.cs	code/Il2CppDumper/type_blocks/02711_UserEntity.txt		signature only
2711	MergePuzzle	UserEntity	1A6293C	"public void ChangeBooster(BoosterType boosterType, int quantity, string trigger = """", bool saveBoard = False) { }"	MergePuzzle/UserEntity.cs	code/Il2CppDumper/type_blocks/02711_UserEntity.txt		signature only
2711	MergePuzzle	UserEntity	1A58638	"public void ChangeBooster(int boosterID, int quantity, string trigger = """", bool saveBoard = False) { }"	MergePuzzle/UserEntity.cs	code/Il2CppDumper/type_blocks/02711_UserEntity.txt		signature only
2711	MergePuzzle	UserEntity	1A62958	public int GetTotalBoosterCount() { }	MergePuzzle/UserEntity.cs	code/Il2CppDumper/type_blocks/02711_UserEntity.txt		signature only
2711	MergePuzzle	UserEntity	1A62AF0	public void ResetDailyJackpot() { }	MergePuzzle/UserEntity.cs	code/Il2CppDumper/type_blocks/02711_UserEntity.txt		signature only
2711	MergePuzzle	UserEntity	1A5E56C	private void SaveBoard() { }	MergePuzzle/UserEntity.cs	code/Il2CppDumper/type_blocks/02711_UserEntity.txt		signature only
2713	MergePuzzle	LevelData	1A60420	public LevelItem GetCurrentLevelData(UserEntity user, bool skipRewardOverrides = False) { }	MergePuzzle/LevelData.cs	code/Il2CppDumper/type_blocks/02713_LevelData.txt		signature only
2713	MergePuzzle	LevelData	1A60568	public LevelItem GetNextLevelData(UserEntity user, bool skipRewardOverrides = False) { }	MergePuzzle/LevelData.cs	code/Il2CppDumper/type_blocks/02713_LevelData.txt		signature only
2713	MergePuzzle	LevelData	1A63DD8	private void OverrideLevelItem(int level, LevelItem levelItem, bool skipRewardOverrides = False) { }	MergePuzzle/LevelData.cs	code/Il2CppDumper/type_blocks/02713_LevelData.txt		signature only
2713	MergePuzzle	LevelData	1A63ED0	private void TryOverrideXpFromDynamicConfig(int level, LevelItem levelItem) { }	MergePuzzle/LevelData.cs	code/Il2CppDumper/type_blocks/02713_LevelData.txt		signature only
2713	MergePuzzle	LevelData	1A63CB0	public int GetModuloLevel(int userLevel) { }	MergePuzzle/LevelData.cs	code/Il2CppDumper/type_blocks/02713_LevelData.txt		signature only
2713	MergePuzzle	LevelData	1A642AC	public int[] GetMinMaxXPOfLevel(int userLevel) { }	MergePuzzle/LevelData.cs	code/Il2CppDumper/type_blocks/02713_LevelData.txt		signature only
2713	MergePuzzle	LevelData	1A643E0	public LevelItem GetCurrentLevelData(EventEntity eventEntity) { }	MergePuzzle/LevelData.cs	code/Il2CppDumper/type_blocks/02713_LevelData.txt		signature only
2713	MergePuzzle	LevelData	1A6449C	public LevelItem GetLastLevelData() { }	MergePuzzle/LevelData.cs	code/Il2CppDumper/type_blocks/02713_LevelData.txt		signature only
2713	MergePuzzle	LevelData	1A64518	public LevelItem GetPreviousLevelData(EventEntity eventEntity) { }	MergePuzzle/LevelData.cs	code/Il2CppDumper/type_blocks/02713_LevelData.txt		signature only
2713	MergePuzzle	LevelData	1A645D8	public LevelItem GetNextLevelData(EventEntity eventEntity) { }	MergePuzzle/LevelData.cs	code/Il2CppDumper/type_blocks/02713_LevelData.txt		signature only
2713	MergePuzzle	LevelData	1A64694	public void .ctor() { }	MergePuzzle/LevelData.cs	code/Il2CppDumper/type_blocks/02713_LevelData.txt		signature only
2868		SceneController.	1A9F0E4	public void .ctor(int <>1__state) { }	MergePuzzle/SceneController.cs	code/Il2CppDumper/type_blocks/02868_SceneController..txt		signature only
2868		SceneController.	1A9F364	private void System.IDisposable.Dispose() { }	MergePuzzle/SceneController.cs	code/Il2CppDumper/type_blocks/02868_SceneController..txt		signature only
2868		SceneController.	1A9F368	private bool MoveNext() { }	MergePuzzle/SceneController.cs	code/Il2CppDumper/type_blocks/02868_SceneController..txt		signature only
2868		SceneController.	1A9F654	private object System.Collections.Generic.IEnumerator<System.Object>.get_Current() { }	MergePuzzle/SceneController.cs	code/Il2CppDumper/type_blocks/02868_SceneController..txt		signature only
2868		SceneController.	1A9F65C	private void System.Collections.IEnumerator.Reset() { }	MergePuzzle/SceneController.cs	code/Il2CppDumper/type_blocks/02868_SceneController..txt		signature only
2868		SceneController.	1A9F6A0	private object System.Collections.IEnumerator.get_Current() { }	MergePuzzle/SceneController.cs	code/Il2CppDumper/type_blocks/02868_SceneController..txt		signature only
2869	MergePuzzle	SceneController	1A9895C	public GameplayContextService get_GameplayContextService() { }	MergePuzzle/SceneController.cs	code/Il2CppDumper/type_blocks/02869_SceneController.txt		signature only
2869	MergePuzzle	SceneController	1A9D948	public GameplayScaledCanvasView get_GameplayScaledCanvasView() { }	MergePuzzle/SceneController.cs	code/Il2CppDumper/type_blocks/02869_SceneController.txt		signature only
2869	MergePuzzle	SceneController	1A9DA18	public GameplayNonScaledCanvasView get_GameplayNonScaledCanvasView() { }	MergePuzzle/SceneController.cs	code/Il2CppDumper/type_blocks/02869_SceneController.txt		signature only
2869	MergePuzzle	SceneController	1A9DAE8	public PopupScreenParent get_PopupScreenParent() { }	MergePuzzle/SceneController.cs	code/Il2CppDumper/type_blocks/02869_SceneController.txt		signature only
2869	MergePuzzle	SceneController	1A9DBB8	public ScreenNavigator get_ScreenNavigator() { }	MergePuzzle/SceneController.cs	code/Il2CppDumper/type_blocks/02869_SceneController.txt		signature only
2869	MergePuzzle	SceneController	1A9DC88	public BoardController get_BoardController() { }	MergePuzzle/SceneController.cs	code/Il2CppDumper/type_blocks/02869_SceneController.txt		signature only
2869	MergePuzzle	SceneController	1A95B18	public CameraController get_CameraController() { }	MergePuzzle/SceneController.cs	code/Il2CppDumper/type_blocks/02869_SceneController.txt		signature only
2869	MergePuzzle	SceneController	1A9DD58	public MetaContextService get_MetaContextService() { }	MergePuzzle/SceneController.cs	code/Il2CppDumper/type_blocks/02869_SceneController.txt		signature only
2869	MergePuzzle	SceneController	1A9DD68	public MetaOverlayCanvasController get_MetaOverlayCanvasController() { }	MergePuzzle/SceneController.cs	code/Il2CppDumper/type_blocks/02869_SceneController.txt		signature only
2869	MergePuzzle	SceneController	1A9DE38	public DefaultPopupScreenController get_DefaultPopupScreenController() { }	MergePuzzle/SceneController.cs	code/Il2CppDumper/type_blocks/02869_SceneController.txt		signature only
2869	MergePuzzle	SceneController	1A9DF08	public HeightScaledPopupScreenController get_HeightScaledPopupScreenController() { }	MergePuzzle/SceneController.cs	code/Il2CppDumper/type_blocks/02869_SceneController.txt		signature only
2869	MergePuzzle	SceneController	1A9544C	public MasterPopupService get_MasterPopupService() { }	MergePuzzle/SceneController.cs	code/Il2CppDumper/type_blocks/02869_SceneController.txt		signature only
2869	MergePuzzle	SceneController	1A9E0A4	public SceneController.State get_GameStatus() { }	MergePuzzle/SceneController.cs	code/Il2CppDumper/type_blocks/02869_SceneController.txt		signature only
2869	MergePuzzle	SceneController	1A9E0AC	public static SceneController get_Instance() { }	MergePuzzle/SceneController.cs	code/Il2CppDumper/type_blocks/02869_SceneController.txt		signature only
2869	MergePuzzle	SceneController	1A9E0FC	public static void set_Instance(SceneController value) { }	MergePuzzle/SceneController.cs	code/Il2CppDumper/type_blocks/02869_SceneController.txt		signature only
2869	MergePuzzle	SceneController	1A9E160	public override void Awake() { }	MergePuzzle/SceneController.cs	code/Il2CppDumper/type_blocks/02869_SceneController.txt		pseudocode omitted: peripheral method
2869	MergePuzzle	SceneController	1A9E318	public override void OnDestroy() { }	MergePuzzle/SceneController.cs	code/Il2CppDumper/type_blocks/02869_SceneController.txt		pseudocode omitted: peripheral method
2869	MergePuzzle	SceneController	1A9E38C	public override void UpdateTick() { }	MergePuzzle/SceneController.cs	code/Il2CppDumper/type_blocks/02869_SceneController.txt		pseudocode omitted: peripheral method
2869	MergePuzzle	SceneController	1A9E42C	public bool SeasonPassAvailableForBoard() { }	MergePuzzle/SceneController.cs	code/Il2CppDumper/type_blocks/02869_SceneController.txt		pseudocode omitted: peripheral method
2869	MergePuzzle	SceneController	1A9E4C8	public bool GetSeasonPassBadgeStatus(BoardData boardData, BoardTaskItem boardTaskItem) { }	MergePuzzle/SceneController.cs	code/Il2CppDumper/type_blocks/02869_SceneController.txt		pseudocode omitted: peripheral method
2869	MergePuzzle	SceneController	1A9E390	private void CheckBackClick() { }	MergePuzzle/SceneController.cs	code/Il2CppDumper/type_blocks/02869_SceneController.txt		pseudocode omitted: peripheral method
2869	MergePuzzle	SceneController	1A9E7E0	public override void UpdatePlayingTick(float elapsedTime) { }	MergePuzzle/SceneController.cs	code/Il2CppDumper/type_blocks/02869_SceneController.txt		pseudocode omitted: peripheral method
2869	MergePuzzle	SceneController	1A9E904	public override void UpdatePausedTick(float elapsedTime) { }	MergePuzzle/SceneController.cs	code/Il2CppDumper/type_blocks/02869_SceneController.txt		pseudocode omitted: peripheral method
2869	MergePuzzle	SceneController	1A9EA28	public override void UpdateTutorialTick(float elapsedTime) { }	MergePuzzle/SceneController.cs	code/Il2CppDumper/type_blocks/02869_SceneController.txt		pseudocode omitted: peripheral method
2869	MergePuzzle	SceneController	1A9EB4C	public void OnEvent(EntityUpdateEvent.SaveBoard e) { }	MergePuzzle/SceneController.cs	code/Il2CppDumper/type_blocks/02869_SceneController.txt	ghidra_flow_pseudocode.c	native pseudocode (unverified)
2869	MergePuzzle	SceneController	1A9EC3C	public void OnEvent(EntityUpdateEvent.InventoryUpdated e) { }	MergePuzzle/SceneController.cs	code/Il2CppDumper/type_blocks/02869_SceneController.txt	ghidra_flow_pseudocode.c	native pseudocode (unverified)
2869	MergePuzzle	SceneController	1A9EDD0	public override void OnEvent(CanvasEvent.TutorialScreenStatusChange e) { }	MergePuzzle/SceneController.cs	code/Il2CppDumper/type_blocks/02869_SceneController.txt		pseudocode omitted: peripheral method
2869	MergePuzzle	SceneController	1A9EEF4	public override void OnEvent(CanvasEvent.GameplayStatusUpdate e) { }	MergePuzzle/SceneController.cs	code/Il2CppDumper/type_blocks/02869_SceneController.txt		pseudocode omitted: peripheral method
2869	MergePuzzle	SceneController	1A9EFFC	public void OnEvent(BoardEvent.SellItemTrial e) { }	MergePuzzle/SceneController.cs	code/Il2CppDumper/type_blocks/02869_SceneController.txt	ghidra_flow_pseudocode.c	native pseudocode (unverified)
2869	MergePuzzle	SceneController	1A9F014	public void OnEvent(BoardEvent.RevertMove e) { }	MergePuzzle/SceneController.cs	code/Il2CppDumper/type_blocks/02869_SceneController.txt	ghidra_flow_pseudocode.c	native pseudocode (unverified)
2869	MergePuzzle	SceneController	1A9F020	public void OnEvent(BoardEvent.BoardItemPositionUpdateStart e) { }	MergePuzzle/SceneController.cs	code/Il2CppDumper/type_blocks/02869_SceneController.txt	ghidra_flow_pseudocode.c	native pseudocode (unverified)
2869	MergePuzzle	SceneController	1A9F03C	public void OnEvent(BoardEvent.RemoveItemViaSellComplete e) { }	MergePuzzle/SceneController.cs	code/Il2CppDumper/type_blocks/02869_SceneController.txt	ghidra_flow_pseudocode.c	native pseudocode (unverified)
2869	MergePuzzle	SceneController	1A9F048	public void OnEvent(BoardEvent.BoardItemRemoveFinished e) { }	MergePuzzle/SceneController.cs	code/Il2CppDumper/type_blocks/02869_SceneController.txt	ghidra_flow_pseudocode.c	native pseudocode (unverified)
2869	MergePuzzle	SceneController	1A9F054	public void OnEvent(BoardEvent.BubbleDestroyed e) { }	MergePuzzle/SceneController.cs	code/Il2CppDumper/type_blocks/02869_SceneController.txt	ghidra_flow_pseudocode.c	native pseudocode (unverified)
2869	MergePuzzle	SceneController	1A9F060	public void OnEvent(BoardEvent.JellyDestroyed e) { }	MergePuzzle/SceneController.cs	code/Il2CppDumper/type_blocks/02869_SceneController.txt	ghidra_flow_pseudocode.c	native pseudocode (unverified)
2869	MergePuzzle	SceneController	1A9F008	private void SendBoardItemStatusChange() { }	MergePuzzle/SceneController.cs	code/Il2CppDumper/type_blocks/02869_SceneController.txt	ghidra_flow_pseudocode.c	native pseudocode (unverified)
2869	MergePuzzle	SceneController	1A9E7C0	private void ProcessBackClick() { }	MergePuzzle/SceneController.cs	code/Il2CppDumper/type_blocks/02869_SceneController.txt		pseudocode omitted: peripheral method
2869	MergePuzzle	SceneController	1A9F06C	private IEnumerator ProcessBackDelayed() { }	MergePuzzle/SceneController.cs	code/Il2CppDumper/type_blocks/02869_SceneController.txt		pseudocode omitted: peripheral method
2869	MergePuzzle	SceneController	1A9F100	protected virtual MetaContextService GetMainMenuController() { }	MergePuzzle/SceneController.cs	code/Il2CppDumper/type_blocks/02869_SceneController.txt		pseudocode omitted: peripheral method
2869	MergePuzzle	SceneController	1A9D87C	private GameplayContextService GetGameplayContextService() { }	MergePuzzle/SceneController.cs	code/Il2CppDumper/type_blocks/02869_SceneController.txt		pseudocode omitted: peripheral method
2869	MergePuzzle	SceneController	1A9DC8C	private BoardController GetBoardController() { }	MergePuzzle/SceneController.cs	code/Il2CppDumper/type_blocks/02869_SceneController.txt	ghidra_flow_pseudocode.c	native pseudocode (unverified)
2869	MergePuzzle	SceneController	1A9F230	protected virtual CameraController GetCameraController() { }	MergePuzzle/SceneController.cs	code/Il2CppDumper/type_blocks/02869_SceneController.txt		pseudocode omitted: peripheral method
2869	MergePuzzle	SceneController	1A9DA1C	private GameplayNonScaledCanvasView GetNonScaledCanvasController() { }	MergePuzzle/SceneController.cs	code/Il2CppDumper/type_blocks/02869_SceneController.txt		pseudocode omitted: peripheral method
2869	MergePuzzle	SceneController	1A9DD6C	private MetaOverlayCanvasController GetMetaOverlayCanvasController() { }	MergePuzzle/SceneController.cs	code/Il2CppDumper/type_blocks/02869_SceneController.txt		pseudocode omitted: peripheral method
2869	MergePuzzle	SceneController	1A9DE3C	private DefaultPopupScreenController GetDefaultPopupScreenController() { }	MergePuzzle/SceneController.cs	code/Il2CppDumper/type_blocks/02869_SceneController.txt		pseudocode omitted: peripheral method
2869	MergePuzzle	SceneController	1A9DF0C	private HeightScaledPopupScreenController GetHeightScaledPopupScreenController() { }	MergePuzzle/SceneController.cs	code/Il2CppDumper/type_blocks/02869_SceneController.txt		pseudocode omitted: peripheral method
2869	MergePuzzle	SceneController	1A9DFD8	private MasterPopupService GetMasterPopupController() { }	MergePuzzle/SceneController.cs	code/Il2CppDumper/type_blocks/02869_SceneController.txt		pseudocode omitted: peripheral method
2869	MergePuzzle	SceneController	1A9DAEC	private PopupScreenParent GetPopupScreenParent() { }	MergePuzzle/SceneController.cs	code/Il2CppDumper/type_blocks/02869_SceneController.txt		pseudocode omitted: peripheral method
2869	MergePuzzle	SceneController	1A9DBBC	private ScreenNavigator GetScreenNavigator() { }	MergePuzzle/SceneController.cs	code/Il2CppDumper/type_blocks/02869_SceneController.txt		pseudocode omitted: peripheral method
2869	MergePuzzle	SceneController	1A9D94C	private GameplayScaledCanvasView GetGameplayCanvasView() { }	MergePuzzle/SceneController.cs	code/Il2CppDumper/type_blocks/02869_SceneController.txt		pseudocode omitted: peripheral method
2869	MergePuzzle	SceneController	1A9F2FC	public void .ctor() { }	MergePuzzle/SceneController.cs	code/Il2CppDumper/type_blocks/02869_SceneController.txt		signature only
3324		BalanceBubbleConfigModel.BalanceBubbleGroupModel	1BAE7D8	public void .ctor() { }	MergePuzzle/BalanceBubbleConfigModel.cs	code/Il2CppDumper/type_blocks/03324_BalanceBubbleConfigModel.BalanceBubbleGroupModel.txt		signature only
3325		BalanceBubbleConfigModel.BalanceBubbleItemModel	1BAE7E0	public void .ctor() { }	MergePuzzle/BalanceBubbleConfigModel.cs	code/Il2CppDumper/type_blocks/03325_BalanceBubbleConfigModel.BalanceBubbleItemModel.txt		signature only
3326	MergePuzzle	BalanceBubbleConfigModel	1BAE7D0	public void .ctor() { }	MergePuzzle/BalanceBubbleConfigModel.cs	code/Il2CppDumper/type_blocks/03326_BalanceBubbleConfigModel.txt		signature only
3326	MergePuzzle	BalanceBubbleConfigModel	1BA86C8	public BalanceBubbleConfigModel GetValue() { }	MergePuzzle/BalanceBubbleConfigModel.cs	code/Il2CppDumper/type_blocks/03326_BalanceBubbleConfigModel.txt		signature only
3335	MergePuzzle	BalanceProgressiveConfigModel	1BA8DC8	public BalanceProgressiveConfigModel GetSewingMachineValue() { }	MergePuzzle/BalanceProgressiveConfigModel.cs	code/Il2CppDumper/type_blocks/03335_BalanceProgressiveConfigModel.txt		signature only
3335	MergePuzzle	BalanceProgressiveConfigModel	1BAEA10	public void .ctor() { }	MergePuzzle/BalanceProgressiveConfigModel.cs	code/Il2CppDumper/type_blocks/03335_BalanceProgressiveConfigModel.txt		signature only
3336	MergePuzzle	BalanceSpawnerConfigModel	1BA8D14	public BalanceSpawnerConfigModel GetValue() { }	MergePuzzle/BalanceSpawnerConfigModel.cs	code/Il2CppDumper/type_blocks/03336_BalanceSpawnerConfigModel.txt		signature only
3336	MergePuzzle	BalanceSpawnerConfigModel	1BAEA18	public static BalanceSpawnerConfigModel GetBalanceModel() { }	MergePuzzle/BalanceSpawnerConfigModel.cs	code/Il2CppDumper/type_blocks/03336_BalanceSpawnerConfigModel.txt		signature only
3336	MergePuzzle	BalanceSpawnerConfigModel	1BAEBA0	public void .ctor() { }	MergePuzzle/BalanceSpawnerConfigModel.cs	code/Il2CppDumper/type_blocks/03336_BalanceSpawnerConfigModel.txt		signature only
3339	MergePuzzle	BalancePerishableConfigModelItem	1BAEBB8	public void .ctor() { }	MergePuzzle/BalancePerishableConfigModelItem.cs	code/Il2CppDumper/type_blocks/03339_BalancePerishableConfigModelItem.txt		signature only
3671	MergePuzzle	Coordinate	1C45A10	public int get_x() { }	MergePuzzle/Coordinate.cs	code/Il2CppDumper/type_blocks/03671_Coordinate.txt		signature only
3671	MergePuzzle	Coordinate	1C45A18	public void set_x(int value) { }	MergePuzzle/Coordinate.cs	code/Il2CppDumper/type_blocks/03671_Coordinate.txt		signature only
3671	MergePuzzle	Coordinate	1C45A20	public int get_y() { }	MergePuzzle/Coordinate.cs	code/Il2CppDumper/type_blocks/03671_Coordinate.txt		signature only
3671	MergePuzzle	Coordinate	1C45A28	public void set_y(int value) { }	MergePuzzle/Coordinate.cs	code/Il2CppDumper/type_blocks/03671_Coordinate.txt		signature only
3671	MergePuzzle	Coordinate	1C45A30	public void .ctor(int x, int y) { }	MergePuzzle/Coordinate.cs	code/Il2CppDumper/type_blocks/03671_Coordinate.txt		signature only
3671	MergePuzzle	Coordinate	1C45A38	public void Set(int x, int y) { }	MergePuzzle/Coordinate.cs	code/Il2CppDumper/type_blocks/03671_Coordinate.txt		signature only
3671	MergePuzzle	Coordinate	1C45A40	public int get_Item(int index) { }	MergePuzzle/Coordinate.cs	code/Il2CppDumper/type_blocks/03671_Coordinate.txt		signature only
3671	MergePuzzle	Coordinate	1C45B68	public void set_Item(int index, int value) { }	MergePuzzle/Coordinate.cs	code/Il2CppDumper/type_blocks/03671_Coordinate.txt		signature only
3671	MergePuzzle	Coordinate	1C45C94	public int ToInt() { }	MergePuzzle/Coordinate.cs	code/Il2CppDumper/type_blocks/03671_Coordinate.txt		signature only
3671	MergePuzzle	Coordinate	1C45D9C	public static Coordinate GetDummy() { }	MergePuzzle/Coordinate.cs	code/Il2CppDumper/type_blocks/03671_Coordinate.txt		signature only
3671	MergePuzzle	Coordinate	1C45DAC	public float GetMagnitude() { }	MergePuzzle/Coordinate.cs	code/Il2CppDumper/type_blocks/03671_Coordinate.txt		signature only
3671	MergePuzzle	Coordinate	1C45E24	public float GetSqrtMagnitude() { }	MergePuzzle/Coordinate.cs	code/Il2CppDumper/type_blocks/03671_Coordinate.txt		signature only
3671	MergePuzzle	Coordinate	1C45E98	public static float Distance(Coordinate a, Coordinate b) { }	MergePuzzle/Coordinate.cs	code/Il2CppDumper/type_blocks/03671_Coordinate.txt		signature only
3671	MergePuzzle	Coordinate	1C45F60	public static Coordinate Min(Coordinate lhs, Coordinate rhs) { }	MergePuzzle/Coordinate.cs	code/Il2CppDumper/type_blocks/03671_Coordinate.txt		signature only
3671	MergePuzzle	Coordinate	1C45FE0	public static Coordinate Max(Coordinate lhs, Coordinate rhs) { }	MergePuzzle/Coordinate.cs	code/Il2CppDumper/type_blocks/03671_Coordinate.txt		signature only
3671	MergePuzzle	Coordinate	1C46060	public static Coordinate Scale(Coordinate a, Coordinate b) { }	MergePuzzle/Coordinate.cs	code/Il2CppDumper/type_blocks/03671_Coordinate.txt		signature only
3671	MergePuzzle	Coordinate	1C460D8	public void Scale(Coordinate scale) { }	MergePuzzle/Coordinate.cs	code/Il2CppDumper/type_blocks/03671_Coordinate.txt		signature only
3671	MergePuzzle	Coordinate	1C4614C	public void Clamp(Coordinate min, Coordinate max) { }	MergePuzzle/Coordinate.cs	code/Il2CppDumper/type_blocks/03671_Coordinate.txt		signature only
3671	MergePuzzle	Coordinate	1C4623C	public static Vector2 op_Implicit(Coordinate v) { }	MergePuzzle/Coordinate.cs	code/Il2CppDumper/type_blocks/03671_Coordinate.txt		signature only
3671	MergePuzzle	Coordinate	1C462B8	public static Vector3Int op_Explicit(Coordinate v) { }	MergePuzzle/Coordinate.cs	code/Il2CppDumper/type_blocks/03671_Coordinate.txt		signature only
3671	MergePuzzle	Coordinate	1C4632C	public static Coordinate FloorToInt(Vector2 v) { }	MergePuzzle/Coordinate.cs	code/Il2CppDumper/type_blocks/03671_Coordinate.txt		signature only
3671	MergePuzzle	Coordinate	1C4642C	public static Coordinate CeilToInt(Vector2 v) { }	MergePuzzle/Coordinate.cs	code/Il2CppDumper/type_blocks/03671_Coordinate.txt		signature only
3671	MergePuzzle	Coordinate	1C46530	public static Coordinate RoundToInt(Vector2 v) { }	MergePuzzle/Coordinate.cs	code/Il2CppDumper/type_blocks/03671_Coordinate.txt		signature only
3671	MergePuzzle	Coordinate	1C46738	public static Coordinate op_UnaryNegation(Coordinate v) { }	MergePuzzle/Coordinate.cs	code/Il2CppDumper/type_blocks/03671_Coordinate.txt		signature only
3671	MergePuzzle	Coordinate	1C467A8	public static Coordinate op_Addition(Coordinate a, Coordinate b) { }	MergePuzzle/Coordinate.cs	code/Il2CppDumper/type_blocks/03671_Coordinate.txt		signature only
3671	MergePuzzle	Coordinate	1C46820	public static Coordinate op_Subtraction(Coordinate a, Coordinate b) { }	MergePuzzle/Coordinate.cs	code/Il2CppDumper/type_blocks/03671_Coordinate.txt		signature only
3671	MergePuzzle	Coordinate	1C46898	public static Coordinate op_Multiply(Coordinate a, Coordinate b) { }	MergePuzzle/Coordinate.cs	code/Il2CppDumper/type_blocks/03671_Coordinate.txt		signature only
3671	MergePuzzle	Coordinate	1C46910	public static Coordinate op_Multiply(int a, Coordinate b) { }	MergePuzzle/Coordinate.cs	code/Il2CppDumper/type_blocks/03671_Coordinate.txt		signature only
3671	MergePuzzle	Coordinate	1C46984	public static Coordinate op_Multiply(Coordinate a, int b) { }	MergePuzzle/Coordinate.cs	code/Il2CppDumper/type_blocks/03671_Coordinate.txt		signature only
3671	MergePuzzle	Coordinate	1C469F8	public static Coordinate op_Division(Coordinate a, int b) { }	MergePuzzle/Coordinate.cs	code/Il2CppDumper/type_blocks/03671_Coordinate.txt		signature only
3671	MergePuzzle	Coordinate	1C46A80	public static bool op_Equality(Coordinate lhs, Coordinate rhs) { }	MergePuzzle/Coordinate.cs	code/Il2CppDumper/type_blocks/03671_Coordinate.txt		signature only
3671	MergePuzzle	Coordinate	1C46B14	public static bool op_Inequality(Coordinate lhs, Coordinate rhs) { }	MergePuzzle/Coordinate.cs	code/Il2CppDumper/type_blocks/03671_Coordinate.txt		signature only
3671	MergePuzzle	Coordinate	1C46B9C	public override bool Equals(object other) { }	MergePuzzle/Coordinate.cs	code/Il2CppDumper/type_blocks/03671_Coordinate.txt		signature only
3671	MergePuzzle	Coordinate	1C46C54	public bool Equals(Coordinate other) { }	MergePuzzle/Coordinate.cs	code/Il2CppDumper/type_blocks/03671_Coordinate.txt		signature only
3671	MergePuzzle	Coordinate	1C46CEC	public override int GetHashCode() { }	MergePuzzle/Coordinate.cs	code/Il2CppDumper/type_blocks/03671_Coordinate.txt		signature only
3671	MergePuzzle	Coordinate	1C46D84	public override string ToString() { }	MergePuzzle/Coordinate.cs	code/Il2CppDumper/type_blocks/03671_Coordinate.txt		signature only
3671	MergePuzzle	Coordinate	1C46F20	public string ToString(string format) { }	MergePuzzle/Coordinate.cs	code/Il2CppDumper/type_blocks/03671_Coordinate.txt		signature only
3671	MergePuzzle	Coordinate	1C46E44	public string ToString(string format, IFormatProvider formatProvider) { }	MergePuzzle/Coordinate.cs	code/Il2CppDumper/type_blocks/03671_Coordinate.txt		signature only
3671	MergePuzzle	Coordinate	1C46FE0	public static Coordinate get_empty() { }	MergePuzzle/Coordinate.cs	code/Il2CppDumper/type_blocks/03671_Coordinate.txt		signature only
3671	MergePuzzle	Coordinate	1C47054	public static Coordinate get_zero() { }	MergePuzzle/Coordinate.cs	code/Il2CppDumper/type_blocks/03671_Coordinate.txt		signature only
3671	MergePuzzle	Coordinate	1C470C8	public static Coordinate get_one() { }	MergePuzzle/Coordinate.cs	code/Il2CppDumper/type_blocks/03671_Coordinate.txt		signature only
3671	MergePuzzle	Coordinate	1C4713C	public static Coordinate get_up() { }	MergePuzzle/Coordinate.cs	code/Il2CppDumper/type_blocks/03671_Coordinate.txt		signature only
3671	MergePuzzle	Coordinate	1C471B0	public static Coordinate get_down() { }	MergePuzzle/Coordinate.cs	code/Il2CppDumper/type_blocks/03671_Coordinate.txt		signature only
3671	MergePuzzle	Coordinate	1C47224	public static Coordinate get_left() { }	MergePuzzle/Coordinate.cs	code/Il2CppDumper/type_blocks/03671_Coordinate.txt		signature only
3671	MergePuzzle	Coordinate	1C47298	public static Coordinate get_right() { }	MergePuzzle/Coordinate.cs	code/Il2CppDumper/type_blocks/03671_Coordinate.txt		signature only
3671	MergePuzzle	Coordinate	1C4730C	private static void .cctor() { }	MergePuzzle/Coordinate.cs	code/Il2CppDumper/type_blocks/03671_Coordinate.txt		signature only
4068	MergePuzzle.Item.Creation	ItemCreationHandler	1CB58F0	public bool get_NewItem() { }	MergePuzzle/Item/Creation/ItemCreationHandler.cs	code/Il2CppDumper/type_blocks/04068_ItemCreationHandler.txt		signature only
4068	MergePuzzle.Item.Creation	ItemCreationHandler	1CB58F8	public void set_NewItem(bool value) { }	MergePuzzle/Item/Creation/ItemCreationHandler.cs	code/Il2CppDumper/type_blocks/04068_ItemCreationHandler.txt		signature only
4068	MergePuzzle.Item.Creation	ItemCreationHandler	1CB5900	public TutorialIndex get_TutorialIndex() { }	MergePuzzle/Item/Creation/ItemCreationHandler.cs	code/Il2CppDumper/type_blocks/04068_ItemCreationHandler.txt		signature only
4068	MergePuzzle.Item.Creation	ItemCreationHandler	1CB5908	public void set_TutorialIndex(TutorialIndex value) { }	MergePuzzle/Item/Creation/ItemCreationHandler.cs	code/Il2CppDumper/type_blocks/04068_ItemCreationHandler.txt		signature only
4068	MergePuzzle.Item.Creation	ItemCreationHandler	1CB5910	public bool get_TutorialActive() { }	MergePuzzle/Item/Creation/ItemCreationHandler.cs	code/Il2CppDumper/type_blocks/04068_ItemCreationHandler.txt		signature only
4068	MergePuzzle.Item.Creation	ItemCreationHandler	1CB5920	public ItemController get_ItemController() { }	MergePuzzle/Item/Creation/ItemCreationHandler.cs	code/Il2CppDumper/type_blocks/04068_ItemCreationHandler.txt		signature only
4068	MergePuzzle.Item.Creation	ItemCreationHandler	1CB5928	public void set_ItemController(ItemController value) { }	MergePuzzle/Item/Creation/ItemCreationHandler.cs	code/Il2CppDumper/type_blocks/04068_ItemCreationHandler.txt		signature only
4068	MergePuzzle.Item.Creation	ItemCreationHandler	1CB5930	private void .ctor() { }	MergePuzzle/Item/Creation/ItemCreationHandler.cs	code/Il2CppDumper/type_blocks/04068_ItemCreationHandler.txt		signature only
4068	MergePuzzle.Item.Creation	ItemCreationHandler	1CB5938	public static ItemCreationHandler GetItemCreationHandler() { }	MergePuzzle/Item/Creation/ItemCreationHandler.cs	code/Il2CppDumper/type_blocks/04068_ItemCreationHandler.txt		signature only
4068	MergePuzzle.Item.Creation	ItemCreationHandler	1CB5994	public ItemCreationHandler SetBubble() { }	MergePuzzle/Item/Creation/ItemCreationHandler.cs	code/Il2CppDumper/type_blocks/04068_ItemCreationHandler.txt		signature only
4068	MergePuzzle.Item.Creation	ItemCreationHandler	1CB59EC	public ItemCreationHandler SetInventory() { }	MergePuzzle/Item/Creation/ItemCreationHandler.cs	code/Il2CppDumper/type_blocks/04068_ItemCreationHandler.txt		signature only
4068	MergePuzzle.Item.Creation	ItemCreationHandler	1CB5A44	public ItemCreationHandler SetTrash() { }	MergePuzzle/Item/Creation/ItemCreationHandler.cs	code/Il2CppDumper/type_blocks/04068_ItemCreationHandler.txt		signature only
4068	MergePuzzle.Item.Creation	ItemCreationHandler	1CB5A9C	public ItemCreationHandler SetPerishableSpawnerLocation() { }	MergePuzzle/Item/Creation/ItemCreationHandler.cs	code/Il2CppDumper/type_blocks/04068_ItemCreationHandler.txt		signature only
4068	MergePuzzle.Item.Creation	ItemCreationHandler	1CB5AF4	public ItemCreationHandler SetJellyLocation() { }	MergePuzzle/Item/Creation/ItemCreationHandler.cs	code/Il2CppDumper/type_blocks/04068_ItemCreationHandler.txt		signature only
4068	MergePuzzle.Item.Creation	ItemCreationHandler	1CB5B4C	public ItemCreationHandler SetLevelBoosterLocation() { }	MergePuzzle/Item/Creation/ItemCreationHandler.cs	code/Il2CppDumper/type_blocks/04068_ItemCreationHandler.txt		signature only
4068	MergePuzzle.Item.Creation	ItemCreationHandler	1CB5BA4	public ItemCreationHandler SetSplitSpawnItemIndex(int itemIndex) { }	MergePuzzle/Item/Creation/ItemCreationHandler.cs	code/Il2CppDumper/type_blocks/04068_ItemCreationHandler.txt		signature only
4068	MergePuzzle.Item.Creation	ItemCreationHandler	1CB5C14	public ItemCreationHandler SetRewardsAreaLocation() { }	MergePuzzle/Item/Creation/ItemCreationHandler.cs	code/Il2CppDumper/type_blocks/04068_ItemCreationHandler.txt		signature only
4068	MergePuzzle.Item.Creation	ItemCreationHandler	1CB5C6C	public ItemCreationHandler SetMerge() { }	MergePuzzle/Item/Creation/ItemCreationHandler.cs	code/Il2CppDumper/type_blocks/04068_ItemCreationHandler.txt		signature only
4068	MergePuzzle.Item.Creation	ItemCreationHandler	1CB5CC4	public ItemCreationHandler SetRecurringEventSpawner() { }	MergePuzzle/Item/Creation/ItemCreationHandler.cs	code/Il2CppDumper/type_blocks/04068_ItemCreationHandler.txt		signature only
4126	MergePuzzle.RecurringEvents	RecurringEventData	1CC2D2C	public int get_ID() { }	MergePuzzle/RecurringEvents/RecurringEventData.cs	code/Il2CppDumper/type_blocks/04126_RecurringEventData.txt		signature only
4126	MergePuzzle.RecurringEvents	RecurringEventData	1CC2D48	public int get_MinimumLevel() { }	MergePuzzle/RecurringEvents/RecurringEventData.cs	code/Il2CppDumper/type_blocks/04126_RecurringEventData.txt		signature only
4126	MergePuzzle.RecurringEvents	RecurringEventData	1CC2D64	public int get_MinimumLevelForTeaserShow() { }	MergePuzzle/RecurringEvents/RecurringEventData.cs	code/Il2CppDumper/type_blocks/04126_RecurringEventData.txt		signature only
4126	MergePuzzle.RecurringEvents	RecurringEventData	1CC2D80	public long get_TeaserStartTime() { }	MergePuzzle/RecurringEvents/RecurringEventData.cs	code/Il2CppDumper/type_blocks/04126_RecurringEventData.txt		signature only
4126	MergePuzzle.RecurringEvents	RecurringEventData	1CC2D9C	public long get_StartTime() { }	MergePuzzle/RecurringEvents/RecurringEventData.cs	code/Il2CppDumper/type_blocks/04126_RecurringEventData.txt		signature only
4126	MergePuzzle.RecurringEvents	RecurringEventData	1CC2DB8	public long get_EndTime() { }	MergePuzzle/RecurringEvents/RecurringEventData.cs	code/Il2CppDumper/type_blocks/04126_RecurringEventData.txt		signature only
4126	MergePuzzle.RecurringEvents	RecurringEventData	1CC2DD4	public bool get_Disable() { }	MergePuzzle/RecurringEvents/RecurringEventData.cs	code/Il2CppDumper/type_blocks/04126_RecurringEventData.txt		signature only
4126	MergePuzzle.RecurringEvents	RecurringEventData	1CC2DF0	public Dictionary<int, int> get_BoardTaskEventPointEconomy() { }	MergePuzzle/RecurringEvents/RecurringEventData.cs	code/Il2CppDumper/type_blocks/04126_RecurringEventData.txt		signature only
4126	MergePuzzle.RecurringEvents	RecurringEventData	1CC2E0C	public List<int> get_CurrencyRewardEconomy() { }	MergePuzzle/RecurringEvents/RecurringEventData.cs	code/Il2CppDumper/type_blocks/04126_RecurringEventData.txt		signature only
4126	MergePuzzle.RecurringEvents	RecurringEventData	1CC2E28	public List<RecurringRewardData> get_KiteRewards() { }	MergePuzzle/RecurringEvents/RecurringEventData.cs	code/Il2CppDumper/type_blocks/04126_RecurringEventData.txt		signature only
4126	MergePuzzle.RecurringEvents	RecurringEventData	1CC2E44	public List<RecurringRewardData> get_Rewards() { }	MergePuzzle/RecurringEvents/RecurringEventData.cs	code/Il2CppDumper/type_blocks/04126_RecurringEventData.txt		signature only
4126	MergePuzzle.RecurringEvents	RecurringEventData	1CC2E70	public int get_InitialEventCurrency() { }	MergePuzzle/RecurringEvents/RecurringEventData.cs	code/Il2CppDumper/type_blocks/04126_RecurringEventData.txt		signature only
4126	MergePuzzle.RecurringEvents	RecurringEventData	1CC2E8C	public string get_AddressableLabel() { }	MergePuzzle/RecurringEvents/RecurringEventData.cs	code/Il2CppDumper/type_blocks/04126_RecurringEventData.txt		signature only
4126	MergePuzzle.RecurringEvents	RecurringEventData	1CC2EA8	public void .ctor(KiteRecurringEventConfigItem remoteConfig) { }	MergePuzzle/RecurringEvents/RecurringEventData.cs	code/Il2CppDumper/type_blocks/04126_RecurringEventData.txt		signature only
4126	MergePuzzle.RecurringEvents	RecurringEventData	1CC2ED0	public int GetCurrencyReward(int itemLevel) { }	MergePuzzle/RecurringEvents/RecurringEventData.cs	code/Il2CppDumper/type_blocks/04126_RecurringEventData.txt		signature only
4126	MergePuzzle.RecurringEvents	RecurringEventData	1CC2F88	public RecurringRewardData GetReward(int step) { }	MergePuzzle/RecurringEvents/RecurringEventData.cs	code/Il2CppDumper/type_blocks/04126_RecurringEventData.txt		signature only
4126	MergePuzzle.RecurringEvents	RecurringEventData	1CC30D0	public List<IRecurringEventReward> GetSupReward(int step, int progressPoint) { }	MergePuzzle/RecurringEvents/RecurringEventData.cs	code/Il2CppDumper/type_blocks/04126_RecurringEventData.txt		signature only
4126	MergePuzzle.RecurringEvents	RecurringEventData	1CC341C	public List<IRecurringEventReward> GetSupReward(int step, int progressPoint, int lastSeenPoint) { }	MergePuzzle/RecurringEvents/RecurringEventData.cs	code/Il2CppDumper/type_blocks/04126_RecurringEventData.txt		signature only
4126	MergePuzzle.RecurringEvents	RecurringEventData	1CC3774	public RecurringRewardData GetLastReward() { }	MergePuzzle/RecurringEvents/RecurringEventData.cs	code/Il2CppDumper/type_blocks/04126_RecurringEventData.txt		signature only
4126	MergePuzzle.RecurringEvents	RecurringEventData	1CC37E4	public RecurringRewardData GetFirstReward() { }	MergePuzzle/RecurringEvents/RecurringEventData.cs	code/Il2CppDumper/type_blocks/04126_RecurringEventData.txt		signature only
4126	MergePuzzle.RecurringEvents	RecurringEventData	1CC3854	public void SetLocalSaveRewards(RecurringEventEntity recurringEventEntity) { }	MergePuzzle/RecurringEvents/RecurringEventData.cs	code/Il2CppDumper/type_blocks/04126_RecurringEventData.txt		signature only
4126	MergePuzzle.RecurringEvents	RecurringEventData	1CC3880	public void ResetLocalSavedRewards() { }	MergePuzzle/RecurringEvents/RecurringEventData.cs	code/Il2CppDumper/type_blocks/04126_RecurringEventData.txt		signature only
4126	MergePuzzle.RecurringEvents	RecurringEventData	1CC3890	public int GetRewardCount() { }	MergePuzzle/RecurringEvents/RecurringEventData.cs	code/Il2CppDumper/type_blocks/04126_RecurringEventData.txt		signature only
4126	MergePuzzle.RecurringEvents	RecurringEventData	1CC38FC	public void SetEndTimeAsNow() { }	MergePuzzle/RecurringEvents/RecurringEventData.cs	code/Il2CppDumper/type_blocks/04126_RecurringEventData.txt		signature only
4179		RecurringEventHandlerBase.	1CC796C	public void .ctor() { }	MergePuzzle/RecurringEvents/RecurringEventHandlerBase.cs	code/Il2CppDumper/type_blocks/04179_RecurringEventHandlerBase..txt		signature only
4179		RecurringEventHandlerBase.	1CCC598	internal bool <ConvertCurrenciesToPoints>b__0(RewardEntity entity) { }	MergePuzzle/RecurringEvents/RecurringEventHandlerBase.cs	code/Il2CppDumper/type_blocks/04179_RecurringEventHandlerBase..txt		signature only
4179		RecurringEventHandlerBase.	1CCC5C8	internal bool <ConvertCurrenciesToPoints>b__1(ItemEntity entity) { }	MergePuzzle/RecurringEvents/RecurringEventHandlerBase.cs	code/Il2CppDumper/type_blocks/04179_RecurringEventHandlerBase..txt		signature only
4179		RecurringEventHandlerBase.	1CCC5F8	internal bool <ConvertCurrenciesToPoints>b__2(BoardPositionEntity entity) { }	MergePuzzle/RecurringEvents/RecurringEventHandlerBase.cs	code/Il2CppDumper/type_blocks/04179_RecurringEventHandlerBase..txt		signature only
4180		RecurringEventHandlerBase.	1CCC63C	private void MoveNext() { }	MergePuzzle/RecurringEvents/RecurringEventHandlerBase.cs	code/Il2CppDumper/type_blocks/04180_RecurringEventHandlerBase..txt		signature only
4180		RecurringEventHandlerBase.	1CCD0FC	private void SetStateMachine(IAsyncStateMachine stateMachine) { }	MergePuzzle/RecurringEvents/RecurringEventHandlerBase.cs	code/Il2CppDumper/type_blocks/04180_RecurringEventHandlerBase..txt		signature only
4181	MergePuzzle.RecurringEvents	RecurringEventHandlerBase	1CC42CC	public RecurringEventEntity get_RecurringEventEntity() { }	MergePuzzle/RecurringEvents/RecurringEventHandlerBase.cs	code/Il2CppDumper/type_blocks/04181_RecurringEventHandlerBase.txt		signature only
4181	MergePuzzle.RecurringEvents	RecurringEventHandlerBase	1CC42D4	public long get_RemainingTime() { }	MergePuzzle/RecurringEvents/RecurringEventHandlerBase.cs	code/Il2CppDumper/type_blocks/04181_RecurringEventHandlerBase.txt		signature only
4181	MergePuzzle.RecurringEvents	RecurringEventHandlerBase	1CC43E4	public long get_RemainingTimeToEnd() { }	MergePuzzle/RecurringEvents/RecurringEventHandlerBase.cs	code/Il2CppDumper/type_blocks/04181_RecurringEventHandlerBase.txt		signature only
4181	MergePuzzle.RecurringEvents	RecurringEventHandlerBase	1CC4330	public long get_RemainingTimeToStart() { }	MergePuzzle/RecurringEvents/RecurringEventHandlerBase.cs	code/Il2CppDumper/type_blocks/04181_RecurringEventHandlerBase.txt		signature only
4181	MergePuzzle.RecurringEvents	RecurringEventHandlerBase	1CC44C4	public long get_RemainingTimeToTeaser() { }	MergePuzzle/RecurringEvents/RecurringEventHandlerBase.cs	code/Il2CppDumper/type_blocks/04181_RecurringEventHandlerBase.txt		signature only
4181	MergePuzzle.RecurringEvents	RecurringEventHandlerBase	1CC4578	public int get_Progress() { }	MergePuzzle/RecurringEvents/RecurringEventHandlerBase.cs	code/Il2CppDumper/type_blocks/04181_RecurringEventHandlerBase.txt		signature only
4181	MergePuzzle.RecurringEvents	RecurringEventHandlerBase	1CC4594	public int get_Step() { }	MergePuzzle/RecurringEvents/RecurringEventHandlerBase.cs	code/Il2CppDumper/type_blocks/04181_RecurringEventHandlerBase.txt		signature only
4181	MergePuzzle.RecurringEvents	RecurringEventHandlerBase	1CC45B0	public List<RecurringRewardData> get_Rewards() { }	MergePuzzle/RecurringEvents/RecurringEventHandlerBase.cs	code/Il2CppDumper/type_blocks/04181_RecurringEventHandlerBase.txt		signature only
4181	MergePuzzle.RecurringEvents	RecurringEventHandlerBase	1CC4608	public EventState get_EventState() { }	MergePuzzle/RecurringEvents/RecurringEventHandlerBase.cs	code/Il2CppDumper/type_blocks/04181_RecurringEventHandlerBase.txt		signature only
4181	MergePuzzle.RecurringEvents	RecurringEventHandlerBase	1CC4610	public void set_EventState(EventState value) { }	MergePuzzle/RecurringEvents/RecurringEventHandlerBase.cs	code/Il2CppDumper/type_blocks/04181_RecurringEventHandlerBase.txt		signature only
4181	MergePuzzle.RecurringEvents	RecurringEventHandlerBase	1CC4618	public bool get_IsNewCycleArrivedSession() { }	MergePuzzle/RecurringEvents/RecurringEventHandlerBase.cs	code/Il2CppDumper/type_blocks/04181_RecurringEventHandlerBase.txt		signature only
4181	MergePuzzle.RecurringEvents	RecurringEventHandlerBase	1CC4620	private void set_IsNewCycleArrivedSession(bool value) { }	MergePuzzle/RecurringEvents/RecurringEventHandlerBase.cs	code/Il2CppDumper/type_blocks/04181_RecurringEventHandlerBase.txt		signature only
4181	MergePuzzle.RecurringEvents	RecurringEventHandlerBase	1CC4628	public bool get_ShowFinishPopupOnNewCycle() { }	MergePuzzle/RecurringEvents/RecurringEventHandlerBase.cs	code/Il2CppDumper/type_blocks/04181_RecurringEventHandlerBase.txt		signature only
4181	MergePuzzle.RecurringEvents	RecurringEventHandlerBase	1CC4630	private void set_ShowFinishPopupOnNewCycle(bool value) { }	MergePuzzle/RecurringEvents/RecurringEventHandlerBase.cs	code/Il2CppDumper/type_blocks/04181_RecurringEventHandlerBase.txt		signature only
4181	MergePuzzle.RecurringEvents	RecurringEventHandlerBase	1CC4638	public bool get_IsAnimationPlaying() { }	MergePuzzle/RecurringEvents/RecurringEventHandlerBase.cs	code/Il2CppDumper/type_blocks/04181_RecurringEventHandlerBase.txt		signature only
4181	MergePuzzle.RecurringEvents	RecurringEventHandlerBase	1CC4640	private void set_IsAnimationPlaying(bool value) { }	MergePuzzle/RecurringEvents/RecurringEventHandlerBase.cs	code/Il2CppDumper/type_blocks/04181_RecurringEventHandlerBase.txt		signature only
4181	MergePuzzle.RecurringEvents	RecurringEventHandlerBase	1CC4648	public bool get_IsTutorialCompleted() { }	MergePuzzle/RecurringEvents/RecurringEventHandlerBase.cs	code/Il2CppDumper/type_blocks/04181_RecurringEventHandlerBase.txt		signature only
4181	MergePuzzle.RecurringEvents	RecurringEventHandlerBase	1CC46C8	public List<int> GetSequentialTutorialIndexes() { }	MergePuzzle/RecurringEvents/RecurringEventHandlerBase.cs	code/Il2CppDumper/type_blocks/04181_RecurringEventHandlerBase.txt		signature only
4181	MergePuzzle.RecurringEvents	RecurringEventHandlerBase	1CC4718	public bool get_IsStarted() { }	MergePuzzle/RecurringEvents/RecurringEventHandlerBase.cs	code/Il2CppDumper/type_blocks/04181_RecurringEventHandlerBase.txt		signature only
4181	MergePuzzle.RecurringEvents	RecurringEventHandlerBase	1CC4738	public override bool get_IsActive() { }	MergePuzzle/RecurringEvents/RecurringEventHandlerBase.cs	code/Il2CppDumper/type_blocks/04181_RecurringEventHandlerBase.txt		signature only
4181	MergePuzzle.RecurringEvents	RecurringEventHandlerBase	1CC4678	public int get_TutorialIndex() { }	MergePuzzle/RecurringEvents/RecurringEventHandlerBase.cs	code/Il2CppDumper/type_blocks/04181_RecurringEventHandlerBase.txt		signature only
4181	MergePuzzle.RecurringEvents	RecurringEventHandlerBase	1CC474C	public List<IRecurringEventReward> get_ClaimableRewardsOnFinish() { }	MergePuzzle/RecurringEvents/RecurringEventHandlerBase.cs	code/Il2CppDumper/type_blocks/04181_RecurringEventHandlerBase.txt		signature only
4181	MergePuzzle.RecurringEvents	RecurringEventHandlerBase	1CC4754	protected void set_ClaimableRewardsOnFinish(List<IRecurringEventReward> value) { }	MergePuzzle/RecurringEvents/RecurringEventHandlerBase.cs	code/Il2CppDumper/type_blocks/04181_RecurringEventHandlerBase.txt		signature only
4181	MergePuzzle.RecurringEvents	RecurringEventHandlerBase	1CC475C	public bool get_HasClaimableRewardsOnFinish() { }	MergePuzzle/RecurringEvents/RecurringEventHandlerBase.cs	code/Il2CppDumper/type_blocks/04181_RecurringEventHandlerBase.txt		signature only
4181	MergePuzzle.RecurringEvents	RecurringEventHandlerBase	1CC47C0	public Dictionary<int, int> get_BoardTaskEventPointEconomy() { }	MergePuzzle/RecurringEvents/RecurringEventHandlerBase.cs	code/Il2CppDumper/type_blocks/04181_RecurringEventHandlerBase.txt		signature only
4181	MergePuzzle.RecurringEvents	RecurringEventHandlerBase	1CC4498	public RecurringEventData get_ModelData() { }	MergePuzzle/RecurringEvents/RecurringEventHandlerBase.cs	code/Il2CppDumper/type_blocks/04181_RecurringEventHandlerBase.txt		signature only
4181	MergePuzzle.RecurringEvents	RecurringEventHandlerBase	1CC480C	public virtual void OnTutorialOpeningBoardScreen() { }	MergePuzzle/RecurringEvents/RecurringEventHandlerBase.cs	code/Il2CppDumper/type_blocks/04181_RecurringEventHandlerBase.txt		signature only
4181	MergePuzzle.RecurringEvents	RecurringEventHandlerBase	1CC4894	public virtual void OnTutorialStart() { }	MergePuzzle/RecurringEvents/RecurringEventHandlerBase.cs	code/Il2CppDumper/type_blocks/04181_RecurringEventHandlerBase.txt		signature only
4181	MergePuzzle.RecurringEvents	RecurringEventHandlerBase	1CC4898	public virtual bool LimitProgress() { }	MergePuzzle/RecurringEvents/RecurringEventHandlerBase.cs	code/Il2CppDumper/type_blocks/04181_RecurringEventHandlerBase.txt		signature only
4181	MergePuzzle.RecurringEvents	RecurringEventHandlerBase	1CC48A0	public UniTask LoadAndGetAddressable() { }	MergePuzzle/RecurringEvents/RecurringEventHandlerBase.cs	code/Il2CppDumper/type_blocks/04181_RecurringEventHandlerBase.txt		signature only
4181	MergePuzzle.RecurringEvents	RecurringEventHandlerBase	1CC4978	public override void RemoveCompletely() { }	MergePuzzle/RecurringEvents/RecurringEventHandlerBase.cs	code/Il2CppDumper/type_blocks/04181_RecurringEventHandlerBase.txt		signature only
4181	MergePuzzle.RecurringEvents	RecurringEventHandlerBase	1CC4994	public void ReleaseAddressable() { }	MergePuzzle/RecurringEvents/RecurringEventHandlerBase.cs	code/Il2CppDumper/type_blocks/04181_RecurringEventHandlerBase.txt		signature only
4181	MergePuzzle.RecurringEvents	RecurringEventHandlerBase	1CC4B0C	public bool IsStartTimePassed() { }	MergePuzzle/RecurringEvents/RecurringEventHandlerBase.cs	code/Il2CppDumper/type_blocks/04181_RecurringEventHandlerBase.txt		signature only
4181	MergePuzzle.RecurringEvents	RecurringEventHandlerBase	1CC4B1C	public override void Disable() { }	MergePuzzle/RecurringEvents/RecurringEventHandlerBase.cs	code/Il2CppDumper/type_blocks/04181_RecurringEventHandlerBase.txt		signature only
4181	MergePuzzle.RecurringEvents	RecurringEventHandlerBase	1CC4BFC	public void FinishEvent() { }	MergePuzzle/RecurringEvents/RecurringEventHandlerBase.cs	code/Il2CppDumper/type_blocks/04181_RecurringEventHandlerBase.txt		signature only
4181	MergePuzzle.RecurringEvents	RecurringEventHandlerBase	1CC4CE4	public override void Initialize() { }	MergePuzzle/RecurringEvents/RecurringEventHandlerBase.cs	code/Il2CppDumper/type_blocks/04181_RecurringEventHandlerBase.txt		signature only
4181	MergePuzzle.RecurringEvents	RecurringEventHandlerBase	1CC5754	protected virtual void SetSavedEntity(RecurringEventEntity savedEntity) { }	MergePuzzle/RecurringEvents/RecurringEventHandlerBase.cs	code/Il2CppDumper/type_blocks/04181_RecurringEventHandlerBase.txt		signature only
4181	MergePuzzle.RecurringEvents	RecurringEventHandlerBase	1CC575C	protected virtual void CreateEntity() { }	MergePuzzle/RecurringEvents/RecurringEventHandlerBase.cs	code/Il2CppDumper/type_blocks/04181_RecurringEventHandlerBase.txt		signature only
4181	MergePuzzle.RecurringEvents	RecurringEventHandlerBase	1CC58AC	protected virtual void ResetEntity() { }	MergePuzzle/RecurringEvents/RecurringEventHandlerBase.cs	code/Il2CppDumper/type_blocks/04181_RecurringEventHandlerBase.txt		signature only
4181	MergePuzzle.RecurringEvents	RecurringEventHandlerBase	1CC5690	public void CreateEntityFirstTime() { }	MergePuzzle/RecurringEvents/RecurringEventHandlerBase.cs	code/Il2CppDumper/type_blocks/04181_RecurringEventHandlerBase.txt		signature only
4181	MergePuzzle.RecurringEvents	RecurringEventHandlerBase	1CC58F4	public virtual string GetRecurringEventTableName() { }	MergePuzzle/RecurringEvents/RecurringEventHandlerBase.cs	code/Il2CppDumper/type_blocks/04181_RecurringEventHandlerBase.txt		signature only
4181	MergePuzzle.RecurringEvents	RecurringEventHandlerBase	1CC59EC	public override string GetAddressableLabel() { }	MergePuzzle/RecurringEvents/RecurringEventHandlerBase.cs	code/Il2CppDumper/type_blocks/04181_RecurringEventHandlerBase.txt		signature only
4181	MergePuzzle.RecurringEvents	RecurringEventHandlerBase	1CC5B60	public override FeatureAddressableRequest GetAddressableRequest() { }	MergePuzzle/RecurringEvents/RecurringEventHandlerBase.cs	code/Il2CppDumper/type_blocks/04181_RecurringEventHandlerBase.txt		signature only
4181	MergePuzzle.RecurringEvents	RecurringEventHandlerBase	1CC5EE0	public RecurringRewardData GetCurrentRewardData() { }	MergePuzzle/RecurringEvents/RecurringEventHandlerBase.cs	code/Il2CppDumper/type_blocks/04181_RecurringEventHandlerBase.txt		signature only
4181	MergePuzzle.RecurringEvents	RecurringEventHandlerBase	1CC5EE8	public virtual void SetCurrentRewardDataOnInitialize() { }	MergePuzzle/RecurringEvents/RecurringEventHandlerBase.cs	code/Il2CppDumper/type_blocks/04181_RecurringEventHandlerBase.txt		signature only
4181	MergePuzzle.RecurringEvents	RecurringEventHandlerBase	1CC5F90	public void SetCurrentRewardData(RecurringRewardData value) { }	MergePuzzle/RecurringEvents/RecurringEventHandlerBase.cs	code/Il2CppDumper/type_blocks/04181_RecurringEventHandlerBase.txt		signature only
4181	MergePuzzle.RecurringEvents	RecurringEventHandlerBase	1CC5F98	public virtual void OnTutorialFinished() { }	MergePuzzle/RecurringEvents/RecurringEventHandlerBase.cs	code/Il2CppDumper/type_blocks/04181_RecurringEventHandlerBase.txt		signature only
4181	MergePuzzle.RecurringEvents	RecurringEventHandlerBase	1CC53B8	public void CheckForNewCycleEntity() { }	MergePuzzle/RecurringEvents/RecurringEventHandlerBase.cs	code/Il2CppDumper/type_blocks/04181_RecurringEventHandlerBase.txt		signature only
4181	MergePuzzle.RecurringEvents	RecurringEventHandlerBase	1CC5FA8	protected virtual void ActiveUpdate() { }	MergePuzzle/RecurringEvents/RecurringEventHandlerBase.cs	code/Il2CppDumper/type_blocks/04181_RecurringEventHandlerBase.txt		signature only
4181	MergePuzzle.RecurringEvents	RecurringEventHandlerBase	1CC543C	public void CreateNewCycleEntity() { }	MergePuzzle/RecurringEvents/RecurringEventHandlerBase.cs	code/Il2CppDumper/type_blocks/04181_RecurringEventHandlerBase.txt		signature only
4181	MergePuzzle.RecurringEvents	RecurringEventHandlerBase	1CC5FAC	public virtual bool IsAllRewardsClaimed() { }	MergePuzzle/RecurringEvents/RecurringEventHandlerBase.cs	code/Il2CppDumper/type_blocks/04181_RecurringEventHandlerBase.txt		signature only
4181	MergePuzzle.RecurringEvents	RecurringEventHandlerBase	1CC6024	public bool IsLastStep() { }	MergePuzzle/RecurringEvents/RecurringEventHandlerBase.cs	code/Il2CppDumper/type_blocks/04181_RecurringEventHandlerBase.txt		signature only
4181	MergePuzzle.RecurringEvents	RecurringEventHandlerBase	1CC609C	public int GetRewardCount() { }	MergePuzzle/RecurringEvents/RecurringEventHandlerBase.cs	code/Il2CppDumper/type_blocks/04181_RecurringEventHandlerBase.txt		signature only
4181	MergePuzzle.RecurringEvents	RecurringEventHandlerBase	1CC60F4	public bool IsTimeOut() { }	MergePuzzle/RecurringEvents/RecurringEventHandlerBase.cs	code/Il2CppDumper/type_blocks/04181_RecurringEventHandlerBase.txt		signature only
4181	MergePuzzle.RecurringEvents	RecurringEventHandlerBase	1CC5240	public void SetState() { }	MergePuzzle/RecurringEvents/RecurringEventHandlerBase.cs	code/Il2CppDumper/type_blocks/04181_RecurringEventHandlerBase.txt		signature only
4181	MergePuzzle.RecurringEvents	RecurringEventHandlerBase	1CC6104	public void ForceProcess() { }	MergePuzzle/RecurringEvents/RecurringEventHandlerBase.cs	code/Il2CppDumper/type_blocks/04181_RecurringEventHandlerBase.txt		signature only
4181	MergePuzzle.RecurringEvents	RecurringEventHandlerBase	1CC6114	public override void Process() { }	MergePuzzle/RecurringEvents/RecurringEventHandlerBase.cs	code/Il2CppDumper/type_blocks/04181_RecurringEventHandlerBase.txt		signature only
4181	MergePuzzle.RecurringEvents	RecurringEventHandlerBase	1CC67E8	public void InitializeForNewCycle() { }	MergePuzzle/RecurringEvents/RecurringEventHandlerBase.cs	code/Il2CppDumper/type_blocks/04181_RecurringEventHandlerBase.txt		signature only
4181	MergePuzzle.RecurringEvents	RecurringEventHandlerBase	1CC6AB8	protected virtual void OnReceiveAddressable() { }	MergePuzzle/RecurringEvents/RecurringEventHandlerBase.cs	code/Il2CppDumper/type_blocks/04181_RecurringEventHandlerBase.txt		signature only
4181	MergePuzzle.RecurringEvents	RecurringEventHandlerBase	1CC6DA8	public bool IsEventReadyToShowIcon() { }	MergePuzzle/RecurringEvents/RecurringEventHandlerBase.cs	code/Il2CppDumper/type_blocks/04181_RecurringEventHandlerBase.txt		signature only
4181	MergePuzzle.RecurringEvents	RecurringEventHandlerBase	1CC6E20	public void SetTeaserShown() { }	MergePuzzle/RecurringEvents/RecurringEventHandlerBase.cs	code/Il2CppDumper/type_blocks/04181_RecurringEventHandlerBase.txt		signature only
4181	MergePuzzle.RecurringEvents	RecurringEventHandlerBase	1CC6640	public void FinishEvent(FeatureEndType featureEndType) { }	MergePuzzle/RecurringEvents/RecurringEventHandlerBase.cs	code/Il2CppDumper/type_blocks/04181_RecurringEventHandlerBase.txt		signature only
4181	MergePuzzle.RecurringEvents	RecurringEventHandlerBase	1CC6E4C	protected virtual void FinishEventOnUpdateTick(FeatureEndType featureEndType) { }	MergePuzzle/RecurringEvents/RecurringEventHandlerBase.cs	code/Il2CppDumper/type_blocks/04181_RecurringEventHandlerBase.txt		signature only
4181	MergePuzzle.RecurringEvents	RecurringEventHandlerBase	1CC64F4	public void FinishEventOnTutorialActive() { }	MergePuzzle/RecurringEvents/RecurringEventHandlerBase.cs	code/Il2CppDumper/type_blocks/04181_RecurringEventHandlerBase.txt		signature only
4181	MergePuzzle.RecurringEvents	RecurringEventHandlerBase	1CC4C8C	public void FinishCompletely() { }	MergePuzzle/RecurringEvents/RecurringEventHandlerBase.cs	code/Il2CppDumper/type_blocks/04181_RecurringEventHandlerBase.txt		signature only
4181	MergePuzzle.RecurringEvents	RecurringEventHandlerBase	1CC6E50	protected virtual void FinishCompletelyInner() { }	MergePuzzle/RecurringEvents/RecurringEventHandlerBase.cs	code/Il2CppDumper/type_blocks/04181_RecurringEventHandlerBase.txt		signature only
4181	MergePuzzle.RecurringEvents	RecurringEventHandlerBase	1CC6E70	protected int ConvertCurrenciesToPoints(int setID) { }	MergePuzzle/RecurringEvents/RecurringEventHandlerBase.cs	code/Il2CppDumper/type_blocks/04181_RecurringEventHandlerBase.txt		signature only
4181	MergePuzzle.RecurringEvents	RecurringEventHandlerBase	1CC7974	protected virtual void CalculateClaimableRewardsOnFinish() { }	MergePuzzle/RecurringEvents/RecurringEventHandlerBase.cs	code/Il2CppDumper/type_blocks/04181_RecurringEventHandlerBase.txt		signature only
4181	MergePuzzle.RecurringEvents	RecurringEventHandlerBase	1CC7CF8	public bool CanCurrentRewardClaimable() { }	MergePuzzle/RecurringEvents/RecurringEventHandlerBase.cs	code/Il2CppDumper/type_blocks/04181_RecurringEventHandlerBase.txt		signature only
4181	MergePuzzle.RecurringEvents	RecurringEventHandlerBase	1CC7D00	protected void CalculateClaimableRewardsOnFinishWithSupRewards(int initialProgress) { }	MergePuzzle/RecurringEvents/RecurringEventHandlerBase.cs	code/Il2CppDumper/type_blocks/04181_RecurringEventHandlerBase.txt		signature only
4181	MergePuzzle.RecurringEvents	RecurringEventHandlerBase	1CC80CC	public int CalculateClaimableStepCount() { }	MergePuzzle/RecurringEvents/RecurringEventHandlerBase.cs	code/Il2CppDumper/type_blocks/04181_RecurringEventHandlerBase.txt		signature only
4181	MergePuzzle.RecurringEvents	RecurringEventHandlerBase	1CC8108	public int CalculateClaimableStep() { }	MergePuzzle/RecurringEvents/RecurringEventHandlerBase.cs	code/Il2CppDumper/type_blocks/04181_RecurringEventHandlerBase.txt		signature only
4181	MergePuzzle.RecurringEvents	RecurringEventHandlerBase	1CC825C	public virtual bool IsGoingToMaxOut() { }	MergePuzzle/RecurringEvents/RecurringEventHandlerBase.cs	code/Il2CppDumper/type_blocks/04181_RecurringEventHandlerBase.txt		signature only
4181	MergePuzzle.RecurringEvents	RecurringEventHandlerBase	1CC8128	public ValueTuple<int, int> CalculateClaimableStepProgress() { }	MergePuzzle/RecurringEvents/RecurringEventHandlerBase.cs	code/Il2CppDumper/type_blocks/04181_RecurringEventHandlerBase.txt		signature only
4181	MergePuzzle.RecurringEvents	RecurringEventHandlerBase	1CC82D8	public virtual void StartEvent() { }	MergePuzzle/RecurringEvents/RecurringEventHandlerBase.cs	code/Il2CppDumper/type_blocks/04181_RecurringEventHandlerBase.txt		signature only
4181	MergePuzzle.RecurringEvents	RecurringEventHandlerBase	1CC8464	protected virtual void StartEventInner() { }	MergePuzzle/RecurringEvents/RecurringEventHandlerBase.cs	code/Il2CppDumper/type_blocks/04181_RecurringEventHandlerBase.txt		signature only
4181	MergePuzzle.RecurringEvents	RecurringEventHandlerBase	1CC8468	protected virtual void SendScrollableItemFirebaseEvent() { }	MergePuzzle/RecurringEvents/RecurringEventHandlerBase.cs	code/Il2CppDumper/type_blocks/04181_RecurringEventHandlerBase.txt		signature only
4181	MergePuzzle.RecurringEvents	RecurringEventHandlerBase	1CC84D4	protected void AddEventPointsToActiveTasks() { }	MergePuzzle/RecurringEvents/RecurringEventHandlerBase.cs	code/Il2CppDumper/type_blocks/04181_RecurringEventHandlerBase.txt		signature only
4181	MergePuzzle.RecurringEvents	RecurringEventHandlerBase	1CC85C0	protected void AddCurrencyItemCollectionElements(List<BoardItemSetData> currentSetLst) { }	MergePuzzle/RecurringEvents/RecurringEventHandlerBase.cs	code/Il2CppDumper/type_blocks/04181_RecurringEventHandlerBase.txt		signature only
4181	MergePuzzle.RecurringEvents	RecurringEventHandlerBase	1CC86B4	protected void AddCurrencyItemCollectionElements(BoardItemSetData currentSetLst) { }	MergePuzzle/RecurringEvents/RecurringEventHandlerBase.cs	code/Il2CppDumper/type_blocks/04181_RecurringEventHandlerBase.txt		signature only
4181	MergePuzzle.RecurringEvents	RecurringEventHandlerBase	1CC87A8	protected void AddCurrencyItemCollectionElements(SerializableDictionary<int, BoardItemSetData> boardItemSetDatas) { }	MergePuzzle/RecurringEvents/RecurringEventHandlerBase.cs	code/Il2CppDumper/type_blocks/04181_RecurringEventHandlerBase.txt		signature only
4181	MergePuzzle.RecurringEvents	RecurringEventHandlerBase	1CC889C	protected void RemoveEventPointsFromActiveTasks() { }	MergePuzzle/RecurringEvents/RecurringEventHandlerBase.cs	code/Il2CppDumper/type_blocks/04181_RecurringEventHandlerBase.txt		signature only
4181	MergePuzzle.RecurringEvents	RecurringEventHandlerBase	1CC8A60	protected virtual bool IsChangeProgress() { }	MergePuzzle/RecurringEvents/RecurringEventHandlerBase.cs	code/Il2CppDumper/type_blocks/04181_RecurringEventHandlerBase.txt		signature only
4181	MergePuzzle.RecurringEvents	RecurringEventHandlerBase	1CC8A68	protected void ChangeProgress(int addedProgress) { }	MergePuzzle/RecurringEvents/RecurringEventHandlerBase.cs	code/Il2CppDumper/type_blocks/04181_RecurringEventHandlerBase.txt		signature only
4181	MergePuzzle.RecurringEvents	RecurringEventHandlerBase	1CC8BA4	protected void SendFeatureCurrencyGetEvent(int progress, string trigger) { }	MergePuzzle/RecurringEvents/RecurringEventHandlerBase.cs	code/Il2CppDumper/type_blocks/04181_RecurringEventHandlerBase.txt		signature only
4181	MergePuzzle.RecurringEvents	RecurringEventHandlerBase	1CC7BBC	public bool CanRewardClaimable(RecurringRewardData recurringRewardData) { }	MergePuzzle/RecurringEvents/RecurringEventHandlerBase.cs	code/Il2CppDumper/type_blocks/04181_RecurringEventHandlerBase.txt		signature only
4181	MergePuzzle.RecurringEvents	RecurringEventHandlerBase	1CC8BB0	public virtual void UpdateEntityOnClaim(bool isUpdateUI = True) { }	MergePuzzle/RecurringEvents/RecurringEventHandlerBase.cs	code/Il2CppDumper/type_blocks/04181_RecurringEventHandlerBase.txt		signature only
4181	MergePuzzle.RecurringEvents	RecurringEventHandlerBase	1CC8D60	public virtual bool CanRewardClaimableOnMeta() { }	MergePuzzle/RecurringEvents/RecurringEventHandlerBase.cs	code/Il2CppDumper/type_blocks/04181_RecurringEventHandlerBase.txt		signature only
4181	MergePuzzle.RecurringEvents	RecurringEventHandlerBase	1CC8D68	public int GetRequirePointForCurrentRewardClaim() { }	MergePuzzle/RecurringEvents/RecurringEventHandlerBase.cs	code/Il2CppDumper/type_blocks/04181_RecurringEventHandlerBase.txt		signature only
4181	MergePuzzle.RecurringEvents	RecurringEventHandlerBase	1CC8DE4	public int GetRequirePointForClaim(RecurringRewardData recurringRewardData) { }	MergePuzzle/RecurringEvents/RecurringEventHandlerBase.cs	code/Il2CppDumper/type_blocks/04181_RecurringEventHandlerBase.txt		signature only
4181	MergePuzzle.RecurringEvents	RecurringEventHandlerBase	1CC8E18	public void SetCurrentRewardData() { }	MergePuzzle/RecurringEvents/RecurringEventHandlerBase.cs	code/Il2CppDumper/type_blocks/04181_RecurringEventHandlerBase.txt		signature only
4181	MergePuzzle.RecurringEvents	RecurringEventHandlerBase	1CC8E88	protected virtual void ReceiveMainReward(RecurringRewardData recurringRewardData, bool isUpdateUI = True) { }	MergePuzzle/RecurringEvents/RecurringEventHandlerBase.cs	code/Il2CppDumper/type_blocks/04181_RecurringEventHandlerBase.txt		signature only
4181	MergePuzzle.RecurringEvents	RecurringEventHandlerBase	1CC9494	protected void ReceiveSupReward(SupReward supReward, int supRewardNumber, bool isUpdateUI = True) { }	MergePuzzle/RecurringEvents/RecurringEventHandlerBase.cs	code/Il2CppDumper/type_blocks/04181_RecurringEventHandlerBase.txt		signature only
4181	MergePuzzle.RecurringEvents	RecurringEventHandlerBase	1CC9AA8	protected virtual string GetMainRewardFirebaseTrigger() { }	MergePuzzle/RecurringEvents/RecurringEventHandlerBase.cs	code/Il2CppDumper/type_blocks/04181_RecurringEventHandlerBase.txt		signature only
4181	MergePuzzle.RecurringEvents	RecurringEventHandlerBase	1CC9B3C	protected virtual string GetSupRewardFirebaseTrigger(int supRewardNumber) { }	MergePuzzle/RecurringEvents/RecurringEventHandlerBase.cs	code/Il2CppDumper/type_blocks/04181_RecurringEventHandlerBase.txt		signature only
4181	MergePuzzle.RecurringEvents	RecurringEventHandlerBase	1CC9CD4	public bool IsOpenFinishPopup() { }	MergePuzzle/RecurringEvents/RecurringEventHandlerBase.cs	code/Il2CppDumper/type_blocks/04181_RecurringEventHandlerBase.txt		signature only
4181	MergePuzzle.RecurringEvents	RecurringEventHandlerBase	1CC9D0C	public AnimationLoop GetBoardIconBecomeClaimableButtonLoop() { }	MergePuzzle/RecurringEvents/RecurringEventHandlerBase.cs	code/Il2CppDumper/type_blocks/04181_RecurringEventHandlerBase.txt		signature only
4181	MergePuzzle.RecurringEvents	RecurringEventHandlerBase	1CC9D58	public virtual RecurringEventIconPresenterBase GetBoardIconPrefab() { }	MergePuzzle/RecurringEvents/RecurringEventHandlerBase.cs	code/Il2CppDumper/type_blocks/04181_RecurringEventHandlerBase.txt		signature only
4181	MergePuzzle.RecurringEvents	RecurringEventHandlerBase	1CC9DA8	public GameObject GetInfoPopupBoardIconDummyPrefab() { }	MergePuzzle/RecurringEvents/RecurringEventHandlerBase.cs	code/Il2CppDumper/type_blocks/04181_RecurringEventHandlerBase.txt		signature only
4181	MergePuzzle.RecurringEvents	RecurringEventHandlerBase	1CC9DF8	public virtual Sprite GetTickSprite() { }	MergePuzzle/RecurringEvents/RecurringEventHandlerBase.cs	code/Il2CppDumper/type_blocks/04181_RecurringEventHandlerBase.txt		signature only
4181	MergePuzzle.RecurringEvents	RecurringEventHandlerBase	1CC9E44	public virtual EventState GetEventStateForPopupInitialize() { }	MergePuzzle/RecurringEvents/RecurringEventHandlerBase.cs	code/Il2CppDumper/type_blocks/04181_RecurringEventHandlerBase.txt		signature only
4181	MergePuzzle.RecurringEvents	RecurringEventHandlerBase	1CC9E4C	public bool IsCreateHomeIcon() { }	MergePuzzle/RecurringEvents/RecurringEventHandlerBase.cs	code/Il2CppDumper/type_blocks/04181_RecurringEventHandlerBase.txt		signature only
4181	MergePuzzle.RecurringEvents	RecurringEventHandlerBase	1CC9F1C	protected void AddBoardItemCurrencyToActiveRewards(int setID, int points) { }	MergePuzzle/RecurringEvents/RecurringEventHandlerBase.cs	code/Il2CppDumper/type_blocks/04181_RecurringEventHandlerBase.txt		signature only
4181	MergePuzzle.RecurringEvents	RecurringEventHandlerBase	1CCA00C	protected void SendEventTaskRewardSpawnEvent(BoardTaskItem boardTaskItem, int setId, int points) { }	MergePuzzle/RecurringEvents/RecurringEventHandlerBase.cs	code/Il2CppDumper/type_blocks/04181_RecurringEventHandlerBase.txt		signature only
4181	MergePuzzle.RecurringEvents	RecurringEventHandlerBase	1CCA23C	protected string GetTaskClaimTriggerParameter(BoardTaskItem boardTaskItem) { }	MergePuzzle/RecurringEvents/RecurringEventHandlerBase.cs	code/Il2CppDumper/type_blocks/04181_RecurringEventHandlerBase.txt		signature only
4181	MergePuzzle.RecurringEvents	RecurringEventHandlerBase	1CCA530	protected void ShowGenericClaimRewardsPopup(GenericClaimRewardsAssets genericClaimRewardsAssets) { }	MergePuzzle/RecurringEvents/RecurringEventHandlerBase.cs	code/Il2CppDumper/type_blocks/04181_RecurringEventHandlerBase.txt		signature only
4181	MergePuzzle.RecurringEvents	RecurringEventHandlerBase	1CCA5B8	public RecurringEventHandlerBase GetBase() { }	MergePuzzle/RecurringEvents/RecurringEventHandlerBase.cs	code/Il2CppDumper/type_blocks/04181_RecurringEventHandlerBase.txt		signature only
4181	MergePuzzle.RecurringEvents	RecurringEventHandlerBase	1CCA5BC	public virtual RecurringEventHomeIconPresenter GetHomeIconPrefab() { }	MergePuzzle/RecurringEvents/RecurringEventHandlerBase.cs	code/Il2CppDumper/type_blocks/04181_RecurringEventHandlerBase.txt		signature only
4181	MergePuzzle.RecurringEvents	RecurringEventHandlerBase	1CCA5F8	public AnimationLoop GetScaleDownAnimation() { }	MergePuzzle/RecurringEvents/RecurringEventHandlerBase.cs	code/Il2CppDumper/type_blocks/04181_RecurringEventHandlerBase.txt		signature only
4181	MergePuzzle.RecurringEvents	RecurringEventHandlerBase	1CCA644	public int GetCurrencyCreationRewardPerLevel(int level) { }	MergePuzzle/RecurringEvents/RecurringEventHandlerBase.cs	code/Il2CppDumper/type_blocks/04181_RecurringEventHandlerBase.txt		signature only
4181	MergePuzzle.RecurringEvents	RecurringEventHandlerBase	1CCA6FC	public virtual RecurringEventInfoPopupControllerBase GetRecurringEventInfoPopupController() { }	MergePuzzle/RecurringEvents/RecurringEventHandlerBase.cs	code/Il2CppDumper/type_blocks/04181_RecurringEventHandlerBase.txt		signature only
4181	MergePuzzle.RecurringEvents	RecurringEventHandlerBase	1CCA74C	public bool IsNotificationAvailable() { }	MergePuzzle/RecurringEvents/RecurringEventHandlerBase.cs	code/Il2CppDumper/type_blocks/04181_RecurringEventHandlerBase.txt		signature only
4181	MergePuzzle.RecurringEvents	RecurringEventHandlerBase	1CCA7B4	public int GetNotificationCount() { }	MergePuzzle/RecurringEvents/RecurringEventHandlerBase.cs	code/Il2CppDumper/type_blocks/04181_RecurringEventHandlerBase.txt		signature only
4181	MergePuzzle.RecurringEvents	RecurringEventHandlerBase	1CCA7BC	public string GetTitle(int index) { }	MergePuzzle/RecurringEvents/RecurringEventHandlerBase.cs	code/Il2CppDumper/type_blocks/04181_RecurringEventHandlerBase.txt		signature only
4181	MergePuzzle.RecurringEvents	RecurringEventHandlerBase	1CCA928	public string GetDesc(int index) { }	MergePuzzle/RecurringEvents/RecurringEventHandlerBase.cs	code/Il2CppDumper/type_blocks/04181_RecurringEventHandlerBase.txt		signature only
4181	MergePuzzle.RecurringEvents	RecurringEventHandlerBase	1CCA89C	public string GetTitleKey(int index) { }	MergePuzzle/RecurringEvents/RecurringEventHandlerBase.cs	code/Il2CppDumper/type_blocks/04181_RecurringEventHandlerBase.txt		signature only
4181	MergePuzzle.RecurringEvents	RecurringEventHandlerBase	1CCAA08	public string GetDescKey(int index) { }	MergePuzzle/RecurringEvents/RecurringEventHandlerBase.cs	code/Il2CppDumper/type_blocks/04181_RecurringEventHandlerBase.txt		signature only
4181	MergePuzzle.RecurringEvents	RecurringEventHandlerBase	1CCAA94	public virtual long GetDateScheduledSeconds(int index) { }	MergePuzzle/RecurringEvents/RecurringEventHandlerBase.cs	code/Il2CppDumper/type_blocks/04181_RecurringEventHandlerBase.txt		signature only
4181	MergePuzzle.RecurringEvents	RecurringEventHandlerBase	1CCABD8	public string GetTag() { }	MergePuzzle/RecurringEvents/RecurringEventHandlerBase.cs	code/Il2CppDumper/type_blocks/04181_RecurringEventHandlerBase.txt		signature only
4181	MergePuzzle.RecurringEvents	RecurringEventHandlerBase	1CCABDC	public bool IsUseUTC() { }	MergePuzzle/RecurringEvents/RecurringEventHandlerBase.cs	code/Il2CppDumper/type_blocks/04181_RecurringEventHandlerBase.txt		signature only
4181	MergePuzzle.RecurringEvents	RecurringEventHandlerBase	1CCABE4	public virtual string GetScrollableFeatureParams(int point) { }	MergePuzzle/RecurringEvents/RecurringEventHandlerBase.cs	code/Il2CppDumper/type_blocks/04181_RecurringEventHandlerBase.txt		signature only
4181	MergePuzzle.RecurringEvents	RecurringEventHandlerBase	1CCAF90	public virtual bool IsActiveForFirebase() { }	MergePuzzle/RecurringEvents/RecurringEventHandlerBase.cs	code/Il2CppDumper/type_blocks/04181_RecurringEventHandlerBase.txt		signature only
4181	MergePuzzle.RecurringEvents	RecurringEventHandlerBase	1CCAFC8	public virtual ValueTuple<int, int, int> GetSupStepInfoForFirebase() { }	MergePuzzle/RecurringEvents/RecurringEventHandlerBase.cs	code/Il2CppDumper/type_blocks/04181_RecurringEventHandlerBase.txt		signature only
4181	MergePuzzle.RecurringEvents	RecurringEventHandlerBase	1CC8484	public string GetFireBaseCodeName() { }	MergePuzzle/RecurringEvents/RecurringEventHandlerBase.cs	code/Il2CppDumper/type_blocks/04181_RecurringEventHandlerBase.txt		signature only
4181	MergePuzzle.RecurringEvents	RecurringEventHandlerBase	1CCB044	protected virtual ValueTuple<int, int> GetStepProgressForFirebase() { }	MergePuzzle/RecurringEvents/RecurringEventHandlerBase.cs	code/Il2CppDumper/type_blocks/04181_RecurringEventHandlerBase.txt		signature only
4181	MergePuzzle.RecurringEvents	RecurringEventHandlerBase	1CCB068	public virtual void SetAnimationState(bool state) { }	MergePuzzle/RecurringEvents/RecurringEventHandlerBase.cs	code/Il2CppDumper/type_blocks/04181_RecurringEventHandlerBase.txt		signature only
4181	MergePuzzle.RecurringEvents	RecurringEventHandlerBase	1CCB070	public Material GetInfoTitleMaterial() { }	MergePuzzle/RecurringEvents/RecurringEventHandlerBase.cs	code/Il2CppDumper/type_blocks/04181_RecurringEventHandlerBase.txt		signature only
4181	MergePuzzle.RecurringEvents	RecurringEventHandlerBase	1CCB0BC	protected void CycleCompleted() { }	MergePuzzle/RecurringEvents/RecurringEventHandlerBase.cs	code/Il2CppDumper/type_blocks/04181_RecurringEventHandlerBase.txt		signature only
4181	MergePuzzle.RecurringEvents	RecurringEventHandlerBase	1CC7C1C	protected void IncrementStep(int stepCount = 1) { }	MergePuzzle/RecurringEvents/RecurringEventHandlerBase.cs	code/Il2CppDumper/type_blocks/04181_RecurringEventHandlerBase.txt		signature only
4181	MergePuzzle.RecurringEvents	RecurringEventHandlerBase	1CCB2B8	public ValueTuple<GameObject, RecurringEventPopupType> GetPopupPrefabWithType(bool isTutorial) { }	MergePuzzle/RecurringEvents/RecurringEventHandlerBase.cs	code/Il2CppDumper/type_blocks/04181_RecurringEventHandlerBase.txt		signature only
4181	MergePuzzle.RecurringEvents	RecurringEventHandlerBase	1CCB394	public GameObject GetPopupPrefab(bool isTutorial) { }	MergePuzzle/RecurringEvents/RecurringEventHandlerBase.cs	code/Il2CppDumper/type_blocks/04181_RecurringEventHandlerBase.txt		signature only
4181	MergePuzzle.RecurringEvents	RecurringEventHandlerBase	1CCB3EC	public virtual GameObject GetPopupPrefab(EventState eventState) { }	MergePuzzle/RecurringEvents/RecurringEventHandlerBase.cs	code/Il2CppDumper/type_blocks/04181_RecurringEventHandlerBase.txt		signature only
4181	MergePuzzle.RecurringEvents	RecurringEventHandlerBase	1CCB370	public RecurringEventPopupType GetPopupTypeForPopupInitialize(EventState eventState) { }	MergePuzzle/RecurringEvents/RecurringEventHandlerBase.cs	code/Il2CppDumper/type_blocks/04181_RecurringEventHandlerBase.txt		signature only
4181	MergePuzzle.RecurringEvents	RecurringEventHandlerBase	1CCB584	public RecurringEventGenericPopupAssetContainerBase GetPopupAssets(EventState eventState) { }	MergePuzzle/RecurringEvents/RecurringEventHandlerBase.cs	code/Il2CppDumper/type_blocks/04181_RecurringEventHandlerBase.txt		signature only
4181	MergePuzzle.RecurringEvents	RecurringEventHandlerBase	1CCB638	public virtual BasePopup GetCurrencyConversionPopup() { }	MergePuzzle/RecurringEvents/RecurringEventHandlerBase.cs	code/Il2CppDumper/type_blocks/04181_RecurringEventHandlerBase.txt		signature only
4181	MergePuzzle.RecurringEvents	RecurringEventHandlerBase	1CCB684	public RecurringEventPopupType GetRecurringEventPopupType(bool isTutorial) { }	MergePuzzle/RecurringEvents/RecurringEventHandlerBase.cs	code/Il2CppDumper/type_blocks/04181_RecurringEventHandlerBase.txt		signature only
4181	MergePuzzle.RecurringEvents	RecurringEventHandlerBase	1CCB6CC	private RecurringEventPopupType GetRecurringEventPopupType(EventState eventState) { }	MergePuzzle/RecurringEvents/RecurringEventHandlerBase.cs	code/Il2CppDumper/type_blocks/04181_RecurringEventHandlerBase.txt		signature only
4181	MergePuzzle.RecurringEvents	RecurringEventHandlerBase	1CCB6F0	public virtual void ArrangePopups() { }	MergePuzzle/RecurringEvents/RecurringEventHandlerBase.cs	code/Il2CppDumper/type_blocks/04181_RecurringEventHandlerBase.txt		signature only
4181	MergePuzzle.RecurringEvents	RecurringEventHandlerBase	1CCB724	protected bool TryOpenFinishPopup() { }	MergePuzzle/RecurringEvents/RecurringEventHandlerBase.cs	code/Il2CppDumper/type_blocks/04181_RecurringEventHandlerBase.txt		signature only
4181	MergePuzzle.RecurringEvents	RecurringEventHandlerBase	1CCB8E8	protected bool TryOpenTeaserPopup() { }	MergePuzzle/RecurringEvents/RecurringEventHandlerBase.cs	code/Il2CppDumper/type_blocks/04181_RecurringEventHandlerBase.txt		signature only
4181	MergePuzzle.RecurringEvents	RecurringEventHandlerBase	1CCB784	protected bool TryOpenStartPopup() { }	MergePuzzle/RecurringEvents/RecurringEventHandlerBase.cs	code/Il2CppDumper/type_blocks/04181_RecurringEventHandlerBase.txt		signature only
4181	MergePuzzle.RecurringEvents	RecurringEventHandlerBase	1CCB948	public virtual void ShowGenericPopup(bool isTutorial = False, bool userClicked = False) { }	MergePuzzle/RecurringEvents/RecurringEventHandlerBase.cs	code/Il2CppDumper/type_blocks/04181_RecurringEventHandlerBase.txt		signature only
4181	MergePuzzle.RecurringEvents	RecurringEventHandlerBase	1CCB950	public virtual void EnqueueGenericPopup(bool isTutorial = False, bool userClicked = False) { }	MergePuzzle/RecurringEvents/RecurringEventHandlerBase.cs	code/Il2CppDumper/type_blocks/04181_RecurringEventHandlerBase.txt		signature only
4181	MergePuzzle.RecurringEvents	RecurringEventHandlerBase	1CCB958	public virtual void EnqueueTriggerGenericPopup(bool isTutorial = False, bool userClicked = False) { }	MergePuzzle/RecurringEvents/RecurringEventHandlerBase.cs	code/Il2CppDumper/type_blocks/04181_RecurringEventHandlerBase.txt		signature only
4181	MergePuzzle.RecurringEvents	RecurringEventHandlerBase	1CCB964	public void EnqueueGenericPopupAsTriggered(bool isTutorial = False, bool userClicked = False) { }	MergePuzzle/RecurringEvents/RecurringEventHandlerBase.cs	code/Il2CppDumper/type_blocks/04181_RecurringEventHandlerBase.txt		signature only
4181	MergePuzzle.RecurringEvents	RecurringEventHandlerBase	1CCB96C	public void EnqueueGenericPopupFinishMax() { }	MergePuzzle/RecurringEvents/RecurringEventHandlerBase.cs	code/Il2CppDumper/type_blocks/04181_RecurringEventHandlerBase.txt		signature only
4181	MergePuzzle.RecurringEvents	RecurringEventHandlerBase	1CCB974	public void ShowGenericPopupFinishMax() { }	MergePuzzle/RecurringEvents/RecurringEventHandlerBase.cs	code/Il2CppDumper/type_blocks/04181_RecurringEventHandlerBase.txt		signature only
4181	MergePuzzle.RecurringEvents	RecurringEventHandlerBase	1CCB97C	public virtual void EnqueueGenericPopupFinishTimeout() { }	MergePuzzle/RecurringEvents/RecurringEventHandlerBase.cs	code/Il2CppDumper/type_blocks/04181_RecurringEventHandlerBase.txt		signature only
4181	MergePuzzle.RecurringEvents	RecurringEventHandlerBase	1CCB984	public virtual void ShowGenericPopupFinishTimeout() { }	MergePuzzle/RecurringEvents/RecurringEventHandlerBase.cs	code/Il2CppDumper/type_blocks/04181_RecurringEventHandlerBase.txt		signature only
4181	MergePuzzle.RecurringEvents	RecurringEventHandlerBase	1CCB98C	public virtual void InitializeItemRewardConversion() { }	MergePuzzle/RecurringEvents/RecurringEventHandlerBase.cs	code/Il2CppDumper/type_blocks/04181_RecurringEventHandlerBase.txt		signature only
4181	MergePuzzle.RecurringEvents	RecurringEventHandlerBase	1CCB994	public virtual void ItemRewardConvertUpdated(ItemRewardConvertEvent.FeatureStatusUpdated e) { }	MergePuzzle/RecurringEvents/RecurringEventHandlerBase.cs	code/Il2CppDumper/type_blocks/04181_RecurringEventHandlerBase.txt		signature only
4181	MergePuzzle.RecurringEvents	RecurringEventHandlerBase	1CCC538	protected void .ctor() { }	MergePuzzle/RecurringEvents/RecurringEventHandlerBase.cs	code/Il2CppDumper/type_blocks/04181_RecurringEventHandlerBase.txt		signature only
4181	MergePuzzle.RecurringEvents	RecurringEventHandlerBase	1CCC540	private bool <Disable>b__68_0(RecurringEventEntity entity) { }	MergePuzzle/RecurringEvents/RecurringEventHandlerBase.cs	code/Il2CppDumper/type_blocks/04181_RecurringEventHandlerBase.txt		signature only
4181	MergePuzzle.RecurringEvents	RecurringEventHandlerBase	1CCC570	private void <GetAddressableRequest>b__77_0() { }	MergePuzzle/RecurringEvents/RecurringEventHandlerBase.cs	code/Il2CppDumper/type_blocks/04181_RecurringEventHandlerBase.txt		signature only
4775	MergePuzzle.EnergyMultiplier	EnergyMultiplierController	1DC188C	private Transform get_FloatingTextParent() { }	MergePuzzle/EnergyMultiplier/EnergyMultiplierController.cs	code/Il2CppDumper/type_blocks/04775_EnergyMultiplierController.txt		signature only
4775	MergePuzzle.EnergyMultiplier	EnergyMultiplierController	1DC1910	public void OnEvent(BoardEvent.InitializeBoard e) { }	MergePuzzle/EnergyMultiplier/EnergyMultiplierController.cs	code/Il2CppDumper/type_blocks/04775_EnergyMultiplierController.txt		signature only
4775	MergePuzzle.EnergyMultiplier	EnergyMultiplierController	1DC1B54	public void OnEvent(CameraEvent.CameraChangeCompletedPostEvent e) { }	MergePuzzle/EnergyMultiplier/EnergyMultiplierController.cs	code/Il2CppDumper/type_blocks/04775_EnergyMultiplierController.txt		signature only
4775	MergePuzzle.EnergyMultiplier	EnergyMultiplierController	1DC22E8	public void OnEvent(EntityUpdateEvent.EnergyUpdateUI e) { }	MergePuzzle/EnergyMultiplier/EnergyMultiplierController.cs	code/Il2CppDumper/type_blocks/04775_EnergyMultiplierController.txt		signature only
4775	MergePuzzle.EnergyMultiplier	EnergyMultiplierController	1DC2304	public void OnEvent(EnergyMultiplierEvents.PopupClosed e) { }	MergePuzzle/EnergyMultiplier/EnergyMultiplierController.cs	code/Il2CppDumper/type_blocks/04775_EnergyMultiplierController.txt		signature only
4775	MergePuzzle.EnergyMultiplier	EnergyMultiplierController	1DC2E38	public override void OnEvent(CanvasEvent.GameplayStatusUpdate e) { }	MergePuzzle/EnergyMultiplier/EnergyMultiplierController.cs	code/Il2CppDumper/type_blocks/04775_EnergyMultiplierController.txt		signature only
4775	MergePuzzle.EnergyMultiplier	EnergyMultiplierController	1DC2E44	public void OnEvent(CanvasEvent.OpenEventScreen e) { }	MergePuzzle/EnergyMultiplier/EnergyMultiplierController.cs	code/Il2CppDumper/type_blocks/04775_EnergyMultiplierController.txt		signature only
4775	MergePuzzle.EnergyMultiplier	EnergyMultiplierController	1DC2E50	public void OnEvent(EnergyMultiplierEvents.CheckMultiplierPopups e) { }	MergePuzzle/EnergyMultiplier/EnergyMultiplierController.cs	code/Il2CppDumper/type_blocks/04775_EnergyMultiplierController.txt		signature only
4775	MergePuzzle.EnergyMultiplier	EnergyMultiplierController	1DC1964	private void Initialize(bool isEventBoard) { }	MergePuzzle/EnergyMultiplier/EnergyMultiplierController.cs	code/Il2CppDumper/type_blocks/04775_EnergyMultiplierController.txt		signature only
4775	MergePuzzle.EnergyMultiplier	EnergyMultiplierController	1DC2E54	private void FixEntityMultiplier() { }	MergePuzzle/EnergyMultiplier/EnergyMultiplierController.cs	code/Il2CppDumper/type_blocks/04775_EnergyMultiplierController.txt		signature only
4775	MergePuzzle.EnergyMultiplier	EnergyMultiplierController	1DC1BEC	private void CheckMultipliers() { }	MergePuzzle/EnergyMultiplier/EnergyMultiplierController.cs	code/Il2CppDumper/type_blocks/04775_EnergyMultiplierController.txt		signature only
4775	MergePuzzle.EnergyMultiplier	EnergyMultiplierController	1DC2F60	private void ActivateMultiplier() { }	MergePuzzle/EnergyMultiplier/EnergyMultiplierController.cs	code/Il2CppDumper/type_blocks/04775_EnergyMultiplierController.txt		signature only
4775	MergePuzzle.EnergyMultiplier	EnergyMultiplierController	1DC31C8	private void CreateIcon() { }	MergePuzzle/EnergyMultiplier/EnergyMultiplierController.cs	code/Il2CppDumper/type_blocks/04775_EnergyMultiplierController.txt		signature only
4775	MergePuzzle.EnergyMultiplier	EnergyMultiplierController	1DC2D20	private void TriggerFloatingText() { }	MergePuzzle/EnergyMultiplier/EnergyMultiplierController.cs	code/Il2CppDumper/type_blocks/04775_EnergyMultiplierController.txt		signature only
4775	MergePuzzle.EnergyMultiplier	EnergyMultiplierController	1DC32F8	public void .ctor() { }	MergePuzzle/EnergyMultiplier/EnergyMultiplierController.cs	code/Il2CppDumper/type_blocks/04775_EnergyMultiplierController.txt		signature only
4776	MergePuzzle.EnergyMultiplier	EnergyMultiplierEntity	1DC3FF0	public void ResetEnergySpends() { }	MergePuzzle/EnergyMultiplier/EnergyMultiplierEntity.cs	code/Il2CppDumper/type_blocks/04776_EnergyMultiplierEntity.txt		signature only
4776	MergePuzzle.EnergyMultiplier	EnergyMultiplierEntity	1DC4054	public void AddEnergySpend(int multiplier, int energySpend) { }	MergePuzzle/EnergyMultiplier/EnergyMultiplierEntity.cs	code/Il2CppDumper/type_blocks/04776_EnergyMultiplierEntity.txt		signature only
4776	MergePuzzle.EnergyMultiplier	EnergyMultiplierEntity	1DC4174	public void Reset() { }	MergePuzzle/EnergyMultiplier/EnergyMultiplierEntity.cs	code/Il2CppDumper/type_blocks/04776_EnergyMultiplierEntity.txt		signature only
4776	MergePuzzle.EnergyMultiplier	EnergyMultiplierEntity	1DC4248	public void .ctor() { }	MergePuzzle/EnergyMultiplier/EnergyMultiplierEntity.cs	code/Il2CppDumper/type_blocks/04776_EnergyMultiplierEntity.txt		signature only
4782	MergePuzzle.EnergyMultiplier	EnergyMultiplierEvents	1DC43B0	public static void RaiseMultiplierActivatedEvent(int multiplier) { }	MergePuzzle/EnergyMultiplier/EnergyMultiplierEvents.cs	code/Il2CppDumper/type_blocks/04782_EnergyMultiplierEvents.txt		signature only
4782	MergePuzzle.EnergyMultiplier	EnergyMultiplierEvents	1DC4434	public static void RaiseMultiplierViewChangedEvent(int multiplier) { }	MergePuzzle/EnergyMultiplier/EnergyMultiplierEvents.cs	code/Il2CppDumper/type_blocks/04782_EnergyMultiplierEvents.txt		signature only
4782	MergePuzzle.EnergyMultiplier	EnergyMultiplierEvents	1DC44B8	public static void RaiseMultiplierEntityChangedEvent(int multiplier) { }	MergePuzzle/EnergyMultiplier/EnergyMultiplierEvents.cs	code/Il2CppDumper/type_blocks/04782_EnergyMultiplierEvents.txt		signature only
4782	MergePuzzle.EnergyMultiplier	EnergyMultiplierEvents	1DC453C	public static void RaisePopupClosedEvent(int selectedMultiplier, int unlockedMultiplier, EnergyMultiplierPopupType popupType) { }	MergePuzzle/EnergyMultiplier/EnergyMultiplierEvents.cs	code/Il2CppDumper/type_blocks/04782_EnergyMultiplierEvents.txt		signature only
4782	MergePuzzle.EnergyMultiplier	EnergyMultiplierEvents	1DC45D0	public static void RaiseCheckMultiplierPopupsEvent() { }	MergePuzzle/EnergyMultiplier/EnergyMultiplierEvents.cs	code/Il2CppDumper/type_blocks/04782_EnergyMultiplierEvents.txt		signature only
4782	MergePuzzle.EnergyMultiplier	EnergyMultiplierEvents	1DC4650	public void .ctor() { }	MergePuzzle/EnergyMultiplier/EnergyMultiplierEvents.cs	code/Il2CppDumper/type_blocks/04782_EnergyMultiplierEvents.txt		signature only
4783	MergePuzzle.EnergyMultiplier	EnergyMultiplierHandler	1DC4658	public BoardEntity get_BoardEntity() { }	MergePuzzle/EnergyMultiplier/EnergyMultiplierHandler.cs	code/Il2CppDumper/type_blocks/04783_EnergyMultiplierHandler.txt		signature only
4783	MergePuzzle.EnergyMultiplier	EnergyMultiplierHandler	1DC4660	public EnergyMultiplierEntity get_Entity() { }	MergePuzzle/EnergyMultiplier/EnergyMultiplierHandler.cs	code/Il2CppDumper/type_blocks/04783_EnergyMultiplierHandler.txt		signature only
4783	MergePuzzle.EnergyMultiplier	EnergyMultiplierHandler	1DC4668	public KiteEnergyMultiplierConfig get_Config() { }	MergePuzzle/EnergyMultiplier/EnergyMultiplierHandler.cs	code/Il2CppDumper/type_blocks/04783_EnergyMultiplierHandler.txt		signature only
4783	MergePuzzle.EnergyMultiplier	EnergyMultiplierHandler	1DC4670	public void Initialize(BoardEntity boardEntity) { }	MergePuzzle/EnergyMultiplier/EnergyMultiplierHandler.cs	code/Il2CppDumper/type_blocks/04783_EnergyMultiplierHandler.txt		signature only
4783	MergePuzzle.EnergyMultiplier	EnergyMultiplierHandler	1DC4784	public void SetData(EnergyMultiplierAssetContainer assets) { }	MergePuzzle/EnergyMultiplier/EnergyMultiplierHandler.cs	code/Il2CppDumper/type_blocks/04783_EnergyMultiplierHandler.txt		signature only
4783	MergePuzzle.EnergyMultiplier	EnergyMultiplierHandler	1DC478C	public void SetActive(bool isActivated) { }	MergePuzzle/EnergyMultiplier/EnergyMultiplierHandler.cs	code/Il2CppDumper/type_blocks/04783_EnergyMultiplierHandler.txt		signature only
4783	MergePuzzle.EnergyMultiplier	EnergyMultiplierHandler	1DC4794	public bool GetSpawnerEnergySprite(ItemController itemController, out Sprite sprite) { }	MergePuzzle/EnergyMultiplier/EnergyMultiplierHandler.cs	code/Il2CppDumper/type_blocks/04783_EnergyMultiplierHandler.txt		signature only
4783	MergePuzzle.EnergyMultiplier	EnergyMultiplierHandler	1DC47D4	public bool GetSpawnerEnergySprite(ItemController itemController, int multiplier, out Sprite sprite) { }	MergePuzzle/EnergyMultiplier/EnergyMultiplierHandler.cs	code/Il2CppDumper/type_blocks/04783_EnergyMultiplierHandler.txt		signature only
4783	MergePuzzle.EnergyMultiplier	EnergyMultiplierHandler	1DC4980	public List<int> GetAvailableMultipliers(bool checkEnergyCondition) { }	MergePuzzle/EnergyMultiplier/EnergyMultiplierHandler.cs	code/Il2CppDumper/type_blocks/04783_EnergyMultiplierHandler.txt		signature only
4783	MergePuzzle.EnergyMultiplier	EnergyMultiplierHandler	1DC4994	private void CalculateAvailableMultipliers(bool checkEnergyCondition) { }	MergePuzzle/EnergyMultiplier/EnergyMultiplierHandler.cs	code/Il2CppDumper/type_blocks/04783_EnergyMultiplierHandler.txt		signature only
4783	MergePuzzle.EnergyMultiplier	EnergyMultiplierHandler	1DC4DD0	public int GetEnergyConsumeAmount(int itemSetID, bool isBoardEvent) { }	MergePuzzle/EnergyMultiplier/EnergyMultiplierHandler.cs	code/Il2CppDumper/type_blocks/04783_EnergyMultiplierHandler.txt		signature only
4783	MergePuzzle.EnergyMultiplier	EnergyMultiplierHandler	1DC4ECC	public float GetCapacityReduceAmount(int itemSetID, bool isBoardEvent) { }	MergePuzzle/EnergyMultiplier/EnergyMultiplierHandler.cs	code/Il2CppDumper/type_blocks/04783_EnergyMultiplierHandler.txt		signature only
4783	MergePuzzle.EnergyMultiplier	EnergyMultiplierHandler	1DC51F8	public bool ShouldShowTooltip(ItemController spawner, ref int maxAvailableMultiplier) { }	MergePuzzle/EnergyMultiplier/EnergyMultiplierHandler.cs	code/Il2CppDumper/type_blocks/04783_EnergyMultiplierHandler.txt		signature only
4783	MergePuzzle.EnergyMultiplier	EnergyMultiplierHandler	1DC5378	public float GetCurrencyClosestLevelProbability() { }	MergePuzzle/EnergyMultiplier/EnergyMultiplierHandler.cs	code/Il2CppDumper/type_blocks/04783_EnergyMultiplierHandler.txt		signature only
4783	MergePuzzle.EnergyMultiplier	EnergyMultiplierHandler	1DC53D8	public BoardItemData GetIncreasedItemData(BoardItemData itemData, int energyConsumeAmount, BoardData boardData, bool isBoardEvent) { }	MergePuzzle/EnergyMultiplier/EnergyMultiplierHandler.cs	code/Il2CppDumper/type_blocks/04783_EnergyMultiplierHandler.txt		signature only
4783	MergePuzzle.EnergyMultiplier	EnergyMultiplierHandler	1DC59EC	public static string GetLocalizedString(string key) { }	MergePuzzle/EnergyMultiplier/EnergyMultiplierHandler.cs	code/Il2CppDumper/type_blocks/04783_EnergyMultiplierHandler.txt		signature only
4783	MergePuzzle.EnergyMultiplier	EnergyMultiplierHandler	1DC5954	public static void Log(string message) { }	MergePuzzle/EnergyMultiplier/EnergyMultiplierHandler.cs	code/Il2CppDumper/type_blocks/04783_EnergyMultiplierHandler.txt		signature only
4783	MergePuzzle.EnergyMultiplier	EnergyMultiplierHandler	1DC5AE4	public void .ctor() { }	MergePuzzle/EnergyMultiplier/EnergyMultiplierHandler.cs	code/Il2CppDumper/type_blocks/04783_EnergyMultiplierHandler.txt		signature only
4784	MergePuzzle.EnergyMultiplier	KiteEnergyMultiplierConfig	1DC4FF0	public EnergyMultiplierOptions GetMultiplierOptions(int multiplier) { }	MergePuzzle/EnergyMultiplier/KiteEnergyMultiplierConfig.cs	code/Il2CppDumper/type_blocks/04784_KiteEnergyMultiplierConfig.txt		signature only
4784	MergePuzzle.EnergyMultiplier	KiteEnergyMultiplierConfig	1DC5C04	private void InitializeMultiplierOptionsCache() { }	MergePuzzle/EnergyMultiplier/KiteEnergyMultiplierConfig.cs	code/Il2CppDumper/type_blocks/04784_KiteEnergyMultiplierConfig.txt		signature only
4784	MergePuzzle.EnergyMultiplier	KiteEnergyMultiplierConfig	1DC5DCC	public void .ctor() { }	MergePuzzle/EnergyMultiplier/KiteEnergyMultiplierConfig.cs	code/Il2CppDumper/type_blocks/04784_KiteEnergyMultiplierConfig.txt		signature only
4785	MergePuzzle.EnergyMultiplier	EnergyMultiplierOptions	1DC50F4	public float GetCapacityReduceAmount(int setID) { }	MergePuzzle/EnergyMultiplier/EnergyMultiplierOptions.cs	code/Il2CppDumper/type_blocks/04785_EnergyMultiplierOptions.txt		signature only
4785	MergePuzzle.EnergyMultiplier	EnergyMultiplierOptions	1DC5DD4	private void InitializeCapacityReduceAmountCache() { }	MergePuzzle/EnergyMultiplier/EnergyMultiplierOptions.cs	code/Il2CppDumper/type_blocks/04785_EnergyMultiplierOptions.txt		signature only
4785	MergePuzzle.EnergyMultiplier	EnergyMultiplierOptions	1DC60FC	public void .ctor() { }	MergePuzzle/EnergyMultiplier/EnergyMultiplierOptions.cs	code/Il2CppDumper/type_blocks/04785_EnergyMultiplierOptions.txt		signature only
4786	MergePuzzle.EnergyMultiplier	SpawnerOptions	1DC6104	public void .ctor() { }	MergePuzzle/EnergyMultiplier/SpawnerOptions.cs	code/Il2CppDumper/type_blocks/04786_SpawnerOptions.txt		signature only
4903	MergePuzzle.DailyChallenge	NonProgressiveRewardSpawnerData	1DF0E58	public void .ctor(KiteDailyChallengeDayConfig remoteConfig) { }	MergePuzzle/DailyChallenge/NonProgressiveRewardSpawnerData.cs	code/Il2CppDumper/type_blocks/04903_NonProgressiveRewardSpawnerData.txt		signature only
4905	MergePuzzle.DailyChallenge	ProgressiveRewardSpawnerData	1DF0EA8	public void .ctor(KiteDailyChallengeDayConfig remoteConfig) { }	MergePuzzle/DailyChallenge/ProgressiveRewardSpawnerData.cs	code/Il2CppDumper/type_blocks/04905_ProgressiveRewardSpawnerData.txt		signature only
4975		NonProgressiveRewardSpawnerHandler.	1E03700	public void .ctor() { }	MergePuzzle/DailyChallenge/NonProgressiveRewardSpawnerHandler.cs	code/Il2CppDumper/type_blocks/04975_NonProgressiveRewardSpawnerHandler..txt		signature only
4975		NonProgressiveRewardSpawnerHandler.	1E03A8C	internal bool <DestroyBoardItems>b__0(RewardEntity entity) { }	MergePuzzle/DailyChallenge/NonProgressiveRewardSpawnerHandler.cs	code/Il2CppDumper/type_blocks/04975_NonProgressiveRewardSpawnerHandler..txt		signature only
4975		NonProgressiveRewardSpawnerHandler.	1E03B08	internal bool <DestroyBoardItems>b__1(ItemEntity entity) { }	MergePuzzle/DailyChallenge/NonProgressiveRewardSpawnerHandler.cs	code/Il2CppDumper/type_blocks/04975_NonProgressiveRewardSpawnerHandler..txt		signature only
4975		NonProgressiveRewardSpawnerHandler.	1E03B84	internal bool <DestroyBoardItems>b__2(BoardPositionEntity entity) { }	MergePuzzle/DailyChallenge/NonProgressiveRewardSpawnerHandler.cs	code/Il2CppDumper/type_blocks/04975_NonProgressiveRewardSpawnerHandler..txt		signature only
4976	MergePuzzle.DailyChallenge	NonProgressiveRewardSpawnerHandler	1E02A4C	public void .ctor(BoardEntity boardEntity, BoardData boardData, NonProgressiveRewardSpawnerDayConfig dayConfig, DailyChallengeHandlerManager dailyChallengeHandlerManager) { }	MergePuzzle/DailyChallenge/NonProgressiveRewardSpawnerHandler.cs	code/Il2CppDumper/type_blocks/04976_NonProgressiveRewardSpawnerHandler.txt		signature only
4976	MergePuzzle.DailyChallenge	NonProgressiveRewardSpawnerHandler	1E02B34	protected override void FinishCompletelyInner() { }	MergePuzzle/DailyChallenge/NonProgressiveRewardSpawnerHandler.cs	code/Il2CppDumper/type_blocks/04976_NonProgressiveRewardSpawnerHandler.txt		signature only
4976	MergePuzzle.DailyChallenge	NonProgressiveRewardSpawnerHandler	1E035E4	protected override void OnReceiveAddressable() { }	MergePuzzle/DailyChallenge/NonProgressiveRewardSpawnerHandler.cs	code/Il2CppDumper/type_blocks/04976_NonProgressiveRewardSpawnerHandler.txt		signature only
4976	MergePuzzle.DailyChallenge	NonProgressiveRewardSpawnerHandler	1E02B50	public void DestroyBoardItems() { }	MergePuzzle/DailyChallenge/NonProgressiveRewardSpawnerHandler.cs	code/Il2CppDumper/type_blocks/04976_NonProgressiveRewardSpawnerHandler.txt		signature only
4976	MergePuzzle.DailyChallenge	NonProgressiveRewardSpawnerHandler	1E03768	public BoardItemSetData GetCurrencySet(int setID) { }	MergePuzzle/DailyChallenge/NonProgressiveRewardSpawnerHandler.cs	code/Il2CppDumper/type_blocks/04976_NonProgressiveRewardSpawnerHandler.txt		signature only
4976	MergePuzzle.DailyChallenge	NonProgressiveRewardSpawnerHandler	1E03708	public SerializableDictionary<int, BoardItemSetData> GetBoardItemDictionary() { }	MergePuzzle/DailyChallenge/NonProgressiveRewardSpawnerHandler.cs	code/Il2CppDumper/type_blocks/04976_NonProgressiveRewardSpawnerHandler.txt		signature only
4976	MergePuzzle.DailyChallenge	NonProgressiveRewardSpawnerHandler	1E0381C	public List<BoardItemData> GetBoardItemSetItems(int setID) { }	MergePuzzle/DailyChallenge/NonProgressiveRewardSpawnerHandler.cs	code/Il2CppDumper/type_blocks/04976_NonProgressiveRewardSpawnerHandler.txt		signature only
4976	MergePuzzle.DailyChallenge	NonProgressiveRewardSpawnerHandler	1E03600	public void AddItemsToItemCollection() { }	MergePuzzle/DailyChallenge/NonProgressiveRewardSpawnerHandler.cs	code/Il2CppDumper/type_blocks/04976_NonProgressiveRewardSpawnerHandler.txt		signature only
4976	MergePuzzle.DailyChallenge	NonProgressiveRewardSpawnerHandler	1E038C4	public Sprite GetChallengeCurrencySprite() { }	MergePuzzle/DailyChallenge/NonProgressiveRewardSpawnerHandler.cs	code/Il2CppDumper/type_blocks/04976_NonProgressiveRewardSpawnerHandler.txt		signature only
4976	MergePuzzle.DailyChallenge	NonProgressiveRewardSpawnerHandler	1E03A2C	public Sprite GetStep3Sprite() { }	MergePuzzle/DailyChallenge/NonProgressiveRewardSpawnerHandler.cs	code/Il2CppDumper/type_blocks/04976_NonProgressiveRewardSpawnerHandler.txt		signature only
4981		ProgressiveRewardSpawnerHandler.	1E060A4	public void .ctor() { }	MergePuzzle/DailyChallenge/ProgressiveRewardSpawnerHandler.cs	code/Il2CppDumper/type_blocks/04981_ProgressiveRewardSpawnerHandler..txt		signature only
4981		ProgressiveRewardSpawnerHandler.	1E06B44	internal bool <DestroyBoardItems>b__0(RewardEntity entity) { }	MergePuzzle/DailyChallenge/ProgressiveRewardSpawnerHandler.cs	code/Il2CppDumper/type_blocks/04981_ProgressiveRewardSpawnerHandler..txt		signature only
4981		ProgressiveRewardSpawnerHandler.	1E06BC0	internal bool <DestroyBoardItems>b__1(ItemEntity entity) { }	MergePuzzle/DailyChallenge/ProgressiveRewardSpawnerHandler.cs	code/Il2CppDumper/type_blocks/04981_ProgressiveRewardSpawnerHandler..txt		signature only
4981		ProgressiveRewardSpawnerHandler.	1E06C3C	internal bool <DestroyBoardItems>b__2(BoardPositionEntity entity) { }	MergePuzzle/DailyChallenge/ProgressiveRewardSpawnerHandler.cs	code/Il2CppDumper/type_blocks/04981_ProgressiveRewardSpawnerHandler..txt		signature only
4982		ProgressiveRewardSpawnerHandler.	1E069C8	public void .ctor() { }	MergePuzzle/DailyChallenge/ProgressiveRewardSpawnerHandler.cs	code/Il2CppDumper/type_blocks/04982_ProgressiveRewardSpawnerHandler..txt		signature only
4982		ProgressiveRewardSpawnerHandler.	1E06CCC	internal bool <UpdatePerishableConfig>b__0(BalancePerishableConfigModelItem ps) { }	MergePuzzle/DailyChallenge/ProgressiveRewardSpawnerHandler.cs	code/Il2CppDumper/type_blocks/04982_ProgressiveRewardSpawnerHandler..txt		signature only
4983	MergePuzzle.DailyChallenge	ProgressiveRewardSpawnerHandler	1E0550C	public void .ctor(BoardEntity boardEntity, BoardData boardData, ProgressiveRewardSpawnerDayConfig dayConfig, DailyChallengeHandlerManager dailyChallengeHandlerManager) { }	MergePuzzle/DailyChallenge/ProgressiveRewardSpawnerHandler.cs	code/Il2CppDumper/type_blocks/04983_ProgressiveRewardSpawnerHandler.txt		signature only
4983	MergePuzzle.DailyChallenge	ProgressiveRewardSpawnerHandler	1E055F4	protected override void FinishCompletelyInner() { }	MergePuzzle/DailyChallenge/ProgressiveRewardSpawnerHandler.cs	code/Il2CppDumper/type_blocks/04983_ProgressiveRewardSpawnerHandler.txt		signature only
4983	MergePuzzle.DailyChallenge	ProgressiveRewardSpawnerHandler	1E05610	public void DestroyBoardItems() { }	MergePuzzle/DailyChallenge/ProgressiveRewardSpawnerHandler.cs	code/Il2CppDumper/type_blocks/04983_ProgressiveRewardSpawnerHandler.txt		signature only
4983	MergePuzzle.DailyChallenge	ProgressiveRewardSpawnerHandler	1E0610C	protected override void OnReceiveAddressable() { }	MergePuzzle/DailyChallenge/ProgressiveRewardSpawnerHandler.cs	code/Il2CppDumper/type_blocks/04983_ProgressiveRewardSpawnerHandler.txt		signature only
4983	MergePuzzle.DailyChallenge	ProgressiveRewardSpawnerHandler	1E06820	public void AddItemsToItemCollection() { }	MergePuzzle/DailyChallenge/ProgressiveRewardSpawnerHandler.cs	code/Il2CppDumper/type_blocks/04983_ProgressiveRewardSpawnerHandler.txt		signature only
4983	MergePuzzle.DailyChallenge	ProgressiveRewardSpawnerHandler	1E06130	private void UpdatePerishableConfig() { }	MergePuzzle/DailyChallenge/ProgressiveRewardSpawnerHandler.cs	code/Il2CppDumper/type_blocks/04983_ProgressiveRewardSpawnerHandler.txt		signature only
4983	MergePuzzle.DailyChallenge	ProgressiveRewardSpawnerHandler	1E069D0	public BoardItemSetData GetCurrencySet(int setID) { }	MergePuzzle/DailyChallenge/ProgressiveRewardSpawnerHandler.cs	code/Il2CppDumper/type_blocks/04983_ProgressiveRewardSpawnerHandler.txt		signature only
4983	MergePuzzle.DailyChallenge	ProgressiveRewardSpawnerHandler	1E060AC	public SerializableDictionary<int, BoardItemSetData> GetBoardItemDictionary() { }	MergePuzzle/DailyChallenge/ProgressiveRewardSpawnerHandler.cs	code/Il2CppDumper/type_blocks/04983_ProgressiveRewardSpawnerHandler.txt		signature only
4983	MergePuzzle.DailyChallenge	ProgressiveRewardSpawnerHandler	1E06920	public List<BoardItemData> GetBoardItemSetItems(int setID) { }	MergePuzzle/DailyChallenge/ProgressiveRewardSpawnerHandler.cs	code/Il2CppDumper/type_blocks/04983_ProgressiveRewardSpawnerHandler.txt		signature only
4983	MergePuzzle.DailyChallenge	ProgressiveRewardSpawnerHandler	1E06A84	public Sprite GetStep2Sprite() { }	MergePuzzle/DailyChallenge/ProgressiveRewardSpawnerHandler.cs	code/Il2CppDumper/type_blocks/04983_ProgressiveRewardSpawnerHandler.txt		signature only
4983	MergePuzzle.DailyChallenge	ProgressiveRewardSpawnerHandler	1E06AE4	public Sprite GetStep3Sprite() { }	MergePuzzle/DailyChallenge/ProgressiveRewardSpawnerHandler.cs	code/Il2CppDumper/type_blocks/04983_ProgressiveRewardSpawnerHandler.txt		signature only
5023	MergePuzzle.Locations	BoardLocation	1E124EC	public void .ctor() { }	MergePuzzle/Locations/BoardLocation.cs	code/Il2CppDumper/type_blocks/05023_BoardLocation.txt		signature only
5027	MergePuzzle.Locations	InventoryLocation	1E12524	public void .ctor() { }	MergePuzzle/Locations/InventoryLocation.cs	code/Il2CppDumper/type_blocks/05027_InventoryLocation.txt		signature only
5030	MergePuzzle.Locations	LocationBase	1E124C4	protected void .ctor() { }	MergePuzzle/Locations/LocationBase.cs	code/Il2CppDumper/type_blocks/05030_LocationBase.txt		signature only
5031	MergePuzzle.Locations	MacroLocationBase	1E124F4	protected void .ctor() { }	MergePuzzle/Locations/MacroLocationBase.cs	code/Il2CppDumper/type_blocks/05031_MacroLocationBase.txt		signature only
5039	MergePuzzle.Locations	LocationHandler	1E1253C	public static LocationHandler Get() { }	MergePuzzle/Locations/LocationHandler.cs	code/Il2CppDumper/type_blocks/05039_LocationHandler.txt		signature only
5039	MergePuzzle.Locations	LocationHandler	1E12594	protected void .ctor() { }	MergePuzzle/Locations/LocationHandler.cs	code/Il2CppDumper/type_blocks/05039_LocationHandler.txt		signature only
5039	MergePuzzle.Locations	LocationHandler	1E1262C	public bool IsFromMeta() { }	MergePuzzle/Locations/LocationHandler.cs	code/Il2CppDumper/type_blocks/05039_LocationHandler.txt		signature only
5039	MergePuzzle.Locations	LocationHandler	1E12680	public LocationHandler MakeFromRecurringEventUniqueRewards(int recurringEventId) { }	MergePuzzle/Locations/LocationHandler.cs	code/Il2CppDumper/type_blocks/05039_LocationHandler.txt		signature only
5039	MergePuzzle.Locations	LocationHandler	1E12760	public LocationHandler MakeFromMichaelsArtStudioRenovationUniqueRewards() { }	MergePuzzle/Locations/LocationHandler.cs	code/Il2CppDumper/type_blocks/05039_LocationHandler.txt		signature only
5039	MergePuzzle.Locations	LocationHandler	1E127B8	public LocationHandler MakeFromPoolRaceRewardsShowArea() { }	MergePuzzle/Locations/LocationHandler.cs	code/Il2CppDumper/type_blocks/05039_LocationHandler.txt		signature only
5039	MergePuzzle.Locations	LocationHandler	1E12838	public LocationHandler MakeFromAirRaceRewardsShowArea() { }	MergePuzzle/Locations/LocationHandler.cs	code/Il2CppDumper/type_blocks/05039_LocationHandler.txt		signature only
5039	MergePuzzle.Locations	LocationHandler	1E128B8	public LocationHandler AddMacroLocation() { }	MergePuzzle/Locations/LocationHandler.cs	code/Il2CppDumper/type_blocks/05039_LocationHandler.txt		signature only
5041	MergePuzzle.Locations	BoardTaskLocation	1E12B10	public BoardTaskGoal get_BoardTaskGoal() { }	MergePuzzle/Locations/BoardTaskLocation.cs	code/Il2CppDumper/type_blocks/05041_BoardTaskLocation.txt		signature only
5041	MergePuzzle.Locations	BoardTaskLocation	1E12B18	private void set_BoardTaskGoal(BoardTaskGoal value) { }	MergePuzzle/Locations/BoardTaskLocation.cs	code/Il2CppDumper/type_blocks/05041_BoardTaskLocation.txt		signature only
5041	MergePuzzle.Locations	BoardTaskLocation	1E12B20	public LocationHandler SetGoalUI(BoardTaskGoal boardTaskGoal) { }	MergePuzzle/Locations/BoardTaskLocation.cs	code/Il2CppDumper/type_blocks/05041_BoardTaskLocation.txt		signature only
5041	MergePuzzle.Locations	BoardTaskLocation	1E12B3C	public void .ctor() { }	MergePuzzle/Locations/BoardTaskLocation.cs	code/Il2CppDumper/type_blocks/05041_BoardTaskLocation.txt		signature only
5042	MergePuzzle.Locations	BubbleLocation	1E12B44	public void .ctor() { }	MergePuzzle/Locations/BubbleLocation.cs	code/Il2CppDumper/type_blocks/05042_BubbleLocation.txt		signature only
5043	MergePuzzle.Locations	JellyLocation	1E12B4C	public void .ctor() { }	MergePuzzle/Locations/JellyLocation.cs	code/Il2CppDumper/type_blocks/05043_JellyLocation.txt		signature only
5044	MergePuzzle.Locations	MergeLocation	1E12B54	public void .ctor() { }	MergePuzzle/Locations/MergeLocation.cs	code/Il2CppDumper/type_blocks/05044_MergeLocation.txt		signature only
5045	MergePuzzle.Locations	PerishableSpawnerLocation	1E12B5C	public void .ctor() { }	MergePuzzle/Locations/PerishableSpawnerLocation.cs	code/Il2CppDumper/type_blocks/05045_PerishableSpawnerLocation.txt		signature only
5052	MergePuzzle.Locations	RecurringEventSpawnerLocation	1E12B94	public void .ctor() { }	MergePuzzle/Locations/RecurringEventSpawnerLocation.cs	code/Il2CppDumper/type_blocks/05052_RecurringEventSpawnerLocation.txt		signature only
5382		KiteEventBoardConfig.	1EB2888	private static void .cctor() { }	MergePuzzle/BoardEvents/KiteEventBoardConfig.cs	code/Il2CppDumper/type_blocks/05382_KiteEventBoardConfig..txt		signature only
5382		KiteEventBoardConfig.	1EB28FC	public void .ctor() { }	MergePuzzle/BoardEvents/KiteEventBoardConfig.cs	code/Il2CppDumper/type_blocks/05382_KiteEventBoardConfig..txt		signature only
5382		KiteEventBoardConfig.	1EB2904	internal bool <GetProgressiveConfigModels>b__1_0(EventBoardConfigItem item) { }	MergePuzzle/BoardEvents/KiteEventBoardConfig.cs	code/Il2CppDumper/type_blocks/05382_KiteEventBoardConfig..txt		signature only
5382		KiteEventBoardConfig.	1EB2928	internal bool <GetBalanceSpawnerConfigModels>b__2_0(EventBoardConfigItem item) { }	MergePuzzle/BoardEvents/KiteEventBoardConfig.cs	code/Il2CppDumper/type_blocks/05382_KiteEventBoardConfig..txt		signature only
5383	MergePuzzle.BoardEvents	KiteEventBoardConfig	1EB21DC	public List<BalanceProgressiveConfigModel> GetProgressiveConfigModels() { }	MergePuzzle/BoardEvents/KiteEventBoardConfig.cs	code/Il2CppDumper/type_blocks/05383_KiteEventBoardConfig.txt		signature only
5383	MergePuzzle.BoardEvents	KiteEventBoardConfig	1EB2504	public List<BalanceSpawnerConfigModel> GetBalanceSpawnerConfigModels() { }	MergePuzzle/BoardEvents/KiteEventBoardConfig.cs	code/Il2CppDumper/type_blocks/05383_KiteEventBoardConfig.txt		signature only
5383	MergePuzzle.BoardEvents	KiteEventBoardConfig	1EB2880	public void .ctor() { }	MergePuzzle/BoardEvents/KiteEventBoardConfig.cs	code/Il2CppDumper/type_blocks/05383_KiteEventBoardConfig.txt		signature only
5384	MergePuzzle.BoardEvents	EventBoardConfigItem	1EB294C	public List<string> GetRequiredAddressables() { }	MergePuzzle/BoardEvents/EventBoardConfigItem.cs	code/Il2CppDumper/type_blocks/05384_EventBoardConfigItem.txt		signature only
5384	MergePuzzle.BoardEvents	EventBoardConfigItem	1EB2B68	public bool IsSameEvent(EventBoardConfigItem eventItem) { }	MergePuzzle/BoardEvents/EventBoardConfigItem.cs	code/Il2CppDumper/type_blocks/05384_EventBoardConfigItem.txt		signature only
5384	MergePuzzle.BoardEvents	EventBoardConfigItem	1EB2BB4	public long EventFinishUnix() { }	MergePuzzle/BoardEvents/EventBoardConfigItem.cs	code/Il2CppDumper/type_blocks/05384_EventBoardConfigItem.txt		signature only
5384	MergePuzzle.BoardEvents	EventBoardConfigItem	1EB2BC8	public void .ctor() { }	MergePuzzle/BoardEvents/EventBoardConfigItem.cs	code/Il2CppDumper/type_blocks/05384_EventBoardConfigItem.txt		signature only
5385		BoardEventHandler.	1EB49D8	private static void .cctor() { }	MergePuzzle/BoardEvents/BoardEventHandler.cs	code/Il2CppDumper/type_blocks/05385_BoardEventHandler..txt		signature only
5385		BoardEventHandler.	1EB4A4C	public void .ctor() { }	MergePuzzle/BoardEvents/BoardEventHandler.cs	code/Il2CppDumper/type_blocks/05385_BoardEventHandler..txt		signature only
5385		BoardEventHandler.	1EB4A54	internal bool <InitializeEntities>b__4_3(EventBoardConfigItem e) { }	MergePuzzle/BoardEvents/BoardEventHandler.cs	code/Il2CppDumper/type_blocks/05385_BoardEventHandler..txt		signature only
5385		BoardEventHandler.	1EB4A78	internal bool <InitializeEntities>b__4_0(EventBoardConfigItem item) { }	MergePuzzle/BoardEvents/BoardEventHandler.cs	code/Il2CppDumper/type_blocks/05385_BoardEventHandler..txt		signature only
5385		BoardEventHandler.	1EB4A9C	internal long <InitializeEntities>b__4_1(EventBoardConfigItem i) { }	MergePuzzle/BoardEvents/BoardEventHandler.cs	code/Il2CppDumper/type_blocks/05385_BoardEventHandler..txt		signature only
5385		BoardEventHandler.	1EB4AB8	internal long <FindFinishWaitingBoardEvent>b__8_0(EventBoardConfigItem i) { }	MergePuzzle/BoardEvents/BoardEventHandler.cs	code/Il2CppDumper/type_blocks/05385_BoardEventHandler..txt		signature only
5386		BoardEventHandler.	1EB40BC	public void .ctor() { }	MergePuzzle/BoardEvents/BoardEventHandler.cs	code/Il2CppDumper/type_blocks/05386_BoardEventHandler..txt		signature only
5386		BoardEventHandler.	1EB4AD4	internal bool <InitializeEntities>b__2(EventBoardConfigItem e) { }	MergePuzzle/BoardEvents/BoardEventHandler.cs	code/Il2CppDumper/type_blocks/05386_BoardEventHandler..txt		signature only
5387		BoardEventHandler.	1EB4348	public void .ctor() { }	MergePuzzle/BoardEvents/BoardEventHandler.cs	code/Il2CppDumper/type_blocks/05387_BoardEventHandler..txt		signature only
5387		BoardEventHandler.	1EB4B58	internal bool <ResetEventEntity>b__0(EventBoardConfigItem item) { }	MergePuzzle/BoardEvents/BoardEventHandler.cs	code/Il2CppDumper/type_blocks/05387_BoardEventHandler..txt		signature only
5388	MergePuzzle.BoardEvents	BoardEventHandler	1EB2BD0	public void InitializeEventsWithBoard(BoardEntity boardEntity, KiteFeatureCalendarConfig calendarConfig) { }	MergePuzzle/BoardEvents/BoardEventHandler.cs	code/Il2CppDumper/type_blocks/05388_BoardEventHandler.txt		signature only
5388	MergePuzzle.BoardEvents	BoardEventHandler	1EB3D90	public bool PurchaseLimitReached() { }	MergePuzzle/BoardEvents/BoardEventHandler.cs	code/Il2CppDumper/type_blocks/05388_BoardEventHandler.txt		signature only
5388	MergePuzzle.BoardEvents	BoardEventHandler	1EB3EC4	public bool IsInitialized() { }	MergePuzzle/BoardEvents/BoardEventHandler.cs	code/Il2CppDumper/type_blocks/05388_BoardEventHandler.txt		signature only
5388	MergePuzzle.BoardEvents	BoardEventHandler	1EB3ED4	public ValueTuple<List<string>, bool> GetSplashAddressableLabels() { }	MergePuzzle/BoardEvents/BoardEventHandler.cs	code/Il2CppDumper/type_blocks/05388_BoardEventHandler.txt		signature only
5388	MergePuzzle.BoardEvents	BoardEventHandler	1EB2D50	private void InitializeEntities(BoardEntity boardEntity, KiteFeatureCalendarConfig calendarConfig) { }	MergePuzzle/BoardEvents/BoardEventHandler.cs	code/Il2CppDumper/type_blocks/05388_BoardEventHandler.txt		signature only
5388	MergePuzzle.BoardEvents	BoardEventHandler	1EB4160	public BoardEntity GetBoardEntity() { }	MergePuzzle/BoardEvents/BoardEventHandler.cs	code/Il2CppDumper/type_blocks/05388_BoardEventHandler.txt		signature only
5388	MergePuzzle.BoardEvents	BoardEventHandler	1EB40C4	private void CreateNewEventEntity(EventBoardConfigItem configItem, BoardEntity boardEntity) { }	MergePuzzle/BoardEvents/BoardEventHandler.cs	code/Il2CppDumper/type_blocks/05388_BoardEventHandler.txt		signature only
5388	MergePuzzle.BoardEvents	BoardEventHandler	1EB4218	public void ResetEventEntity(int id) { }	MergePuzzle/BoardEvents/BoardEventHandler.cs	code/Il2CppDumper/type_blocks/05388_BoardEventHandler.txt		signature only
5388	MergePuzzle.BoardEvents	BoardEventHandler	1EB376C	public void FindFinishWaitingBoardEvent(BoardEntity boardEntity) { }	MergePuzzle/BoardEvents/BoardEventHandler.cs	code/Il2CppDumper/type_blocks/05388_BoardEventHandler.txt		signature only
5388	MergePuzzle.BoardEvents	BoardEventHandler	1EB43EC	private void TryRemoveRunningBoardConfigItem(EventBoardConfigItem item) { }	MergePuzzle/BoardEvents/BoardEventHandler.cs	code/Il2CppDumper/type_blocks/05388_BoardEventHandler.txt		signature only
5388	MergePuzzle.BoardEvents	BoardEventHandler	1EB4350	public void SetFinishWaitingEvent(EventBoardConfigItem item) { }	MergePuzzle/BoardEvents/BoardEventHandler.cs	code/Il2CppDumper/type_blocks/05388_BoardEventHandler.txt		signature only
5388	MergePuzzle.BoardEvents	BoardEventHandler	1EB43DC	public void RemoveFinishWaitingEvent() { }	MergePuzzle/BoardEvents/BoardEventHandler.cs	code/Il2CppDumper/type_blocks/05388_BoardEventHandler.txt		signature only
5388	MergePuzzle.BoardEvents	BoardEventHandler	1EB4550	public bool IsEventPlayable() { }	MergePuzzle/BoardEvents/BoardEventHandler.cs	code/Il2CppDumper/type_blocks/05388_BoardEventHandler.txt		signature only
5388	MergePuzzle.BoardEvents	BoardEventHandler	1EB47F0	public void RemovePopupRequests() { }	MergePuzzle/BoardEvents/BoardEventHandler.cs	code/Il2CppDumper/type_blocks/05388_BoardEventHandler.txt		signature only
5388	MergePuzzle.BoardEvents	BoardEventHandler	1EB487C	public void TryQueuePopup() { }	MergePuzzle/BoardEvents/BoardEventHandler.cs	code/Il2CppDumper/type_blocks/05388_BoardEventHandler.txt		signature only
5388	MergePuzzle.BoardEvents	BoardEventHandler	1EB493C	public void .ctor() { }	MergePuzzle/BoardEvents/BoardEventHandler.cs	code/Il2CppDumper/type_blocks/05388_BoardEventHandler.txt		signature only
5389		BoardEventHandlerBase.	1EB61C4	private void MoveNext() { }	MergePuzzle/BoardEvents/BoardEventHandlerBase.cs	code/Il2CppDumper/type_blocks/05389_BoardEventHandlerBase..txt		signature only
5389		BoardEventHandlerBase.	1EB6F00	private void SetStateMachine(IAsyncStateMachine stateMachine) { }	MergePuzzle/BoardEvents/BoardEventHandlerBase.cs	code/Il2CppDumper/type_blocks/05389_BoardEventHandlerBase..txt		signature only
5390		BoardEventHandlerBase.	1EB6F5C	private void MoveNext() { }	MergePuzzle/BoardEvents/BoardEventHandlerBase.cs	code/Il2CppDumper/type_blocks/05390_BoardEventHandlerBase..txt		signature only
5390		BoardEventHandlerBase.	1EB7E94	private void SetStateMachine(IAsyncStateMachine stateMachine) { }	MergePuzzle/BoardEvents/BoardEventHandlerBase.cs	code/Il2CppDumper/type_blocks/05390_BoardEventHandlerBase..txt		signature only
5391		BoardEventHandlerBase.	1EB7EF0	private void MoveNext() { }	MergePuzzle/BoardEvents/BoardEventHandlerBase.cs	code/Il2CppDumper/type_blocks/05391_BoardEventHandlerBase..txt		signature only
5391		BoardEventHandlerBase.	1EB8C88	private void SetStateMachine(IAsyncStateMachine stateMachine) { }	MergePuzzle/BoardEvents/BoardEventHandlerBase.cs	code/Il2CppDumper/type_blocks/05391_BoardEventHandlerBase..txt		signature only
5392		BoardEventHandlerBase.	1EB8CE4	private void MoveNext() { }	MergePuzzle/BoardEvents/BoardEventHandlerBase.cs	code/Il2CppDumper/type_blocks/05392_BoardEventHandlerBase..txt		signature only
5392		BoardEventHandlerBase.	1EB9104	private void SetStateMachine(IAsyncStateMachine stateMachine) { }	MergePuzzle/BoardEvents/BoardEventHandlerBase.cs	code/Il2CppDumper/type_blocks/05392_BoardEventHandlerBase..txt		signature only
5393	MergePuzzle.BoardEvents	BoardEventHandlerBase	1EB4B88	public UniTask<EventData> LoadEventData(int index) { }	MergePuzzle/BoardEvents/BoardEventHandlerBase.cs	code/Il2CppDumper/type_blocks/05393_BoardEventHandlerBase.txt		signature only
5393	MergePuzzle.BoardEvents	BoardEventHandlerBase	1EB4C94	public UniTask<BoardEventBoardData> LoadBoardData(int index) { }	MergePuzzle/BoardEvents/BoardEventHandlerBase.cs	code/Il2CppDumper/type_blocks/05393_BoardEventHandlerBase.txt		signature only
5393	MergePuzzle.BoardEvents	BoardEventHandlerBase	1EB3B1C	public void FindActiveBoardEvent(BoardEntity boardEntity) { }	MergePuzzle/BoardEvents/BoardEventHandlerBase.cs	code/Il2CppDumper/type_blocks/05393_BoardEventHandlerBase.txt		signature only
5393	MergePuzzle.BoardEvents	BoardEventHandlerBase	1EB4738	public EventData GetEventData(int index) { }	MergePuzzle/BoardEvents/BoardEventHandlerBase.cs	code/Il2CppDumper/type_blocks/05393_BoardEventHandlerBase.txt		signature only
5393	MergePuzzle.BoardEvents	BoardEventHandlerBase	1EB4E28	public BoardData GetBoardData(int index) { }	MergePuzzle/BoardEvents/BoardEventHandlerBase.cs	code/Il2CppDumper/type_blocks/05393_BoardEventHandlerBase.txt		signature only
5393	MergePuzzle.BoardEvents	BoardEventHandlerBase	1EB4EE0	public UniTask<bool> ReleaseBoardData(int index) { }	MergePuzzle/BoardEvents/BoardEventHandlerBase.cs	code/Il2CppDumper/type_blocks/05393_BoardEventHandlerBase.txt		signature only
5393	MergePuzzle.BoardEvents	BoardEventHandlerBase	1EB4FF0	public UniTask<bool> CheckAndDownloadRequiredRunningConfigAddressable() { }	MergePuzzle/BoardEvents/BoardEventHandlerBase.cs	code/Il2CppDumper/type_blocks/05393_BoardEventHandlerBase.txt		signature only
5393	MergePuzzle.BoardEvents	BoardEventHandlerBase	1EAFA08	public EventBoardConfigItem GetCurrentBoardEventConfigItem() { }	MergePuzzle/BoardEvents/BoardEventHandlerBase.cs	code/Il2CppDumper/type_blocks/05393_BoardEventHandlerBase.txt		signature only
5393	MergePuzzle.BoardEvents	BoardEventHandlerBase	1EB5104	public long SetRemainingTime(long diff) { }	MergePuzzle/BoardEvents/BoardEventHandlerBase.cs	code/Il2CppDumper/type_blocks/05393_BoardEventHandlerBase.txt		signature only
5393	MergePuzzle.BoardEvents	BoardEventHandlerBase	1EB4460	public EventBoardConfigItem GetActiveAndNonFinishedBoardConfigItem() { }	MergePuzzle/BoardEvents/BoardEventHandlerBase.cs	code/Il2CppDumper/type_blocks/05393_BoardEventHandlerBase.txt		signature only
5393	MergePuzzle.BoardEvents	BoardEventHandlerBase	1EB44DC	public void RemoveRunningBoardConfigItem() { }	MergePuzzle/BoardEvents/BoardEventHandlerBase.cs	code/Il2CppDumper/type_blocks/05393_BoardEventHandlerBase.txt		signature only
5393	MergePuzzle.BoardEvents	BoardEventHandlerBase	1EB3DE8	public EventEntity GetRunningEventEntity() { }	MergePuzzle/BoardEvents/BoardEventHandlerBase.cs	code/Il2CppDumper/type_blocks/05393_BoardEventHandlerBase.txt		signature only
5393	MergePuzzle.BoardEvents	BoardEventHandlerBase	1EB4DA0	public void SetRunningBoardConfigItem(EventBoardConfigItem eventBoardConfigItem) { }	MergePuzzle/BoardEvents/BoardEventHandlerBase.cs	code/Il2CppDumper/type_blocks/05393_BoardEventHandlerBase.txt		signature only
5393	MergePuzzle.BoardEvents	BoardEventHandlerBase	1EB5190	public EventBoardConfigItem GetEventBoardConfigItem(int index) { }	MergePuzzle/BoardEvents/BoardEventHandlerBase.cs	code/Il2CppDumper/type_blocks/05393_BoardEventHandlerBase.txt		signature only
5393	MergePuzzle.BoardEvents	BoardEventHandlerBase	1EB522C	public EventBoardConfigItem GetFinishWaitingEventBoardConfigItem() { }	MergePuzzle/BoardEvents/BoardEventHandlerBase.cs	code/Il2CppDumper/type_blocks/05393_BoardEventHandlerBase.txt		signature only
5393	MergePuzzle.BoardEvents	BoardEventHandlerBase	1EB5234	private bool IsAddressableDownloaded() { }	MergePuzzle/BoardEvents/BoardEventHandlerBase.cs	code/Il2CppDumper/type_blocks/05393_BoardEventHandlerBase.txt		signature only
5393	MergePuzzle.BoardEvents	BoardEventHandlerBase	1EB523C	public bool IsNotificationAvailable() { }	MergePuzzle/BoardEvents/BoardEventHandlerBase.cs	code/Il2CppDumper/type_blocks/05393_BoardEventHandlerBase.txt		signature only
5393	MergePuzzle.BoardEvents	BoardEventHandlerBase	1EB5354	public int GetNotificationCount() { }	MergePuzzle/BoardEvents/BoardEventHandlerBase.cs	code/Il2CppDumper/type_blocks/05393_BoardEventHandlerBase.txt		signature only
5393	MergePuzzle.BoardEvents	BoardEventHandlerBase	1EB535C	public string GetTitle(int index) { }	MergePuzzle/BoardEvents/BoardEventHandlerBase.cs	code/Il2CppDumper/type_blocks/05393_BoardEventHandlerBase.txt		signature only
5393	MergePuzzle.BoardEvents	BoardEventHandlerBase	1EB5500	public string GetDesc(int index) { }	MergePuzzle/BoardEvents/BoardEventHandlerBase.cs	code/Il2CppDumper/type_blocks/05393_BoardEventHandlerBase.txt		signature only
5393	MergePuzzle.BoardEvents	BoardEventHandlerBase	1EB5474	public string GetTitleKey(int index) { }	MergePuzzle/BoardEvents/BoardEventHandlerBase.cs	code/Il2CppDumper/type_blocks/05393_BoardEventHandlerBase.txt		signature only
5393	MergePuzzle.BoardEvents	BoardEventHandlerBase	1EB5618	public string GetDescKey(int index) { }	MergePuzzle/BoardEvents/BoardEventHandlerBase.cs	code/Il2CppDumper/type_blocks/05393_BoardEventHandlerBase.txt		signature only
5393	MergePuzzle.BoardEvents	BoardEventHandlerBase	1EB56A4	public long GetDateScheduledSeconds(int index) { }	MergePuzzle/BoardEvents/BoardEventHandlerBase.cs	code/Il2CppDumper/type_blocks/05393_BoardEventHandlerBase.txt		signature only
5393	MergePuzzle.BoardEvents	BoardEventHandlerBase	1EB5758	public string GetTag() { }	MergePuzzle/BoardEvents/BoardEventHandlerBase.cs	code/Il2CppDumper/type_blocks/05393_BoardEventHandlerBase.txt		signature only
5393	MergePuzzle.BoardEvents	BoardEventHandlerBase	1EB57B4	public bool IsUseUTC() { }	MergePuzzle/BoardEvents/BoardEventHandlerBase.cs	code/Il2CppDumper/type_blocks/05393_BoardEventHandlerBase.txt		signature only
5393	MergePuzzle.BoardEvents	BoardEventHandlerBase	1EB3D88	public void InitializeItemRewardConversion() { }	MergePuzzle/BoardEvents/BoardEventHandlerBase.cs	code/Il2CppDumper/type_blocks/05393_BoardEventHandlerBase.txt		signature only
5393	MergePuzzle.BoardEvents	BoardEventHandlerBase	1EB57BC	public void ItemRewardConvertUpdated(ItemRewardConvertEvent.FeatureStatusUpdated e) { }	MergePuzzle/BoardEvents/BoardEventHandlerBase.cs	code/Il2CppDumper/type_blocks/05393_BoardEventHandlerBase.txt		signature only
5393	MergePuzzle.BoardEvents	BoardEventHandlerBase	1EB57E4	private void ProcessOfferRewards(ItemRewardConvertEvent.FeatureStatusUpdated e) { }	MergePuzzle/BoardEvents/BoardEventHandlerBase.cs	code/Il2CppDumper/type_blocks/05393_BoardEventHandlerBase.txt		signature only
5393	MergePuzzle.BoardEvents	BoardEventHandlerBase	1EB5B34	private void ProcessLevelUpRewards(ItemRewardConvertEvent.FeatureStatusUpdated e) { }	MergePuzzle/BoardEvents/BoardEventHandlerBase.cs	code/Il2CppDumper/type_blocks/05393_BoardEventHandlerBase.txt		signature only
5393	MergePuzzle.BoardEvents	BoardEventHandlerBase	1EB4940	protected void .ctor() { }	MergePuzzle/BoardEvents/BoardEventHandlerBase.cs	code/Il2CppDumper/type_blocks/05393_BoardEventHandlerBase.txt		signature only
