TypeDefIndex	Namespace	Type	Kind	Declaration	AssetRipperFile	ScopeReason	Il2CppDumperBlock	FieldCount	MethodCount
26		DraggableItem	class	public class DraggableItem : MonoBehaviour // TypeDefIndex: 26	DraggableItem.cs	关键类型的基类、接口、枚举或签名直接依赖	code/Il2CppDumper/type_blocks/00026_DraggableItem.txt	2	7
30		CellMergeCollider	class	public class CellMergeCollider : MonoBehaviour // TypeDefIndex: 30	CellMergeCollider.cs	关键类型的基类、接口、枚举或签名直接依赖	code/Il2CppDumper/type_blocks/00030_CellMergeCollider.txt	1	1
86	Paxie	BaseSubscriber	class	public class BaseSubscriber : MonoBehaviour, IEventReceiver<CanvasEvent.GameplayStatusUpdate>, IEventReceiverBase, IEventReceiver<CanvasEvent.TutorialScreenStatusChange> // TypeDefIndex: 86	Paxie/BaseSubscriber.cs	关键类型的基类、接口、枚举或签名直接依赖	code/Il2CppDumper/type_blocks/00086_BaseSubscriber.txt	4	30
87	Paxie	BaseSubscriberService	class	public class BaseSubscriberService : BaseSubscriber, IGameService // TypeDefIndex: 87	Paxie/BaseSubscriberService.cs	关键类型的基类、接口、枚举或签名直接依赖	code/Il2CppDumper/type_blocks/00087_BaseSubscriberService.txt	0	1
141		DataSaveWrapper.	struct	private struct DataSaveWrapper.<LoadDataFromLocalFileAsync>d__14<T> : IAsyncStateMachine // TypeDefIndex: 141	Paxie/DataSaveWrapper.cs	存档基础依赖	code/Il2CppDumper/type_blocks/00141_DataSaveWrapper..txt	4	0
142		DataSaveWrapper.	struct	private struct DataSaveWrapper.<SaveDataToLocalFileAsync>d__13 : IAsyncStateMachine // TypeDefIndex: 142	Paxie/DataSaveWrapper.cs	存档基础依赖	code/Il2CppDumper/type_blocks/00142_DataSaveWrapper..txt	5	2
143	Paxie	DataSaveWrapper	class	public static class DataSaveWrapper // TypeDefIndex: 143	Paxie/DataSaveWrapper.cs	存档基础依赖	code/Il2CppDumper/type_blocks/00143_DataSaveWrapper.txt	2	12
144		SaveWorker.	class	private sealed class SaveWorker.<>c__DisplayClass7_0 // TypeDefIndex: 144	Paxie/SaveWorker.cs	存档基础依赖	code/Il2CppDumper/type_blocks/00144_SaveWorker..txt	4	2
145	Paxie	SaveWorker	class	public class SaveWorker : MonoBehaviour // TypeDefIndex: 145	Paxie/SaveWorker.cs	存档基础依赖	code/Il2CppDumper/type_blocks/00145_SaveWorker.txt	3	8
171		Movable.Status	enum	public enum Movable.Status // TypeDefIndex: 171	Paxie/Movable.cs	关键类型的基类、接口、枚举或签名直接依赖	code/Il2CppDumper/type_blocks/00171_Movable.Status.txt	1	0
172		Movable.InteractionStatus	enum	public enum Movable.InteractionStatus // TypeDefIndex: 172	Paxie/Movable.cs	关键类型的基类、接口、枚举或签名直接依赖	code/Il2CppDumper/type_blocks/00172_Movable.InteractionStatus.txt	1	0
173		Movable.BoardActionType	enum	public enum Movable.BoardActionType // TypeDefIndex: 173	Paxie/Movable.cs	关键类型的基类、接口、枚举或签名直接依赖	code/Il2CppDumper/type_blocks/00173_Movable.BoardActionType.txt	1	0
174	Paxie	Movable	class	public class Movable : MonoBehaviour, IDragHandler, IEventSystemHandler, IBeginDragHandler, IEndDragHandler, IPointerClickHandler // TypeDefIndex: 174	Paxie/Movable.cs	关键类型的基类、接口、枚举或签名直接依赖	code/Il2CppDumper/type_blocks/00174_Movable.txt	6	16
198	Paxie	SerializableDictionary	class	public class SerializableDictionary // TypeDefIndex: 198	Paxie/SerializableDictionary.cs	关键类型的基类、接口、枚举或签名直接依赖	code/Il2CppDumper/type_blocks/00198_SerializableDictionary.txt	0	1
199		SerializableDictionary.SerializableKeyValuePair	struct	public struct SerializableDictionary.SerializableKeyValuePair<TKey, TValue> // TypeDefIndex: 199	Paxie/SerializableDictionary.cs	关键类型的基类、接口、枚举或签名直接依赖	code/Il2CppDumper/type_blocks/00199_SerializableDictionary.SerializableKeyValuePair.txt	2	0
200		SerializableDictionary.	class	private sealed class SerializableDictionary.<>c<TKey, TValue> // TypeDefIndex: 200	Paxie/SerializableDictionary.cs	关键类型的基类、接口、枚举或签名直接依赖	code/Il2CppDumper/type_blocks/00200_SerializableDictionary..txt	3	0
201	Paxie	SerializableDictionary	class	public class SerializableDictionary<TKey, TValue> : SerializableDictionary, ISerializationCallbackReceiver, IDictionary<TKey, TValue>, ICollection<KeyValuePair<TKey, TValue>>, IEnumerable<KeyValuePair<TKey, TValue>>, IEnumerable // TypeDefIndex: 201	Paxie/SerializableDictionary.cs	关键类型的基类、接口、枚举或签名直接依赖	code/Il2CppDumper/type_blocks/00201_SerializableDictionary.txt	2	0
209	Paxie	IEvent	interface	public interface IEvent // TypeDefIndex: 209	Paxie/IEvent.cs	关键类型的基类、接口、枚举或签名直接依赖	code/Il2CppDumper/type_blocks/00209_IEvent.txt	0	0
210	Paxie	IEventReceiverBase	interface	public interface IEventReceiverBase // TypeDefIndex: 210	Paxie/IEventReceiverBase.cs	关键类型的基类、接口、枚举或签名直接依赖	code/Il2CppDumper/type_blocks/00210_IEventReceiverBase.txt	0	0
211	Paxie	IEventReceiver	interface	public interface IEventReceiver<T> : IEventReceiverBase // TypeDefIndex: 211	Paxie/IEventReceiver.cs	关键类型的基类、接口、枚举或签名直接依赖	code/Il2CppDumper/type_blocks/00211_IEventReceiver.txt	0	0
344	Paxie.MergePuzzle	ItemControllerFactory	class	public class ItemControllerFactory // TypeDefIndex: 344	Paxie/MergePuzzle/ItemControllerFactory.cs	物品控制器工厂	code/Il2CppDumper/type_blocks/00344_ItemControllerFactory.txt	3	1
392		ItemCollectionElement.Type	enum	public enum ItemCollectionElement.Type // TypeDefIndex: 392	Paxie/MergePuzzle/ItemCollections/Model/ItemCollectionElement.cs	物品集合解锁与状态	code/Il2CppDumper/type_blocks/00392_ItemCollectionElement.Type.txt	1	0
393		ItemCollectionElement.Delegates.Initialize	class	public sealed class ItemCollectionElement.Delegates.Initialize : MulticastDelegate // TypeDefIndex: 393	Paxie/MergePuzzle/ItemCollections/Model/ItemCollectionElement.cs	物品集合解锁与状态	code/Il2CppDumper/type_blocks/00393_ItemCollectionElement.Delegates.Initialize.txt	0	4
394		ItemCollectionElement.Delegates.TypeChanged	class	public sealed class ItemCollectionElement.Delegates.TypeChanged : MulticastDelegate // TypeDefIndex: 394	Paxie/MergePuzzle/ItemCollections/Model/ItemCollectionElement.cs	物品集合解锁与状态	code/Il2CppDumper/type_blocks/00394_ItemCollectionElement.Delegates.TypeChanged.txt	0	4
395		ItemCollectionElement.Delegates.Claim	class	public sealed class ItemCollectionElement.Delegates.Claim : MulticastDelegate // TypeDefIndex: 395	Paxie/MergePuzzle/ItemCollections/Model/ItemCollectionElement.cs	物品集合解锁与状态	code/Il2CppDumper/type_blocks/00395_ItemCollectionElement.Delegates.Claim.txt	0	4
396		ItemCollectionElement.Delegates	class	public class ItemCollectionElement.Delegates // TypeDefIndex: 396	Paxie/MergePuzzle/ItemCollections/Model/ItemCollectionElement.cs	物品集合解锁与状态	code/Il2CppDumper/type_blocks/00396_ItemCollectionElement.Delegates.txt	0	1
397	Paxie.MergePuzzle.ItemCollections.Model	ItemCollectionElement	class	public class ItemCollectionElement // TypeDefIndex: 397	Paxie/MergePuzzle/ItemCollections/Model/ItemCollectionElement.cs	物品集合解锁与状态	code/Il2CppDumper/type_blocks/00397_ItemCollectionElement.txt	7	21
401		ItemCollectionHandler.Delegates.Initialize	class	public sealed class ItemCollectionHandler.Delegates.Initialize : MulticastDelegate // TypeDefIndex: 401	Paxie/MergePuzzle/ItemCollections/Model/ItemCollectionHandler.cs	物品集合解锁与状态	code/Il2CppDumper/type_blocks/00401_ItemCollectionHandler.Delegates.Initialize.txt	0	4
402		ItemCollectionHandler.Delegates.UnLocked	class	public sealed class ItemCollectionHandler.Delegates.UnLocked : MulticastDelegate // TypeDefIndex: 402	Paxie/MergePuzzle/ItemCollections/Model/ItemCollectionHandler.cs	物品集合解锁与状态	code/Il2CppDumper/type_blocks/00402_ItemCollectionHandler.Delegates.UnLocked.txt	0	4
403		ItemCollectionHandler.Delegates	class	public class ItemCollectionHandler.Delegates // TypeDefIndex: 403	Paxie/MergePuzzle/ItemCollections/Model/ItemCollectionHandler.cs	物品集合解锁与状态	code/Il2CppDumper/type_blocks/00403_ItemCollectionHandler.Delegates.txt	0	1
404		ItemCollectionHandler.	class	private sealed class ItemCollectionHandler.<>c // TypeDefIndex: 404	Paxie/MergePuzzle/ItemCollections/Model/ItemCollectionHandler.cs	物品集合解锁与状态	code/Il2CppDumper/type_blocks/00404_ItemCollectionHandler..txt	2	3
405		ItemCollectionHandler.	class	private sealed class ItemCollectionHandler.<>c__DisplayClass105_0 // TypeDefIndex: 405	Paxie/MergePuzzle/ItemCollections/Model/ItemCollectionHandler.cs	物品集合解锁与状态	code/Il2CppDumper/type_blocks/00405_ItemCollectionHandler..txt	2	4
406		ItemCollectionHandler.	class	private sealed class ItemCollectionHandler.<>c__DisplayClass72_0 // TypeDefIndex: 406	Paxie/MergePuzzle/ItemCollections/Model/ItemCollectionHandler.cs	物品集合解锁与状态	code/Il2CppDumper/type_blocks/00406_ItemCollectionHandler..txt	1	2
407	Paxie.MergePuzzle.ItemCollections.Model	ItemCollectionHandler	class	public class ItemCollectionHandler : FeatureHandlerBase // TypeDefIndex: 407	Paxie/MergePuzzle/ItemCollections/Model/ItemCollectionHandler.cs	物品集合解锁与状态	code/Il2CppDumper/type_blocks/00407_ItemCollectionHandler.txt	13	79
409	Paxie.MergePuzzle.ItemCollections.Config	ItemCollectionConfig	class	public class ItemCollectionConfig : FeatureConfigBase // TypeDefIndex: 409	Paxie/MergePuzzle/ItemCollections/Config/ItemCollectionConfig.cs	物品集合配置类型	code/Il2CppDumper/type_blocks/00409_ItemCollectionConfig.txt	9	1
943	Paxie.MergeStudio.GameCore.Gameplay.Board	BoardItemTaskSupportChest	class	public class BoardItemTaskSupportChest : BoardItemData, IConfigAdaptor<TaskSupportChestAdaptor>, IConfigAdaptorBase // TypeDefIndex: 943	Paxie/MergeStudio/GameCore/Gameplay/Board/BoardItemTaskSupportChest.cs	棋盘/物品直接依赖	code/Il2CppDumper/type_blocks/00943_BoardItemTaskSupportChest.txt	0	10
944	Paxie.MergeStudio.GameCore.Gameplay.Board	ItemLevelChecker	class	public class ItemLevelChecker // TypeDefIndex: 944	Paxie/MergeStudio/GameCore/Gameplay/Board/ItemLevelChecker.cs	棋盘/物品直接依赖	code/Il2CppDumper/type_blocks/00944_ItemLevelChecker.txt	2	3
945	Paxie.MergeStudio.GameCore.Gameplay.Board	ItemSetLevelAvailability	class	public class ItemSetLevelAvailability // TypeDefIndex: 945	Paxie/MergeStudio/GameCore/Gameplay/Board/ItemSetLevelAvailability.cs	棋盘/物品直接依赖	code/Il2CppDumper/type_blocks/00945_ItemSetLevelAvailability.txt	3	7
946	Paxie.MergeStudio.GameCore.Gameplay.Board.BoardCore	IBoardData	interface	public interface IBoardData // TypeDefIndex: 946	Paxie/MergeStudio/GameCore/Gameplay/Board/BoardCore/IBoardData.cs	棋盘/物品直接依赖	code/Il2CppDumper/type_blocks/00946_IBoardData.txt	0	0
947		PerishableSpawnerEntity.	class	private sealed class PerishableSpawnerEntity.<>c__DisplayClass8_0 // TypeDefIndex: 947	Paxie/MergeStudio/GameCore/Gameplay/Board/Items/PerishableSpawnerEntity.cs	棋盘/物品直接依赖	code/Il2CppDumper/type_blocks/00947_PerishableSpawnerEntity..txt	3	3
948		PerishableSpawnerEntity.	class	private sealed class PerishableSpawnerEntity.<>c__DisplayClass9_0 // TypeDefIndex: 948	Paxie/MergeStudio/GameCore/Gameplay/Board/Items/PerishableSpawnerEntity.cs	棋盘/物品直接依赖	code/Il2CppDumper/type_blocks/00948_PerishableSpawnerEntity..txt	2	2
949	Paxie.MergeStudio.GameCore.Gameplay.Board.Items	PerishableSpawnerEntity	class	public class PerishableSpawnerEntity // TypeDefIndex: 949	Paxie/MergeStudio/GameCore/Gameplay/Board/Items/PerishableSpawnerEntity.cs	棋盘/物品直接依赖	code/Il2CppDumper/type_blocks/00949_PerishableSpawnerEntity.txt	7	4
950	Paxie.MergeStudio.GameCore.Gameplay.Board.Items	SpawnerSpawnedItem	class	public class SpawnerSpawnedItem // TypeDefIndex: 950	Paxie/MergeStudio/GameCore/Gameplay/Board/Items/SpawnerSpawnedItem.cs	棋盘/物品直接依赖	code/Il2CppDumper/type_blocks/00950_SpawnerSpawnedItem.txt	4	1
951	Paxie.MergeStudio.GameCore.Gameplay.Board.Items	SpawnerSpawnIndexedItemGroup	class	public class SpawnerSpawnIndexedItemGroup // TypeDefIndex: 951	Paxie/MergeStudio/GameCore/Gameplay/Board/Items/SpawnerSpawnIndexedItemGroup.cs	棋盘/物品直接依赖	code/Il2CppDumper/type_blocks/00951_SpawnerSpawnIndexedItemGroup.txt	2	1
952	Paxie.MergeStudio.GameCore.Gameplay.Board.Items	BoardItemRewardHolder	class	public class BoardItemRewardHolder : BoardItemData // TypeDefIndex: 952	Paxie/MergeStudio/GameCore/Gameplay/Board/Items/BoardItemRewardHolder.cs	棋盘/物品直接依赖	code/Il2CppDumper/type_blocks/00952_BoardItemRewardHolder.txt	0	7
953	Paxie.MergeStudio.GameCore.Gameplay.Board.Items	BoardItemStaticInteractable	class	public class BoardItemStaticInteractable : BoardItemNonSpawnable // TypeDefIndex: 953	Paxie/MergeStudio/GameCore/Gameplay/Board/Items/BoardItemStaticInteractable.cs	棋盘/物品直接依赖	code/Il2CppDumper/type_blocks/00953_BoardItemStaticInteractable.txt	0	10
966	Paxie.MergeStudio.Features.RecurringEvents.MiniBoardProgression	MiniBoardProgressionConfig	class	public class MiniBoardProgressionConfig : MiniBoardConfig<MiniBoardProgressionAddressable> // TypeDefIndex: 966	Paxie/MergeStudio/Features/RecurringEvents/MiniBoardProgression/MiniBoardProgressionConfig.cs	活动二合棋盘进程	code/Il2CppDumper/type_blocks/00966_MiniBoardProgressionConfig.txt	0	3
968	Paxie.MergeStudio.Features.RecurringEvents.MiniBoardProgression	MiniBoardProgressionData	class	public class MiniBoardProgressionData : MiniBoardData // TypeDefIndex: 968	Paxie/MergeStudio/Features/RecurringEvents/MiniBoardProgression/MiniBoardProgressionData.cs	活动二合棋盘进程	code/Il2CppDumper/type_blocks/00968_MiniBoardProgressionData.txt	0	1
969		MiniBoardProgressionEventData.	class	private sealed class MiniBoardProgressionEventData.<>c // TypeDefIndex: 969	Paxie/MergeStudio/Features/RecurringEvents/MiniBoardProgression/MiniBoardProgressionEventData.cs	活动二合棋盘进程	code/Il2CppDumper/type_blocks/00969_MiniBoardProgressionEventData..txt	2	3
970	Paxie.MergeStudio.Features.RecurringEvents.MiniBoardProgression	MiniBoardProgressionEventData	class	public class MiniBoardProgressionEventData : MiniBoardEventData // TypeDefIndex: 970	Paxie/MergeStudio/Features/RecurringEvents/MiniBoardProgression/MiniBoardProgressionEventData.cs	活动二合棋盘进程	code/Il2CppDumper/type_blocks/00970_MiniBoardProgressionEventData.txt	1	22
971		MiniBoardProgressionExtraEntity.	class	private sealed class MiniBoardProgressionExtraEntity.<>c__DisplayClass23_0 // TypeDefIndex: 971	Paxie/MergeStudio/Features/RecurringEvents/MiniBoardProgression/MiniBoardProgressionExtraEntity.cs	活动二合棋盘进程	code/Il2CppDumper/type_blocks/00971_MiniBoardProgressionExtraEntity..txt	1	2
972		MiniBoardProgressionExtraEntity.	class	private sealed class MiniBoardProgressionExtraEntity.<>c__DisplayClass31_0 // TypeDefIndex: 972	Paxie/MergeStudio/Features/RecurringEvents/MiniBoardProgression/MiniBoardProgressionExtraEntity.cs	活动二合棋盘进程	code/Il2CppDumper/type_blocks/00972_MiniBoardProgressionExtraEntity..txt	1	2
973	Paxie.MergeStudio.Features.RecurringEvents.MiniBoardProgression	MiniBoardProgressionExtraEntity	class	public class MiniBoardProgressionExtraEntity : IMiniBoardEntity // TypeDefIndex: 973	Paxie/MergeStudio/Features/RecurringEvents/MiniBoardProgression/MiniBoardProgressionExtraEntity.cs	活动二合棋盘进程	code/Il2CppDumper/type_blocks/00973_MiniBoardProgressionExtraEntity.txt	8	25
975	Paxie.MergeStudio.Features.RecurringEvents.MiniBoardProgression	MiniBoardProgressionMergedRewards	class	public class MiniBoardProgressionMergedRewards // TypeDefIndex: 975	Paxie/MergeStudio/Features/RecurringEvents/MiniBoardProgression/MiniBoardProgressionMergedRewards.cs	活动二合棋盘进程	code/Il2CppDumper/type_blocks/00975_MiniBoardProgressionMergedRewards.txt	2	1
976		MiniBoardProgressionHandler.	class	private sealed class MiniBoardProgressionHandler.<>c // TypeDefIndex: 976	Paxie/MergeStudio/Features/RecurringEvents/MiniBoardProgression/MiniBoardProgressionHandler.cs	活动二合棋盘进程	code/Il2CppDumper/type_blocks/00976_MiniBoardProgressionHandler..txt	5	6
977		MiniBoardProgressionHandler.	class	private sealed class MiniBoardProgressionHandler.<>c__DisplayClass36_0 // TypeDefIndex: 977	Paxie/MergeStudio/Features/RecurringEvents/MiniBoardProgression/MiniBoardProgressionHandler.cs	活动二合棋盘进程	code/Il2CppDumper/type_blocks/00977_MiniBoardProgressionHandler..txt	1	2
978	Paxie.MergeStudio.Features.RecurringEvents.MiniBoardProgression	MiniBoardProgressionHandler	class	public class MiniBoardProgressionHandler : MiniBoardHandler<MiniBoardProgressionConfig> // TypeDefIndex: 978	Paxie/MergeStudio/Features/RecurringEvents/MiniBoardProgression/MiniBoardProgressionHandler.cs	活动二合棋盘进程	code/Il2CppDumper/type_blocks/00978_MiniBoardProgressionHandler.txt	3	59
979	Paxie.MergeStudio.Features.RecurringEvents.MiniBoardProgression	MiniBoardProgressionController	class	public class MiniBoardProgressionController : BaseMiniBoardController, IEventReceiver<BaseMiniBoardProgressEvent.ProgressItemFoundRaiseKey>, IEventReceiverBase, IEventReceiver<BaseMiniBoardProgressEvent.BoardNoticePopupClosed>, IEventReceiver<BaseMiniBoardProgressEvent.BoardCongratsPopupClosed> // TypeDefIndex: 979	Paxie/MergeStudio/Features/RecurringEvents/MiniBoardProgression/MiniBoardProgressionController.cs	活动二合棋盘进程	code/Il2CppDumper/type_blocks/00979_MiniBoardProgressionController.txt	12	28
1022	Paxie.MergeStudio.Features.MiniBoard	KiteMiniBoardInitialBoardModel	class	public class KiteMiniBoardInitialBoardModel // TypeDefIndex: 1022	Paxie/MergeStudio/Features/MiniBoard/KiteMiniBoardInitialBoardModel.cs	活动二合棋盘	code/Il2CppDumper/type_blocks/01022_KiteMiniBoardInitialBoardModel.txt	3	1
1023	Paxie.MergeStudio.Features.MiniBoard	KiteMiniBoardItemReward	class	public class KiteMiniBoardItemReward // TypeDefIndex: 1023	Paxie/MergeStudio/Features/MiniBoard/KiteMiniBoardItemReward.cs	活动二合棋盘	code/Il2CppDumper/type_blocks/01023_KiteMiniBoardItemReward.txt	4	1
1024	Paxie.MergeStudio.Features.MiniBoard	KiteMiniBoardItemMergeReward	class	public class KiteMiniBoardItemMergeReward // TypeDefIndex: 1024	Paxie/MergeStudio/Features/MiniBoard/KiteMiniBoardItemMergeReward.cs	活动二合棋盘	code/Il2CppDumper/type_blocks/01024_KiteMiniBoardItemMergeReward.txt	2	1
1025	Paxie.MergeStudio.Features.MiniBoard	MiniBoardConfig	class	public abstract class MiniBoardConfig<T> : RecurringEventConfig<MiniBoardAddressableBase> // TypeDefIndex: 1025	Paxie/MergeStudio/Features/MiniBoard/MiniBoardConfig.cs	活动二合棋盘	code/Il2CppDumper/type_blocks/01025_MiniBoardConfig.txt	0	0
1026	Paxie.MergeStudio.Features.MiniBoard	MiniBoardEventData	class	public abstract class MiniBoardEventData : RecurringEventData // TypeDefIndex: 1026	Paxie/MergeStudio/Features/MiniBoard/MiniBoardEventData.cs	活动二合棋盘	code/Il2CppDumper/type_blocks/01026_MiniBoardEventData.txt	0	1
1027	Paxie.MergeStudio.Features.MiniBoard	IMiniBoardEntity	interface	public interface IMiniBoardEntity // TypeDefIndex: 1027	Paxie/MergeStudio/Features/MiniBoard/IMiniBoardEntity.cs	活动二合棋盘	code/Il2CppDumper/type_blocks/01027_IMiniBoardEntity.txt	0	0
1028	Paxie.MergeStudio.Features.MiniBoard	MiniBoardAreaEntity	class	public class MiniBoardAreaEntity // TypeDefIndex: 1028	Paxie/MergeStudio/Features/MiniBoard/MiniBoardAreaEntity.cs	活动二合棋盘	code/Il2CppDumper/type_blocks/01028_MiniBoardAreaEntity.txt	2	5
1029	Paxie.MergeStudio.Features.MiniBoard	MiniBoardType	enum	public enum MiniBoardType // TypeDefIndex: 1029	Paxie/MergeStudio/Features/MiniBoard/MiniBoardType.cs	活动二合棋盘	code/Il2CppDumper/type_blocks/01029_MiniBoardType.txt	1	0
1030	Paxie.MergeStudio.Features.MiniBoard	MiniBoardHandler	class	public abstract class MiniBoardHandler<T> : MiniBoardHandlerBase // TypeDefIndex: 1030	Paxie/MergeStudio/Features/MiniBoard/MiniBoardHandler.cs	活动二合棋盘	code/Il2CppDumper/type_blocks/01030_MiniBoardHandler.txt	1	0
1031		MiniBoardHandlerBase.	class	private sealed class MiniBoardHandlerBase.<>c // TypeDefIndex: 1031	Paxie/MergeStudio/Features/MiniBoard/MiniBoardHandlerBase.cs	活动二合棋盘	code/Il2CppDumper/type_blocks/01031_MiniBoardHandlerBase..txt	2	3
1032	Paxie.MergeStudio.Features.MiniBoard	MiniBoardHandlerBase	class	public abstract class MiniBoardHandlerBase : RecurringEventHandlerBase, ISpawnerEnergyConsumeBaseHandler, IEventPointsOnBoardTaskHandler, IFeatureHandler, IMiniBoardHomeIconHandler, IHomeIconHandler, IBoardItemHandler, IPurchaseRewardAreaHandler // TypeDefIndex: 1032	Paxie/MergeStudio/Features/MiniBoard/MiniBoardHandlerBase.cs	活动二合棋盘	code/Il2CppDumper/type_blocks/01032_MiniBoardHandlerBase.txt	3	53
1035		BaseMiniBoardEvent.InitializeBoard	struct	public struct BaseMiniBoardEvent.InitializeBoard : IEvent // TypeDefIndex: 1035	Paxie/MergeStudio/Features/MiniBoard/BaseMiniBoardEvent.cs	活动二合棋盘	code/Il2CppDumper/type_blocks/01035_BaseMiniBoardEvent.InitializeBoard.txt	2	0
1036		BaseMiniBoardEvent.ChangeGameplayStatus	struct	public struct BaseMiniBoardEvent.ChangeGameplayStatus : IEvent // TypeDefIndex: 1036	Paxie/MergeStudio/Features/MiniBoard/BaseMiniBoardEvent.cs	活动二合棋盘	code/Il2CppDumper/type_blocks/01036_BaseMiniBoardEvent.ChangeGameplayStatus.txt	1	0
1037		BaseMiniBoardEvent.Move	struct	public struct BaseMiniBoardEvent.Move : IEvent // TypeDefIndex: 1037	Paxie/MergeStudio/Features/MiniBoard/BaseMiniBoardEvent.cs	活动二合棋盘	code/Il2CppDumper/type_blocks/01037_BaseMiniBoardEvent.Move.txt	2	0
1038		BaseMiniBoardEvent.Swap	struct	public struct BaseMiniBoardEvent.Swap : IEvent // TypeDefIndex: 1038	Paxie/MergeStudio/Features/MiniBoard/BaseMiniBoardEvent.cs	活动二合棋盘	code/Il2CppDumper/type_blocks/01038_BaseMiniBoardEvent.Swap.txt	2	0
1039		BaseMiniBoardEvent.MergeStart	struct	public struct BaseMiniBoardEvent.MergeStart : IEvent // TypeDefIndex: 1039	Paxie/MergeStudio/Features/MiniBoard/BaseMiniBoardEvent.cs	活动二合棋盘	code/Il2CppDumper/type_blocks/01039_BaseMiniBoardEvent.MergeStart.txt	3	0
1040		BaseMiniBoardEvent.Merge	struct	public struct BaseMiniBoardEvent.Merge : IEvent // TypeDefIndex: 1040	Paxie/MergeStudio/Features/MiniBoard/BaseMiniBoardEvent.cs	活动二合棋盘	code/Il2CppDumper/type_blocks/01040_BaseMiniBoardEvent.Merge.txt	3	0
1041		BaseMiniBoardEvent.MergeCompleted	struct	public struct BaseMiniBoardEvent.MergeCompleted : IEvent // TypeDefIndex: 1041	Paxie/MergeStudio/Features/MiniBoard/BaseMiniBoardEvent.cs	活动二合棋盘	code/Il2CppDumper/type_blocks/01041_BaseMiniBoardEvent.MergeCompleted.txt	1	0
1042		BaseMiniBoardEvent.RevertMove	struct	public struct BaseMiniBoardEvent.RevertMove : IEvent // TypeDefIndex: 1042	Paxie/MergeStudio/Features/MiniBoard/BaseMiniBoardEvent.cs	活动二合棋盘	code/Il2CppDumper/type_blocks/01042_BaseMiniBoardEvent.RevertMove.txt	2	0
1043		BaseMiniBoardEvent.DestroyFromBoard	struct	public struct BaseMiniBoardEvent.DestroyFromBoard : IEvent // TypeDefIndex: 1043	Paxie/MergeStudio/Features/MiniBoard/BaseMiniBoardEvent.cs	活动二合棋盘	code/Il2CppDumper/type_blocks/01043_BaseMiniBoardEvent.DestroyFromBoard.txt	2	0
1044		BaseMiniBoardEvent.ClearSelectedPosition	struct	public struct BaseMiniBoardEvent.ClearSelectedPosition : IEvent // TypeDefIndex: 1044	Paxie/MergeStudio/Features/MiniBoard/BaseMiniBoardEvent.cs	活动二合棋盘	code/Il2CppDumper/type_blocks/01044_BaseMiniBoardEvent.ClearSelectedPosition.txt	1	0
1045		BaseMiniBoardEvent.CollectCollectable	struct	public struct BaseMiniBoardEvent.CollectCollectable : IEvent // TypeDefIndex: 1045	Paxie/MergeStudio/Features/MiniBoard/BaseMiniBoardEvent.cs	活动二合棋盘	code/Il2CppDumper/type_blocks/01045_BaseMiniBoardEvent.CollectCollectable.txt	2	0
1046		BaseMiniBoardEvent.CollectRewardItemHolder	struct	public struct BaseMiniBoardEvent.CollectRewardItemHolder : IEvent // TypeDefIndex: 1046	Paxie/MergeStudio/Features/MiniBoard/BaseMiniBoardEvent.cs	活动二合棋盘	code/Il2CppDumper/type_blocks/01046_BaseMiniBoardEvent.CollectRewardItemHolder.txt	2	0
1047		BaseMiniBoardEvent.SpawnerSpawn	struct	public struct BaseMiniBoardEvent.SpawnerSpawn : IEvent // TypeDefIndex: 1047	Paxie/MergeStudio/Features/MiniBoard/BaseMiniBoardEvent.cs	活动二合棋盘	code/Il2CppDumper/type_blocks/01047_BaseMiniBoardEvent.SpawnerSpawn.txt	4	0
1048		BaseMiniBoardEvent.PerishableSpawnerSpawn	struct	public struct BaseMiniBoardEvent.PerishableSpawnerSpawn : IEvent // TypeDefIndex: 1048	Paxie/MergeStudio/Features/MiniBoard/BaseMiniBoardEvent.cs	活动二合棋盘	code/Il2CppDumper/type_blocks/01048_BaseMiniBoardEvent.PerishableSpawnerSpawn.txt	3	0
1049		BaseMiniBoardEvent.OnStateChange	struct	public struct BaseMiniBoardEvent.OnStateChange : IEvent // TypeDefIndex: 1049	Paxie/MergeStudio/Features/MiniBoard/BaseMiniBoardEvent.cs	活动二合棋盘	code/Il2CppDumper/type_blocks/01049_BaseMiniBoardEvent.OnStateChange.txt	1	0
1050		BaseMiniBoardEvent.RemoveRewardFromRewardArea	struct	public struct BaseMiniBoardEvent.RemoveRewardFromRewardArea : IEvent // TypeDefIndex: 1050	Paxie/MergeStudio/Features/MiniBoard/BaseMiniBoardEvent.cs	活动二合棋盘	code/Il2CppDumper/type_blocks/01050_BaseMiniBoardEvent.RemoveRewardFromRewardArea.txt	3	0
1051		BaseMiniBoardEvent.ClearBoard	struct	public struct BaseMiniBoardEvent.ClearBoard : IEvent // TypeDefIndex: 1051	Paxie/MergeStudio/Features/MiniBoard/BaseMiniBoardEvent.cs	活动二合棋盘	code/Il2CppDumper/type_blocks/01051_BaseMiniBoardEvent.ClearBoard.txt	0	0
1052		BaseMiniBoardEvent.PreMergeParticleActive	struct	public struct BaseMiniBoardEvent.PreMergeParticleActive : IEvent // TypeDefIndex: 1052	Paxie/MergeStudio/Features/MiniBoard/BaseMiniBoardEvent.cs	活动二合棋盘	code/Il2CppDumper/type_blocks/01052_BaseMiniBoardEvent.PreMergeParticleActive.txt	1	0
1053		BaseMiniBoardEvent.BoardItemPositionUpdateStart	struct	public struct BaseMiniBoardEvent.BoardItemPositionUpdateStart : IEvent // TypeDefIndex: 1053	Paxie/MergeStudio/Features/MiniBoard/BaseMiniBoardEvent.cs	活动二合棋盘	code/Il2CppDumper/type_blocks/01053_BaseMiniBoardEvent.BoardItemPositionUpdateStart.txt	2	0
1054		BaseMiniBoardEvent.BoardItemPositionUpdate	struct	public struct BaseMiniBoardEvent.BoardItemPositionUpdate : IEvent // TypeDefIndex: 1054	Paxie/MergeStudio/Features/MiniBoard/BaseMiniBoardEvent.cs	活动二合棋盘	code/Il2CppDumper/type_blocks/01054_BaseMiniBoardEvent.BoardItemPositionUpdate.txt	2	0
1055		BaseMiniBoardEvent.BoardItemRemoveFinished	struct	public struct BaseMiniBoardEvent.BoardItemRemoveFinished : IEvent // TypeDefIndex: 1055	Paxie/MergeStudio/Features/MiniBoard/BaseMiniBoardEvent.cs	活动二合棋盘	code/Il2CppDumper/type_blocks/01055_BaseMiniBoardEvent.BoardItemRemoveFinished.txt	0	0
1056		BaseMiniBoardEvent.ItemDragStarted	struct	public struct BaseMiniBoardEvent.ItemDragStarted : IEvent // TypeDefIndex: 1056	Paxie/MergeStudio/Features/MiniBoard/BaseMiniBoardEvent.cs	活动二合棋盘	code/Il2CppDumper/type_blocks/01056_BaseMiniBoardEvent.ItemDragStarted.txt	1	0
1057		BaseMiniBoardEvent.ItemDragging	struct	public struct BaseMiniBoardEvent.ItemDragging : IEvent // TypeDefIndex: 1057	Paxie/MergeStudio/Features/MiniBoard/BaseMiniBoardEvent.cs	活动二合棋盘	code/Il2CppDumper/type_blocks/01057_BaseMiniBoardEvent.ItemDragging.txt	1	0
1058		BaseMiniBoardEvent.ItemDragStopped	struct	public struct BaseMiniBoardEvent.ItemDragStopped : IEvent // TypeDefIndex: 1058	Paxie/MergeStudio/Features/MiniBoard/BaseMiniBoardEvent.cs	活动二合棋盘	code/Il2CppDumper/type_blocks/01058_BaseMiniBoardEvent.ItemDragStopped.txt	0	0
1059	Paxie.MergeStudio.Features.MiniBoard	BaseMiniBoardEvent	class	public class BaseMiniBoardEvent // TypeDefIndex: 1059	Paxie/MergeStudio/Features/MiniBoard/BaseMiniBoardEvent.cs	活动二合棋盘	code/Il2CppDumper/type_blocks/01059_BaseMiniBoardEvent.txt	0	1
1063		BaseMiniBoardEntityUpdateEvent.BoardItemStatusChange	struct	public struct BaseMiniBoardEntityUpdateEvent.BoardItemStatusChange : IEvent // TypeDefIndex: 1063	Paxie/MergeStudio/Features/MiniBoard/BaseMiniBoardEntityUpdateEvent.cs	活动二合棋盘	code/Il2CppDumper/type_blocks/01063_BaseMiniBoardEntityUpdateEvent.BoardItemStatusChange.txt	1	0
1064	Paxie.MergeStudio.Features.MiniBoard	BaseMiniBoardEntityUpdateEvent	class	public class BaseMiniBoardEntityUpdateEvent // TypeDefIndex: 1064	Paxie/MergeStudio/Features/MiniBoard/BaseMiniBoardEntityUpdateEvent.cs	活动二合棋盘	code/Il2CppDumper/type_blocks/01064_BaseMiniBoardEntityUpdateEvent.txt	0	1
1065		BaseMiniBoardMoveEvent.NonMovableItemClick	struct	public struct BaseMiniBoardMoveEvent.NonMovableItemClick : IEvent // TypeDefIndex: 1065	Paxie/MergeStudio/Features/MiniBoard/BaseMiniBoardMoveEvent.cs	活动二合棋盘	code/Il2CppDumper/type_blocks/01065_BaseMiniBoardMoveEvent.NonMovableItemClick.txt	2	0
1066		BaseMiniBoardMoveEvent.ItemClick	struct	public struct BaseMiniBoardMoveEvent.ItemClick : IEvent // TypeDefIndex: 1066	Paxie/MergeStudio/Features/MiniBoard/BaseMiniBoardMoveEvent.cs	活动二合棋盘	code/Il2CppDumper/type_blocks/01066_BaseMiniBoardMoveEvent.ItemClick.txt	2	0
1067		BaseMiniBoardMoveEvent.DragCollisionButtonStays	struct	public struct BaseMiniBoardMoveEvent.DragCollisionButtonStays : IEvent // TypeDefIndex: 1067	Paxie/MergeStudio/Features/MiniBoard/BaseMiniBoardMoveEvent.cs	活动二合棋盘	code/Il2CppDumper/type_blocks/01067_BaseMiniBoardMoveEvent.DragCollisionButtonStays.txt	1	0
1068	Paxie.MergeStudio.Features.MiniBoard	BaseMiniBoardMoveEvent	class	public class BaseMiniBoardMoveEvent // TypeDefIndex: 1068	Paxie/MergeStudio/Features/MiniBoard/BaseMiniBoardMoveEvent.cs	活动二合棋盘	code/Il2CppDumper/type_blocks/01068_BaseMiniBoardMoveEvent.txt	0	1
1069		BaseMiniBoardRewardEvent.RewardAreaUIUpdate	struct	public struct BaseMiniBoardRewardEvent.RewardAreaUIUpdate : IEvent // TypeDefIndex: 1069	Paxie/MergeStudio/Features/MiniBoard/BaseMiniBoardRewardEvent.cs	活动二合棋盘	code/Il2CppDumper/type_blocks/01069_BaseMiniBoardRewardEvent.RewardAreaUIUpdate.txt	0	0
1070		BaseMiniBoardRewardEvent.RewardAreaItemAdded	struct	public struct BaseMiniBoardRewardEvent.RewardAreaItemAdded : IEvent // TypeDefIndex: 1070	Paxie/MergeStudio/Features/MiniBoard/BaseMiniBoardRewardEvent.cs	活动二合棋盘	code/Il2CppDumper/type_blocks/01070_BaseMiniBoardRewardEvent.RewardAreaItemAdded.txt	2	0
1071		BaseMiniBoardRewardEvent.UpdateRewardAreaCount	struct	public struct BaseMiniBoardRewardEvent.UpdateRewardAreaCount : IEvent // TypeDefIndex: 1071	Paxie/MergeStudio/Features/MiniBoard/BaseMiniBoardRewardEvent.cs	活动二合棋盘	code/Il2CppDumper/type_blocks/01071_BaseMiniBoardRewardEvent.UpdateRewardAreaCount.txt	1	0
1072	Paxie.MergeStudio.Features.MiniBoard	BaseMiniBoardRewardEvent	class	public class BaseMiniBoardRewardEvent // TypeDefIndex: 1072	Paxie/MergeStudio/Features/MiniBoard/BaseMiniBoardRewardEvent.cs	活动二合棋盘	code/Il2CppDumper/type_blocks/01072_BaseMiniBoardRewardEvent.txt	0	1
1073		BaseMiniBoardProgressEvent.LoadNewBoard	struct	public struct BaseMiniBoardProgressEvent.LoadNewBoard : IEvent // TypeDefIndex: 1073	Paxie/MergeStudio/Features/MiniBoard/BaseMiniBoardProgressEvent.cs	活动二合棋盘	code/Il2CppDumper/type_blocks/01073_BaseMiniBoardProgressEvent.LoadNewBoard.txt	0	0
1074		BaseMiniBoardProgressEvent.MaxProgressLevelItemChanged	struct	public struct BaseMiniBoardProgressEvent.MaxProgressLevelItemChanged : IEvent // TypeDefIndex: 1074	Paxie/MergeStudio/Features/MiniBoard/BaseMiniBoardProgressEvent.cs	活动二合棋盘	code/Il2CppDumper/type_blocks/01074_BaseMiniBoardProgressEvent.MaxProgressLevelItemChanged.txt	1	0
1075		BaseMiniBoardProgressEvent.AnimatedProgressItemAnimationCompleted	struct	public struct BaseMiniBoardProgressEvent.AnimatedProgressItemAnimationCompleted : IEvent // TypeDefIndex: 1075	Paxie/MergeStudio/Features/MiniBoard/BaseMiniBoardProgressEvent.cs	活动二合棋盘	code/Il2CppDumper/type_blocks/01075_BaseMiniBoardProgressEvent.AnimatedProgressItemAnimationCompleted.txt	0	0
1076		BaseMiniBoardProgressEvent.ProgressItemFoundRaiseKey	struct	public struct BaseMiniBoardProgressEvent.ProgressItemFoundRaiseKey : IEvent // TypeDefIndex: 1076	Paxie/MergeStudio/Features/MiniBoard/BaseMiniBoardProgressEvent.cs	活动二合棋盘	code/Il2CppDumper/type_blocks/01076_BaseMiniBoardProgressEvent.ProgressItemFoundRaiseKey.txt	3	0
1077		BaseMiniBoardProgressEvent.BoardNoticePopupClosed	struct	public struct BaseMiniBoardProgressEvent.BoardNoticePopupClosed : IEvent // TypeDefIndex: 1077	Paxie/MergeStudio/Features/MiniBoard/BaseMiniBoardProgressEvent.cs	活动二合棋盘	code/Il2CppDumper/type_blocks/01077_BaseMiniBoardProgressEvent.BoardNoticePopupClosed.txt	0	0
1078		BaseMiniBoardProgressEvent.BoardCongratsPopupClosed	struct	public struct BaseMiniBoardProgressEvent.BoardCongratsPopupClosed : IEvent // TypeDefIndex: 1078	Paxie/MergeStudio/Features/MiniBoard/BaseMiniBoardProgressEvent.cs	活动二合棋盘	code/Il2CppDumper/type_blocks/01078_BaseMiniBoardProgressEvent.BoardCongratsPopupClosed.txt	0	0
1079	Paxie.MergeStudio.Features.MiniBoard	BaseMiniBoardProgressEvent	class	public class BaseMiniBoardProgressEvent // TypeDefIndex: 1079	Paxie/MergeStudio/Features/MiniBoard/BaseMiniBoardProgressEvent.cs	活动二合棋盘	code/Il2CppDumper/type_blocks/01079_BaseMiniBoardProgressEvent.txt	0	1
1080	Paxie.MergeStudio.Features.MiniBoard	MiniBoardEventBusRaiser	class	public static class MiniBoardEventBusRaiser // TypeDefIndex: 1080	Paxie/MergeStudio/Features/MiniBoard/MiniBoardEventBusRaiser.cs	活动二合棋盘	code/Il2CppDumper/type_blocks/01080_MiniBoardEventBusRaiser.txt	0	45
1081	Paxie.MergeStudio.Features.MiniBoard	MiniBoardCellData	class	public class MiniBoardCellData : ScriptableObject // TypeDefIndex: 1081	Paxie/MergeStudio/Features/MiniBoard/MiniBoardCellData.cs	活动二合棋盘	code/Il2CppDumper/type_blocks/01081_MiniBoardCellData.txt	6	1
1082	Paxie.MergeStudio.Features.MiniBoard	MiniBoardCellController	class	public class MiniBoardCellController : MonoBehaviour // TypeDefIndex: 1082	Paxie/MergeStudio/Features/MiniBoard/MiniBoardCellController.cs	活动二合棋盘	code/Il2CppDumper/type_blocks/01082_MiniBoardCellController.txt	14	27
1083	Paxie.MergeStudio.Features.MiniBoard	MiniBoardCellMergeCollider	class	public class MiniBoardCellMergeCollider : MonoBehaviour // TypeDefIndex: 1083	Paxie/MergeStudio/Features/MiniBoard/MiniBoardCellMergeCollider.cs	活动二合棋盘	code/Il2CppDumper/type_blocks/01083_MiniBoardCellMergeCollider.txt	1	1
1112	Paxie.MergeStudio.Features.MiniBoard	MiniBoardItemEntity	class	public class MiniBoardItemEntity : IItemEntity // TypeDefIndex: 1112	Paxie/MergeStudio/Features/MiniBoard/MiniBoardItemEntity.cs	活动二合棋盘	code/Il2CppDumper/type_blocks/01112_MiniBoardItemEntity.txt	13	28
1122		MiniBoardItemController.WarningType	enum	public enum MiniBoardItemController.WarningType // TypeDefIndex: 1122	Paxie/MergeStudio/Features/MiniBoard/MiniBoardItemController.cs	活动二合棋盘	code/Il2CppDumper/type_blocks/01122_MiniBoardItemController.WarningType.txt	1	0
1123		MiniBoardItemController.PositionUpdateType	enum	public enum MiniBoardItemController.PositionUpdateType // TypeDefIndex: 1123	Paxie/MergeStudio/Features/MiniBoard/MiniBoardItemController.cs	活动二合棋盘	code/Il2CppDumper/type_blocks/01123_MiniBoardItemController.PositionUpdateType.txt	1	0
1124		MiniBoardItemController.	class	private sealed class MiniBoardItemController.<>c__DisplayClass127_0 // TypeDefIndex: 1124	Paxie/MergeStudio/Features/MiniBoard/MiniBoardItemController.cs	活动二合棋盘	code/Il2CppDumper/type_blocks/01124_MiniBoardItemController..txt	1	2
1125		MiniBoardItemController.	class	private sealed class MiniBoardItemController.<>c__DisplayClass154_0 // TypeDefIndex: 1125	Paxie/MergeStudio/Features/MiniBoard/MiniBoardItemController.cs	活动二合棋盘	code/Il2CppDumper/type_blocks/01125_MiniBoardItemController..txt	2	3
1126		MiniBoardItemController.	struct	private struct MiniBoardItemController.<ChangeModulesSortingData>d__108 : IAsyncStateMachine // TypeDefIndex: 1126	Paxie/MergeStudio/Features/MiniBoard/MiniBoardItemController.cs	活动二合棋盘	code/Il2CppDumper/type_blocks/01126_MiniBoardItemController..txt	5	2
1127		MiniBoardItemController.	struct	private struct MiniBoardItemController.<MergeTweenAction>d__129 : IAsyncStateMachine // TypeDefIndex: 1127	Paxie/MergeStudio/Features/MiniBoard/MiniBoardItemController.cs	活动二合棋盘	code/Il2CppDumper/type_blocks/01127_MiniBoardItemController..txt	7	2
1128	Paxie.MergeStudio.Features.MiniBoard	MiniBoardItemController	class	public class MiniBoardItemController : BaseSubscriber, ITutorialSetSorting, IEventReceiver<CanvasEvent.ToggleScreenInputBlocker>, IEventReceiverBase, IEventReceiver<SrDebuggerEvent.ShowDebugLayers>, IEventReceiver<BaseMiniBoardEvent.BoardItemRemoveFinished>, IEventReceiver<BaseMiniBoardEntityUpdateEvent.BoardItemStatusChange>, IItemController // TypeDefIndex: 1128	Paxie/MergeStudio/Features/MiniBoard/MiniBoardItemController.cs	活动二合棋盘	code/Il2CppDumper/type_blocks/01128_MiniBoardItemController.txt	26	144
1129	Paxie.MergeStudio.Features.MiniBoard	MiniBoardItemRuntimeData	class	public class MiniBoardItemRuntimeData : IItemRuntimeData // TypeDefIndex: 1129	Paxie/MergeStudio/Features/MiniBoard/MiniBoardItemRuntimeData.cs	活动二合棋盘	code/Il2CppDumper/type_blocks/01129_MiniBoardItemRuntimeData.txt	22	10
1130		MiniBoardMovable.Status	enum	public enum MiniBoardMovable.Status // TypeDefIndex: 1130	Paxie/MergeStudio/Features/MiniBoard/MiniBoardMovable.cs	活动二合棋盘	code/Il2CppDumper/type_blocks/01130_MiniBoardMovable.Status.txt	1	0
1131		MiniBoardMovable.InteractionStatus	enum	public enum MiniBoardMovable.InteractionStatus // TypeDefIndex: 1131	Paxie/MergeStudio/Features/MiniBoard/MiniBoardMovable.cs	活动二合棋盘	code/Il2CppDumper/type_blocks/01131_MiniBoardMovable.InteractionStatus.txt	1	0
1132	Paxie.MergeStudio.Features.MiniBoard	MiniBoardMovable	class	public class MiniBoardMovable : MonoBehaviour, IDragHandler, IEventSystemHandler, IBeginDragHandler, IEndDragHandler, IPointerClickHandler // TypeDefIndex: 1132	Paxie/MergeStudio/Features/MiniBoard/MiniBoardMovable.cs	活动二合棋盘	code/Il2CppDumper/type_blocks/01132_MiniBoardMovable.txt	5	15
1133	Paxie.MergeStudio.Features.MiniBoard	MiniBoardItemControllerFactory	class	public class MiniBoardItemControllerFactory // TypeDefIndex: 1133	Paxie/MergeStudio/Features/MiniBoard/MiniBoardItemControllerFactory.cs	活动二合棋盘	code/Il2CppDumper/type_blocks/01133_MiniBoardItemControllerFactory.txt	3	1
1138	Paxie.MergeStudio.Features.MiniBoard	MiniBoardPositionEntity	class	public class MiniBoardPositionEntity // TypeDefIndex: 1138	Paxie/MergeStudio/Features/MiniBoard/MiniBoardPositionEntity.cs	活动二合棋盘	code/Il2CppDumper/type_blocks/01138_MiniBoardPositionEntity.txt	3	5
1139	Paxie.MergeStudio.Features.MiniBoard	MiniBoardRewardEntity	class	public class MiniBoardRewardEntity // TypeDefIndex: 1139	Paxie/MergeStudio/Features/MiniBoard/MiniBoardRewardEntity.cs	活动二合棋盘	code/Il2CppDumper/type_blocks/01139_MiniBoardRewardEntity.txt	4	4
1140	Paxie.MergeStudio.Features.MiniBoard	MiniBoardData	class	public abstract class MiniBoardData : ScriptableObject, IBoardData // TypeDefIndex: 1140	Paxie/MergeStudio/Features/MiniBoard/MiniBoardData.cs	活动二合棋盘	code/Il2CppDumper/type_blocks/01140_MiniBoardData.txt	11	12
1142		BaseMiniBoardController.	class	private sealed class BaseMiniBoardController.<>c // TypeDefIndex: 1142	Paxie/MergeStudio/Features/MiniBoard/BaseMiniBoardController.cs	活动二合棋盘	code/Il2CppDumper/type_blocks/01142_BaseMiniBoardController..txt	9	10
1143		BaseMiniBoardController.	class	private sealed class BaseMiniBoardController.<>c__DisplayClass151_0 // TypeDefIndex: 1143	Paxie/MergeStudio/Features/MiniBoard/BaseMiniBoardController.cs	活动二合棋盘	code/Il2CppDumper/type_blocks/01143_BaseMiniBoardController..txt	1	2
1144		BaseMiniBoardController.	class	private sealed class BaseMiniBoardController.<>c__DisplayClass167_0 // TypeDefIndex: 1144	Paxie/MergeStudio/Features/MiniBoard/BaseMiniBoardController.cs	活动二合棋盘	code/Il2CppDumper/type_blocks/01144_BaseMiniBoardController..txt	1	2
1145		BaseMiniBoardController.	class	private sealed class BaseMiniBoardController.<>c__DisplayClass168_0 // TypeDefIndex: 1145	Paxie/MergeStudio/Features/MiniBoard/BaseMiniBoardController.cs	活动二合棋盘	code/Il2CppDumper/type_blocks/01145_BaseMiniBoardController..txt	3	2
1146		BaseMiniBoardController.	class	private sealed class BaseMiniBoardController.<>c__DisplayClass172_0 // TypeDefIndex: 1146	Paxie/MergeStudio/Features/MiniBoard/BaseMiniBoardController.cs	活动二合棋盘	code/Il2CppDumper/type_blocks/01146_BaseMiniBoardController..txt	3	2
1147		BaseMiniBoardController.	class	private sealed class BaseMiniBoardController.<>c__DisplayClass173_0 // TypeDefIndex: 1147	Paxie/MergeStudio/Features/MiniBoard/BaseMiniBoardController.cs	活动二合棋盘	code/Il2CppDumper/type_blocks/01147_BaseMiniBoardController..txt	3	2
1148		BaseMiniBoardController.	class	private sealed class BaseMiniBoardController.<>c__DisplayClass175_0 // TypeDefIndex: 1148	Paxie/MergeStudio/Features/MiniBoard/BaseMiniBoardController.cs	活动二合棋盘	code/Il2CppDumper/type_blocks/01148_BaseMiniBoardController..txt	2	2
1149		BaseMiniBoardController.	class	private sealed class BaseMiniBoardController.<>c__DisplayClass190_0 // TypeDefIndex: 1149	Paxie/MergeStudio/Features/MiniBoard/BaseMiniBoardController.cs	活动二合棋盘	code/Il2CppDumper/type_blocks/01149_BaseMiniBoardController..txt	1	2
1150		BaseMiniBoardController.	class	private sealed class BaseMiniBoardController.<>c__DisplayClass190_1 // TypeDefIndex: 1150	Paxie/MergeStudio/Features/MiniBoard/BaseMiniBoardController.cs	活动二合棋盘	code/Il2CppDumper/type_blocks/01150_BaseMiniBoardController..txt	1	2
1151		BaseMiniBoardController.	class	private sealed class BaseMiniBoardController.<>c__DisplayClass202_0 // TypeDefIndex: 1151	Paxie/MergeStudio/Features/MiniBoard/BaseMiniBoardController.cs	活动二合棋盘	code/Il2CppDumper/type_blocks/01151_BaseMiniBoardController..txt	4	2
1152		BaseMiniBoardController.	struct	private struct BaseMiniBoardController.<CreateParticleAsync>d__194 : IAsyncStateMachine // TypeDefIndex: 1152	Paxie/MergeStudio/Features/MiniBoard/BaseMiniBoardController.cs	活动二合棋盘	code/Il2CppDumper/type_blocks/01152_BaseMiniBoardController..txt	8	2
1153		BaseMiniBoardController.	struct	private struct BaseMiniBoardController.<InitBoard>d__127 : IAsyncStateMachine // TypeDefIndex: 1153	Paxie/MergeStudio/Features/MiniBoard/BaseMiniBoardController.cs	活动二合棋盘	code/Il2CppDumper/type_blocks/01153_BaseMiniBoardController..txt	4	2
1154		BaseMiniBoardController.	struct	private struct BaseMiniBoardController.<InitializeAsync>d__129 : IAsyncStateMachine // TypeDefIndex: 1154	Paxie/MergeStudio/Features/MiniBoard/BaseMiniBoardController.cs	活动二合棋盘	code/Il2CppDumper/type_blocks/01154_BaseMiniBoardController..txt	4	2
1155		BaseMiniBoardController.	struct	private struct BaseMiniBoardController.<InitializeBoard>d__130 : IAsyncStateMachine // TypeDefIndex: 1155	Paxie/MergeStudio/Features/MiniBoard/BaseMiniBoardController.cs	活动二合棋盘	code/Il2CppDumper/type_blocks/01155_BaseMiniBoardController..txt	4	2
1156		BaseMiniBoardController.	class	private sealed class BaseMiniBoardController.<ItemSetAnimationRoutine>d__163 : IEnumerator<object>, IEnumerator, IDisposable // TypeDefIndex: 1156	Paxie/MergeStudio/Features/MiniBoard/BaseMiniBoardController.cs	活动二合棋盘	code/Il2CppDumper/type_blocks/01156_BaseMiniBoardController..txt	10	6
1157		BaseMiniBoardController.	struct	private struct BaseMiniBoardController.<StopBoard>d__136 : IAsyncStateMachine // TypeDefIndex: 1157	Paxie/MergeStudio/Features/MiniBoard/BaseMiniBoardController.cs	活动二合棋盘	code/Il2CppDumper/type_blocks/01157_BaseMiniBoardController..txt	4	2
1158	Paxie.MergeStudio.Features.MiniBoard	BaseMiniBoardController	class	public class BaseMiniBoardController : BaseSubscriberService, IBoardController, IEventReceiver<BaseMiniBoardEvent.ChangeGameplayStatus>, IEventReceiverBase, IEventReceiver<BaseMiniBoardEvent.Move>, IEventReceiver<BaseMiniBoardEvent.Merge>, IEventReceiver<BaseMiniBoardEvent.Swap>, IEventReceiver<BaseMiniBoardEvent.CollectCollectable>, IEventReceiver<BaseMiniBoardEvent.CollectRewardItemHolder>, IEventReceiver<BaseMiniBoardEvent.SpawnerSpawn>, IEventReceiver<BaseMiniBoardEvent.PerishableSpawnerSpawn>, IEventReceiver<BaseMiniBoardEvent.RevertMove>, IEventReceiver<BaseMiniBoardMoveEvent.NonMovableItemClick>, IEventReceiver<BaseMiniBoardMoveEvent.ItemClick>, IEventReceiver<BaseMiniBoardEvent.RemoveRewardFromRewardArea>, IEventReceiver<BaseMiniBoardAnimationEvent.SpawnerHintAdd>, IEventReceiver<BaseMiniBoardEvent.ClearBoard>, IEventReceiver<BaseMiniBoardEvent.PreMergeParticleActive>, IEventReceiver<BaseMiniBoardEvent.DestroyFromBoard>, IEventReceiver<BaseMiniBoardEvent.ClearSelectedPosition>, IEventReceiver<BaseMiniBoardEvent.OnStateChange>, IEventReceiver<BaseMiniBoardEvent.BoardItemPositionUpdate>, IEventReceiver<SrDebuggerEvent.MiniBoardSpawnItem>, IEventReceiver<SrDebuggerEvent.MiniBoardSpawnRewardHolderItem> // TypeDefIndex: 1158	Paxie/MergeStudio/Features/MiniBoard/BaseMiniBoardController.cs	活动二合棋盘	code/Il2CppDumper/type_blocks/01158_BaseMiniBoardController.txt	45	155
1163	Paxie.MergeStudio.Features.MiniBoard	MiniBoardPosition	class	public class MiniBoardPosition // TypeDefIndex: 1163	Paxie/MergeStudio/Features/MiniBoard/MiniBoardPosition.cs	活动二合棋盘	code/Il2CppDumper/type_blocks/01163_MiniBoardPosition.txt	3	3
1164	Paxie.MergeStudio.Features.MiniBoard	MiniBoardPositionData	class	public class MiniBoardPositionData // TypeDefIndex: 1164	Paxie/MergeStudio/Features/MiniBoard/MiniBoardPositionData.cs	活动二合棋盘	code/Il2CppDumper/type_blocks/01164_MiniBoardPositionData.txt	9	3
1170		MiniBoardRewardAreaController.	struct	private struct MiniBoardRewardAreaController.<ArrangeRewardAnimation>d__26 : IAsyncStateMachine // TypeDefIndex: 1170	Paxie/MergeStudio/Features/MiniBoard/MiniBoardRewardAreaController.cs	活动二合棋盘	code/Il2CppDumper/type_blocks/01170_MiniBoardRewardAreaController..txt	5	2
1171		MiniBoardRewardAreaController.	struct	private struct MiniBoardRewardAreaController.<RemoveTopItemFromRewardArea>d__30 : IAsyncStateMachine // TypeDefIndex: 1171	Paxie/MergeStudio/Features/MiniBoard/MiniBoardRewardAreaController.cs	活动二合棋盘	code/Il2CppDumper/type_blocks/01171_MiniBoardRewardAreaController..txt	5	2
1172		MiniBoardRewardAreaController.	struct	private struct MiniBoardRewardAreaController.<SlowCloseRewardLoop>d__27 : IAsyncStateMachine // TypeDefIndex: 1172	Paxie/MergeStudio/Features/MiniBoard/MiniBoardRewardAreaController.cs	活动二合棋盘	code/Il2CppDumper/type_blocks/01172_MiniBoardRewardAreaController..txt	4	2
1173	Paxie.MergeStudio.Features.MiniBoard	MiniBoardRewardAreaController	class	public class MiniBoardRewardAreaController : BaseSubscriber, IEventReceiver<BaseMiniBoardRewardEvent.RewardAreaUIUpdate>, IEventReceiverBase, IEventReceiver<BaseMiniBoardEvent.ChangeGameplayStatus>, IEventReceiver<BaseMiniBoardProgressEvent.LoadNewBoard>, IEventReceiver<ItemRewardConvertEvent.UpdateRewardImages> // TypeDefIndex: 1173	Paxie/MergeStudio/Features/MiniBoard/MiniBoardRewardAreaController.cs	活动二合棋盘	code/Il2CppDumper/type_blocks/01173_MiniBoardRewardAreaController.txt	17	29
1217		EventEntity.	class	private sealed class EventEntity.<>c__DisplayClass29_0 // TypeDefIndex: 1217	MergePuzzle/EventEntity.cs	关键类型的基类、接口、枚举或签名直接依赖	code/Il2CppDumper/type_blocks/01217_EventEntity..txt	1	2
1218		EventEntity.	class	private sealed class EventEntity.<>c__DisplayClass34_0 // TypeDefIndex: 1218	MergePuzzle/EventEntity.cs	关键类型的基类、接口、枚举或签名直接依赖	code/Il2CppDumper/type_blocks/01218_EventEntity..txt	1	2
1219	MergePuzzle	EventEntity	class	public class EventEntity // TypeDefIndex: 1219	MergePuzzle/EventEntity.cs	关键类型的基类、接口、枚举或签名直接依赖	code/Il2CppDumper/type_blocks/01219_EventEntity.txt	25	32
1220	MergePuzzle	BoardEventBoardData	class	public class BoardEventBoardData : BoardData // TypeDefIndex: 1220	MergePuzzle/BoardEventBoardData.cs	关键类型的基类、接口、枚举或签名直接依赖	code/Il2CppDumper/type_blocks/01220_BoardEventBoardData.txt	3	1
1292	MergePuzzle	BoardItemCollectionData	class	public class BoardItemCollectionData : ScriptableObject // TypeDefIndex: 1292	MergePuzzle/BoardItemCollectionData.cs	主棋盘、物品、生成/消耗、任务、存档或直接依赖	code/Il2CppDumper/type_blocks/01292_BoardItemCollectionData.txt	2	3
1497	MergePuzzle	IBoardItemCurrencyHandler	interface	public interface IBoardItemCurrencyHandler : IBoardItemAnimationHandler, IBoardItemHandler, IFeatureHandler // TypeDefIndex: 1497	MergePuzzle/IBoardItemCurrencyHandler.cs	主棋盘、物品、生成/消耗、任务、存档或直接依赖	code/Il2CppDumper/type_blocks/01497_IBoardItemCurrencyHandler.txt	0	2
1498	MergePuzzle	IBoardItemHandler	interface	public interface IBoardItemHandler : IFeatureHandler // TypeDefIndex: 1498	MergePuzzle/IBoardItemHandler.cs	主棋盘、物品、生成/消耗、任务、存档或直接依赖	code/Il2CppDumper/type_blocks/01498_IBoardItemHandler.txt	0	1
1503	MergePuzzle	IFeatureHandler	interface	public interface IFeatureHandler // TypeDefIndex: 1503	MergePuzzle/IFeatureHandler.cs	关键类型的基类、接口、枚举或签名直接依赖	code/Il2CppDumper/type_blocks/01503_IFeatureHandler.txt	0	0
1507	MergePuzzle	INonSpawnableBoardItemHandler	interface	public interface INonSpawnableBoardItemHandler : IFeatureHandler // TypeDefIndex: 1507	MergePuzzle/INonSpawnableBoardItemHandler.cs	主棋盘、物品、生成/消耗、任务、存档或直接依赖	code/Il2CppDumper/type_blocks/01507_INonSpawnableBoardItemHandler.txt	0	0
1567		FeatureHandlerBase.	struct	private struct FeatureHandlerBase.<LoadAndGetAddressable>d__29<T> : IAsyncStateMachine // TypeDefIndex: 1567	MergePuzzle/FeatureHandlerBase.cs	主棋盘、物品、生成/消耗、任务、存档或直接依赖	code/Il2CppDumper/type_blocks/01567_FeatureHandlerBase..txt	4	0
1568	MergePuzzle	FeatureHandlerBase	class	public abstract class FeatureHandlerBase : IFeature // TypeDefIndex: 1568	MergePuzzle/FeatureHandlerBase.cs	主棋盘、物品、生成/消耗、任务、存档或直接依赖	code/Il2CppDumper/type_blocks/01568_FeatureHandlerBase.txt	5	23
1590	MergePuzzle	CellEntity	class	public class CellEntity // TypeDefIndex: 1590	MergePuzzle/CellEntity.cs	主棋盘、物品、生成/消耗、任务、存档或直接依赖	code/Il2CppDumper/type_blocks/01590_CellEntity.txt	7	4
1591	MergePuzzle	BoardCellData	class	public class BoardCellData : ScriptableObject // TypeDefIndex: 1591	MergePuzzle/BoardCellData.cs	主棋盘、物品、生成/消耗、任务、存档或直接依赖	code/Il2CppDumper/type_blocks/01591_BoardCellData.txt	6	1
1592	MergePuzzle	CellController	class	public class CellController : MonoBehaviour, ITutorialSetSorting // TypeDefIndex: 1592	MergePuzzle/CellController.cs	主棋盘、物品、生成/消耗、任务、存档或直接依赖	code/Il2CppDumper/type_blocks/01592_CellController.txt	18	33
1596	MergePuzzle	IItemEntity	interface	public interface IItemEntity // TypeDefIndex: 1596	MergePuzzle/IItemEntity.cs	主棋盘、物品、生成/消耗、任务、存档或直接依赖	code/Il2CppDumper/type_blocks/01596_IItemEntity.txt	0	0
1597	MergePuzzle	ItemEntity	class	public class ItemEntity : IItemEntity // TypeDefIndex: 1597	MergePuzzle/ItemEntity.cs	主棋盘、物品、生成/消耗、任务、存档或直接依赖	code/Il2CppDumper/type_blocks/01597_ItemEntity.txt	22	38
1598	MergePuzzle	ItemEntityFactory	class	public static class ItemEntityFactory // TypeDefIndex: 1598	MergePuzzle/ItemEntityFactory.cs	主棋盘、物品、生成/消耗、任务、存档或直接依赖	code/Il2CppDumper/type_blocks/01598_ItemEntityFactory.txt	0	17
1599	MergePuzzle	ItemInfo	struct	public struct ItemInfo // TypeDefIndex: 1599	MergePuzzle/ItemInfo.cs	主棋盘、物品、生成/消耗、任务、存档或直接依赖	code/Il2CppDumper/type_blocks/01599_ItemInfo.txt	2	9
1600	MergePuzzle	AdaptorBase	class	public abstract class AdaptorBase // TypeDefIndex: 1600	MergePuzzle/AdaptorBase.cs	主棋盘、物品、生成/消耗、任务、存档或直接依赖	code/Il2CppDumper/type_blocks/01600_AdaptorBase.txt	1	4
1601	MergePuzzle	IConfigAdaptorBase	interface	public interface IConfigAdaptorBase // TypeDefIndex: 1601	MergePuzzle/IConfigAdaptorBase.cs	主棋盘、物品、生成/消耗、任务、存档或直接依赖	code/Il2CppDumper/type_blocks/01601_IConfigAdaptorBase.txt	0	0
1602	MergePuzzle	IConfigAdaptor	interface	public interface IConfigAdaptor<T> : IConfigAdaptorBase // TypeDefIndex: 1602	MergePuzzle/IConfigAdaptor.cs	主棋盘、物品、生成/消耗、任务、存档或直接依赖	code/Il2CppDumper/type_blocks/01602_IConfigAdaptor.txt	0	0
1604	MergePuzzle	ChestSpawnerConfigAdaptor	class	public class ChestSpawnerConfigAdaptor : AdaptorBase // TypeDefIndex: 1604	MergePuzzle/ChestSpawnerConfigAdaptor.cs	主棋盘、物品、生成/消耗、任务、存档或直接依赖	code/Il2CppDumper/type_blocks/01604_ChestSpawnerConfigAdaptor.txt	1	9
1605	MergePuzzle	DailyChallengePickBoxSpawnerAdaptor	class	public class DailyChallengePickBoxSpawnerAdaptor : AdaptorBase // TypeDefIndex: 1605	MergePuzzle/DailyChallengePickBoxSpawnerAdaptor.cs	关键类型的基类、接口、枚举或签名直接依赖	code/Il2CppDumper/type_blocks/01605_DailyChallengePickBoxSpawnerAdaptor.txt	1	6
1606	MergePuzzle	LevelBasedChestSpawnerConfigAdaptor	class	public class LevelBasedChestSpawnerConfigAdaptor : ChestSpawnerConfigAdaptor // TypeDefIndex: 1606	MergePuzzle/LevelBasedChestSpawnerConfigAdaptor.cs	主棋盘、物品、生成/消耗、任务、存档或直接依赖	code/Il2CppDumper/type_blocks/01606_LevelBasedChestSpawnerConfigAdaptor.txt	2	3
1607	MergePuzzle	PerishableSpawnerConfigAdaptor	class	public class PerishableSpawnerConfigAdaptor : AdaptorBase // TypeDefIndex: 1607	MergePuzzle/PerishableSpawnerConfigAdaptor.cs	主棋盘、物品、生成/消耗、任务、存档或直接依赖	code/Il2CppDumper/type_blocks/01607_PerishableSpawnerConfigAdaptor.txt	6	13
1608	MergePuzzle	PickBoxSpawnerConfigAdaptor	class	public class PickBoxSpawnerConfigAdaptor : AdaptorBase // TypeDefIndex: 1608	MergePuzzle/PickBoxSpawnerConfigAdaptor.cs	主棋盘、物品、生成/消耗、任务、存档或直接依赖	code/Il2CppDumper/type_blocks/01608_PickBoxSpawnerConfigAdaptor.txt	1	7
1610	MergePuzzle	SpawnerConfigAdaptor	class	public class SpawnerConfigAdaptor : AdaptorBase // TypeDefIndex: 1610	MergePuzzle/SpawnerConfigAdaptor.cs	主棋盘、物品、生成/消耗、任务、存档或直接依赖	code/Il2CppDumper/type_blocks/01610_SpawnerConfigAdaptor.txt	1	13
1615		KiteSpawnerManager.	class	private sealed class KiteSpawnerManager.<>c // TypeDefIndex: 1615	MergePuzzle/KiteSpawnerManager.cs	主棋盘、物品、生成/消耗、任务、存档或直接依赖	code/Il2CppDumper/type_blocks/01615_KiteSpawnerManager..txt	3	4
1616		KiteSpawnerManager.	class	private sealed class KiteSpawnerManager.<>c__DisplayClass19_0 // TypeDefIndex: 1616	MergePuzzle/KiteSpawnerManager.cs	主棋盘、物品、生成/消耗、任务、存档或直接依赖	code/Il2CppDumper/type_blocks/01616_KiteSpawnerManager..txt	1	2
1617		KiteSpawnerManager.	class	private sealed class KiteSpawnerManager.<>c__DisplayClass25_0 // TypeDefIndex: 1617	MergePuzzle/KiteSpawnerManager.cs	主棋盘、物品、生成/消耗、任务、存档或直接依赖	code/Il2CppDumper/type_blocks/01617_KiteSpawnerManager..txt	1	2
1618		KiteSpawnerManager.	class	private sealed class KiteSpawnerManager.<>c__DisplayClass28_0 // TypeDefIndex: 1618	MergePuzzle/KiteSpawnerManager.cs	主棋盘、物品、生成/消耗、任务、存档或直接依赖	code/Il2CppDumper/type_blocks/01618_KiteSpawnerManager..txt	1	2
1619		KiteSpawnerManager.	struct	private struct KiteSpawnerManager.<Init>d__11 : IAsyncStateMachine // TypeDefIndex: 1619	MergePuzzle/KiteSpawnerManager.cs	主棋盘、物品、生成/消耗、任务、存档或直接依赖	code/Il2CppDumper/type_blocks/01619_KiteSpawnerManager..txt	5	2
1620		KiteSpawnerManager.	struct	private struct KiteSpawnerManager.<InitBoardEvent>d__12 : IAsyncStateMachine // TypeDefIndex: 1620	MergePuzzle/KiteSpawnerManager.cs	主棋盘、物品、生成/消耗、任务、存档或直接依赖	code/Il2CppDumper/type_blocks/01620_KiteSpawnerManager..txt	5	2
1621	MergePuzzle	KiteSpawnerManager	class	public class KiteSpawnerManager : KiteManagerBase // TypeDefIndex: 1621	MergePuzzle/KiteSpawnerManager.cs	主棋盘、物品、生成/消耗、任务、存档或直接依赖	code/Il2CppDumper/type_blocks/01621_KiteSpawnerManager.txt	9	22
1622	MergePuzzle	SpawnerState	enum	public enum SpawnerState // TypeDefIndex: 1622	MergePuzzle/SpawnerState.cs	主棋盘、物品、生成/消耗、任务、存档或直接依赖	code/Il2CppDumper/type_blocks/01622_SpawnerState.txt	1	0
1623	MergePuzzle	ChestState	enum	public enum ChestState // TypeDefIndex: 1623	MergePuzzle/ChestState.cs	关键类型的基类、接口、枚举或签名直接依赖	code/Il2CppDumper/type_blocks/01623_ChestState.txt	1	0
1624	MergePuzzle	SpawnerConfig	class	public class SpawnerConfig // TypeDefIndex: 1624	MergePuzzle/SpawnerConfig.cs	主棋盘、物品、生成/消耗、任务、存档或直接依赖	code/Il2CppDumper/type_blocks/01624_SpawnerConfig.txt	11	1
1625		PerishableSpawnerConfig.	class	private sealed class PerishableSpawnerConfig.<>c__DisplayClass10_0 // TypeDefIndex: 1625	MergePuzzle/PerishableSpawnerConfig.cs	主棋盘、物品、生成/消耗、任务、存档或直接依赖	code/Il2CppDumper/type_blocks/01625_PerishableSpawnerConfig..txt	3	3
1626		PerishableSpawnerConfig.	class	private sealed class PerishableSpawnerConfig.<>c__DisplayClass11_0 // TypeDefIndex: 1626	MergePuzzle/PerishableSpawnerConfig.cs	主棋盘、物品、生成/消耗、任务、存档或直接依赖	code/Il2CppDumper/type_blocks/01626_PerishableSpawnerConfig..txt	2	2
1627	MergePuzzle	PerishableSpawnerConfig	class	public class PerishableSpawnerConfig // TypeDefIndex: 1627	MergePuzzle/PerishableSpawnerConfig.cs	主棋盘、物品、生成/消耗、任务、存档或直接依赖	code/Il2CppDumper/type_blocks/01627_PerishableSpawnerConfig.txt	8	5
1628		LevelBasedChestSpawnerConfig.LevelBasedChestSpawn	class	public class LevelBasedChestSpawnerConfig.LevelBasedChestSpawn // TypeDefIndex: 1628	MergePuzzle/LevelBasedChestSpawnerConfig.cs	主棋盘、物品、生成/消耗、任务、存档或直接依赖	code/Il2CppDumper/type_blocks/01628_LevelBasedChestSpawnerConfig.LevelBasedChestSpawn.txt	2	1
1629	MergePuzzle	LevelBasedChestSpawnerConfig	class	public class LevelBasedChestSpawnerConfig // TypeDefIndex: 1629	MergePuzzle/LevelBasedChestSpawnerConfig.cs	主棋盘、物品、生成/消耗、任务、存档或直接依赖	code/Il2CppDumper/type_blocks/01629_LevelBasedChestSpawnerConfig.txt	1	1
1630	MergePuzzle	ChestSpawnerConfig	class	public class ChestSpawnerConfig // TypeDefIndex: 1630	MergePuzzle/ChestSpawnerConfig.cs	主棋盘、物品、生成/消耗、任务、存档或直接依赖	code/Il2CppDumper/type_blocks/01630_ChestSpawnerConfig.txt	7	1
1631	MergePuzzle	PickBoxConfig	class	public class PickBoxConfig // TypeDefIndex: 1631	MergePuzzle/PickBoxConfig.cs	主棋盘、物品、生成/消耗、任务、存档或直接依赖	code/Il2CppDumper/type_blocks/01631_PickBoxConfig.txt	1	1
1633	MergePuzzle	PickBoxLevelBucket	class	public class PickBoxLevelBucket // TypeDefIndex: 1633	MergePuzzle/PickBoxLevelBucket.cs	主棋盘、物品、生成/消耗、任务、存档或直接依赖	code/Il2CppDumper/type_blocks/01633_PickBoxLevelBucket.txt	4	1
1634	MergePuzzle	SpawnedItem	class	public class SpawnedItem // TypeDefIndex: 1634	MergePuzzle/SpawnedItem.cs	主棋盘、物品、生成/消耗、任务、存档或直接依赖	code/Il2CppDumper/type_blocks/01634_SpawnedItem.txt	4	1
1635	MergePuzzle	SpawnIndexedItemGroup	class	public class SpawnIndexedItemGroup // TypeDefIndex: 1635	MergePuzzle/SpawnIndexedItemGroup.cs	关键类型的基类、接口、枚举或签名直接依赖	code/Il2CppDumper/type_blocks/01635_SpawnIndexedItemGroup.txt	2	1
1639	MergePuzzle	ItemMovableInputManager	class	public class ItemMovableInputManager : MonoBehaviour // TypeDefIndex: 1639	MergePuzzle/ItemMovableInputManager.cs	主棋盘、物品、生成/消耗、任务、存档或直接依赖	code/Il2CppDumper/type_blocks/01639_ItemMovableInputManager.txt	1	7
1640	MergePuzzle	BoardItemAutoSpawner	class	public class BoardItemAutoSpawner : BoardItemSpawnerData // TypeDefIndex: 1640	MergePuzzle/BoardItemAutoSpawner.cs	主棋盘、物品、生成/消耗、任务、存档或直接依赖	code/Il2CppDumper/type_blocks/01640_BoardItemAutoSpawner.txt	0	2
1641	MergePuzzle	BoardItemCardPack	class	public class BoardItemCardPack : BoardItemNonSpawnable // TypeDefIndex: 1641	MergePuzzle/BoardItemCardPack.cs	主棋盘、物品、生成/消耗、任务、存档或直接依赖	code/Il2CppDumper/type_blocks/01641_BoardItemCardPack.txt	0	8
1642	MergePuzzle	BoardItemCharge	class	public class BoardItemCharge : BoardItemData, IConfigAdaptor<ChargeAdaptor>, IConfigAdaptorBase // TypeDefIndex: 1642	MergePuzzle/BoardItemCharge.cs	主棋盘、物品、生成/消耗、任务、存档或直接依赖	code/Il2CppDumper/type_blocks/01642_BoardItemCharge.txt	1	5
1643	MergePuzzle	BoardItemChargeable	class	public class BoardItemChargeable : BoardItemData // TypeDefIndex: 1643	MergePuzzle/BoardItemChargeable.cs	主棋盘、物品、生成/消耗、任务、存档或直接依赖	code/Il2CppDumper/type_blocks/01643_BoardItemChargeable.txt	4	3
1644		BoardItemChestSpawner.	class	private sealed class BoardItemChestSpawner.<>c__DisplayClass6_0 // TypeDefIndex: 1644	MergePuzzle/BoardItemChestSpawner.cs	主棋盘、物品、生成/消耗、任务、存档或直接依赖	code/Il2CppDumper/type_blocks/01644_BoardItemChestSpawner..txt	2	2
1645	MergePuzzle	BoardItemChestSpawner	class	public class BoardItemChestSpawner : BoardItemData, IConfigAdaptor<ChestSpawnerConfigAdaptor>, IConfigAdaptorBase // TypeDefIndex: 1645	MergePuzzle/BoardItemChestSpawner.cs	主棋盘、物品、生成/消耗、任务、存档或直接依赖	code/Il2CppDumper/type_blocks/01645_BoardItemChestSpawner.txt	5	11
1646		BoardItemCollectable.CollectableType	enum	public enum BoardItemCollectable.CollectableType // TypeDefIndex: 1646	MergePuzzle/BoardItemCollectable.cs	主棋盘、物品、生成/消耗、任务、存档或直接依赖	code/Il2CppDumper/type_blocks/01646_BoardItemCollectable.CollectableType.txt	1	0
1647	MergePuzzle	BoardItemCollectable	class	public class BoardItemCollectable : BoardItemData // TypeDefIndex: 1647	MergePuzzle/BoardItemCollectable.cs	主棋盘、物品、生成/消耗、任务、存档或直接依赖	code/Il2CppDumper/type_blocks/01647_BoardItemCollectable.txt	3	5
1648	MergePuzzle	BoardItemDailyChallengePickBox	class	public class BoardItemDailyChallengePickBox : BoardItemData, IConfigAdaptor<DailyChallengePickBoxSpawnerAdaptor>, IConfigAdaptorBase // TypeDefIndex: 1648	MergePuzzle/BoardItemDailyChallengePickBox.cs	主棋盘、物品、生成/消耗、任务、存档或直接依赖	code/Il2CppDumper/type_blocks/01648_BoardItemDailyChallengePickBox.txt	1	6
1649		BoardItemSpawnerData.	class	private sealed class BoardItemSpawnerData.<>c__DisplayClass4_0 // TypeDefIndex: 1649	MergePuzzle/BoardItemSpawnerData.cs	主棋盘、物品、生成/消耗、任务、存档或直接依赖	code/Il2CppDumper/type_blocks/01649_BoardItemSpawnerData..txt	2	2
1650	MergePuzzle	BoardItemSpawnerData	class	public abstract class BoardItemSpawnerData : BoardItemData, IConfigAdaptor<SpawnerConfigAdaptor>, IConfigAdaptorBase // TypeDefIndex: 1650	MergePuzzle/BoardItemSpawnerData.cs	主棋盘、物品、生成/消耗、任务、存档或直接依赖	code/Il2CppDumper/type_blocks/01650_BoardItemSpawnerData.txt	1	12
1651		BoardItemData.ProgressTextData	struct	public struct BoardItemData.ProgressTextData // TypeDefIndex: 1651	MergePuzzle/BoardItemData.cs	主棋盘、物品、生成/消耗、任务、存档或直接依赖	code/Il2CppDumper/type_blocks/01651_BoardItemData.ProgressTextData.txt	4	0
1652	MergePuzzle	BoardItemData	class	public abstract class BoardItemData : ScriptableObject // TypeDefIndex: 1652	MergePuzzle/BoardItemData.cs	主棋盘、物品、生成/消耗、任务、存档或直接依赖	code/Il2CppDumper/type_blocks/01652_BoardItemData.txt	8	28
1653	MergePuzzle	BoardItemDefault	class	public class BoardItemDefault : BoardItemData // TypeDefIndex: 1653	MergePuzzle/BoardItemDefault.cs	主棋盘、物品、生成/消耗、任务、存档或直接依赖	code/Il2CppDumper/type_blocks/01653_BoardItemDefault.txt	0	3
1654	MergePuzzle	BoardItemDefaultSpawner	class	public class BoardItemDefaultSpawner : BoardItemSpawnerData // TypeDefIndex: 1654	MergePuzzle/BoardItemDefaultSpawner.cs	主棋盘、物品、生成/消耗、任务、存档或直接依赖	code/Il2CppDumper/type_blocks/01654_BoardItemDefaultSpawner.txt	0	1
1655	MergePuzzle	BoardItemEventCurrency	class	public class BoardItemEventCurrency : BoardItemData // TypeDefIndex: 1655	MergePuzzle/BoardItemEventCurrency.cs	主棋盘、物品、生成/消耗、任务、存档或直接依赖	code/Il2CppDumper/type_blocks/01655_BoardItemEventCurrency.txt	0	3
1656	MergePuzzle	BoardItemNonSpawnable	class	public abstract class BoardItemNonSpawnable : BoardItemData // TypeDefIndex: 1656	MergePuzzle/BoardItemNonSpawnable.cs	主棋盘、物品、生成/消耗、任务、存档或直接依赖	code/Il2CppDumper/type_blocks/01656_BoardItemNonSpawnable.txt	0	4
1657		BoardItemPerishableSpawner.	class	private sealed class BoardItemPerishableSpawner.<>c__DisplayClass12_0 // TypeDefIndex: 1657	MergePuzzle/BoardItemPerishableSpawner.cs	主棋盘、物品、生成/消耗、任务、存档或直接依赖	code/Il2CppDumper/type_blocks/01657_BoardItemPerishableSpawner..txt	3	3
1658		BoardItemPerishableSpawner.	class	private sealed class BoardItemPerishableSpawner.<>c__DisplayClass13_0 // TypeDefIndex: 1658	MergePuzzle/BoardItemPerishableSpawner.cs	主棋盘、物品、生成/消耗、任务、存档或直接依赖	code/Il2CppDumper/type_blocks/01658_BoardItemPerishableSpawner..txt	2	2
1659	MergePuzzle	BoardItemPerishableSpawner	class	public class BoardItemPerishableSpawner : BoardItemData, IConfigAdaptor<PerishableSpawnerConfigAdaptor>, IConfigAdaptorBase // TypeDefIndex: 1659	MergePuzzle/BoardItemPerishableSpawner.cs	主棋盘、物品、生成/消耗、任务、存档或直接依赖	code/Il2CppDumper/type_blocks/01659_BoardItemPerishableSpawner.txt	10	10
1660		BoardItemPickBox.	class	private sealed class BoardItemPickBox.<>c // TypeDefIndex: 1660	MergePuzzle/BoardItemPickBox.cs	主棋盘、物品、生成/消耗、任务、存档或直接依赖	code/Il2CppDumper/type_blocks/01660_BoardItemPickBox..txt	2	3
1661		BoardItemPickBox.	class	private sealed class BoardItemPickBox.<>c__DisplayClass8_0 // TypeDefIndex: 1661	MergePuzzle/BoardItemPickBox.cs	主棋盘、物品、生成/消耗、任务、存档或直接依赖	code/Il2CppDumper/type_blocks/01661_BoardItemPickBox..txt	1	2
1662		BoardItemPickBox.	class	private sealed class BoardItemPickBox.<>c__DisplayClass9_0 // TypeDefIndex: 1662	MergePuzzle/BoardItemPickBox.cs	主棋盘、物品、生成/消耗、任务、存档或直接依赖	code/Il2CppDumper/type_blocks/01662_BoardItemPickBox..txt	2	2
1663	MergePuzzle	BoardItemPickBox	class	public class BoardItemPickBox : BoardItemData, IConfigAdaptor<PickBoxSpawnerConfigAdaptor>, IConfigAdaptorBase // TypeDefIndex: 1663	MergePuzzle/BoardItemPickBox.cs	主棋盘、物品、生成/消耗、任务、存档或直接依赖	code/Il2CppDumper/type_blocks/01663_BoardItemPickBox.txt	3	11
1664	MergePuzzle	BoardItemProgressive	class	public class BoardItemProgressive : BoardItemData, IConfigAdaptor<ProgressiveAdaptor>, IConfigAdaptorBase // TypeDefIndex: 1664	MergePuzzle/BoardItemProgressive.cs	主棋盘、物品、生成/消耗、任务、存档或直接依赖	code/Il2CppDumper/type_blocks/01664_BoardItemProgressive.txt	2	5
1665	MergePuzzle	BoardItemSurpriseBox	class	public class BoardItemSurpriseBox : BoardItemPerishableSpawner // TypeDefIndex: 1665	MergePuzzle/BoardItemSurpriseBox.cs	主棋盘、物品、生成/消耗、任务、存档或直接依赖	code/Il2CppDumper/type_blocks/01665_BoardItemSurpriseBox.txt	0	1
1666		LevelBasedChestSpawner.	class	private sealed class LevelBasedChestSpawner.<>c__DisplayClass4_0 // TypeDefIndex: 1666	MergePuzzle/LevelBasedChestSpawner.cs	主棋盘、物品、生成/消耗、任务、存档或直接依赖	code/Il2CppDumper/type_blocks/01666_LevelBasedChestSpawner..txt	2	2
1667	MergePuzzle	LevelBasedChestSpawner	class	public class LevelBasedChestSpawner : BoardItemChestSpawner, IConfigAdaptor<LevelBasedChestSpawnerConfigAdaptor>, IConfigAdaptorBase // TypeDefIndex: 1667	MergePuzzle/LevelBasedChestSpawner.cs	主棋盘、物品、生成/消耗、任务、存档或直接依赖	code/Il2CppDumper/type_blocks/01667_LevelBasedChestSpawner.txt	1	8
1668	MergePuzzle	BoardItemSetData	class	public class BoardItemSetData : ScriptableObject // TypeDefIndex: 1668	MergePuzzle/BoardItemSetData.cs	主棋盘、物品、生成/消耗、任务、存档或直接依赖	code/Il2CppDumper/type_blocks/01668_BoardItemSetData.txt	14	6
1670	MergePuzzle	IItemController	interface	public interface IItemController // TypeDefIndex: 1670	MergePuzzle/IItemController.cs	主棋盘、物品、生成/消耗、任务、存档或直接依赖	code/Il2CppDumper/type_blocks/01670_IItemController.txt	0	0
1671	MergePuzzle	IItemRuntimeData	interface	public interface IItemRuntimeData // TypeDefIndex: 1671	MergePuzzle/IItemRuntimeData.cs	主棋盘、物品、生成/消耗、任务、存档或直接依赖	code/Il2CppDumper/type_blocks/01671_IItemRuntimeData.txt	0	0
1672		ItemController.WarningType	enum	public enum ItemController.WarningType // TypeDefIndex: 1672	MergePuzzle/ItemController.cs	主棋盘、物品、生成/消耗、任务、存档或直接依赖	code/Il2CppDumper/type_blocks/01672_ItemController.WarningType.txt	1	0
1673		ItemController.PositionUpdateType	enum	public enum ItemController.PositionUpdateType // TypeDefIndex: 1673	MergePuzzle/ItemController.cs	主棋盘、物品、生成/消耗、任务、存档或直接依赖	code/Il2CppDumper/type_blocks/01673_ItemController.PositionUpdateType.txt	1	0
1674		ItemController.	class	private sealed class ItemController.<>c__DisplayClass195_0 // TypeDefIndex: 1674	MergePuzzle/ItemController.cs	主棋盘、物品、生成/消耗、任务、存档或直接依赖	code/Il2CppDumper/type_blocks/01674_ItemController..txt	1	2
1675		ItemController.	class	private sealed class ItemController.<>c__DisplayClass197_0 // TypeDefIndex: 1675	MergePuzzle/ItemController.cs	主棋盘、物品、生成/消耗、任务、存档或直接依赖	code/Il2CppDumper/type_blocks/01675_ItemController..txt	2	2
1676		ItemController.	class	private sealed class ItemController.<>c__DisplayClass228_0 // TypeDefIndex: 1676	MergePuzzle/ItemController.cs	主棋盘、物品、生成/消耗、任务、存档或直接依赖	code/Il2CppDumper/type_blocks/01676_ItemController..txt	8	2
1677		ItemController.	class	private sealed class ItemController.<>c__DisplayClass229_0 // TypeDefIndex: 1677	MergePuzzle/ItemController.cs	主棋盘、物品、生成/消耗、任务、存档或直接依赖	code/Il2CppDumper/type_blocks/01677_ItemController..txt	1	2
1678		ItemController.	class	private sealed class ItemController.<>c__DisplayClass230_0 // TypeDefIndex: 1678	MergePuzzle/ItemController.cs	主棋盘、物品、生成/消耗、任务、存档或直接依赖	code/Il2CppDumper/type_blocks/01678_ItemController..txt	7	2
1679		ItemController.	class	private sealed class ItemController.<>c__DisplayClass245_0 // TypeDefIndex: 1679	MergePuzzle/ItemController.cs	主棋盘、物品、生成/消耗、任务、存档或直接依赖	code/Il2CppDumper/type_blocks/01679_ItemController..txt	2	3
1680		ItemController.	struct	private struct ItemController.<ChangeModulesSortingData>d__160 : IAsyncStateMachine // TypeDefIndex: 1680	MergePuzzle/ItemController.cs	主棋盘、物品、生成/消耗、任务、存档或直接依赖	code/Il2CppDumper/type_blocks/01680_ItemController..txt	5	2
1681		ItemController.	struct	private struct ItemController.<MergeTweenAction>d__198 : IAsyncStateMachine // TypeDefIndex: 1681	MergePuzzle/ItemController.cs	主棋盘、物品、生成/消耗、任务、存档或直接依赖	code/Il2CppDumper/type_blocks/01681_ItemController..txt	7	2
1682	MergePuzzle	ItemController	class	public class ItemController : BaseSubscriber, ITutorialSetSorting, IEventReceiver<BoardEvent.BoosterPanelStatusChange>, IEventReceiverBase, IEventReceiver<CanvasEvent.ToggleScreenInputBlocker>, IEventReceiver<TaskEvent.SetLevelUpOnItems>, IEventReceiver<TaskEvent.LevelUpDismissed>, IEventReceiver<SrDebuggerEvent.ShowDebugLayers>, IEventReceiver<CanvasEvent.StopBubbleTick>, IEventReceiver<CanvasEvent.ContinueBubbleTick>, IEventReceiver<SDKEvents.RewardedAdEarned>, IEventReceiver<SDKEvents.RewardedAdDismissed>, IEventReceiver<SDKEvents.RewardedAdFailedToShown>, IEventReceiver<TaskEvent.TaskDoneBoardTaskItemDisappearStarted>, IEventReceiver<BoardEvent.BoardItemRemoveFinished>, IEventReceiver<BoardEvent.RemoveItemViaSellComplete>, IEventReceiver<EntityUpdateEvent.BoardItemStatusChange>, IEventReceiver<CanvasEvent.OpenGameplayRequest>, IItemController // TypeDefIndex: 1682	MergePuzzle/ItemController.cs	主棋盘、物品、生成/消耗、任务、存档或直接依赖	code/Il2CppDumper/type_blocks/01682_ItemController.txt	45	235
1683	MergePuzzle	ItemRuntimeData	class	public class ItemRuntimeData : IItemRuntimeData // TypeDefIndex: 1683	MergePuzzle/ItemRuntimeData.cs	主棋盘、物品、生成/消耗、任务、存档或直接依赖	code/Il2CppDumper/type_blocks/01683_ItemRuntimeData.txt	41	12
1717		ItemChainManager.SpawnerPointsQueryHandler.	class	private sealed class ItemChainManager.SpawnerPointsQueryHandler.<>c // TypeDefIndex: 1717	MergePuzzle/ItemChainManager.cs	主棋盘、物品、生成/消耗、任务、存档或直接依赖	code/Il2CppDumper/type_blocks/01717_ItemChainManager.SpawnerPointsQueryHandler..txt	2	3
1718		ItemChainManager.SpawnerPointsQueryHandler.	class	private sealed class ItemChainManager.SpawnerPointsQueryHandler.<>c__DisplayClass7_0 // TypeDefIndex: 1718	MergePuzzle/ItemChainManager.cs	主棋盘、物品、生成/消耗、任务、存档或直接依赖	code/Il2CppDumper/type_blocks/01718_ItemChainManager.SpawnerPointsQueryHandler..txt	2	2
1719		ItemChainManager.SpawnerPointsQueryHandler	class	public class ItemChainManager.SpawnerPointsQueryHandler // TypeDefIndex: 1719	MergePuzzle/ItemChainManager.cs	主棋盘、物品、生成/消耗、任务、存档或直接依赖	code/Il2CppDumper/type_blocks/01719_ItemChainManager.SpawnerPointsQueryHandler.txt	4	7
1720		ItemChainManager.SpawnerPointsQuery	class	private class ItemChainManager.SpawnerPointsQuery : IComparable<ItemChainManager.SpawnerPointsQuery> // TypeDefIndex: 1720	MergePuzzle/ItemChainManager.cs	主棋盘、物品、生成/消耗、任务、存档或直接依赖	code/Il2CppDumper/type_blocks/01720_ItemChainManager.SpawnerPointsQuery.txt	3	2
1721		ItemChainManager.	class	private sealed class ItemChainManager.<>c // TypeDefIndex: 1721	MergePuzzle/ItemChainManager.cs	主棋盘、物品、生成/消耗、任务、存档或直接依赖	code/Il2CppDumper/type_blocks/01721_ItemChainManager..txt	11	12
1722		ItemChainManager.	class	private sealed class ItemChainManager.<>c__DisplayClass15_0 // TypeDefIndex: 1722	MergePuzzle/ItemChainManager.cs	主棋盘、物品、生成/消耗、任务、存档或直接依赖	code/Il2CppDumper/type_blocks/01722_ItemChainManager..txt	1	2
1723		ItemChainManager.	class	private sealed class ItemChainManager.<>c__DisplayClass24_0 // TypeDefIndex: 1723	MergePuzzle/ItemChainManager.cs	主棋盘、物品、生成/消耗、任务、存档或直接依赖	code/Il2CppDumper/type_blocks/01723_ItemChainManager..txt	1	2
1724		ItemChainManager.	class	private sealed class ItemChainManager.<>c__DisplayClass25_0 // TypeDefIndex: 1724	MergePuzzle/ItemChainManager.cs	主棋盘、物品、生成/消耗、任务、存档或直接依赖	code/Il2CppDumper/type_blocks/01724_ItemChainManager..txt	1	2
1725		ItemChainManager.	class	private sealed class ItemChainManager.<>c__DisplayClass36_0 // TypeDefIndex: 1725	MergePuzzle/ItemChainManager.cs	主棋盘、物品、生成/消耗、任务、存档或直接依赖	code/Il2CppDumper/type_blocks/01725_ItemChainManager..txt	1	2
1726		ItemChainManager.	class	private sealed class ItemChainManager.<>c__DisplayClass37_0 // TypeDefIndex: 1726	MergePuzzle/ItemChainManager.cs	主棋盘、物品、生成/消耗、任务、存档或直接依赖	code/Il2CppDumper/type_blocks/01726_ItemChainManager..txt	1	2
1727		ItemChainManager.	class	private sealed class ItemChainManager.<>c__DisplayClass38_0 // TypeDefIndex: 1727	MergePuzzle/ItemChainManager.cs	主棋盘、物品、生成/消耗、任务、存档或直接依赖	code/Il2CppDumper/type_blocks/01727_ItemChainManager..txt	1	2
1728		ItemChainManager.	class	private sealed class ItemChainManager.<>c__DisplayClass39_0 // TypeDefIndex: 1728	MergePuzzle/ItemChainManager.cs	主棋盘、物品、生成/消耗、任务、存档或直接依赖	code/Il2CppDumper/type_blocks/01728_ItemChainManager..txt	3	3
1729		ItemChainManager.	class	private sealed class ItemChainManager.<>c__DisplayClass39_1 // TypeDefIndex: 1729	MergePuzzle/ItemChainManager.cs	主棋盘、物品、生成/消耗、任务、存档或直接依赖	code/Il2CppDumper/type_blocks/01729_ItemChainManager..txt	1	2
1730		ItemChainManager.	class	private sealed class ItemChainManager.<>c__DisplayClass39_2 // TypeDefIndex: 1730	MergePuzzle/ItemChainManager.cs	主棋盘、物品、生成/消耗、任务、存档或直接依赖	code/Il2CppDumper/type_blocks/01730_ItemChainManager..txt	1	2
1731		ItemChainManager.	class	private sealed class ItemChainManager.<>c__DisplayClass39_3 // TypeDefIndex: 1731	MergePuzzle/ItemChainManager.cs	主棋盘、物品、生成/消耗、任务、存档或直接依赖	code/Il2CppDumper/type_blocks/01731_ItemChainManager..txt	1	2
1732		ItemChainManager.	class	private sealed class ItemChainManager.<>c__DisplayClass39_4 // TypeDefIndex: 1732	MergePuzzle/ItemChainManager.cs	主棋盘、物品、生成/消耗、任务、存档或直接依赖	code/Il2CppDumper/type_blocks/01732_ItemChainManager..txt	1	2
1733		ItemChainManager.	class	private sealed class ItemChainManager.<>c__DisplayClass39_5 // TypeDefIndex: 1733	MergePuzzle/ItemChainManager.cs	主棋盘、物品、生成/消耗、任务、存档或直接依赖	code/Il2CppDumper/type_blocks/01733_ItemChainManager..txt	1	2
1734		ItemChainManager.	class	private sealed class ItemChainManager.<>c__DisplayClass50_0 // TypeDefIndex: 1734	MergePuzzle/ItemChainManager.cs	主棋盘、物品、生成/消耗、任务、存档或直接依赖	code/Il2CppDumper/type_blocks/01734_ItemChainManager..txt	4	2
1735		ItemChainManager.	class	private sealed class ItemChainManager.<>c__DisplayClass54_0 // TypeDefIndex: 1735	MergePuzzle/ItemChainManager.cs	主棋盘、物品、生成/消耗、任务、存档或直接依赖	code/Il2CppDumper/type_blocks/01735_ItemChainManager..txt	3	5
1736		ItemChainManager.	class	private sealed class ItemChainManager.<>c__DisplayClass57_0 // TypeDefIndex: 1736	MergePuzzle/ItemChainManager.cs	主棋盘、物品、生成/消耗、任务、存档或直接依赖	code/Il2CppDumper/type_blocks/01736_ItemChainManager..txt	1	2
1737		ItemChainManager.	class	private sealed class ItemChainManager.<>c__DisplayClass58_0 // TypeDefIndex: 1737	MergePuzzle/ItemChainManager.cs	主棋盘、物品、生成/消耗、任务、存档或直接依赖	code/Il2CppDumper/type_blocks/01737_ItemChainManager..txt	1	2
1738		ItemChainManager.	class	private sealed class ItemChainManager.<>c__DisplayClass59_0 // TypeDefIndex: 1738	MergePuzzle/ItemChainManager.cs	主棋盘、物品、生成/消耗、任务、存档或直接依赖	code/Il2CppDumper/type_blocks/01738_ItemChainManager..txt	2	2
1739	MergePuzzle	ItemChainManager	class	public class ItemChainManager : IItemRewardConvertHandler // TypeDefIndex: 1739	MergePuzzle/ItemChainManager.cs	主棋盘、物品、生成/消耗、任务、存档或直接依赖	code/Il2CppDumper/type_blocks/01739_ItemChainManager.txt	9	54
1740	MergePuzzle	ItemLinkID	struct	public struct ItemLinkID // TypeDefIndex: 1740	MergePuzzle/ItemLinkID.cs	主棋盘、物品、生成/消耗、任务、存档或直接依赖	code/Il2CppDumper/type_blocks/01740_ItemLinkID.txt	1	5
1741	MergePuzzle	KiteItemChain	class	public class KiteItemChain // TypeDefIndex: 1741	MergePuzzle/KiteItemChain.cs	主棋盘、物品、生成/消耗、任务、存档或直接依赖	code/Il2CppDumper/type_blocks/01741_KiteItemChain.txt	2	2
1742		KiteItemLink.ArchiveRewardItem	class	public class KiteItemLink.ArchiveRewardItem // TypeDefIndex: 1742	MergePuzzle/KiteItemLink.cs	主棋盘、物品、生成/消耗、任务、存档或直接依赖	code/Il2CppDumper/type_blocks/01742_KiteItemLink.ArchiveRewardItem.txt	2	1
1743	MergePuzzle	KiteItemLink	class	public class KiteItemLink // TypeDefIndex: 1743	MergePuzzle/KiteItemLink.cs	主棋盘、物品、生成/消耗、任务、存档或直接依赖	code/Il2CppDumper/type_blocks/01743_KiteItemLink.txt	7	3
1744		KiteNewSpawnerConfig.	class	private sealed class KiteNewSpawnerConfig.<>c // TypeDefIndex: 1744	MergePuzzle/KiteNewSpawnerConfig.cs	主棋盘、物品、生成/消耗、任务、存档或直接依赖	code/Il2CppDumper/type_blocks/01744_KiteNewSpawnerConfig..txt	2	3
1745	MergePuzzle	KiteNewSpawnerConfig	class	public class KiteNewSpawnerConfig // TypeDefIndex: 1745	MergePuzzle/KiteNewSpawnerConfig.cs	主棋盘、物品、生成/消耗、任务、存档或直接依赖	code/Il2CppDumper/type_blocks/01745_KiteNewSpawnerConfig.txt	5	3
1746		KiteSpawnerBackupItem.KiteBackupSpawnerModel	class	public class KiteSpawnerBackupItem.KiteBackupSpawnerModel // TypeDefIndex: 1746	MergePuzzle/KiteSpawnerBackupItem.cs	主棋盘、物品、生成/消耗、任务、存档或直接依赖	code/Il2CppDumper/type_blocks/01746_KiteSpawnerBackupItem.KiteBackupSpawnerModel.txt	2	1
1747	MergePuzzle	KiteSpawnerBackupItem	class	public class KiteSpawnerBackupItem : IComparable<KiteSpawnerBackupItem> // TypeDefIndex: 1747	MergePuzzle/KiteSpawnerBackupItem.cs	主棋盘、物品、生成/消耗、任务、存档或直接依赖	code/Il2CppDumper/type_blocks/01747_KiteSpawnerBackupItem.txt	2	2
1748		ItemChainModel.	class	private sealed class ItemChainModel.<>c // TypeDefIndex: 1748	MergePuzzle/ItemChainModel.cs	主棋盘、物品、生成/消耗、任务、存档或直接依赖	code/Il2CppDumper/type_blocks/01748_ItemChainModel..txt	5	6
1749		ItemChainModel.	class	private sealed class ItemChainModel.<>c__DisplayClass10_0 // TypeDefIndex: 1749	MergePuzzle/ItemChainModel.cs	主棋盘、物品、生成/消耗、任务、存档或直接依赖	code/Il2CppDumper/type_blocks/01749_ItemChainModel..txt	1	2
1750		ItemChainModel.	class	private sealed class ItemChainModel.<>c__DisplayClass11_0 // TypeDefIndex: 1750	MergePuzzle/ItemChainModel.cs	主棋盘、物品、生成/消耗、任务、存档或直接依赖	code/Il2CppDumper/type_blocks/01750_ItemChainModel..txt	1	2
1751		ItemChainModel.	class	private sealed class ItemChainModel.<>c__DisplayClass8_0 // TypeDefIndex: 1751	MergePuzzle/ItemChainModel.cs	主棋盘、物品、生成/消耗、任务、存档或直接依赖	code/Il2CppDumper/type_blocks/01751_ItemChainModel..txt	1	2
1752	MergePuzzle	ItemChainModel	class	public class ItemChainModel // TypeDefIndex: 1752	MergePuzzle/ItemChainModel.cs	主棋盘、物品、生成/消耗、任务、存档或直接依赖	code/Il2CppDumper/type_blocks/01752_ItemChainModel.txt	2	13
1753	MergePuzzle	ItemLinkModel	class	public class ItemLinkModel // TypeDefIndex: 1753	MergePuzzle/ItemLinkModel.cs	主棋盘、物品、生成/消耗、任务、存档或直接依赖	code/Il2CppDumper/type_blocks/01753_ItemLinkModel.txt	8	9
1754		ItemChainScriptableData.	class	private sealed class ItemChainScriptableData.<>c__DisplayClass6_0 // TypeDefIndex: 1754	MergePuzzle/ItemChainScriptableData.cs	主棋盘、物品、生成/消耗、任务、存档或直接依赖	code/Il2CppDumper/type_blocks/01754_ItemChainScriptableData..txt	1	2
1755	MergePuzzle	ItemChainScriptableData	class	public class ItemChainScriptableData : ScriptableObject // TypeDefIndex: 1755	MergePuzzle/ItemChainScriptableData.cs	主棋盘、物品、生成/消耗、任务、存档或直接依赖	code/Il2CppDumper/type_blocks/01755_ItemChainScriptableData.txt	3	5
1756		ItemLinkScriptableData.ItemLinkScriptableSetData	class	public class ItemLinkScriptableData.ItemLinkScriptableSetData // TypeDefIndex: 1756	MergePuzzle/ItemLinkScriptableData.cs	主棋盘、物品、生成/消耗、任务、存档或直接依赖	code/Il2CppDumper/type_blocks/01756_ItemLinkScriptableData.ItemLinkScriptableSetData.txt	3	1
1757		ItemLinkScriptableData.	class	private sealed class ItemLinkScriptableData.<>c // TypeDefIndex: 1757	MergePuzzle/ItemLinkScriptableData.cs	主棋盘、物品、生成/消耗、任务、存档或直接依赖	code/Il2CppDumper/type_blocks/01757_ItemLinkScriptableData..txt	3	4
1758		ItemLinkScriptableData.	class	private sealed class ItemLinkScriptableData.<>c__DisplayClass10_0 // TypeDefIndex: 1758	MergePuzzle/ItemLinkScriptableData.cs	主棋盘、物品、生成/消耗、任务、存档或直接依赖	code/Il2CppDumper/type_blocks/01758_ItemLinkScriptableData..txt	1	2
1759	MergePuzzle	ItemLinkScriptableData	class	public class ItemLinkScriptableData : ScriptableObject // TypeDefIndex: 1759	MergePuzzle/ItemLinkScriptableData.cs	主棋盘、物品、生成/消耗、任务、存档或直接依赖	code/Il2CppDumper/type_blocks/01759_ItemLinkScriptableData.txt	6	4
1760	MergePuzzle	NewSpawnerConfig	class	public class NewSpawnerConfig : FeatureConfigBase // TypeDefIndex: 1760	MergePuzzle/NewSpawnerConfig.cs	主棋盘、物品、生成/消耗、任务、存档或直接依赖	code/Il2CppDumper/type_blocks/01760_NewSpawnerConfig.txt	1	1
1764		BoardEvent.Move	struct	public struct BoardEvent.Move : IEvent // TypeDefIndex: 1764	MergePuzzle/BoardEvent.cs	主棋盘、物品、生成/消耗、任务、存档或直接依赖	code/Il2CppDumper/type_blocks/01764_BoardEvent.Move.txt	2	0
1765		BoardEvent.RevertMove	struct	public struct BoardEvent.RevertMove : IEvent // TypeDefIndex: 1765	MergePuzzle/BoardEvent.cs	主棋盘、物品、生成/消耗、任务、存档或直接依赖	code/Il2CppDumper/type_blocks/01765_BoardEvent.RevertMove.txt	2	0
1766		BoardEvent.BubbleTimeFinish	struct	public struct BoardEvent.BubbleTimeFinish : IEvent // TypeDefIndex: 1766	MergePuzzle/BoardEvent.cs	主棋盘、物品、生成/消耗、任务、存档或直接依赖	code/Il2CppDumper/type_blocks/01766_BoardEvent.BubbleTimeFinish.txt	3	0
1767		BoardEvent.BubbleDestroyed	struct	public struct BoardEvent.BubbleDestroyed : IEvent // TypeDefIndex: 1767	MergePuzzle/BoardEvent.cs	主棋盘、物品、生成/消耗、任务、存档或直接依赖	code/Il2CppDumper/type_blocks/01767_BoardEvent.BubbleDestroyed.txt	1	0
1768		BoardEvent.JellyDestroyed	struct	public struct BoardEvent.JellyDestroyed : IEvent // TypeDefIndex: 1768	MergePuzzle/BoardEvent.cs	主棋盘、物品、生成/消耗、任务、存档或直接依赖	code/Il2CppDumper/type_blocks/01768_BoardEvent.JellyDestroyed.txt	1	0
1769		BoardEvent.PreMergeParticleActive	struct	public struct BoardEvent.PreMergeParticleActive : IEvent // TypeDefIndex: 1769	MergePuzzle/BoardEvent.cs	主棋盘、物品、生成/消耗、任务、存档或直接依赖	code/Il2CppDumper/type_blocks/01769_BoardEvent.PreMergeParticleActive.txt	1	0
1770		BoardEvent.InventoryParticleActive	struct	public struct BoardEvent.InventoryParticleActive : IEvent // TypeDefIndex: 1770	MergePuzzle/BoardEvent.cs	主棋盘、物品、生成/消耗、任务、存档或直接依赖	code/Il2CppDumper/type_blocks/01770_BoardEvent.InventoryParticleActive.txt	1	0
1771		BoardEvent.AnimationLoopException	struct	public struct BoardEvent.AnimationLoopException : IEvent // TypeDefIndex: 1771	MergePuzzle/BoardEvent.cs	主棋盘、物品、生成/消耗、任务、存档或直接依赖	code/Il2CppDumper/type_blocks/01771_BoardEvent.AnimationLoopException.txt	1	0
1772		BoardEvent.PickBoxItemSelection	struct	public struct BoardEvent.PickBoxItemSelection : IEvent // TypeDefIndex: 1772	MergePuzzle/BoardEvent.cs	主棋盘、物品、生成/消耗、任务、存档或直接依赖	code/Il2CppDumper/type_blocks/01772_BoardEvent.PickBoxItemSelection.txt	2	0
1773		BoardEvent.MergeStart	struct	public struct BoardEvent.MergeStart : IEvent // TypeDefIndex: 1773	MergePuzzle/BoardEvent.cs	主棋盘、物品、生成/消耗、任务、存档或直接依赖	code/Il2CppDumper/type_blocks/01773_BoardEvent.MergeStart.txt	3	0
1774		BoardEvent.Merge	struct	public struct BoardEvent.Merge : IEvent // TypeDefIndex: 1774	MergePuzzle/BoardEvent.cs	主棋盘、物品、生成/消耗、任务、存档或直接依赖	code/Il2CppDumper/type_blocks/01774_BoardEvent.Merge.txt	3	0
1775		BoardEvent.MergeCompleted	struct	public struct BoardEvent.MergeCompleted : IEvent // TypeDefIndex: 1775	MergePuzzle/BoardEvent.cs	主棋盘、物品、生成/消耗、任务、存档或直接依赖	code/Il2CppDumper/type_blocks/01775_BoardEvent.MergeCompleted.txt	1	0
1776		BoardEvent.MergeChargeWithChargeable	struct	public struct BoardEvent.MergeChargeWithChargeable : IEvent // TypeDefIndex: 1776	MergePuzzle/BoardEvent.cs	主棋盘、物品、生成/消耗、任务、存档或直接依赖	code/Il2CppDumper/type_blocks/01776_BoardEvent.MergeChargeWithChargeable.txt	2	0
1777		BoardEvent.Swap	struct	public struct BoardEvent.Swap : IEvent // TypeDefIndex: 1777	MergePuzzle/BoardEvent.cs	主棋盘、物品、生成/消耗、任务、存档或直接依赖	code/Il2CppDumper/type_blocks/01777_BoardEvent.Swap.txt	2	0
1778		BoardEvent.ShowItemInfo	struct	public struct BoardEvent.ShowItemInfo : IEvent // TypeDefIndex: 1778	MergePuzzle/BoardEvent.cs	主棋盘、物品、生成/消耗、任务、存档或直接依赖	code/Il2CppDumper/type_blocks/01778_BoardEvent.ShowItemInfo.txt	1	0
1779		BoardEvent.ActiveInfoItemChange	struct	public struct BoardEvent.ActiveInfoItemChange : IEvent // TypeDefIndex: 1779	MergePuzzle/BoardEvent.cs	主棋盘、物品、生成/消耗、任务、存档或直接依赖	code/Il2CppDumper/type_blocks/01779_BoardEvent.ActiveInfoItemChange.txt	0	0
1780		BoardEvent.ClearSelectedPosition	struct	public struct BoardEvent.ClearSelectedPosition : IEvent // TypeDefIndex: 1780	MergePuzzle/BoardEvent.cs	主棋盘、物品、生成/消耗、任务、存档或直接依赖	code/Il2CppDumper/type_blocks/01780_BoardEvent.ClearSelectedPosition.txt	2	0
1781		BoardEvent.InitializeInventory	struct	public struct BoardEvent.InitializeInventory : IEvent // TypeDefIndex: 1781	MergePuzzle/BoardEvent.cs	主棋盘、物品、生成/消耗、任务、存档或直接依赖	code/Il2CppDumper/type_blocks/01781_BoardEvent.InitializeInventory.txt	4	0
1782		BoardEvent.InitializeBoard	struct	public struct BoardEvent.InitializeBoard : IEvent // TypeDefIndex: 1782	MergePuzzle/BoardEvent.cs	主棋盘、物品、生成/消耗、任务、存档或直接依赖	code/Il2CppDumper/type_blocks/01782_BoardEvent.InitializeBoard.txt	8	0
1783		BoardEvent.ScrollableItemDestroy	struct	public struct BoardEvent.ScrollableItemDestroy : IEvent // TypeDefIndex: 1783	MergePuzzle/BoardEvent.cs	主棋盘、物品、生成/消耗、任务、存档或直接依赖	code/Il2CppDumper/type_blocks/01783_BoardEvent.ScrollableItemDestroy.txt	1	0
1784		BoardEvent.SellItemDestroyed	struct	public struct BoardEvent.SellItemDestroyed : IEvent // TypeDefIndex: 1784	MergePuzzle/BoardEvent.cs	主棋盘、物品、生成/消耗、任务、存档或直接依赖	code/Il2CppDumper/type_blocks/01784_BoardEvent.SellItemDestroyed.txt	0	0
1785		BoardEvent.UpdateScrollableUI	struct	public struct BoardEvent.UpdateScrollableUI : IEvent // TypeDefIndex: 1785	MergePuzzle/BoardEvent.cs	主棋盘、物品、生成/消耗、任务、存档或直接依赖	code/Il2CppDumper/type_blocks/01785_BoardEvent.UpdateScrollableUI.txt	0	0
1786		BoardEvent.UpdateScrollableItemsClickableStatus	struct	public struct BoardEvent.UpdateScrollableItemsClickableStatus : IEvent // TypeDefIndex: 1786	MergePuzzle/BoardEvent.cs	主棋盘、物品、生成/消耗、任务、存档或直接依赖	code/Il2CppDumper/type_blocks/01786_BoardEvent.UpdateScrollableItemsClickableStatus.txt	1	0
1787		BoardEvent.UpdateScrollableAreaScrolltatus	struct	public struct BoardEvent.UpdateScrollableAreaScrolltatus : IEvent // TypeDefIndex: 1787	MergePuzzle/BoardEvent.cs	主棋盘、物品、生成/消耗、任务、存档或直接依赖	code/Il2CppDumper/type_blocks/01787_BoardEvent.UpdateScrollableAreaScrolltatus.txt	1	0
1788		BoardEvent.RetryAddressableDownload	struct	public struct BoardEvent.RetryAddressableDownload : IEvent // TypeDefIndex: 1788	MergePuzzle/BoardEvent.cs	主棋盘、物品、生成/消耗、任务、存档或直接依赖	code/Il2CppDumper/type_blocks/01788_BoardEvent.RetryAddressableDownload.txt	0	0
1789		BoardEvent.AddToInventory	struct	public struct BoardEvent.AddToInventory : IEvent // TypeDefIndex: 1789	MergePuzzle/BoardEvent.cs	主棋盘、物品、生成/消耗、任务、存档或直接依赖	code/Il2CppDumper/type_blocks/01789_BoardEvent.AddToInventory.txt	3	0
1790		BoardEvent.RemoveFromInventory	struct	public struct BoardEvent.RemoveFromInventory : IEvent // TypeDefIndex: 1790	MergePuzzle/BoardEvent.cs	主棋盘、物品、生成/消耗、任务、存档或直接依赖	code/Il2CppDumper/type_blocks/01790_BoardEvent.RemoveFromInventory.txt	4	0
1791		BoardEvent.RemoveFromRewardUI	struct	public struct BoardEvent.RemoveFromRewardUI : IEvent // TypeDefIndex: 1791	MergePuzzle/BoardEvent.cs	主棋盘、物品、生成/消耗、任务、存档或直接依赖	code/Il2CppDumper/type_blocks/01791_BoardEvent.RemoveFromRewardUI.txt	2	0
1792		BoardEvent.RemoveLastRewardFromRewardArea	struct	public struct BoardEvent.RemoveLastRewardFromRewardArea : IEvent // TypeDefIndex: 1792	MergePuzzle/BoardEvent.cs	主棋盘、物品、生成/消耗、任务、存档或直接依赖	code/Il2CppDumper/type_blocks/01792_BoardEvent.RemoveLastRewardFromRewardArea.txt	2	0
1793		BoardEvent.UpdateLastRewardUIFromRewardArea	struct	public struct BoardEvent.UpdateLastRewardUIFromRewardArea : IEvent // TypeDefIndex: 1793	MergePuzzle/BoardEvent.cs	主棋盘、物品、生成/消耗、任务、存档或直接依赖	code/Il2CppDumper/type_blocks/01793_BoardEvent.UpdateLastRewardUIFromRewardArea.txt	0	0
1794		BoardEvent.InventoryLockedItemClick	struct	public struct BoardEvent.InventoryLockedItemClick : IEvent // TypeDefIndex: 1794	MergePuzzle/BoardEvent.cs	主棋盘、物品、生成/消耗、任务、存档或直接依赖	code/Il2CppDumper/type_blocks/01794_BoardEvent.InventoryLockedItemClick.txt	1	0
1795		BoardEvent.ItemDragStarted	struct	public struct BoardEvent.ItemDragStarted : IEvent // TypeDefIndex: 1795	MergePuzzle/BoardEvent.cs	主棋盘、物品、生成/消耗、任务、存档或直接依赖	code/Il2CppDumper/type_blocks/01795_BoardEvent.ItemDragStarted.txt	1	0
1796		BoardEvent.ItemDragStopped	struct	public struct BoardEvent.ItemDragStopped : IEvent // TypeDefIndex: 1796	MergePuzzle/BoardEvent.cs	主棋盘、物品、生成/消耗、任务、存档或直接依赖	code/Il2CppDumper/type_blocks/01796_BoardEvent.ItemDragStopped.txt	0	0
1797		BoardEvent.ItemDragging	struct	public struct BoardEvent.ItemDragging : IEvent // TypeDefIndex: 1797	MergePuzzle/BoardEvent.cs	主棋盘、物品、生成/消耗、任务、存档或直接依赖	code/Il2CppDumper/type_blocks/01797_BoardEvent.ItemDragging.txt	1	0
1798		BoardEvent.OpenRateUsPopup	struct	public struct BoardEvent.OpenRateUsPopup : IEvent // TypeDefIndex: 1798	MergePuzzle/BoardEvent.cs	主棋盘、物品、生成/消耗、任务、存档或直接依赖	code/Il2CppDumper/type_blocks/01798_BoardEvent.OpenRateUsPopup.txt	3	0
1799		BoardEvent.RateUsPrePopupAnswered	struct	public struct BoardEvent.RateUsPrePopupAnswered : IEvent // TypeDefIndex: 1799	MergePuzzle/BoardEvent.cs	主棋盘、物品、生成/消耗、任务、存档或直接依赖	code/Il2CppDumper/type_blocks/01799_BoardEvent.RateUsPrePopupAnswered.txt	2	0
1800		BoardEvent.BoardItemPositionUpdate	struct	public struct BoardEvent.BoardItemPositionUpdate : IEvent // TypeDefIndex: 1800	MergePuzzle/BoardEvent.cs	主棋盘、物品、生成/消耗、任务、存档或直接依赖	code/Il2CppDumper/type_blocks/01800_BoardEvent.BoardItemPositionUpdate.txt	3	0
1801		BoardEvent.BoardItemPositionUpdateStart	struct	public struct BoardEvent.BoardItemPositionUpdateStart : IEvent // TypeDefIndex: 1801	MergePuzzle/BoardEvent.cs	主棋盘、物品、生成/消耗、任务、存档或直接依赖	code/Il2CppDumper/type_blocks/01801_BoardEvent.BoardItemPositionUpdateStart.txt	2	0
1802		BoardEvent.OnStateChange	struct	public struct BoardEvent.OnStateChange : IEvent // TypeDefIndex: 1802	MergePuzzle/BoardEvent.cs	主棋盘、物品、生成/消耗、任务、存档或直接依赖	code/Il2CppDumper/type_blocks/01802_BoardEvent.OnStateChange.txt	1	0
1803		BoardEvent.CollectCollectable	struct	public struct BoardEvent.CollectCollectable : IEvent // TypeDefIndex: 1803	MergePuzzle/BoardEvent.cs	主棋盘、物品、生成/消耗、任务、存档或直接依赖	code/Il2CppDumper/type_blocks/01803_BoardEvent.CollectCollectable.txt	2	0
1804		BoardEvent.SpawnerSpawn	struct	public struct BoardEvent.SpawnerSpawn : IEvent // TypeDefIndex: 1804	MergePuzzle/BoardEvent.cs	主棋盘、物品、生成/消耗、任务、存档或直接依赖	code/Il2CppDumper/type_blocks/01804_BoardEvent.SpawnerSpawn.txt	5	0
1805		BoardEvent.PerishableSpawnerSpawn	struct	public struct BoardEvent.PerishableSpawnerSpawn : IEvent // TypeDefIndex: 1805	MergePuzzle/BoardEvent.cs	主棋盘、物品、生成/消耗、任务、存档或直接依赖	code/Il2CppDumper/type_blocks/01805_BoardEvent.PerishableSpawnerSpawn.txt	4	0
1806		BoardEvent.AutoSpawnerSpawn	struct	public struct BoardEvent.AutoSpawnerSpawn : IEvent // TypeDefIndex: 1806	MergePuzzle/BoardEvent.cs	主棋盘、物品、生成/消耗、任务、存档或直接依赖	code/Il2CppDumper/type_blocks/01806_BoardEvent.AutoSpawnerSpawn.txt	4	0
1807		BoardEvent.ChestSpawnerSpawn	struct	public struct BoardEvent.ChestSpawnerSpawn : IEvent // TypeDefIndex: 1807	MergePuzzle/BoardEvent.cs	主棋盘、物品、生成/消耗、任务、存档或直接依赖	code/Il2CppDumper/type_blocks/01807_BoardEvent.ChestSpawnerSpawn.txt	4	0
1808		BoardEvent.TaskSupportChestSpawnerSpawn	struct	public struct BoardEvent.TaskSupportChestSpawnerSpawn : IEvent // TypeDefIndex: 1808	MergePuzzle/BoardEvent.cs	主棋盘、物品、生成/消耗、任务、存档或直接依赖	code/Il2CppDumper/type_blocks/01808_BoardEvent.TaskSupportChestSpawnerSpawn.txt	4	0
1809		BoardEvent.SellItemTrial	struct	public struct BoardEvent.SellItemTrial : IEvent // TypeDefIndex: 1809	MergePuzzle/BoardEvent.cs	主棋盘、物品、生成/消耗、任务、存档或直接依赖	code/Il2CppDumper/type_blocks/01809_BoardEvent.SellItemTrial.txt	2	0
1810		BoardEvent.BoardPositionSelection	struct	public struct BoardEvent.BoardPositionSelection : IEvent // TypeDefIndex: 1810	MergePuzzle/BoardEvent.cs	主棋盘、物品、生成/消耗、任务、存档或直接依赖	code/Il2CppDumper/type_blocks/01810_BoardEvent.BoardPositionSelection.txt	1	0
1811		BoardEvent.UndoItemSell	struct	public struct BoardEvent.UndoItemSell : IEvent // TypeDefIndex: 1811	MergePuzzle/BoardEvent.cs	主棋盘、物品、生成/消耗、任务、存档或直接依赖	code/Il2CppDumper/type_blocks/01811_BoardEvent.UndoItemSell.txt	2	0
1812		BoardEvent.ResetInfoArea	struct	public struct BoardEvent.ResetInfoArea : IEvent // TypeDefIndex: 1812	MergePuzzle/BoardEvent.cs	主棋盘、物品、生成/消耗、任务、存档或直接依赖	code/Il2CppDumper/type_blocks/01812_BoardEvent.ResetInfoArea.txt	0	0
1813		BoardEvent.BoardItemRemoved	struct	public struct BoardEvent.BoardItemRemoved : IEvent // TypeDefIndex: 1813	MergePuzzle/BoardEvent.cs	主棋盘、物品、生成/消耗、任务、存档或直接依赖	code/Il2CppDumper/type_blocks/01813_BoardEvent.BoardItemRemoved.txt	3	0
1814		BoardEvent.BoosterPanelStatusChange	struct	public struct BoardEvent.BoosterPanelStatusChange : IEvent // TypeDefIndex: 1814	MergePuzzle/BoardEvent.cs	主棋盘、物品、生成/消耗、任务、存档或直接依赖	code/Il2CppDumper/type_blocks/01814_BoardEvent.BoosterPanelStatusChange.txt	5	0
1815		BoardEvent.BoosterBoardAction	struct	public struct BoardEvent.BoosterBoardAction : IEvent // TypeDefIndex: 1815	MergePuzzle/BoardEvent.cs	主棋盘、物品、生成/消耗、任务、存档或直接依赖	code/Il2CppDumper/type_blocks/01815_BoardEvent.BoosterBoardAction.txt	3	0
1816		BoardEvent.BoosterUsed	struct	public struct BoardEvent.BoosterUsed : IEvent // TypeDefIndex: 1816	MergePuzzle/BoardEvent.cs	主棋盘、物品、生成/消耗、任务、存档或直接依赖	code/Il2CppDumper/type_blocks/01816_BoardEvent.BoosterUsed.txt	3	0
1817		BoardEvent.DecreaseBoosterCountEntity	struct	public struct BoardEvent.DecreaseBoosterCountEntity : IEvent // TypeDefIndex: 1817	MergePuzzle/BoardEvent.cs	主棋盘、物品、生成/消耗、任务、存档或直接依赖	code/Il2CppDumper/type_blocks/01817_BoardEvent.DecreaseBoosterCountEntity.txt	0	0
1818		BoardEvent.BoosterAnimationCompleted	struct	public struct BoardEvent.BoosterAnimationCompleted : IEvent // TypeDefIndex: 1818	MergePuzzle/BoardEvent.cs	主棋盘、物品、生成/消耗、任务、存档或直接依赖	code/Il2CppDumper/type_blocks/01818_BoardEvent.BoosterAnimationCompleted.txt	0	0
1819		BoardEvent.DestroyItemAfterTaskComplete	struct	public struct BoardEvent.DestroyItemAfterTaskComplete : IEvent // TypeDefIndex: 1819	MergePuzzle/BoardEvent.cs	主棋盘、物品、生成/消耗、任务、存档或直接依赖	code/Il2CppDumper/type_blocks/01819_BoardEvent.DestroyItemAfterTaskComplete.txt	3	0
1820		BoardEvent.CloudDestroy	struct	public struct BoardEvent.CloudDestroy : IEvent // TypeDefIndex: 1820	MergePuzzle/BoardEvent.cs	主棋盘、物品、生成/消耗、任务、存档或直接依赖	code/Il2CppDumper/type_blocks/01820_BoardEvent.CloudDestroy.txt	3	0
1821		BoardEvent.CloudClicked	struct	public struct BoardEvent.CloudClicked : IEvent // TypeDefIndex: 1821	MergePuzzle/BoardEvent.cs	主棋盘、物品、生成/消耗、任务、存档或直接依赖	code/Il2CppDumper/type_blocks/01821_BoardEvent.CloudClicked.txt	1	0
1822		BoardEvent.ClearBoard	struct	public struct BoardEvent.ClearBoard : IEvent // TypeDefIndex: 1822	MergePuzzle/BoardEvent.cs	主棋盘、物品、生成/消耗、任务、存档或直接依赖	code/Il2CppDumper/type_blocks/01822_BoardEvent.ClearBoard.txt	1	0
1823		BoardEvent.DestroyFromBoard	struct	public struct BoardEvent.DestroyFromBoard : IEvent // TypeDefIndex: 1823	MergePuzzle/BoardEvent.cs	主棋盘、物品、生成/消耗、任务、存档或直接依赖	code/Il2CppDumper/type_blocks/01823_BoardEvent.DestroyFromBoard.txt	2	0
1824		BoardEvent.EnergyRefillSuccess	struct	public struct BoardEvent.EnergyRefillSuccess : IEvent // TypeDefIndex: 1824	MergePuzzle/BoardEvent.cs	主棋盘、物品、生成/消耗、任务、存档或直接依赖	code/Il2CppDumper/type_blocks/01824_BoardEvent.EnergyRefillSuccess.txt	7	0
1825		BoardEvent.MoveDispersedItems	struct	public struct BoardEvent.MoveDispersedItems : IEvent // TypeDefIndex: 1825	MergePuzzle/BoardEvent.cs	主棋盘、物品、生成/消耗、任务、存档或直接依赖	code/Il2CppDumper/type_blocks/01825_BoardEvent.MoveDispersedItems.txt	0	0
1826		BoardEvent.RewardBoosterArrived	struct	public struct BoardEvent.RewardBoosterArrived : IEvent // TypeDefIndex: 1826	MergePuzzle/BoardEvent.cs	主棋盘、物品、生成/消耗、任务、存档或直接依赖	code/Il2CppDumper/type_blocks/01826_BoardEvent.RewardBoosterArrived.txt	2	0
1827		BoardEvent.SendOutPopupPurchaseRewards	struct	public struct BoardEvent.SendOutPopupPurchaseRewards : IEvent // TypeDefIndex: 1827	MergePuzzle/BoardEvent.cs	主棋盘、物品、生成/消耗、任务、存档或直接依赖	code/Il2CppDumper/type_blocks/01827_BoardEvent.SendOutPopupPurchaseRewards.txt	2	0
1828		BoardEvent.SendOutButtonBoosters	struct	public struct BoardEvent.SendOutButtonBoosters : IEvent // TypeDefIndex: 1828	MergePuzzle/BoardEvent.cs	主棋盘、物品、生成/消耗、任务、存档或直接依赖	code/Il2CppDumper/type_blocks/01828_BoardEvent.SendOutButtonBoosters.txt	1	0
1829		BoardEvent.RemoveItemViaSellComplete	struct	public struct BoardEvent.RemoveItemViaSellComplete : IEvent // TypeDefIndex: 1829	MergePuzzle/BoardEvent.cs	主棋盘、物品、生成/消耗、任务、存档或直接依赖	code/Il2CppDumper/type_blocks/01829_BoardEvent.RemoveItemViaSellComplete.txt	1	0
1830		BoardEvent.ItemRemoved	struct	public struct BoardEvent.ItemRemoved : IEvent // TypeDefIndex: 1830	MergePuzzle/BoardEvent.cs	主棋盘、物品、生成/消耗、任务、存档或直接依赖	code/Il2CppDumper/type_blocks/01830_BoardEvent.ItemRemoved.txt	0	0
1831		BoardEvent.ChestCharged	struct	public struct BoardEvent.ChestCharged : IEvent // TypeDefIndex: 1831	MergePuzzle/BoardEvent.cs	主棋盘、物品、生成/消耗、任务、存档或直接依赖	code/Il2CppDumper/type_blocks/01831_BoardEvent.ChestCharged.txt	0	0
1832		BoardEvent.TutorialLevelUpEvent	struct	public struct BoardEvent.TutorialLevelUpEvent : IEvent // TypeDefIndex: 1832	MergePuzzle/BoardEvent.cs	主棋盘、物品、生成/消耗、任务、存档或直接依赖	code/Il2CppDumper/type_blocks/01832_BoardEvent.TutorialLevelUpEvent.txt	0	0
1833		BoardEvent.TutorialLevelUpActiveFalse	struct	public struct BoardEvent.TutorialLevelUpActiveFalse : IEvent // TypeDefIndex: 1833	MergePuzzle/BoardEvent.cs	主棋盘、物品、生成/消耗、任务、存档或直接依赖	code/Il2CppDumper/type_blocks/01833_BoardEvent.TutorialLevelUpActiveFalse.txt	0	0
1834		BoardEvent.ApplicationPause	struct	public struct BoardEvent.ApplicationPause : IEvent // TypeDefIndex: 1834	MergePuzzle/BoardEvent.cs	主棋盘、物品、生成/消耗、任务、存档或直接依赖	code/Il2CppDumper/type_blocks/01834_BoardEvent.ApplicationPause.txt	3	0
1835		BoardEvent.ReturnSave	struct	public struct BoardEvent.ReturnSave : IEvent // TypeDefIndex: 1835	MergePuzzle/BoardEvent.cs	主棋盘、物品、生成/消耗、任务、存档或直接依赖	code/Il2CppDumper/type_blocks/01835_BoardEvent.ReturnSave.txt	4	0
1836		BoardEvent.BoardItemRemoveFinished	struct	public struct BoardEvent.BoardItemRemoveFinished : IEvent // TypeDefIndex: 1836	MergePuzzle/BoardEvent.cs	主棋盘、物品、生成/消耗、任务、存档或直接依赖	code/Il2CppDumper/type_blocks/01836_BoardEvent.BoardItemRemoveFinished.txt	0	0
1837		BoardEvent.SetUnlimitedEnergyDurationWaiting	struct	public struct BoardEvent.SetUnlimitedEnergyDurationWaiting : IEvent // TypeDefIndex: 1837	MergePuzzle/BoardEvent.cs	主棋盘、物品、生成/消耗、任务、存档或直接依赖	code/Il2CppDumper/type_blocks/01837_BoardEvent.SetUnlimitedEnergyDurationWaiting.txt	1	0
1838		BoardEvent.InfoAreaHighlight	struct	public struct BoardEvent.InfoAreaHighlight : IEvent // TypeDefIndex: 1838	MergePuzzle/BoardEvent.cs	主棋盘、物品、生成/消耗、任务、存档或直接依赖	code/Il2CppDumper/type_blocks/01838_BoardEvent.InfoAreaHighlight.txt	1	0
1839		BoardEvent.ResetSellButton	struct	public struct BoardEvent.ResetSellButton : IEvent // TypeDefIndex: 1839	MergePuzzle/BoardEvent.cs	主棋盘、物品、生成/消耗、任务、存档或直接依赖	code/Il2CppDumper/type_blocks/01839_BoardEvent.ResetSellButton.txt	0	0
1840		BoardEvent.RewardAnimationStartFromXPProgressbar	struct	public struct BoardEvent.RewardAnimationStartFromXPProgressbar : IEvent // TypeDefIndex: 1840	MergePuzzle/BoardEvent.cs	主棋盘、物品、生成/消耗、任务、存档或直接依赖	code/Il2CppDumper/type_blocks/01840_BoardEvent.RewardAnimationStartFromXPProgressbar.txt	0	0
1841		BoardEvent.UpdateScrollableAreaFinished	struct	public struct BoardEvent.UpdateScrollableAreaFinished : IEvent // TypeDefIndex: 1841	MergePuzzle/BoardEvent.cs	主棋盘、物品、生成/消耗、任务、存档或直接依赖	code/Il2CppDumper/type_blocks/01841_BoardEvent.UpdateScrollableAreaFinished.txt	0	0
1842		BoardEvent.FillUpcomingTasksAfterXPRollout	struct	public struct BoardEvent.FillUpcomingTasksAfterXPRollout : IEvent // TypeDefIndex: 1842	MergePuzzle/BoardEvent.cs	主棋盘、物品、生成/消耗、任务、存档或直接依赖	code/Il2CppDumper/type_blocks/01842_BoardEvent.FillUpcomingTasksAfterXPRollout.txt	0	0
1843		BoardEvent.OpenRewardsAreaEmpty	struct	public struct BoardEvent.OpenRewardsAreaEmpty : IEvent // TypeDefIndex: 1843	MergePuzzle/BoardEvent.cs	主棋盘、物品、生成/消耗、任务、存档或直接依赖	code/Il2CppDumper/type_blocks/01843_BoardEvent.OpenRewardsAreaEmpty.txt	0	0
1844		BoardEvent.ActiveRewardAdded	struct	public struct BoardEvent.ActiveRewardAdded : IEvent // TypeDefIndex: 1844	MergePuzzle/BoardEvent.cs	主棋盘、物品、生成/消耗、任务、存档或直接依赖	code/Il2CppDumper/type_blocks/01844_BoardEvent.ActiveRewardAdded.txt	2	0
1845		BoardEvent.UpdateUIBooster	struct	public struct BoardEvent.UpdateUIBooster : IEvent // TypeDefIndex: 1845	MergePuzzle/BoardEvent.cs	主棋盘、物品、生成/消耗、任务、存档或直接依赖	code/Il2CppDumper/type_blocks/01845_BoardEvent.UpdateUIBooster.txt	0	0
1846		BoardEvent.ItemBecomeTick	struct	public struct BoardEvent.ItemBecomeTick : IEvent // TypeDefIndex: 1846	MergePuzzle/BoardEvent.cs	主棋盘、物品、生成/消耗、任务、存档或直接依赖	code/Il2CppDumper/type_blocks/01846_BoardEvent.ItemBecomeTick.txt	1	0
1847		BoardEvent.BoardFeatureTutorialStatusChanged	struct	public struct BoardEvent.BoardFeatureTutorialStatusChanged : IEvent // TypeDefIndex: 1847	MergePuzzle/BoardEvent.cs	主棋盘、物品、生成/消耗、任务、存档或直接依赖	code/Il2CppDumper/type_blocks/01847_BoardEvent.BoardFeatureTutorialStatusChanged.txt	1	0
1848		BoardEvent.ArchiveTaskEjectFinished	struct	public struct BoardEvent.ArchiveTaskEjectFinished : IEvent // TypeDefIndex: 1848	MergePuzzle/BoardEvent.cs	主棋盘、物品、生成/消耗、任务、存档或直接依赖	code/Il2CppDumper/type_blocks/01848_BoardEvent.ArchiveTaskEjectFinished.txt	2	0
1849		BoardEvent.RemoveArchiveTask	struct	public struct BoardEvent.RemoveArchiveTask : IEvent // TypeDefIndex: 1849	MergePuzzle/BoardEvent.cs	主棋盘、物品、生成/消耗、任务、存档或直接依赖	code/Il2CppDumper/type_blocks/01849_BoardEvent.RemoveArchiveTask.txt	1	0
1850		BoardEvent.LockedChestDoubleClick	struct	public struct BoardEvent.LockedChestDoubleClick : IEvent // TypeDefIndex: 1850	MergePuzzle/BoardEvent.cs	主棋盘、物品、生成/消耗、任务、存档或直接依赖	code/Il2CppDumper/type_blocks/01850_BoardEvent.LockedChestDoubleClick.txt	0	0
1851	MergePuzzle	BoardEvent	class	public class BoardEvent // TypeDefIndex: 1851	MergePuzzle/BoardEvent.cs	主棋盘、物品、生成/消耗、任务、存档或直接依赖	code/Il2CppDumper/type_blocks/01851_BoardEvent.txt	0	1
1852	MergePuzzle	BoardPositionEntity	class	public class BoardPositionEntity // TypeDefIndex: 1852	MergePuzzle/BoardPositionEntity.cs	主棋盘、物品、生成/消耗、任务、存档或直接依赖	code/Il2CppDumper/type_blocks/01852_BoardPositionEntity.txt	3	6
1853	MergePuzzle	BoardType	enum	public enum BoardType // TypeDefIndex: 1853	MergePuzzle/BoardType.cs	主棋盘、物品、生成/消耗、任务、存档或直接依赖	code/Il2CppDumper/type_blocks/01853_BoardType.txt	1	0
1854	MergePuzzle	IBoardController	interface	public interface IBoardController // TypeDefIndex: 1854	MergePuzzle/IBoardController.cs	主棋盘、物品、生成/消耗、任务、存档或直接依赖	code/Il2CppDumper/type_blocks/01854_IBoardController.txt	0	0
1855		BoardData.	class	private sealed class BoardData.<>c__DisplayClass84_0 // TypeDefIndex: 1855	MergePuzzle/BoardData.cs	主棋盘、物品、生成/消耗、任务、存档或直接依赖	code/Il2CppDumper/type_blocks/01855_BoardData..txt	1	2
1856		BoardData.	class	private sealed class BoardData.<>c__DisplayClass85_0 // TypeDefIndex: 1856	MergePuzzle/BoardData.cs	主棋盘、物品、生成/消耗、任务、存档或直接依赖	code/Il2CppDumper/type_blocks/01856_BoardData..txt	1	2
1857		BoardData.	class	private sealed class BoardData.<>c__DisplayClass92_0 // TypeDefIndex: 1857	MergePuzzle/BoardData.cs	主棋盘、物品、生成/消耗、任务、存档或直接依赖	code/Il2CppDumper/type_blocks/01857_BoardData..txt	1	2
1858	MergePuzzle	BoardData	class	public class BoardData : ScriptableObject, IBoardData // TypeDefIndex: 1858	MergePuzzle/BoardData.cs	主棋盘、物品、生成/消耗、任务、存档或直接依赖	code/Il2CppDumper/type_blocks/01858_BoardData.txt	62	38
1859	MergePuzzle	BoardItemDictionaryHandler	class	public class BoardItemDictionaryHandler // TypeDefIndex: 1859	MergePuzzle/BoardItemDictionaryHandler.cs	主棋盘、物品、生成/消耗、任务、存档或直接依赖	code/Il2CppDumper/type_blocks/01859_BoardItemDictionaryHandler.txt	2	8
1860	MergePuzzle	BubbleGroupData	class	public class BubbleGroupData : ScriptableObject // TypeDefIndex: 1860	MergePuzzle/BubbleGroupData.cs	主棋盘、物品、生成/消耗、任务、存档或直接依赖	code/Il2CppDumper/type_blocks/01860_BubbleGroupData.txt	1	1
1861	MergePuzzle	JellyGroupData	class	public class JellyGroupData : ScriptableObject // TypeDefIndex: 1861	MergePuzzle/JellyGroupData.cs	主棋盘、物品、生成/消耗、任务、存档或直接依赖	code/Il2CppDumper/type_blocks/01861_JellyGroupData.txt	1	1
1863	MergePuzzle	BoardCloudItemController	class	public class BoardCloudItemController : BaseSubscriber, IEventReceiver<CameraEvent.CameraChangedRequest>, IEventReceiverBase, IEventReceiver<BoardEvent.BoosterPanelStatusChange> // TypeDefIndex: 1863	MergePuzzle/BoardCloudItemController.cs	主棋盘、物品、生成/消耗、任务、存档或直接依赖	code/Il2CppDumper/type_blocks/01863_BoardCloudItemController.txt	16	13
1864		BoardController.	class	private sealed class BoardController.<>c // TypeDefIndex: 1864	MergePuzzle/BoardController.cs	主棋盘、物品、生成/消耗、任务、存档或直接依赖	code/Il2CppDumper/type_blocks/01864_BoardController..txt	17	18
1865		BoardController.	class	private sealed class BoardController.<>c__DisplayClass130_0 // TypeDefIndex: 1865	MergePuzzle/BoardController.cs	主棋盘、物品、生成/消耗、任务、存档或直接依赖	code/Il2CppDumper/type_blocks/01865_BoardController..txt	2	2
1866		BoardController.	class	private sealed class BoardController.<>c__DisplayClass136_0 // TypeDefIndex: 1866	MergePuzzle/BoardController.cs	主棋盘、物品、生成/消耗、任务、存档或直接依赖	code/Il2CppDumper/type_blocks/01866_BoardController..txt	3	2
1867		BoardController.	class	private sealed class BoardController.<>c__DisplayClass142_0 // TypeDefIndex: 1867	MergePuzzle/BoardController.cs	主棋盘、物品、生成/消耗、任务、存档或直接依赖	code/Il2CppDumper/type_blocks/01867_BoardController..txt	1	1
1868		BoardController.	class	private sealed class BoardController.<>c__DisplayClass142_1 // TypeDefIndex: 1868	MergePuzzle/BoardController.cs	主棋盘、物品、生成/消耗、任务、存档或直接依赖	code/Il2CppDumper/type_blocks/01868_BoardController..txt	2	2
1869		BoardController.	class	private sealed class BoardController.<>c__DisplayClass145_0 // TypeDefIndex: 1869	MergePuzzle/BoardController.cs	主棋盘、物品、生成/消耗、任务、存档或直接依赖	code/Il2CppDumper/type_blocks/01869_BoardController..txt	1	2
1870		BoardController.	class	private sealed class BoardController.<>c__DisplayClass149_0 // TypeDefIndex: 1870	MergePuzzle/BoardController.cs	主棋盘、物品、生成/消耗、任务、存档或直接依赖	code/Il2CppDumper/type_blocks/01870_BoardController..txt	1	2
1871		BoardController.	class	private sealed class BoardController.<>c__DisplayClass168_0 // TypeDefIndex: 1871	MergePuzzle/BoardController.cs	主棋盘、物品、生成/消耗、任务、存档或直接依赖	code/Il2CppDumper/type_blocks/01871_BoardController..txt	5	2
1872		BoardController.	class	private sealed class BoardController.<>c__DisplayClass179_0 // TypeDefIndex: 1872	MergePuzzle/BoardController.cs	主棋盘、物品、生成/消耗、任务、存档或直接依赖	code/Il2CppDumper/type_blocks/01872_BoardController..txt	1	2
1873		BoardController.	class	private sealed class BoardController.<>c__DisplayClass211_0 // TypeDefIndex: 1873	MergePuzzle/BoardController.cs	主棋盘、物品、生成/消耗、任务、存档或直接依赖	code/Il2CppDumper/type_blocks/01873_BoardController..txt	5	2
1874		BoardController.	class	private sealed class BoardController.<>c__DisplayClass215_0 // TypeDefIndex: 1874	MergePuzzle/BoardController.cs	主棋盘、物品、生成/消耗、任务、存档或直接依赖	code/Il2CppDumper/type_blocks/01874_BoardController..txt	4	2
1875		BoardController.	class	private sealed class BoardController.<>c__DisplayClass216_0 // TypeDefIndex: 1875	MergePuzzle/BoardController.cs	主棋盘、物品、生成/消耗、任务、存档或直接依赖	code/Il2CppDumper/type_blocks/01875_BoardController..txt	5	2
1876		BoardController.	class	private sealed class BoardController.<>c__DisplayClass219_0 // TypeDefIndex: 1876	MergePuzzle/BoardController.cs	主棋盘、物品、生成/消耗、任务、存档或直接依赖	code/Il2CppDumper/type_blocks/01876_BoardController..txt	3	2
1877		BoardController.	class	private sealed class BoardController.<>c__DisplayClass249_0 // TypeDefIndex: 1877	MergePuzzle/BoardController.cs	主棋盘、物品、生成/消耗、任务、存档或直接依赖	code/Il2CppDumper/type_blocks/01877_BoardController..txt	1	4
1878		BoardController.	class	private sealed class BoardController.<>c__DisplayClass251_0 // TypeDefIndex: 1878	MergePuzzle/BoardController.cs	主棋盘、物品、生成/消耗、任务、存档或直接依赖	code/Il2CppDumper/type_blocks/01878_BoardController..txt	2	3
1879		BoardController.	class	private sealed class BoardController.<>c__DisplayClass269_0 // TypeDefIndex: 1879	MergePuzzle/BoardController.cs	主棋盘、物品、生成/消耗、任务、存档或直接依赖	code/Il2CppDumper/type_blocks/01879_BoardController..txt	1	2
1880		BoardController.	class	private sealed class BoardController.<>c__DisplayClass272_0 // TypeDefIndex: 1880	MergePuzzle/BoardController.cs	主棋盘、物品、生成/消耗、任务、存档或直接依赖	code/Il2CppDumper/type_blocks/01880_BoardController..txt	3	2
1881		BoardController.	class	private sealed class BoardController.<>c__DisplayClass298_0 // TypeDefIndex: 1881	MergePuzzle/BoardController.cs	主棋盘、物品、生成/消耗、任务、存档或直接依赖	code/Il2CppDumper/type_blocks/01881_BoardController..txt	2	3
1882		BoardController.	class	private sealed class BoardController.<>c__DisplayClass321_0 // TypeDefIndex: 1882	MergePuzzle/BoardController.cs	主棋盘、物品、生成/消耗、任务、存档或直接依赖	code/Il2CppDumper/type_blocks/01882_BoardController..txt	4	2
1883		BoardController.	class	private sealed class BoardController.<>c__DisplayClass339_0 // TypeDefIndex: 1883	MergePuzzle/BoardController.cs	主棋盘、物品、生成/消耗、任务、存档或直接依赖	code/Il2CppDumper/type_blocks/01883_BoardController..txt	5	3
1884		BoardController.	class	private sealed class BoardController.<>c__DisplayClass339_1 // TypeDefIndex: 1884	MergePuzzle/BoardController.cs	主棋盘、物品、生成/消耗、任务、存档或直接依赖	code/Il2CppDumper/type_blocks/01884_BoardController..txt	3	3
1885		BoardController.	class	private sealed class BoardController.<>c__DisplayClass339_2 // TypeDefIndex: 1885	MergePuzzle/BoardController.cs	主棋盘、物品、生成/消耗、任务、存档或直接依赖	code/Il2CppDumper/type_blocks/01885_BoardController..txt	2	2
1886		BoardController.	class	private sealed class BoardController.<>c__DisplayClass352_0 // TypeDefIndex: 1886	MergePuzzle/BoardController.cs	主棋盘、物品、生成/消耗、任务、存档或直接依赖	code/Il2CppDumper/type_blocks/01886_BoardController..txt	1	2
1887		BoardController.	class	private sealed class BoardController.<CreateParticleRoutine>d__202 : IEnumerator<object>, IEnumerator, IDisposable // TypeDefIndex: 1887	MergePuzzle/BoardController.cs	主棋盘、物品、生成/消耗、任务、存档或直接依赖	code/Il2CppDumper/type_blocks/01887_BoardController..txt	8	6
1888		BoardController.	struct	private struct BoardController.<InitBoard>d__130 : IAsyncStateMachine // TypeDefIndex: 1888	MergePuzzle/BoardController.cs	主棋盘、物品、生成/消耗、任务、存档或直接依赖	code/Il2CppDumper/type_blocks/01888_BoardController..txt	5	2
1889		BoardController.	struct	private struct BoardController.<InitBoardEvent>d__129 : IAsyncStateMachine // TypeDefIndex: 1889	MergePuzzle/BoardController.cs	主棋盘、物品、生成/消耗、任务、存档或直接依赖	code/Il2CppDumper/type_blocks/01889_BoardController..txt	6	2
1890		BoardController.	struct	private struct BoardController.<InitializeAsync>d__132 : IAsyncStateMachine // TypeDefIndex: 1890	MergePuzzle/BoardController.cs	主棋盘、物品、生成/消耗、任务、存档或直接依赖	code/Il2CppDumper/type_blocks/01890_BoardController..txt	6	2
1891		BoardController.	struct	private struct BoardController.<InitializeBoard>d__136 : IAsyncStateMachine // TypeDefIndex: 1891	MergePuzzle/BoardController.cs	主棋盘、物品、生成/消耗、任务、存档或直接依赖	code/Il2CppDumper/type_blocks/01891_BoardController..txt	9	2
1892		BoardController.	struct	private struct BoardController.<InitializeEventBoard>d__127 : IAsyncStateMachine // TypeDefIndex: 1892	MergePuzzle/BoardController.cs	主棋盘、物品、生成/消耗、任务、存档或直接依赖	code/Il2CppDumper/type_blocks/01892_BoardController..txt	8	2
1893		BoardController.	class	private sealed class BoardController.<ItemSetAnimationRoutine>d__209 : IEnumerator<object>, IEnumerator, IDisposable // TypeDefIndex: 1893	MergePuzzle/BoardController.cs	主棋盘、物品、生成/消耗、任务、存档或直接依赖	code/Il2CppDumper/type_blocks/01893_BoardController..txt	12	6
1894		BoardController.	struct	private struct BoardController.<LoadBoard>d__140 : IAsyncStateMachine // TypeDefIndex: 1894	MergePuzzle/BoardController.cs	主棋盘、物品、生成/消耗、任务、存档或直接依赖	code/Il2CppDumper/type_blocks/01894_BoardController..txt	6	2
1895		BoardController.	struct	private struct BoardController.<ProcessCloudDestroy>d__271 : IAsyncStateMachine // TypeDefIndex: 1895	MergePuzzle/BoardController.cs	主棋盘、物品、生成/消耗、任务、存档或直接依赖	code/Il2CppDumper/type_blocks/01895_BoardController..txt	7	2
1896		BoardController.	struct	private struct BoardController.<ProcessCurrencyClick>d__296 : IAsyncStateMachine // TypeDefIndex: 1896	MergePuzzle/BoardController.cs	主棋盘、物品、生成/消耗、任务、存档或直接依赖	code/Il2CppDumper/type_blocks/01896_BoardController..txt	12	2
1897		BoardController.	struct	private struct BoardController.<ProcessSplit>d__267 : IAsyncStateMachine // TypeDefIndex: 1897	MergePuzzle/BoardController.cs	主棋盘、物品、生成/消耗、任务、存档或直接依赖	code/Il2CppDumper/type_blocks/01897_BoardController..txt	14	2
1898		BoardController.	struct	private struct BoardController.<RemoveUnusedAddressables>d__137 : IAsyncStateMachine // TypeDefIndex: 1898	MergePuzzle/BoardController.cs	主棋盘、物品、生成/消耗、任务、存档或直接依赖	code/Il2CppDumper/type_blocks/01898_BoardController..txt	5	2
1899		BoardController.	struct	private struct BoardController.<ResultCallback>d__131 : IAsyncStateMachine // TypeDefIndex: 1899	MergePuzzle/BoardController.cs	主棋盘、物品、生成/消耗、任务、存档或直接依赖	code/Il2CppDumper/type_blocks/01899_BoardController..txt	5	2
1900		BoardController.	class	private sealed class BoardController.<SendSaveBoardEvent>d__279 : IEnumerator<object>, IEnumerator, IDisposable // TypeDefIndex: 1900	MergePuzzle/BoardController.cs	主棋盘、物品、生成/消耗、任务、存档或直接依赖	code/Il2CppDumper/type_blocks/01900_BoardController..txt	3	6
1901		BoardController.	struct	private struct BoardController.<SetCloudItemsAsync>d__273 : IAsyncStateMachine // TypeDefIndex: 1901	MergePuzzle/BoardController.cs	主棋盘、物品、生成/消耗、任务、存档或直接依赖	code/Il2CppDumper/type_blocks/01901_BoardController..txt	5	2
1902		BoardController.	struct	private struct BoardController.<SpawnAllAnimatedRewardsForTask>d__235 : IAsyncStateMachine // TypeDefIndex: 1902	MergePuzzle/BoardController.cs	主棋盘、物品、生成/消耗、任务、存档或直接依赖	code/Il2CppDumper/type_blocks/01902_BoardController..txt	9	2
1903		BoardController.	struct	private struct BoardController.<SpawnItemAsync>d__167 : IAsyncStateMachine // TypeDefIndex: 1903	MergePuzzle/BoardController.cs	主棋盘、物品、生成/消耗、任务、存档或直接依赖	code/Il2CppDumper/type_blocks/01903_BoardController..txt	12	2
1904		BoardController.	struct	private struct BoardController.<SpawnItemAsyncOnSplit>d__166 : IAsyncStateMachine // TypeDefIndex: 1904	MergePuzzle/BoardController.cs	主棋盘、物品、生成/消耗、任务、存档或直接依赖	code/Il2CppDumper/type_blocks/01904_BoardController..txt	8	2
1905		BoardController.	struct	private struct BoardController.<StopBoard>d__150 : IAsyncStateMachine // TypeDefIndex: 1905	MergePuzzle/BoardController.cs	主棋盘、物品、生成/消耗、任务、存档或直接依赖	code/Il2CppDumper/type_blocks/01905_BoardController..txt	4	2
1906		BoardController.	struct	private struct BoardController.<UnboxCellsAfterLevelupDismiss>d__294 : IAsyncStateMachine // TypeDefIndex: 1906	MergePuzzle/BoardController.cs	主棋盘、物品、生成/消耗、任务、存档或直接依赖	code/Il2CppDumper/type_blocks/01906_BoardController..txt	10	2
1907	MergePuzzle	BoardController	class	public class BoardController : BaseSubscriberService, IBoardController, IEventReceiver<BoardEvent.InitializeBoard>, IEventReceiverBase, IEventReceiver<BoardEvent.Move>, IEventReceiver<BoardEvent.Merge>, IEventReceiver<BoardEvent.Swap>, IEventReceiver<BoardEvent.CollectCollectable>, IEventReceiver<BoardEvent.SpawnerSpawn>, IEventReceiver<BoardEvent.PerishableSpawnerSpawn>, IEventReceiver<BoardEvent.AutoSpawnerSpawn>, IEventReceiver<BoardEvent.ChestSpawnerSpawn>, IEventReceiver<BoardEvent.RemoveFromInventory>, IEventReceiver<BoardEvent.AddToInventory>, IEventReceiver<BoardEvent.UndoItemSell>, IEventReceiver<BoardEvent.RemoveItemViaSellComplete>, IEventReceiver<BoardEvent.RevertMove>, IEventReceiver<NonMovableItemClick>, IEventReceiver<ItemClick>, IEventReceiver<BoardEvent.RemoveFromRewardUI>, IEventReceiver<BoardEvent.BubbleTimeFinish>, IEventReceiver<BoardEvent.BoosterPanelStatusChange>, IEventReceiver<BoardEvent.BoosterBoardAction>, IEventReceiver<BoardEvent.CloudDestroy>, IEventReceiver<BoardEvent.EnergyRefillSuccess>, IEventReceiver<AnimationEvent.SpawnerHintAdd>, IEventReceiver<TaskEvent.TaskDoneBoardItemsMoveCompleted>, IEventReceiver<BoardEvent.BoosterAnimationCompleted>, IEventReceiver<BoardEvent.ClearBoard>, IEventReceiver<BoardEvent.PreMergeParticleActive>, IEventReceiver<CameraEvent.CameraChangedRequest>, IEventReceiver<CameraEvent.CameraChangeCompleted>, IEventReceiver<SrDebuggerEvent.EventSpawn>, IEventReceiver<BoardEvent.ApplicationPause>, IEventReceiver<SrDebuggerEvent.CompleteMetaTaskUntil>, IEventReceiver<PurchaseEvent.PurchaseResult>, IEventReceiver<CanvasEvent.NonUndoClicked>, IEventReceiver<TaskEvent.LevelUpDismissed>, IEventReceiver<PurchaseEvent.SetTrigger>, IEventReceiver<BoardEvent.PickBoxItemSelection>, IEventReceiver<AnimationEvent.AnimationFinished>, IEventReceiver<RecurringEvent.CurrencyClicked>, IEventReceiver<BoardEvent.DestroyFromBoard>, IEventReceiver<BoardEvent.ClearSelectedPosition>, IEventReceiver<CanvasEvent.PlayTimeLimitedClockParticle>, IEventReceiver<DailyChallengeEvent.PickChestConceptRewardBoxItemSelection>, IEventReceiver<BoardEvent.OnStateChange>, IEventReceiver<BoardEvent.BoardItemPositionUpdate>, IEventReceiver<MetaEvent.SeasonSoftFinish>, IEventReceiver<BoardEvent.TaskSupportChestSpawnerSpawn> // TypeDefIndex: 1907	MergePuzzle/BoardController.cs	主棋盘、物品、生成/消耗、任务、存档或直接依赖	code/Il2CppDumper/type_blocks/01907_BoardController.txt	60	282
1909	MergePuzzle	BoardPosition	class	public class BoardPosition // TypeDefIndex: 1909	MergePuzzle/BoardPosition.cs	主棋盘、物品、生成/消耗、任务、存档或直接依赖	code/Il2CppDumper/type_blocks/01909_BoardPosition.txt	3	3
1910	MergePuzzle	BoardPositionData	class	public class BoardPositionData // TypeDefIndex: 1910	MergePuzzle/BoardPositionData.cs	主棋盘、物品、生成/消耗、任务、存档或直接依赖	code/Il2CppDumper/type_blocks/01910_BoardPositionData.txt	9	3
1914	MergePuzzle	BoosterEntity	class	public class BoosterEntity // TypeDefIndex: 1914	MergePuzzle/BoosterEntity.cs	主棋盘、物品、生成/消耗、任务、存档或直接依赖	code/Il2CppDumper/type_blocks/01914_BoosterEntity.txt	6	3
1915	MergePuzzle	BoosterType	enum	public enum BoosterType // TypeDefIndex: 1915	MergePuzzle/BoosterType.cs	主棋盘、物品、生成/消耗、任务、存档或直接依赖	code/Il2CppDumper/type_blocks/01915_BoosterType.txt	1	0
1920	MergePuzzle	BoosterItemData	class	public abstract class BoosterItemData : ScriptableObject // TypeDefIndex: 1920	MergePuzzle/BoosterItemData.cs	主棋盘、物品、生成/消耗、任务、存档或直接依赖	code/Il2CppDumper/type_blocks/01920_BoosterItemData.txt	12	4
1921	MergePuzzle	BubbleBoosterData	class	public class BubbleBoosterData : BoosterItemData // TypeDefIndex: 1921	MergePuzzle/BubbleBoosterData.cs	主棋盘、物品、生成/消耗、任务、存档或直接依赖	code/Il2CppDumper/type_blocks/01921_BubbleBoosterData.txt	1	2
1922		LevelBoosterData.	class	private sealed class LevelBoosterData.<>c // TypeDefIndex: 1922	MergePuzzle/LevelBoosterData.cs	主棋盘、物品、生成/消耗、任务、存档或直接依赖	code/Il2CppDumper/type_blocks/01922_LevelBoosterData..txt	2	3
1923	MergePuzzle	LevelBoosterData	class	public class LevelBoosterData : BoosterItemData // TypeDefIndex: 1923	MergePuzzle/LevelBoosterData.cs	主棋盘、物品、生成/消耗、任务、存档或直接依赖	code/Il2CppDumper/type_blocks/01923_LevelBoosterData.txt	1	2
1924	MergePuzzle	SpawnerSkipBoosterData	class	public class SpawnerSkipBoosterData : BoosterItemData // TypeDefIndex: 1924	MergePuzzle/SpawnerSkipBoosterData.cs	主棋盘、物品、生成/消耗、任务、存档或直接依赖	code/Il2CppDumper/type_blocks/01924_SpawnerSkipBoosterData.txt	1	3
1925	MergePuzzle	SplitBoosterData	class	public class SplitBoosterData : BoosterItemData // TypeDefIndex: 1925	MergePuzzle/SplitBoosterData.cs	主棋盘、物品、生成/消耗、任务、存档或直接依赖	code/Il2CppDumper/type_blocks/01925_SplitBoosterData.txt	2	3
1931		BoosterItemController.	class	private sealed class BoosterItemController.<ProcessCameraChange>d__48 : IEnumerator<object>, IEnumerator, IDisposable // TypeDefIndex: 1931	MergePuzzle/BoosterItemController.cs	主棋盘、物品、生成/消耗、任务、存档或直接依赖	code/Il2CppDumper/type_blocks/01931_BoosterItemController..txt	3	6
1932	MergePuzzle	BoosterItemController	class	public class BoosterItemController : BaseSubscriber, IEventReceiver<BoardEvent.BoosterUsed>, IEventReceiverBase, IEventReceiver<TaskEvent.LevelUpDismissed>, IEventReceiver<BoardEvent.RewardBoosterArrived>, IEventReceiver<BoardEvent.BoardItemRemoveFinished>, IEventReceiver<CameraEvent.CameraChangeCompleted>, IEventReceiver<BoardEvent.BoardItemPositionUpdateStart>, IEventReceiver<BoardEvent.OnStateChange>, IEventReceiver<EntityUpdateEvent.RewardAnimationStatusChange>, IEventReceiver<EntityUpdateEvent.SeasonPassRewardUpdate>, IEventReceiver<EntityUpdateEvent.LevelUpdateEntity>, IEventReceiver<BoardEvent.UpdateUIBooster>, IEventReceiver<BoardEvent.MergeCompleted>, IEventReceiver<BoardEvent.MergeStart> // TypeDefIndex: 1932	MergePuzzle/BoosterItemController.cs	主棋盘、物品、生成/消耗、任务、存档或直接依赖	code/Il2CppDumper/type_blocks/01932_BoosterItemController.txt	26	31
1946		InventoryEntity.InventorySpawnerEntity	class	public class InventoryEntity.InventorySpawnerEntity // TypeDefIndex: 1946	MergePuzzle/InventoryEntity.cs	主棋盘、物品、生成/消耗、任务、存档或直接依赖	code/Il2CppDumper/type_blocks/01946_InventoryEntity.InventorySpawnerEntity.txt	3	1
1947		InventoryEntity.ArchiveTaskEntity	class	public class InventoryEntity.ArchiveTaskEntity // TypeDefIndex: 1947	MergePuzzle/InventoryEntity.cs	主棋盘、物品、生成/消耗、任务、存档或直接依赖	code/Il2CppDumper/type_blocks/01947_InventoryEntity.ArchiveTaskEntity.txt	4	6
1948		InventoryEntity.	class	private sealed class InventoryEntity.<>c__DisplayClass15_0 // TypeDefIndex: 1948	MergePuzzle/InventoryEntity.cs	主棋盘、物品、生成/消耗、任务、存档或直接依赖	code/Il2CppDumper/type_blocks/01948_InventoryEntity..txt	1	2
1949		InventoryEntity.	class	private sealed class InventoryEntity.<>c__DisplayClass19_0 // TypeDefIndex: 1949	MergePuzzle/InventoryEntity.cs	主棋盘、物品、生成/消耗、任务、存档或直接依赖	code/Il2CppDumper/type_blocks/01949_InventoryEntity..txt	1	2
1950		InventoryEntity.	class	private sealed class InventoryEntity.<>c__DisplayClass20_0 // TypeDefIndex: 1950	MergePuzzle/InventoryEntity.cs	主棋盘、物品、生成/消耗、任务、存档或直接依赖	code/Il2CppDumper/type_blocks/01950_InventoryEntity..txt	2	2
1951		InventoryEntity.	class	private sealed class InventoryEntity.<>c__DisplayClass25_0 // TypeDefIndex: 1951	MergePuzzle/InventoryEntity.cs	主棋盘、物品、生成/消耗、任务、存档或直接依赖	code/Il2CppDumper/type_blocks/01951_InventoryEntity..txt	2	2
1952	MergePuzzle	InventoryEntity	class	public class InventoryEntity // TypeDefIndex: 1952	MergePuzzle/InventoryEntity.cs	主棋盘、物品、生成/消耗、任务、存档或直接依赖	code/Il2CppDumper/type_blocks/01952_InventoryEntity.txt	6	18
1954	MergePuzzle	InventoryCell	class	public class InventoryCell : MonoBehaviour // TypeDefIndex: 1954	MergePuzzle/InventoryCell.cs	主棋盘、物品、生成/消耗、任务、存档或直接依赖	code/Il2CppDumper/type_blocks/01954_InventoryCell.txt	23	12
1961		BoardTaskData.	class	private sealed class BoardTaskData.<>c // TypeDefIndex: 1961	MergePuzzle/BoardTaskData.cs	主棋盘、物品、生成/消耗、任务、存档或直接依赖	code/Il2CppDumper/type_blocks/01961_BoardTaskData..txt	2	3
1962		BoardTaskData.	class	private sealed class BoardTaskData.<>c__DisplayClass3_0 // TypeDefIndex: 1962	MergePuzzle/BoardTaskData.cs	主棋盘、物品、生成/消耗、任务、存档或直接依赖	code/Il2CppDumper/type_blocks/01962_BoardTaskData..txt	1	2
1963	MergePuzzle	BoardTaskData	class	public class BoardTaskData // TypeDefIndex: 1963	MergePuzzle/BoardTaskData.cs	主棋盘、物品、生成/消耗、任务、存档或直接依赖	code/Il2CppDumper/type_blocks/01963_BoardTaskData.txt	3	10
1964		BoardTaskEntity.	class	private sealed class BoardTaskEntity.<>c // TypeDefIndex: 1964	MergePuzzle/BoardTaskEntity.cs	主棋盘、物品、生成/消耗、任务、存档或直接依赖	code/Il2CppDumper/type_blocks/01964_BoardTaskEntity..txt	7	8
1965		BoardTaskEntity.	class	private sealed class BoardTaskEntity.<>c__DisplayClass100_0 // TypeDefIndex: 1965	MergePuzzle/BoardTaskEntity.cs	主棋盘、物品、生成/消耗、任务、存档或直接依赖	code/Il2CppDumper/type_blocks/01965_BoardTaskEntity..txt	1	2
1966		BoardTaskEntity.	class	private sealed class BoardTaskEntity.<>c__DisplayClass56_0 // TypeDefIndex: 1966	MergePuzzle/BoardTaskEntity.cs	主棋盘、物品、生成/消耗、任务、存档或直接依赖	code/Il2CppDumper/type_blocks/01966_BoardTaskEntity..txt	1	2
1967		BoardTaskEntity.	class	private sealed class BoardTaskEntity.<>c__DisplayClass69_0 // TypeDefIndex: 1967	MergePuzzle/BoardTaskEntity.cs	主棋盘、物品、生成/消耗、任务、存档或直接依赖	code/Il2CppDumper/type_blocks/01967_BoardTaskEntity..txt	1	2
1968		BoardTaskEntity.	class	private sealed class BoardTaskEntity.<>c__DisplayClass69_1 // TypeDefIndex: 1968	MergePuzzle/BoardTaskEntity.cs	主棋盘、物品、生成/消耗、任务、存档或直接依赖	code/Il2CppDumper/type_blocks/01968_BoardTaskEntity..txt	1	2
1969		BoardTaskEntity.	class	private sealed class BoardTaskEntity.<>c__DisplayClass86_0 // TypeDefIndex: 1969	MergePuzzle/BoardTaskEntity.cs	主棋盘、物品、生成/消耗、任务、存档或直接依赖	code/Il2CppDumper/type_blocks/01969_BoardTaskEntity..txt	1	3
1970		BoardTaskEntity.	class	private sealed class BoardTaskEntity.<>c__DisplayClass92_0 // TypeDefIndex: 1970	MergePuzzle/BoardTaskEntity.cs	主棋盘、物品、生成/消耗、任务、存档或直接依赖	code/Il2CppDumper/type_blocks/01970_BoardTaskEntity..txt	1	2
1971		BoardTaskEntity.	class	private sealed class BoardTaskEntity.<>c__DisplayClass94_0 // TypeDefIndex: 1971	MergePuzzle/BoardTaskEntity.cs	主棋盘、物品、生成/消耗、任务、存档或直接依赖	code/Il2CppDumper/type_blocks/01971_BoardTaskEntity..txt	1	4
1972		BoardTaskEntity.	class	private sealed class BoardTaskEntity.<>c__DisplayClass95_0 // TypeDefIndex: 1972	MergePuzzle/BoardTaskEntity.cs	主棋盘、物品、生成/消耗、任务、存档或直接依赖	code/Il2CppDumper/type_blocks/01972_BoardTaskEntity..txt	1	4
1973		BoardTaskEntity.	struct	private struct BoardTaskEntity.<OptimizeCompletedTaskData>d__65 : IAsyncStateMachine // TypeDefIndex: 1973	MergePuzzle/BoardTaskEntity.cs	主棋盘、物品、生成/消耗、任务、存档或直接依赖	code/Il2CppDumper/type_blocks/01973_BoardTaskEntity..txt	11	2
1974	MergePuzzle	BoardTaskEntity	class	public class BoardTaskEntity // TypeDefIndex: 1974	MergePuzzle/BoardTaskEntity.cs	主棋盘、物品、生成/消耗、任务、存档或直接依赖	code/Il2CppDumper/type_blocks/01974_BoardTaskEntity.txt	54	48
1977		BoardTaskItem.	class	private sealed class BoardTaskItem.<>c__DisplayClass45_0 // TypeDefIndex: 1977	MergePuzzle/BoardTaskItem.cs	主棋盘、物品、生成/消耗、任务、存档或直接依赖	code/Il2CppDumper/type_blocks/01977_BoardTaskItem..txt	2	2
1978		BoardTaskItem.	class	private sealed class BoardTaskItem.<>c__DisplayClass46_0 // TypeDefIndex: 1978	MergePuzzle/BoardTaskItem.cs	主棋盘、物品、生成/消耗、任务、存档或直接依赖	code/Il2CppDumper/type_blocks/01978_BoardTaskItem..txt	2	2
1979		BoardTaskItem.	class	private sealed class BoardTaskItem.<>c__DisplayClass47_0 // TypeDefIndex: 1979	MergePuzzle/BoardTaskItem.cs	主棋盘、物品、生成/消耗、任务、存档或直接依赖	code/Il2CppDumper/type_blocks/01979_BoardTaskItem..txt	1	2
1980		BoardTaskItem.	class	private sealed class BoardTaskItem.<>c__DisplayClass49_0 // TypeDefIndex: 1980	MergePuzzle/BoardTaskItem.cs	主棋盘、物品、生成/消耗、任务、存档或直接依赖	code/Il2CppDumper/type_blocks/01980_BoardTaskItem..txt	1	2
1981	MergePuzzle	BoardTaskItem	class	public class BoardTaskItem // TypeDefIndex: 1981	MergePuzzle/BoardTaskItem.cs	主棋盘、物品、生成/消耗、任务、存档或直接依赖	code/Il2CppDumper/type_blocks/01981_BoardTaskItem.txt	34	17
1982	MergePuzzle	BoardTaskGoal	class	public class BoardTaskGoal // TypeDefIndex: 1982	MergePuzzle/BoardTaskGoal.cs	主棋盘、物品、生成/消耗、任务、存档或直接依赖	code/Il2CppDumper/type_blocks/01982_BoardTaskGoal.txt	3	2
1984	MergePuzzle	BoardTaskType	enum	public enum BoardTaskType // TypeDefIndex: 1984	MergePuzzle/BoardTaskType.cs	主棋盘、物品、生成/消耗、任务、存档或直接依赖	code/Il2CppDumper/type_blocks/01984_BoardTaskType.txt	1	0
1990		RewardEntity.RewardType	enum	private enum RewardEntity.RewardType // TypeDefIndex: 1990	MergePuzzle/RewardEntity.cs	主棋盘、物品、生成/消耗、任务、存档或直接依赖	code/Il2CppDumper/type_blocks/01990_RewardEntity.RewardType.txt	1	0
1991	MergePuzzle	RewardEntity	class	public class RewardEntity : IComparable<RewardEntity> // TypeDefIndex: 1991	MergePuzzle/RewardEntity.cs	主棋盘、物品、生成/消耗、任务、存档或直接依赖	code/Il2CppDumper/type_blocks/01991_RewardEntity.txt	4	10
1992		TaskEvent.TaskDoneProcessStarted	struct	public struct TaskEvent.TaskDoneProcessStarted : IEvent // TypeDefIndex: 1992	MergePuzzle/TaskEvent.cs	主棋盘、物品、生成/消耗、任务、存档或直接依赖	code/Il2CppDumper/type_blocks/01992_TaskEvent.TaskDoneProcessStarted.txt	4	0
1993		TaskEvent.TaskDoneXPAndRewardAnimationsComplete	struct	public struct TaskEvent.TaskDoneXPAndRewardAnimationsComplete : IEvent // TypeDefIndex: 1993	MergePuzzle/TaskEvent.cs	主棋盘、物品、生成/消耗、任务、存档或直接依赖	code/Il2CppDumper/type_blocks/01993_TaskEvent.TaskDoneXPAndRewardAnimationsComplete.txt	0	0
1994		TaskEvent.SeasonPassPointAnimationComplete	struct	public struct TaskEvent.SeasonPassPointAnimationComplete : IEvent // TypeDefIndex: 1994	MergePuzzle/TaskEvent.cs	主棋盘、物品、生成/消耗、任务、存档或直接依赖	code/Il2CppDumper/type_blocks/01994_TaskEvent.SeasonPassPointAnimationComplete.txt	2	0
1995		TaskEvent.BoardEventPointAnimationComplete	struct	public struct TaskEvent.BoardEventPointAnimationComplete : IEvent // TypeDefIndex: 1995	MergePuzzle/TaskEvent.cs	主棋盘、物品、生成/消耗、任务、存档或直接依赖	code/Il2CppDumper/type_blocks/01995_TaskEvent.BoardEventPointAnimationComplete.txt	2	0
1996		TaskEvent.RefreshScrollableArea	struct	public struct TaskEvent.RefreshScrollableArea : IEvent // TypeDefIndex: 1996	MergePuzzle/TaskEvent.cs	主棋盘、物品、生成/消耗、任务、存档或直接依赖	code/Il2CppDumper/type_blocks/01996_TaskEvent.RefreshScrollableArea.txt	3	0
1997		TaskEvent.TaskDoneBoardItemsMoveCompleted	struct	public struct TaskEvent.TaskDoneBoardItemsMoveCompleted : IEvent // TypeDefIndex: 1997	MergePuzzle/TaskEvent.cs	主棋盘、物品、生成/消耗、任务、存档或直接依赖	code/Il2CppDumper/type_blocks/01997_TaskEvent.TaskDoneBoardItemsMoveCompleted.txt	3	0
1998		TaskEvent.TaskDoneBoardItemsMoveFirstItemHit	struct	public struct TaskEvent.TaskDoneBoardItemsMoveFirstItemHit : IEvent // TypeDefIndex: 1998	MergePuzzle/TaskEvent.cs	主棋盘、物品、生成/消耗、任务、存档或直接依赖	code/Il2CppDumper/type_blocks/01998_TaskEvent.TaskDoneBoardItemsMoveFirstItemHit.txt	0	0
1999		TaskEvent.TaskLastCoinOut	struct	public struct TaskEvent.TaskLastCoinOut : IEvent // TypeDefIndex: 1999	MergePuzzle/TaskEvent.cs	主棋盘、物品、生成/消耗、任务、存档或直接依赖	code/Il2CppDumper/type_blocks/01999_TaskEvent.TaskLastCoinOut.txt	1	0
2000		TaskEvent.TaskUpdateRewardUI	struct	public struct TaskEvent.TaskUpdateRewardUI : IEvent // TypeDefIndex: 2000	MergePuzzle/TaskEvent.cs	主棋盘、物品、生成/消耗、任务、存档或直接依赖	code/Il2CppDumper/type_blocks/02000_TaskEvent.TaskUpdateRewardUI.txt	0	0
2001		TaskEvent.LastCoinArrived	struct	public struct TaskEvent.LastCoinArrived : IEvent // TypeDefIndex: 2001	MergePuzzle/TaskEvent.cs	主棋盘、物品、生成/消耗、任务、存档或直接依赖	code/Il2CppDumper/type_blocks/02001_TaskEvent.LastCoinArrived.txt	1	0
2002		TaskEvent.LastEnergyArrived	struct	public struct TaskEvent.LastEnergyArrived : IEvent // TypeDefIndex: 2002	MergePuzzle/TaskEvent.cs	主棋盘、物品、生成/消耗、任务、存档或直接依赖	code/Il2CppDumper/type_blocks/02002_TaskEvent.LastEnergyArrived.txt	0	0
2003		TaskEvent.LastGemArrived	struct	public struct TaskEvent.LastGemArrived : IEvent // TypeDefIndex: 2003	MergePuzzle/TaskEvent.cs	主棋盘、物品、生成/消耗、任务、存档或直接依赖	code/Il2CppDumper/type_blocks/02003_TaskEvent.LastGemArrived.txt	0	0
2004		TaskEvent.LastXPArrived	struct	public struct TaskEvent.LastXPArrived : IEvent // TypeDefIndex: 2004	MergePuzzle/TaskEvent.cs	主棋盘、物品、生成/消耗、任务、存档或直接依赖	code/Il2CppDumper/type_blocks/02004_TaskEvent.LastXPArrived.txt	1	0
2005		TaskEvent.TaskDoneBoardTaskItemDisappearStarted	struct	public struct TaskEvent.TaskDoneBoardTaskItemDisappearStarted : IEvent // TypeDefIndex: 2005	MergePuzzle/TaskEvent.cs	主棋盘、物品、生成/消耗、任务、存档或直接依赖	code/Il2CppDumper/type_blocks/02005_TaskEvent.TaskDoneBoardTaskItemDisappearStarted.txt	0	0
2006		TaskEvent.TaskDoneBoardTaskItemDisappearFinished	struct	public struct TaskEvent.TaskDoneBoardTaskItemDisappearFinished : IEvent // TypeDefIndex: 2006	MergePuzzle/TaskEvent.cs	主棋盘、物品、生成/消耗、任务、存档或直接依赖	code/Il2CppDumper/type_blocks/02006_TaskEvent.TaskDoneBoardTaskItemDisappearFinished.txt	1	0
2007		TaskEvent.TaskDoneNewTasksAppeared	struct	public struct TaskEvent.TaskDoneNewTasksAppeared : IEvent // TypeDefIndex: 2007	MergePuzzle/TaskEvent.cs	主棋盘、物品、生成/消耗、任务、存档或直接依赖	code/Il2CppDumper/type_blocks/02007_TaskEvent.TaskDoneNewTasksAppeared.txt	1	0
2008		TaskEvent.ItemsMovementToTaskCompleted	struct	public struct TaskEvent.ItemsMovementToTaskCompleted : IEvent // TypeDefIndex: 2008	MergePuzzle/TaskEvent.cs	主棋盘、物品、生成/消耗、任务、存档或直接依赖	code/Il2CppDumper/type_blocks/02008_TaskEvent.ItemsMovementToTaskCompleted.txt	1	0
2009		TaskEvent.LastBoardTaskMovementFinished	struct	public struct TaskEvent.LastBoardTaskMovementFinished : IEvent // TypeDefIndex: 2009	MergePuzzle/TaskEvent.cs	主棋盘、物品、生成/消耗、任务、存档或直接依赖	code/Il2CppDumper/type_blocks/02009_TaskEvent.LastBoardTaskMovementFinished.txt	0	0
2010		TaskEvent.LevelUpDismissed	struct	public struct TaskEvent.LevelUpDismissed : IEvent // TypeDefIndex: 2010	MergePuzzle/TaskEvent.cs	主棋盘、物品、生成/消耗、任务、存档或直接依赖	code/Il2CppDumper/type_blocks/02010_TaskEvent.LevelUpDismissed.txt	3	0
2011		TaskEvent.EventLevelsFinished	struct	public struct TaskEvent.EventLevelsFinished : IEvent // TypeDefIndex: 2011	MergePuzzle/TaskEvent.cs	主棋盘、物品、生成/消耗、任务、存档或直接依赖	code/Il2CppDumper/type_blocks/02011_TaskEvent.EventLevelsFinished.txt	0	0
2012		TaskEvent.DailyJackpotDismissed	struct	public struct TaskEvent.DailyJackpotDismissed : IEvent // TypeDefIndex: 2012	MergePuzzle/TaskEvent.cs	主棋盘、物品、生成/消耗、任务、存档或直接依赖	code/Il2CppDumper/type_blocks/02012_TaskEvent.DailyJackpotDismissed.txt	2	0
2013		TaskEvent.SetLevelUpOnItems	struct	public struct TaskEvent.SetLevelUpOnItems : IEvent // TypeDefIndex: 2013	MergePuzzle/TaskEvent.cs	主棋盘、物品、生成/消耗、任务、存档或直接依赖	code/Il2CppDumper/type_blocks/02013_TaskEvent.SetLevelUpOnItems.txt	0	0
2014		TaskEvent.CreateTimeLimitedTask	struct	public struct TaskEvent.CreateTimeLimitedTask : IEvent // TypeDefIndex: 2014	MergePuzzle/TaskEvent.cs	主棋盘、物品、生成/消耗、任务、存档或直接依赖	code/Il2CppDumper/type_blocks/02014_TaskEvent.CreateTimeLimitedTask.txt	1	0
2015		TaskEvent.AddScrollableItem	struct	public struct TaskEvent.AddScrollableItem : IEvent // TypeDefIndex: 2015	MergePuzzle/TaskEvent.cs	主棋盘、物品、生成/消耗、任务、存档或直接依赖	code/Il2CppDumper/type_blocks/02015_TaskEvent.AddScrollableItem.txt	1	0
2016		TaskEvent.RemoveScrollableItem	struct	public struct TaskEvent.RemoveScrollableItem : IEvent // TypeDefIndex: 2016	MergePuzzle/TaskEvent.cs	主棋盘、物品、生成/消耗、任务、存档或直接依赖	code/Il2CppDumper/type_blocks/02016_TaskEvent.RemoveScrollableItem.txt	2	0
2017		TaskEvent.FocusScrollableItem	struct	public struct TaskEvent.FocusScrollableItem : IEvent // TypeDefIndex: 2017	MergePuzzle/TaskEvent.cs	主棋盘、物品、生成/消耗、任务、存档或直接依赖	code/Il2CppDumper/type_blocks/02017_TaskEvent.FocusScrollableItem.txt	3	0
2018		TaskEvent.UpdateTaskUI	struct	public struct TaskEvent.UpdateTaskUI : IEvent // TypeDefIndex: 2018	MergePuzzle/TaskEvent.cs	主棋盘、物品、生成/消耗、任务、存档或直接依赖	code/Il2CppDumper/type_blocks/02018_TaskEvent.UpdateTaskUI.txt	0	0
2019		TaskEvent.CheckTaskDiscoveryStatus	struct	public struct TaskEvent.CheckTaskDiscoveryStatus : IEvent // TypeDefIndex: 2019	MergePuzzle/TaskEvent.cs	主棋盘、物品、生成/消耗、任务、存档或直接依赖	code/Il2CppDumper/type_blocks/02019_TaskEvent.CheckTaskDiscoveryStatus.txt	0	0
2020		TaskEvent.BoardTasksSpawned	struct	public struct TaskEvent.BoardTasksSpawned : IEvent // TypeDefIndex: 2020	MergePuzzle/TaskEvent.cs	主棋盘、物品、生成/消耗、任务、存档或直接依赖	code/Il2CppDumper/type_blocks/02020_TaskEvent.BoardTasksSpawned.txt	0	0
2021	MergePuzzle	TaskEvent	class	public class TaskEvent // TypeDefIndex: 2021	MergePuzzle/TaskEvent.cs	主棋盘、物品、生成/消耗、任务、存档或直接依赖	code/Il2CppDumper/type_blocks/02021_TaskEvent.txt	0	1
2049		BoardTaskController.	class	private sealed class BoardTaskController.<>c // TypeDefIndex: 2049	MergePuzzle/BoardTaskController.cs	主棋盘、物品、生成/消耗、任务、存档或直接依赖	code/Il2CppDumper/type_blocks/02049_BoardTaskController..txt	7	8
2050		BoardTaskController.	class	private sealed class BoardTaskController.<>c__DisplayClass40_0 // TypeDefIndex: 2050	MergePuzzle/BoardTaskController.cs	主棋盘、物品、生成/消耗、任务、存档或直接依赖	code/Il2CppDumper/type_blocks/02050_BoardTaskController..txt	1	3
2051		BoardTaskController.	class	private sealed class BoardTaskController.<>c__DisplayClass42_0 // TypeDefIndex: 2051	MergePuzzle/BoardTaskController.cs	主棋盘、物品、生成/消耗、任务、存档或直接依赖	code/Il2CppDumper/type_blocks/02051_BoardTaskController..txt	1	2
2052		BoardTaskController.	class	private sealed class BoardTaskController.<>c__DisplayClass46_0 // TypeDefIndex: 2052	MergePuzzle/BoardTaskController.cs	主棋盘、物品、生成/消耗、任务、存档或直接依赖	code/Il2CppDumper/type_blocks/02052_BoardTaskController..txt	1	2
2053		BoardTaskController.	class	private sealed class BoardTaskController.<>c__DisplayClass50_0 // TypeDefIndex: 2053	MergePuzzle/BoardTaskController.cs	主棋盘、物品、生成/消耗、任务、存档或直接依赖	code/Il2CppDumper/type_blocks/02053_BoardTaskController..txt	1	2
2054		BoardTaskController.	class	private sealed class BoardTaskController.<>c__DisplayClass65_0 // TypeDefIndex: 2054	MergePuzzle/BoardTaskController.cs	主棋盘、物品、生成/消耗、任务、存档或直接依赖	code/Il2CppDumper/type_blocks/02054_BoardTaskController..txt	2	2
2055		BoardTaskController.	class	private sealed class BoardTaskController.<>c__DisplayClass77_0 // TypeDefIndex: 2055	MergePuzzle/BoardTaskController.cs	主棋盘、物品、生成/消耗、任务、存档或直接依赖	code/Il2CppDumper/type_blocks/02055_BoardTaskController..txt	1	3
2056		BoardTaskController.	class	private sealed class BoardTaskController.<>c__DisplayClass80_0 // TypeDefIndex: 2056	MergePuzzle/BoardTaskController.cs	主棋盘、物品、生成/消耗、任务、存档或直接依赖	code/Il2CppDumper/type_blocks/02056_BoardTaskController..txt	2	4
2057		BoardTaskController.	class	private sealed class BoardTaskController.<>c__DisplayClass93_0 // TypeDefIndex: 2057	MergePuzzle/BoardTaskController.cs	主棋盘、物品、生成/消耗、任务、存档或直接依赖	code/Il2CppDumper/type_blocks/02057_BoardTaskController..txt	1	3
2058		BoardTaskController.	struct	private struct BoardTaskController.<ProcessLevelUpDismissAndGenerateBoardTasks>d__77 : IAsyncStateMachine // TypeDefIndex: 2058	MergePuzzle/BoardTaskController.cs	主棋盘、物品、生成/消耗、任务、存档或直接依赖	code/Il2CppDumper/type_blocks/02058_BoardTaskController..txt	5	2
2059		BoardTaskController.	struct	private struct BoardTaskController.<ProcessTaskAddition>d__57 : IAsyncStateMachine // TypeDefIndex: 2059	MergePuzzle/BoardTaskController.cs	主棋盘、物品、生成/消耗、任务、存档或直接依赖	code/Il2CppDumper/type_blocks/02059_BoardTaskController..txt	7	2
2060		BoardTaskController.	struct	private struct BoardTaskController.<ProcessTaskDoneBoardItemDisappearFinish>d__69 : IAsyncStateMachine // TypeDefIndex: 2060	MergePuzzle/BoardTaskController.cs	主棋盘、物品、生成/消耗、任务、存档或直接依赖	code/Il2CppDumper/type_blocks/02060_BoardTaskController..txt	12	2
2061		BoardTaskController.	struct	private struct BoardTaskController.<SetAddedTasksAfterTaskCompletion>d__80 : IAsyncStateMachine // TypeDefIndex: 2061	MergePuzzle/BoardTaskController.cs	主棋盘、物品、生成/消耗、任务、存档或直接依赖	code/Il2CppDumper/type_blocks/02061_BoardTaskController..txt	6	2
2062		BoardTaskController.	struct	private struct BoardTaskController.<SpawnBoardTaskItems>d__50 : IAsyncStateMachine // TypeDefIndex: 2062	MergePuzzle/BoardTaskController.cs	主棋盘、物品、生成/消耗、任务、存档或直接依赖	code/Il2CppDumper/type_blocks/02062_BoardTaskController..txt	18	2
2063		BoardTaskController.	struct	private struct BoardTaskController.<SpawnDynamicTask>d__40 : IAsyncStateMachine // TypeDefIndex: 2063	MergePuzzle/BoardTaskController.cs	主棋盘、物品、生成/消耗、任务、存档或直接依赖	code/Il2CppDumper/type_blocks/02063_BoardTaskController..txt	5	2
2064		BoardTaskController.	struct	private struct BoardTaskController.<SpawnTask>d__41 : IAsyncStateMachine // TypeDefIndex: 2064	MergePuzzle/BoardTaskController.cs	主棋盘、物品、生成/消耗、任务、存档或直接依赖	code/Il2CppDumper/type_blocks/02064_BoardTaskController..txt	7	2
2065		BoardTaskController.	struct	private struct BoardTaskController.<SpawnTasksAsyncAfterLevelUpDismiss>d__64 : IAsyncStateMachine // TypeDefIndex: 2065	MergePuzzle/BoardTaskController.cs	主棋盘、物品、生成/消耗、任务、存档或直接依赖	code/Il2CppDumper/type_blocks/02065_BoardTaskController..txt	7	2
2066	MergePuzzle	BoardTaskController	class	public class BoardTaskController : ScrollableItem, IEventReceiver<TaskEvent.TaskDoneBoardTaskItemDisappearFinished>, IEventReceiverBase, IEventReceiver<EntityUpdateEvent.LevelUpdateEntity>, IEventReceiver<EntityUpdateEvent.LevelXPUpdate>, IEventReceiver<TaskEvent.LevelUpDismissed>, IEventReceiver<CameraEvent.CameraChangedRequest>, IEventReceiver<BoardEvent.DestroyItemAfterTaskComplete>, IEventReceiver<TaskEvent.TaskDoneProcessStarted>, IEventReceiver<CameraEvent.CameraChangeCompleted>, IEventReceiver<TaskEvent.TaskDoneXPAndRewardAnimationsComplete>, IEventReceiver<TaskEvent.LastBoardTaskMovementFinished>, IEventReceiver<BoardEvent.FillUpcomingTasksAfterXPRollout>, IEventReceiver<SrDebuggerEvent.SpawnDynamicBoardTask>, IEventReceiver<RecurringEvent.ActivateEvent>, IEventReceiver<RecurringEvent.InitializeEvent>, IEventReceiver<RecurringEvent.FinishEventOnUpdateTick>, IEventReceiver<TaskEvent.UpdateTaskUI>, IEventReceiver<TaskEvent.CreateTimeLimitedTask>, IEventReceiver<HotSalesEvents.SlotPurchased>, IEventReceiver<HotSalesEvents.Refresh>, IEventReceiver<HotSalesEvents.Activate>, IEventReceiver<TaskEvent.CheckTaskDiscoveryStatus>, IEventReceiver<MetaEvent.LastMetaAnimatedXPArrived> // TypeDefIndex: 2066	MergePuzzle/BoardTaskController.cs	主棋盘、物品、生成/消耗、任务、存档或直接依赖	code/Il2CppDumper/type_blocks/02066_BoardTaskController.txt	18	81
2067		BoardTaskItemController.CharAnimationStates	struct	public struct BoardTaskItemController.CharAnimationStates // TypeDefIndex: 2067	MergePuzzle/BoardTaskItemController.cs	主棋盘、物品、生成/消耗、任务、存档或直接依赖	code/Il2CppDumper/type_blocks/02067_BoardTaskItemController.CharAnimationStates.txt	0	0
2068		BoardTaskItemController.	class	private sealed class BoardTaskItemController.<>c // TypeDefIndex: 2068	MergePuzzle/BoardTaskItemController.cs	主棋盘、物品、生成/消耗、任务、存档或直接依赖	code/Il2CppDumper/type_blocks/02068_BoardTaskItemController..txt	7	8
2069		BoardTaskItemController.	class	private sealed class BoardTaskItemController.<>c__DisplayClass111_0 // TypeDefIndex: 2069	MergePuzzle/BoardTaskItemController.cs	主棋盘、物品、生成/消耗、任务、存档或直接依赖	code/Il2CppDumper/type_blocks/02069_BoardTaskItemController..txt	1	2
2070		BoardTaskItemController.	class	private sealed class BoardTaskItemController.<>c__DisplayClass113_0 // TypeDefIndex: 2070	MergePuzzle/BoardTaskItemController.cs	主棋盘、物品、生成/消耗、任务、存档或直接依赖	code/Il2CppDumper/type_blocks/02070_BoardTaskItemController..txt	2	3
2071		BoardTaskItemController.	class	private sealed class BoardTaskItemController.<>c__DisplayClass114_0 // TypeDefIndex: 2071	MergePuzzle/BoardTaskItemController.cs	主棋盘、物品、生成/消耗、任务、存档或直接依赖	code/Il2CppDumper/type_blocks/02071_BoardTaskItemController..txt	1	2
2072		BoardTaskItemController.	class	private sealed class BoardTaskItemController.<>c__DisplayClass115_0 // TypeDefIndex: 2072	MergePuzzle/BoardTaskItemController.cs	主棋盘、物品、生成/消耗、任务、存档或直接依赖	code/Il2CppDumper/type_blocks/02072_BoardTaskItemController..txt	1	2
2073		BoardTaskItemController.	class	private sealed class BoardTaskItemController.<>c__DisplayClass126_0 // TypeDefIndex: 2073	MergePuzzle/BoardTaskItemController.cs	主棋盘、物品、生成/消耗、任务、存档或直接依赖	code/Il2CppDumper/type_blocks/02073_BoardTaskItemController..txt	2	3
2074		BoardTaskItemController.	struct	private struct BoardTaskItemController.<InitializeTaskItem>d__60 : IAsyncStateMachine // TypeDefIndex: 2074	MergePuzzle/BoardTaskItemController.cs	主棋盘、物品、生成/消耗、任务、存档或直接依赖	code/Il2CppDumper/type_blocks/02074_BoardTaskItemController..txt	13	2
2075		BoardTaskItemController.	struct	private struct BoardTaskItemController.<PerformInitAnimations>d__108 : IAsyncStateMachine // TypeDefIndex: 2075	MergePuzzle/BoardTaskItemController.cs	主棋盘、物品、生成/消耗、任务、存档或直接依赖	code/Il2CppDumper/type_blocks/02075_BoardTaskItemController..txt	4	2
2076		BoardTaskItemController.	struct	private struct BoardTaskItemController.<ProcessDoneClickBasedOnType>d__89 : IAsyncStateMachine // TypeDefIndex: 2076	MergePuzzle/BoardTaskItemController.cs	主棋盘、物品、生成/消耗、任务、存档或直接依赖	code/Il2CppDumper/type_blocks/02076_BoardTaskItemController..txt	6	2
2077	MergePuzzle	BoardTaskItemController	class	public class BoardTaskItemController : ScrollableItem, IPerformCameraChangeAnimation, IEventReceiver<EntityUpdateEvent.BoardItemStatusChange>, IEventReceiverBase, IEventReceiver<TaskEvent.TaskLastCoinOut>, IEventReceiver<SrDebuggerEvent.ShowDebugLayers>, IEventReceiver<MetaEvent.ActiveSeasonStatusChange>, IEventReceiver<ItemRewardConvertEvent.UpdateRewardImages>, IEventReceiver<TaskEvent.TaskUpdateRewardUI> // TypeDefIndex: 2077	MergePuzzle/BoardTaskItemController.cs	主棋盘、物品、生成/消耗、任务、存档或直接依赖	code/Il2CppDumper/type_blocks/02077_BoardTaskItemController.txt	32	97
2097		SellButtonController.ButtonState	enum	private enum SellButtonController.ButtonState // TypeDefIndex: 2097	MergePuzzle/SellButtonController.cs	关键类型的基类、接口、枚举或签名直接依赖	code/Il2CppDumper/type_blocks/02097_SellButtonController.ButtonState.txt	1	0
2098		SellButtonController.	class	private sealed class SellButtonController.<>c__DisplayClass46_0 // TypeDefIndex: 2098	MergePuzzle/SellButtonController.cs	关键类型的基类、接口、枚举或签名直接依赖	code/Il2CppDumper/type_blocks/02098_SellButtonController..txt	2	2
2099		SellButtonController.	struct	private struct SellButtonController.<ArrangeClickable>d__36 : IAsyncStateMachine // TypeDefIndex: 2099	MergePuzzle/SellButtonController.cs	关键类型的基类、接口、枚举或签名直接依赖	code/Il2CppDumper/type_blocks/02099_SellButtonController..txt	4	2
2100	MergePuzzle	SellButtonController	class	public class SellButtonController : BaseSubscriber, IEventReceiver<BoardEvent.SellItemTrial>, IEventReceiverBase, IEventReceiver<BoardEvent.BoardPositionSelection>, IEventReceiver<BoardEvent.InitializeBoard>, IEventReceiver<MetaEvent.TutorialTrigger>, IEventReceiver<CanvasEvent.UndoClicked>, IEventReceiver<BoardEvent.Merge>, IEventReceiver<CanvasEvent.NonUndoClicked>, IEventReceiver<TaskEvent.LevelUpDismissed>, IEventReceiver<BoardEvent.ResetSellButton>, IEventReceiver<BoardEvent.ActiveInfoItemChange>, IEventReceiver<HoverEvent.SellItemHoverIn>, IEventReceiver<HoverEvent.SellItemHoverOut>, IEventReceiver<DragCollisionButtonStays> // TypeDefIndex: 2100	MergePuzzle/SellButtonController.cs	关键类型的基类、接口、枚举或签名直接依赖	code/Il2CppDumper/type_blocks/02100_SellButtonController.txt	17	38
2234		MetaData.	class	private sealed class MetaData.<>c // TypeDefIndex: 2234	MergePuzzle/MetaData.cs	关键类型的基类、接口、枚举或签名直接依赖	code/Il2CppDumper/type_blocks/02234_MetaData..txt	7	8
2235		MetaData.	class	private sealed class MetaData.<>c__DisplayClass11_0 // TypeDefIndex: 2235	MergePuzzle/MetaData.cs	关键类型的基类、接口、枚举或签名直接依赖	code/Il2CppDumper/type_blocks/02235_MetaData..txt	1	2
2236		MetaData.	class	private sealed class MetaData.<>c__DisplayClass12_0 // TypeDefIndex: 2236	MergePuzzle/MetaData.cs	关键类型的基类、接口、枚举或签名直接依赖	code/Il2CppDumper/type_blocks/02236_MetaData..txt	3	3
2237		MetaData.	class	private sealed class MetaData.<>c__DisplayClass14_0 // TypeDefIndex: 2237	MergePuzzle/MetaData.cs	关键类型的基类、接口、枚举或签名直接依赖	code/Il2CppDumper/type_blocks/02237_MetaData..txt	1	2
2238		MetaData.	class	private sealed class MetaData.<>c__DisplayClass15_0 // TypeDefIndex: 2238	MergePuzzle/MetaData.cs	关键类型的基类、接口、枚举或签名直接依赖	code/Il2CppDumper/type_blocks/02238_MetaData..txt	2	2
2239		MetaData.	class	private sealed class MetaData.<>c__DisplayClass16_0 // TypeDefIndex: 2239	MergePuzzle/MetaData.cs	关键类型的基类、接口、枚举或签名直接依赖	code/Il2CppDumper/type_blocks/02239_MetaData..txt	1	2
2240		MetaData.	class	private sealed class MetaData.<>c__DisplayClass17_0 // TypeDefIndex: 2240	MergePuzzle/MetaData.cs	关键类型的基类、接口、枚举或签名直接依赖	code/Il2CppDumper/type_blocks/02240_MetaData..txt	2	2
2241		MetaData.	class	private sealed class MetaData.<>c__DisplayClass18_0 // TypeDefIndex: 2241	MergePuzzle/MetaData.cs	关键类型的基类、接口、枚举或签名直接依赖	code/Il2CppDumper/type_blocks/02241_MetaData..txt	1	2
2242		MetaData.	class	private sealed class MetaData.<>c__DisplayClass20_0 // TypeDefIndex: 2242	MergePuzzle/MetaData.cs	关键类型的基类、接口、枚举或签名直接依赖	code/Il2CppDumper/type_blocks/02242_MetaData..txt	1	2
2243		MetaData.	class	private sealed class MetaData.<>c__DisplayClass21_0 // TypeDefIndex: 2243	MergePuzzle/MetaData.cs	关键类型的基类、接口、枚举或签名直接依赖	code/Il2CppDumper/type_blocks/02243_MetaData..txt	1	2
2244		MetaData.	class	private sealed class MetaData.<>c__DisplayClass22_0 // TypeDefIndex: 2244	MergePuzzle/MetaData.cs	关键类型的基类、接口、枚举或签名直接依赖	code/Il2CppDumper/type_blocks/02244_MetaData..txt	1	2
2245		MetaData.	class	private sealed class MetaData.<>c__DisplayClass23_0 // TypeDefIndex: 2245	MergePuzzle/MetaData.cs	关键类型的基类、接口、枚举或签名直接依赖	code/Il2CppDumper/type_blocks/02245_MetaData..txt	2	5
2246		MetaData.	class	private sealed class MetaData.<>c__DisplayClass23_1 // TypeDefIndex: 2246	MergePuzzle/MetaData.cs	关键类型的基类、接口、枚举或签名直接依赖	code/Il2CppDumper/type_blocks/02246_MetaData..txt	1	2
2247		MetaData.	class	private sealed class MetaData.<>c__DisplayClass23_2 // TypeDefIndex: 2247	MergePuzzle/MetaData.cs	关键类型的基类、接口、枚举或签名直接依赖	code/Il2CppDumper/type_blocks/02247_MetaData..txt	1	2
2248		MetaData.	class	private sealed class MetaData.<>c__DisplayClass9_0 // TypeDefIndex: 2248	MergePuzzle/MetaData.cs	关键类型的基类、接口、枚举或签名直接依赖	code/Il2CppDumper/type_blocks/02248_MetaData..txt	1	3
2249	MergePuzzle	MetaData	class	public class MetaData : ScriptableObject // TypeDefIndex: 2249	MergePuzzle/MetaData.cs	关键类型的基类、接口、枚举或签名直接依赖	code/Il2CppDumper/type_blocks/02249_MetaData.txt	7	17
2526	MergePuzzle	RewardData	class	public class RewardData : IComparable<RewardData> // TypeDefIndex: 2526	MergePuzzle/RewardData.cs	主棋盘、物品、生成/消耗、任务、存档或直接依赖	code/Il2CppDumper/type_blocks/02526_RewardData.txt	8	6
2528	MergePuzzle	IReward	interface	public interface IReward // TypeDefIndex: 2528	MergePuzzle/IReward.cs	关键类型的基类、接口、枚举或签名直接依赖	code/Il2CppDumper/type_blocks/02528_IReward.txt	0	0
2530	MergePuzzle	GameMainReward	class	public class GameMainReward : IReward // TypeDefIndex: 2530	MergePuzzle/GameMainReward.cs	关键类型的基类、接口、枚举或签名直接依赖	code/Il2CppDumper/type_blocks/02530_GameMainReward.txt	8	2
2533	MergePuzzle	GameItemReward	class	public class GameItemReward : IReward // TypeDefIndex: 2533	MergePuzzle/GameItemReward.cs	关键类型的基类、接口、枚举或签名直接依赖	code/Il2CppDumper/type_blocks/02533_GameItemReward.txt	4	2
2581	MergePuzzle	BubbleItemData	class	public class BubbleItemData // TypeDefIndex: 2581	MergePuzzle/BubbleItemData.cs	主棋盘、物品、生成/消耗、任务、存档或直接依赖	code/Il2CppDumper/type_blocks/02581_BubbleItemData.txt	4	1
2582	MergePuzzle	CollectableType	enum	public enum CollectableType // TypeDefIndex: 2582	MergePuzzle/CollectableType.cs	关键类型的基类、接口、枚举或签名直接依赖	code/Il2CppDumper/type_blocks/02582_CollectableType.txt	1	0
2595	MergePuzzle	ProgressiveItemGoalData	class	public class ProgressiveItemGoalData // TypeDefIndex: 2595	MergePuzzle/ProgressiveItemGoalData.cs	主棋盘、物品、生成/消耗、任务、存档或直接依赖	code/Il2CppDumper/type_blocks/02595_ProgressiveItemGoalData.txt	3	1
2609	MergePuzzle	RewardType	enum	public enum RewardType // TypeDefIndex: 2609	MergePuzzle/RewardType.cs	主棋盘、物品、生成/消耗、任务、存档或直接依赖	code/Il2CppDumper/type_blocks/02609_RewardType.txt	1	0
2658	MergePuzzle	CommonFactoryService	class	public class CommonFactoryService : MonoBehaviour // TypeDefIndex: 2658	MergePuzzle/CommonFactoryService.cs	关键流程的直接依赖	code/Il2CppDumper/type_blocks/02658_CommonFactoryService.txt	25	12
2659		EntityUpdateEvent.CurrencyUpdate	struct	public struct EntityUpdateEvent.CurrencyUpdate : IEvent // TypeDefIndex: 2659	MergePuzzle/EntityUpdateEvent.cs	主棋盘、物品、生成/消耗、任务、存档或直接依赖	code/Il2CppDumper/type_blocks/02659_EntityUpdateEvent.CurrencyUpdate.txt	3	0
2660		EntityUpdateEvent.CalculateEnergyChange	struct	public struct EntityUpdateEvent.CalculateEnergyChange : IEvent // TypeDefIndex: 2660	MergePuzzle/EntityUpdateEvent.cs	主棋盘、物品、生成/消耗、任务、存档或直接依赖	code/Il2CppDumper/type_blocks/02660_EntityUpdateEvent.CalculateEnergyChange.txt	5	0
2661		EntityUpdateEvent.CalculateGemChange	struct	public struct EntityUpdateEvent.CalculateGemChange : IEvent // TypeDefIndex: 2661	MergePuzzle/EntityUpdateEvent.cs	主棋盘、物品、生成/消耗、任务、存档或直接依赖	code/Il2CppDumper/type_blocks/02661_EntityUpdateEvent.CalculateGemChange.txt	3	0
2662		EntityUpdateEvent.CalculateCoinChange	struct	public struct EntityUpdateEvent.CalculateCoinChange : IEvent // TypeDefIndex: 2662	MergePuzzle/EntityUpdateEvent.cs	主棋盘、物品、生成/消耗、任务、存档或直接依赖	code/Il2CppDumper/type_blocks/02662_EntityUpdateEvent.CalculateCoinChange.txt	3	0
2663		EntityUpdateEvent.CalculateXPChange	struct	public struct EntityUpdateEvent.CalculateXPChange : IEvent // TypeDefIndex: 2663	MergePuzzle/EntityUpdateEvent.cs	主棋盘、物品、生成/消耗、任务、存档或直接依赖	code/Il2CppDumper/type_blocks/02663_EntityUpdateEvent.CalculateXPChange.txt	4	0
2664		EntityUpdateEvent.EnergyUpdateUI	struct	public struct EntityUpdateEvent.EnergyUpdateUI : IEvent // TypeDefIndex: 2664	MergePuzzle/EntityUpdateEvent.cs	主棋盘、物品、生成/消耗、任务、存档或直接依赖	code/Il2CppDumper/type_blocks/02664_EntityUpdateEvent.EnergyUpdateUI.txt	6	0
2665		EntityUpdateEvent.EnergyConsume	struct	public struct EntityUpdateEvent.EnergyConsume : IEvent // TypeDefIndex: 2665	MergePuzzle/EntityUpdateEvent.cs	主棋盘、物品、生成/消耗、任务、存档或直接依赖	code/Il2CppDumper/type_blocks/02665_EntityUpdateEvent.EnergyConsume.txt	1	0
2666		EntityUpdateEvent.GemUpdateUI	struct	public struct EntityUpdateEvent.GemUpdateUI : IEvent // TypeDefIndex: 2666	MergePuzzle/EntityUpdateEvent.cs	主棋盘、物品、生成/消耗、任务、存档或直接依赖	code/Il2CppDumper/type_blocks/02666_EntityUpdateEvent.GemUpdateUI.txt	3	0
2667		EntityUpdateEvent.CoinUpdateUI	struct	public struct EntityUpdateEvent.CoinUpdateUI : IEvent // TypeDefIndex: 2667	MergePuzzle/EntityUpdateEvent.cs	主棋盘、物品、生成/消耗、任务、存档或直接依赖	code/Il2CppDumper/type_blocks/02667_EntityUpdateEvent.CoinUpdateUI.txt	3	0
2668		EntityUpdateEvent.XPUpdateUI	struct	public struct EntityUpdateEvent.XPUpdateUI : IEvent // TypeDefIndex: 2668	MergePuzzle/EntityUpdateEvent.cs	主棋盘、物品、生成/消耗、任务、存档或直接依赖	code/Il2CppDumper/type_blocks/02668_EntityUpdateEvent.XPUpdateUI.txt	4	0
2669		EntityUpdateEvent.LevelXPUpdate	struct	public struct EntityUpdateEvent.LevelXPUpdate : IEvent // TypeDefIndex: 2669	MergePuzzle/EntityUpdateEvent.cs	主棋盘、物品、生成/消耗、任务、存档或直接依赖	code/Il2CppDumper/type_blocks/02669_EntityUpdateEvent.LevelXPUpdate.txt	4	0
2670		EntityUpdateEvent.RewardAreaUIUpdate	struct	public struct EntityUpdateEvent.RewardAreaUIUpdate : IEvent // TypeDefIndex: 2670	MergePuzzle/EntityUpdateEvent.cs	主棋盘、物品、生成/消耗、任务、存档或直接依赖	code/Il2CppDumper/type_blocks/02670_EntityUpdateEvent.RewardAreaUIUpdate.txt	0	0
2671		EntityUpdateEvent.RewardAnimationStatusChange	struct	public struct EntityUpdateEvent.RewardAnimationStatusChange : IEvent // TypeDefIndex: 2671	MergePuzzle/EntityUpdateEvent.cs	主棋盘、物品、生成/消耗、任务、存档或直接依赖	code/Il2CppDumper/type_blocks/02671_EntityUpdateEvent.RewardAnimationStatusChange.txt	4	0
2672		EntityUpdateEvent.SeasonPassRewardUpdate	struct	public struct EntityUpdateEvent.SeasonPassRewardUpdate : IEvent // TypeDefIndex: 2672	MergePuzzle/EntityUpdateEvent.cs	主棋盘、物品、生成/消耗、任务、存档或直接依赖	code/Il2CppDumper/type_blocks/02672_EntityUpdateEvent.SeasonPassRewardUpdate.txt	0	0
2673		EntityUpdateEvent.LevelUpdateEntity	struct	public struct EntityUpdateEvent.LevelUpdateEntity : IEvent // TypeDefIndex: 2673	MergePuzzle/EntityUpdateEvent.cs	主棋盘、物品、生成/消耗、任务、存档或直接依赖	code/Il2CppDumper/type_blocks/02673_EntityUpdateEvent.LevelUpdateEntity.txt	8	0
2674		EntityUpdateEvent.InventoryUpdated	struct	public struct EntityUpdateEvent.InventoryUpdated : IEvent // TypeDefIndex: 2674	MergePuzzle/EntityUpdateEvent.cs	主棋盘、物品、生成/消耗、任务、存档或直接依赖	code/Il2CppDumper/type_blocks/02674_EntityUpdateEvent.InventoryUpdated.txt	0	0
2675		EntityUpdateEvent.BoardItemStatusChange	struct	public struct EntityUpdateEvent.BoardItemStatusChange : IEvent // TypeDefIndex: 2675	MergePuzzle/EntityUpdateEvent.cs	主棋盘、物品、生成/消耗、任务、存档或直接依赖	code/Il2CppDumper/type_blocks/02675_EntityUpdateEvent.BoardItemStatusChange.txt	1	0
2676		EntityUpdateEvent.SaveBoard	struct	public struct EntityUpdateEvent.SaveBoard : IEvent // TypeDefIndex: 2676	MergePuzzle/EntityUpdateEvent.cs	主棋盘、物品、生成/消耗、任务、存档或直接依赖	code/Il2CppDumper/type_blocks/02676_EntityUpdateEvent.SaveBoard.txt	2	0
2677		EntityUpdateEvent.SaveDataToCloud	struct	public struct EntityUpdateEvent.SaveDataToCloud : IEvent // TypeDefIndex: 2677	MergePuzzle/EntityUpdateEvent.cs	主棋盘、物品、生成/消耗、任务、存档或直接依赖	code/Il2CppDumper/type_blocks/02677_EntityUpdateEvent.SaveDataToCloud.txt	1	0
2678		EntityUpdateEvent.OnSelectedAvatarImageChanged	struct	public struct EntityUpdateEvent.OnSelectedAvatarImageChanged : IEvent // TypeDefIndex: 2678	MergePuzzle/EntityUpdateEvent.cs	主棋盘、物品、生成/消耗、任务、存档或直接依赖	code/Il2CppDumper/type_blocks/02678_EntityUpdateEvent.OnSelectedAvatarImageChanged.txt	0	0
2679	MergePuzzle	EntityUpdateEvent	class	public class EntityUpdateEvent // TypeDefIndex: 2679	MergePuzzle/EntityUpdateEvent.cs	主棋盘、物品、生成/消耗、任务、存档或直接依赖	code/Il2CppDumper/type_blocks/02679_EntityUpdateEvent.txt	0	1
2685		BoardEntity.	class	private sealed class BoardEntity.<>c // TypeDefIndex: 2685	MergePuzzle/BoardEntity.cs	主棋盘、物品、生成/消耗、任务、存档或直接依赖	code/Il2CppDumper/type_blocks/02685_BoardEntity..txt	4	5
2686		BoardEntity.	class	private sealed class BoardEntity.<>c__DisplayClass44_0 // TypeDefIndex: 2686	MergePuzzle/BoardEntity.cs	主棋盘、物品、生成/消耗、任务、存档或直接依赖	code/Il2CppDumper/type_blocks/02686_BoardEntity..txt	1	2
2687		BoardEntity.	class	private sealed class BoardEntity.<>c__DisplayClass53_0 // TypeDefIndex: 2687	MergePuzzle/BoardEntity.cs	主棋盘、物品、生成/消耗、任务、存档或直接依赖	code/Il2CppDumper/type_blocks/02687_BoardEntity..txt	1	2
2688		BoardEntity.	class	private sealed class BoardEntity.<>c__DisplayClass80_0 // TypeDefIndex: 2688	MergePuzzle/BoardEntity.cs	主棋盘、物品、生成/消耗、任务、存档或直接依赖	code/Il2CppDumper/type_blocks/02688_BoardEntity..txt	1	2
2689		BoardEntity.	class	private sealed class BoardEntity.<>c__DisplayClass81_0 // TypeDefIndex: 2689	MergePuzzle/BoardEntity.cs	主棋盘、物品、生成/消耗、任务、存档或直接依赖	code/Il2CppDumper/type_blocks/02689_BoardEntity..txt	1	2
2690		BoardEntity.	class	private sealed class BoardEntity.<>c__DisplayClass82_0 // TypeDefIndex: 2690	MergePuzzle/BoardEntity.cs	主棋盘、物品、生成/消耗、任务、存档或直接依赖	code/Il2CppDumper/type_blocks/02690_BoardEntity..txt	1	2
2691	MergePuzzle	BoardEntity	class	public class BoardEntity // TypeDefIndex: 2691	MergePuzzle/BoardEntity.cs	主棋盘、物品、生成/消耗、任务、存档或直接依赖	code/Il2CppDumper/type_blocks/02691_BoardEntity.txt	38	51
2693	MergePuzzle	PickBoxSelectedEntity	class	public class PickBoxSelectedEntity // TypeDefIndex: 2693	MergePuzzle/PickBoxSelectedEntity.cs	主棋盘、物品、生成/消耗、任务、存档或直接依赖	code/Il2CppDumper/type_blocks/02693_PickBoxSelectedEntity.txt	1	2
2700		SlotFullCounter.BoardType	enum	public enum SlotFullCounter.BoardType // TypeDefIndex: 2700	MergePuzzle/SlotFullCounter.cs	主棋盘、物品、生成/消耗、任务、存档或直接依赖	code/Il2CppDumper/type_blocks/02700_SlotFullCounter.BoardType.txt	1	0
2701	MergePuzzle	SlotFullCounter	class	public class SlotFullCounter // TypeDefIndex: 2701	MergePuzzle/SlotFullCounter.cs	主棋盘、物品、生成/消耗、任务、存档或直接依赖	code/Il2CppDumper/type_blocks/02701_SlotFullCounter.txt	2	4
2702		SlotFull.SlotFullType	enum	public enum SlotFull.SlotFullType // TypeDefIndex: 2702	MergePuzzle/SlotFull.cs	主棋盘、物品、生成/消耗、任务、存档或直接依赖	code/Il2CppDumper/type_blocks/02702_SlotFull.SlotFullType.txt	1	0
2703	MergePuzzle	SlotFull	class	public class SlotFull // TypeDefIndex: 2703	MergePuzzle/SlotFull.cs	主棋盘、物品、生成/消耗、任务、存档或直接依赖	code/Il2CppDumper/type_blocks/02703_SlotFull.txt	2	1
2705		UserEntity.VersionEntryLevel	class	public class UserEntity.VersionEntryLevel // TypeDefIndex: 2705	MergePuzzle/UserEntity.cs	主棋盘、物品、生成/消耗、任务、存档或直接依赖	code/Il2CppDumper/type_blocks/02705_UserEntity.VersionEntryLevel.txt	2	2
2706		UserEntity.LevelUpPopupInfo	struct	public struct UserEntity.LevelUpPopupInfo // TypeDefIndex: 2706	MergePuzzle/UserEntity.cs	主棋盘、物品、生成/消耗、任务、存档或直接依赖	code/Il2CppDumper/type_blocks/02706_UserEntity.LevelUpPopupInfo.txt	6	0
2707		UserEntity.DailyRewardEntity.DailyChestEntity	class	public class UserEntity.DailyRewardEntity.DailyChestEntity // TypeDefIndex: 2707	MergePuzzle/UserEntity.cs	主棋盘、物品、生成/消耗、任务、存档或直接依赖	code/Il2CppDumper/type_blocks/02707_UserEntity.DailyRewardEntity.DailyChestEntity.txt	2	2
2708		UserEntity.DailyRewardEntity	class	public class UserEntity.DailyRewardEntity // TypeDefIndex: 2708	MergePuzzle/UserEntity.cs	主棋盘、物品、生成/消耗、任务、存档或直接依赖	code/Il2CppDumper/type_blocks/02708_UserEntity.DailyRewardEntity.txt	6	4
2709		UserEntity.RewardedAdEntityModel	class	public class UserEntity.RewardedAdEntityModel // TypeDefIndex: 2709	MergePuzzle/UserEntity.cs	主棋盘、物品、生成/消耗、任务、存档或直接依赖	code/Il2CppDumper/type_blocks/02709_UserEntity.RewardedAdEntityModel.txt	3	5
2710		UserEntity.BalanceTestEntityModel	class	public class UserEntity.BalanceTestEntityModel // TypeDefIndex: 2710	MergePuzzle/UserEntity.cs	主棋盘、物品、生成/消耗、任务、存档或直接依赖	code/Il2CppDumper/type_blocks/02710_UserEntity.BalanceTestEntityModel.txt	4	2
2711	MergePuzzle	UserEntity	class	public class UserEntity // TypeDefIndex: 2711	MergePuzzle/UserEntity.cs	主棋盘、物品、生成/消耗、任务、存档或直接依赖	code/Il2CppDumper/type_blocks/02711_UserEntity.txt	41	43
2713	MergePuzzle	LevelData	class	public class LevelData // TypeDefIndex: 2713	MergePuzzle/LevelData.cs	关键类型的基类、接口、枚举或签名直接依赖	code/Il2CppDumper/type_blocks/02713_LevelData.txt	2	11
2867		SceneController.State	enum	public enum SceneController.State // TypeDefIndex: 2867	MergePuzzle/SceneController.cs	主棋盘、物品、生成/消耗、任务、存档或直接依赖	code/Il2CppDumper/type_blocks/02867_SceneController.State.txt	1	0
2868		SceneController.	class	private sealed class SceneController.<ProcessBackDelayed>d__66 : IEnumerator<object>, IEnumerator, IDisposable // TypeDefIndex: 2868	MergePuzzle/SceneController.cs	主棋盘、物品、生成/消耗、任务、存档或直接依赖	code/Il2CppDumper/type_blocks/02868_SceneController..txt	3	6
2869	MergePuzzle	SceneController	class	public class SceneController : BaseSubscriber, IEventReceiver<EntityUpdateEvent.SaveBoard>, IEventReceiverBase, IEventReceiver<EntityUpdateEvent.InventoryUpdated>, IEventReceiver<BoardEvent.SellItemTrial>, IEventReceiver<BoardEvent.RevertMove>, IEventReceiver<BoardEvent.BoardItemPositionUpdateStart>, IEventReceiver<BoardEvent.RemoveItemViaSellComplete>, IEventReceiver<BoardEvent.BoardItemRemoveFinished>, IEventReceiver<BoardEvent.BubbleDestroyed>, IEventReceiver<BoardEvent.JellyDestroyed> // TypeDefIndex: 2869	MergePuzzle/SceneController.cs	主棋盘、物品、生成/消耗、任务、存档或直接依赖	code/Il2CppDumper/type_blocks/02869_SceneController.txt	14	51
3324		BalanceBubbleConfigModel.BalanceBubbleGroupModel	class	public class BalanceBubbleConfigModel.BalanceBubbleGroupModel // TypeDefIndex: 3324	MergePuzzle/BalanceBubbleConfigModel.cs	主棋盘、物品、生成/消耗、任务、存档或直接依赖	code/Il2CppDumper/type_blocks/03324_BalanceBubbleConfigModel.BalanceBubbleGroupModel.txt	2	1
3325		BalanceBubbleConfigModel.BalanceBubbleItemModel	class	public class BalanceBubbleConfigModel.BalanceBubbleItemModel // TypeDefIndex: 3325	MergePuzzle/BalanceBubbleConfigModel.cs	主棋盘、物品、生成/消耗、任务、存档或直接依赖	code/Il2CppDumper/type_blocks/03325_BalanceBubbleConfigModel.BalanceBubbleItemModel.txt	4	1
3326	MergePuzzle	BalanceBubbleConfigModel	class	public class BalanceBubbleConfigModel // TypeDefIndex: 3326	MergePuzzle/BalanceBubbleConfigModel.cs	主棋盘、物品、生成/消耗、任务、存档或直接依赖	code/Il2CppDumper/type_blocks/03326_BalanceBubbleConfigModel.txt	9	2
3335	MergePuzzle	BalanceProgressiveConfigModel	class	public class BalanceProgressiveConfigModel // TypeDefIndex: 3335	MergePuzzle/BalanceProgressiveConfigModel.cs	主棋盘、物品、生成/消耗、任务、存档或直接依赖	code/Il2CppDumper/type_blocks/03335_BalanceProgressiveConfigModel.txt	4	2
3336	MergePuzzle	BalanceSpawnerConfigModel	class	public class BalanceSpawnerConfigModel // TypeDefIndex: 3336	MergePuzzle/BalanceSpawnerConfigModel.cs	主棋盘、物品、生成/消耗、任务、存档或直接依赖	code/Il2CppDumper/type_blocks/03336_BalanceSpawnerConfigModel.txt	5	3
3339	MergePuzzle	BalancePerishableConfigModelItem	class	public class BalancePerishableConfigModelItem // TypeDefIndex: 3339	MergePuzzle/BalancePerishableConfigModelItem.cs	主棋盘、物品、生成/消耗、任务、存档或直接依赖	code/Il2CppDumper/type_blocks/03339_BalancePerishableConfigModelItem.txt	12	1
3671	MergePuzzle	Coordinate	struct	public struct Coordinate : IEquatable<Coordinate>, IFormattable // TypeDefIndex: 3671	MergePuzzle/Coordinate.cs	主棋盘、物品、生成/消耗、任务、存档或直接依赖	code/Il2CppDumper/type_blocks/03671_Coordinate.txt	9	46
4068	MergePuzzle.Item.Creation	ItemCreationHandler	class	public class ItemCreationHandler : LocationHandler // TypeDefIndex: 4068	MergePuzzle/Item/Creation/ItemCreationHandler.cs	物品创建直接依赖	code/Il2CppDumper/type_blocks/04068_ItemCreationHandler.txt	3	19
4126	MergePuzzle.RecurringEvents	RecurringEventData	class	public class RecurringEventData // TypeDefIndex: 4126	MergePuzzle/RecurringEvents/RecurringEventData.cs	关键类型的基类、接口、枚举或签名直接依赖	code/Il2CppDumper/type_blocks/04126_RecurringEventData.txt	2	24
4179		RecurringEventHandlerBase.	class	private sealed class RecurringEventHandlerBase.<>c__DisplayClass101_0 // TypeDefIndex: 4179	MergePuzzle/RecurringEvents/RecurringEventHandlerBase.cs	关键类型的基类、接口、枚举或签名直接依赖	code/Il2CppDumper/type_blocks/04179_RecurringEventHandlerBase..txt	1	4
4180		RecurringEventHandlerBase.	struct	private struct RecurringEventHandlerBase.<LoadAndGetAddressable>d__64 : IAsyncStateMachine // TypeDefIndex: 4180	MergePuzzle/RecurringEvents/RecurringEventHandlerBase.cs	关键类型的基类、接口、枚举或签名直接依赖	code/Il2CppDumper/type_blocks/04180_RecurringEventHandlerBase..txt	6	2
4181	MergePuzzle.RecurringEvents	RecurringEventHandlerBase	class	public abstract class RecurringEventHandlerBase : FeatureHandlerBase, ITutorialHandler, IRecurringEventHomeIconHandler, IHomeIconHandler, IFeatureHandler, INotificationHandler, IFirebaseHandler, IItemRewardConvertHandler // TypeDefIndex: 4181	MergePuzzle/RecurringEvents/RecurringEventHandlerBase.cs	关键类型的基类、接口、枚举或签名直接依赖	code/Il2CppDumper/type_blocks/04181_RecurringEventHandlerBase.txt	9	154
4600		ISpawnerEnergyConsumeBaseHandler.EnergyConsumeResult	struct	public struct ISpawnerEnergyConsumeBaseHandler.EnergyConsumeResult // TypeDefIndex: 4600	MergePuzzle/RecurringEvents/ISpawnerEnergyConsumeBaseHandler.cs	关键类型的基类、接口、枚举或签名直接依赖	code/Il2CppDumper/type_blocks/04600_ISpawnerEnergyConsumeBaseHandler.EnergyConsumeResult.txt	3	0
4601	MergePuzzle.RecurringEvents	ISpawnerEnergyConsumeBaseHandler	interface	public interface ISpawnerEnergyConsumeBaseHandler // TypeDefIndex: 4601	MergePuzzle/RecurringEvents/ISpawnerEnergyConsumeBaseHandler.cs	关键类型的基类、接口、枚举或签名直接依赖	code/Il2CppDumper/type_blocks/04601_ISpawnerEnergyConsumeBaseHandler.txt	0	0
4602	MergePuzzle.RecurringEvents	ISpawnerEnergyConsumeHandler	interface	public interface ISpawnerEnergyConsumeHandler : ISpawnerEnergyConsumeBaseHandler // TypeDefIndex: 4602	MergePuzzle/RecurringEvents/ISpawnerEnergyConsumeHandler.cs	关键类型的基类、接口、枚举或签名直接依赖	code/Il2CppDumper/type_blocks/04602_ISpawnerEnergyConsumeHandler.txt	0	0
4775	MergePuzzle.EnergyMultiplier	EnergyMultiplierController	class	public class EnergyMultiplierController : BaseSubscriber, IEventReceiver<BoardEvent.InitializeBoard>, IEventReceiverBase, IEventReceiver<EnergyMultiplierEvents.PopupClosed>, IEventReceiver<CameraEvent.CameraChangeCompletedPostEvent>, IEventReceiver<EntityUpdateEvent.EnergyUpdateUI>, IEventReceiver<CanvasEvent.OpenEventScreen>, IEventReceiver<EnergyMultiplierEvents.CheckMultiplierPopups> // TypeDefIndex: 4775	MergePuzzle/EnergyMultiplier/EnergyMultiplierController.cs	生成器能量倍率	code/Il2CppDumper/type_blocks/04775_EnergyMultiplierController.txt	13	15
4776	MergePuzzle.EnergyMultiplier	EnergyMultiplierEntity	class	public class EnergyMultiplierEntity // TypeDefIndex: 4776	MergePuzzle/EnergyMultiplier/EnergyMultiplierEntity.cs	生成器能量倍率	code/Il2CppDumper/type_blocks/04776_EnergyMultiplierEntity.txt	7	4
4777		EnergyMultiplierEvents.MultiplierActivated	struct	public struct EnergyMultiplierEvents.MultiplierActivated : IEvent // TypeDefIndex: 4777	MergePuzzle/EnergyMultiplier/EnergyMultiplierEvents.cs	生成器能量倍率	code/Il2CppDumper/type_blocks/04777_EnergyMultiplierEvents.MultiplierActivated.txt	1	0
4778		EnergyMultiplierEvents.MultiplierViewChanged	struct	public struct EnergyMultiplierEvents.MultiplierViewChanged : IEvent // TypeDefIndex: 4778	MergePuzzle/EnergyMultiplier/EnergyMultiplierEvents.cs	生成器能量倍率	code/Il2CppDumper/type_blocks/04778_EnergyMultiplierEvents.MultiplierViewChanged.txt	1	0
4779		EnergyMultiplierEvents.MultiplierEntityChanged	struct	public struct EnergyMultiplierEvents.MultiplierEntityChanged : IEvent // TypeDefIndex: 4779	MergePuzzle/EnergyMultiplier/EnergyMultiplierEvents.cs	生成器能量倍率	code/Il2CppDumper/type_blocks/04779_EnergyMultiplierEvents.MultiplierEntityChanged.txt	1	0
4780		EnergyMultiplierEvents.PopupClosed	struct	public struct EnergyMultiplierEvents.PopupClosed : IEvent // TypeDefIndex: 4780	MergePuzzle/EnergyMultiplier/EnergyMultiplierEvents.cs	生成器能量倍率	code/Il2CppDumper/type_blocks/04780_EnergyMultiplierEvents.PopupClosed.txt	3	0
4781		EnergyMultiplierEvents.CheckMultiplierPopups	struct	public struct EnergyMultiplierEvents.CheckMultiplierPopups : IEvent // TypeDefIndex: 4781	MergePuzzle/EnergyMultiplier/EnergyMultiplierEvents.cs	生成器能量倍率	code/Il2CppDumper/type_blocks/04781_EnergyMultiplierEvents.CheckMultiplierPopups.txt	0	0
4782	MergePuzzle.EnergyMultiplier	EnergyMultiplierEvents	class	public class EnergyMultiplierEvents // TypeDefIndex: 4782	MergePuzzle/EnergyMultiplier/EnergyMultiplierEvents.cs	生成器能量倍率	code/Il2CppDumper/type_blocks/04782_EnergyMultiplierEvents.txt	0	6
4783	MergePuzzle.EnergyMultiplier	EnergyMultiplierHandler	class	public class EnergyMultiplierHandler // TypeDefIndex: 4783	MergePuzzle/EnergyMultiplier/EnergyMultiplierHandler.cs	生成器能量倍率	code/Il2CppDumper/type_blocks/04783_EnergyMultiplierHandler.txt	7	18
4784	MergePuzzle.EnergyMultiplier	KiteEnergyMultiplierConfig	class	public class KiteEnergyMultiplierConfig // TypeDefIndex: 4784	MergePuzzle/EnergyMultiplier/KiteEnergyMultiplierConfig.cs	生成器能量倍率	code/Il2CppDumper/type_blocks/04784_KiteEnergyMultiplierConfig.txt	5	3
4785	MergePuzzle.EnergyMultiplier	EnergyMultiplierOptions	class	public class EnergyMultiplierOptions // TypeDefIndex: 4785	MergePuzzle/EnergyMultiplier/EnergyMultiplierOptions.cs	生成器能量倍率	code/Il2CppDumper/type_blocks/04785_EnergyMultiplierOptions.txt	6	3
4786	MergePuzzle.EnergyMultiplier	SpawnerOptions	class	public class SpawnerOptions // TypeDefIndex: 4786	MergePuzzle/EnergyMultiplier/SpawnerOptions.cs	生成器能量倍率	code/Il2CppDumper/type_blocks/04786_SpawnerOptions.txt	2	1
4903	MergePuzzle.DailyChallenge	NonProgressiveRewardSpawnerData	class	public class NonProgressiveRewardSpawnerData : DailyChallengeDayData // TypeDefIndex: 4903	MergePuzzle/DailyChallenge/NonProgressiveRewardSpawnerData.cs	关键类型的基类、接口、枚举或签名直接依赖	code/Il2CppDumper/type_blocks/04903_NonProgressiveRewardSpawnerData.txt	0	1
4905	MergePuzzle.DailyChallenge	ProgressiveRewardSpawnerData	class	public class ProgressiveRewardSpawnerData : DailyChallengeDayData // TypeDefIndex: 4905	MergePuzzle/DailyChallenge/ProgressiveRewardSpawnerData.cs	关键类型的基类、接口、枚举或签名直接依赖	code/Il2CppDumper/type_blocks/04905_ProgressiveRewardSpawnerData.txt	0	1
4975		NonProgressiveRewardSpawnerHandler.	class	private sealed class NonProgressiveRewardSpawnerHandler.<>c__DisplayClass3_0 // TypeDefIndex: 4975	MergePuzzle/DailyChallenge/NonProgressiveRewardSpawnerHandler.cs	关键类型的基类、接口、枚举或签名直接依赖	code/Il2CppDumper/type_blocks/04975_NonProgressiveRewardSpawnerHandler..txt	1	4
4976	MergePuzzle.DailyChallenge	NonProgressiveRewardSpawnerHandler	class	public class NonProgressiveRewardSpawnerHandler : DailyChallengeDayHandler<NonProgressiveRewardSpawnerDayConfig>, IBoardItemHandler, IFeatureHandler // TypeDefIndex: 4976	MergePuzzle/DailyChallenge/NonProgressiveRewardSpawnerHandler.cs	关键类型的基类、接口、枚举或签名直接依赖	code/Il2CppDumper/type_blocks/04976_NonProgressiveRewardSpawnerHandler.txt	0	10
4981		ProgressiveRewardSpawnerHandler.	class	private sealed class ProgressiveRewardSpawnerHandler.<>c__DisplayClass2_0 // TypeDefIndex: 4981	MergePuzzle/DailyChallenge/ProgressiveRewardSpawnerHandler.cs	关键类型的基类、接口、枚举或签名直接依赖	code/Il2CppDumper/type_blocks/04981_ProgressiveRewardSpawnerHandler..txt	1	4
4982		ProgressiveRewardSpawnerHandler.	class	private sealed class ProgressiveRewardSpawnerHandler.<>c__DisplayClass5_0 // TypeDefIndex: 4982	MergePuzzle/DailyChallenge/ProgressiveRewardSpawnerHandler.cs	关键类型的基类、接口、枚举或签名直接依赖	code/Il2CppDumper/type_blocks/04982_ProgressiveRewardSpawnerHandler..txt	1	2
4983	MergePuzzle.DailyChallenge	ProgressiveRewardSpawnerHandler	class	public class ProgressiveRewardSpawnerHandler : DailyChallengeDayHandler<ProgressiveRewardSpawnerDayConfig>, IBoardItemHandler, IFeatureHandler // TypeDefIndex: 4983	MergePuzzle/DailyChallenge/ProgressiveRewardSpawnerHandler.cs	关键类型的基类、接口、枚举或签名直接依赖	code/Il2CppDumper/type_blocks/04983_ProgressiveRewardSpawnerHandler.txt	0	11
5023	MergePuzzle.Locations	BoardLocation	class	public class BoardLocation : MacroLocationBase // TypeDefIndex: 5023	MergePuzzle/Locations/BoardLocation.cs	物品位置/流转直接依赖	code/Il2CppDumper/type_blocks/05023_BoardLocation.txt	0	1
5027	MergePuzzle.Locations	InventoryLocation	class	public class InventoryLocation : LocationBase // TypeDefIndex: 5027	MergePuzzle/Locations/InventoryLocation.cs	物品位置/流转直接依赖	code/Il2CppDumper/type_blocks/05027_InventoryLocation.txt	0	1
5030	MergePuzzle.Locations	LocationBase	class	public abstract class LocationBase // TypeDefIndex: 5030	MergePuzzle/Locations/LocationBase.cs	物品位置/流转直接依赖	code/Il2CppDumper/type_blocks/05030_LocationBase.txt	1	1
5031	MergePuzzle.Locations	MacroLocationBase	class	public abstract class MacroLocationBase : LocationBase // TypeDefIndex: 5031	MergePuzzle/Locations/MacroLocationBase.cs	物品位置/流转直接依赖	code/Il2CppDumper/type_blocks/05031_MacroLocationBase.txt	0	1
5032		LocationHandler.	class	private sealed class LocationHandler.<>c__11<T> // TypeDefIndex: 5032	MergePuzzle/Locations/LocationHandler.cs	物品位置/流转直接依赖	code/Il2CppDumper/type_blocks/05032_LocationHandler..txt	2	0
5033		LocationHandler.	class	private sealed class LocationHandler.<>c__14<T> // TypeDefIndex: 5033	MergePuzzle/Locations/LocationHandler.cs	物品位置/流转直接依赖	code/Il2CppDumper/type_blocks/05033_LocationHandler..txt	2	0
5034		LocationHandler.	class	private sealed class LocationHandler.<>c__4<T> // TypeDefIndex: 5034	MergePuzzle/Locations/LocationHandler.cs	物品位置/流转直接依赖	code/Il2CppDumper/type_blocks/05034_LocationHandler..txt	2	0
5035		LocationHandler.	class	private sealed class LocationHandler.<>c__5<T, T2> // TypeDefIndex: 5035	MergePuzzle/Locations/LocationHandler.cs	物品位置/流转直接依赖	code/Il2CppDumper/type_blocks/05035_LocationHandler..txt	2	0
5036		LocationHandler.	class	private sealed class LocationHandler.<>c__6<T1, T2, T3> // TypeDefIndex: 5036	MergePuzzle/Locations/LocationHandler.cs	物品位置/流转直接依赖	code/Il2CppDumper/type_blocks/05036_LocationHandler..txt	2	0
5037		LocationHandler.	class	private sealed class LocationHandler.<>c__7<T1, T2, T3, T4> // TypeDefIndex: 5037	MergePuzzle/Locations/LocationHandler.cs	物品位置/流转直接依赖	code/Il2CppDumper/type_blocks/05037_LocationHandler..txt	2	0
5038		LocationHandler.	class	private sealed class LocationHandler.<>c__8<T1, T2, T3, T4, T5> // TypeDefIndex: 5038	MergePuzzle/Locations/LocationHandler.cs	物品位置/流转直接依赖	code/Il2CppDumper/type_blocks/05038_LocationHandler..txt	2	0
5039	MergePuzzle.Locations	LocationHandler	class	public class LocationHandler // TypeDefIndex: 5039	MergePuzzle/Locations/LocationHandler.cs	物品位置/流转直接依赖	code/Il2CppDumper/type_blocks/05039_LocationHandler.txt	1	8
5041	MergePuzzle.Locations	BoardTaskLocation	class	public class BoardTaskLocation : LocationBase // TypeDefIndex: 5041	MergePuzzle/Locations/BoardTaskLocation.cs	物品位置/流转直接依赖	code/Il2CppDumper/type_blocks/05041_BoardTaskLocation.txt	1	4
5042	MergePuzzle.Locations	BubbleLocation	class	public class BubbleLocation : LocationBase // TypeDefIndex: 5042	MergePuzzle/Locations/BubbleLocation.cs	物品位置/流转直接依赖	code/Il2CppDumper/type_blocks/05042_BubbleLocation.txt	0	1
5043	MergePuzzle.Locations	JellyLocation	class	public class JellyLocation : LocationBase // TypeDefIndex: 5043	MergePuzzle/Locations/JellyLocation.cs	物品位置/流转直接依赖	code/Il2CppDumper/type_blocks/05043_JellyLocation.txt	0	1
5044	MergePuzzle.Locations	MergeLocation	class	public class MergeLocation : LocationBase // TypeDefIndex: 5044	MergePuzzle/Locations/MergeLocation.cs	关键类型的基类、接口、枚举或签名直接依赖	code/Il2CppDumper/type_blocks/05044_MergeLocation.txt	0	1
5045	MergePuzzle.Locations	PerishableSpawnerLocation	class	public class PerishableSpawnerLocation : LocationBase // TypeDefIndex: 5045	MergePuzzle/Locations/PerishableSpawnerLocation.cs	物品位置/流转直接依赖	code/Il2CppDumper/type_blocks/05045_PerishableSpawnerLocation.txt	0	1
5052	MergePuzzle.Locations	RecurringEventSpawnerLocation	class	public class RecurringEventSpawnerLocation : RecurringEventLocation // TypeDefIndex: 5052	MergePuzzle/Locations/RecurringEventSpawnerLocation.cs	关键类型的基类、接口、枚举或签名直接依赖	code/Il2CppDumper/type_blocks/05052_RecurringEventSpawnerLocation.txt	0	1
5382		KiteEventBoardConfig.	class	private sealed class KiteEventBoardConfig.<>c // TypeDefIndex: 5382	MergePuzzle/BoardEvents/KiteEventBoardConfig.cs	关键类型的基类、接口、枚举或签名直接依赖	code/Il2CppDumper/type_blocks/05382_KiteEventBoardConfig..txt	3	4
5383	MergePuzzle.BoardEvents	KiteEventBoardConfig	class	public class KiteEventBoardConfig // TypeDefIndex: 5383	MergePuzzle/BoardEvents/KiteEventBoardConfig.cs	关键类型的基类、接口、枚举或签名直接依赖	code/Il2CppDumper/type_blocks/05383_KiteEventBoardConfig.txt	1	3
5384	MergePuzzle.BoardEvents	EventBoardConfigItem	class	public class EventBoardConfigItem // TypeDefIndex: 5384	MergePuzzle/BoardEvents/EventBoardConfigItem.cs	关键类型的基类、接口、枚举或签名直接依赖	code/Il2CppDumper/type_blocks/05384_EventBoardConfigItem.txt	27	4
5385		BoardEventHandler.	class	private sealed class BoardEventHandler.<>c // TypeDefIndex: 5385	MergePuzzle/BoardEvents/BoardEventHandler.cs	关键类型的基类、接口、枚举或签名直接依赖	code/Il2CppDumper/type_blocks/05385_BoardEventHandler..txt	5	6
5386		BoardEventHandler.	class	private sealed class BoardEventHandler.<>c__DisplayClass4_0 // TypeDefIndex: 5386	MergePuzzle/BoardEvents/BoardEventHandler.cs	关键类型的基类、接口、枚举或签名直接依赖	code/Il2CppDumper/type_blocks/05386_BoardEventHandler..txt	1	2
5387		BoardEventHandler.	class	private sealed class BoardEventHandler.<>c__DisplayClass7_0 // TypeDefIndex: 5387	MergePuzzle/BoardEvents/BoardEventHandler.cs	关键类型的基类、接口、枚举或签名直接依赖	code/Il2CppDumper/type_blocks/05387_BoardEventHandler..txt	1	2
5388	MergePuzzle.BoardEvents	BoardEventHandler	class	public class BoardEventHandler : BoardEventHandlerBase // TypeDefIndex: 5388	MergePuzzle/BoardEvents/BoardEventHandler.cs	关键类型的基类、接口、枚举或签名直接依赖	code/Il2CppDumper/type_blocks/05388_BoardEventHandler.txt	0	16
5389		BoardEventHandlerBase.	struct	private struct BoardEventHandlerBase.<CheckAndDownloadRequiredRunningConfigAddressable>d__16 : IAsyncStateMachine // TypeDefIndex: 5389	MergePuzzle/BoardEvents/BoardEventHandlerBase.cs	关键类型的基类、接口、枚举或签名直接依赖	code/Il2CppDumper/type_blocks/05389_BoardEventHandlerBase..txt	9	2
5390		BoardEventHandlerBase.	struct	private struct BoardEventHandlerBase.<LoadBoardData>d__11 : IAsyncStateMachine // TypeDefIndex: 5390	MergePuzzle/BoardEvents/BoardEventHandlerBase.cs	关键类型的基类、接口、枚举或签名直接依赖	code/Il2CppDumper/type_blocks/05390_BoardEventHandlerBase..txt	9	2
5391		BoardEventHandlerBase.	struct	private struct BoardEventHandlerBase.<LoadEventData>d__10 : IAsyncStateMachine // TypeDefIndex: 5391	MergePuzzle/BoardEvents/BoardEventHandlerBase.cs	关键类型的基类、接口、枚举或签名直接依赖	code/Il2CppDumper/type_blocks/05391_BoardEventHandlerBase..txt	8	2
5392		BoardEventHandlerBase.	struct	private struct BoardEventHandlerBase.<ReleaseBoardData>d__15 : IAsyncStateMachine // TypeDefIndex: 5392	MergePuzzle/BoardEvents/BoardEventHandlerBase.cs	关键类型的基类、接口、枚举或签名直接依赖	code/Il2CppDumper/type_blocks/05392_BoardEventHandlerBase..txt	4	2
5393	MergePuzzle.BoardEvents	BoardEventHandlerBase	class	public abstract class BoardEventHandlerBase : INotificationHandler, IItemRewardConvertHandler // TypeDefIndex: 5393	MergePuzzle/BoardEvents/BoardEventHandlerBase.cs	关键类型的基类、接口、枚举或签名直接依赖	code/Il2CppDumper/type_blocks/05393_BoardEventHandlerBase.txt	10	30
