source_module	line	callee_name	target_module	source_file	interpretation
Model.ConfigModel	262	StringUtil.rFindChar	Common.Utility.StringUtil	code/Lua/decompiled/Model/ConfigModel.lua	static name match; dynamic dispatch not included
Model.ConfigModel	269	StringUtil.IsNilOrEmpty	Common.Utility.StringUtil	code/Lua/decompiled/Model/ConfigModel.lua	static name match; dynamic dispatch not included
Model.ConfigModel	288	StringUtil.IsNilOrEmpty	Common.Utility.StringUtil	code/Lua/decompiled/Model/ConfigModel.lua	static name match; dynamic dispatch not included
Model.ConfigModel	289	MiscModel.Get	Model.UserData.MiscModel	code/Lua/decompiled/Model/ConfigModel.lua	static name match; dynamic dispatch not included
Model.ConfigModel	295	DBTableManager.GetTable	Model.DB.DBTableManager	code/Lua/decompiled/Model/ConfigModel.lua	static name match; dynamic dispatch not included
Model.ConfigModel	309	ItemChangeHelper.LoadConfigs	Board.Model.ItemChangeHelper	code/Lua/decompiled/Model/ConfigModel.lua	static name match; dynamic dispatch not included
Model.ConfigModel	364	Table.IsEmpty	Common.Utility.Table	code/Lua/decompiled/Model/ConfigModel.lua	static name match; dynamic dispatch not included
Model.ConfigModel	367	Table.DeepCopy	Common.Utility.Table	code/Lua/decompiled/Model/ConfigModel.lua	static name match; dynamic dispatch not included
Model.ConfigModel	368	Table.IsEmpty	Common.Utility.Table	code/Lua/decompiled/Model/ConfigModel.lua	static name match; dynamic dispatch not included
Model.ConfigModel	373	Table.IsEmpty	Common.Utility.Table	code/Lua/decompiled/Model/ConfigModel.lua	static name match; dynamic dispatch not included
Model.ConfigModel	375	Table.ShallowCopy	Common.Utility.Table	code/Lua/decompiled/Model/ConfigModel.lua	static name match; dynamic dispatch not included
Model.ConfigModel	386	Table.IsEmpty	Common.Utility.Table	code/Lua/decompiled/Model/ConfigModel.lua	static name match; dynamic dispatch not included
Model.ConfigModel	407	GameModel.GetServerTime	Model.GameModel	code/Lua/decompiled/Model/ConfigModel.lua	static name match; dynamic dispatch not included
Model.ConfigModel	419	Table.IsEmpty	Common.Utility.Table	code/Lua/decompiled/Model/ConfigModel.lua	static name match; dynamic dispatch not included
Model.ConfigModel	428	GameModel.GetServerTime	Model.GameModel	code/Lua/decompiled/Model/ConfigModel.lua	static name match; dynamic dispatch not included
Model.ConfigModel	433	Table.IsEmpty	Common.Utility.Table	code/Lua/decompiled/Model/ConfigModel.lua	static name match; dynamic dispatch not included
Model.ConfigModel	437	Table.IsEmpty	Common.Utility.Table	code/Lua/decompiled/Model/ConfigModel.lua	static name match; dynamic dispatch not included
Model.ConfigModel	465	Table.IsEmpty	Common.Utility.Table	code/Lua/decompiled/Model/ConfigModel.lua	static name match; dynamic dispatch not included
Model.ConfigModel	550	SceneManager.GetGameMode	Model.SceneManager	code/Lua/decompiled/Model/ConfigModel.lua	static name match; dynamic dispatch not included
Model.ConfigModel	559	SystemConfigModel.UpdateConfig	Model.SystemConfigModel	code/Lua/decompiled/Model/ConfigModel.lua	static name match; dynamic dispatch not included
Model.ConfigModel	590	StringUtil.IsNilOrEmpty	Common.Utility.StringUtil	code/Lua/decompiled/Model/ConfigModel.lua	static name match; dynamic dispatch not included
Model.ConfigModel	591	StringUtil.StartWith	Common.Utility.StringUtil	code/Lua/decompiled/Model/ConfigModel.lua	static name match; dynamic dispatch not included
Model.ConfigModel	614	EventDispatcher.DispatchEvent	Common.Event.EventDispatcher	code/Lua/decompiled/Model/ConfigModel.lua	static name match; dynamic dispatch not included
Model.ConfigModel	628	GameModel.HasServerTime	Model.GameModel	code/Lua/decompiled/Model/ConfigModel.lua	static name match; dynamic dispatch not included
Model.ConfigModel	628	GameModel.GetServerTime	Model.GameModel	code/Lua/decompiled/Model/ConfigModel.lua	static name match; dynamic dispatch not included
Model.ConfigModel	655	Table.IsEmpty	Common.Utility.Table	code/Lua/decompiled/Model/ConfigModel.lua	static name match; dynamic dispatch not included
Model.ConfigModel	768	PlayerPrefs.GetInt	Common.Utility.PlayerPrefs	code/Lua/decompiled/Model/ConfigModel.lua	static name match; dynamic dispatch not included
Model.ConfigModel	772	PlayerPrefs.SetInt	Common.Utility.PlayerPrefs	code/Lua/decompiled/Model/ConfigModel.lua	static name match; dynamic dispatch not included
Model.ConfigModel	808	ItemUtility.GetChainNumber	Board.Model.ItemUtility	code/Lua/decompiled/Model/ConfigModel.lua	static name match; dynamic dispatch not included
Model.ConfigModel	819	ItemUtility.GetChainIdByCode	Board.Model.ItemUtility	code/Lua/decompiled/Model/ConfigModel.lua	static name match; dynamic dispatch not included
Model.ConfigModel	820	StringUtil.rFindChar	Common.Utility.StringUtil	code/Lua/decompiled/Model/ConfigModel.lua	static name match; dynamic dispatch not included
Model.ConfigModel	841	Table.ListAppend	Common.Utility.Table	code/Lua/decompiled/Model/ConfigModel.lua	static name match; dynamic dispatch not included
Model.ConfigModel	842	Table.ListAppend	Common.Utility.Table	code/Lua/decompiled/Model/ConfigModel.lua	static name match; dynamic dispatch not included
Model.ConfigModel	848	Table.ListAppend	Common.Utility.Table	code/Lua/decompiled/Model/ConfigModel.lua	static name match; dynamic dispatch not included
Model.ConfigModel	849	GameConfig.IsTestMode	Common.GameConfig	code/Lua/decompiled/Model/ConfigModel.lua	static name match; dynamic dispatch not included
Model.ConfigModel	851	StringUtil.StartWith	Common.Utility.StringUtil	code/Lua/decompiled/Model/ConfigModel.lua	static name match; dynamic dispatch not included
Model.ConfigModel	867	Table.ListAppend	Common.Utility.Table	code/Lua/decompiled/Model/ConfigModel.lua	static name match; dynamic dispatch not included
Model.ConfigModel	868	GameConfig.IsTestMode	Common.GameConfig	code/Lua/decompiled/Model/ConfigModel.lua	static name match; dynamic dispatch not included
Model.ConfigModel	870	StringUtil.StartWith	Common.Utility.StringUtil	code/Lua/decompiled/Model/ConfigModel.lua	static name match; dynamic dispatch not included
Model.ConfigModel	921	Table.IsEmpty	Common.Utility.Table	code/Lua/decompiled/Model/ConfigModel.lua	static name match; dynamic dispatch not included
Model.ConfigModel	921	SystemConfigModel.GetConfig	Model.SystemConfigModel	code/Lua/decompiled/Model/ConfigModel.lua	static name match; dynamic dispatch not included
Model.ConfigModel	921	Table.IsEmpty	Common.Utility.Table	code/Lua/decompiled/Model/ConfigModel.lua	static name match; dynamic dispatch not included
Model.ConfigModel	921	SystemConfigModel.GetConfig	Model.SystemConfigModel	code/Lua/decompiled/Model/ConfigModel.lua	static name match; dynamic dispatch not included
Model.ConfigModel	921	SystemConfigModel.GetConfig	Model.SystemConfigModel	code/Lua/decompiled/Model/ConfigModel.lua	static name match; dynamic dispatch not included
Model.ConfigModel	921	SystemConfigModel.GetConfig	Model.SystemConfigModel	code/Lua/decompiled/Model/ConfigModel.lua	static name match; dynamic dispatch not included
Model.ConfigModel	942	StringUtil.IsNilOrEmpty	Common.Utility.StringUtil	code/Lua/decompiled/Model/ConfigModel.lua	static name match; dynamic dispatch not included
Model.ConfigModel	942	StringUtil.IsValidUrl	Common.Utility.StringUtil	code/Lua/decompiled/Model/ConfigModel.lua	static name match; dynamic dispatch not included
Model.ConfigModel	959	Table.ListContain	Common.Utility.Table	code/Lua/decompiled/Model/ConfigModel.lua	static name match; dynamic dispatch not included
Model.ConfigModel	970	StringUtil.Split	Common.Utility.StringUtil	code/Lua/decompiled/Model/ConfigModel.lua	static name match; dynamic dispatch not included
Model.ConfigModel	1035	MiscModel.Get	Model.UserData.MiscModel	code/Lua/decompiled/Model/ConfigModel.lua	static name match; dynamic dispatch not included
Model.ConfigModel	1041	MiscModel.Set	Model.UserData.MiscModel	code/Lua/decompiled/Model/ConfigModel.lua	static name match; dynamic dispatch not included
Model.ConfigModel	1115	PlayerPrefs.GetInt	Common.Utility.PlayerPrefs	code/Lua/decompiled/Model/ConfigModel.lua	static name match; dynamic dispatch not included
Model.ConfigModel	1117	PlayerPrefs.SetInt	Common.Utility.PlayerPrefs	code/Lua/decompiled/Model/ConfigModel.lua	static name match; dynamic dispatch not included
Model.GameModel	7	GameConfig.IsTestMode	Common.GameConfig	code/Lua/decompiled/Model/GameModel.lua	static name match; dynamic dispatch not included
Model.GameModel	8	PlayerPrefs.GetInt	Common.Utility.PlayerPrefs	code/Lua/decompiled/Model/GameModel.lua	static name match; dynamic dispatch not included
Model.GameModel	17	EventDispatcher.RemoveTarget	Common.Event.EventDispatcher	code/Lua/decompiled/Model/GameModel.lua	static name match; dynamic dispatch not included
Model.GameModel	23	ConfigModel.IsServerControlOpen	Model.ConfigModel	code/Lua/decompiled/Model/GameModel.lua	static name match; dynamic dispatch not included
Model.GameModel	36	TimeUtil.GetTimeInSecond	Common.Utility.TimeUtil	code/Lua/decompiled/Model/GameModel.lua	static name match; dynamic dispatch not included
Model.GameModel	36	TimeUtil.GetTimeInSecond	Common.Utility.TimeUtil	code/Lua/decompiled/Model/GameModel.lua	static name match; dynamic dispatch not included
Model.GameModel	67	UserModel.GetVendorId	Model.UserData.UserModel	code/Lua/decompiled/Model/GameModel.lua	static name match; dynamic dispatch not included
Model.GameModel	68	UserModel.GetDeviceId	Model.UserData.UserModel	code/Lua/decompiled/Model/GameModel.lua	static name match; dynamic dispatch not included
Model.GameModel	69	StringUtil.IsNilOrEmpty	Common.Utility.StringUtil	code/Lua/decompiled/Model/GameModel.lua	static name match; dynamic dispatch not included
Model.GameModel	70	StringUtil.IsNilOrEmpty	Common.Utility.StringUtil	code/Lua/decompiled/Model/GameModel.lua	static name match; dynamic dispatch not included
Model.GameModel	101	UserModel.SetInstallUuid	Model.UserData.UserModel	code/Lua/decompiled/Model/GameModel.lua	static name match; dynamic dispatch not included
Model.GameModel	111	UserModel.SetVendorId	Model.UserData.UserModel	code/Lua/decompiled/Model/GameModel.lua	static name match; dynamic dispatch not included
Model.GameModel	112	UserModel.SetDeviceId	Model.UserData.UserModel	code/Lua/decompiled/Model/GameModel.lua	static name match; dynamic dispatch not included
Model.GameModel	115	UserModel.GetUserId	Model.UserData.UserModel	code/Lua/decompiled/Model/GameModel.lua	static name match; dynamic dispatch not included
Model.GameModel	124	TimeUtil.GetTimeInSecond	Common.Utility.TimeUtil	code/Lua/decompiled/Model/GameModel.lua	static name match; dynamic dispatch not included
Model.GameModel	130	GameConfig.IsTestMode	Common.GameConfig	code/Lua/decompiled/Model/GameModel.lua	static name match; dynamic dispatch not included
Model.GameModel	157	PlayerPrefs.GetString	Common.Utility.PlayerPrefs	code/Lua/decompiled/Model/GameModel.lua	static name match; dynamic dispatch not included
Model.GameModel	168	PlayerPrefs.SetString	Common.Utility.PlayerPrefs	code/Lua/decompiled/Model/GameModel.lua	static name match; dynamic dispatch not included
Model.GameModel	197	TimeUtil.GetTimeInSecond	Common.Utility.TimeUtil	code/Lua/decompiled/Model/GameModel.lua	static name match; dynamic dispatch not included
Model.GameModel	209	StringUtil.IsNilOrEmpty	Common.Utility.StringUtil	code/Lua/decompiled/Model/GameModel.lua	static name match; dynamic dispatch not included
Model.GameModel	249	UserModel.UpdateAfterLoginFinished	Model.UserData.UserModel	code/Lua/decompiled/Model/GameModel.lua	static name match; dynamic dispatch not included
Model.GameModel	250	UserModel.CanRestartGame	Model.UserData.UserModel	code/Lua/decompiled/Model/GameModel.lua	static name match; dynamic dispatch not included
Model.GameModel	250	SceneManager.GetGameMode	Model.SceneManager	code/Lua/decompiled/Model/GameModel.lua	static name match; dynamic dispatch not included
Model.GameModel	284	EventDispatcher.DispatchEvent	Common.Event.EventDispatcher	code/Lua/decompiled/Model/GameModel.lua	static name match; dynamic dispatch not included
Model.GameModel	293	StringUtil.IsNilOrEmpty	Common.Utility.StringUtil	code/Lua/decompiled/Model/GameModel.lua	static name match; dynamic dispatch not included
Model.GameModel	302	EventDispatcher.DispatchEvent	Common.Event.EventDispatcher	code/Lua/decompiled/Model/GameModel.lua	static name match; dynamic dispatch not included
Model.GameModel	317	SceneManager.StartPrivacyTick	Model.SceneManager	code/Lua/decompiled/Model/GameModel.lua	static name match; dynamic dispatch not included
Model.GameModel	319	SceneManager.EndPrivacyTick	Model.SceneManager	code/Lua/decompiled/Model/GameModel.lua	static name match; dynamic dispatch not included
Model.GameModel	320	PlayerPrefs.SetInt	Common.Utility.PlayerPrefs	code/Lua/decompiled/Model/GameModel.lua	static name match; dynamic dispatch not included
Model.GameModel	328	SceneManager.StartPrivacyTick	Model.SceneManager	code/Lua/decompiled/Model/GameModel.lua	static name match; dynamic dispatch not included
Model.GameModel	331	SceneManager.EndPrivacyTick	Model.SceneManager	code/Lua/decompiled/Model/GameModel.lua	static name match; dynamic dispatch not included
Model.GameModel	336	PlayerPrefs.SetInt	Common.Utility.PlayerPrefs	code/Lua/decompiled/Model/GameModel.lua	static name match; dynamic dispatch not included
Model.GameModel	346	PlayerPrefs.GetInt	Common.Utility.PlayerPrefs	code/Lua/decompiled/Model/GameModel.lua	static name match; dynamic dispatch not included
Model.GameModel	348	UserModel.GetUserId	Model.UserData.UserModel	code/Lua/decompiled/Model/GameModel.lua	static name match; dynamic dispatch not included
Model.GameModel	349	PlayerPrefs.SetInt	Common.Utility.PlayerPrefs	code/Lua/decompiled/Model/GameModel.lua	static name match; dynamic dispatch not included
Model.GameModel	370	SyncModel.SetDataInconsistent	Model.Sync.SyncModel	code/Lua/decompiled/Model/GameModel.lua	static name match; dynamic dispatch not included
Model.GameModel	387	SyncModel.ChangeSyncState	Model.Sync.SyncModel	code/Lua/decompiled/Model/GameModel.lua	static name match; dynamic dispatch not included
Model.GameModel	396	SceneManager.GetGameMode	Model.SceneManager	code/Lua/decompiled/Model/GameModel.lua	static name match; dynamic dispatch not included
Model.GameModel	430	EventDispatcher.DispatchEvent	Common.Event.EventDispatcher	code/Lua/decompiled/Model/GameModel.lua	static name match; dynamic dispatch not included
Model.GameModel	440	ConfigModel.UpdateServerConfigs	Model.ConfigModel	code/Lua/decompiled/Model/GameModel.lua	static name match; dynamic dispatch not included
Model.GameModel	450	EnergyModel.ReCulculateEnergy	Model.UserData.EnergyModel	code/Lua/decompiled/Model/GameModel.lua	static name match; dynamic dispatch not included
Model.GameModel	487	Table.IsEmpty	Common.Utility.Table	code/Lua/decompiled/Model/GameModel.lua	static name match; dynamic dispatch not included
Model.MapDataModel	20	DBTableManager.GetTable	Model.DB.DBTableManager	code/Lua/decompiled/Model/MapDataModel.lua	static name match; dynamic dispatch not included
Model.MapDataModel	21	DBTableManager.GetTable	Model.DB.DBTableManager	code/Lua/decompiled/Model/MapDataModel.lua	static name match; dynamic dispatch not included
Model.MapDataModel	22	DBTableManager.GetTable	Model.DB.DBTableManager	code/Lua/decompiled/Model/MapDataModel.lua	static name match; dynamic dispatch not included
Model.MapDataModel	26	EventDispatcher.AddListener	Common.Event.EventDispatcher	code/Lua/decompiled/Model/MapDataModel.lua	static name match; dynamic dispatch not included
Model.MapDataModel	30	EventDispatcher.RemoveTarget	Common.Event.EventDispatcher	code/Lua/decompiled/Model/MapDataModel.lua	static name match; dynamic dispatch not included
Model.MapDataModel	38	EventDispatcher.AddListener	Common.Event.EventDispatcher	code/Lua/decompiled/Model/MapDataModel.lua	static name match; dynamic dispatch not included
Model.MapDataModel	50	ConfigModel.IsServerControlOpen	Model.ConfigModel	code/Lua/decompiled/Model/MapDataModel.lua	static name match; dynamic dispatch not included
Model.MapDataModel	51	StringUtil.IsNilOrEmpty	Common.Utility.StringUtil	code/Lua/decompiled/Model/MapDataModel.lua	static name match; dynamic dispatch not included
Model.MapDataModel	60	StringUtil.IsNilOrEmpty	Common.Utility.StringUtil	code/Lua/decompiled/Model/MapDataModel.lua	static name match; dynamic dispatch not included
Model.MapDataModel	60	ConfigModel.GetFileSuffix	Model.ConfigModel	code/Lua/decompiled/Model/MapDataModel.lua	static name match; dynamic dispatch not included
Model.MapDataModel	77	UserModel.GetInNumber	Model.UserData.UserModel	code/Lua/decompiled/Model/MapDataModel.lua	static name match; dynamic dispatch not included
Model.MapDataModel	80	UserModel.Set	Model.UserData.UserModel	code/Lua/decompiled/Model/MapDataModel.lua	static name match; dynamic dispatch not included
Model.MapDataModel	91	LevelModel.ResetLevelByExp	Model.UserData.LevelModel	code/Lua/decompiled/Model/MapDataModel.lua	static name match; dynamic dispatch not included
Model.MapDataModel	96	ConfigModel.GetLocalConfig	Model.ConfigModel	code/Lua/decompiled/Model/MapDataModel.lua	static name match; dynamic dispatch not included
Model.MapDataModel	185	ConfigModel.GetServerConfigMD5	Model.ConfigModel	code/Lua/decompiled/Model/MapDataModel.lua	static name match; dynamic dispatch not included
Model.MapDataModel	188	ConfigModel.GetServerConfig	Model.ConfigModel	code/Lua/decompiled/Model/MapDataModel.lua	static name match; dynamic dispatch not included
Model.MapDataModel	209	EventDispatcher.DispatchEvent	Common.Event.EventDispatcher	code/Lua/decompiled/Model/MapDataModel.lua	static name match; dynamic dispatch not included
Model.MapDataModel	219	GameModel.GetServerTime	Model.GameModel	code/Lua/decompiled/Model/MapDataModel.lua	static name match; dynamic dispatch not included
Model.MapDataModel	241	StringUtil.StartWith	Common.Utility.StringUtil	code/Lua/decompiled/Model/MapDataModel.lua	static name match; dynamic dispatch not included
Model.MapDataModel	241	StringUtil.StartWith	Common.Utility.StringUtil	code/Lua/decompiled/Model/MapDataModel.lua	static name match; dynamic dispatch not included
Model.MapDataModel	250	Table.IsEmpty	Common.Utility.Table	code/Lua/decompiled/Model/MapDataModel.lua	static name match; dynamic dispatch not included
Model.MapDataModel	266	ConfigModel.IsServerControlOpen	Model.ConfigModel	code/Lua/decompiled/Model/MapDataModel.lua	static name match; dynamic dispatch not included
Model.MapDataModel	269	ConfigModel.GetBuildingExConfig	Model.ConfigModel	code/Lua/decompiled/Model/MapDataModel.lua	static name match; dynamic dispatch not included
Model.MapDataModel	283	Table.DeepCopy	Common.Utility.Table	code/Lua/decompiled/Model/MapDataModel.lua	static name match; dynamic dispatch not included
Model.MapDataModel	287	Table.ShallowCopy	Common.Utility.Table	code/Lua/decompiled/Model/MapDataModel.lua	static name match; dynamic dispatch not included
Model.MapDataModel	327	ConfigModel.IsServerControlOpen	Model.ConfigModel	code/Lua/decompiled/Model/MapDataModel.lua	static name match; dynamic dispatch not included
Model.MapDataModel	330	ConfigModel.GetBuildingExConfig	Model.ConfigModel	code/Lua/decompiled/Model/MapDataModel.lua	static name match; dynamic dispatch not included
Model.MapDataModel	349	ConfigModel.IsServerControlOpen	Model.ConfigModel	code/Lua/decompiled/Model/MapDataModel.lua	static name match; dynamic dispatch not included
Model.MapDataModel	352	ConfigModel.GetBuildingExConfig	Model.ConfigModel	code/Lua/decompiled/Model/MapDataModel.lua	static name match; dynamic dispatch not included
Model.MapDataModel	395	Table.IsEmpty	Common.Utility.Table	code/Lua/decompiled/Model/MapDataModel.lua	static name match; dynamic dispatch not included
Model.MapDataModel	395	Table.IsEmpty	Common.Utility.Table	code/Lua/decompiled/Model/MapDataModel.lua	static name match; dynamic dispatch not included
Model.MapDataModel	401	ConfigModel.GetBuildingExConfig	Model.ConfigModel	code/Lua/decompiled/Model/MapDataModel.lua	static name match; dynamic dispatch not included
Model.MapDataModel	402	Table.DeepCopy	Common.Utility.Table	code/Lua/decompiled/Model/MapDataModel.lua	static name match; dynamic dispatch not included
Model.MapDataModel	410	Table.IsEmpty	Common.Utility.Table	code/Lua/decompiled/Model/MapDataModel.lua	static name match; dynamic dispatch not included
Model.MapDataModel	411	Table.ListAppend	Common.Utility.Table	code/Lua/decompiled/Model/MapDataModel.lua	static name match; dynamic dispatch not included
Model.MapDataModel	415	PropertyDataManager.Consume	Model.UserData.PropertyDataManager	code/Lua/decompiled/Model/MapDataModel.lua	static name match; dynamic dispatch not included
Model.MapDataModel	417	RewardApi.AcquireRewards	Model.UserData.RewardApi	code/Lua/decompiled/Model/MapDataModel.lua	static name match; dynamic dispatch not included
Model.MapDataModel	417	ConfigModel.GetCacheItemType	Model.ConfigModel	code/Lua/decompiled/Model/MapDataModel.lua	static name match; dynamic dispatch not included
Model.MapDataModel	438	ConfigModel.IsServerControlOpen	Model.ConfigModel	code/Lua/decompiled/Model/MapDataModel.lua	static name match; dynamic dispatch not included
Model.MapDataModel	472	ConfigModel.IsServerControlOpen	Model.ConfigModel	code/Lua/decompiled/Model/MapDataModel.lua	static name match; dynamic dispatch not included
Model.MapDataModel	498	EventDispatcher.DispatchEvent	Common.Event.EventDispatcher	code/Lua/decompiled/Model/MapDataModel.lua	static name match; dynamic dispatch not included
Model.MapDataModel	513	StringUtil.Split	Common.Utility.StringUtil	code/Lua/decompiled/Model/MapDataModel.lua	static name match; dynamic dispatch not included
Model.MapDataModel	564	PlayerPrefs.GetInt	Common.Utility.PlayerPrefs	code/Lua/decompiled/Model/MapDataModel.lua	static name match; dynamic dispatch not included
Model.MapDataModel	570	GameModel.Login	Model.GameModel	code/Lua/decompiled/Model/MapDataModel.lua	static name match; dynamic dispatch not included
Model.MapDataModel	575	PlayerPrefs.SetInt	Common.Utility.PlayerPrefs	code/Lua/decompiled/Model/MapDataModel.lua	static name match; dynamic dispatch not included
Model.MapDataModel	599	PlayerPrefs.GetInt	Common.Utility.PlayerPrefs	code/Lua/decompiled/Model/MapDataModel.lua	static name match; dynamic dispatch not included
Model.MapDataModel	651	PropertyDataManager.GetPropertyNum	Model.UserData.PropertyDataManager	code/Lua/decompiled/Model/MapDataModel.lua	static name match; dynamic dispatch not included
Model.MapDataModel	688	PropertyDataManager.GetPropertyNum	Model.UserData.PropertyDataManager	code/Lua/decompiled/Model/MapDataModel.lua	static name match; dynamic dispatch not included
Model.MapDataModel	729	PropertyDataManager.GetPropertyNum	Model.UserData.PropertyDataManager	code/Lua/decompiled/Model/MapDataModel.lua	static name match; dynamic dispatch not included
Model.MapDataModel	737	StringUtil.StartWith	Common.Utility.StringUtil	code/Lua/decompiled/Model/MapDataModel.lua	static name match; dynamic dispatch not included
Model.MapDataModel	755	PropertyDataManager.GetPropertyNum	Model.UserData.PropertyDataManager	code/Lua/decompiled/Model/MapDataModel.lua	static name match; dynamic dispatch not included
Model.MapDataModel	821	EventDispatcher.DispatchEvent	Common.Event.EventDispatcher	code/Lua/decompiled/Model/MapDataModel.lua	static name match; dynamic dispatch not included
Model.MapDataModel	902	StringUtil.StartWith	Common.Utility.StringUtil	code/Lua/decompiled/Model/MapDataModel.lua	static name match; dynamic dispatch not included
Model.MapDataModel	938	StringUtil.StartWith	Common.Utility.StringUtil	code/Lua/decompiled/Model/MapDataModel.lua	static name match; dynamic dispatch not included
Model.MapDataModel	938	StringUtil.StartWith	Common.Utility.StringUtil	code/Lua/decompiled/Model/MapDataModel.lua	static name match; dynamic dispatch not included
Model.MapDataModel	949	StringUtil.StartWith	Common.Utility.StringUtil	code/Lua/decompiled/Model/MapDataModel.lua	static name match; dynamic dispatch not included
Model.MapDataModel	989	Table.IsEmpty	Common.Utility.Table	code/Lua/decompiled/Model/MapDataModel.lua	static name match; dynamic dispatch not included
Model.MapDataModel	994	StringUtil.StartWith	Common.Utility.StringUtil	code/Lua/decompiled/Model/MapDataModel.lua	static name match; dynamic dispatch not included
Model.MapDataModel	1011	Table.IsEmpty	Common.Utility.Table	code/Lua/decompiled/Model/MapDataModel.lua	static name match; dynamic dispatch not included
Model.MapDataModel	1016	StringUtil.StartWith	Common.Utility.StringUtil	code/Lua/decompiled/Model/MapDataModel.lua	static name match; dynamic dispatch not included
Model.MapDataModel	1032	Table.IsEmpty	Common.Utility.Table	code/Lua/decompiled/Model/MapDataModel.lua	static name match; dynamic dispatch not included
Model.MapDataModel	1032	Table.IsEmpty	Common.Utility.Table	code/Lua/decompiled/Model/MapDataModel.lua	static name match; dynamic dispatch not included
Model.MapDataModel	1039	PropertyDataManager.GetPropertyNum	Model.UserData.PropertyDataManager	code/Lua/decompiled/Model/MapDataModel.lua	static name match; dynamic dispatch not included
Model.MapDataModel	1089	Table.MapSize	Common.Utility.Table	code/Lua/decompiled/Model/MapDataModel.lua	static name match; dynamic dispatch not included
Model.MapDataModel	1096	Table.IsEmpty	Common.Utility.Table	code/Lua/decompiled/Model/MapDataModel.lua	static name match; dynamic dispatch not included
Model.MapDataModel	1100	Table.IsEmpty	Common.Utility.Table	code/Lua/decompiled/Model/MapDataModel.lua	static name match; dynamic dispatch not included
Model.MapDataModel	1102	ConfigModel.IsServerControlOpen	Model.ConfigModel	code/Lua/decompiled/Model/MapDataModel.lua	static name match; dynamic dispatch not included
Model.MapDataModel	1103	MiscModel.Get	Model.UserData.MiscModel	code/Lua/decompiled/Model/MapDataModel.lua	static name match; dynamic dispatch not included
Model.MapDataModel	1104	MiscModel.Set	Model.UserData.MiscModel	code/Lua/decompiled/Model/MapDataModel.lua	static name match; dynamic dispatch not included
Model.MapDataModel	1109	Table.DeepCopy	Common.Utility.Table	code/Lua/decompiled/Model/MapDataModel.lua	static name match; dynamic dispatch not included
Model.MapDataModel	1120	Table.ListAppend	Common.Utility.Table	code/Lua/decompiled/Model/MapDataModel.lua	static name match; dynamic dispatch not included
Model.MapDataModel	1136	MiscModel.Get	Model.UserData.MiscModel	code/Lua/decompiled/Model/MapDataModel.lua	static name match; dynamic dispatch not included
Model.MapDataModel	1138	MiscModel.Set	Model.UserData.MiscModel	code/Lua/decompiled/Model/MapDataModel.lua	static name match; dynamic dispatch not included
Model.MapDataModel	1144	MiscModel.Get	Model.UserData.MiscModel	code/Lua/decompiled/Model/MapDataModel.lua	static name match; dynamic dispatch not included
Model.MapDataModel	1146	MiscModel.Set	Model.UserData.MiscModel	code/Lua/decompiled/Model/MapDataModel.lua	static name match; dynamic dispatch not included
Model.MapDataModel	1154	MiscModel.Get	Model.UserData.MiscModel	code/Lua/decompiled/Model/MapDataModel.lua	static name match; dynamic dispatch not included
Model.MapDataModel	1155	MiscModel.Set	Model.UserData.MiscModel	code/Lua/decompiled/Model/MapDataModel.lua	static name match; dynamic dispatch not included
Model.MapDataModel	1159	MiscModel.Get	Model.UserData.MiscModel	code/Lua/decompiled/Model/MapDataModel.lua	static name match; dynamic dispatch not included
Model.MapDataModel	1160	MiscModel.Get	Model.UserData.MiscModel	code/Lua/decompiled/Model/MapDataModel.lua	static name match; dynamic dispatch not included
Model.MapDataModel	1161	MiscModel.Set	Model.UserData.MiscModel	code/Lua/decompiled/Model/MapDataModel.lua	static name match; dynamic dispatch not included
Model.MapDataModel	1172	MiscModel.Set	Model.UserData.MiscModel	code/Lua/decompiled/Model/MapDataModel.lua	static name match; dynamic dispatch not included
Model.MapDataModel	1173	ConfigModel.IsServerControlOpen	Model.ConfigModel	code/Lua/decompiled/Model/MapDataModel.lua	static name match; dynamic dispatch not included
Model.MapDataModel	1174	EventDispatcher.DispatchEvent	Common.Event.EventDispatcher	code/Lua/decompiled/Model/MapDataModel.lua	static name match; dynamic dispatch not included
Model.MapDataModel	1179	ConfigModel.GetServerConfig	Model.ConfigModel	code/Lua/decompiled/Model/MapDataModel.lua	static name match; dynamic dispatch not included
Model.MapDataModel	1180	MiscModel.Get	Model.UserData.MiscModel	code/Lua/decompiled/Model/MapDataModel.lua	static name match; dynamic dispatch not included
Model.MapDataModel	1183	Table.IsEmpty	Common.Utility.Table	code/Lua/decompiled/Model/MapDataModel.lua	static name match; dynamic dispatch not included
Model.MapDataModel	1192	MiscModel.Set	Model.UserData.MiscModel	code/Lua/decompiled/Model/MapDataModel.lua	static name match; dynamic dispatch not included
Model.MapDataModel	1197	ConfigModel.ParseGeneralConf	Model.ConfigModel	code/Lua/decompiled/Model/MapDataModel.lua	static name match; dynamic dispatch not included
Model.MapDataModel	1206	ConfigModel.GetBuildingExConfig	Model.ConfigModel	code/Lua/decompiled/Model/MapDataModel.lua	static name match; dynamic dispatch not included
Model.MapDataModel	1210	ConfigModel.GetBuildingExConfig	Model.ConfigModel	code/Lua/decompiled/Model/MapDataModel.lua	static name match; dynamic dispatch not included
Model.MapDataModel	1215	Table.DeepCopy	Common.Utility.Table	code/Lua/decompiled/Model/MapDataModel.lua	static name match; dynamic dispatch not included
Model.MapDataModel	1217	ConfigModel.IsServerControlOpen	Model.ConfigModel	code/Lua/decompiled/Model/MapDataModel.lua	static name match; dynamic dispatch not included
Model.MapDataModel	1218	MiscModel.Get	Model.UserData.MiscModel	code/Lua/decompiled/Model/MapDataModel.lua	static name match; dynamic dispatch not included
Model.MapDataModel	1219	MiscModel.Set	Model.UserData.MiscModel	code/Lua/decompiled/Model/MapDataModel.lua	static name match; dynamic dispatch not included
Model.MapDataModel	1223	MiscModel.Get	Model.UserData.MiscModel	code/Lua/decompiled/Model/MapDataModel.lua	static name match; dynamic dispatch not included
Model.MapDataModel	1263	MiscModel.Set	Model.UserData.MiscModel	code/Lua/decompiled/Model/MapDataModel.lua	static name match; dynamic dispatch not included
Model.MapDataModel	1264	ConfigModel.IsServerControlOpen	Model.ConfigModel	code/Lua/decompiled/Model/MapDataModel.lua	static name match; dynamic dispatch not included
Model.MapDataModel	1265	EventDispatcher.DispatchEvent	Common.Event.EventDispatcher	code/Lua/decompiled/Model/MapDataModel.lua	static name match; dynamic dispatch not included
Model.MapDataModel	1272	PlayerPrefs.GetInt	Common.Utility.PlayerPrefs	code/Lua/decompiled/Model/MapDataModel.lua	static name match; dynamic dispatch not included
Model.MapDataModel	1273	MiscModel.Set	Model.UserData.MiscModel	code/Lua/decompiled/Model/MapDataModel.lua	static name match; dynamic dispatch not included
Model.MapDataModel	1275	PlayerPrefs.SetInt	Common.Utility.PlayerPrefs	code/Lua/decompiled/Model/MapDataModel.lua	static name match; dynamic dispatch not included
Model.MapDataModel	1279	PlayerPrefs.GetInt	Common.Utility.PlayerPrefs	code/Lua/decompiled/Model/MapDataModel.lua	static name match; dynamic dispatch not included
Model.MapDataModel	1280	PlayerPrefs.SetInt	Common.Utility.PlayerPrefs	code/Lua/decompiled/Model/MapDataModel.lua	static name match; dynamic dispatch not included
Model.MapDataModel	1282	ConfigModel.ParseGeneralConf	Model.ConfigModel	code/Lua/decompiled/Model/MapDataModel.lua	static name match; dynamic dispatch not included
Model.MapDataModel	1283	MiscModel.Get	Model.UserData.MiscModel	code/Lua/decompiled/Model/MapDataModel.lua	static name match; dynamic dispatch not included
Model.MapDataModel	1285	MiscModel.Set	Model.UserData.MiscModel	code/Lua/decompiled/Model/MapDataModel.lua	static name match; dynamic dispatch not included
Model.MapDataModel	1291	PlayerPrefs.GetInt	Common.Utility.PlayerPrefs	code/Lua/decompiled/Model/MapDataModel.lua	static name match; dynamic dispatch not included
Model.MapDataModel	1295	GameConfig.IsTestMode	Common.GameConfig	code/Lua/decompiled/Model/MapDataModel.lua	static name match; dynamic dispatch not included
Model.MapDataModel	1295	StringUtil.IsNilOrEmpty	Common.Utility.StringUtil	code/Lua/decompiled/Model/MapDataModel.lua	static name match; dynamic dispatch not included
Model.MapDataModel	1295	ConfigModel.GetFileSuffix	Model.ConfigModel	code/Lua/decompiled/Model/MapDataModel.lua	static name match; dynamic dispatch not included
Model.MapDataModel	1298	ConfigModel.GetFileSuffix	Model.ConfigModel	code/Lua/decompiled/Model/MapDataModel.lua	static name match; dynamic dispatch not included
Model.MapDataModel	1312	Table.GetKeys	Common.Utility.Table	code/Lua/decompiled/Model/MapDataModel.lua	static name match; dynamic dispatch not included
Model.MapDataModel	1325	Table.GetKeys	Common.Utility.Table	code/Lua/decompiled/Model/MapDataModel.lua	static name match; dynamic dispatch not included
Model.MapDataModel	1340	LevelModel.GetCurrentLevel	Model.UserData.LevelModel	code/Lua/decompiled/Model/MapDataModel.lua	static name match; dynamic dispatch not included
Model.MapDataModel	1363	GameConfig.IsTestMode	Common.GameConfig	code/Lua/decompiled/Model/MapDataModel.lua	static name match; dynamic dispatch not included
Model.MapDataModel	1374	Table.IsEmpty	Common.Utility.Table	code/Lua/decompiled/Model/MapDataModel.lua	static name match; dynamic dispatch not included
Model.MapDataModel	1381	Table.IsEmpty	Common.Utility.Table	code/Lua/decompiled/Model/MapDataModel.lua	static name match; dynamic dispatch not included
Model.MapDataModel	1386	Table.IsEmpty	Common.Utility.Table	code/Lua/decompiled/Model/MapDataModel.lua	static name match; dynamic dispatch not included
Model.MapDataModel	1387	RewardApi.MergeRewards	Model.UserData.RewardApi	code/Lua/decompiled/Model/MapDataModel.lua	static name match; dynamic dispatch not included
Model.MapDataModel	1390	Table.IsEmpty	Common.Utility.Table	code/Lua/decompiled/Model/MapDataModel.lua	static name match; dynamic dispatch not included
Model.MapDataModel	1391	RewardApi.MergeRewards	Model.UserData.RewardApi	code/Lua/decompiled/Model/MapDataModel.lua	static name match; dynamic dispatch not included
Model.OpenFunctionModel	18	DBTableManager.GetTable	Model.DB.DBTableManager	code/Lua/decompiled/Model/OpenFunctionModel.lua	static name match; dynamic dispatch not included
Model.OpenFunctionModel	19	EventDispatcher.AddListener	Common.Event.EventDispatcher	code/Lua/decompiled/Model/OpenFunctionModel.lua	static name match; dynamic dispatch not included
Model.OpenFunctionModel	25	ConfigModel.GetLocalConfig	Model.ConfigModel	code/Lua/decompiled/Model/OpenFunctionModel.lua	static name match; dynamic dispatch not included
Model.OpenFunctionModel	37	EventDispatcher.RemoveTarget	Common.Event.EventDispatcher	code/Lua/decompiled/Model/OpenFunctionModel.lua	static name match; dynamic dispatch not included
Model.OpenFunctionModel	52	LevelModel.GetCurrentLevel	Model.UserData.LevelModel	code/Lua/decompiled/Model/OpenFunctionModel.lua	static name match; dynamic dispatch not included
Model.OpenFunctionModel	58	TutorialModel.IsTutorialFinished	Model.Tutorial.TutorialModel	code/Lua/decompiled/Model/OpenFunctionModel.lua	static name match; dynamic dispatch not included
Model.OpenFunctionModel	61	TutorialModel.IsTutorialFinished	Model.Tutorial.TutorialModel	code/Lua/decompiled/Model/OpenFunctionModel.lua	static name match; dynamic dispatch not included
Model.OpenFunctionModel	64	TutorialModel.IsTutorialFinished	Model.Tutorial.TutorialModel	code/Lua/decompiled/Model/OpenFunctionModel.lua	static name match; dynamic dispatch not included
Model.OpenFunctionModel	68	MainBoardModel.GetProducerInventoryConfig	Board.Model.Board.MainBoardModel	code/Lua/decompiled/Model/OpenFunctionModel.lua	static name match; dynamic dispatch not included
Model.OpenFunctionModel	74	MiscModel.SetInventoryProducerSize	Model.UserData.MiscModel	code/Lua/decompiled/Model/OpenFunctionModel.lua	static name match; dynamic dispatch not included
Model.OpenFunctionModel	79	EventDispatcher.DispatchEvent	Common.Event.EventDispatcher	code/Lua/decompiled/Model/OpenFunctionModel.lua	static name match; dynamic dispatch not included
Model.OpenFunctionModel	95	StringUtil.Split	Common.Utility.StringUtil	code/Lua/decompiled/Model/OpenFunctionModel.lua	static name match; dynamic dispatch not included
Model.OpenFunctionModel	106	LevelModel.GetCurrentLevel	Model.UserData.LevelModel	code/Lua/decompiled/Model/OpenFunctionModel.lua	static name match; dynamic dispatch not included
Model.OpenFunctionModel	107	MainBoardModel.GetProducerInventoryConfig	Board.Model.Board.MainBoardModel	code/Lua/decompiled/Model/OpenFunctionModel.lua	static name match; dynamic dispatch not included
Model.OpenFunctionModel	124	ConfigModel.IsServerControlOpen	Model.ConfigModel	code/Lua/decompiled/Model/OpenFunctionModel.lua	static name match; dynamic dispatch not included
Model.OpenFunctionModel	130	MainBoardModel.GetOrderModel	Board.Model.Board.MainBoardModel	code/Lua/decompiled/Model/OpenFunctionModel.lua	static name match; dynamic dispatch not included
Model.SceneManager	23	MiscModel.GetTimeSpendingInNumber	Model.UserData.MiscModel	code/Lua/decompiled/Model/SceneManager.lua	static name match; dynamic dispatch not included
Model.SceneManager	24	MiscModel.GetLoginDayInNumber	Model.UserData.MiscModel	code/Lua/decompiled/Model/SceneManager.lua	static name match; dynamic dispatch not included
Model.SceneManager	72	StringUtil.IsNilOrEmpty	Common.Utility.StringUtil	code/Lua/decompiled/Model/SceneManager.lua	static name match; dynamic dispatch not included
Model.SceneManager	73	StringUtil.EndWith	Common.Utility.StringUtil	code/Lua/decompiled/Model/SceneManager.lua	static name match; dynamic dispatch not included
Model.SceneManager	122	EventDispatcher.DispatchEvent	Common.Event.EventDispatcher	code/Lua/decompiled/Model/SceneManager.lua	static name match; dynamic dispatch not included
Model.SceneManager	127	SyncModel.CheckUpload	Model.Sync.SyncModel	code/Lua/decompiled/Model/SceneManager.lua	static name match; dynamic dispatch not included
Model.SceneManager	129	ItemChangeHelper.UpDateChangeStateOnEnd	Board.Model.ItemChangeHelper	code/Lua/decompiled/Model/SceneManager.lua	static name match; dynamic dispatch not included
Model.SceneManager	158	GameModel.GetServerDay	Model.GameModel	code/Lua/decompiled/Model/SceneManager.lua	static name match; dynamic dispatch not included
Model.SceneManager	161	MiscModel.SetLoginDay	Model.UserData.MiscModel	code/Lua/decompiled/Model/SceneManager.lua	static name match; dynamic dispatch not included
Model.SceneManager	166	MiscModel.SetTimeSpending	Model.UserData.MiscModel	code/Lua/decompiled/Model/SceneManager.lua	static name match; dynamic dispatch not included
Model.SystemConfigModel	66	ItemModelFactory.GetCodeAndWeightPairs	Board.Model.ItemModelFactory	code/Lua/decompiled/Model/SystemConfigModel.lua	static name match; dynamic dispatch not included
Model.SystemConfigModel	68	ItemModelFactory.GetCodeAndWeightPairs	Board.Model.ItemModelFactory	code/Lua/decompiled/Model/SystemConfigModel.lua	static name match; dynamic dispatch not included
Model.SystemConfigModel	71	ItemModelFactory.GetCodeAndWeightPairs	Board.Model.ItemModelFactory	code/Lua/decompiled/Model/SystemConfigModel.lua	static name match; dynamic dispatch not included
Model.SystemConfigModel	84	ConfigModel.ParseGeneralConf	Model.ConfigModel	code/Lua/decompiled/Model/SystemConfigModel.lua	static name match; dynamic dispatch not included
Model.SystemConfigModel	86	ItemModelFactory.GetCodeAndWeightPairs	Board.Model.ItemModelFactory	code/Lua/decompiled/Model/SystemConfigModel.lua	static name match; dynamic dispatch not included
Model.SystemConfigModel	86	StringUtil.Split	Common.Utility.StringUtil	code/Lua/decompiled/Model/SystemConfigModel.lua	static name match; dynamic dispatch not included
Model.SystemConfigModel	88	ConfigModel.ParseGeneralConf	Model.ConfigModel	code/Lua/decompiled/Model/SystemConfigModel.lua	static name match; dynamic dispatch not included
Model.SystemConfigModel	92	ConfigModel.ParseGeneralConf	Model.ConfigModel	code/Lua/decompiled/Model/SystemConfigModel.lua	static name match; dynamic dispatch not included
Model.SystemConfigModel	96	ConfigModel.ParseGeneralConf	Model.ConfigModel	code/Lua/decompiled/Model/SystemConfigModel.lua	static name match; dynamic dispatch not included
Model.SystemConfigModel	100	ConfigModel.ParseGeneralConf	Model.ConfigModel	code/Lua/decompiled/Model/SystemConfigModel.lua	static name match; dynamic dispatch not included
Model.SystemConfigModel	104	ConfigModel.ParseGeneralConf	Model.ConfigModel	code/Lua/decompiled/Model/SystemConfigModel.lua	static name match; dynamic dispatch not included
TempItemActivity.TempItemModel	21	BaseActivityModel.Init	Model.Activity.BaseActivityModel	code/Lua/decompiled/TempItemActivity/TempItemModel.lua	static name match; dynamic dispatch not included
TempItemActivity.TempItemModel	22	EventDispatcher.AddListener	Common.Event.EventDispatcher	code/Lua/decompiled/TempItemActivity/TempItemModel.lua	static name match; dynamic dispatch not included
TempItemActivity.TempItemModel	23	EventDispatcher.AddListener	Common.Event.EventDispatcher	code/Lua/decompiled/TempItemActivity/TempItemModel.lua	static name match; dynamic dispatch not included
TempItemActivity.TempItemModel	58	BaseActivityModel._OnStateChanged	Model.Activity.BaseActivityModel	code/Lua/decompiled/TempItemActivity/TempItemModel.lua	static name match; dynamic dispatch not included
TempItemActivity.TempItemModel	60	EventDispatcher.DispatchEvent	Common.Event.EventDispatcher	code/Lua/decompiled/TempItemActivity/TempItemModel.lua	static name match; dynamic dispatch not included
TempItemActivity.TempItemModel	71	MainBoardModel.FilterItemsWithType	Board.Model.Board.MainBoardModel	code/Lua/decompiled/TempItemActivity/TempItemModel.lua	static name match; dynamic dispatch not included
TempItemActivity.TempItemModel	92	BaseActivityModel._DropData	Model.Activity.BaseActivityModel	code/Lua/decompiled/TempItemActivity/TempItemModel.lua	static name match; dynamic dispatch not included
TempItemActivity.TempItemModel	115	SceneManager.GetGameMode	Model.SceneManager	code/Lua/decompiled/TempItemActivity/TempItemModel.lua	static name match; dynamic dispatch not included
TempItemActivity.TempItemModel	115	ItemDataModel.GetItemRewardIndex	Board.Model.ItemDataModel	code/Lua/decompiled/TempItemActivity/TempItemModel.lua	static name match; dynamic dispatch not included
TempItemActivity.TempItemModel	115	MainBoardModel.IsBoardFull	Board.Model.Board.MainBoardModel	code/Lua/decompiled/TempItemActivity/TempItemModel.lua	static name match; dynamic dispatch not included
TempItemActivity.TempItemModel	136	GameModel.GetServerTime	Model.GameModel	code/Lua/decompiled/TempItemActivity/TempItemModel.lua	static name match; dynamic dispatch not included
TempItemActivity.TempItemModel	142	MainBoardModel.FilterItemsWithType	Board.Model.Board.MainBoardModel	code/Lua/decompiled/TempItemActivity/TempItemModel.lua	static name match; dynamic dispatch not included
TempItemActivity.TempItemModel	157	ItemDataModel.GetItemRewardIndex	Board.Model.ItemDataModel	code/Lua/decompiled/TempItemActivity/TempItemModel.lua	static name match; dynamic dispatch not included
TempItemActivity.TempItemModel	171	GameModel.GetServerTime	Model.GameModel	code/Lua/decompiled/TempItemActivity/TempItemModel.lua	static name match; dynamic dispatch not included
TempItemActivity.TempItemModel	173	ItemUtility.GetChainIdByCode	Board.Model.ItemUtility	code/Lua/decompiled/TempItemActivity/TempItemModel.lua	static name match; dynamic dispatch not included
TempItemActivity.TempItemModel	181	MainBoardModel.FilterItemsWithType	Board.Model.Board.MainBoardModel	code/Lua/decompiled/TempItemActivity/TempItemModel.lua	static name match; dynamic dispatch not included
TempItemActivity.TempItemModel	192	ItemDataModel.GetItemRewardIndex	Board.Model.ItemDataModel	code/Lua/decompiled/TempItemActivity/TempItemModel.lua	static name match; dynamic dispatch not included
TempItemActivity.TempItemModel	193	ItemDataModel.GetChainId	Board.Model.ItemDataModel	code/Lua/decompiled/TempItemActivity/TempItemModel.lua	static name match; dynamic dispatch not included
TempItemActivity.TempItemModel	194	ItemDataModel.GetChainLevel	Board.Model.ItemDataModel	code/Lua/decompiled/TempItemActivity/TempItemModel.lua	static name match; dynamic dispatch not included
TempItemActivity.TempItemModel	195	ItemDataModel.GetChainMaxLevel	Board.Model.ItemDataModel	code/Lua/decompiled/TempItemActivity/TempItemModel.lua	static name match; dynamic dispatch not included
TempItemActivity.TempItemModel	196	ItemDataModel.GetChainMaxLevel	Board.Model.ItemDataModel	code/Lua/decompiled/TempItemActivity/TempItemModel.lua	static name match; dynamic dispatch not included
TempItemActivity.TempItemModel	205	ItemUtility.GetItemCode	Board.Model.ItemUtility	code/Lua/decompiled/TempItemActivity/TempItemModel.lua	static name match; dynamic dispatch not included
TempItemActivity.TempItemModel	206	MainBoardModel.GetItemScoreByUnlockGen	Board.Model.Board.MainBoardModel	code/Lua/decompiled/TempItemActivity/TempItemModel.lua	static name match; dynamic dispatch not included
TempItemActivity.TempItemModel	225	ItemUtility.GetItemCode	Board.Model.ItemUtility	code/Lua/decompiled/TempItemActivity/TempItemModel.lua	static name match; dynamic dispatch not included
TempItemActivity.TempItemModel	230	EnergyModel.GetEnergy	Model.UserData.EnergyModel	code/Lua/decompiled/TempItemActivity/TempItemModel.lua	static name match; dynamic dispatch not included
TempItemActivity.TempItemModel	240	MainBoardModel.GetOrders	Board.Model.Board.MainBoardModel	code/Lua/decompiled/TempItemActivity/TempItemModel.lua	static name match; dynamic dispatch not included
TempItemActivity.TempItemModel	241	MainBoardModel.GetAllItemsCodeMap	Board.Model.Board.MainBoardModel	code/Lua/decompiled/TempItemActivity/TempItemModel.lua	static name match; dynamic dispatch not included
TempItemActivity.TempItemModel	248	ItemDataModel.GetChainId	Board.Model.ItemDataModel	code/Lua/decompiled/TempItemActivity/TempItemModel.lua	static name match; dynamic dispatch not included
TempItemActivity.TempItemModel	249	ItemDataModel.GetChainLevel	Board.Model.ItemDataModel	code/Lua/decompiled/TempItemActivity/TempItemModel.lua	static name match; dynamic dispatch not included
TempItemActivity.TempItemModel	250	ItemUtility.GetItemCode	Board.Model.ItemUtility	code/Lua/decompiled/TempItemActivity/TempItemModel.lua	static name match; dynamic dispatch not included
TempItemActivity.TempItemModel	253	ItemUtility.GetItemCode	Board.Model.ItemUtility	code/Lua/decompiled/TempItemActivity/TempItemModel.lua	static name match; dynamic dispatch not included
TempItemActivity.TempItemModel	257	ItemUtility.GetItemCode	Board.Model.ItemUtility	code/Lua/decompiled/TempItemActivity/TempItemModel.lua	static name match; dynamic dispatch not included
TempItemActivity.TempItemModel	258	MainBoardModel.GetItemLayerCount	Board.Model.Board.MainBoardModel	code/Lua/decompiled/TempItemActivity/TempItemModel.lua	static name match; dynamic dispatch not included
TempItemActivity.TempItemModel	258	MainBoardModel.GetStoredItemCountByCode	Board.Model.Board.MainBoardModel	code/Lua/decompiled/TempItemActivity/TempItemModel.lua	static name match; dynamic dispatch not included
TempItemActivity.TempItemModel	273	MainBoardModel.GetOrders	Board.Model.Board.MainBoardModel	code/Lua/decompiled/TempItemActivity/TempItemModel.lua	static name match; dynamic dispatch not included
TempItemActivity.TempItemModel	280	MainBoardModel.GetItemScoreByUnlockGen	Board.Model.Board.MainBoardModel	code/Lua/decompiled/TempItemActivity/TempItemModel.lua	static name match; dynamic dispatch not included
TempItemActivity.TempItemModel	282	ItemDataModel.GetChainId	Board.Model.ItemDataModel	code/Lua/decompiled/TempItemActivity/TempItemModel.lua	static name match; dynamic dispatch not included
TempItemActivity.TempItemModel	283	ItemDataModel.GetChainLevel	Board.Model.ItemDataModel	code/Lua/decompiled/TempItemActivity/TempItemModel.lua	static name match; dynamic dispatch not included
TempItemActivity.TempItemModel	301	ItemDataModel.GetItemRewardIndex	Board.Model.ItemDataModel	code/Lua/decompiled/TempItemActivity/TempItemModel.lua	static name match; dynamic dispatch not included
TempItemActivity.TempItemModel	302	ItemDataModel.GetChainId	Board.Model.ItemDataModel	code/Lua/decompiled/TempItemActivity/TempItemModel.lua	static name match; dynamic dispatch not included
TempItemActivity.TempItemModel	303	ItemDataModel.GetChainLevel	Board.Model.ItemDataModel	code/Lua/decompiled/TempItemActivity/TempItemModel.lua	static name match; dynamic dispatch not included
TempItemActivity.TempItemModel	304	ItemDataModel.GetChainMaxLevel	Board.Model.ItemDataModel	code/Lua/decompiled/TempItemActivity/TempItemModel.lua	static name match; dynamic dispatch not included
TempItemActivity.TempItemModel	334	ItemUtility.GetItemCode	Board.Model.ItemUtility	code/Lua/decompiled/TempItemActivity/TempItemModel.lua	static name match; dynamic dispatch not included
TempItemActivity.TempItemModel	335	MainBoardModel.GetItemLayerCount	Board.Model.Board.MainBoardModel	code/Lua/decompiled/TempItemActivity/TempItemModel.lua	static name match; dynamic dispatch not included
TempItemActivity.TempItemModel	335	MainBoardModel.GetStoredItemCountByCode	Board.Model.Board.MainBoardModel	code/Lua/decompiled/TempItemActivity/TempItemModel.lua	static name match; dynamic dispatch not included
TempItemActivity.TempItemModel	346	ItemUtility.GetItemCode	Board.Model.ItemUtility	code/Lua/decompiled/TempItemActivity/TempItemModel.lua	static name match; dynamic dispatch not included
TempItemActivity.TempItemModel	347	MainBoardModel.GetItemLayerCount	Board.Model.Board.MainBoardModel	code/Lua/decompiled/TempItemActivity/TempItemModel.lua	static name match; dynamic dispatch not included
TempItemActivity.TempItemModel	347	MainBoardModel.GetStoredItemCountByCode	Board.Model.Board.MainBoardModel	code/Lua/decompiled/TempItemActivity/TempItemModel.lua	static name match; dynamic dispatch not included
TempItemActivity.TempItemModel	362	ItemUtility.GetItemCode	Board.Model.ItemUtility	code/Lua/decompiled/TempItemActivity/TempItemModel.lua	static name match; dynamic dispatch not included
TempItemActivity.TempItemModel	378	GameModel.GetServerTime	Model.GameModel	code/Lua/decompiled/TempItemActivity/TempItemModel.lua	static name match; dynamic dispatch not included
TempItemActivity.TempItemModel	385	Table.IsEmpty	Common.Utility.Table	code/Lua/decompiled/TempItemActivity/TempItemModel.lua	static name match; dynamic dispatch not included
TempItemActivity.TempItemModel	398	GameModel.GetServerTime	Model.GameModel	code/Lua/decompiled/TempItemActivity/TempItemModel.lua	static name match; dynamic dispatch not included
TempItemActivity.TempItemModel	401	ItemDataModel.GetItemRewardIndex	Board.Model.ItemDataModel	code/Lua/decompiled/TempItemActivity/TempItemModel.lua	static name match; dynamic dispatch not included
TempItemActivity.TempItemModel	402	ItemDataModel.GetChainLevel	Board.Model.ItemDataModel	code/Lua/decompiled/TempItemActivity/TempItemModel.lua	static name match; dynamic dispatch not included
BalloonRewardItem.Model.BalloonRewardModel	6	DBTableManager.GetTable	Model.DB.DBTableManager	code/Lua/decompiled/BalloonRewardItem/Model/BalloonRewardModel.lua	static name match; dynamic dispatch not included
BalloonRewardItem.Model.BalloonRewardModel	7	DBIdGenerator.Create	Model.DB.DBIdGenerator	code/Lua/decompiled/BalloonRewardItem/Model/BalloonRewardModel.lua	static name match; dynamic dispatch not included
BalloonRewardItem.Model.BalloonRewardModel	11	ConfigModel.GetLocalConfig	Model.ConfigModel	code/Lua/decompiled/BalloonRewardItem/Model/BalloonRewardModel.lua	static name match; dynamic dispatch not included
BalloonRewardItem.Model.BalloonRewardModel	97	Table.IsEmpty	Common.Utility.Table	code/Lua/decompiled/BalloonRewardItem/Model/BalloonRewardModel.lua	static name match; dynamic dispatch not included
BalloonRewardItem.Model.BalloonRewardModel	123	ConfigModel.IsServerControlOpen	Model.ConfigModel	code/Lua/decompiled/BalloonRewardItem/Model/BalloonRewardModel.lua	static name match; dynamic dispatch not included
BalloonRewardItem.Model.BalloonRewardModel	129	ItemDataModel.GetChainId	Board.Model.ItemDataModel	code/Lua/decompiled/BalloonRewardItem/Model/BalloonRewardModel.lua	static name match; dynamic dispatch not included
BalloonRewardItem.Model.BalloonRewardModel	142	ItemDataModel.GetChainId	Board.Model.ItemDataModel	code/Lua/decompiled/BalloonRewardItem/Model/BalloonRewardModel.lua	static name match; dynamic dispatch not included
BalloonRewardItem.Model.BalloonRewardModel	149	ItemDataModel.GetItemUnlockGenerator	Board.Model.ItemDataModel	code/Lua/decompiled/BalloonRewardItem/Model/BalloonRewardModel.lua	static name match; dynamic dispatch not included
BalloonRewardItem.Model.BalloonRewardModel	153	ItemDataModel.GetChainLevel	Board.Model.ItemDataModel	code/Lua/decompiled/BalloonRewardItem/Model/BalloonRewardModel.lua	static name match; dynamic dispatch not included
BalloonRewardItem.Model.BalloonRewardModel	157	ItemDataModel.GetChainId	Board.Model.ItemDataModel	code/Lua/decompiled/BalloonRewardItem/Model/BalloonRewardModel.lua	static name match; dynamic dispatch not included
BalloonRewardItem.Model.BalloonRewardModel	168	MainBoardModel.GetOrderModel	Board.Model.Board.MainBoardModel	code/Lua/decompiled/BalloonRewardItem/Model/BalloonRewardModel.lua	static name match; dynamic dispatch not included
BalloonRewardItem.Model.BalloonRewardModel	169	ItemDataModel.GetUnlockedMainGenerator	Board.Model.ItemDataModel	code/Lua/decompiled/BalloonRewardItem/Model/BalloonRewardModel.lua	static name match; dynamic dispatch not included
BalloonRewardItem.Model.BalloonRewardModel	173	MainBoardModel.GetOrderModel	Board.Model.Board.MainBoardModel	code/Lua/decompiled/BalloonRewardItem/Model/BalloonRewardModel.lua	static name match; dynamic dispatch not included
BalloonRewardItem.Model.BalloonRewardModel	175	ItemDataModel.GetChainId	Board.Model.ItemDataModel	code/Lua/decompiled/BalloonRewardItem/Model/BalloonRewardModel.lua	static name match; dynamic dispatch not included
BalloonRewardItem.Model.BalloonRewardModel	176	Table.IsEmpty	Common.Utility.Table	code/Lua/decompiled/BalloonRewardItem/Model/BalloonRewardModel.lua	static name match; dynamic dispatch not included
BalloonRewardItem.Model.BalloonRewardModel	190	ItemUtility.GetAdaptiveToolType	Board.Model.ItemUtility	code/Lua/decompiled/BalloonRewardItem/Model/BalloonRewardModel.lua	static name match; dynamic dispatch not included
BalloonRewardItem.Model.BalloonRewardModel	196	MainBoardModel.GetItemScoreByUnlockGen	Board.Model.Board.MainBoardModel	code/Lua/decompiled/BalloonRewardItem/Model/BalloonRewardModel.lua	static name match; dynamic dispatch not included
BalloonRewardItem.Model.BalloonRewardModel	203	ItemUtility.GetItemCode	Board.Model.ItemUtility	code/Lua/decompiled/BalloonRewardItem/Model/BalloonRewardModel.lua	static name match; dynamic dispatch not included
BalloonRewardItem.Model.BalloonRewardModel	204	MainBoardModel.GetOrderModel	Board.Model.Board.MainBoardModel	code/Lua/decompiled/BalloonRewardItem/Model/BalloonRewardModel.lua	static name match; dynamic dispatch not included
BalloonRewardItem.Model.BalloonRewardModel	207	MainBoardModel.GetOrderModel	Board.Model.Board.MainBoardModel	code/Lua/decompiled/BalloonRewardItem/Model/BalloonRewardModel.lua	static name match; dynamic dispatch not included
BalloonRewardItem.Model.BalloonRewardModel	210	ItemUtility.GetItemCode	Board.Model.ItemUtility	code/Lua/decompiled/BalloonRewardItem/Model/BalloonRewardModel.lua	static name match; dynamic dispatch not included
BalloonRewardItem.Model.BalloonRewardModel	214	ItemUtility.GetItemCode	Board.Model.ItemUtility	code/Lua/decompiled/BalloonRewardItem/Model/BalloonRewardModel.lua	static name match; dynamic dispatch not included
BalloonRewardItem.Model.BalloonRewardModel	226	ItemDataModel.GetItemUnlockGenerator	Board.Model.ItemDataModel	code/Lua/decompiled/BalloonRewardItem/Model/BalloonRewardModel.lua	static name match; dynamic dispatch not included
BalloonRewardItem.Model.BalloonRewardModel	227	ItemDataModel.GetModelConfig	Board.Model.ItemDataModel	code/Lua/decompiled/BalloonRewardItem/Model/BalloonRewardModel.lua	static name match; dynamic dispatch not included
BalloonRewardItem.Model.BalloonRewardModel	227	ItemDataModel.GetChainId	Board.Model.ItemDataModel	code/Lua/decompiled/BalloonRewardItem/Model/BalloonRewardModel.lua	static name match; dynamic dispatch not included
BalloonRewardItem.Model.BalloonRewardModel	230	ItemDataModel.GetItemRewardIndex	Board.Model.ItemDataModel	code/Lua/decompiled/BalloonRewardItem/Model/BalloonRewardModel.lua	static name match; dynamic dispatch not included
BalloonRewardItem.Model.BalloonRewardModel	243	MainBoardModel.GetOrders	Board.Model.Board.MainBoardModel	code/Lua/decompiled/BalloonRewardItem/Model/BalloonRewardModel.lua	static name match; dynamic dispatch not included
BalloonRewardItem.Model.BalloonRewardModel	245	MainBoardModel.GetOrders	Board.Model.Board.MainBoardModel	code/Lua/decompiled/BalloonRewardItem/Model/BalloonRewardModel.lua	static name match; dynamic dispatch not included
BalloonRewardItem.Model.BalloonRewardModel	247	Table.ListAppend	Common.Utility.Table	code/Lua/decompiled/BalloonRewardItem/Model/BalloonRewardModel.lua	static name match; dynamic dispatch not included
BalloonRewardItem.Model.BalloonRewardModel	247	MainBoardModel.GetOrders	Board.Model.Board.MainBoardModel	code/Lua/decompiled/BalloonRewardItem/Model/BalloonRewardModel.lua	static name match; dynamic dispatch not included
BalloonRewardItem.Model.BalloonRewardModel	251	ActivityManager.GetOngoingOrders	Model.Activity.ActivityManager	code/Lua/decompiled/BalloonRewardItem/Model/BalloonRewardModel.lua	static name match; dynamic dispatch not included
BalloonRewardItem.Model.BalloonRewardModel	252	Table.IsEmpty	Common.Utility.Table	code/Lua/decompiled/BalloonRewardItem/Model/BalloonRewardModel.lua	static name match; dynamic dispatch not included
BalloonRewardItem.Model.BalloonRewardModel	261	MainBoardModel.GetItemManager	Board.Model.Board.MainBoardModel	code/Lua/decompiled/BalloonRewardItem/Model/BalloonRewardModel.lua	static name match; dynamic dispatch not included
BalloonRewardItem.Model.BalloonRewardModel	264	ActivityManager.GetModel	Model.Activity.ActivityManager	code/Lua/decompiled/BalloonRewardItem/Model/BalloonRewardModel.lua	static name match; dynamic dispatch not included
BalloonRewardItem.Model.BalloonRewardModel	274	MainBoardModel.GetItemScoreByUnlockGen	Board.Model.Board.MainBoardModel	code/Lua/decompiled/BalloonRewardItem/Model/BalloonRewardModel.lua	static name match; dynamic dispatch not included
BalloonRewardItem.Model.BalloonRewardModel	275	ItemDataModel.GetChainId	Board.Model.ItemDataModel	code/Lua/decompiled/BalloonRewardItem/Model/BalloonRewardModel.lua	static name match; dynamic dispatch not included
BalloonRewardItem.Model.BalloonRewardModel	276	ItemDataModel.GetChainLevel	Board.Model.ItemDataModel	code/Lua/decompiled/BalloonRewardItem/Model/BalloonRewardModel.lua	static name match; dynamic dispatch not included
BalloonRewardItem.Model.BalloonRewardModel	279	ItemDataModel.GetChainId	Board.Model.ItemDataModel	code/Lua/decompiled/BalloonRewardItem/Model/BalloonRewardModel.lua	static name match; dynamic dispatch not included
BalloonRewardItem.Model.BalloonRewardModel	279	ItemDataModel.GetChainLevel	Board.Model.ItemDataModel	code/Lua/decompiled/BalloonRewardItem/Model/BalloonRewardModel.lua	static name match; dynamic dispatch not included
BalloonRewardItem.Model.BalloonRewardModel	280	MainBoardModel.GetItemScoreByUnlockGen	Board.Model.Board.MainBoardModel	code/Lua/decompiled/BalloonRewardItem/Model/BalloonRewardModel.lua	static name match; dynamic dispatch not included
BalloonRewardItem.Model.BalloonRewardModel	296	PropertyDataManager.GetPropItem	Model.UserData.PropertyDataManager	code/Lua/decompiled/BalloonRewardItem/Model/BalloonRewardModel.lua	static name match; dynamic dispatch not included
BalloonRewardItem.Model.BalloonRewardModel	299	StringUtil.Split	Common.Utility.StringUtil	code/Lua/decompiled/BalloonRewardItem/Model/BalloonRewardModel.lua	static name match; dynamic dispatch not included
BalloonRewardItem.Model.BalloonRewardModel	311	MainBoardModel.GetOrders	Board.Model.Board.MainBoardModel	code/Lua/decompiled/BalloonRewardItem/Model/BalloonRewardModel.lua	static name match; dynamic dispatch not included
BalloonRewardItem.Model.BalloonRewardModel	312	Table.ListAppend	Common.Utility.Table	code/Lua/decompiled/BalloonRewardItem/Model/BalloonRewardModel.lua	static name match; dynamic dispatch not included
BalloonRewardItem.Model.BalloonRewardModel	312	MainBoardModel.GetOrders	Board.Model.Board.MainBoardModel	code/Lua/decompiled/BalloonRewardItem/Model/BalloonRewardModel.lua	static name match; dynamic dispatch not included
BalloonRewardItem.Model.BalloonRewardModel	313	MainBoardModel.GetOrderModel	Board.Model.Board.MainBoardModel	code/Lua/decompiled/BalloonRewardItem/Model/BalloonRewardModel.lua	static name match; dynamic dispatch not included
BalloonRewardItem.Model.BalloonRewardModel	314	MainBoardModel.GetItemManager	Board.Model.Board.MainBoardModel	code/Lua/decompiled/BalloonRewardItem/Model/BalloonRewardModel.lua	static name match; dynamic dispatch not included
BalloonRewardItem.Model.BalloonRewardModel	320	MainBoardModel.GetItemScoreByUnlockGen	Board.Model.Board.MainBoardModel	code/Lua/decompiled/BalloonRewardItem/Model/BalloonRewardModel.lua	static name match; dynamic dispatch not included
BalloonRewardItem.Model.BalloonRewardModel	321	ItemDataModel.GetChainId	Board.Model.ItemDataModel	code/Lua/decompiled/BalloonRewardItem/Model/BalloonRewardModel.lua	static name match; dynamic dispatch not included
BalloonRewardItem.Model.BalloonRewardModel	322	ItemDataModel.GetChainLevel	Board.Model.ItemDataModel	code/Lua/decompiled/BalloonRewardItem/Model/BalloonRewardModel.lua	static name match; dynamic dispatch not included
BalloonRewardItem.Model.BalloonRewardModel	325	ItemDataModel.GetChainId	Board.Model.ItemDataModel	code/Lua/decompiled/BalloonRewardItem/Model/BalloonRewardModel.lua	static name match; dynamic dispatch not included
BalloonRewardItem.Model.BalloonRewardModel	325	ItemDataModel.GetChainLevel	Board.Model.ItemDataModel	code/Lua/decompiled/BalloonRewardItem/Model/BalloonRewardModel.lua	static name match; dynamic dispatch not included
BalloonRewardItem.Model.BalloonRewardModel	326	MainBoardModel.GetItemScoreByUnlockGen	Board.Model.Board.MainBoardModel	code/Lua/decompiled/BalloonRewardItem/Model/BalloonRewardModel.lua	static name match; dynamic dispatch not included
BalloonRewardItem.Model.BalloonRewardModel	358	MainBoardModel.GetOrders	Board.Model.Board.MainBoardModel	code/Lua/decompiled/BalloonRewardItem/Model/BalloonRewardModel.lua	static name match; dynamic dispatch not included
BalloonRewardItem.Model.BalloonRewardModel	359	MainBoardModel.GetItemManager	Board.Model.Board.MainBoardModel	code/Lua/decompiled/BalloonRewardItem/Model/BalloonRewardModel.lua	static name match; dynamic dispatch not included
BalloonRewardItem.Model.BalloonRewardModel	365	MainBoardModel.GetItemScoreByUnlockGen	Board.Model.Board.MainBoardModel	code/Lua/decompiled/BalloonRewardItem/Model/BalloonRewardModel.lua	static name match; dynamic dispatch not included
BalloonRewardItem.Model.BalloonRewardModel	366	ItemDataModel.GetChainId	Board.Model.ItemDataModel	code/Lua/decompiled/BalloonRewardItem/Model/BalloonRewardModel.lua	static name match; dynamic dispatch not included
BalloonRewardItem.Model.BalloonRewardModel	367	ItemDataModel.GetChainLevel	Board.Model.ItemDataModel	code/Lua/decompiled/BalloonRewardItem/Model/BalloonRewardModel.lua	static name match; dynamic dispatch not included
BalloonRewardItem.Model.BalloonRewardModel	370	ItemDataModel.GetChainId	Board.Model.ItemDataModel	code/Lua/decompiled/BalloonRewardItem/Model/BalloonRewardModel.lua	static name match; dynamic dispatch not included
BalloonRewardItem.Model.BalloonRewardModel	370	ItemDataModel.GetChainLevel	Board.Model.ItemDataModel	code/Lua/decompiled/BalloonRewardItem/Model/BalloonRewardModel.lua	static name match; dynamic dispatch not included
BalloonRewardItem.Model.BalloonRewardModel	371	MainBoardModel.GetItemScoreByUnlockGen	Board.Model.Board.MainBoardModel	code/Lua/decompiled/BalloonRewardItem/Model/BalloonRewardModel.lua	static name match; dynamic dispatch not included
BalloonRewardItem.Model.BalloonRewardModel	408	MainBoardModel.GetOrders	Board.Model.Board.MainBoardModel	code/Lua/decompiled/BalloonRewardItem/Model/BalloonRewardModel.lua	static name match; dynamic dispatch not included
BalloonRewardItem.Model.BalloonRewardModel	409	Table.ListAppend	Common.Utility.Table	code/Lua/decompiled/BalloonRewardItem/Model/BalloonRewardModel.lua	static name match; dynamic dispatch not included
BalloonRewardItem.Model.BalloonRewardModel	409	MainBoardModel.GetOrders	Board.Model.Board.MainBoardModel	code/Lua/decompiled/BalloonRewardItem/Model/BalloonRewardModel.lua	static name match; dynamic dispatch not included
BalloonRewardItem.Model.BalloonRewardModel	410	MainBoardModel.GetItemManager	Board.Model.Board.MainBoardModel	code/Lua/decompiled/BalloonRewardItem/Model/BalloonRewardModel.lua	static name match; dynamic dispatch not included
BalloonRewardItem.Model.BalloonRewardModel	416	MainBoardModel.GetItemScoreByUnlockGen	Board.Model.Board.MainBoardModel	code/Lua/decompiled/BalloonRewardItem/Model/BalloonRewardModel.lua	static name match; dynamic dispatch not included
BalloonRewardItem.Model.BalloonRewardModel	417	ItemDataModel.GetChainId	Board.Model.ItemDataModel	code/Lua/decompiled/BalloonRewardItem/Model/BalloonRewardModel.lua	static name match; dynamic dispatch not included
BalloonRewardItem.Model.BalloonRewardModel	418	ItemDataModel.GetChainLevel	Board.Model.ItemDataModel	code/Lua/decompiled/BalloonRewardItem/Model/BalloonRewardModel.lua	static name match; dynamic dispatch not included
BalloonRewardItem.Model.BalloonRewardModel	421	ItemDataModel.GetChainId	Board.Model.ItemDataModel	code/Lua/decompiled/BalloonRewardItem/Model/BalloonRewardModel.lua	static name match; dynamic dispatch not included
BalloonRewardItem.Model.BalloonRewardModel	421	ItemDataModel.GetChainLevel	Board.Model.ItemDataModel	code/Lua/decompiled/BalloonRewardItem/Model/BalloonRewardModel.lua	static name match; dynamic dispatch not included
BalloonRewardItem.Model.BalloonRewardModel	422	MainBoardModel.GetItemScoreByUnlockGen	Board.Model.Board.MainBoardModel	code/Lua/decompiled/BalloonRewardItem/Model/BalloonRewardModel.lua	static name match; dynamic dispatch not included
BalloonRewardItem.Model.BalloonRewardModel	452	ItemDataModel.GetItemUnlockGenerator	Board.Model.ItemDataModel	code/Lua/decompiled/BalloonRewardItem/Model/BalloonRewardModel.lua	static name match; dynamic dispatch not included
BalloonRewardItem.Model.BalloonRewardModel	453	ItemDataModel.GetModelConfig	Board.Model.ItemDataModel	code/Lua/decompiled/BalloonRewardItem/Model/BalloonRewardModel.lua	static name match; dynamic dispatch not included
BalloonRewardItem.Model.BalloonRewardModel	453	ItemDataModel.GetChainId	Board.Model.ItemDataModel	code/Lua/decompiled/BalloonRewardItem/Model/BalloonRewardModel.lua	static name match; dynamic dispatch not included
BalloonRewardItem.Model.BalloonRewardModel	457	ItemDataModel.GetItemRewardIndex	Board.Model.ItemDataModel	code/Lua/decompiled/BalloonRewardItem/Model/BalloonRewardModel.lua	static name match; dynamic dispatch not included
BalloonRewardItem.Model.BalloonRewardModel	470	ItemDataModel.GetItemUnlockGenerator	Board.Model.ItemDataModel	code/Lua/decompiled/BalloonRewardItem/Model/BalloonRewardModel.lua	static name match; dynamic dispatch not included
BalloonRewardItem.Model.BalloonRewardModel	474	ItemDataModel.GetChainLevel	Board.Model.ItemDataModel	code/Lua/decompiled/BalloonRewardItem/Model/BalloonRewardModel.lua	static name match; dynamic dispatch not included
BalloonRewardItem.Model.BalloonRewardModel	478	ItemDataModel.GetChainId	Board.Model.ItemDataModel	code/Lua/decompiled/BalloonRewardItem/Model/BalloonRewardModel.lua	static name match; dynamic dispatch not included
BalloonRewardItem.Model.BalloonRewardModel	491	Table.IsEmpty	Common.Utility.Table	code/Lua/decompiled/BalloonRewardItem/Model/BalloonRewardModel.lua	static name match; dynamic dispatch not included
Board.Model.BoardModelHelper	20	SceneManager.GetGameMode	Model.SceneManager	code/Lua/decompiled/Board/Model/BoardModelHelper.lua	static name match; dynamic dispatch not included
Board.Model.BoardModelHelper	59	ActivityManager.GetModel	Model.Activity.ActivityManager	code/Lua/decompiled/Board/Model/BoardModelHelper.lua	static name match; dynamic dispatch not included
Board.Model.ItemBoxSimilarUtility	4	BoxItemModel.IsBoxItem	BoxItem.Model.BoxItemModel	code/Lua/decompiled/Board/Model/ItemBoxSimilarUtility.lua	static name match; dynamic dispatch not included
Board.Model.ItemBoxSimilarUtility	4	WheelItemModel.IsWheelItem	WheelItem.Model.WheelItemModel	code/Lua/decompiled/Board/Model/ItemBoxSimilarUtility.lua	static name match; dynamic dispatch not included
Board.Model.ItemBoxSimilarUtility	8	BoxItemModel.IsBoxItem	BoxItem.Model.BoxItemModel	code/Lua/decompiled/Board/Model/ItemBoxSimilarUtility.lua	static name match; dynamic dispatch not included
Board.Model.ItemBoxSimilarUtility	9	BoxItemModel.GetBoxItemIcon	BoxItem.Model.BoxItemModel	code/Lua/decompiled/Board/Model/ItemBoxSimilarUtility.lua	static name match; dynamic dispatch not included
Board.Model.ItemBoxSimilarUtility	10	WheelItemModel.IsWheelItem	WheelItem.Model.WheelItemModel	code/Lua/decompiled/Board/Model/ItemBoxSimilarUtility.lua	static name match; dynamic dispatch not included
Board.Model.ItemBoxSimilarUtility	11	WheelItemModel.GetWheelItemIcon	WheelItem.Model.WheelItemModel	code/Lua/decompiled/Board/Model/ItemBoxSimilarUtility.lua	static name match; dynamic dispatch not included
Board.Model.ItemBoxSimilarUtility	16	BoxItemModel.IsBoxItem	BoxItem.Model.BoxItemModel	code/Lua/decompiled/Board/Model/ItemBoxSimilarUtility.lua	static name match; dynamic dispatch not included
Board.Model.ItemBoxSimilarUtility	17	BoxItemModel.AcquireBoxItemRewards	BoxItem.Model.BoxItemModel	code/Lua/decompiled/Board/Model/ItemBoxSimilarUtility.lua	static name match; dynamic dispatch not included
Board.Model.ItemBoxSimilarUtility	18	WheelItemModel.IsWheelItem	WheelItem.Model.WheelItemModel	code/Lua/decompiled/Board/Model/ItemBoxSimilarUtility.lua	static name match; dynamic dispatch not included
Board.Model.ItemBoxSimilarUtility	19	WheelItemModel.AcquireWheelItemRewards	WheelItem.Model.WheelItemModel	code/Lua/decompiled/Board/Model/ItemBoxSimilarUtility.lua	static name match; dynamic dispatch not included
Board.Model.ItemBoxSimilarUtility	24	BoxItemModel.IsBoxItem	BoxItem.Model.BoxItemModel	code/Lua/decompiled/Board/Model/ItemBoxSimilarUtility.lua	static name match; dynamic dispatch not included
Board.Model.ItemBoxSimilarUtility	25	BoxItemModel.GetBoxItemDetailWindow	BoxItem.Model.BoxItemModel	code/Lua/decompiled/Board/Model/ItemBoxSimilarUtility.lua	static name match; dynamic dispatch not included
Board.Model.ItemBoxSimilarUtility	26	WheelItemModel.IsWheelItem	WheelItem.Model.WheelItemModel	code/Lua/decompiled/Board/Model/ItemBoxSimilarUtility.lua	static name match; dynamic dispatch not included
Board.Model.ItemBoxSimilarUtility	27	WheelItemModel.GetWheelItemDetailWindow	WheelItem.Model.WheelItemModel	code/Lua/decompiled/Board/Model/ItemBoxSimilarUtility.lua	static name match; dynamic dispatch not included
Board.Model.ItemChangeHelper	18	ConfigModel.IsServerControlOpen	Model.ConfigModel	code/Lua/decompiled/Board/Model/ItemChangeHelper.lua	static name match; dynamic dispatch not included
Board.Model.ItemChangeHelper	22	MiscModel.Get	Model.UserData.MiscModel	code/Lua/decompiled/Board/Model/ItemChangeHelper.lua	static name match; dynamic dispatch not included
Board.Model.ItemChangeHelper	25	ItemUtility.GetInnerCodeAndPrefixByCode	Board.Model.ItemUtility	code/Lua/decompiled/Board/Model/ItemChangeHelper.lua	static name match; dynamic dispatch not included
Board.Model.ItemChangeHelper	26	ItemUtility.GetChainNumber	Board.Model.ItemUtility	code/Lua/decompiled/Board/Model/ItemChangeHelper.lua	static name match; dynamic dispatch not included
Board.Model.ItemChangeHelper	30	ConfigModel.IsServerControlOpen	Model.ConfigModel	code/Lua/decompiled/Board/Model/ItemChangeHelper.lua	static name match; dynamic dispatch not included
Board.Model.ItemChangeHelper	40	ItemDataModel.IsUnlocked	Board.Model.ItemDataModel	code/Lua/decompiled/Board/Model/ItemChangeHelper.lua	static name match; dynamic dispatch not included
Board.Model.ItemChangeHelper	50	ItemDataModel.IsUnlocked	Board.Model.ItemDataModel	code/Lua/decompiled/Board/Model/ItemChangeHelper.lua	static name match; dynamic dispatch not included
Board.Model.ItemChangeHelper	60	ItemUtility.GetInnerCodeAndPrefixByCode	Board.Model.ItemUtility	code/Lua/decompiled/Board/Model/ItemChangeHelper.lua	static name match; dynamic dispatch not included
Board.Model.ItemChangeHelper	61	ItemUtility.GetChainNumber	Board.Model.ItemUtility	code/Lua/decompiled/Board/Model/ItemChangeHelper.lua	static name match; dynamic dispatch not included
Board.Model.ItemChangeHelper	71	ItemDataModel.IsUnlocked	Board.Model.ItemDataModel	code/Lua/decompiled/Board/Model/ItemChangeHelper.lua	static name match; dynamic dispatch not included
Board.Model.ItemChangeHelper	81	ConfigModel.IsServerControlOpen	Model.ConfigModel	code/Lua/decompiled/Board/Model/ItemChangeHelper.lua	static name match; dynamic dispatch not included
Board.Model.ItemChangeHelper	96	ItemUtility.GetChainNumber	Board.Model.ItemUtility	code/Lua/decompiled/Board/Model/ItemChangeHelper.lua	static name match; dynamic dispatch not included
Board.Model.ItemChangeHelper	104	MiscModel.Get	Model.UserData.MiscModel	code/Lua/decompiled/Board/Model/ItemChangeHelper.lua	static name match; dynamic dispatch not included
Board.Model.ItemChangeHelper	106	StringUtil.IsNilOrEmpty	Common.Utility.StringUtil	code/Lua/decompiled/Board/Model/ItemChangeHelper.lua	static name match; dynamic dispatch not included
Board.Model.ItemChangeHelper	107	StringUtil.Split	Common.Utility.StringUtil	code/Lua/decompiled/Board/Model/ItemChangeHelper.lua	static name match; dynamic dispatch not included
Board.Model.ItemChangeHelper	108	StringUtil.Split	Common.Utility.StringUtil	code/Lua/decompiled/Board/Model/ItemChangeHelper.lua	static name match; dynamic dispatch not included
Board.Model.ItemChangeHelper	112	ConfigModel.IsServerControlOpen	Model.ConfigModel	code/Lua/decompiled/Board/Model/ItemChangeHelper.lua	static name match; dynamic dispatch not included
Board.Model.ItemChangeHelper	122	MiscModel.Set	Model.UserData.MiscModel	code/Lua/decompiled/Board/Model/ItemChangeHelper.lua	static name match; dynamic dispatch not included
Board.Model.ItemChangeHelper	123	ItemDataModel.UpdateItemUnlock	Board.Model.ItemDataModel	code/Lua/decompiled/Board/Model/ItemChangeHelper.lua	static name match; dynamic dispatch not included
Board.Model.ItemChangeHelper	134	MiscModel.Set	Model.UserData.MiscModel	code/Lua/decompiled/Board/Model/ItemChangeHelper.lua	static name match; dynamic dispatch not included
Board.Model.ItemChangeHelper	135	ItemDataModel.UpdateItemUnlock	Board.Model.ItemDataModel	code/Lua/decompiled/Board/Model/ItemChangeHelper.lua	static name match; dynamic dispatch not included
Board.Model.ItemChangeHelper	140	MiscModel.Get	Model.UserData.MiscModel	code/Lua/decompiled/Board/Model/ItemChangeHelper.lua	static name match; dynamic dispatch not included
Board.Model.ItemChangeHelper	142	ConfigModel.IsServerControlOpen	Model.ConfigModel	code/Lua/decompiled/Board/Model/ItemChangeHelper.lua	static name match; dynamic dispatch not included
Board.Model.ItemChangeHelper	144	MiscModel.Set	Model.UserData.MiscModel	code/Lua/decompiled/Board/Model/ItemChangeHelper.lua	static name match; dynamic dispatch not included
Board.Model.ItemChangeHelper	146	MiscModel.Set	Model.UserData.MiscModel	code/Lua/decompiled/Board/Model/ItemChangeHelper.lua	static name match; dynamic dispatch not included
Board.Model.ItemChangeHelper	152	MiscModel.Set	Model.UserData.MiscModel	code/Lua/decompiled/Board/Model/ItemChangeHelper.lua	static name match; dynamic dispatch not included
Board.Model.ItemChangeHelper	158	MiscModel.Get	Model.UserData.MiscModel	code/Lua/decompiled/Board/Model/ItemChangeHelper.lua	static name match; dynamic dispatch not included
Board.Model.ItemChangeHelper	181	ItemUtility.CheckData	Board.Model.ItemUtility	code/Lua/decompiled/Board/Model/ItemChangeHelper.lua	static name match; dynamic dispatch not included
Board.Model.ItemDataModel	12	DBTableManager.GetTable	Model.DB.DBTableManager	code/Lua/decompiled/Board/Model/ItemDataModel.lua	static name match; dynamic dispatch not included
Board.Model.ItemDataModel	13	DBTableManager.GetTable	Model.DB.DBTableManager	code/Lua/decompiled/Board/Model/ItemDataModel.lua	static name match; dynamic dispatch not included
Board.Model.ItemDataModel	19	PlayerPrefs.GetInt	Common.Utility.PlayerPrefs	code/Lua/decompiled/Board/Model/ItemDataModel.lua	static name match; dynamic dispatch not included
Board.Model.ItemDataModel	21	PlayerPrefs.SetInt	Common.Utility.PlayerPrefs	code/Lua/decompiled/Board/Model/ItemDataModel.lua	static name match; dynamic dispatch not included
Board.Model.ItemDataModel	27	ConfigModel.GetLocalConfig	Model.ConfigModel	code/Lua/decompiled/Board/Model/ItemDataModel.lua	static name match; dynamic dispatch not included
Board.Model.ItemDataModel	28	ConfigModel.GetLocalConfig	Model.ConfigModel	code/Lua/decompiled/Board/Model/ItemDataModel.lua	static name match; dynamic dispatch not included
Board.Model.ItemDataModel	34	ConfigModel.GetLocalConfig	Model.ConfigModel	code/Lua/decompiled/Board/Model/ItemDataModel.lua	static name match; dynamic dispatch not included
Board.Model.ItemDataModel	44	ItemUtility.GetChainNumber	Board.Model.ItemUtility	code/Lua/decompiled/Board/Model/ItemDataModel.lua	static name match; dynamic dispatch not included
Board.Model.ItemDataModel	45	ItemUtility.GetChainIdByCode	Board.Model.ItemUtility	code/Lua/decompiled/Board/Model/ItemDataModel.lua	static name match; dynamic dispatch not included
Board.Model.ItemDataModel	46	StringUtil.rFindChar	Common.Utility.StringUtil	code/Lua/decompiled/Board/Model/ItemDataModel.lua	static name match; dynamic dispatch not included
Board.Model.ItemDataModel	49	ConfigModel.GetLocalConfig	Model.ConfigModel	code/Lua/decompiled/Board/Model/ItemDataModel.lua	static name match; dynamic dispatch not included
Board.Model.ItemDataModel	96	ConfigModel.GetOriginBubblePriceMap	Model.ConfigModel	code/Lua/decompiled/Board/Model/ItemDataModel.lua	static name match; dynamic dispatch not included
Board.Model.ItemDataModel	118	ItemUtility.GetMergeLineNumber	Board.Model.ItemUtility	code/Lua/decompiled/Board/Model/ItemDataModel.lua	static name match; dynamic dispatch not included
Board.Model.ItemDataModel	135	StringUtil.StartWith	Common.Utility.StringUtil	code/Lua/decompiled/Board/Model/ItemDataModel.lua	static name match; dynamic dispatch not included
Board.Model.ItemDataModel	144	StringUtil.StartWith	Common.Utility.StringUtil	code/Lua/decompiled/Board/Model/ItemDataModel.lua	static name match; dynamic dispatch not included
Board.Model.ItemDataModel	162	StringUtil.StartWith	Common.Utility.StringUtil	code/Lua/decompiled/Board/Model/ItemDataModel.lua	static name match; dynamic dispatch not included
Board.Model.ItemDataModel	181	StringUtil.StartWith	Common.Utility.StringUtil	code/Lua/decompiled/Board/Model/ItemDataModel.lua	static name match; dynamic dispatch not included
Board.Model.ItemDataModel	181	StringUtil.StartWith	Common.Utility.StringUtil	code/Lua/decompiled/Board/Model/ItemDataModel.lua	static name match; dynamic dispatch not included
Board.Model.ItemDataModel	192	ItemUtility.GetItemCode	Board.Model.ItemUtility	code/Lua/decompiled/Board/Model/ItemDataModel.lua	static name match; dynamic dispatch not included
Board.Model.ItemDataModel	227	Table.ListContain	Common.Utility.Table	code/Lua/decompiled/Board/Model/ItemDataModel.lua	static name match; dynamic dispatch not included
Board.Model.ItemDataModel	258	Table.ListRandomSelectOne	Common.Utility.Table	code/Lua/decompiled/Board/Model/ItemDataModel.lua	static name match; dynamic dispatch not included
Board.Model.ItemDataModel	258	HuntActivityModel.GetPaperBoxSprite	HuntActivity.Common.Model.HuntActivityModel	code/Lua/decompiled/Board/Model/ItemDataModel.lua	static name match; dynamic dispatch not included
Board.Model.ItemDataModel	260	Table.ListRandomSelectOne	Common.Utility.Table	code/Lua/decompiled/Board/Model/ItemDataModel.lua	static name match; dynamic dispatch not included
Board.Model.ItemDataModel	261	ItemBoxSimilarUtility.IsBoxSimilarItem	Board.Model.ItemBoxSimilarUtility	code/Lua/decompiled/Board/Model/ItemDataModel.lua	static name match; dynamic dispatch not included
Board.Model.ItemDataModel	262	ItemBoxSimilarUtility.GetItemIcon	Board.Model.ItemBoxSimilarUtility	code/Lua/decompiled/Board/Model/ItemDataModel.lua	static name match; dynamic dispatch not included
Board.Model.ItemDataModel	263	StringUtil.StartWith	Common.Utility.StringUtil	code/Lua/decompiled/Board/Model/ItemDataModel.lua	static name match; dynamic dispatch not included
Board.Model.ItemDataModel	265	StringUtil.rFindChar	Common.Utility.StringUtil	code/Lua/decompiled/Board/Model/ItemDataModel.lua	static name match; dynamic dispatch not included
Board.Model.ItemDataModel	267	StringUtil.StartWith	Common.Utility.StringUtil	code/Lua/decompiled/Board/Model/ItemDataModel.lua	static name match; dynamic dispatch not included
Board.Model.ItemDataModel	268	StringUtil.rFindChar	Common.Utility.StringUtil	code/Lua/decompiled/Board/Model/ItemDataModel.lua	static name match; dynamic dispatch not included
Board.Model.ItemDataModel	271	ActivityManager.GetModel	Model.Activity.ActivityManager	code/Lua/decompiled/Board/Model/ItemDataModel.lua	static name match; dynamic dispatch not included
Board.Model.ItemDataModel	280	StringUtil.StartWith	Common.Utility.StringUtil	code/Lua/decompiled/Board/Model/ItemDataModel.lua	static name match; dynamic dispatch not included
Board.Model.ItemDataModel	289	StringUtil.StartWith	Common.Utility.StringUtil	code/Lua/decompiled/Board/Model/ItemDataModel.lua	static name match; dynamic dispatch not included
Board.Model.ItemDataModel	291	StringUtil.rFindChar	Common.Utility.StringUtil	code/Lua/decompiled/Board/Model/ItemDataModel.lua	static name match; dynamic dispatch not included
Board.Model.ItemDataModel	297	ItemChangeHelper.GetItemSprite	Board.Model.ItemChangeHelper	code/Lua/decompiled/Board/Model/ItemDataModel.lua	static name match; dynamic dispatch not included
Board.Model.ItemDataModel	302	Table.ListContain	Common.Utility.Table	code/Lua/decompiled/Board/Model/ItemDataModel.lua	static name match; dynamic dispatch not included
Board.Model.ItemDataModel	304	Table.ListContain	Common.Utility.Table	code/Lua/decompiled/Board/Model/ItemDataModel.lua	static name match; dynamic dispatch not included
Board.Model.ItemDataModel	306	ConfigModel.IsServerControlOpen	Model.ConfigModel	code/Lua/decompiled/Board/Model/ItemDataModel.lua	static name match; dynamic dispatch not included
Board.Model.ItemDataModel	306	Table.ListContain	Common.Utility.Table	code/Lua/decompiled/Board/Model/ItemDataModel.lua	static name match; dynamic dispatch not included
Board.Model.ItemDataModel	363	ItemUtility.GetItemCode	Board.Model.ItemUtility	code/Lua/decompiled/Board/Model/ItemDataModel.lua	static name match; dynamic dispatch not included
Board.Model.ItemDataModel	372	ItemUtility.GetItemCode	Board.Model.ItemUtility	code/Lua/decompiled/Board/Model/ItemDataModel.lua	static name match; dynamic dispatch not included
Board.Model.ItemDataModel	379	Table.Contain	Common.Utility.Table	code/Lua/decompiled/Board/Model/ItemDataModel.lua	static name match; dynamic dispatch not included
Board.Model.ItemDataModel	385	Table.IsEmpty	Common.Utility.Table	code/Lua/decompiled/Board/Model/ItemDataModel.lua	static name match; dynamic dispatch not included
Board.Model.ItemDataModel	400	StringUtil.StartWith	Common.Utility.StringUtil	code/Lua/decompiled/Board/Model/ItemDataModel.lua	static name match; dynamic dispatch not included
Board.Model.ItemDataModel	406	ItemUtility.GetItemCode	Board.Model.ItemUtility	code/Lua/decompiled/Board/Model/ItemDataModel.lua	static name match; dynamic dispatch not included
Board.Model.ItemDataModel	424	Table.ShallowCopy	Common.Utility.Table	code/Lua/decompiled/Board/Model/ItemDataModel.lua	static name match; dynamic dispatch not included
Board.Model.ItemDataModel	437	Table.ShallowCopy	Common.Utility.Table	code/Lua/decompiled/Board/Model/ItemDataModel.lua	static name match; dynamic dispatch not included
Board.Model.ItemDataModel	456	ItemUtility.GetItemCode	Board.Model.ItemUtility	code/Lua/decompiled/Board/Model/ItemDataModel.lua	static name match; dynamic dispatch not included
Board.Model.ItemDataModel	463	ConfigModel.IsServerControlOpen	Model.ConfigModel	code/Lua/decompiled/Board/Model/ItemDataModel.lua	static name match; dynamic dispatch not included
Board.Model.ItemDataModel	518	ItemUtility.GetItemCode	Board.Model.ItemUtility	code/Lua/decompiled/Board/Model/ItemDataModel.lua	static name match; dynamic dispatch not included
Board.Model.ItemDataModel	566	ItemUtility.GetItemCode	Board.Model.ItemUtility	code/Lua/decompiled/Board/Model/ItemDataModel.lua	static name match; dynamic dispatch not included
Board.Model.ItemDataModel	594	EventDispatcher.DispatchEvent	Common.Event.EventDispatcher	code/Lua/decompiled/Board/Model/ItemDataModel.lua	static name match; dynamic dispatch not included
Board.Model.ItemDataModel	595	EventDispatcher.DispatchEvent	Common.Event.EventDispatcher	code/Lua/decompiled/Board/Model/ItemDataModel.lua	static name match; dynamic dispatch not included
Board.Model.ItemDataModel	596	MainBoardModel.IsToolBoxCollect	Board.Model.Board.MainBoardModel	code/Lua/decompiled/Board/Model/ItemDataModel.lua	static name match; dynamic dispatch not included
Board.Model.ItemDataModel	596	MiscModel.GetToolTransFlagInNumber	Model.UserData.MiscModel	code/Lua/decompiled/Board/Model/ItemDataModel.lua	static name match; dynamic dispatch not included
Board.Model.ItemDataModel	643	RewardApi.AcquireRewardsLogic	Model.UserData.RewardApi	code/Lua/decompiled/Board/Model/ItemDataModel.lua	static name match; dynamic dispatch not included
Board.Model.ItemDataModel	684	MainBoardModel.GetOrderModel	Board.Model.Board.MainBoardModel	code/Lua/decompiled/Board/Model/ItemDataModel.lua	static name match; dynamic dispatch not included
Board.Model.ItemDataModel	685	ConfigModel.IsServerControlOpen	Model.ConfigModel	code/Lua/decompiled/Board/Model/ItemDataModel.lua	static name match; dynamic dispatch not included
Board.Model.ItemDataModel	690	ItemUtility.GetItemCode	Board.Model.ItemUtility	code/Lua/decompiled/Board/Model/ItemDataModel.lua	static name match; dynamic dispatch not included
Board.Model.ItemDataModel	690	ItemUtility.GetItemCode	Board.Model.ItemUtility	code/Lua/decompiled/Board/Model/ItemDataModel.lua	static name match; dynamic dispatch not included
Board.Model.ItemDataModel	691	ItemUtility.GetItemCode	Board.Model.ItemUtility	code/Lua/decompiled/Board/Model/ItemDataModel.lua	static name match; dynamic dispatch not included
Board.Model.ItemDataModel	705	MainBoardModel.GetOrderModel	Board.Model.Board.MainBoardModel	code/Lua/decompiled/Board/Model/ItemDataModel.lua	static name match; dynamic dispatch not included
Board.Model.ItemDataModel	708	ConfigModel.IsServerControlOpen	Model.ConfigModel	code/Lua/decompiled/Board/Model/ItemDataModel.lua	static name match; dynamic dispatch not included
Board.Model.ItemDataModel	711	ItemUtility.GetItemCode	Board.Model.ItemUtility	code/Lua/decompiled/Board/Model/ItemDataModel.lua	static name match; dynamic dispatch not included
Board.Model.ItemDataModel	711	ItemUtility.GetItemCode	Board.Model.ItemUtility	code/Lua/decompiled/Board/Model/ItemDataModel.lua	static name match; dynamic dispatch not included
Board.Model.ItemDataModel	712	ItemUtility.GetItemCode	Board.Model.ItemUtility	code/Lua/decompiled/Board/Model/ItemDataModel.lua	static name match; dynamic dispatch not included
Board.Model.ItemDataModel	726	ItemUtility.GetItemCode	Board.Model.ItemUtility	code/Lua/decompiled/Board/Model/ItemDataModel.lua	static name match; dynamic dispatch not included
Board.Model.ItemDataModel	746	ItemUtility.GetItemCode	Board.Model.ItemUtility	code/Lua/decompiled/Board/Model/ItemDataModel.lua	static name match; dynamic dispatch not included
Board.Model.ItemDataModel	752	StringUtil.StartWith	Common.Utility.StringUtil	code/Lua/decompiled/Board/Model/ItemDataModel.lua	static name match; dynamic dispatch not included
Board.Model.ItemDataModel	855	Table.IsEmpty	Common.Utility.Table	code/Lua/decompiled/Board/Model/ItemDataModel.lua	static name match; dynamic dispatch not included
Board.Model.ItemDataModel	860	ItemUtility.GetItemCode	Board.Model.ItemUtility	code/Lua/decompiled/Board/Model/ItemDataModel.lua	static name match; dynamic dispatch not included
Board.Model.ItemDataModel	861	ItemUtility.GetItemCode	Board.Model.ItemUtility	code/Lua/decompiled/Board/Model/ItemDataModel.lua	static name match; dynamic dispatch not included
Board.Model.ItemDataModel	862	MainBoardModel.GetItemScoreByUnlockGen	Board.Model.Board.MainBoardModel	code/Lua/decompiled/Board/Model/ItemDataModel.lua	static name match; dynamic dispatch not included
Board.Model.ItemDataModel	863	MainBoardModel.GetItemScoreByUnlockGen	Board.Model.Board.MainBoardModel	code/Lua/decompiled/Board/Model/ItemDataModel.lua	static name match; dynamic dispatch not included
Board.Model.ItemDataModel	883	Table.DeepCopy	Common.Utility.Table	code/Lua/decompiled/Board/Model/ItemDataModel.lua	static name match; dynamic dispatch not included
Board.Model.ItemDataModel	885	Table.IsEmpty	Common.Utility.Table	code/Lua/decompiled/Board/Model/ItemDataModel.lua	static name match; dynamic dispatch not included
Board.Model.ItemDataModel	890	Table.IsEmpty	Common.Utility.Table	code/Lua/decompiled/Board/Model/ItemDataModel.lua	static name match; dynamic dispatch not included
Board.Model.ItemDataModel	906	Table.IsEmpty	Common.Utility.Table	code/Lua/decompiled/Board/Model/ItemDataModel.lua	static name match; dynamic dispatch not included
Board.Model.ItemDataModel	933	ConfigModel.GetOriginLevelMap	Model.ConfigModel	code/Lua/decompiled/Board/Model/ItemDataModel.lua	static name match; dynamic dispatch not included
Board.Model.ItemDataModel	934	Table.IsEmpty	Common.Utility.Table	code/Lua/decompiled/Board/Model/ItemDataModel.lua	static name match; dynamic dispatch not included
Board.Model.ItemDataModel	949	ItemUtility.GetChainNumber	Board.Model.ItemUtility	code/Lua/decompiled/Board/Model/ItemDataModel.lua	static name match; dynamic dispatch not included
Board.Model.ItemDataModel	973	Table.IsEmpty	Common.Utility.Table	code/Lua/decompiled/Board/Model/ItemDataModel.lua	static name match; dynamic dispatch not included
Board.Model.ItemDataModel	992	StringUtil.StartWith	Common.Utility.StringUtil	code/Lua/decompiled/Board/Model/ItemDataModel.lua	static name match; dynamic dispatch not included
Board.Model.ItemDataModel	1037	MainBoardModel.GetItemManager	Board.Model.Board.MainBoardModel	code/Lua/decompiled/Board/Model/ItemDataModel.lua	static name match; dynamic dispatch not included
Board.Model.ItemModelFactory	4	ItemToken.GetTokenFromItemData	Board.Model.Item.ItemToken	code/Lua/decompiled/Board/Model/ItemModelFactory.lua	static name match; dynamic dispatch not included
Board.Model.ItemModelFactory	15	ItemFall.Create	Board.Model.Item.ItemFall	code/Lua/decompiled/Board/Model/ItemModelFactory.lua	static name match; dynamic dispatch not included
Board.Model.ItemModelFactory	22	ItemUtility.GetItemTypeByCode	Board.Model.ItemUtility	code/Lua/decompiled/Board/Model/ItemModelFactory.lua	static name match; dynamic dispatch not included
Board.Model.ItemModelFactory	34	StringUtil.StartWith	Common.Utility.StringUtil	code/Lua/decompiled/Board/Model/ItemModelFactory.lua	static name match; dynamic dispatch not included
Board.Model.ItemModelFactory	40	LevelModel.GetCurrentLevel	Model.UserData.LevelModel	code/Lua/decompiled/Board/Model/ItemModelFactory.lua	static name match; dynamic dispatch not included
Board.Model.ItemModelFactory	70	ItemDataModel.GetModelConfig	Board.Model.ItemDataModel	code/Lua/decompiled/Board/Model/ItemModelFactory.lua	static name match; dynamic dispatch not included
Board.Model.ItemModelFactory	71	ItemModel.Create	Board.Model.Item.ItemModel	code/Lua/decompiled/Board/Model/ItemModelFactory.lua	static name match; dynamic dispatch not included
Board.Model.ItemModelFactory	72	ItemPaperBox.Create	Board.Model.Item.ItemPaperBox	code/Lua/decompiled/Board/Model/ItemModelFactory.lua	static name match; dynamic dispatch not included
Board.Model.ItemModelFactory	76	ItemSticker.Create	Board.Model.Item.ItemSticker	code/Lua/decompiled/Board/Model/ItemModelFactory.lua	static name match; dynamic dispatch not included
Board.Model.ItemModelFactory	83	ItemDataModel.GetModelConfig	Board.Model.ItemDataModel	code/Lua/decompiled/Board/Model/ItemModelFactory.lua	static name match; dynamic dispatch not included
Board.Model.ItemModelFactory	84	ItemModel.Create	Board.Model.Item.ItemModel	code/Lua/decompiled/Board/Model/ItemModelFactory.lua	static name match; dynamic dispatch not included
Board.Model.ItemModelFactory	85	ItemGray.Create	Board.Model.Item.ItemGray	code/Lua/decompiled/Board/Model/ItemModelFactory.lua	static name match; dynamic dispatch not included
Board.Model.ItemModelFactory	92	ItemDataModel.SetLocked	Board.Model.ItemDataModel	code/Lua/decompiled/Board/Model/ItemModelFactory.lua	static name match; dynamic dispatch not included
Board.Model.ItemModelFactory	94	ItemDataModel.GetModelConfig	Board.Model.ItemDataModel	code/Lua/decompiled/Board/Model/ItemModelFactory.lua	static name match; dynamic dispatch not included
Board.Model.ItemModelFactory	95	ItemModel.Create	Board.Model.Item.ItemModel	code/Lua/decompiled/Board/Model/ItemModelFactory.lua	static name match; dynamic dispatch not included
Board.Model.ItemModelFactory	96	ItemCobweb.Create	Board.Model.Item.ItemCobweb	code/Lua/decompiled/Board/Model/ItemModelFactory.lua	static name match; dynamic dispatch not included
Board.Model.ItemModelFactory	102	ItemDataModel.GetModelConfig	Board.Model.ItemDataModel	code/Lua/decompiled/Board/Model/ItemModelFactory.lua	static name match; dynamic dispatch not included
Board.Model.ItemModelFactory	103	ItemModel.Create	Board.Model.Item.ItemModel	code/Lua/decompiled/Board/Model/ItemModelFactory.lua	static name match; dynamic dispatch not included
Board.Model.ItemModelFactory	104	ItemBubble.Create	Board.Model.Item.ItemBubble	code/Lua/decompiled/Board/Model/ItemModelFactory.lua	static name match; dynamic dispatch not included
Board.Model.ItemModelFactory	107	ItemToken.Create	Board.Model.Item.ItemToken	code/Lua/decompiled/Board/Model/ItemModelFactory.lua	static name match; dynamic dispatch not included
Board.Model.ItemModelFactory	115	ActivityManager.GetIceItemInfo	Model.Activity.ActivityManager	code/Lua/decompiled/Board/Model/ItemModelFactory.lua	static name match; dynamic dispatch not included
Board.Model.ItemModelFactory	119	ItemDataModel.GetModelConfig	Board.Model.ItemDataModel	code/Lua/decompiled/Board/Model/ItemModelFactory.lua	static name match; dynamic dispatch not included
Board.Model.ItemModelFactory	120	ItemModel.Create	Board.Model.Item.ItemModel	code/Lua/decompiled/Board/Model/ItemModelFactory.lua	static name match; dynamic dispatch not included
Board.Model.ItemModelFactory	121	ItemIce.Create	Board.Model.Item.ItemIce	code/Lua/decompiled/Board/Model/ItemModelFactory.lua	static name match; dynamic dispatch not included
Board.Model.ItemModelFactory	127	ItemDataModel.GetModelConfig	Board.Model.ItemDataModel	code/Lua/decompiled/Board/Model/ItemModelFactory.lua	static name match; dynamic dispatch not included
Board.Model.ItemModelFactory	128	ItemModel.Create	Board.Model.Item.ItemModel	code/Lua/decompiled/Board/Model/ItemModelFactory.lua	static name match; dynamic dispatch not included
Board.Model.ItemModelFactory	129	ItemMapBlocker.Create	Board.Model.Item.ItemMapBlocker	code/Lua/decompiled/Board/Model/ItemModelFactory.lua	static name match; dynamic dispatch not included
Board.Model.ItemModelFactory	135	ItemDataModel.GetModelConfig	Board.Model.ItemDataModel	code/Lua/decompiled/Board/Model/ItemModelFactory.lua	static name match; dynamic dispatch not included
Board.Model.ItemModelFactory	136	ItemModel.Create	Board.Model.Item.ItemModel	code/Lua/decompiled/Board/Model/ItemModelFactory.lua	static name match; dynamic dispatch not included
Board.Model.ItemModelFactory	137	ItemRune.Create	Board.Model.Item.ItemRune	code/Lua/decompiled/Board/Model/ItemModelFactory.lua	static name match; dynamic dispatch not included
Board.Model.ItemModelFactory	143	ItemDataModel.GetModelConfig	Board.Model.ItemDataModel	code/Lua/decompiled/Board/Model/ItemModelFactory.lua	static name match; dynamic dispatch not included
Board.Model.ItemModelFactory	144	ItemModel.Create	Board.Model.Item.ItemModel	code/Lua/decompiled/Board/Model/ItemModelFactory.lua	static name match; dynamic dispatch not included
Board.Model.ItemModelFactory	145	ItemSand.Create	Board.Model.Item.ItemSand	code/Lua/decompiled/Board/Model/ItemModelFactory.lua	static name match; dynamic dispatch not included
Board.Model.ItemModelFactory	151	ItemDataModel.SetUnlocked	Board.Model.ItemDataModel	code/Lua/decompiled/Board/Model/ItemModelFactory.lua	static name match; dynamic dispatch not included
Board.Model.ItemModelFactory	152	ItemDataModel.GetModelConfig	Board.Model.ItemDataModel	code/Lua/decompiled/Board/Model/ItemModelFactory.lua	static name match; dynamic dispatch not included
Board.Model.ItemModelFactory	153	ItemModel.Create	Board.Model.Item.ItemModel	code/Lua/decompiled/Board/Model/ItemModelFactory.lua	static name match; dynamic dispatch not included
Board.Model.ItemModelFactory	154	ItemRefreshOrder.Create	Board.Model.Item.ItemRefreshOrder	code/Lua/decompiled/Board/Model/ItemModelFactory.lua	static name match; dynamic dispatch not included
Board.Model.ItemModelFactory	160	ItemDataModel.GetModelConfig	Board.Model.ItemDataModel	code/Lua/decompiled/Board/Model/ItemModelFactory.lua	static name match; dynamic dispatch not included
Board.Model.ItemModelFactory	161	ItemModel.Create	Board.Model.Item.ItemModel	code/Lua/decompiled/Board/Model/ItemModelFactory.lua	static name match; dynamic dispatch not included
Board.Model.ItemModelFactory	162	ItemPortal.Create	Board.Model.Item.ItemPortal	code/Lua/decompiled/Board/Model/ItemModelFactory.lua	static name match; dynamic dispatch not included
Board.Model.ItemModelFactory	169	ItemBattery.Create	Board.Model.Item.ItemBattery	code/Lua/decompiled/Board/Model/ItemModelFactory.lua	static name match; dynamic dispatch not included
Board.Model.ItemModelFactory	175	ItemDataModel.SetUnlocked	Board.Model.ItemDataModel	code/Lua/decompiled/Board/Model/ItemModelFactory.lua	static name match; dynamic dispatch not included
Board.Model.ItemModelFactory	177	StringUtil.rFindChar	Common.Utility.StringUtil	code/Lua/decompiled/Board/Model/ItemModelFactory.lua	static name match; dynamic dispatch not included
Board.Model.ItemModelFactory	178	ItemDataModel.GetModelConfig	Board.Model.ItemDataModel	code/Lua/decompiled/Board/Model/ItemModelFactory.lua	static name match; dynamic dispatch not included
Board.Model.ItemModelFactory	179	ItemModel.Create	Board.Model.Item.ItemModel	code/Lua/decompiled/Board/Model/ItemModelFactory.lua	static name match; dynamic dispatch not included
Board.Model.ItemModelFactory	180	ItemSplit.Create	Board.Model.Item.ItemSplit	code/Lua/decompiled/Board/Model/ItemModelFactory.lua	static name match; dynamic dispatch not included
Board.Model.ItemModelFactory	188	ItemDataModel.SetUnlocked	Board.Model.ItemDataModel	code/Lua/decompiled/Board/Model/ItemModelFactory.lua	static name match; dynamic dispatch not included
Board.Model.ItemModelFactory	190	ItemDataModel.GetModelConfig	Board.Model.ItemDataModel	code/Lua/decompiled/Board/Model/ItemModelFactory.lua	static name match; dynamic dispatch not included
Board.Model.ItemModelFactory	191	ItemModel.Create	Board.Model.Item.ItemModel	code/Lua/decompiled/Board/Model/ItemModelFactory.lua	static name match; dynamic dispatch not included
Board.Model.ItemModelFactory	192	StringUtil.StartWith	Common.Utility.StringUtil	code/Lua/decompiled/Board/Model/ItemModelFactory.lua	static name match; dynamic dispatch not included
Board.Model.ItemModelFactory	193	ItemSplit.Create	Board.Model.Item.ItemSplit	code/Lua/decompiled/Board/Model/ItemModelFactory.lua	static name match; dynamic dispatch not included
Board.Model.ItemModelFactory	196	StringUtil.StartWith	Common.Utility.StringUtil	code/Lua/decompiled/Board/Model/ItemModelFactory.lua	static name match; dynamic dispatch not included
Board.Model.ItemModelFactory	197	ItemBattery.Create	Board.Model.Item.ItemBattery	code/Lua/decompiled/Board/Model/ItemModelFactory.lua	static name match; dynamic dispatch not included
Board.Model.ItemModelFactory	201	ItemExtraSpread.Create	Board.Model.Item.ItemExtraSpread	code/Lua/decompiled/Board/Model/ItemModelFactory.lua	static name match; dynamic dispatch not included
Board.Model.ItemModelFactory	205	ItemSpread.Create	Board.Model.Item.ItemSpread	code/Lua/decompiled/Board/Model/ItemModelFactory.lua	static name match; dynamic dispatch not included
Board.Model.ItemModelFactory	209	ItemTransform.Create	Board.Model.Item.ItemTransform	code/Lua/decompiled/Board/Model/ItemModelFactory.lua	static name match; dynamic dispatch not included
Board.Model.ItemModelFactory	213	ItemSwallowChain.Create	Board.Model.Item.ItemSwallowChain	code/Lua/decompiled/Board/Model/ItemModelFactory.lua	static name match; dynamic dispatch not included
Board.Model.ItemModelFactory	216	ItemSwallow.Create	Board.Model.Item.ItemSwallow	code/Lua/decompiled/Board/Model/ItemModelFactory.lua	static name match; dynamic dispatch not included
Board.Model.ItemModelFactory	225	ItemHuntCloudKey.Create	Board.Model.Item.ItemHuntCloudKey	code/Lua/decompiled/Board/Model/ItemModelFactory.lua	static name match; dynamic dispatch not included
Board.Model.ItemModelFactory	228	ItemCollectable.Create	Board.Model.Item.ItemCollectable	code/Lua/decompiled/Board/Model/ItemModelFactory.lua	static name match; dynamic dispatch not included
Board.Model.ItemModelFactory	232	ItemCollectable.Create	Board.Model.Item.ItemCollectable	code/Lua/decompiled/Board/Model/ItemModelFactory.lua	static name match; dynamic dispatch not included
Board.Model.ItemModelFactory	237	ItemChoose.Create	Board.Model.Item.ItemChoose	code/Lua/decompiled/Board/Model/ItemModelFactory.lua	static name match; dynamic dispatch not included
Board.Model.ItemModelFactory	241	ItemChoose.Create	Board.Model.Item.ItemChoose	code/Lua/decompiled/Board/Model/ItemModelFactory.lua	static name match; dynamic dispatch not included
Board.Model.ItemModelFactory	245	ItemPick.Create	Board.Model.Item.ItemPick	code/Lua/decompiled/Board/Model/ItemModelFactory.lua	static name match; dynamic dispatch not included
Board.Model.ItemModelFactory	249	ItemCharge.Create	Board.Model.Item.ItemCharge	code/Lua/decompiled/Board/Model/ItemModelFactory.lua	static name match; dynamic dispatch not included
Board.Model.ItemModelFactory	253	ItemBroom.Create	Board.Model.Item.ItemBroom	code/Lua/decompiled/Board/Model/ItemModelFactory.lua	static name match; dynamic dispatch not included
Board.Model.ItemModelFactory	257	ItemHuntAnim.Create	HuntActivity.Common.Board.ItemHuntAnim	code/Lua/decompiled/Board/Model/ItemModelFactory.lua	static name match; dynamic dispatch not included
Board.Model.ItemModelFactory	264	Table.IsEmpty	Common.Utility.Table	code/Lua/decompiled/Board/Model/ItemModelFactory.lua	static name match; dynamic dispatch not included
Board.Model.ItemModelFactory	265	ItemToken.Create	Board.Model.Item.ItemToken	code/Lua/decompiled/Board/Model/ItemModelFactory.lua	static name match; dynamic dispatch not included
Board.Model.ItemModelFactory	269	ItemDig.Create	Board.Model.Item.ItemDig	code/Lua/decompiled/Board/Model/ItemModelFactory.lua	static name match; dynamic dispatch not included
Board.Model.ItemModelFactory	272	WheelItemModel.IsWheelItem	WheelItem.Model.WheelItemModel	code/Lua/decompiled/Board/Model/ItemModelFactory.lua	static name match; dynamic dispatch not included
Board.Model.ItemModelFactory	273	ItemWheel.Create	Board.Model.Item.ItemWheel	code/Lua/decompiled/Board/Model/ItemModelFactory.lua	static name match; dynamic dispatch not included
Board.Model.ItemModelFactory	276	StringUtil.StartWith	Common.Utility.StringUtil	code/Lua/decompiled/Board/Model/ItemModelFactory.lua	static name match; dynamic dispatch not included
Board.Model.ItemModelFactory	277	ItemFreefallBoss.Create	Board.Model.Item.ItemFreefallBoss	code/Lua/decompiled/Board/Model/ItemModelFactory.lua	static name match; dynamic dispatch not included
Board.Model.ItemModelFactory	291	StringUtil.Split	Common.Utility.StringUtil	code/Lua/decompiled/Board/Model/ItemModelFactory.lua	static name match; dynamic dispatch not included
Board.Model.ItemModelFactory	303	StringUtil.rFindChar	Common.Utility.StringUtil	code/Lua/decompiled/Board/Model/ItemModelFactory.lua	static name match; dynamic dispatch not included
Board.Model.ItemUtility	8	StringUtil.IsNilOrEmpty	Common.Utility.StringUtil	code/Lua/decompiled/Board/Model/ItemUtility.lua	static name match; dynamic dispatch not included
Board.Model.ItemUtility	11	StringUtil.StartWith	Common.Utility.StringUtil	code/Lua/decompiled/Board/Model/ItemUtility.lua	static name match; dynamic dispatch not included
Board.Model.ItemUtility	13	StringUtil.StartWith	Common.Utility.StringUtil	code/Lua/decompiled/Board/Model/ItemUtility.lua	static name match; dynamic dispatch not included
Board.Model.ItemUtility	15	StringUtil.StartWith	Common.Utility.StringUtil	code/Lua/decompiled/Board/Model/ItemUtility.lua	static name match; dynamic dispatch not included
Board.Model.ItemUtility	17	StringUtil.StartWith	Common.Utility.StringUtil	code/Lua/decompiled/Board/Model/ItemUtility.lua	static name match; dynamic dispatch not included
Board.Model.ItemUtility	17	StringUtil.StartWith	Common.Utility.StringUtil	code/Lua/decompiled/Board/Model/ItemUtility.lua	static name match; dynamic dispatch not included
Board.Model.ItemUtility	19	StringUtil.StartWith	Common.Utility.StringUtil	code/Lua/decompiled/Board/Model/ItemUtility.lua	static name match; dynamic dispatch not included
Board.Model.ItemUtility	21	StringUtil.StartWith	Common.Utility.StringUtil	code/Lua/decompiled/Board/Model/ItemUtility.lua	static name match; dynamic dispatch not included
Board.Model.ItemUtility	23	StringUtil.StartWith	Common.Utility.StringUtil	code/Lua/decompiled/Board/Model/ItemUtility.lua	static name match; dynamic dispatch not included
Board.Model.ItemUtility	27	StringUtil.StartWith	Common.Utility.StringUtil	code/Lua/decompiled/Board/Model/ItemUtility.lua	static name match; dynamic dispatch not included
Board.Model.ItemUtility	31	StringUtil.StartWith	Common.Utility.StringUtil	code/Lua/decompiled/Board/Model/ItemUtility.lua	static name match; dynamic dispatch not included
Board.Model.ItemUtility	35	StringUtil.StartWith	Common.Utility.StringUtil	code/Lua/decompiled/Board/Model/ItemUtility.lua	static name match; dynamic dispatch not included
Board.Model.ItemUtility	44	ItemDataModel.GetModelConfig	Board.Model.ItemDataModel	code/Lua/decompiled/Board/Model/ItemUtility.lua	static name match; dynamic dispatch not included
Board.Model.ItemUtility	47	SceneManager.GetGameMode	Model.SceneManager	code/Lua/decompiled/Board/Model/ItemUtility.lua	static name match; dynamic dispatch not included
Board.Model.ItemUtility	49	HuntMapActivityModel.IsActivityItem	HuntMapActivity.Model.HuntMapActivityModel	code/Lua/decompiled/Board/Model/ItemUtility.lua	static name match; dynamic dispatch not included
Board.Model.ItemUtility	52	HuntActivityModel.GetActivityTypeByItemType	HuntActivity.Common.Model.HuntActivityModel	code/Lua/decompiled/Board/Model/ItemUtility.lua	static name match; dynamic dispatch not included
Board.Model.ItemUtility	56	ActivityManager.GetModel	Model.Activity.ActivityManager	code/Lua/decompiled/Board/Model/ItemUtility.lua	static name match; dynamic dispatch not included
Board.Model.ItemUtility	57	StringUtil.StartWith	Common.Utility.StringUtil	code/Lua/decompiled/Board/Model/ItemUtility.lua	static name match; dynamic dispatch not included
Board.Model.ItemUtility	57	StringUtil.StartWith	Common.Utility.StringUtil	code/Lua/decompiled/Board/Model/ItemUtility.lua	static name match; dynamic dispatch not included
Board.Model.ItemUtility	61	StringUtil.StartWith	Common.Utility.StringUtil	code/Lua/decompiled/Board/Model/ItemUtility.lua	static name match; dynamic dispatch not included
Board.Model.ItemUtility	84	StringUtil.Split	Common.Utility.StringUtil	code/Lua/decompiled/Board/Model/ItemUtility.lua	static name match; dynamic dispatch not included
Board.Model.ItemUtility	85	ItemModelFactory.GetCodeAndWeightPairs	Board.Model.ItemModelFactory	code/Lua/decompiled/Board/Model/ItemUtility.lua	static name match; dynamic dispatch not included
Board.Model.ItemUtility	89	GameModel.GetServerTime	Model.GameModel	code/Lua/decompiled/Board/Model/ItemUtility.lua	static name match; dynamic dispatch not included
Board.Model.ItemUtility	106	StringUtil.rFindChar	Common.Utility.StringUtil	code/Lua/decompiled/Board/Model/ItemUtility.lua	static name match; dynamic dispatch not included
Board.Model.ItemUtility	110	StringUtil.rFindChar	Common.Utility.StringUtil	code/Lua/decompiled/Board/Model/ItemUtility.lua	static name match; dynamic dispatch not included
Board.Model.ItemUtility	114	ItemChangeHelper.ChangeItemCode	Board.Model.ItemChangeHelper	code/Lua/decompiled/Board/Model/ItemUtility.lua	static name match; dynamic dispatch not included
Board.Model.ItemUtility	118	ItemDataModel.SetLocked	Board.Model.ItemDataModel	code/Lua/decompiled/Board/Model/ItemUtility.lua	static name match; dynamic dispatch not included
Board.Model.ItemUtility	120	ItemDataModel.SetUnlocked	Board.Model.ItemDataModel	code/Lua/decompiled/Board/Model/ItemUtility.lua	static name match; dynamic dispatch not included
Board.Model.ItemUtility	125	ItemDataModel.IsItemExist	Board.Model.ItemDataModel	code/Lua/decompiled/Board/Model/ItemUtility.lua	static name match; dynamic dispatch not included
Board.Model.ItemUtility	129	ItemDataModel.IsItemExist	Board.Model.ItemDataModel	code/Lua/decompiled/Board/Model/ItemUtility.lua	static name match; dynamic dispatch not included
Board.Model.ItemUtility	133	ItemDataModel.IsChainExist	Board.Model.ItemDataModel	code/Lua/decompiled/Board/Model/ItemUtility.lua	static name match; dynamic dispatch not included
Board.Model.ItemUtility	145	StringUtil.rFindChar	Common.Utility.StringUtil	code/Lua/decompiled/Board/Model/ItemUtility.lua	static name match; dynamic dispatch not included
Board.Model.ItemUtility	155	ItemDataModel.GetChainMaxLevel	Board.Model.ItemDataModel	code/Lua/decompiled/Board/Model/ItemUtility.lua	static name match; dynamic dispatch not included
Board.Model.ItemUtility	224	ItemDataModel.GetChainId	Board.Model.ItemDataModel	code/Lua/decompiled/Board/Model/ItemUtility.lua	static name match; dynamic dispatch not included
Board.Model.ItemUtility	225	ItemDataModel.GetChainLevel	Board.Model.ItemDataModel	code/Lua/decompiled/Board/Model/ItemUtility.lua	static name match; dynamic dispatch not included
Board.Model.ItemUtility	243	Table.ListRandomSelectOne	Common.Utility.Table	code/Lua/decompiled/Board/Model/ItemUtility.lua	static name match; dynamic dispatch not included
Board.Model.ItemUtility	245	MapDataModel.GetInsufficientNeedTools	Model.MapDataModel	code/Lua/decompiled/Board/Model/ItemUtility.lua	static name match; dynamic dispatch not included
Board.Model.ItemUtility	247	Table.ListContain	Common.Utility.Table	code/Lua/decompiled/Board/Model/ItemUtility.lua	static name match; dynamic dispatch not included
Board.Model.ItemUtility	263	Table.ListRandomSelectOne	Common.Utility.Table	code/Lua/decompiled/Board/Model/ItemUtility.lua	static name match; dynamic dispatch not included
Board.Model.ItemUtility	270	Table.ListContain	Common.Utility.Table	code/Lua/decompiled/Board/Model/ItemUtility.lua	static name match; dynamic dispatch not included
Board.Model.ItemUtility	273	ItemBoxSimilarUtility.IsBoxSimilarItem	Board.Model.ItemBoxSimilarUtility	code/Lua/decompiled/Board/Model/ItemUtility.lua	static name match; dynamic dispatch not included
Board.Model.ItemUtility	276	StringUtil.StartWith	Common.Utility.StringUtil	code/Lua/decompiled/Board/Model/ItemUtility.lua	static name match; dynamic dispatch not included
Board.Model.ItemUtility	279	StringUtil.StartWith	Common.Utility.StringUtil	code/Lua/decompiled/Board/Model/ItemUtility.lua	static name match; dynamic dispatch not included
Board.Model.ItemUtility	286	StringUtil.StartWith	Common.Utility.StringUtil	code/Lua/decompiled/Board/Model/ItemUtility.lua	static name match; dynamic dispatch not included
Board.View.BaseActionBoardView	5	BaseBoardView.Init	Board.View.BaseBoardView	code/Lua/decompiled/Board/View/BaseActionBoardView.lua	static name match; dynamic dispatch not included
Board.View.BaseActionBoardView	47	SceneManager.GetGameMode	Model.SceneManager	code/Lua/decompiled/Board/View/BaseActionBoardView.lua	static name match; dynamic dispatch not included
Board.View.BaseActionBoardView	73	PositionUtil.UICameraScreen2World	Common.Utility.PositionUtil	code/Lua/decompiled/Board/View/BaseActionBoardView.lua	static name match; dynamic dispatch not included
Board.View.BaseActionBoardView	124	PositionUtil.UICameraScreen2World	Common.Utility.PositionUtil	code/Lua/decompiled/Board/View/BaseActionBoardView.lua	static name match; dynamic dispatch not included
Board.View.BaseActionBoardView	125	PropertyDataManager.PlayCollectAnimation	Model.UserData.PropertyDataManager	code/Lua/decompiled/Board/View/BaseActionBoardView.lua	static name match; dynamic dispatch not included
Board.View.BaseActionBoardView	142	PositionUtil.UICameraScreen2World	Common.Utility.PositionUtil	code/Lua/decompiled/Board/View/BaseActionBoardView.lua	static name match; dynamic dispatch not included
Board.View.BaseActionBoardView	151	BaseBoardView.OnDestroy	Board.View.BaseBoardView	code/Lua/decompiled/Board/View/BaseActionBoardView.lua	static name match; dynamic dispatch not included
Board.View.BaseBoardView	20	BoardPosition.Copy	Board.Model.Base.BoardPosition	code/Lua/decompiled/Board/View/BaseBoardView.lua	static name match; dynamic dispatch not included
Board.View.BaseBoardView	256	Table.IsEmpty	Common.Utility.Table	code/Lua/decompiled/Board/View/BaseBoardView.lua	static name match; dynamic dispatch not included
Board.View.BaseBoardView	267	Table.IsEmpty	Common.Utility.Table	code/Lua/decompiled/Board/View/BaseBoardView.lua	static name match; dynamic dispatch not included
Board.View.BaseBoardView	337	StringUtil.StartWith	Common.Utility.StringUtil	code/Lua/decompiled/Board/View/BaseBoardView.lua	static name match; dynamic dispatch not included
Board.View.BaseBoardView	359	StringUtil.StartWith	Common.Utility.StringUtil	code/Lua/decompiled/Board/View/BaseBoardView.lua	static name match; dynamic dispatch not included
Board.View.BaseSceneBoardView	19	BaseActionBoardView.Init	Board.View.BaseActionBoardView	code/Lua/decompiled/Board/View/BaseSceneBoardView.lua	static name match; dynamic dispatch not included
Board.View.BaseSceneBoardView	21	TutorialHelper.GetSceneView	Model.Tutorial.TutorialHelper	code/Lua/decompiled/Board/View/BaseSceneBoardView.lua	static name match; dynamic dispatch not included
Board.View.BaseSceneBoardView	100	EventDispatcher.AddActiveListener	Common.Event.EventDispatcher	code/Lua/decompiled/Board/View/BaseSceneBoardView.lua	static name match; dynamic dispatch not included
Board.View.BaseSceneBoardView	101	EventDispatcher.AddActiveListener	Common.Event.EventDispatcher	code/Lua/decompiled/Board/View/BaseSceneBoardView.lua	static name match; dynamic dispatch not included
Board.View.BaseSceneBoardView	102	EventDispatcher.AddActiveListener	Common.Event.EventDispatcher	code/Lua/decompiled/Board/View/BaseSceneBoardView.lua	static name match; dynamic dispatch not included
Board.View.BaseSceneBoardView	103	EventDispatcher.AddActiveListener	Common.Event.EventDispatcher	code/Lua/decompiled/Board/View/BaseSceneBoardView.lua	static name match; dynamic dispatch not included
Board.View.BaseSceneBoardView	104	EventDispatcher.AddActiveListener	Common.Event.EventDispatcher	code/Lua/decompiled/Board/View/BaseSceneBoardView.lua	static name match; dynamic dispatch not included
Board.View.BaseSceneBoardView	105	EventDispatcher.AddActiveListener	Common.Event.EventDispatcher	code/Lua/decompiled/Board/View/BaseSceneBoardView.lua	static name match; dynamic dispatch not included
Board.View.BaseSceneBoardView	106	EventDispatcher.AddActiveListener	Common.Event.EventDispatcher	code/Lua/decompiled/Board/View/BaseSceneBoardView.lua	static name match; dynamic dispatch not included
Board.View.BaseSceneBoardView	107	EventDispatcher.AddActiveListener	Common.Event.EventDispatcher	code/Lua/decompiled/Board/View/BaseSceneBoardView.lua	static name match; dynamic dispatch not included
Board.View.BaseSceneBoardView	108	EventDispatcher.AddActiveListener	Common.Event.EventDispatcher	code/Lua/decompiled/Board/View/BaseSceneBoardView.lua	static name match; dynamic dispatch not included
Board.View.BaseSceneBoardView	109	EventDispatcher.AddActiveListener	Common.Event.EventDispatcher	code/Lua/decompiled/Board/View/BaseSceneBoardView.lua	static name match; dynamic dispatch not included
Board.View.BaseSceneBoardView	153	TutorialHelper.GetHudButton	Model.Tutorial.TutorialHelper	code/Lua/decompiled/Board/View/BaseSceneBoardView.lua	static name match; dynamic dispatch not included
Board.View.BaseSceneBoardView	166	BaseActionBoardView.OnDestroy	Board.View.BaseActionBoardView	code/Lua/decompiled/Board/View/BaseSceneBoardView.lua	static name match; dynamic dispatch not included
Board.View.BaseSceneBoardView	167	EventDispatcher.RemoveTarget	Common.Event.EventDispatcher	code/Lua/decompiled/Board/View/BaseSceneBoardView.lua	static name match; dynamic dispatch not included
Board.View.BaseSceneBoardView	168	Scheduler.UnscheduleTarget	Common.Utility.Scheduler	code/Lua/decompiled/Board/View/BaseSceneBoardView.lua	static name match; dynamic dispatch not included
Board.View.BaseSceneBoardView	182	Table.IsEmpty	Common.Utility.Table	code/Lua/decompiled/Board/View/BaseSceneBoardView.lua	static name match; dynamic dispatch not included
Board.View.BaseSceneBoardView	295	BaseActionBoardView._RemoveItemViewByView	Board.View.BaseActionBoardView	code/Lua/decompiled/Board/View/BaseSceneBoardView.lua	static name match; dynamic dispatch not included
Board.View.BaseSceneBoardView	302	BaseActionBoardView._CanShowMergeLight	Board.View.BaseActionBoardView	code/Lua/decompiled/Board/View/BaseSceneBoardView.lua	static name match; dynamic dispatch not included
Board.View.BaseSceneBoardView	326	BaseActionBoardView._UpdateIndicator	Board.View.BaseActionBoardView	code/Lua/decompiled/Board/View/BaseSceneBoardView.lua	static name match; dynamic dispatch not included
Board.View.BaseSceneBoardView	327	ConfigModel.IsSwallowDisOpen	Model.ConfigModel	code/Lua/decompiled/Board/View/BaseSceneBoardView.lua	static name match; dynamic dispatch not included
Board.View.BaseSceneBoardView	356	ItemDataModel.GetSpriteName	Board.Model.ItemDataModel	code/Lua/decompiled/Board/View/BaseSceneBoardView.lua	static name match; dynamic dispatch not included
Board.View.BaseSceneBoardView	398	TutorialHelper.GetHudButton	Model.Tutorial.TutorialHelper	code/Lua/decompiled/Board/View/BaseSceneBoardView.lua	static name match; dynamic dispatch not included
Board.View.BaseSceneBoardView	399	PositionUtil.UICameraWorld2Screen	Common.Utility.PositionUtil	code/Lua/decompiled/Board/View/BaseSceneBoardView.lua	static name match; dynamic dispatch not included
Board.View.BaseSceneBoardView	434	TutorialHelper.GetHudButton	Model.Tutorial.TutorialHelper	code/Lua/decompiled/Board/View/BaseSceneBoardView.lua	static name match; dynamic dispatch not included
Board.View.BaseSceneBoardView	484	PositionUtil.UICameraWorld2Screen	Common.Utility.PositionUtil	code/Lua/decompiled/Board/View/BaseSceneBoardView.lua	static name match; dynamic dispatch not included
Board.View.BaseSceneBoardView	505	SceneManager.GetGameMode	Model.SceneManager	code/Lua/decompiled/Board/View/BaseSceneBoardView.lua	static name match; dynamic dispatch not included
Board.View.BaseSceneBoardView	515	SceneManager.GetGameMode	Model.SceneManager	code/Lua/decompiled/Board/View/BaseSceneBoardView.lua	static name match; dynamic dispatch not included
Board.View.BaseSceneBoardView	523	TutorialHelper.GetHudButton	Model.Tutorial.TutorialHelper	code/Lua/decompiled/Board/View/BaseSceneBoardView.lua	static name match; dynamic dispatch not included
Board.View.BaseSceneBoardView	537	PositionUtil.UICameraWorld2Screen	Common.Utility.PositionUtil	code/Lua/decompiled/Board/View/BaseSceneBoardView.lua	static name match; dynamic dispatch not included
Board.View.BaseSceneBoardView	552	SceneManager.GetGameMode	Model.SceneManager	code/Lua/decompiled/Board/View/BaseSceneBoardView.lua	static name match; dynamic dispatch not included
Board.View.BaseSceneBoardView	559	SceneManager.GetGameMode	Model.SceneManager	code/Lua/decompiled/Board/View/BaseSceneBoardView.lua	static name match; dynamic dispatch not included
Board.View.BaseSceneBoardView	567	BaseActionBoardView._PlayJumpAnimation	Board.View.BaseActionBoardView	code/Lua/decompiled/Board/View/BaseSceneBoardView.lua	static name match; dynamic dispatch not included
Board.View.BaseSceneBoardView	604	PlayerPrefs.GetInt	Common.Utility.PlayerPrefs	code/Lua/decompiled/Board/View/BaseSceneBoardView.lua	static name match; dynamic dispatch not included
Board.View.BaseSceneBoardView	611	Scheduler.Unschedule	Common.Utility.Scheduler	code/Lua/decompiled/Board/View/BaseSceneBoardView.lua	static name match; dynamic dispatch not included
Board.View.BaseSceneBoardView	619	GameConfig.IsTestMode	Common.GameConfig	code/Lua/decompiled/Board/View/BaseSceneBoardView.lua	static name match; dynamic dispatch not included
Board.View.BaseSceneBoardView	623	GameConfig.IsTestMode	Common.GameConfig	code/Lua/decompiled/Board/View/BaseSceneBoardView.lua	static name match; dynamic dispatch not included
Board.View.BaseSceneBoardView	639	GameConfig.IsTestMode	Common.GameConfig	code/Lua/decompiled/Board/View/BaseSceneBoardView.lua	static name match; dynamic dispatch not included
Board.View.BaseSceneBoardView	646	Scheduler.Schedule	Common.Utility.Scheduler	code/Lua/decompiled/Board/View/BaseSceneBoardView.lua	static name match; dynamic dispatch not included
Board.View.BaseSceneBoardView	654	GameConfig.IsTestMode	Common.GameConfig	code/Lua/decompiled/Board/View/BaseSceneBoardView.lua	static name match; dynamic dispatch not included
Board.View.BaseSceneBoardView	668	GameConfig.IsTestMode	Common.GameConfig	code/Lua/decompiled/Board/View/BaseSceneBoardView.lua	static name match; dynamic dispatch not included
Board.View.BaseSceneBoardView	676	TutorialModel.HasAnyStrongTutorialOngoing	Model.Tutorial.TutorialModel	code/Lua/decompiled/Board/View/BaseSceneBoardView.lua	static name match; dynamic dispatch not included
Board.View.BaseSceneBoardView	695	StringUtil.Split	Common.Utility.StringUtil	code/Lua/decompiled/Board/View/BaseSceneBoardView.lua	static name match; dynamic dispatch not included
Board.View.BaseSceneBoardView	697	LevelModel.GetCurrentLevel	Model.UserData.LevelModel	code/Lua/decompiled/Board/View/BaseSceneBoardView.lua	static name match; dynamic dispatch not included
Board.View.BaseSceneBoardView	712	Scheduler.Unschedule	Common.Utility.Scheduler	code/Lua/decompiled/Board/View/BaseSceneBoardView.lua	static name match; dynamic dispatch not included
Board.View.BaseSceneBoardView	774	SceneManager.GetGameMode	Model.SceneManager	code/Lua/decompiled/Board/View/BaseSceneBoardView.lua	static name match; dynamic dispatch not included
Board.View.BaseSceneBoardView	778	ConfigModel.IsServerControlOpen	Model.ConfigModel	code/Lua/decompiled/Board/View/BaseSceneBoardView.lua	static name match; dynamic dispatch not included
Board.View.BaseSceneBoardView	822	TutorialModel.GetForceSourceBoardPosition	Model.Tutorial.TutorialModel	code/Lua/decompiled/Board/View/BaseSceneBoardView.lua	static name match; dynamic dispatch not included
Board.View.BaseSceneBoardView	825	Table.ListContain	Common.Utility.Table	code/Lua/decompiled/Board/View/BaseSceneBoardView.lua	static name match; dynamic dispatch not included
Board.View.BaseSceneBoardView	844	GameConfig.IsTestMode	Common.GameConfig	code/Lua/decompiled/Board/View/BaseSceneBoardView.lua	static name match; dynamic dispatch not included
Board.View.BaseSceneBoardView	848	EventDispatcher.DispatchEvent	Common.Event.EventDispatcher	code/Lua/decompiled/Board/View/BaseSceneBoardView.lua	static name match; dynamic dispatch not included
Board.View.BaseSceneBoardView	862	EventDispatcher.DispatchEvent	Common.Event.EventDispatcher	code/Lua/decompiled/Board/View/BaseSceneBoardView.lua	static name match; dynamic dispatch not included
Board.View.BaseSceneBoardView	873	PositionUtil.UICameraScreen2World	Common.Utility.PositionUtil	code/Lua/decompiled/Board/View/BaseSceneBoardView.lua	static name match; dynamic dispatch not included
Board.View.BaseSceneBoardView	890	GameConfig.IsTestMode	Common.GameConfig	code/Lua/decompiled/Board/View/BaseSceneBoardView.lua	static name match; dynamic dispatch not included
Board.View.BaseSceneBoardView	910	GameConfig.IsTestMode	Common.GameConfig	code/Lua/decompiled/Board/View/BaseSceneBoardView.lua	static name match; dynamic dispatch not included
Board.View.BaseSceneBoardView	931	TutorialModel.GetForceTargetBoardPosition	Model.Tutorial.TutorialModel	code/Lua/decompiled/Board/View/BaseSceneBoardView.lua	static name match; dynamic dispatch not included
Board.View.BaseSceneBoardView	935	Table.ListContain	Common.Utility.Table	code/Lua/decompiled/Board/View/BaseSceneBoardView.lua	static name match; dynamic dispatch not included
Board.View.BaseSceneBoardView	940	PositionUtil.UICameraScreen2World	Common.Utility.PositionUtil	code/Lua/decompiled/Board/View/BaseSceneBoardView.lua	static name match; dynamic dispatch not included
Board.View.BaseSceneBoardView	944	OpenFunctionModel.IsFunctionOpen	Model.OpenFunctionModel	code/Lua/decompiled/Board/View/BaseSceneBoardView.lua	static name match; dynamic dispatch not included
Board.View.BaseSceneBoardView	946	GameConfig.IsTestMode	Common.GameConfig	code/Lua/decompiled/Board/View/BaseSceneBoardView.lua	static name match; dynamic dispatch not included
Board.View.BaseSceneBoardView	959	EventDispatcher.DispatchEvent	Common.Event.EventDispatcher	code/Lua/decompiled/Board/View/BaseSceneBoardView.lua	static name match; dynamic dispatch not included
Board.View.BaseSceneBoardView	984	ActivityManager.GetModel	Model.Activity.ActivityManager	code/Lua/decompiled/Board/View/BaseSceneBoardView.lua	static name match; dynamic dispatch not included
Board.View.BaseSceneBoardView	985	ActivityManager.GetModel	Model.Activity.ActivityManager	code/Lua/decompiled/Board/View/BaseSceneBoardView.lua	static name match; dynamic dispatch not included
Board.View.BaseSceneBoardView	1011	PositionUtil.UICameraScreen2World	Common.Utility.PositionUtil	code/Lua/decompiled/Board/View/BaseSceneBoardView.lua	static name match; dynamic dispatch not included
Board.View.BaseSceneBoardView	1044	EventDispatcher.DispatchEvent	Common.Event.EventDispatcher	code/Lua/decompiled/Board/View/BaseSceneBoardView.lua	static name match; dynamic dispatch not included
Board.View.BaseSceneBoardView	1063	ItemDataModel.GetChainLevel	Board.Model.ItemDataModel	code/Lua/decompiled/Board/View/BaseSceneBoardView.lua	static name match; dynamic dispatch not included
Board.View.BaseSceneBoardView	1151	ItemDataModel.GetSpreadPrompt	Board.Model.ItemDataModel	code/Lua/decompiled/Board/View/BaseSceneBoardView.lua	static name match; dynamic dispatch not included
Board.View.BaseSceneBoardView	1152	SceneManager.GetGameMode	Model.SceneManager	code/Lua/decompiled/Board/View/BaseSceneBoardView.lua	static name match; dynamic dispatch not included
Board.View.BaseSceneBoardView	1173	SceneManager.GetGameMode	Model.SceneManager	code/Lua/decompiled/Board/View/BaseSceneBoardView.lua	static name match; dynamic dispatch not included
Board.View.BaseSceneBoardView	1192	OpenFunctionModel.SetFunctionEnable	Model.OpenFunctionModel	code/Lua/decompiled/Board/View/BaseSceneBoardView.lua	static name match; dynamic dispatch not included
Board.View.BaseSceneBoardView	1195	TutorialHelper.GetHudButton	Model.Tutorial.TutorialHelper	code/Lua/decompiled/Board/View/BaseSceneBoardView.lua	static name match; dynamic dispatch not included
Board.View.BaseSceneBoardView	1196	PositionUtil.UICameraWorld2Screen	Common.Utility.PositionUtil	code/Lua/decompiled/Board/View/BaseSceneBoardView.lua	static name match; dynamic dispatch not included
Board.View.BaseSceneBoardView	1225	OpenFunctionModel.SetFunctionEnable	Model.OpenFunctionModel	code/Lua/decompiled/Board/View/BaseSceneBoardView.lua	static name match; dynamic dispatch not included
Board.View.BaseSceneBoardView	1228	TutorialHelper.GetHudButton	Model.Tutorial.TutorialHelper	code/Lua/decompiled/Board/View/BaseSceneBoardView.lua	static name match; dynamic dispatch not included
Board.View.BaseSceneBoardView	1229	PositionUtil.UICameraWorld2Screen	Common.Utility.PositionUtil	code/Lua/decompiled/Board/View/BaseSceneBoardView.lua	static name match; dynamic dispatch not included
Board.View.BaseSceneBoardView	1261	EventDispatcher.DispatchEvent	Common.Event.EventDispatcher	code/Lua/decompiled/Board/View/BaseSceneBoardView.lua	static name match; dynamic dispatch not included
Board.View.BaseSceneBoardView	1294	EventDispatcher.DispatchEvent	Common.Event.EventDispatcher	code/Lua/decompiled/Board/View/BaseSceneBoardView.lua	static name match; dynamic dispatch not included
Board.View.BaseSceneBoardView	1332	Table.IsEmpty	Common.Utility.Table	code/Lua/decompiled/Board/View/BaseSceneBoardView.lua	static name match; dynamic dispatch not included
Board.View.BaseSceneBoardView	1370	BaseActionBoardView._OnTransformItem	Board.View.BaseActionBoardView	code/Lua/decompiled/Board/View/BaseSceneBoardView.lua	static name match; dynamic dispatch not included
Board.View.BaseSceneBoardView	1390	PositionUtil.UICameraScreen2World	Common.Utility.PositionUtil	code/Lua/decompiled/Board/View/BaseSceneBoardView.lua	static name match; dynamic dispatch not included
Board.View.BaseSceneBoardView	1393	PropertyDataManager.PlayCollectAnimation	Model.UserData.PropertyDataManager	code/Lua/decompiled/Board/View/BaseSceneBoardView.lua	static name match; dynamic dispatch not included
Board.View.BaseSceneBoardView	1402	ItemDataModel.GetSpriteName	Board.Model.ItemDataModel	code/Lua/decompiled/Board/View/BaseSceneBoardView.lua	static name match; dynamic dispatch not included
Board.View.BaseSceneBoardView	1413	PropertyDataManager.PlayAcquireAnimation	Model.UserData.PropertyDataManager	code/Lua/decompiled/Board/View/BaseSceneBoardView.lua	static name match; dynamic dispatch not included
Board.View.BaseSceneBoardView	1441	PositionUtil.UICameraScreen2World	Common.Utility.PositionUtil	code/Lua/decompiled/Board/View/BaseSceneBoardView.lua	static name match; dynamic dispatch not included
Board.View.BaseSceneBoardView	1445	PropertyDataManager.PlayCollectAnimation	Model.UserData.PropertyDataManager	code/Lua/decompiled/Board/View/BaseSceneBoardView.lua	static name match; dynamic dispatch not included
Board.View.BaseSceneBoardView	1454	ItemDataModel.GetSpriteName	Board.Model.ItemDataModel	code/Lua/decompiled/Board/View/BaseSceneBoardView.lua	static name match; dynamic dispatch not included
Board.View.BaseSceneBoardView	1478	StringUtil.StartWith	Common.Utility.StringUtil	code/Lua/decompiled/Board/View/BaseSceneBoardView.lua	static name match; dynamic dispatch not included
Board.View.BaseSceneBoardView	1626	Table.IsEmpty	Common.Utility.Table	code/Lua/decompiled/Board/View/BaseSceneBoardView.lua	static name match; dynamic dispatch not included
Board.View.BaseSceneBoardView	1671	Table.IsEmpty	Common.Utility.Table	code/Lua/decompiled/Board/View/BaseSceneBoardView.lua	static name match; dynamic dispatch not included
Board.View.BaseSceneBoardView	1690	PositionUtil.UICameraScreen2World	Common.Utility.PositionUtil	code/Lua/decompiled/Board/View/BaseSceneBoardView.lua	static name match; dynamic dispatch not included
Board.View.BaseSceneBoardView	1724	Table.IsEmpty	Common.Utility.Table	code/Lua/decompiled/Board/View/BaseSceneBoardView.lua	static name match; dynamic dispatch not included
Board.View.BaseSceneBoardView	1728	RewardApi.AcquireRewardsInView	Model.UserData.RewardApi	code/Lua/decompiled/Board/View/BaseSceneBoardView.lua	static name match; dynamic dispatch not included
Board.View.BaseSceneBoardView	1731	Table.IsEmpty	Common.Utility.Table	code/Lua/decompiled/Board/View/BaseSceneBoardView.lua	static name match; dynamic dispatch not included
Board.View.BaseSceneBoardView	1734	EventDispatcher.DispatchEvent	Common.Event.EventDispatcher	code/Lua/decompiled/Board/View/BaseSceneBoardView.lua	static name match; dynamic dispatch not included
Board.View.BaseSceneBoardView	1792	ConfigModel.IsServerControlOpen	Model.ConfigModel	code/Lua/decompiled/Board/View/BaseSceneBoardView.lua	static name match; dynamic dispatch not included
Board.View.BaseSceneBoardView	1827	Table.IsEmpty	Common.Utility.Table	code/Lua/decompiled/Board/View/BaseSceneBoardView.lua	static name match; dynamic dispatch not included
Board.View.BaseSceneBoardView	1829	Table.IsEmpty	Common.Utility.Table	code/Lua/decompiled/Board/View/BaseSceneBoardView.lua	static name match; dynamic dispatch not included
Board.View.BaseSceneBoardView	1846	Table.IsEmpty	Common.Utility.Table	code/Lua/decompiled/Board/View/BaseSceneBoardView.lua	static name match; dynamic dispatch not included
Board.View.BaseSceneBoardView	1856	Table.IsEmpty	Common.Utility.Table	code/Lua/decompiled/Board/View/BaseSceneBoardView.lua	static name match; dynamic dispatch not included
Board.View.BaseSceneBoardView	1887	EventDispatcher.DispatchEvent	Common.Event.EventDispatcher	code/Lua/decompiled/Board/View/BaseSceneBoardView.lua	static name match; dynamic dispatch not included
Board.View.BaseSceneBoardView	1917	Table.ListRemove	Common.Utility.Table	code/Lua/decompiled/Board/View/BaseSceneBoardView.lua	static name match; dynamic dispatch not included
Board.View.BaseSceneBoardView	1953	EventDispatcher.DispatchEvent	Common.Event.EventDispatcher	code/Lua/decompiled/Board/View/BaseSceneBoardView.lua	static name match; dynamic dispatch not included
Board.View.BaseSceneBoardView	1986	EventDispatcher.DispatchEvent	Common.Event.EventDispatcher	code/Lua/decompiled/Board/View/BaseSceneBoardView.lua	static name match; dynamic dispatch not included
Board.View.BaseSceneBoardView	1994	Table.IsEmpty	Common.Utility.Table	code/Lua/decompiled/Board/View/BaseSceneBoardView.lua	static name match; dynamic dispatch not included
Board.View.BaseSceneBoardView	1999	PositionUtil.UICameraScreen2World	Common.Utility.PositionUtil	code/Lua/decompiled/Board/View/BaseSceneBoardView.lua	static name match; dynamic dispatch not included
Board.View.BaseSceneBoardView	2001	PositionUtil.UICameraScreen2World	Common.Utility.PositionUtil	code/Lua/decompiled/Board/View/BaseSceneBoardView.lua	static name match; dynamic dispatch not included
Board.View.BaseSceneBoardView	2012	PositionUtil.UICameraScreen2World	Common.Utility.PositionUtil	code/Lua/decompiled/Board/View/BaseSceneBoardView.lua	static name match; dynamic dispatch not included
Board.View.BaseSceneBoardView	2024	Table.IsEmpty	Common.Utility.Table	code/Lua/decompiled/Board/View/BaseSceneBoardView.lua	static name match; dynamic dispatch not included
Board.View.BaseSceneBoardView	2029	PositionUtil.UICameraScreen2World	Common.Utility.PositionUtil	code/Lua/decompiled/Board/View/BaseSceneBoardView.lua	static name match; dynamic dispatch not included
Board.View.BaseSceneBoardView	2031	PositionUtil.UICameraScreen2World	Common.Utility.PositionUtil	code/Lua/decompiled/Board/View/BaseSceneBoardView.lua	static name match; dynamic dispatch not included
Board.View.BaseSceneBoardView	2042	PositionUtil.UICameraScreen2World	Common.Utility.PositionUtil	code/Lua/decompiled/Board/View/BaseSceneBoardView.lua	static name match; dynamic dispatch not included
Board.View.BaseSceneBoardView	2053	TutorialHelper.GetHudButton	Model.Tutorial.TutorialHelper	code/Lua/decompiled/Board/View/BaseSceneBoardView.lua	static name match; dynamic dispatch not included
Board.View.BaseSceneBoardView	2056	PositionUtil.UICameraWorld2Screen	Common.Utility.PositionUtil	code/Lua/decompiled/Board/View/BaseSceneBoardView.lua	static name match; dynamic dispatch not included
Board.View.BaseSceneBoardView	2102	ConfigModel.IsServerControlOpen	Model.ConfigModel	code/Lua/decompiled/Board/View/BaseSceneBoardView.lua	static name match; dynamic dispatch not included
Board.View.BaseSceneBoardView	2106	EnergyModel.IsEnergyFull	Model.UserData.EnergyModel	code/Lua/decompiled/Board/View/BaseSceneBoardView.lua	static name match; dynamic dispatch not included
Board.View.BaseSceneBoardView	2127	PositionUtil.UICameraScreen2World	Common.Utility.PositionUtil	code/Lua/decompiled/Board/View/BaseSceneBoardView.lua	static name match; dynamic dispatch not included
Board.View.BaseSceneBoardView	2133	RewardApi.AcquireRewardsInView	Model.UserData.RewardApi	code/Lua/decompiled/Board/View/BaseSceneBoardView.lua	static name match; dynamic dispatch not included
Board.View.BaseSceneBoardView	2147	EventDispatcher.DispatchEvent	Common.Event.EventDispatcher	code/Lua/decompiled/Board/View/BaseSceneBoardView.lua	static name match; dynamic dispatch not included
Board.View.BaseSceneBoardView	2156	ItemDataModel.GetModelConfig	Board.Model.ItemDataModel	code/Lua/decompiled/Board/View/BaseSceneBoardView.lua	static name match; dynamic dispatch not included
Board.View.BaseSceneBoardView	2165	GameModel.GetServerTime	Model.GameModel	code/Lua/decompiled/Board/View/BaseSceneBoardView.lua	static name match; dynamic dispatch not included
Board.View.BaseSceneBoardView	2173	EventDispatcher.DispatchEvent	Common.Event.EventDispatcher	code/Lua/decompiled/Board/View/BaseSceneBoardView.lua	static name match; dynamic dispatch not included
Board.View.BaseSceneBoardView	2190	OpenFunctionModel.IsFunctionOpen	Model.OpenFunctionModel	code/Lua/decompiled/Board/View/BaseSceneBoardView.lua	static name match; dynamic dispatch not included
Board.View.BaseSceneBoardView	2257	TutorialHelper.GetHudButton	Model.Tutorial.TutorialHelper	code/Lua/decompiled/Board/View/BaseSceneBoardView.lua	static name match; dynamic dispatch not included
Board.View.BaseSceneBoardView	2293	TutorialHelper.GetHudButton	Model.Tutorial.TutorialHelper	code/Lua/decompiled/Board/View/BaseSceneBoardView.lua	static name match; dynamic dispatch not included
Board.View.BaseSceneBoardView	2298	PositionUtil.UICameraWorld2Screen	Common.Utility.PositionUtil	code/Lua/decompiled/Board/View/BaseSceneBoardView.lua	static name match; dynamic dispatch not included
Board.View.BaseSceneBoardView	2354	EventDispatcher.DispatchEvent	Common.Event.EventDispatcher	code/Lua/decompiled/Board/View/BaseSceneBoardView.lua	static name match; dynamic dispatch not included
Board.View.BaseSceneBoardView	2366	PositionUtil.UICameraScreen2World	Common.Utility.PositionUtil	code/Lua/decompiled/Board/View/BaseSceneBoardView.lua	static name match; dynamic dispatch not included
Board.View.BaseSceneBoardView	2369	RewardApi.AcquireRewardsInView	Model.UserData.RewardApi	code/Lua/decompiled/Board/View/BaseSceneBoardView.lua	static name match; dynamic dispatch not included
Board.View.BaseSceneBoardView	2373	ConfigModel.IsServerControlOpen	Model.ConfigModel	code/Lua/decompiled/Board/View/BaseSceneBoardView.lua	static name match; dynamic dispatch not included
Board.View.BaseSceneBoardView	2386	Table.ListContain	Common.Utility.Table	code/Lua/decompiled/Board/View/BaseSceneBoardView.lua	static name match; dynamic dispatch not included
Board.View.BaseSceneBoardView	2397	Table.ListRemove	Common.Utility.Table	code/Lua/decompiled/Board/View/BaseSceneBoardView.lua	static name match; dynamic dispatch not included
Board.View.BaseSceneBoardView	2404	Table.ListRemove	Common.Utility.Table	code/Lua/decompiled/Board/View/BaseSceneBoardView.lua	static name match; dynamic dispatch not included
Board.View.BaseSceneBoardView	2443	ConfigModel.IsServerControlOpen	Model.ConfigModel	code/Lua/decompiled/Board/View/BaseSceneBoardView.lua	static name match; dynamic dispatch not included
Board.View.BaseSceneBoardView	2454	Table.ListRemove	Common.Utility.Table	code/Lua/decompiled/Board/View/BaseSceneBoardView.lua	static name match; dynamic dispatch not included
Board.View.BaseSceneBoardView	2473	PositionUtil.UICameraWorld2Screen	Common.Utility.PositionUtil	code/Lua/decompiled/Board/View/BaseSceneBoardView.lua	static name match; dynamic dispatch not included
Board.View.BaseSceneBoardView	2531	PositionUtil.UICameraScreen2World	Common.Utility.PositionUtil	code/Lua/decompiled/Board/View/BaseSceneBoardView.lua	static name match; dynamic dispatch not included
Board.View.BaseSceneBoardView	2534	RewardApi.AcquireRewardsInView	Model.UserData.RewardApi	code/Lua/decompiled/Board/View/BaseSceneBoardView.lua	static name match; dynamic dispatch not included
Board.View.BaseSceneBoardView	2543	Table.ListContain	Common.Utility.Table	code/Lua/decompiled/Board/View/BaseSceneBoardView.lua	static name match; dynamic dispatch not included
Board.View.BaseSceneBoardView	2567	Table.ListRemove	Common.Utility.Table	code/Lua/decompiled/Board/View/BaseSceneBoardView.lua	static name match; dynamic dispatch not included
Board.View.BaseSceneBoardView	2581	Table.ListRemove	Common.Utility.Table	code/Lua/decompiled/Board/View/BaseSceneBoardView.lua	static name match; dynamic dispatch not included
Board.View.BaseUIBoardView	7	BaseActionBoardView.Init	Board.View.BaseActionBoardView	code/Lua/decompiled/Board/View/BaseUIBoardView.lua	static name match; dynamic dispatch not included
Board.View.BaseUIBoardView	42	EventDispatcher.AddActiveListener	Common.Event.EventDispatcher	code/Lua/decompiled/Board/View/BaseUIBoardView.lua	static name match; dynamic dispatch not included
Board.View.BaseUIBoardView	43	EventDispatcher.AddActiveListener	Common.Event.EventDispatcher	code/Lua/decompiled/Board/View/BaseUIBoardView.lua	static name match; dynamic dispatch not included
Board.View.BaseUIBoardView	44	EventDispatcher.AddActiveListener	Common.Event.EventDispatcher	code/Lua/decompiled/Board/View/BaseUIBoardView.lua	static name match; dynamic dispatch not included
Board.View.BaseUIBoardView	45	EventDispatcher.AddActiveListener	Common.Event.EventDispatcher	code/Lua/decompiled/Board/View/BaseUIBoardView.lua	static name match; dynamic dispatch not included
Board.View.BaseUIBoardView	46	EventDispatcher.AddActiveListener	Common.Event.EventDispatcher	code/Lua/decompiled/Board/View/BaseUIBoardView.lua	static name match; dynamic dispatch not included
Board.View.BaseUIBoardView	67	BaseActionBoardView.OnDestroy	Board.View.BaseActionBoardView	code/Lua/decompiled/Board/View/BaseUIBoardView.lua	static name match; dynamic dispatch not included
Board.View.BaseUIBoardView	69	EventDispatcher.RemoveTarget	Common.Event.EventDispatcher	code/Lua/decompiled/Board/View/BaseUIBoardView.lua	static name match; dynamic dispatch not included
Board.View.BaseUIBoardView	70	Scheduler.UnscheduleTarget	Common.Utility.Scheduler	code/Lua/decompiled/Board/View/BaseUIBoardView.lua	static name match; dynamic dispatch not included
Board.View.BaseUIBoardView	71	Table.IsEmpty	Common.Utility.Table	code/Lua/decompiled/Board/View/BaseUIBoardView.lua	static name match; dynamic dispatch not included
Board.View.BaseUIBoardView	84	GameConfig.IsTestMode	Common.GameConfig	code/Lua/decompiled/Board/View/BaseUIBoardView.lua	static name match; dynamic dispatch not included
Board.View.BaseUIBoardView	164	ActivityManager.GetModel	Model.Activity.ActivityManager	code/Lua/decompiled/Board/View/BaseUIBoardView.lua	static name match; dynamic dispatch not included
Board.View.BaseUIBoardView	172	Table.IsEmpty	Common.Utility.Table	code/Lua/decompiled/Board/View/BaseUIBoardView.lua	static name match; dynamic dispatch not included
Board.View.BaseUIBoardView	232	BaseActionBoardView._AddTile	Board.View.BaseActionBoardView	code/Lua/decompiled/Board/View/BaseUIBoardView.lua	static name match; dynamic dispatch not included
Board.View.BaseUIBoardView	366	TutorialModel.HasAnyStrongTutorialOngoing	Model.Tutorial.TutorialModel	code/Lua/decompiled/Board/View/BaseUIBoardView.lua	static name match; dynamic dispatch not included
Board.View.BaseUIBoardView	367	GameConfig.IsTestMode	Common.GameConfig	code/Lua/decompiled/Board/View/BaseUIBoardView.lua	static name match; dynamic dispatch not included
Board.View.BaseUIBoardView	372	PlayerPrefs.GetInt	Common.Utility.PlayerPrefs	code/Lua/decompiled/Board/View/BaseUIBoardView.lua	static name match; dynamic dispatch not included
Board.View.BaseUIBoardView	377	Scheduler.Schedule	Common.Utility.Scheduler	code/Lua/decompiled/Board/View/BaseUIBoardView.lua	static name match; dynamic dispatch not included
Board.View.BaseUIBoardView	382	GameConfig.IsTestMode	Common.GameConfig	code/Lua/decompiled/Board/View/BaseUIBoardView.lua	static name match; dynamic dispatch not included
Board.View.BaseUIBoardView	394	Scheduler.Unschedule	Common.Utility.Scheduler	code/Lua/decompiled/Board/View/BaseUIBoardView.lua	static name match; dynamic dispatch not included
Board.View.BaseUIBoardView	403	GameConfig.IsTestMode	Common.GameConfig	code/Lua/decompiled/Board/View/BaseUIBoardView.lua	static name match; dynamic dispatch not included
Board.View.BaseUIBoardView	407	GameConfig.IsTestMode	Common.GameConfig	code/Lua/decompiled/Board/View/BaseUIBoardView.lua	static name match; dynamic dispatch not included
Board.View.BaseUIBoardView	430	TutorialModel.HasAnyStrongTutorialOngoing	Model.Tutorial.TutorialModel	code/Lua/decompiled/Board/View/BaseUIBoardView.lua	static name match; dynamic dispatch not included
Board.View.BaseUIBoardView	454	Scheduler.Unschedule	Common.Utility.Scheduler	code/Lua/decompiled/Board/View/BaseUIBoardView.lua	static name match; dynamic dispatch not included
Board.View.BaseUIBoardView	471	ActivityManager.GetModel	Model.Activity.ActivityManager	code/Lua/decompiled/Board/View/BaseUIBoardView.lua	static name match; dynamic dispatch not included
Board.View.BaseUIBoardView	475	EventDispatcher.DispatchEvent	Common.Event.EventDispatcher	code/Lua/decompiled/Board/View/BaseUIBoardView.lua	static name match; dynamic dispatch not included
Board.View.BaseUIBoardView	482	PositionUtil.UICameraScreen2World	Common.Utility.PositionUtil	code/Lua/decompiled/Board/View/BaseUIBoardView.lua	static name match; dynamic dispatch not included
Board.View.BaseUIBoardView	484	ItemDataModel.GetChainId	Board.Model.ItemDataModel	code/Lua/decompiled/Board/View/BaseUIBoardView.lua	static name match; dynamic dispatch not included
Board.View.BaseUIBoardView	485	ItemUtility.GetItemCode	Board.Model.ItemUtility	code/Lua/decompiled/Board/View/BaseUIBoardView.lua	static name match; dynamic dispatch not included
Board.View.BaseUIBoardView	489	ItemDataModel.GetSpriteName	Board.Model.ItemDataModel	code/Lua/decompiled/Board/View/BaseUIBoardView.lua	static name match; dynamic dispatch not included
Board.View.BaseUIBoardView	492	EventDispatcher.DispatchEvent	Common.Event.EventDispatcher	code/Lua/decompiled/Board/View/BaseUIBoardView.lua	static name match; dynamic dispatch not included
Board.View.BaseUIBoardView	498	BaseActionBoardView._OnCollectItem	Board.View.BaseActionBoardView	code/Lua/decompiled/Board/View/BaseUIBoardView.lua	static name match; dynamic dispatch not included
Board.View.BaseUIBoardView	514	BaseActionBoardView._OnTransformItem	Board.View.BaseActionBoardView	code/Lua/decompiled/Board/View/BaseUIBoardView.lua	static name match; dynamic dispatch not included
Board.View.BaseUIBoardView	542	ItemDataModel.GetSpriteName	Board.Model.ItemDataModel	code/Lua/decompiled/Board/View/BaseUIBoardView.lua	static name match; dynamic dispatch not included
Board.View.BaseUIBoardView	550	BaseActionBoardView._OnSpreadItem	Board.View.BaseActionBoardView	code/Lua/decompiled/Board/View/BaseUIBoardView.lua	static name match; dynamic dispatch not included
Board.View.BaseUIBoardView	561	Table.IsEmpty	Common.Utility.Table	code/Lua/decompiled/Board/View/BaseUIBoardView.lua	static name match; dynamic dispatch not included
Board.View.BaseUIBoardView	582	ItemDataModel.GetChainLevel	Board.Model.ItemDataModel	code/Lua/decompiled/Board/View/BaseUIBoardView.lua	static name match; dynamic dispatch not included
Board.View.BaseUIBoardView	656	EventDispatcher.DispatchEvent	Common.Event.EventDispatcher	code/Lua/decompiled/Board/View/BaseUIBoardView.lua	static name match; dynamic dispatch not included
Board.View.BaseUIBoardView	659	ItemSticker.SetNewItem	Board.Model.Item.ItemSticker	code/Lua/decompiled/Board/View/BaseUIBoardView.lua	static name match; dynamic dispatch not included
Board.View.BaseUIBoardView	660	ItemSticker.OnRewardClaimed	Board.Model.Item.ItemSticker	code/Lua/decompiled/Board/View/BaseUIBoardView.lua	static name match; dynamic dispatch not included
Board.View.BaseUIBoardView	694	ActivityManager.GetModel	Model.Activity.ActivityManager	code/Lua/decompiled/Board/View/BaseUIBoardView.lua	static name match; dynamic dispatch not included
Board.View.BaseUIBoardView	732	ConfigModel.IsServerControlOpen	Model.ConfigModel	code/Lua/decompiled/Board/View/BaseUIBoardView.lua	static name match; dynamic dispatch not included
Board.View.BaseUIBoardView	736	EnergyModel.IsEnergyFull	Model.UserData.EnergyModel	code/Lua/decompiled/Board/View/BaseUIBoardView.lua	static name match; dynamic dispatch not included
Board.View.BaseUIBoardView	866	EventDispatcher.DispatchEvent	Common.Event.EventDispatcher	code/Lua/decompiled/Board/View/BaseUIBoardView.lua	static name match; dynamic dispatch not included
Board.View.BaseUIBoardView	910	Table.IsEmpty	Common.Utility.Table	code/Lua/decompiled/Board/View/BaseUIBoardView.lua	static name match; dynamic dispatch not included
Board.View.BaseUIBoardView	967	EventDispatcher.DispatchEvent	Common.Event.EventDispatcher	code/Lua/decompiled/Board/View/BaseUIBoardView.lua	static name match; dynamic dispatch not included
Board.View.BaseUIBoardView	1022	EventDispatcher.DispatchEvent	Common.Event.EventDispatcher	code/Lua/decompiled/Board/View/BaseUIBoardView.lua	static name match; dynamic dispatch not included
Board.View.BaseUIBoardView	1065	PositionUtil.UICameraScreen2World	Common.Utility.PositionUtil	code/Lua/decompiled/Board/View/BaseUIBoardView.lua	static name match; dynamic dispatch not included
Board.View.BaseUIBoardView	1071	RewardApi.AcquireRewardsInView	Model.UserData.RewardApi	code/Lua/decompiled/Board/View/BaseUIBoardView.lua	static name match; dynamic dispatch not included
Board.View.BaseUIBoardView	1079	BaseActionBoardView._UpdateIndicator	Board.View.BaseActionBoardView	code/Lua/decompiled/Board/View/BaseUIBoardView.lua	static name match; dynamic dispatch not included
Board.View.BaseUIBoardView	1097	TutorialModel.GetForceSourceBoardPosition	Model.Tutorial.TutorialModel	code/Lua/decompiled/Board/View/BaseUIBoardView.lua	static name match; dynamic dispatch not included
Board.View.BaseUIBoardView	1101	ConfigModel.IsServerControlOpen	Model.ConfigModel	code/Lua/decompiled/Board/View/BaseUIBoardView.lua	static name match; dynamic dispatch not included
Board.View.BaseUIBoardView	1116	EventDispatcher.DispatchEvent	Common.Event.EventDispatcher	code/Lua/decompiled/Board/View/BaseUIBoardView.lua	static name match; dynamic dispatch not included
Board.View.BaseUIBoardView	1122	ConfigModel.IsServerControlOpen	Model.ConfigModel	code/Lua/decompiled/Board/View/BaseUIBoardView.lua	static name match; dynamic dispatch not included
Board.View.BaseUIBoardView	1155	EventDispatcher.DispatchEvent	Common.Event.EventDispatcher	code/Lua/decompiled/Board/View/BaseUIBoardView.lua	static name match; dynamic dispatch not included
Board.View.BaseUIBoardView	1168	EventDispatcher.DispatchEvent	Common.Event.EventDispatcher	code/Lua/decompiled/Board/View/BaseUIBoardView.lua	static name match; dynamic dispatch not included
Board.View.BaseUIBoardView	1169	EventDispatcher.DispatchEvent	Common.Event.EventDispatcher	code/Lua/decompiled/Board/View/BaseUIBoardView.lua	static name match; dynamic dispatch not included
Board.View.BaseUIBoardView	1170	EventDispatcher.DispatchEvent	Common.Event.EventDispatcher	code/Lua/decompiled/Board/View/BaseUIBoardView.lua	static name match; dynamic dispatch not included
Board.View.BaseUIBoardView	1182	ConfigModel.IsServerControlOpen	Model.ConfigModel	code/Lua/decompiled/Board/View/BaseUIBoardView.lua	static name match; dynamic dispatch not included
Board.View.BaseUIBoardView	1247	ConfigModel.IsServerControlOpen	Model.ConfigModel	code/Lua/decompiled/Board/View/BaseUIBoardView.lua	static name match; dynamic dispatch not included
Board.View.BaseUIBoardView	1264	EventDispatcher.DispatchEvent	Common.Event.EventDispatcher	code/Lua/decompiled/Board/View/BaseUIBoardView.lua	static name match; dynamic dispatch not included
Board.View.BaseUIBoardView	1265	EventDispatcher.DispatchEvent	Common.Event.EventDispatcher	code/Lua/decompiled/Board/View/BaseUIBoardView.lua	static name match; dynamic dispatch not included
Board.View.BaseUIBoardView	1290	EventDispatcher.DispatchEvent	Common.Event.EventDispatcher	code/Lua/decompiled/Board/View/BaseUIBoardView.lua	static name match; dynamic dispatch not included
Board.View.BaseUIBoardView	1291	EventDispatcher.DispatchEvent	Common.Event.EventDispatcher	code/Lua/decompiled/Board/View/BaseUIBoardView.lua	static name match; dynamic dispatch not included
Board.View.BaseUIBoardView	1295	TutorialModel.GetForceTargetBoardPosition	Model.Tutorial.TutorialModel	code/Lua/decompiled/Board/View/BaseUIBoardView.lua	static name match; dynamic dispatch not included
Board.View.BaseUIBoardView	1297	BaseSceneBoardModel.CreatePosition	Board.Model.Board.BaseSceneBoardModel	code/Lua/decompiled/Board/View/BaseUIBoardView.lua	static name match; dynamic dispatch not included
Board.View.BaseUIBoardView	1312	EventDispatcher.DispatchEvent	Common.Event.EventDispatcher	code/Lua/decompiled/Board/View/BaseUIBoardView.lua	static name match; dynamic dispatch not included
Board.View.BaseUIBoardView	1333	EventDispatcher.DispatchEvent	Common.Event.EventDispatcher	code/Lua/decompiled/Board/View/BaseUIBoardView.lua	static name match; dynamic dispatch not included
Board.View.BaseUIBoardView	1350	EventDispatcher.DispatchEvent	Common.Event.EventDispatcher	code/Lua/decompiled/Board/View/BaseUIBoardView.lua	static name match; dynamic dispatch not included
Board.View.BaseUIBoardView	1361	EventDispatcher.DispatchEvent	Common.Event.EventDispatcher	code/Lua/decompiled/Board/View/BaseUIBoardView.lua	static name match; dynamic dispatch not included
Board.View.BaseUIBoardView	1373	PositionUtil.UICameraScreen2World	Common.Utility.PositionUtil	code/Lua/decompiled/Board/View/BaseUIBoardView.lua	static name match; dynamic dispatch not included
Board.View.BaseUIBoardView	1474	ConfigModel.IsServerControlOpen	Model.ConfigModel	code/Lua/decompiled/Board/View/BaseUIBoardView.lua	static name match; dynamic dispatch not included
Board.View.BaseUIBoardView	1512	ConfigModel.IsServerControlOpen	Model.ConfigModel	code/Lua/decompiled/Board/View/BaseUIBoardView.lua	static name match; dynamic dispatch not included
Board.View.BaseUIBoardView	1568	StringUtil.rFind	Common.Utility.StringUtil	code/Lua/decompiled/Board/View/BaseUIBoardView.lua	static name match; dynamic dispatch not included
Board.View.BaseUIBoardView	1663	ConfigModel.IsServerControlOpen	Model.ConfigModel	code/Lua/decompiled/Board/View/BaseUIBoardView.lua	static name match; dynamic dispatch not included
Board.View.BaseUIBoardView	1743	Table.IsEmpty	Common.Utility.Table	code/Lua/decompiled/Board/View/BaseUIBoardView.lua	static name match; dynamic dispatch not included
Board.View.BaseUIBoardView	1790	BaseActionBoardView._PlayJumpAnimation	Board.View.BaseActionBoardView	code/Lua/decompiled/Board/View/BaseUIBoardView.lua	static name match; dynamic dispatch not included
Board.View.BaseUIBoardView	1871	ItemDataModel.GetModelConfig	Board.Model.ItemDataModel	code/Lua/decompiled/Board/View/BaseUIBoardView.lua	static name match; dynamic dispatch not included
Board.View.BaseUIBoardView	1875	ActivityManager.GetModel	Model.Activity.ActivityManager	code/Lua/decompiled/Board/View/BaseUIBoardView.lua	static name match; dynamic dispatch not included
Board.View.BaseUIBoardView	1879	PositionUtil.UICameraScreen2World	Common.Utility.PositionUtil	code/Lua/decompiled/Board/View/BaseUIBoardView.lua	static name match; dynamic dispatch not included
Board.View.BaseUIBoardView	1884	ItemDataModel.GetSpriteName	Board.Model.ItemDataModel	code/Lua/decompiled/Board/View/BaseUIBoardView.lua	static name match; dynamic dispatch not included
Board.View.BaseUIBoardView	1890	EventDispatcher.DispatchEvent	Common.Event.EventDispatcher	code/Lua/decompiled/Board/View/BaseUIBoardView.lua	static name match; dynamic dispatch not included
Board.View.BaseUIBoardView	1932	BaseActionBoardView._GetItemCollectableTipSortingOrder	Board.View.BaseActionBoardView	code/Lua/decompiled/Board/View/BaseUIBoardView.lua	static name match; dynamic dispatch not included
Board.View.BoardCacheRoot	5	EventDispatcher.AddListener	Common.Event.EventDispatcher	code/Lua/decompiled/Board/View/BoardCacheRoot.lua	static name match; dynamic dispatch not included
Board.View.BoardCacheRoot	20	EventDispatcher.RemoveTarget	Common.Event.EventDispatcher	code/Lua/decompiled/Board/View/BoardCacheRoot.lua	static name match; dynamic dispatch not included
Board.View.BoardCacheRoot	77	ItemModelFactory.GetInnerType	Board.Model.ItemModelFactory	code/Lua/decompiled/Board/View/BoardCacheRoot.lua	static name match; dynamic dispatch not included
Board.View.BoardCacheRoot	92	ItemDataModel.GetSpriteName	Board.Model.ItemDataModel	code/Lua/decompiled/Board/View/BoardCacheRoot.lua	static name match; dynamic dispatch not included
Board.View.BoardCacheRoot	98	EventDispatcher.DispatchEvent	Common.Event.EventDispatcher	code/Lua/decompiled/Board/View/BoardCacheRoot.lua	static name match; dynamic dispatch not included
Board.View.BoardCacheRoot	106	ItemBoxSimilarUtility.IsBoxSimilarItem	Board.Model.ItemBoxSimilarUtility	code/Lua/decompiled/Board/View/BoardCacheRoot.lua	static name match; dynamic dispatch not included
Board.View.BoardCacheRoot	158	ConfigModel.ParseGeneralConf	Model.ConfigModel	code/Lua/decompiled/Board/View/BoardCacheRoot.lua	static name match; dynamic dispatch not included
Board.View.BoardCacheRoot	188	PositionUtil.UICameraScreen2World	Common.Utility.PositionUtil	code/Lua/decompiled/Board/View/BoardCacheRoot.lua	static name match; dynamic dispatch not included
Board.View.BoardCacheRoot	196	ConfigModel.IsServerControlOpen	Model.ConfigModel	code/Lua/decompiled/Board/View/BoardCacheRoot.lua	static name match; dynamic dispatch not included
Board.View.BoardPrompt	123	Table.ShallowCopy	Common.Utility.Table	code/Lua/decompiled/Board/View/BoardPrompt.lua	static name match; dynamic dispatch not included
Board.View.BoardPrompt	141	ActivityManager.GetModel	Model.Activity.ActivityManager	code/Lua/decompiled/Board/View/BoardPrompt.lua	static name match; dynamic dispatch not included
Board.View.BoardPrompt	142	Table.IsEmpty	Common.Utility.Table	code/Lua/decompiled/Board/View/BoardPrompt.lua	static name match; dynamic dispatch not included
Board.View.BoardPrompt	164	ConfigModel.IsBoardPromptFreepdOpen	Model.ConfigModel	code/Lua/decompiled/Board/View/BoardPrompt.lua	static name match; dynamic dispatch not included
Board.View.BoardPrompt	168	ItemDataModel.GetChainId	Board.Model.ItemDataModel	code/Lua/decompiled/Board/View/BoardPrompt.lua	static name match; dynamic dispatch not included
Board.View.BoardPrompt	216	Table.ListRandomSelectN	Common.Utility.Table	code/Lua/decompiled/Board/View/BoardPrompt.lua	static name match; dynamic dispatch not included
Board.View.BoardPrompt	224	Table.ListRandomSelectOne	Common.Utility.Table	code/Lua/decompiled/Board/View/BoardPrompt.lua	static name match; dynamic dispatch not included
Board.View.BoardPrompt	225	Table.ListRandomSelectOne	Common.Utility.Table	code/Lua/decompiled/Board/View/BoardPrompt.lua	static name match; dynamic dispatch not included
Board.View.BoardPrompt	228	Table.ListRandomSelectN	Common.Utility.Table	code/Lua/decompiled/Board/View/BoardPrompt.lua	static name match; dynamic dispatch not included
Board.View.BoardPrompt	232	ConfigModel.IsNewUserSystem	Model.ConfigModel	code/Lua/decompiled/Board/View/BoardPrompt.lua	static name match; dynamic dispatch not included
Board.View.BoardPrompt	235	Table.ListAppend	Common.Utility.Table	code/Lua/decompiled/Board/View/BoardPrompt.lua	static name match; dynamic dispatch not included
Board.View.BoardPrompt	236	Table.ListAppend	Common.Utility.Table	code/Lua/decompiled/Board/View/BoardPrompt.lua	static name match; dynamic dispatch not included
Board.View.BoardPrompt	238	ItemDataModel.IsPdItem	Board.Model.ItemDataModel	code/Lua/decompiled/Board/View/BoardPrompt.lua	static name match; dynamic dispatch not included
Board.View.BoardPrompt	243	Table.ListRandomSelectOne	Common.Utility.Table	code/Lua/decompiled/Board/View/BoardPrompt.lua	static name match; dynamic dispatch not included
Board.View.BoardPrompt	247	Table.ListRandomSelectOne	Common.Utility.Table	code/Lua/decompiled/Board/View/BoardPrompt.lua	static name match; dynamic dispatch not included
Board.View.BoardPrompt	249	Table.ListRandomSelectOne	Common.Utility.Table	code/Lua/decompiled/Board/View/BoardPrompt.lua	static name match; dynamic dispatch not included
Board.View.BoardPrompt	252	Table.ListRandomSelectOne	Common.Utility.Table	code/Lua/decompiled/Board/View/BoardPrompt.lua	static name match; dynamic dispatch not included
Board.View.BoardPrompt	260	ItemDataModel.GetChainLevel	Board.Model.ItemDataModel	code/Lua/decompiled/Board/View/BoardPrompt.lua	static name match; dynamic dispatch not included
Board.View.BoardPrompt	267	ItemDataModel.GetChainLevel	Board.Model.ItemDataModel	code/Lua/decompiled/Board/View/BoardPrompt.lua	static name match; dynamic dispatch not included
Board.View.BoardPrompt	302	Table.ListRandomSelectOne	Common.Utility.Table	code/Lua/decompiled/Board/View/BoardPrompt.lua	static name match; dynamic dispatch not included
Board.View.BoardPrompt	316	GameConfig.IsTestMode	Common.GameConfig	code/Lua/decompiled/Board/View/BoardPrompt.lua	static name match; dynamic dispatch not included
Board.View.BoardPrompt	344	MapDataModel.GoldInsufficientToUpgrade	Model.MapDataModel	code/Lua/decompiled/Board/View/BoardPrompt.lua	static name match; dynamic dispatch not included
Board.View.BoardPrompt	349	ItemDataModel.GetChainId	Board.Model.ItemDataModel	code/Lua/decompiled/Board/View/BoardPrompt.lua	static name match; dynamic dispatch not included
Board.View.BoardPrompt	349	ItemDataModel.GetChainId	Board.Model.ItemDataModel	code/Lua/decompiled/Board/View/BoardPrompt.lua	static name match; dynamic dispatch not included
Board.View.BoardPrompt	349	ItemDataModel.IsItemMaxLevel	Board.Model.ItemDataModel	code/Lua/decompiled/Board/View/BoardPrompt.lua	static name match; dynamic dispatch not included
Board.View.BoardPrompt	351	ItemDataModel.IsItemMaxLevel	Board.Model.ItemDataModel	code/Lua/decompiled/Board/View/BoardPrompt.lua	static name match; dynamic dispatch not included
Board.View.BoardPrompt	363	ItemDataModel.GetChainId	Board.Model.ItemDataModel	code/Lua/decompiled/Board/View/BoardPrompt.lua	static name match; dynamic dispatch not included
Board.View.BoardPrompt	363	ItemDataModel.GetChainId	Board.Model.ItemDataModel	code/Lua/decompiled/Board/View/BoardPrompt.lua	static name match; dynamic dispatch not included
Board.View.BoardPrompt	363	ItemDataModel.GetChainId	Board.Model.ItemDataModel	code/Lua/decompiled/Board/View/BoardPrompt.lua	static name match; dynamic dispatch not included
Board.View.BoardPrompt	363	ItemDataModel.GetChainId	Board.Model.ItemDataModel	code/Lua/decompiled/Board/View/BoardPrompt.lua	static name match; dynamic dispatch not included
Board.View.BoardPrompt	365	ItemDataModel.GetChainId	Board.Model.ItemDataModel	code/Lua/decompiled/Board/View/BoardPrompt.lua	static name match; dynamic dispatch not included
Board.View.BoardPrompt	365	ItemDataModel.GetChainId	Board.Model.ItemDataModel	code/Lua/decompiled/Board/View/BoardPrompt.lua	static name match; dynamic dispatch not included
Board.View.BoardPrompt	365	ItemDataModel.GetChainId	Board.Model.ItemDataModel	code/Lua/decompiled/Board/View/BoardPrompt.lua	static name match; dynamic dispatch not included
Board.View.BoardPrompt	365	ItemDataModel.GetChainId	Board.Model.ItemDataModel	code/Lua/decompiled/Board/View/BoardPrompt.lua	static name match; dynamic dispatch not included
Board.View.BoardPrompt	436	Table.IsEmpty	Common.Utility.Table	code/Lua/decompiled/Board/View/BoardPrompt.lua	static name match; dynamic dispatch not included
Board.View.BoardPrompt	472	ItemDataModel.GetItemGenerators	Board.Model.ItemDataModel	code/Lua/decompiled/Board/View/BoardPrompt.lua	static name match; dynamic dispatch not included
Board.View.BoardPrompt	475	Table.ListContain	Common.Utility.Table	code/Lua/decompiled/Board/View/BoardPrompt.lua	static name match; dynamic dispatch not included
Board.View.BoardPrompt	480	ItemDataModel.GetItemGenerators	Board.Model.ItemDataModel	code/Lua/decompiled/Board/View/BoardPrompt.lua	static name match; dynamic dispatch not included
Board.View.BoardPrompt	483	Table.ListContain	Common.Utility.Table	code/Lua/decompiled/Board/View/BoardPrompt.lua	static name match; dynamic dispatch not included
Board.View.BoardPrompt	492	Table.ListRandomSelectOne	Common.Utility.Table	code/Lua/decompiled/Board/View/BoardPrompt.lua	static name match; dynamic dispatch not included
Board.View.BoardPrompt	513	OpenFunctionModel.IsFunctionOpen	Model.OpenFunctionModel	code/Lua/decompiled/Board/View/BoardPrompt.lua	static name match; dynamic dispatch not included
Board.View.BoardPrompt	545	ItemDataModel.GetChainLevel	Board.Model.ItemDataModel	code/Lua/decompiled/Board/View/BoardPrompt.lua	static name match; dynamic dispatch not included
Board.View.BoardPrompt	553	Table.ListRandomSelectOne	Common.Utility.Table	code/Lua/decompiled/Board/View/BoardPrompt.lua	static name match; dynamic dispatch not included
Board.View.BoardPrompt	569	GameConfig.IsTestMode	Common.GameConfig	code/Lua/decompiled/Board/View/BoardPrompt.lua	static name match; dynamic dispatch not included
Board.View.BoardPrompt	594	ConfigModel.IsOrderDeliverPromptOpen	Model.ConfigModel	code/Lua/decompiled/Board/View/BoardPrompt.lua	static name match; dynamic dispatch not included
Board.View.BoardPrompt	624	Table.ListRandomSelectOne	Common.Utility.Table	code/Lua/decompiled/Board/View/BoardPrompt.lua	static name match; dynamic dispatch not included
Board.View.BoardPrompt	643	Scheduler.Unschedule	Common.Utility.Scheduler	code/Lua/decompiled/Board/View/BoardPrompt.lua	static name match; dynamic dispatch not included
Board.View.BoardPrompt	658	GameConfig.IsTestMode	Common.GameConfig	code/Lua/decompiled/Board/View/BoardPrompt.lua	static name match; dynamic dispatch not included
Board.View.BoardPrompt	771	StringUtil.StartWith	Common.Utility.StringUtil	code/Lua/decompiled/Board/View/BoardPrompt.lua	static name match; dynamic dispatch not included
Board.View.BoardPrompt	773	Table.IsEmpty	Common.Utility.Table	code/Lua/decompiled/Board/View/BoardPrompt.lua	static name match; dynamic dispatch not included
Board.View.BoardPrompt	776	ItemDataModel.GetChainLevel	Board.Model.ItemDataModel	code/Lua/decompiled/Board/View/BoardPrompt.lua	static name match; dynamic dispatch not included
Board.View.BoardPrompt	783	ItemDataModel.GetChainLevel	Board.Model.ItemDataModel	code/Lua/decompiled/Board/View/BoardPrompt.lua	static name match; dynamic dispatch not included
Board.View.BoardPrompt	848	Table.ListRandomSelectOne	Common.Utility.Table	code/Lua/decompiled/Board/View/BoardPrompt.lua	static name match; dynamic dispatch not included
Board.View.BoardPrompt	848	Table.ListRandomSelectOne	Common.Utility.Table	code/Lua/decompiled/Board/View/BoardPrompt.lua	static name match; dynamic dispatch not included
Board.View.BoardPrompt	852	Table.ListRandomSelectOne	Common.Utility.Table	code/Lua/decompiled/Board/View/BoardPrompt.lua	static name match; dynamic dispatch not included
Board.View.BoardPrompt	852	Table.ListRandomSelectOne	Common.Utility.Table	code/Lua/decompiled/Board/View/BoardPrompt.lua	static name match; dynamic dispatch not included
Board.View.BoardPrompt	896	ItemDataModel.IsItemMaxLevel	Board.Model.ItemDataModel	code/Lua/decompiled/Board/View/BoardPrompt.lua	static name match; dynamic dispatch not included
Board.View.BoardPrompt	907	ItemDataModel.GetChainId	Board.Model.ItemDataModel	code/Lua/decompiled/Board/View/BoardPrompt.lua	static name match; dynamic dispatch not included
Board.View.BoardPrompt	912	Table.IsEmpty	Common.Utility.Table	code/Lua/decompiled/Board/View/BoardPrompt.lua	static name match; dynamic dispatch not included
Board.View.BoardPrompt	935	ItemDataModel.GetChainGenerator	Board.Model.ItemDataModel	code/Lua/decompiled/Board/View/BoardPrompt.lua	static name match; dynamic dispatch not included
Board.View.BoardPrompt	935	ItemDataModel.GetChainId	Board.Model.ItemDataModel	code/Lua/decompiled/Board/View/BoardPrompt.lua	static name match; dynamic dispatch not included
Board.View.BoardPrompt	988	ItemDataModel.GetChainId	Board.Model.ItemDataModel	code/Lua/decompiled/Board/View/BoardPrompt.lua	static name match; dynamic dispatch not included
Board.View.BoardPrompt	998	Table.ListRandomSelectOne	Common.Utility.Table	code/Lua/decompiled/Board/View/BoardPrompt.lua	static name match; dynamic dispatch not included
Board.View.BoardPrompt	1021	ActivityManager.GetModel	Model.Activity.ActivityManager	code/Lua/decompiled/Board/View/BoardPrompt.lua	static name match; dynamic dispatch not included
Board.View.BoardPrompt	1023	TutorialHelper.GetHudButton	Model.Tutorial.TutorialHelper	code/Lua/decompiled/Board/View/BoardPrompt.lua	static name match; dynamic dispatch not included
Board.View.BoardPrompt	1040	TutorialHelper.TapOnCustomRectTrans	Model.Tutorial.TutorialHelper	code/Lua/decompiled/Board/View/BoardPrompt.lua	static name match; dynamic dispatch not included
Board.View.BoardPrompt	1047	TutorialHelper.HideGesture	Model.Tutorial.TutorialHelper	code/Lua/decompiled/Board/View/BoardPrompt.lua	static name match; dynamic dispatch not included
Board.View.MainBoardView	9	BaseSceneBoardView.Awake	Board.View.BaseSceneBoardView	code/Lua/decompiled/Board/View/MainBoardView.lua	static name match; dynamic dispatch not included
Board.View.MainBoardView	10	MainBoardModel.CreateMatrix	Board.Model.Board.MainBoardModel	code/Lua/decompiled/Board/View/MainBoardView.lua	static name match; dynamic dispatch not included
Board.View.MainBoardView	12	BaseSceneBoardView.Init	Board.View.BaseSceneBoardView	code/Lua/decompiled/Board/View/MainBoardView.lua	static name match; dynamic dispatch not included
Board.View.MainBoardView	26	BaseSceneBoardView._AddListeners	Board.View.BaseSceneBoardView	code/Lua/decompiled/Board/View/MainBoardView.lua	static name match; dynamic dispatch not included
Board.View.MainBoardView	27	EventDispatcher.AddListener	Common.Event.EventDispatcher	code/Lua/decompiled/Board/View/MainBoardView.lua	static name match; dynamic dispatch not included
Board.View.MainBoardView	28	EventDispatcher.AddListener	Common.Event.EventDispatcher	code/Lua/decompiled/Board/View/MainBoardView.lua	static name match; dynamic dispatch not included
Board.View.MainBoardView	32	BaseSceneBoardView.Update	Board.View.BaseSceneBoardView	code/Lua/decompiled/Board/View/MainBoardView.lua	static name match; dynamic dispatch not included
Board.View.MainBoardView	33	GameConfig.IsTestMode	Common.GameConfig	code/Lua/decompiled/Board/View/MainBoardView.lua	static name match; dynamic dispatch not included
Board.View.MainBoardView	42	BaseSceneBoardView.OnDestroy	Board.View.BaseSceneBoardView	code/Lua/decompiled/Board/View/MainBoardView.lua	static name match; dynamic dispatch not included
Board.View.MainBoardView	47	BaseSceneBoardView.OnEnable	Board.View.BaseSceneBoardView	code/Lua/decompiled/Board/View/MainBoardView.lua	static name match; dynamic dispatch not included
Board.View.MainBoardView	91	BaseSceneBoardView._GetPrompts	Board.View.BaseSceneBoardView	code/Lua/decompiled/Board/View/MainBoardView.lua	static name match; dynamic dispatch not included
Board.View.MainBoardView	92	ConfigModel.IsBoardPromptSunshineOpen	Model.ConfigModel	code/Lua/decompiled/Board/View/MainBoardView.lua	static name match; dynamic dispatch not included
Board.View.MainBoardView	101	BaseSceneBoardView._CancelPrompt	Board.View.BaseSceneBoardView	code/Lua/decompiled/Board/View/MainBoardView.lua	static name match; dynamic dispatch not included
Board.View.MainBoardView	104	BaseSceneBoardView._GetPrompts	Board.View.BaseSceneBoardView	code/Lua/decompiled/Board/View/MainBoardView.lua	static name match; dynamic dispatch not included
Board.View.MainBoardView	114	Scheduler.Schedule	Common.Utility.Scheduler	code/Lua/decompiled/Board/View/MainBoardView.lua	static name match; dynamic dispatch not included
Board.View.MainBoardView	118	BaseSceneBoardView._OnGameModeChanged	Board.View.BaseSceneBoardView	code/Lua/decompiled/Board/View/MainBoardView.lua	static name match; dynamic dispatch not included
Board.View.MainBoardView	119	SceneManager.GetGameMode	Model.SceneManager	code/Lua/decompiled/Board/View/MainBoardView.lua	static name match; dynamic dispatch not included
Board.View.MainBoardView	125	BaseSceneBoardView._OnCloseView	Board.View.BaseSceneBoardView	code/Lua/decompiled/Board/View/MainBoardView.lua	static name match; dynamic dispatch not included
Board.View.MainBoardView	175	ConfigModel.IsOrderGivePerformanceOpen	Model.ConfigModel	code/Lua/decompiled/Board/View/MainBoardView.lua	static name match; dynamic dispatch not included
Board.View.MainBoardView	176	BaseSceneBoardView._OnFinishOrderNew	Board.View.BaseSceneBoardView	code/Lua/decompiled/Board/View/MainBoardView.lua	static name match; dynamic dispatch not included
Board.View.MainBoardView	188	BaseSceneBoardView._OnFinishOrder	Board.View.BaseSceneBoardView	code/Lua/decompiled/Board/View/MainBoardView.lua	static name match; dynamic dispatch not included
Board.View.MainBoardView	212	BaseSceneBoardModel.GetValidPositionIterator	Board.Model.Board.BaseSceneBoardModel	code/Lua/decompiled/Board/View/MainBoardView.lua	static name match; dynamic dispatch not included
Board.View.MainBoardView	213	MainBoardModel.GetItem	Board.Model.Board.MainBoardModel	code/Lua/decompiled/Board/View/MainBoardView.lua	static name match; dynamic dispatch not included
Board.View.MainBoardView	241	BaseSceneBoardView._OnOrderStateChanged	Board.View.BaseSceneBoardView	code/Lua/decompiled/Board/View/MainBoardView.lua	static name match; dynamic dispatch not included
Board.View.MainBoardView	246	BaseSceneBoardView._OnPointerUp	Board.View.BaseSceneBoardView	code/Lua/decompiled/Board/View/MainBoardView.lua	static name match; dynamic dispatch not included
Board.View.MainBoardView	251	BaseSceneBoardView._OnDrag	Board.View.BaseSceneBoardView	code/Lua/decompiled/Board/View/MainBoardView.lua	static name match; dynamic dispatch not included
Board.View.MainBoardView	262	BaseSceneBoardView._AddTile	Board.View.BaseSceneBoardView	code/Lua/decompiled/Board/View/MainBoardView.lua	static name match; dynamic dispatch not included
Board.View.MainBoardView	273	MainBoardModel.GetValidPositionIterator	Board.Model.Board.MainBoardModel	code/Lua/decompiled/Board/View/MainBoardView.lua	static name match; dynamic dispatch not included
Board.View.MainBoardView	293	Table.ListContain	Common.Utility.Table	code/Lua/decompiled/Board/View/MainBoardView.lua	static name match; dynamic dispatch not included
Board.View.MainBoardView	298	ActivityManager.GetModel	Model.Activity.ActivityManager	code/Lua/decompiled/Board/View/MainBoardView.lua	static name match; dynamic dispatch not included
Board.View.MainBoardView	301	Table.ListContain	Common.Utility.Table	code/Lua/decompiled/Board/View/MainBoardView.lua	static name match; dynamic dispatch not included
Board.View.MainBoardView	374	TutorialHelper.GetSceneView	Model.Tutorial.TutorialHelper	code/Lua/decompiled/Board/View/MainBoardView.lua	static name match; dynamic dispatch not included
Board.View.MainBoardView	416	BaseSceneBoardView._OnOpenView	Board.View.BaseSceneBoardView	code/Lua/decompiled/Board/View/MainBoardView.lua	static name match; dynamic dispatch not included
Board.View.MainBoardView	417	SceneManager.GetGameMode	Model.SceneManager	code/Lua/decompiled/Board/View/MainBoardView.lua	static name match; dynamic dispatch not included
Board.View.MainBoardView	431	SceneManager.GetGameMode	Model.SceneManager	code/Lua/decompiled/Board/View/MainBoardView.lua	static name match; dynamic dispatch not included
BoxItem.Model.BoxItemModel	12	ConfigModel.GetLocalConfig	Model.ConfigModel	code/Lua/decompiled/BoxItem/Model/BoxItemModel.lua	static name match; dynamic dispatch not included
BoxItem.Model.BoxItemModel	27	RandomBoxData.Create	BoxItem.Model.RandomBoxData	code/Lua/decompiled/BoxItem/Model/BoxItemModel.lua	static name match; dynamic dispatch not included
BoxItem.Model.BoxItemModel	70	Table.IsEmpty	Common.Utility.Table	code/Lua/decompiled/BoxItem/Model/BoxItemModel.lua	static name match; dynamic dispatch not included
BoxItem.Model.BoxItemModel	77	EventDispatcher.DispatchEvent	Common.Event.EventDispatcher	code/Lua/decompiled/BoxItem/Model/BoxItemModel.lua	static name match; dynamic dispatch not included
BoxItem.Model.BoxItemModel	82	RewardApi.AcquireRewardsLogic	Model.UserData.RewardApi	code/Lua/decompiled/BoxItem/Model/BoxItemModel.lua	static name match; dynamic dispatch not included
BoxItem.Model.RandomBoxData	15	Table.IsEmpty	Common.Utility.Table	code/Lua/decompiled/BoxItem/Model/RandomBoxData.lua	static name match; dynamic dispatch not included
BoxItem.Model.RandomBoxData	23	StringUtil.Split	Common.Utility.StringUtil	code/Lua/decompiled/BoxItem/Model/RandomBoxData.lua	static name match; dynamic dispatch not included
BoxItem.Model.RandomBoxData	30	StringUtil.Split	Common.Utility.StringUtil	code/Lua/decompiled/BoxItem/Model/RandomBoxData.lua	static name match; dynamic dispatch not included
BoxItem.Model.RandomBoxData	57	Table.DeepCopy	Common.Utility.Table	code/Lua/decompiled/BoxItem/Model/RandomBoxData.lua	static name match; dynamic dispatch not included
BoxItem.Model.RandomBoxData	58	LevelModel.GetCurrentLevel	Model.UserData.LevelModel	code/Lua/decompiled/BoxItem/Model/RandomBoxData.lua	static name match; dynamic dispatch not included
BoxItem.Model.RandomBoxData	78	Table.ListWeightSelectOne	Common.Utility.Table	code/Lua/decompiled/BoxItem/Model/RandomBoxData.lua	static name match; dynamic dispatch not included
BoxItem.Model.RandomBoxData	81	LevelModel.GetCurrentLevel	Model.UserData.LevelModel	code/Lua/decompiled/BoxItem/Model/RandomBoxData.lua	static name match; dynamic dispatch not included
CloudsDash.Board.CloudsDashHuntBoardModel	17	BaseUIBoardModel.Init	Board.Model.Board.BaseUIBoardModel	code/Lua/decompiled/CloudsDash/Board/CloudsDashHuntBoardModel.lua	static name match; dynamic dispatch not included
CloudsDash.Board.CloudsDashHuntBoardModel	48	BaseBoardModel._CreateMatrix	Board.Model.Board.BaseBoardModel	code/Lua/decompiled/CloudsDash/Board/CloudsDashHuntBoardModel.lua	static name match; dynamic dispatch not included
CloudsDash.Board.CloudsDashHuntBoardModel	52	BaseBoardModel._CreatePosition	Board.Model.Board.BaseBoardModel	code/Lua/decompiled/CloudsDash/Board/CloudsDashHuntBoardModel.lua	static name match; dynamic dispatch not included
CloudsDash.Board.CloudsDashHuntBoardModel	56	BaseBoardModel._CreatePositionFromLocalPosition	Board.Model.Board.BaseBoardModel	code/Lua/decompiled/CloudsDash/Board/CloudsDashHuntBoardModel.lua	static name match; dynamic dispatch not included
CloudsDash.Board.CloudsDashHuntBoardModel	66	BaseBoardModel._CreatePosition	Board.Model.Board.BaseBoardModel	code/Lua/decompiled/CloudsDash/Board/CloudsDashHuntBoardModel.lua	static name match; dynamic dispatch not included
CloudsDash.Board.CloudsDashHuntBoardModel	73	EventDispatcher.DispatchEvent	Common.Event.EventDispatcher	code/Lua/decompiled/CloudsDash/Board/CloudsDashHuntBoardModel.lua	static name match; dynamic dispatch not included
CloudsDash.Board.CloudsDashHuntBoardModel	74	EventDispatcher.DispatchEvent	Common.Event.EventDispatcher	code/Lua/decompiled/CloudsDash/Board/CloudsDashHuntBoardModel.lua	static name match; dynamic dispatch not included
CloudsDash.Board.CloudsDashHuntBoardModel	77	EventDispatcher.DispatchEvent	Common.Event.EventDispatcher	code/Lua/decompiled/CloudsDash/Board/CloudsDashHuntBoardModel.lua	static name match; dynamic dispatch not included
CloudsDash.Board.CloudsDashHuntBoardModel	91	StringUtil.IsNilOrEmpty	Common.Utility.StringUtil	code/Lua/decompiled/CloudsDash/Board/CloudsDashHuntBoardModel.lua	static name match; dynamic dispatch not included
CloudsDash.Board.CloudsDashHuntBoardModel	108	EventDispatcher.DispatchEvent	Common.Event.EventDispatcher	code/Lua/decompiled/CloudsDash/Board/CloudsDashHuntBoardModel.lua	static name match; dynamic dispatch not included
CloudsDash.Board.CloudsDashHuntBoardModel	109	EventDispatcher.DispatchEvent	Common.Event.EventDispatcher	code/Lua/decompiled/CloudsDash/Board/CloudsDashHuntBoardModel.lua	static name match; dynamic dispatch not included
CloudsDash.Board.CloudsDashHuntBoardModel	147	StringUtil.StartWith	Common.Utility.StringUtil	code/Lua/decompiled/CloudsDash/Board/CloudsDashHuntBoardModel.lua	static name match; dynamic dispatch not included
CloudsDash.Board.CloudsDashHuntBoardModel	148	ItemDataModel.GetChainLevel	Board.Model.ItemDataModel	code/Lua/decompiled/CloudsDash/Board/CloudsDashHuntBoardModel.lua	static name match; dynamic dispatch not included
CloudsDash.Board.CloudsDashHuntBoardModel	150	ActivityManager.GetModel	Model.Activity.ActivityManager	code/Lua/decompiled/CloudsDash/Board/CloudsDashHuntBoardModel.lua	static name match; dynamic dispatch not included
CloudsDash.Board.CloudsDashHuntBoardModel	152	ItemDataModel.GetMergedType	Board.Model.ItemDataModel	code/Lua/decompiled/CloudsDash/Board/CloudsDashHuntBoardModel.lua	static name match; dynamic dispatch not included
CloudsDash.Board.CloudsDashHuntBoardModel	166	EventDispatcher.DispatchEvent	Common.Event.EventDispatcher	code/Lua/decompiled/CloudsDash/Board/CloudsDashHuntBoardModel.lua	static name match; dynamic dispatch not included
CloudsDash.Board.CloudsDashHuntBoardModel	204	EventDispatcher.DispatchEvent	Common.Event.EventDispatcher	code/Lua/decompiled/CloudsDash/Board/CloudsDashHuntBoardModel.lua	static name match; dynamic dispatch not included
CloudsDash.Board.CloudsDashHuntBoardModel	265	BaseUIBoardModel.TryPushCloudKeyProgress	Board.Model.Board.BaseUIBoardModel	code/Lua/decompiled/CloudsDash/Board/CloudsDashHuntBoardModel.lua	static name match; dynamic dispatch not included
CloudsDash.Board.CloudsDashHuntBoardModel	272	Table.IsEmpty	Common.Utility.Table	code/Lua/decompiled/CloudsDash/Board/CloudsDashHuntBoardModel.lua	static name match; dynamic dispatch not included
CloudsDash.Board.CloudsDashHuntBoardModel	316	ItemModelFactory.CreateWithCode	Board.Model.ItemModelFactory	code/Lua/decompiled/CloudsDash/Board/CloudsDashHuntBoardModel.lua	static name match; dynamic dispatch not included
CloudsDash.Board.CloudsDashHuntBoardView	10	BaseUIBoardView.Init	Board.View.BaseUIBoardView	code/Lua/decompiled/CloudsDash/Board/CloudsDashHuntBoardView.lua	static name match; dynamic dispatch not included
CloudsDash.Board.CloudsDashHuntBoardView	13	GameConfig.IsTestMode	Common.GameConfig	code/Lua/decompiled/CloudsDash/Board/CloudsDashHuntBoardView.lua	static name match; dynamic dispatch not included
CloudsDash.Board.CloudsDashHuntBoardView	13	PlayerPrefs.GetInt	Common.Utility.PlayerPrefs	code/Lua/decompiled/CloudsDash/Board/CloudsDashHuntBoardView.lua	static name match; dynamic dispatch not included
CloudsDash.Board.CloudsDashHuntBoardView	20	ActivityManager.GetModel	Model.Activity.ActivityManager	code/Lua/decompiled/CloudsDash/Board/CloudsDashHuntBoardView.lua	static name match; dynamic dispatch not included
CloudsDash.Board.CloudsDashHuntBoardView	22	CloudsDashHuntBoardModel.CreateMatrix	CloudsDash.Board.CloudsDashHuntBoardModel	code/Lua/decompiled/CloudsDash/Board/CloudsDashHuntBoardView.lua	static name match; dynamic dispatch not included
CloudsDash.Board.CloudsDashHuntBoardView	34	EventDispatcher.AddActiveListener	Common.Event.EventDispatcher	code/Lua/decompiled/CloudsDash/Board/CloudsDashHuntBoardView.lua	static name match; dynamic dispatch not included
CloudsDash.Board.CloudsDashHuntBoardView	35	EventDispatcher.AddActiveListener	Common.Event.EventDispatcher	code/Lua/decompiled/CloudsDash/Board/CloudsDashHuntBoardView.lua	static name match; dynamic dispatch not included
CloudsDash.Board.CloudsDashHuntBoardView	36	EventDispatcher.AddActiveListener	Common.Event.EventDispatcher	code/Lua/decompiled/CloudsDash/Board/CloudsDashHuntBoardView.lua	static name match; dynamic dispatch not included
CloudsDash.Board.CloudsDashHuntBoardView	37	EventDispatcher.AddActiveListener	Common.Event.EventDispatcher	code/Lua/decompiled/CloudsDash/Board/CloudsDashHuntBoardView.lua	static name match; dynamic dispatch not included
CloudsDash.Board.CloudsDashHuntBoardView	41	BaseUIBoardView.OnDestroy	Board.View.BaseUIBoardView	code/Lua/decompiled/CloudsDash/Board/CloudsDashHuntBoardView.lua	static name match; dynamic dispatch not included
CloudsDash.Board.CloudsDashHuntBoardView	92	BaseUIBoardView._CanShowMergeLight	Board.View.BaseUIBoardView	code/Lua/decompiled/CloudsDash/Board/CloudsDashHuntBoardView.lua	static name match; dynamic dispatch not included
CloudsDash.Board.CloudsDashHuntBoardView	100	BaseUIBoardView._UpdateIndicator	Board.View.BaseUIBoardView	code/Lua/decompiled/CloudsDash/Board/CloudsDashHuntBoardView.lua	static name match; dynamic dispatch not included
CloudsDash.Board.CloudsDashHuntBoardView	111	TutorialModel.GetForceSourceBoardPosition	Model.Tutorial.TutorialModel	code/Lua/decompiled/CloudsDash/Board/CloudsDashHuntBoardView.lua	static name match; dynamic dispatch not included
CloudsDash.Board.CloudsDashHuntBoardView	130	EventDispatcher.DispatchEvent	Common.Event.EventDispatcher	code/Lua/decompiled/CloudsDash/Board/CloudsDashHuntBoardView.lua	static name match; dynamic dispatch not included
CloudsDash.Board.CloudsDashHuntBoardView	148	EventDispatcher.DispatchEvent	Common.Event.EventDispatcher	code/Lua/decompiled/CloudsDash/Board/CloudsDashHuntBoardView.lua	static name match; dynamic dispatch not included
CloudsDash.Board.CloudsDashHuntBoardView	149	EventDispatcher.DispatchEvent	Common.Event.EventDispatcher	code/Lua/decompiled/CloudsDash/Board/CloudsDashHuntBoardView.lua	static name match; dynamic dispatch not included
CloudsDash.Board.CloudsDashHuntBoardView	171	EventDispatcher.DispatchEvent	Common.Event.EventDispatcher	code/Lua/decompiled/CloudsDash/Board/CloudsDashHuntBoardView.lua	static name match; dynamic dispatch not included
CloudsDash.Board.CloudsDashHuntBoardView	172	EventDispatcher.DispatchEvent	Common.Event.EventDispatcher	code/Lua/decompiled/CloudsDash/Board/CloudsDashHuntBoardView.lua	static name match; dynamic dispatch not included
CloudsDash.Board.CloudsDashHuntBoardView	186	EventDispatcher.DispatchEvent	Common.Event.EventDispatcher	code/Lua/decompiled/CloudsDash/Board/CloudsDashHuntBoardView.lua	static name match; dynamic dispatch not included
CloudsDash.Board.CloudsDashHuntBoardView	196	EventDispatcher.DispatchEvent	Common.Event.EventDispatcher	code/Lua/decompiled/CloudsDash/Board/CloudsDashHuntBoardView.lua	static name match; dynamic dispatch not included
CloudsDash.Board.CloudsDashHuntBoardView	226	EventDispatcher.DispatchEvent	Common.Event.EventDispatcher	code/Lua/decompiled/CloudsDash/Board/CloudsDashHuntBoardView.lua	static name match; dynamic dispatch not included
CloudsDash.Board.CloudsDashHuntBoardView	227	EventDispatcher.DispatchEvent	Common.Event.EventDispatcher	code/Lua/decompiled/CloudsDash/Board/CloudsDashHuntBoardView.lua	static name match; dynamic dispatch not included
CloudsDash.Board.CloudsDashHuntBoardView	231	TutorialModel.GetForceTargetBoardPosition	Model.Tutorial.TutorialModel	code/Lua/decompiled/CloudsDash/Board/CloudsDashHuntBoardView.lua	static name match; dynamic dispatch not included
CloudsDash.Board.CloudsDashHuntBoardView	233	BaseSceneBoardModel.CreatePosition	Board.Model.Board.BaseSceneBoardModel	code/Lua/decompiled/CloudsDash/Board/CloudsDashHuntBoardView.lua	static name match; dynamic dispatch not included
CloudsDash.Board.CloudsDashHuntBoardView	248	EventDispatcher.DispatchEvent	Common.Event.EventDispatcher	code/Lua/decompiled/CloudsDash/Board/CloudsDashHuntBoardView.lua	static name match; dynamic dispatch not included
CloudsDash.Board.CloudsDashHuntBoardView	268	EventDispatcher.DispatchEvent	Common.Event.EventDispatcher	code/Lua/decompiled/CloudsDash/Board/CloudsDashHuntBoardView.lua	static name match; dynamic dispatch not included
CloudsDash.Board.CloudsDashHuntBoardView	274	BaseUIBoardView._GetStartPromptScheduleDelay	Board.View.BaseUIBoardView	code/Lua/decompiled/CloudsDash/Board/CloudsDashHuntBoardView.lua	static name match; dynamic dispatch not included
CloudsDash.Board.CloudsDashHuntBoardView	287	GameConfig.IsTestMode	Common.GameConfig	code/Lua/decompiled/CloudsDash/Board/CloudsDashHuntBoardView.lua	static name match; dynamic dispatch not included
CloudsDash.Board.CloudsDashHuntBoardView	323	ActivityManager.GetModel	Model.Activity.ActivityManager	code/Lua/decompiled/CloudsDash/Board/CloudsDashHuntBoardView.lua	static name match; dynamic dispatch not included
CloudsDash.Board.CloudsDashHuntBoardView	326	EventDispatcher.DispatchEvent	Common.Event.EventDispatcher	code/Lua/decompiled/CloudsDash/Board/CloudsDashHuntBoardView.lua	static name match; dynamic dispatch not included
CloudsDash.Board.CloudsDashHuntBoardView	333	PositionUtil.UICameraScreen2World	Common.Utility.PositionUtil	code/Lua/decompiled/CloudsDash/Board/CloudsDashHuntBoardView.lua	static name match; dynamic dispatch not included
CloudsDash.Board.CloudsDashHuntBoardView	335	ItemDataModel.GetChainId	Board.Model.ItemDataModel	code/Lua/decompiled/CloudsDash/Board/CloudsDashHuntBoardView.lua	static name match; dynamic dispatch not included
CloudsDash.Board.CloudsDashHuntBoardView	336	ItemUtility.GetItemCode	Board.Model.ItemUtility	code/Lua/decompiled/CloudsDash/Board/CloudsDashHuntBoardView.lua	static name match; dynamic dispatch not included
CloudsDash.Board.CloudsDashHuntBoardView	340	ItemDataModel.GetSpriteName	Board.Model.ItemDataModel	code/Lua/decompiled/CloudsDash/Board/CloudsDashHuntBoardView.lua	static name match; dynamic dispatch not included
CloudsDash.Board.CloudsDashHuntBoardView	343	EventDispatcher.DispatchEvent	Common.Event.EventDispatcher	code/Lua/decompiled/CloudsDash/Board/CloudsDashHuntBoardView.lua	static name match; dynamic dispatch not included
CloudsDash.Board.CloudsDashHuntBoardView	349	BaseUIBoardView._OnCollectItem	Board.View.BaseUIBoardView	code/Lua/decompiled/CloudsDash/Board/CloudsDashHuntBoardView.lua	static name match; dynamic dispatch not included
CloudsDash.Board.CloudsDashHuntBoardView	371	EventDispatcher.DispatchEvent	Common.Event.EventDispatcher	code/Lua/decompiled/CloudsDash/Board/CloudsDashHuntBoardView.lua	static name match; dynamic dispatch not included
CloudsDash.Board.CloudsDashHuntBoardView	379	BaseActionBoardView._OnTransformItem	Board.View.BaseActionBoardView	code/Lua/decompiled/CloudsDash/Board/CloudsDashHuntBoardView.lua	static name match; dynamic dispatch not included
CloudsDash.Board.CloudsDashHuntBoardView	395	EventDispatcher.DispatchEvent	Common.Event.EventDispatcher	code/Lua/decompiled/CloudsDash/Board/CloudsDashHuntBoardView.lua	static name match; dynamic dispatch not included
CloudsDash.Board.CloudsDashHuntBoardView	420	ActivityManager.GetModel	Model.Activity.ActivityManager	code/Lua/decompiled/CloudsDash/Board/CloudsDashHuntBoardView.lua	static name match; dynamic dispatch not included
CloudsDash.Board.CloudsDashHuntBoardView	466	Table.IsEmpty	Common.Utility.Table	code/Lua/decompiled/CloudsDash/Board/CloudsDashHuntBoardView.lua	static name match; dynamic dispatch not included
CloudsDash.Board.CloudsDashHuntBoardView	626	BaseUIBoardView._UpdateSingleCompleteTile	Board.View.BaseUIBoardView	code/Lua/decompiled/CloudsDash/Board/CloudsDashHuntBoardView.lua	static name match; dynamic dispatch not included
CloudsDash.Board.CloudsDashHuntBoardView	630	BaseUIBoardView.UpdateCompleteTileDisplay	Board.View.BaseUIBoardView	code/Lua/decompiled/CloudsDash/Board/CloudsDashHuntBoardView.lua	static name match; dynamic dispatch not included
CloudsDash.Board.CloudsDashItemLayerModel	29	EventDispatcher.DispatchEvent	Common.Event.EventDispatcher	code/Lua/decompiled/CloudsDash/Board/CloudsDashItemLayerModel.lua	static name match; dynamic dispatch not included
CloudsDash.Board.CloudsDashItemLayerModel	37	Table.IsEmpty	Common.Utility.Table	code/Lua/decompiled/CloudsDash/Board/CloudsDashItemLayerModel.lua	static name match; dynamic dispatch not included
CloudsDash.Board.CloudsDashItemLayerModel	46	ItemModelFactory.CreateWithCode	Board.Model.ItemModelFactory	code/Lua/decompiled/CloudsDash/Board/CloudsDashItemLayerModel.lua	static name match; dynamic dispatch not included
CloudsDash.Board.CloudsDashItemLayerModel	56	ItemModelFactory.CreateWithCode	Board.Model.ItemModelFactory	code/Lua/decompiled/CloudsDash/Board/CloudsDashItemLayerModel.lua	static name match; dynamic dispatch not included
CloudsDash.Model.CloudsDashModel	22	ActivityTokenHelper.Create	Model.Activity.ActivityTokenHelper	code/Lua/decompiled/CloudsDash/Model/CloudsDashModel.lua	static name match; dynamic dispatch not included
CloudsDash.Model.CloudsDashModel	31	BaseActivityModel.Init	Model.Activity.BaseActivityModel	code/Lua/decompiled/CloudsDash/Model/CloudsDashModel.lua	static name match; dynamic dispatch not included
CloudsDash.Model.CloudsDashModel	37	ActivityManager.GetModel	Model.Activity.ActivityManager	code/Lua/decompiled/CloudsDash/Model/CloudsDashModel.lua	static name match; dynamic dispatch not included
CloudsDash.Model.CloudsDashModel	64	EventDispatcher.RemoveTarget	Common.Event.EventDispatcher	code/Lua/decompiled/CloudsDash/Model/CloudsDashModel.lua	static name match; dynamic dispatch not included
CloudsDash.Model.CloudsDashModel	65	BaseActivityModel.Destroy	Model.Activity.BaseActivityModel	code/Lua/decompiled/CloudsDash/Model/CloudsDashModel.lua	static name match; dynamic dispatch not included
CloudsDash.Model.CloudsDashModel	95	GameModel.GetServerTime	Model.GameModel	code/Lua/decompiled/CloudsDash/Model/CloudsDashModel.lua	static name match; dynamic dispatch not included
CloudsDash.Model.CloudsDashModel	132	EventDispatcher.DispatchEvent	Common.Event.EventDispatcher	code/Lua/decompiled/CloudsDash/Model/CloudsDashModel.lua	static name match; dynamic dispatch not included
CloudsDash.Model.CloudsDashModel	133	EventDispatcher.DispatchEvent	Common.Event.EventDispatcher	code/Lua/decompiled/CloudsDash/Model/CloudsDashModel.lua	static name match; dynamic dispatch not included
CloudsDash.Model.CloudsDashModel	137	BaseActivityModel._DropData	Model.Activity.BaseActivityModel	code/Lua/decompiled/CloudsDash/Model/CloudsDashModel.lua	static name match; dynamic dispatch not included
CloudsDash.Model.CloudsDashModel	203	RewardApi.AcquireRewardsLogic	Model.UserData.RewardApi	code/Lua/decompiled/CloudsDash/Model/CloudsDashModel.lua	static name match; dynamic dispatch not included
CloudsDash.Model.CloudsDashModel	204	RewardApi.MergeRewards	Model.UserData.RewardApi	code/Lua/decompiled/CloudsDash/Model/CloudsDashModel.lua	static name match; dynamic dispatch not included
CloudsDash.Model.CloudsDashModel	208	EventDispatcher.DispatchEvent	Common.Event.EventDispatcher	code/Lua/decompiled/CloudsDash/Model/CloudsDashModel.lua	static name match; dynamic dispatch not included
CloudsDash.Model.CloudsDashModel	219	EventDispatcher.DispatchEvent	Common.Event.EventDispatcher	code/Lua/decompiled/CloudsDash/Model/CloudsDashModel.lua	static name match; dynamic dispatch not included
CloudsDash.Model.CloudsDashModel	221	EventDispatcher.DispatchEvent	Common.Event.EventDispatcher	code/Lua/decompiled/CloudsDash/Model/CloudsDashModel.lua	static name match; dynamic dispatch not included
CloudsDash.Model.CloudsDashModel	222	EventDispatcher.DispatchEvent	Common.Event.EventDispatcher	code/Lua/decompiled/CloudsDash/Model/CloudsDashModel.lua	static name match; dynamic dispatch not included
CloudsDash.Model.CloudsDashModel	264	StringUtil.IsNilOrEmpty	Common.Utility.StringUtil	code/Lua/decompiled/CloudsDash/Model/CloudsDashModel.lua	static name match; dynamic dispatch not included
CloudsDash.Model.CloudsDashModel	265	StringUtil.IsNilOrEmpty	Common.Utility.StringUtil	code/Lua/decompiled/CloudsDash/Model/CloudsDashModel.lua	static name match; dynamic dispatch not included
CloudsDash.Model.CloudsDashModel	278	Table.IsEmpty	Common.Utility.Table	code/Lua/decompiled/CloudsDash/Model/CloudsDashModel.lua	static name match; dynamic dispatch not included
CloudsDash.Model.CloudsDashModel	285	Table.IsEmpty	Common.Utility.Table	code/Lua/decompiled/CloudsDash/Model/CloudsDashModel.lua	static name match; dynamic dispatch not included
CloudsDash.Model.CloudsDashModel	295	Table.DeepCopy	Common.Utility.Table	code/Lua/decompiled/CloudsDash/Model/CloudsDashModel.lua	static name match; dynamic dispatch not included
CloudsDash.Model.CloudsDashModel	307	Table.IsEmpty	Common.Utility.Table	code/Lua/decompiled/CloudsDash/Model/CloudsDashModel.lua	static name match; dynamic dispatch not included
CloudsDash.Model.CloudsDashModel	308	CloudsDashHuntBoardModel.Create	CloudsDash.Board.CloudsDashHuntBoardModel	code/Lua/decompiled/CloudsDash/Model/CloudsDashModel.lua	static name match; dynamic dispatch not included
CloudsDash.Model.CloudsDashModel	372	StringUtil.SplitToNum	Common.Utility.StringUtil	code/Lua/decompiled/CloudsDash/Model/CloudsDashModel.lua	static name match; dynamic dispatch not included
CloudsDash.Model.CloudsDashModel	381	Table.GetKeys	Common.Utility.Table	code/Lua/decompiled/CloudsDash/Model/CloudsDashModel.lua	static name match; dynamic dispatch not included
CloudsDash.Model.CloudsDashModel	387	StringUtil.Split	Common.Utility.StringUtil	code/Lua/decompiled/CloudsDash/Model/CloudsDashModel.lua	static name match; dynamic dispatch not included
CloudsDash.Model.CloudsDashModel	390	StringUtil.SplitToNum	Common.Utility.StringUtil	code/Lua/decompiled/CloudsDash/Model/CloudsDashModel.lua	static name match; dynamic dispatch not included
CloudsDash.Model.CloudsDashModel	400	Table.IsEmpty	Common.Utility.Table	code/Lua/decompiled/CloudsDash/Model/CloudsDashModel.lua	static name match; dynamic dispatch not included
CloudsDash.Model.CloudsDashModel	411	Table.IsEmpty	Common.Utility.Table	code/Lua/decompiled/CloudsDash/Model/CloudsDashModel.lua	static name match; dynamic dispatch not included
CloudsDash.Model.CloudsDashModel	415	EventDispatcher.DispatchEvent	Common.Event.EventDispatcher	code/Lua/decompiled/CloudsDash/Model/CloudsDashModel.lua	static name match; dynamic dispatch not included
CloudsDash.Model.CloudsDashModel	482	Table.IsEmpty	Common.Utility.Table	code/Lua/decompiled/CloudsDash/Model/CloudsDashModel.lua	static name match; dynamic dispatch not included
CloudsDash.Model.CloudsDashModel	517	RewardApi.AcquireRewardsLogic	Model.UserData.RewardApi	code/Lua/decompiled/CloudsDash/Model/CloudsDashModel.lua	static name match; dynamic dispatch not included
CloudsDash.Model.CloudsDashModel	523	Table.IsEmpty	Common.Utility.Table	code/Lua/decompiled/CloudsDash/Model/CloudsDashModel.lua	static name match; dynamic dispatch not included
CloudsDash.Model.CloudsDashModel	532	Table.IsEmpty	Common.Utility.Table	code/Lua/decompiled/CloudsDash/Model/CloudsDashModel.lua	static name match; dynamic dispatch not included
CloudsDash.Model.CloudsDashModel	534	StringUtil.StartWith	Common.Utility.StringUtil	code/Lua/decompiled/CloudsDash/Model/CloudsDashModel.lua	static name match; dynamic dispatch not included
CloudsDash.Model.CloudsDashModel	535	RewardApi.MergeRewards	Model.UserData.RewardApi	code/Lua/decompiled/CloudsDash/Model/CloudsDashModel.lua	static name match; dynamic dispatch not included
CloudsDash.Model.CloudsDashModel	576	StringUtil.StartWith	Common.Utility.StringUtil	code/Lua/decompiled/CloudsDash/Model/CloudsDashModel.lua	static name match; dynamic dispatch not included
CloudsDash.Model.CloudsDashModel	578	Table.IsEmpty	Common.Utility.Table	code/Lua/decompiled/CloudsDash/Model/CloudsDashModel.lua	static name match; dynamic dispatch not included
CloudsDash.Model.CloudsDashModel	578	ItemDataModel.GetModelConfig	Board.Model.ItemDataModel	code/Lua/decompiled/CloudsDash/Model/CloudsDashModel.lua	static name match; dynamic dispatch not included
CloudsDash.Model.CloudsDashModel	587	ItemDataModel.GetModelConfig	Board.Model.ItemDataModel	code/Lua/decompiled/CloudsDash/Model/CloudsDashModel.lua	static name match; dynamic dispatch not included
CloudsDash.Model.CloudsDashModel	589	Table.IsEmpty	Common.Utility.Table	code/Lua/decompiled/CloudsDash/Model/CloudsDashModel.lua	static name match; dynamic dispatch not included
CloudsDash.Model.CloudsDashModel	674	Table.ShallowCopy	Common.Utility.Table	code/Lua/decompiled/CloudsDash/Model/CloudsDashModel.lua	static name match; dynamic dispatch not included
Common.Event.EventDispatcher	15	Table.ListContain	Common.Utility.Table	code/Lua/decompiled/Common/Event/EventDispatcher.lua	static name match; dynamic dispatch not included
Common.Event.EventDispatcher	36	Table.ListRemove	Common.Utility.Table	code/Lua/decompiled/Common/Event/EventDispatcher.lua	static name match; dynamic dispatch not included
Common.Event.EventDispatcher	37	Table.ListRemove	Common.Utility.Table	code/Lua/decompiled/Common/Event/EventDispatcher.lua	static name match; dynamic dispatch not included
Common.Event.EventDispatcher	49	Table.ListRemove	Common.Utility.Table	code/Lua/decompiled/Common/Event/EventDispatcher.lua	static name match; dynamic dispatch not included
Common.Event.EventDispatcher	50	Table.ListRemove	Common.Utility.Table	code/Lua/decompiled/Common/Event/EventDispatcher.lua	static name match; dynamic dispatch not included
Common.Event.EventDispatcher	82	GameConfig.IsTestMode	Common.GameConfig	code/Lua/decompiled/Common/Event/EventDispatcher.lua	static name match; dynamic dispatch not included
Common.Event.EventDispatcher	82	Table.IsEmpty	Common.Utility.Table	code/Lua/decompiled/Common/Event/EventDispatcher.lua	static name match; dynamic dispatch not included
Common.Event.EventDispatcher	84	Table.IsEmpty	Common.Utility.Table	code/Lua/decompiled/Common/Event/EventDispatcher.lua	static name match; dynamic dispatch not included
Common.Event.EventDispatcher	94	Table.IsEmpty	Common.Utility.Table	code/Lua/decompiled/Common/Event/EventDispatcher.lua	static name match; dynamic dispatch not included
Common.Event.EventDispatcher	105	Table.Contain	Common.Utility.Table	code/Lua/decompiled/Common/Event/EventDispatcher.lua	static name match; dynamic dispatch not included
Common.Event.EventDispatcher	112	Table.IsEmpty	Common.Utility.Table	code/Lua/decompiled/Common/Event/EventDispatcher.lua	static name match; dynamic dispatch not included
Common.Event.PairEvent	49	Table.ShallowCopy	Common.Utility.Table	code/Lua/decompiled/Common/Event/PairEvent.lua	static name match; dynamic dispatch not included
Common.Utility.PlayerPrefs	7	GameConfig.IsTestMode	Common.GameConfig	code/Lua/decompiled/Common/Utility/PlayerPrefs.lua	static name match; dynamic dispatch not included
Common.Utility.PlayerPrefs	78	StringUtil.IsNilOrEmpty	Common.Utility.StringUtil	code/Lua/decompiled/Common/Utility/PlayerPrefs.lua	static name match; dynamic dispatch not included
Common.Utility.StringUtil	24	Table.Contain	Common.Utility.Table	code/Lua/decompiled/Common/Utility/StringUtil.lua	static name match; dynamic dispatch not included
Drop.Board.DropActivityBoard	133	Table.IsEmpty	Common.Utility.Table	code/Lua/decompiled/Drop/Board/DropActivityBoard.lua	static name match; dynamic dispatch not included
Drop.Board.DropActivityBoard	133	Table.IsEmpty	Common.Utility.Table	code/Lua/decompiled/Drop/Board/DropActivityBoard.lua	static name match; dynamic dispatch not included
Drop.Board.DropActivityBoard	143	EventDispatcher.DispatchEvent	Common.Event.EventDispatcher	code/Lua/decompiled/Drop/Board/DropActivityBoard.lua	static name match; dynamic dispatch not included
Drop.Board.DropActivityBoard	209	EventDispatcher.DispatchEvent	Common.Event.EventDispatcher	code/Lua/decompiled/Drop/Board/DropActivityBoard.lua	static name match; dynamic dispatch not included
Drop.Board.DropActivityBoard	326	RewardApi.AcquireRewardsInView	Model.UserData.RewardApi	code/Lua/decompiled/Drop/Board/DropActivityBoard.lua	static name match; dynamic dispatch not included
Drop.Board.DropActivityBoard	344	RewardApi.AcquireRewardsInView	Model.UserData.RewardApi	code/Lua/decompiled/Drop/Board/DropActivityBoard.lua	static name match; dynamic dispatch not included
Drop.Board.DropActivityBoard	363	PositionUtil.UICameraWorld2Screen	Common.Utility.PositionUtil	code/Lua/decompiled/Drop/Board/DropActivityBoard.lua	static name match; dynamic dispatch not included
Drop.Board.DropActivityBoard	609	Scheduler.UnscheduleTarget	Common.Utility.Scheduler	code/Lua/decompiled/Drop/Board/DropActivityBoard.lua	static name match; dynamic dispatch not included
Drop.Model.DropModel	17	ActivityTokenHelper.Create	Model.Activity.ActivityTokenHelper	code/Lua/decompiled/Drop/Model/DropModel.lua	static name match; dynamic dispatch not included
Drop.Model.DropModel	18	BaseActivityModel.Init	Model.Activity.BaseActivityModel	code/Lua/decompiled/Drop/Model/DropModel.lua	static name match; dynamic dispatch not included
Drop.Model.DropModel	28	ActivityManager.GetModel	Model.Activity.ActivityManager	code/Lua/decompiled/Drop/Model/DropModel.lua	static name match; dynamic dispatch not included
Drop.Model.DropModel	51	Table.DeepCopy	Common.Utility.Table	code/Lua/decompiled/Drop/Model/DropModel.lua	static name match; dynamic dispatch not included
Drop.Model.DropModel	79	BaseActivityModel._DropData	Model.Activity.BaseActivityModel	code/Lua/decompiled/Drop/Model/DropModel.lua	static name match; dynamic dispatch not included
Drop.Model.DropModel	85	BaseActivityModel.Destroy	Model.Activity.BaseActivityModel	code/Lua/decompiled/Drop/Model/DropModel.lua	static name match; dynamic dispatch not included
Drop.Model.DropModel	103	EventDispatcher.DispatchEvent	Common.Event.EventDispatcher	code/Lua/decompiled/Drop/Model/DropModel.lua	static name match; dynamic dispatch not included
Drop.Model.DropModel	104	EventDispatcher.DispatchEvent	Common.Event.EventDispatcher	code/Lua/decompiled/Drop/Model/DropModel.lua	static name match; dynamic dispatch not included
Drop.Model.DropModel	111	GameModel.GetServerTime	Model.GameModel	code/Lua/decompiled/Drop/Model/DropModel.lua	static name match; dynamic dispatch not included
Drop.Model.DropModel	190	EventDispatcher.DispatchEvent	Common.Event.EventDispatcher	code/Lua/decompiled/Drop/Model/DropModel.lua	static name match; dynamic dispatch not included
Drop.Model.DropModel	200	EventDispatcher.DispatchEvent	Common.Event.EventDispatcher	code/Lua/decompiled/Drop/Model/DropModel.lua	static name match; dynamic dispatch not included
Drop.Model.DropModel	205	GameModel.GetServerTime	Model.GameModel	code/Lua/decompiled/Drop/Model/DropModel.lua	static name match; dynamic dispatch not included
Drop.Model.DropModel	209	TimeUtil.ToCur24ClockTimestamp	Common.Utility.TimeUtil	code/Lua/decompiled/Drop/Model/DropModel.lua	static name match; dynamic dispatch not included
Drop.Model.DropModel	223	PropertyDataManager.Consume	Model.UserData.PropertyDataManager	code/Lua/decompiled/Drop/Model/DropModel.lua	static name match; dynamic dispatch not included
Drop.Model.DropModel	224	RewardApi.AcquireRewardsLogic	Model.UserData.RewardApi	code/Lua/decompiled/Drop/Model/DropModel.lua	static name match; dynamic dispatch not included
Drop.Model.DropModel	283	EventDispatcher.DispatchEvent	Common.Event.EventDispatcher	code/Lua/decompiled/Drop/Model/DropModel.lua	static name match; dynamic dispatch not included
Drop.Model.DropModel	285	Table.IsEmpty	Common.Utility.Table	code/Lua/decompiled/Drop/Model/DropModel.lua	static name match; dynamic dispatch not included
Drop.Model.DropModel	287	RewardApi.AcquireRewardsLogic	Model.UserData.RewardApi	code/Lua/decompiled/Drop/Model/DropModel.lua	static name match; dynamic dispatch not included
Drop.Model.DropModel	334	Table.ListWeightSelectOne	Common.Utility.Table	code/Lua/decompiled/Drop/Model/DropModel.lua	static name match; dynamic dispatch not included
Drop.Model.DropModel	348	Table.ListWeightSelectOne	Common.Utility.Table	code/Lua/decompiled/Drop/Model/DropModel.lua	static name match; dynamic dispatch not included
Drop.Model.DropModel	364	StringUtil.rFind	Common.Utility.StringUtil	code/Lua/decompiled/Drop/Model/DropModel.lua	static name match; dynamic dispatch not included
Drop.Model.DropModel	372	StringUtil.rFind	Common.Utility.StringUtil	code/Lua/decompiled/Drop/Model/DropModel.lua	static name match; dynamic dispatch not included
Drop.Model.DropModel	393	RewardApi.AcquireRewardsLogic	Model.UserData.RewardApi	code/Lua/decompiled/Drop/Model/DropModel.lua	static name match; dynamic dispatch not included
Drop.Model.DropModel	467	TutorialModel.HasAnyStrongTutorialOngoing	Model.Tutorial.TutorialModel	code/Lua/decompiled/Drop/Model/DropModel.lua	static name match; dynamic dispatch not included
FreefallActivity.Board.BoardPromptFreefall	23	FreefallActivityBoardModel.GetValidPositionIterator	FreefallActivity.Board.FreefallActivityBoardModel	code/Lua/decompiled/FreefallActivity/Board/BoardPromptFreefall.lua	static name match; dynamic dispatch not included
FreefallActivity.Board.BoardPromptFreefall	33	Table.ListRandomSelectOne	Common.Utility.Table	code/Lua/decompiled/FreefallActivity/Board/BoardPromptFreefall.lua	static name match; dynamic dispatch not included
FreefallActivity.Board.FreefallActivityBoardModel	31	Table.IsEmpty	Common.Utility.Table	code/Lua/decompiled/FreefallActivity/Board/FreefallActivityBoardModel.lua	static name match; dynamic dispatch not included
FreefallActivity.Board.FreefallActivityBoardModel	32	Table.IsEmpty	Common.Utility.Table	code/Lua/decompiled/FreefallActivity/Board/FreefallActivityBoardModel.lua	static name match; dynamic dispatch not included
FreefallActivity.Board.FreefallActivityBoardModel	33	BaseUIBoardModel.Init	Board.Model.Board.BaseUIBoardModel	code/Lua/decompiled/FreefallActivity/Board/FreefallActivityBoardModel.lua	static name match; dynamic dispatch not included
FreefallActivity.Board.FreefallActivityBoardModel	83	BaseBoardModel._CreateMatrix	Board.Model.Board.BaseBoardModel	code/Lua/decompiled/FreefallActivity/Board/FreefallActivityBoardModel.lua	static name match; dynamic dispatch not included
FreefallActivity.Board.FreefallActivityBoardModel	87	BaseBoardModel._CreatePosition	Board.Model.Board.BaseBoardModel	code/Lua/decompiled/FreefallActivity/Board/FreefallActivityBoardModel.lua	static name match; dynamic dispatch not included
FreefallActivity.Board.FreefallActivityBoardModel	91	BaseBoardModel._CreatePositionFromLocalPosition	Board.Model.Board.BaseBoardModel	code/Lua/decompiled/FreefallActivity/Board/FreefallActivityBoardModel.lua	static name match; dynamic dispatch not included
FreefallActivity.Board.FreefallActivityBoardModel	101	BaseBoardModel._CreatePosition	Board.Model.Board.BaseBoardModel	code/Lua/decompiled/FreefallActivity/Board/FreefallActivityBoardModel.lua	static name match; dynamic dispatch not included
FreefallActivity.Board.FreefallActivityBoardModel	119	StringUtil.IsNilOrEmpty	Common.Utility.StringUtil	code/Lua/decompiled/FreefallActivity/Board/FreefallActivityBoardModel.lua	static name match; dynamic dispatch not included
FreefallActivity.Board.FreefallActivityBoardModel	136	EventDispatcher.DispatchEvent	Common.Event.EventDispatcher	code/Lua/decompiled/FreefallActivity/Board/FreefallActivityBoardModel.lua	static name match; dynamic dispatch not included
FreefallActivity.Board.FreefallActivityBoardModel	166	EventDispatcher.DispatchEvent	Common.Event.EventDispatcher	code/Lua/decompiled/FreefallActivity/Board/FreefallActivityBoardModel.lua	static name match; dynamic dispatch not included
FreefallActivity.Board.FreefallActivityBoardModel	193	Table.IsEmpty	Common.Utility.Table	code/Lua/decompiled/FreefallActivity/Board/FreefallActivityBoardModel.lua	static name match; dynamic dispatch not included
FreefallActivity.Board.FreefallActivityBoardModel	198	EventDispatcher.DispatchEvent	Common.Event.EventDispatcher	code/Lua/decompiled/FreefallActivity/Board/FreefallActivityBoardModel.lua	static name match; dynamic dispatch not included
FreefallActivity.Board.FreefallActivityBoardModel	245	StringUtil.StartWith	Common.Utility.StringUtil	code/Lua/decompiled/FreefallActivity/Board/FreefallActivityBoardModel.lua	static name match; dynamic dispatch not included
FreefallActivity.Board.FreefallActivityBoardModel	246	ItemDataModel.GetChainLevel	Board.Model.ItemDataModel	code/Lua/decompiled/FreefallActivity/Board/FreefallActivityBoardModel.lua	static name match; dynamic dispatch not included
FreefallActivity.Board.FreefallActivityBoardModel	248	ActivityManager.GetModel	Model.Activity.ActivityManager	code/Lua/decompiled/FreefallActivity/Board/FreefallActivityBoardModel.lua	static name match; dynamic dispatch not included
FreefallActivity.Board.FreefallActivityBoardModel	250	ItemDataModel.GetMergedType	Board.Model.ItemDataModel	code/Lua/decompiled/FreefallActivity/Board/FreefallActivityBoardModel.lua	static name match; dynamic dispatch not included
FreefallActivity.Board.FreefallActivityBoardModel	264	EventDispatcher.DispatchEvent	Common.Event.EventDispatcher	code/Lua/decompiled/FreefallActivity/Board/FreefallActivityBoardModel.lua	static name match; dynamic dispatch not included
FreefallActivity.Board.FreefallActivityBoardModel	272	ItemDataModel.GetModelConfig	Board.Model.ItemDataModel	code/Lua/decompiled/FreefallActivity/Board/FreefallActivityBoardModel.lua	static name match; dynamic dispatch not included
FreefallActivity.Board.FreefallActivityBoardModel	333	StringUtil.rFind	Common.Utility.StringUtil	code/Lua/decompiled/FreefallActivity/Board/FreefallActivityBoardModel.lua	static name match; dynamic dispatch not included
FreefallActivity.Board.FreefallActivityBoardModel	337	ItemDataModel.GetModelConfig	Board.Model.ItemDataModel	code/Lua/decompiled/FreefallActivity/Board/FreefallActivityBoardModel.lua	static name match; dynamic dispatch not included
FreefallActivity.Board.FreefallActivityBoardModel	367	BaseUIBoardModel.TryPushCloudKeyProgress	Board.Model.Board.BaseUIBoardModel	code/Lua/decompiled/FreefallActivity/Board/FreefallActivityBoardModel.lua	static name match; dynamic dispatch not included
FreefallActivity.Board.FreefallActivityBoardModel	378	Table.IsEmpty	Common.Utility.Table	code/Lua/decompiled/FreefallActivity/Board/FreefallActivityBoardModel.lua	static name match; dynamic dispatch not included
FreefallActivity.Board.FreefallActivityBoardModel	422	ItemModelFactory.CreateWithCode	Board.Model.ItemModelFactory	code/Lua/decompiled/FreefallActivity/Board/FreefallActivityBoardModel.lua	static name match; dynamic dispatch not included
FreefallActivity.Board.FreefallActivityBoardModel	457	RewardApi.AcquireRewardsLogic	Model.UserData.RewardApi	code/Lua/decompiled/FreefallActivity/Board/FreefallActivityBoardModel.lua	static name match; dynamic dispatch not included
FreefallActivity.Board.FreefallActivityBoardModel	472	EventDispatcher.DispatchEvent	Common.Event.EventDispatcher	code/Lua/decompiled/FreefallActivity/Board/FreefallActivityBoardModel.lua	static name match; dynamic dispatch not included
FreefallActivity.Board.FreefallActivityBoardModel	498	StringUtil.IsNilOrEmpty	Common.Utility.StringUtil	code/Lua/decompiled/FreefallActivity/Board/FreefallActivityBoardModel.lua	static name match; dynamic dispatch not included
FreefallActivity.Board.FreefallActivityBoardModel	560	StringUtil.IsNilOrEmpty	Common.Utility.StringUtil	code/Lua/decompiled/FreefallActivity/Board/FreefallActivityBoardModel.lua	static name match; dynamic dispatch not included
FreefallActivity.Board.FreefallActivityBoardModel	615	Table.ListWeightSelectOne	Common.Utility.Table	code/Lua/decompiled/FreefallActivity/Board/FreefallActivityBoardModel.lua	static name match; dynamic dispatch not included
FreefallActivity.Board.FreefallActivityBoardModel	625	Table.ListWeightSelectOne	Common.Utility.Table	code/Lua/decompiled/FreefallActivity/Board/FreefallActivityBoardModel.lua	static name match; dynamic dispatch not included
FreefallActivity.Board.FreefallActivityBoardModel	713	ItemDataModel.GetModelConfig	Board.Model.ItemDataModel	code/Lua/decompiled/FreefallActivity/Board/FreefallActivityBoardModel.lua	static name match; dynamic dispatch not included
FreefallActivity.Board.FreefallActivityBoardModel	718	RewardApi.MergeRewards	Model.UserData.RewardApi	code/Lua/decompiled/FreefallActivity/Board/FreefallActivityBoardModel.lua	static name match; dynamic dispatch not included
FreefallActivity.Board.FreefallActivityBoardModel	745	ItemModelFactory.GetInnerType	Board.Model.ItemModelFactory	code/Lua/decompiled/FreefallActivity/Board/FreefallActivityBoardModel.lua	static name match; dynamic dispatch not included
FreefallActivity.Board.FreefallActivityBoardModel	746	StringUtil.IsNilOrEmpty	Common.Utility.StringUtil	code/Lua/decompiled/FreefallActivity/Board/FreefallActivityBoardModel.lua	static name match; dynamic dispatch not included
FreefallActivity.Board.FreefallActivityBoardModel	886	GameConfig.IsTestMode	Common.GameConfig	code/Lua/decompiled/FreefallActivity/Board/FreefallActivityBoardModel.lua	static name match; dynamic dispatch not included
FreefallActivity.Board.FreefallActivityBoardModel	895	Table.IsEmpty	Common.Utility.Table	code/Lua/decompiled/FreefallActivity/Board/FreefallActivityBoardModel.lua	static name match; dynamic dispatch not included
FreefallActivity.Board.FreefallActivityBoardModel	901	Table.IsEmpty	Common.Utility.Table	code/Lua/decompiled/FreefallActivity/Board/FreefallActivityBoardModel.lua	static name match; dynamic dispatch not included
FreefallActivity.Board.FreefallActivityBoardModel	934	ItemDataModel.GetChainId	Board.Model.ItemDataModel	code/Lua/decompiled/FreefallActivity/Board/FreefallActivityBoardModel.lua	static name match; dynamic dispatch not included
FreefallActivity.Board.FreefallActivityBoardModel	935	Table.ListContain	Common.Utility.Table	code/Lua/decompiled/FreefallActivity/Board/FreefallActivityBoardModel.lua	static name match; dynamic dispatch not included
FreefallActivity.Board.FreefallActivityBoardModel	973	RewardApi.AcquireRewardsLogic	Model.UserData.RewardApi	code/Lua/decompiled/FreefallActivity/Board/FreefallActivityBoardModel.lua	static name match; dynamic dispatch not included
FreefallActivity.Board.FreefallActivityBoardModel	988	EventDispatcher.DispatchEvent	Common.Event.EventDispatcher	code/Lua/decompiled/FreefallActivity/Board/FreefallActivityBoardModel.lua	static name match; dynamic dispatch not included
FreefallActivity.Board.FreefallActivityBoardModel	999	Table.ListContain	Common.Utility.Table	code/Lua/decompiled/FreefallActivity/Board/FreefallActivityBoardModel.lua	static name match; dynamic dispatch not included
FreefallActivity.Board.FreefallActivityBoardModel	1003	Table.ListContain	Common.Utility.Table	code/Lua/decompiled/FreefallActivity/Board/FreefallActivityBoardModel.lua	static name match; dynamic dispatch not included
FreefallActivity.Board.FreefallActivityBoardModel	1029	FreefallActivityModel.IsHitTokenType	FreefallActivity.Model.FreefallActivityModel	code/Lua/decompiled/FreefallActivity/Board/FreefallActivityBoardModel.lua	static name match; dynamic dispatch not included
FreefallActivity.Board.FreefallActivityBoardModel	1056	Table.ListRandomSelectN	Common.Utility.Table	code/Lua/decompiled/FreefallActivity/Board/FreefallActivityBoardModel.lua	static name match; dynamic dispatch not included
FreefallActivity.Board.FreefallActivityBoardModel	1065	RewardApi.AcquireRewardsLogic	Model.UserData.RewardApi	code/Lua/decompiled/FreefallActivity/Board/FreefallActivityBoardModel.lua	static name match; dynamic dispatch not included
FreefallActivity.Board.FreefallActivityBoardModel	1076	EventDispatcher.DispatchEvent	Common.Event.EventDispatcher	code/Lua/decompiled/FreefallActivity/Board/FreefallActivityBoardModel.lua	static name match; dynamic dispatch not included
FreefallActivity.Board.FreefallActivityBoardModel	1089	PlayerPrefs.GetInt	Common.Utility.PlayerPrefs	code/Lua/decompiled/FreefallActivity/Board/FreefallActivityBoardModel.lua	static name match; dynamic dispatch not included
FreefallActivity.Board.FreefallActivityBoardModel	1090	PlayerPrefs.GetInt	Common.Utility.PlayerPrefs	code/Lua/decompiled/FreefallActivity/Board/FreefallActivityBoardModel.lua	static name match; dynamic dispatch not included
FreefallActivity.Board.FreefallActivityBoardModel	1091	GameConfig.IsTestMode	Common.GameConfig	code/Lua/decompiled/FreefallActivity/Board/FreefallActivityBoardModel.lua	static name match; dynamic dispatch not included
FreefallActivity.Board.FreefallActivityBoardModel	1114	GameConfig.IsTestMode	Common.GameConfig	code/Lua/decompiled/FreefallActivity/Board/FreefallActivityBoardModel.lua	static name match; dynamic dispatch not included
FreefallActivity.Board.FreefallActivityBoardModel	1131	BaseBoardModel._CreatePosition	Board.Model.Board.BaseBoardModel	code/Lua/decompiled/FreefallActivity/Board/FreefallActivityBoardModel.lua	static name match; dynamic dispatch not included
FreefallActivity.Board.FreefallActivityBoardModel	1144	BaseBoardModel._CreatePosition	Board.Model.Board.BaseBoardModel	code/Lua/decompiled/FreefallActivity/Board/FreefallActivityBoardModel.lua	static name match; dynamic dispatch not included
FreefallActivity.Board.FreefallActivityBoardModel	1160	Table.IsEmpty	Common.Utility.Table	code/Lua/decompiled/FreefallActivity/Board/FreefallActivityBoardModel.lua	static name match; dynamic dispatch not included
FreefallActivity.Board.FreefallActivityBoardModel	1221	ItemModelFactory.CreateWithCode	Board.Model.ItemModelFactory	code/Lua/decompiled/FreefallActivity/Board/FreefallActivityBoardModel.lua	static name match; dynamic dispatch not included
FreefallActivity.Board.FreefallActivityBoardModel	1228	Table.IsEmpty	Common.Utility.Table	code/Lua/decompiled/FreefallActivity/Board/FreefallActivityBoardModel.lua	static name match; dynamic dispatch not included
FreefallActivity.Board.FreefallActivityBoardModel	1253	Table.ListRandomSelectN	Common.Utility.Table	code/Lua/decompiled/FreefallActivity/Board/FreefallActivityBoardModel.lua	static name match; dynamic dispatch not included
FreefallActivity.Board.FreefallActivityBoardModel	1275	Table.ListRandomSelectN	Common.Utility.Table	code/Lua/decompiled/FreefallActivity/Board/FreefallActivityBoardModel.lua	static name match; dynamic dispatch not included
FreefallActivity.Board.FreefallActivityBoardModel	1295	EventDispatcher.DispatchEvent	Common.Event.EventDispatcher	code/Lua/decompiled/FreefallActivity/Board/FreefallActivityBoardModel.lua	static name match; dynamic dispatch not included
FreefallActivity.Board.FreefallActivityBoardView	10	BaseUIBoardView.Init	Board.View.BaseUIBoardView	code/Lua/decompiled/FreefallActivity/Board/FreefallActivityBoardView.lua	static name match; dynamic dispatch not included
FreefallActivity.Board.FreefallActivityBoardView	14	GameConfig.IsTestMode	Common.GameConfig	code/Lua/decompiled/FreefallActivity/Board/FreefallActivityBoardView.lua	static name match; dynamic dispatch not included
FreefallActivity.Board.FreefallActivityBoardView	14	PlayerPrefs.GetInt	Common.Utility.PlayerPrefs	code/Lua/decompiled/FreefallActivity/Board/FreefallActivityBoardView.lua	static name match; dynamic dispatch not included
FreefallActivity.Board.FreefallActivityBoardView	18	EventDispatcher.AddListener	Common.Event.EventDispatcher	code/Lua/decompiled/FreefallActivity/Board/FreefallActivityBoardView.lua	static name match; dynamic dispatch not included
FreefallActivity.Board.FreefallActivityBoardView	19	EventDispatcher.AddListener	Common.Event.EventDispatcher	code/Lua/decompiled/FreefallActivity/Board/FreefallActivityBoardView.lua	static name match; dynamic dispatch not included
FreefallActivity.Board.FreefallActivityBoardView	20	EventDispatcher.AddListener	Common.Event.EventDispatcher	code/Lua/decompiled/FreefallActivity/Board/FreefallActivityBoardView.lua	static name match; dynamic dispatch not included
FreefallActivity.Board.FreefallActivityBoardView	21	EventDispatcher.AddListener	Common.Event.EventDispatcher	code/Lua/decompiled/FreefallActivity/Board/FreefallActivityBoardView.lua	static name match; dynamic dispatch not included
FreefallActivity.Board.FreefallActivityBoardView	22	EventDispatcher.AddListener	Common.Event.EventDispatcher	code/Lua/decompiled/FreefallActivity/Board/FreefallActivityBoardView.lua	static name match; dynamic dispatch not included
FreefallActivity.Board.FreefallActivityBoardView	28	ActivityManager.GetModel	Model.Activity.ActivityManager	code/Lua/decompiled/FreefallActivity/Board/FreefallActivityBoardView.lua	static name match; dynamic dispatch not included
FreefallActivity.Board.FreefallActivityBoardView	30	HuntActivityBoardModel.CreateMatrix	HuntActivity.Common.Board.HuntActivityBoardModel	code/Lua/decompiled/FreefallActivity/Board/FreefallActivityBoardView.lua	static name match; dynamic dispatch not included
FreefallActivity.Board.FreefallActivityBoardView	37	BaseUIBoardView._RegisterBoardEvent	Board.View.BaseUIBoardView	code/Lua/decompiled/FreefallActivity/Board/FreefallActivityBoardView.lua	static name match; dynamic dispatch not included
FreefallActivity.Board.FreefallActivityBoardView	52	EventDispatcher.AddActiveListener	Common.Event.EventDispatcher	code/Lua/decompiled/FreefallActivity/Board/FreefallActivityBoardView.lua	static name match; dynamic dispatch not included
FreefallActivity.Board.FreefallActivityBoardView	53	EventDispatcher.AddActiveListener	Common.Event.EventDispatcher	code/Lua/decompiled/FreefallActivity/Board/FreefallActivityBoardView.lua	static name match; dynamic dispatch not included
FreefallActivity.Board.FreefallActivityBoardView	54	EventDispatcher.AddActiveListener	Common.Event.EventDispatcher	code/Lua/decompiled/FreefallActivity/Board/FreefallActivityBoardView.lua	static name match; dynamic dispatch not included
FreefallActivity.Board.FreefallActivityBoardView	55	EventDispatcher.AddActiveListener	Common.Event.EventDispatcher	code/Lua/decompiled/FreefallActivity/Board/FreefallActivityBoardView.lua	static name match; dynamic dispatch not included
FreefallActivity.Board.FreefallActivityBoardView	91	EventDispatcher.DispatchEvent	Common.Event.EventDispatcher	code/Lua/decompiled/FreefallActivity/Board/FreefallActivityBoardView.lua	static name match; dynamic dispatch not included
FreefallActivity.Board.FreefallActivityBoardView	97	EventDispatcher.DispatchEvent	Common.Event.EventDispatcher	code/Lua/decompiled/FreefallActivity/Board/FreefallActivityBoardView.lua	static name match; dynamic dispatch not included
FreefallActivity.Board.FreefallActivityBoardView	102	EventDispatcher.DispatchEvent	Common.Event.EventDispatcher	code/Lua/decompiled/FreefallActivity/Board/FreefallActivityBoardView.lua	static name match; dynamic dispatch not included
FreefallActivity.Board.FreefallActivityBoardView	121	EventDispatcher.DispatchEvent	Common.Event.EventDispatcher	code/Lua/decompiled/FreefallActivity/Board/FreefallActivityBoardView.lua	static name match; dynamic dispatch not included
FreefallActivity.Board.FreefallActivityBoardView	126	EventDispatcher.DispatchEvent	Common.Event.EventDispatcher	code/Lua/decompiled/FreefallActivity/Board/FreefallActivityBoardView.lua	static name match; dynamic dispatch not included
FreefallActivity.Board.FreefallActivityBoardView	131	EventDispatcher.DispatchEvent	Common.Event.EventDispatcher	code/Lua/decompiled/FreefallActivity/Board/FreefallActivityBoardView.lua	static name match; dynamic dispatch not included
FreefallActivity.Board.FreefallActivityBoardView	142	BaseUIBoardView.OnDestroy	Board.View.BaseUIBoardView	code/Lua/decompiled/FreefallActivity/Board/FreefallActivityBoardView.lua	static name match; dynamic dispatch not included
FreefallActivity.Board.FreefallActivityBoardView	161	EventDispatcher.DispatchEvent	Common.Event.EventDispatcher	code/Lua/decompiled/FreefallActivity/Board/FreefallActivityBoardView.lua	static name match; dynamic dispatch not included
FreefallActivity.Board.FreefallActivityBoardView	166	EventDispatcher.DispatchEvent	Common.Event.EventDispatcher	code/Lua/decompiled/FreefallActivity/Board/FreefallActivityBoardView.lua	static name match; dynamic dispatch not included
FreefallActivity.Board.FreefallActivityBoardView	171	EventDispatcher.DispatchEvent	Common.Event.EventDispatcher	code/Lua/decompiled/FreefallActivity/Board/FreefallActivityBoardView.lua	static name match; dynamic dispatch not included
FreefallActivity.Board.FreefallActivityBoardView	204	BaseUIBoardView._CanShowMergeLight	Board.View.BaseUIBoardView	code/Lua/decompiled/FreefallActivity/Board/FreefallActivityBoardView.lua	static name match; dynamic dispatch not included
FreefallActivity.Board.FreefallActivityBoardView	212	BaseUIBoardView._UpdateIndicator	Board.View.BaseUIBoardView	code/Lua/decompiled/FreefallActivity/Board/FreefallActivityBoardView.lua	static name match; dynamic dispatch not included
FreefallActivity.Board.FreefallActivityBoardView	225	TutorialModel.GetForceSourceBoardPosition	Model.Tutorial.TutorialModel	code/Lua/decompiled/FreefallActivity/Board/FreefallActivityBoardView.lua	static name match; dynamic dispatch not included
FreefallActivity.Board.FreefallActivityBoardView	244	EventDispatcher.DispatchEvent	Common.Event.EventDispatcher	code/Lua/decompiled/FreefallActivity/Board/FreefallActivityBoardView.lua	static name match; dynamic dispatch not included
FreefallActivity.Board.FreefallActivityBoardView	262	EventDispatcher.DispatchEvent	Common.Event.EventDispatcher	code/Lua/decompiled/FreefallActivity/Board/FreefallActivityBoardView.lua	static name match; dynamic dispatch not included
FreefallActivity.Board.FreefallActivityBoardView	263	EventDispatcher.DispatchEvent	Common.Event.EventDispatcher	code/Lua/decompiled/FreefallActivity/Board/FreefallActivityBoardView.lua	static name match; dynamic dispatch not included
FreefallActivity.Board.FreefallActivityBoardView	285	EventDispatcher.DispatchEvent	Common.Event.EventDispatcher	code/Lua/decompiled/FreefallActivity/Board/FreefallActivityBoardView.lua	static name match; dynamic dispatch not included
FreefallActivity.Board.FreefallActivityBoardView	286	EventDispatcher.DispatchEvent	Common.Event.EventDispatcher	code/Lua/decompiled/FreefallActivity/Board/FreefallActivityBoardView.lua	static name match; dynamic dispatch not included
FreefallActivity.Board.FreefallActivityBoardView	300	EventDispatcher.DispatchEvent	Common.Event.EventDispatcher	code/Lua/decompiled/FreefallActivity/Board/FreefallActivityBoardView.lua	static name match; dynamic dispatch not included
FreefallActivity.Board.FreefallActivityBoardView	310	EventDispatcher.DispatchEvent	Common.Event.EventDispatcher	code/Lua/decompiled/FreefallActivity/Board/FreefallActivityBoardView.lua	static name match; dynamic dispatch not included
FreefallActivity.Board.FreefallActivityBoardView	343	EventDispatcher.DispatchEvent	Common.Event.EventDispatcher	code/Lua/decompiled/FreefallActivity/Board/FreefallActivityBoardView.lua	static name match; dynamic dispatch not included
FreefallActivity.Board.FreefallActivityBoardView	344	EventDispatcher.DispatchEvent	Common.Event.EventDispatcher	code/Lua/decompiled/FreefallActivity/Board/FreefallActivityBoardView.lua	static name match; dynamic dispatch not included
FreefallActivity.Board.FreefallActivityBoardView	348	TutorialModel.GetForceTargetBoardPosition	Model.Tutorial.TutorialModel	code/Lua/decompiled/FreefallActivity/Board/FreefallActivityBoardView.lua	static name match; dynamic dispatch not included
FreefallActivity.Board.FreefallActivityBoardView	350	BaseSceneBoardModel.CreatePosition	Board.Model.Board.BaseSceneBoardModel	code/Lua/decompiled/FreefallActivity/Board/FreefallActivityBoardView.lua	static name match; dynamic dispatch not included
FreefallActivity.Board.FreefallActivityBoardView	365	EventDispatcher.DispatchEvent	Common.Event.EventDispatcher	code/Lua/decompiled/FreefallActivity/Board/FreefallActivityBoardView.lua	static name match; dynamic dispatch not included
FreefallActivity.Board.FreefallActivityBoardView	385	EventDispatcher.DispatchEvent	Common.Event.EventDispatcher	code/Lua/decompiled/FreefallActivity/Board/FreefallActivityBoardView.lua	static name match; dynamic dispatch not included
FreefallActivity.Board.FreefallActivityBoardView	400	GameConfig.IsTestMode	Common.GameConfig	code/Lua/decompiled/FreefallActivity/Board/FreefallActivityBoardView.lua	static name match; dynamic dispatch not included
FreefallActivity.Board.FreefallActivityBoardView	412	Scheduler.Unschedule	Common.Utility.Scheduler	code/Lua/decompiled/FreefallActivity/Board/FreefallActivityBoardView.lua	static name match; dynamic dispatch not included
FreefallActivity.Board.FreefallActivityBoardView	421	GameConfig.IsTestMode	Common.GameConfig	code/Lua/decompiled/FreefallActivity/Board/FreefallActivityBoardView.lua	static name match; dynamic dispatch not included
FreefallActivity.Board.FreefallActivityBoardView	425	GameConfig.IsTestMode	Common.GameConfig	code/Lua/decompiled/FreefallActivity/Board/FreefallActivityBoardView.lua	static name match; dynamic dispatch not included
FreefallActivity.Board.FreefallActivityBoardView	464	FreefallActivityModel.IsHitTokenType	FreefallActivity.Model.FreefallActivityModel	code/Lua/decompiled/FreefallActivity/Board/FreefallActivityBoardView.lua	static name match; dynamic dispatch not included
FreefallActivity.Board.FreefallActivityBoardView	469	PositionUtil.UICameraScreen2World	Common.Utility.PositionUtil	code/Lua/decompiled/FreefallActivity/Board/FreefallActivityBoardView.lua	static name match; dynamic dispatch not included
FreefallActivity.Board.FreefallActivityBoardView	474	PositionUtil.UICameraScreen2World	Common.Utility.PositionUtil	code/Lua/decompiled/FreefallActivity/Board/FreefallActivityBoardView.lua	static name match; dynamic dispatch not included
FreefallActivity.Board.FreefallActivityBoardView	484	BaseActionBoardView._OnCollectItem	Board.View.BaseActionBoardView	code/Lua/decompiled/FreefallActivity/Board/FreefallActivityBoardView.lua	static name match; dynamic dispatch not included
FreefallActivity.Board.FreefallActivityBoardView	506	EventDispatcher.DispatchEvent	Common.Event.EventDispatcher	code/Lua/decompiled/FreefallActivity/Board/FreefallActivityBoardView.lua	static name match; dynamic dispatch not included
FreefallActivity.Board.FreefallActivityBoardView	555	Table.IsEmpty	Common.Utility.Table	code/Lua/decompiled/FreefallActivity/Board/FreefallActivityBoardView.lua	static name match; dynamic dispatch not included
FreefallActivity.Board.FreefallActivityBoardView	555	StringUtil.IsNilOrEmpty	Common.Utility.StringUtil	code/Lua/decompiled/FreefallActivity/Board/FreefallActivityBoardView.lua	static name match; dynamic dispatch not included
FreefallActivity.Board.FreefallActivityBoardView	555	StringUtil.StartWith	Common.Utility.StringUtil	code/Lua/decompiled/FreefallActivity/Board/FreefallActivityBoardView.lua	static name match; dynamic dispatch not included
FreefallActivity.Board.FreefallActivityBoardView	655	BaseUIBoardView._UpdateSingleCompleteTile	Board.View.BaseUIBoardView	code/Lua/decompiled/FreefallActivity/Board/FreefallActivityBoardView.lua	static name match; dynamic dispatch not included
FreefallActivity.Board.FreefallActivityBoardView	659	BaseUIBoardView.UpdateCompleteTileDisplay	Board.View.BaseUIBoardView	code/Lua/decompiled/FreefallActivity/Board/FreefallActivityBoardView.lua	static name match; dynamic dispatch not included
FreefallActivity.Board.FreefallActivityBoardView	705	PositionUtil.UICameraScreen2World	Common.Utility.PositionUtil	code/Lua/decompiled/FreefallActivity/Board/FreefallActivityBoardView.lua	static name match; dynamic dispatch not included
FreefallActivity.Board.FreefallActivityBoardView	721	Table.ListRep	Common.Utility.Table	code/Lua/decompiled/FreefallActivity/Board/FreefallActivityBoardView.lua	static name match; dynamic dispatch not included
FreefallActivity.Board.FreefallActivityBoardView	725	RewardApi.AcquireRewardsInView	Model.UserData.RewardApi	code/Lua/decompiled/FreefallActivity/Board/FreefallActivityBoardView.lua	static name match; dynamic dispatch not included
FreefallActivity.Board.FreefallActivityBoardView	730	Table.ListRep	Common.Utility.Table	code/Lua/decompiled/FreefallActivity/Board/FreefallActivityBoardView.lua	static name match; dynamic dispatch not included
FreefallActivity.Board.FreefallActivityBoardView	734	RewardApi.AcquireRewardsInView	Model.UserData.RewardApi	code/Lua/decompiled/FreefallActivity/Board/FreefallActivityBoardView.lua	static name match; dynamic dispatch not included
FreefallActivity.Board.FreefallActivityBoardView	745	EventDispatcher.DispatchEvent	Common.Event.EventDispatcher	code/Lua/decompiled/FreefallActivity/Board/FreefallActivityBoardView.lua	static name match; dynamic dispatch not included
FreefallActivity.Board.FreefallActivityBoardView	754	Table.ListContain	Common.Utility.Table	code/Lua/decompiled/FreefallActivity/Board/FreefallActivityBoardView.lua	static name match; dynamic dispatch not included
FreefallActivity.Board.FreefallActivityBoardView	754	ItemDataModel.GetChainId	Board.Model.ItemDataModel	code/Lua/decompiled/FreefallActivity/Board/FreefallActivityBoardView.lua	static name match; dynamic dispatch not included
FreefallActivity.Board.FreefallActivityBoardView	754	Table.ListContain	Common.Utility.Table	code/Lua/decompiled/FreefallActivity/Board/FreefallActivityBoardView.lua	static name match; dynamic dispatch not included
FreefallActivity.Board.FreefallActivityBoardView	754	ItemDataModel.GetChainId	Board.Model.ItemDataModel	code/Lua/decompiled/FreefallActivity/Board/FreefallActivityBoardView.lua	static name match; dynamic dispatch not included
FreefallActivity.Board.FreefallActivityBoardView	763	PositionUtil.UICameraScreen2World	Common.Utility.PositionUtil	code/Lua/decompiled/FreefallActivity/Board/FreefallActivityBoardView.lua	static name match; dynamic dispatch not included
FreefallActivity.Board.FreefallActivityBoardView	768	PositionUtil.UICameraScreen2World	Common.Utility.PositionUtil	code/Lua/decompiled/FreefallActivity/Board/FreefallActivityBoardView.lua	static name match; dynamic dispatch not included
FreefallActivity.Board.FreefallActivityBoardView	778	PositionUtil.UICameraScreen2World	Common.Utility.PositionUtil	code/Lua/decompiled/FreefallActivity/Board/FreefallActivityBoardView.lua	static name match; dynamic dispatch not included
FreefallActivity.Board.FreefallActivityBoardView	800	EventDispatcher.DispatchEvent	Common.Event.EventDispatcher	code/Lua/decompiled/FreefallActivity/Board/FreefallActivityBoardView.lua	static name match; dynamic dispatch not included
FreefallActivity.Board.FreefallActivityBoardView	814	PositionUtil.UICameraScreen2World	Common.Utility.PositionUtil	code/Lua/decompiled/FreefallActivity/Board/FreefallActivityBoardView.lua	static name match; dynamic dispatch not included
FreefallActivity.Board.FreefallActivityBoardView	826	EventDispatcher.DispatchEvent	Common.Event.EventDispatcher	code/Lua/decompiled/FreefallActivity/Board/FreefallActivityBoardView.lua	static name match; dynamic dispatch not included
FreefallActivity.Board.FreefallActivityBoardView	896	FreefallActivityBoardModel.CreatePosition	FreefallActivity.Board.FreefallActivityBoardModel	code/Lua/decompiled/FreefallActivity/Board/FreefallActivityBoardView.lua	static name match; dynamic dispatch not included
FreefallActivity.Board.FreefallActivityBoardView	912	Table.IsEmpty	Common.Utility.Table	code/Lua/decompiled/FreefallActivity/Board/FreefallActivityBoardView.lua	static name match; dynamic dispatch not included
FreefallActivity.Board.FreefallActivityBoardView	937	FreefallActivityBoardModel.CreatePosition	FreefallActivity.Board.FreefallActivityBoardModel	code/Lua/decompiled/FreefallActivity/Board/FreefallActivityBoardView.lua	static name match; dynamic dispatch not included
FreefallActivity.Board.FreefallActivityBoardView	943	Table.IsEmpty	Common.Utility.Table	code/Lua/decompiled/FreefallActivity/Board/FreefallActivityBoardView.lua	static name match; dynamic dispatch not included
FreefallActivity.Board.FreefallActivityBoardView	944	Table.Contain	Common.Utility.Table	code/Lua/decompiled/FreefallActivity/Board/FreefallActivityBoardView.lua	static name match; dynamic dispatch not included
FreefallActivity.Board.FreefallActivityBoardView	946	Table.Contain	Common.Utility.Table	code/Lua/decompiled/FreefallActivity/Board/FreefallActivityBoardView.lua	static name match; dynamic dispatch not included
FreefallActivity.Board.FreefallActivityBoardView	948	Table.Contain	Common.Utility.Table	code/Lua/decompiled/FreefallActivity/Board/FreefallActivityBoardView.lua	static name match; dynamic dispatch not included
FreefallActivity.Board.FreefallActivityBoardView	950	Table.Contain	Common.Utility.Table	code/Lua/decompiled/FreefallActivity/Board/FreefallActivityBoardView.lua	static name match; dynamic dispatch not included
FreefallActivity.Board.FreefallActivityBoardView	952	Table.Contain	Common.Utility.Table	code/Lua/decompiled/FreefallActivity/Board/FreefallActivityBoardView.lua	static name match; dynamic dispatch not included
FreefallActivity.Board.FreefallActivityBoardView	969	FreefallActivityBoardModel.CreatePosition	FreefallActivity.Board.FreefallActivityBoardModel	code/Lua/decompiled/FreefallActivity/Board/FreefallActivityBoardView.lua	static name match; dynamic dispatch not included
FreefallActivity.Board.FreefallActivityItemLayerModel	29	EventDispatcher.DispatchEvent	Common.Event.EventDispatcher	code/Lua/decompiled/FreefallActivity/Board/FreefallActivityItemLayerModel.lua	static name match; dynamic dispatch not included
FreefallActivity.Model.FreefallActivityModel	42	ActivityManager.GetModel	Model.Activity.ActivityManager	code/Lua/decompiled/FreefallActivity/Model/FreefallActivityModel.lua	static name match; dynamic dispatch not included
FreefallActivity.Model.FreefallActivityModel	51	ActivityManager.GetModel	Model.Activity.ActivityManager	code/Lua/decompiled/FreefallActivity/Model/FreefallActivityModel.lua	static name match; dynamic dispatch not included
FreefallActivity.Model.FreefallActivityModel	64	ActivityTokenHelper.Create	Model.Activity.ActivityTokenHelper	code/Lua/decompiled/FreefallActivity/Model/FreefallActivityModel.lua	static name match; dynamic dispatch not included
FreefallActivity.Model.FreefallActivityModel	73	BaseActivityModel.Init	Model.Activity.BaseActivityModel	code/Lua/decompiled/FreefallActivity/Model/FreefallActivityModel.lua	static name match; dynamic dispatch not included
FreefallActivity.Model.FreefallActivityModel	78	BaseActivityModel.Destroy	Model.Activity.BaseActivityModel	code/Lua/decompiled/FreefallActivity/Model/FreefallActivityModel.lua	static name match; dynamic dispatch not included
FreefallActivity.Model.FreefallActivityModel	97	Table.IsEmpty	Common.Utility.Table	code/Lua/decompiled/FreefallActivity/Model/FreefallActivityModel.lua	static name match; dynamic dispatch not included
FreefallActivity.Model.FreefallActivityModel	115	Table.IsEmpty	Common.Utility.Table	code/Lua/decompiled/FreefallActivity/Model/FreefallActivityModel.lua	static name match; dynamic dispatch not included
FreefallActivity.Model.FreefallActivityModel	129	GameConfig.IsTestMode	Common.GameConfig	code/Lua/decompiled/FreefallActivity/Model/FreefallActivityModel.lua	static name match; dynamic dispatch not included
FreefallActivity.Model.FreefallActivityModel	138	Table.IsEmpty	Common.Utility.Table	code/Lua/decompiled/FreefallActivity/Model/FreefallActivityModel.lua	static name match; dynamic dispatch not included
FreefallActivity.Model.FreefallActivityModel	162	BaseActivityModel._DropData	Model.Activity.BaseActivityModel	code/Lua/decompiled/FreefallActivity/Model/FreefallActivityModel.lua	static name match; dynamic dispatch not included
FreefallActivity.Model.FreefallActivityModel	175	BaseActivityModel._OnStateChanged	Model.Activity.BaseActivityModel	code/Lua/decompiled/FreefallActivity/Model/FreefallActivityModel.lua	static name match; dynamic dispatch not included
FreefallActivity.Model.FreefallActivityModel	188	TutorialModel.IsTutorialFinished	Model.Tutorial.TutorialModel	code/Lua/decompiled/FreefallActivity/Model/FreefallActivityModel.lua	static name match; dynamic dispatch not included
FreefallActivity.Model.FreefallActivityModel	201	EventDispatcher.DispatchEvent	Common.Event.EventDispatcher	code/Lua/decompiled/FreefallActivity/Model/FreefallActivityModel.lua	static name match; dynamic dispatch not included
FreefallActivity.Model.FreefallActivityModel	202	EventDispatcher.DispatchEvent	Common.Event.EventDispatcher	code/Lua/decompiled/FreefallActivity/Model/FreefallActivityModel.lua	static name match; dynamic dispatch not included
FreefallActivity.Model.FreefallActivityModel	209	Table.IsEmpty	Common.Utility.Table	code/Lua/decompiled/FreefallActivity/Model/FreefallActivityModel.lua	static name match; dynamic dispatch not included
FreefallActivity.Model.FreefallActivityModel	228	Table.IsEmpty	Common.Utility.Table	code/Lua/decompiled/FreefallActivity/Model/FreefallActivityModel.lua	static name match; dynamic dispatch not included
FreefallActivity.Model.FreefallActivityModel	229	Table.ListRandomSelectOne	Common.Utility.Table	code/Lua/decompiled/FreefallActivity/Model/FreefallActivityModel.lua	static name match; dynamic dispatch not included
FreefallActivity.Model.FreefallActivityModel	250	Table.IsEmpty	Common.Utility.Table	code/Lua/decompiled/FreefallActivity/Model/FreefallActivityModel.lua	static name match; dynamic dispatch not included
FreefallActivity.Model.FreefallActivityModel	251	Table.IsEmpty	Common.Utility.Table	code/Lua/decompiled/FreefallActivity/Model/FreefallActivityModel.lua	static name match; dynamic dispatch not included
FreefallActivity.Model.FreefallActivityModel	252	FreefallActivityBoardModel.Create	FreefallActivity.Board.FreefallActivityBoardModel	code/Lua/decompiled/FreefallActivity/Model/FreefallActivityModel.lua	static name match; dynamic dispatch not included
FreefallActivity.Model.FreefallActivityModel	258	GameConfig.IsTestMode	Common.GameConfig	code/Lua/decompiled/FreefallActivity/Model/FreefallActivityModel.lua	static name match; dynamic dispatch not included
FreefallActivity.Model.FreefallActivityModel	263	ItemUtility.GetInnerCodeAndPrefixByCode	Board.Model.ItemUtility	code/Lua/decompiled/FreefallActivity/Model/FreefallActivityModel.lua	static name match; dynamic dispatch not included
FreefallActivity.Model.FreefallActivityModel	264	ItemUtility.GetInnerCodeAndPrefixByCode	Board.Model.ItemUtility	code/Lua/decompiled/FreefallActivity/Model/FreefallActivityModel.lua	static name match; dynamic dispatch not included
FreefallActivity.Model.FreefallActivityModel	329	EventDispatcher.DispatchEvent	Common.Event.EventDispatcher	code/Lua/decompiled/FreefallActivity/Model/FreefallActivityModel.lua	static name match; dynamic dispatch not included
FreefallActivity.Model.FreefallActivityModel	446	GameConfig.IsTestMode	Common.GameConfig	code/Lua/decompiled/FreefallActivity/Model/FreefallActivityModel.lua	static name match; dynamic dispatch not included
FreefallActivity.Model.FreefallActivityModel	478	Table.IsEmpty	Common.Utility.Table	code/Lua/decompiled/FreefallActivity/Model/FreefallActivityModel.lua	static name match; dynamic dispatch not included
FreefallActivity.Model.FreefallActivityModel	517	RewardApi.AcquireRewardsLogic	Model.UserData.RewardApi	code/Lua/decompiled/FreefallActivity/Model/FreefallActivityModel.lua	static name match; dynamic dispatch not included
FreefallActivity.Model.FreefallActivityModel	524	RewardApi.AcquireRewardsLogic	Model.UserData.RewardApi	code/Lua/decompiled/FreefallActivity/Model/FreefallActivityModel.lua	static name match; dynamic dispatch not included
FreefallActivity.Model.FreefallActivityModel	546	StringUtil.IsNilOrEmpty	Common.Utility.StringUtil	code/Lua/decompiled/FreefallActivity/Model/FreefallActivityModel.lua	static name match; dynamic dispatch not included
FreefallActivity.Model.FreefallActivityModel	547	StringUtil.Split	Common.Utility.StringUtil	code/Lua/decompiled/FreefallActivity/Model/FreefallActivityModel.lua	static name match; dynamic dispatch not included
FreefallActivity.Model.FreefallActivityModel	605	RewardApi.AcquireRewardsLogic	Model.UserData.RewardApi	code/Lua/decompiled/FreefallActivity/Model/FreefallActivityModel.lua	static name match; dynamic dispatch not included
FreefallActivity.Model.FreefallActivityModel	611	Table.IsEmpty	Common.Utility.Table	code/Lua/decompiled/FreefallActivity/Model/FreefallActivityModel.lua	static name match; dynamic dispatch not included
FreefallActivity.Model.FreefallActivityModel	638	FreefallActivityBoardModel.CreatePosition	FreefallActivity.Board.FreefallActivityBoardModel	code/Lua/decompiled/FreefallActivity/Model/FreefallActivityModel.lua	static name match; dynamic dispatch not included
FreefallActivity.Model.FreefallActivityModel	678	EventDispatcher.DispatchEvent	Common.Event.EventDispatcher	code/Lua/decompiled/FreefallActivity/Model/FreefallActivityModel.lua	static name match; dynamic dispatch not included
FreefallActivity.Model.FreefallActivityModel	702	EventDispatcher.DispatchEvent	Common.Event.EventDispatcher	code/Lua/decompiled/FreefallActivity/Model/FreefallActivityModel.lua	static name match; dynamic dispatch not included
FreefallActivity.Model.FreefallActivityModel	715	Table.IsEmpty	Common.Utility.Table	code/Lua/decompiled/FreefallActivity/Model/FreefallActivityModel.lua	static name match; dynamic dispatch not included
FreefallActivity.Model.FreefallActivityModel	734	Table.IsEmpty	Common.Utility.Table	code/Lua/decompiled/FreefallActivity/Model/FreefallActivityModel.lua	static name match; dynamic dispatch not included
FreefallActivity.Model.FreefallActivityModel	749	EventDispatcher.DispatchEvent	Common.Event.EventDispatcher	code/Lua/decompiled/FreefallActivity/Model/FreefallActivityModel.lua	static name match; dynamic dispatch not included
FreefallActivity.Model.FreefallActivityModel	781	Table.IsEmpty	Common.Utility.Table	code/Lua/decompiled/FreefallActivity/Model/FreefallActivityModel.lua	static name match; dynamic dispatch not included
FreefallActivity.Model.FreefallActivityModel	783	Table.ListRandomSelectOne	Common.Utility.Table	code/Lua/decompiled/FreefallActivity/Model/FreefallActivityModel.lua	static name match; dynamic dispatch not included
FreefallActivity.Model.FreefallActivityModel	794	FreefallActivityBoardModel.CreatePosition	FreefallActivity.Board.FreefallActivityBoardModel	code/Lua/decompiled/FreefallActivity/Model/FreefallActivityModel.lua	static name match; dynamic dispatch not included
FreefallActivity.Model.FreefallActivityModel	795	FreefallActivityBoardModel.CreatePosition	FreefallActivity.Board.FreefallActivityBoardModel	code/Lua/decompiled/FreefallActivity/Model/FreefallActivityModel.lua	static name match; dynamic dispatch not included
FreefallActivity.Model.FreefallActivityModel	810	EventDispatcher.DispatchEvent	Common.Event.EventDispatcher	code/Lua/decompiled/FreefallActivity/Model/FreefallActivityModel.lua	static name match; dynamic dispatch not included
FreefallActivity.Model.FreefallActivityModel	842	Table.IsEmpty	Common.Utility.Table	code/Lua/decompiled/FreefallActivity/Model/FreefallActivityModel.lua	static name match; dynamic dispatch not included
FreefallActivity.Model.FreefallActivityModel	843	Table.ListRandomSelectOne	Common.Utility.Table	code/Lua/decompiled/FreefallActivity/Model/FreefallActivityModel.lua	static name match; dynamic dispatch not included
FreefallActivity.Model.FreefallActivityModel	897	Table.IsEmpty	Common.Utility.Table	code/Lua/decompiled/FreefallActivity/Model/FreefallActivityModel.lua	static name match; dynamic dispatch not included
FreefallActivity.Model.FreefallActivityModel	906	Table.IsEmpty	Common.Utility.Table	code/Lua/decompiled/FreefallActivity/Model/FreefallActivityModel.lua	static name match; dynamic dispatch not included
FreefallActivity.Model.FreefallActivityModel	909	RewardApi.MergeRewards	Model.UserData.RewardApi	code/Lua/decompiled/FreefallActivity/Model/FreefallActivityModel.lua	static name match; dynamic dispatch not included
FreefallActivity.Model.FreefallActivityModel	988	EventDispatcher.DispatchEvent	Common.Event.EventDispatcher	code/Lua/decompiled/FreefallActivity/Model/FreefallActivityModel.lua	static name match; dynamic dispatch not included
FreefallActivity.Model.FreefallActivityModel	1052	BaseActivityModel._OnConsumeEnergy	Model.Activity.BaseActivityModel	code/Lua/decompiled/FreefallActivity/Model/FreefallActivityModel.lua	static name match; dynamic dispatch not included
FreefallActivity.Model.FreefallActivityModel	1061	EventDispatcher.DispatchEvent	Common.Event.EventDispatcher	code/Lua/decompiled/FreefallActivity/Model/FreefallActivityModel.lua	static name match; dynamic dispatch not included
FreefallActivity.Model.FreefallActivityModel	1062	EventDispatcher.DispatchEvent	Common.Event.EventDispatcher	code/Lua/decompiled/FreefallActivity/Model/FreefallActivityModel.lua	static name match; dynamic dispatch not included
FreefallActivity.Model.FreefallActivityModel	1064	EventDispatcher.DispatchEvent	Common.Event.EventDispatcher	code/Lua/decompiled/FreefallActivity/Model/FreefallActivityModel.lua	static name match; dynamic dispatch not included
HuntMapActivity.Board.BoardPromptHuntMap	33	ActivityManager.GetModel	Model.Activity.ActivityManager	code/Lua/decompiled/HuntMapActivity/Board/BoardPromptHuntMap.lua	static name match; dynamic dispatch not included
HuntMapActivity.Board.BoardPromptHuntMap	62	StringUtil.StartWith	Common.Utility.StringUtil	code/Lua/decompiled/HuntMapActivity/Board/BoardPromptHuntMap.lua	static name match; dynamic dispatch not included
HuntMapActivity.Board.BoardPromptHuntMap	63	ItemDataModel.GetChainLevel	Board.Model.ItemDataModel	code/Lua/decompiled/HuntMapActivity/Board/BoardPromptHuntMap.lua	static name match; dynamic dispatch not included
HuntMapActivity.Board.BoardPromptHuntMap	86	Table.ListRandomSelectN	Common.Utility.Table	code/Lua/decompiled/HuntMapActivity/Board/BoardPromptHuntMap.lua	static name match; dynamic dispatch not included
HuntMapActivity.Board.BoardPromptHuntMap	91	Table.ListRandomSelectOne	Common.Utility.Table	code/Lua/decompiled/HuntMapActivity/Board/BoardPromptHuntMap.lua	static name match; dynamic dispatch not included
HuntMapActivity.Board.BoardPromptHuntMap	92	Table.ListRandomSelectOne	Common.Utility.Table	code/Lua/decompiled/HuntMapActivity/Board/BoardPromptHuntMap.lua	static name match; dynamic dispatch not included
HuntMapActivity.Board.BoardPromptHuntMap	95	Table.ListRandomSelectN	Common.Utility.Table	code/Lua/decompiled/HuntMapActivity/Board/BoardPromptHuntMap.lua	static name match; dynamic dispatch not included
HuntMapActivity.Board.BoardPromptHuntMap	100	Table.ListRandomSelectOne	Common.Utility.Table	code/Lua/decompiled/HuntMapActivity/Board/BoardPromptHuntMap.lua	static name match; dynamic dispatch not included
HuntMapActivity.Board.BoardPromptHuntMap	102	Table.ListRandomSelectOne	Common.Utility.Table	code/Lua/decompiled/HuntMapActivity/Board/BoardPromptHuntMap.lua	static name match; dynamic dispatch not included
HuntMapActivity.Board.BoardPromptHuntMap	147	ItemDataModel.IsItemMaxLevel	Board.Model.ItemDataModel	code/Lua/decompiled/HuntMapActivity/Board/BoardPromptHuntMap.lua	static name match; dynamic dispatch not included
HuntMapActivity.Board.BoardPromptHuntMap	217	ActivityManager.GetModel	Model.Activity.ActivityManager	code/Lua/decompiled/HuntMapActivity/Board/BoardPromptHuntMap.lua	static name match; dynamic dispatch not included
HuntMapActivity.Board.BoardPromptHuntMap	234	ItemDataModel.IsItemMaxLevel	Board.Model.ItemDataModel	code/Lua/decompiled/HuntMapActivity/Board/BoardPromptHuntMap.lua	static name match; dynamic dispatch not included
HuntMapActivity.Board.HuntMapActivityBoardModel	17	BaseUIBoardModel.Init	Board.Model.Board.BaseUIBoardModel	code/Lua/decompiled/HuntMapActivity/Board/HuntMapActivityBoardModel.lua	static name match; dynamic dispatch not included
HuntMapActivity.Board.HuntMapActivityBoardModel	26	BaseBoardModel._CreateMatrix	Board.Model.Board.BaseBoardModel	code/Lua/decompiled/HuntMapActivity/Board/HuntMapActivityBoardModel.lua	static name match; dynamic dispatch not included
HuntMapActivity.Board.HuntMapActivityBoardModel	30	BaseBoardModel._CreatePosition	Board.Model.Board.BaseBoardModel	code/Lua/decompiled/HuntMapActivity/Board/HuntMapActivityBoardModel.lua	static name match; dynamic dispatch not included
HuntMapActivity.Board.HuntMapActivityBoardModel	34	BaseBoardModel._CreatePositionFromLocalPosition	Board.Model.Board.BaseBoardModel	code/Lua/decompiled/HuntMapActivity/Board/HuntMapActivityBoardModel.lua	static name match; dynamic dispatch not included
HuntMapActivity.Board.HuntMapActivityBoardModel	44	BaseBoardModel._CreatePosition	Board.Model.Board.BaseBoardModel	code/Lua/decompiled/HuntMapActivity/Board/HuntMapActivityBoardModel.lua	static name match; dynamic dispatch not included
HuntMapActivity.Board.HuntMapActivityBoardModel	50	BaseUIBoardModel.CacheItems	Board.Model.Board.BaseUIBoardModel	code/Lua/decompiled/HuntMapActivity/Board/HuntMapActivityBoardModel.lua	static name match; dynamic dispatch not included
HuntMapActivity.Board.HuntMapActivityBoardModel	88	StringUtil.rFind	Common.Utility.StringUtil	code/Lua/decompiled/HuntMapActivity/Board/HuntMapActivityBoardModel.lua	static name match; dynamic dispatch not included
HuntMapActivity.Board.HuntMapActivityBoardModel	92	ItemDataModel.GetModelConfig	Board.Model.ItemDataModel	code/Lua/decompiled/HuntMapActivity/Board/HuntMapActivityBoardModel.lua	static name match; dynamic dispatch not included
HuntMapActivity.Board.HuntMapActivityBoardModel	117	Table.IsEmpty	Common.Utility.Table	code/Lua/decompiled/HuntMapActivity/Board/HuntMapActivityBoardModel.lua	static name match; dynamic dispatch not included
HuntMapActivity.Board.HuntMapActivityBoardModel	147	EventDispatcher.DispatchEvent	Common.Event.EventDispatcher	code/Lua/decompiled/HuntMapActivity/Board/HuntMapActivityBoardModel.lua	static name match; dynamic dispatch not included
HuntMapActivity.Board.HuntMapActivityBoardView	10	BaseUIBoardView.Init	Board.View.BaseUIBoardView	code/Lua/decompiled/HuntMapActivity/Board/HuntMapActivityBoardView.lua	static name match; dynamic dispatch not included
HuntMapActivity.Board.HuntMapActivityBoardView	13	GameConfig.IsTestMode	Common.GameConfig	code/Lua/decompiled/HuntMapActivity/Board/HuntMapActivityBoardView.lua	static name match; dynamic dispatch not included
HuntMapActivity.Board.HuntMapActivityBoardView	13	PlayerPrefs.GetInt	Common.Utility.PlayerPrefs	code/Lua/decompiled/HuntMapActivity/Board/HuntMapActivityBoardView.lua	static name match; dynamic dispatch not included
HuntMapActivity.Board.HuntMapActivityBoardView	15	EventDispatcher.AddListener	Common.Event.EventDispatcher	code/Lua/decompiled/HuntMapActivity/Board/HuntMapActivityBoardView.lua	static name match; dynamic dispatch not included
HuntMapActivity.Board.HuntMapActivityBoardView	21	ActivityManager.GetModel	Model.Activity.ActivityManager	code/Lua/decompiled/HuntMapActivity/Board/HuntMapActivityBoardView.lua	static name match; dynamic dispatch not included
HuntMapActivity.Board.HuntMapActivityBoardView	23	HuntMapActivityBoardModel.CreateMatrix	HuntMapActivity.Board.HuntMapActivityBoardModel	code/Lua/decompiled/HuntMapActivity/Board/HuntMapActivityBoardView.lua	static name match; dynamic dispatch not included
HuntMapActivity.Board.HuntMapActivityBoardView	31	BaseUIBoardView._RegisterBoardEvent	Board.View.BaseUIBoardView	code/Lua/decompiled/HuntMapActivity/Board/HuntMapActivityBoardView.lua	static name match; dynamic dispatch not included
HuntMapActivity.Board.HuntMapActivityBoardView	40	BaseUIBoardView.OnDestroy	Board.View.BaseUIBoardView	code/Lua/decompiled/HuntMapActivity/Board/HuntMapActivityBoardView.lua	static name match; dynamic dispatch not included
HuntMapActivity.Board.HuntMapActivityBoardView	57	BaseUIBoardView._CanShowMergeLight	Board.View.BaseUIBoardView	code/Lua/decompiled/HuntMapActivity/Board/HuntMapActivityBoardView.lua	static name match; dynamic dispatch not included
HuntMapActivity.Board.HuntMapActivityBoardView	65	BaseUIBoardView._UpdateIndicator	Board.View.BaseUIBoardView	code/Lua/decompiled/HuntMapActivity/Board/HuntMapActivityBoardView.lua	static name match; dynamic dispatch not included
HuntMapActivity.Board.HuntMapActivityBoardView	66	ConfigModel.IsSwallowDisOpen	Model.ConfigModel	code/Lua/decompiled/HuntMapActivity/Board/HuntMapActivityBoardView.lua	static name match; dynamic dispatch not included
HuntMapActivity.Board.HuntMapActivityBoardView	94	GameConfig.IsTestMode	Common.GameConfig	code/Lua/decompiled/HuntMapActivity/Board/HuntMapActivityBoardView.lua	static name match; dynamic dispatch not included
HuntMapActivity.Board.HuntMapActivityBoardView	110	BaseUIBoardView._OnTransformItem	Board.View.BaseUIBoardView	code/Lua/decompiled/HuntMapActivity/Board/HuntMapActivityBoardView.lua	static name match; dynamic dispatch not included
HuntMapActivity.Board.HuntMapActivityBoardView	112	EventDispatcher.DispatchEvent	Common.Event.EventDispatcher	code/Lua/decompiled/HuntMapActivity/Board/HuntMapActivityBoardView.lua	static name match; dynamic dispatch not included
HuntMapActivity.Board.HuntMapActivityBoardView	121	BaseUIBoardView._OnHuntPdTransformItem	Board.View.BaseUIBoardView	code/Lua/decompiled/HuntMapActivity/Board/HuntMapActivityBoardView.lua	static name match; dynamic dispatch not included
HuntMapActivity.Board.HuntMapActivityBoardView	140	StringUtil.StartWith	Common.Utility.StringUtil	code/Lua/decompiled/HuntMapActivity/Board/HuntMapActivityBoardView.lua	static name match; dynamic dispatch not included
HuntMapActivity.Model.HuntMapActivityMapModel	35	Table.IsEmpty	Common.Utility.Table	code/Lua/decompiled/HuntMapActivity/Model/HuntMapActivityMapModel.lua	static name match; dynamic dispatch not included
HuntMapActivity.Model.HuntMapActivityMapModel	108	GameConfig.IsTestMode	Common.GameConfig	code/Lua/decompiled/HuntMapActivity/Model/HuntMapActivityMapModel.lua	static name match; dynamic dispatch not included
HuntMapActivity.Model.HuntMapActivityMapModel	210	Table.IsEmpty	Common.Utility.Table	code/Lua/decompiled/HuntMapActivity/Model/HuntMapActivityMapModel.lua	static name match; dynamic dispatch not included
HuntMapActivity.Model.HuntMapActivityMapModel	244	Table.IsEmpty	Common.Utility.Table	code/Lua/decompiled/HuntMapActivity/Model/HuntMapActivityMapModel.lua	static name match; dynamic dispatch not included
HuntMapActivity.Model.HuntMapActivityMapModel	273	RewardApi.AcquireRewardsLogic	Model.UserData.RewardApi	code/Lua/decompiled/HuntMapActivity/Model/HuntMapActivityMapModel.lua	static name match; dynamic dispatch not included
HuntMapActivity.Model.HuntMapActivityMapModel	288	EventDispatcher.DispatchEvent	Common.Event.EventDispatcher	code/Lua/decompiled/HuntMapActivity/Model/HuntMapActivityMapModel.lua	static name match; dynamic dispatch not included
HuntMapActivity.Model.HuntMapActivityMapModel	370	Table.ListRemove	Common.Utility.Table	code/Lua/decompiled/HuntMapActivity/Model/HuntMapActivityMapModel.lua	static name match; dynamic dispatch not included
HuntMapActivity.Model.HuntMapActivityMapModel	371	Table.ListAppend	Common.Utility.Table	code/Lua/decompiled/HuntMapActivity/Model/HuntMapActivityMapModel.lua	static name match; dynamic dispatch not included
HuntMapActivity.Model.HuntMapActivityMapModel	373	Table.ListRemove	Common.Utility.Table	code/Lua/decompiled/HuntMapActivity/Model/HuntMapActivityMapModel.lua	static name match; dynamic dispatch not included
HuntMapActivity.Model.HuntMapActivityMapModel	376	Table.Contain	Common.Utility.Table	code/Lua/decompiled/HuntMapActivity/Model/HuntMapActivityMapModel.lua	static name match; dynamic dispatch not included
HuntMapActivity.Model.HuntMapActivityMapModel	379	Table.ListRemove	Common.Utility.Table	code/Lua/decompiled/HuntMapActivity/Model/HuntMapActivityMapModel.lua	static name match; dynamic dispatch not included
HuntMapActivity.Model.HuntMapActivityMapModel	422	StringUtil.rFindChar	Common.Utility.StringUtil	code/Lua/decompiled/HuntMapActivity/Model/HuntMapActivityMapModel.lua	static name match; dynamic dispatch not included
HuntMapActivity.Model.HuntMapActivityMapModel	432	StringUtil.rFindChar	Common.Utility.StringUtil	code/Lua/decompiled/HuntMapActivity/Model/HuntMapActivityMapModel.lua	static name match; dynamic dispatch not included
HuntMapActivity.Model.HuntMapActivityMapModel	473	Table.Contain	Common.Utility.Table	code/Lua/decompiled/HuntMapActivity/Model/HuntMapActivityMapModel.lua	static name match; dynamic dispatch not included
HuntMapActivity.Model.HuntMapActivityMapModel	492	GameConfig.IsTestMode	Common.GameConfig	code/Lua/decompiled/HuntMapActivity/Model/HuntMapActivityMapModel.lua	static name match; dynamic dispatch not included
HuntMapActivity.Model.HuntMapActivityMapModel	539	Table.Contain	Common.Utility.Table	code/Lua/decompiled/HuntMapActivity/Model/HuntMapActivityMapModel.lua	static name match; dynamic dispatch not included
HuntMapActivity.Model.HuntMapActivityMapModel	544	Table.Contain	Common.Utility.Table	code/Lua/decompiled/HuntMapActivity/Model/HuntMapActivityMapModel.lua	static name match; dynamic dispatch not included
HuntMapActivity.Model.HuntMapActivityMapModel	612	GameConfig.IsTestMode	Common.GameConfig	code/Lua/decompiled/HuntMapActivity/Model/HuntMapActivityMapModel.lua	static name match; dynamic dispatch not included
HuntMapActivity.Model.HuntMapActivityMapModel	684	Table.IsEmpty	Common.Utility.Table	code/Lua/decompiled/HuntMapActivity/Model/HuntMapActivityMapModel.lua	static name match; dynamic dispatch not included
HuntMapActivity.Model.HuntMapActivityMapModel	728	Table.IsEmpty	Common.Utility.Table	code/Lua/decompiled/HuntMapActivity/Model/HuntMapActivityMapModel.lua	static name match; dynamic dispatch not included
HuntMapActivity.Model.HuntMapActivityMapModel	797	Table.IsEmpty	Common.Utility.Table	code/Lua/decompiled/HuntMapActivity/Model/HuntMapActivityMapModel.lua	static name match; dynamic dispatch not included
HuntMapActivity.Model.HuntMapActivityMapModel	815	Table.IsEmpty	Common.Utility.Table	code/Lua/decompiled/HuntMapActivity/Model/HuntMapActivityMapModel.lua	static name match; dynamic dispatch not included
HuntMapActivity.Model.HuntMapActivityMapModel	954	Table.Contain	Common.Utility.Table	code/Lua/decompiled/HuntMapActivity/Model/HuntMapActivityMapModel.lua	static name match; dynamic dispatch not included
HuntMapActivity.Model.HuntMapActivityMapModel	1049	HuntMapActivityModel.IsActivityItem	HuntMapActivity.Model.HuntMapActivityModel	code/Lua/decompiled/HuntMapActivity/Model/HuntMapActivityMapModel.lua	static name match; dynamic dispatch not included
HuntMapActivity.Model.HuntMapActivityModel	39	ItemDataModel.IsItemExist	Board.Model.ItemDataModel	code/Lua/decompiled/HuntMapActivity/Model/HuntMapActivityModel.lua	static name match; dynamic dispatch not included
HuntMapActivity.Model.HuntMapActivityModel	41	StringUtil.StartWith	Common.Utility.StringUtil	code/Lua/decompiled/HuntMapActivity/Model/HuntMapActivityModel.lua	static name match; dynamic dispatch not included
HuntMapActivity.Model.HuntMapActivityModel	51	ActivityManager.GetModel	Model.Activity.ActivityManager	code/Lua/decompiled/HuntMapActivity/Model/HuntMapActivityModel.lua	static name match; dynamic dispatch not included
HuntMapActivity.Model.HuntMapActivityModel	59	ItemDataModel.IsItemExist	Board.Model.ItemDataModel	code/Lua/decompiled/HuntMapActivity/Model/HuntMapActivityModel.lua	static name match; dynamic dispatch not included
HuntMapActivity.Model.HuntMapActivityModel	61	StringUtil.StartWith	Common.Utility.StringUtil	code/Lua/decompiled/HuntMapActivity/Model/HuntMapActivityModel.lua	static name match; dynamic dispatch not included
HuntMapActivity.Model.HuntMapActivityModel	71	ActivityManager.GetModel	Model.Activity.ActivityManager	code/Lua/decompiled/HuntMapActivity/Model/HuntMapActivityModel.lua	static name match; dynamic dispatch not included
HuntMapActivity.Model.HuntMapActivityModel	89	HuntMapActivityMapModel.Create	HuntMapActivity.Model.HuntMapActivityMapModel	code/Lua/decompiled/HuntMapActivity/Model/HuntMapActivityModel.lua	static name match; dynamic dispatch not included
HuntMapActivity.Model.HuntMapActivityModel	90	HuntMapActivityTaskModel.Create	HuntMapActivity.Model.HuntMapActivityTaskModel	code/Lua/decompiled/HuntMapActivity/Model/HuntMapActivityModel.lua	static name match; dynamic dispatch not included
HuntMapActivity.Model.HuntMapActivityModel	92	ActivityTokenHelper.Create	Model.Activity.ActivityTokenHelper	code/Lua/decompiled/HuntMapActivity/Model/HuntMapActivityModel.lua	static name match; dynamic dispatch not included
HuntMapActivity.Model.HuntMapActivityModel	102	BaseActivityModel.Init	Model.Activity.BaseActivityModel	code/Lua/decompiled/HuntMapActivity/Model/HuntMapActivityModel.lua	static name match; dynamic dispatch not included
HuntMapActivity.Model.HuntMapActivityModel	103	EventDispatcher.AddListener	Common.Event.EventDispatcher	code/Lua/decompiled/HuntMapActivity/Model/HuntMapActivityModel.lua	static name match; dynamic dispatch not included
HuntMapActivity.Model.HuntMapActivityModel	104	EventDispatcher.AddListener	Common.Event.EventDispatcher	code/Lua/decompiled/HuntMapActivity/Model/HuntMapActivityModel.lua	static name match; dynamic dispatch not included
HuntMapActivity.Model.HuntMapActivityModel	105	EventDispatcher.AddListener	Common.Event.EventDispatcher	code/Lua/decompiled/HuntMapActivity/Model/HuntMapActivityModel.lua	static name match; dynamic dispatch not included
HuntMapActivity.Model.HuntMapActivityModel	106	EventDispatcher.AddListener	Common.Event.EventDispatcher	code/Lua/decompiled/HuntMapActivity/Model/HuntMapActivityModel.lua	static name match; dynamic dispatch not included
HuntMapActivity.Model.HuntMapActivityModel	107	EventDispatcher.AddListener	Common.Event.EventDispatcher	code/Lua/decompiled/HuntMapActivity/Model/HuntMapActivityModel.lua	static name match; dynamic dispatch not included
HuntMapActivity.Model.HuntMapActivityModel	119	DBTable.GetValue	Model.DB.DBTable	code/Lua/decompiled/HuntMapActivity/Model/HuntMapActivityModel.lua	static name match; dynamic dispatch not included
HuntMapActivity.Model.HuntMapActivityModel	120	DBTable.GetValue	Model.DB.DBTable	code/Lua/decompiled/HuntMapActivity/Model/HuntMapActivityModel.lua	static name match; dynamic dispatch not included
HuntMapActivity.Model.HuntMapActivityModel	132	BaseActivityModel.Destroy	Model.Activity.BaseActivityModel	code/Lua/decompiled/HuntMapActivity/Model/HuntMapActivityModel.lua	static name match; dynamic dispatch not included
HuntMapActivity.Model.HuntMapActivityModel	148	Table.IsEmpty	Common.Utility.Table	code/Lua/decompiled/HuntMapActivity/Model/HuntMapActivityModel.lua	static name match; dynamic dispatch not included
HuntMapActivity.Model.HuntMapActivityModel	163	Table.DeepCopy	Common.Utility.Table	code/Lua/decompiled/HuntMapActivity/Model/HuntMapActivityModel.lua	static name match; dynamic dispatch not included
HuntMapActivity.Model.HuntMapActivityModel	181	Table.IsEmpty	Common.Utility.Table	code/Lua/decompiled/HuntMapActivity/Model/HuntMapActivityModel.lua	static name match; dynamic dispatch not included
HuntMapActivity.Model.HuntMapActivityModel	187	Table.DeepCopy	Common.Utility.Table	code/Lua/decompiled/HuntMapActivity/Model/HuntMapActivityModel.lua	static name match; dynamic dispatch not included
HuntMapActivity.Model.HuntMapActivityModel	189	Table.DeepCopy	Common.Utility.Table	code/Lua/decompiled/HuntMapActivity/Model/HuntMapActivityModel.lua	static name match; dynamic dispatch not included
HuntMapActivity.Model.HuntMapActivityModel	210	GameModel.GetServerTime	Model.GameModel	code/Lua/decompiled/HuntMapActivity/Model/HuntMapActivityModel.lua	static name match; dynamic dispatch not included
HuntMapActivity.Model.HuntMapActivityModel	253	GameModel.GetServerTime	Model.GameModel	code/Lua/decompiled/HuntMapActivity/Model/HuntMapActivityModel.lua	static name match; dynamic dispatch not included
HuntMapActivity.Model.HuntMapActivityModel	267	PropertyDataManager.Consume	Model.UserData.PropertyDataManager	code/Lua/decompiled/HuntMapActivity/Model/HuntMapActivityModel.lua	static name match; dynamic dispatch not included
HuntMapActivity.Model.HuntMapActivityModel	276	BaseActivityModel.UpdatePerSecond	Model.Activity.BaseActivityModel	code/Lua/decompiled/HuntMapActivity/Model/HuntMapActivityModel.lua	static name match; dynamic dispatch not included
HuntMapActivity.Model.HuntMapActivityModel	283	GameModel.GetServerTime	Model.GameModel	code/Lua/decompiled/HuntMapActivity/Model/HuntMapActivityModel.lua	static name match; dynamic dispatch not included
HuntMapActivity.Model.HuntMapActivityModel	309	BaseActivityModel._DropData	Model.Activity.BaseActivityModel	code/Lua/decompiled/HuntMapActivity/Model/HuntMapActivityModel.lua	static name match; dynamic dispatch not included
HuntMapActivity.Model.HuntMapActivityModel	332	HuntMapActivityBoardModel.Create	HuntMapActivity.Board.HuntMapActivityBoardModel	code/Lua/decompiled/HuntMapActivity/Model/HuntMapActivityModel.lua	static name match; dynamic dispatch not included
HuntMapActivity.Model.HuntMapActivityModel	362	EventDispatcher.DispatchEvent	Common.Event.EventDispatcher	code/Lua/decompiled/HuntMapActivity/Model/HuntMapActivityModel.lua	static name match; dynamic dispatch not included
HuntMapActivity.Model.HuntMapActivityModel	363	EventDispatcher.DispatchEvent	Common.Event.EventDispatcher	code/Lua/decompiled/HuntMapActivity/Model/HuntMapActivityModel.lua	static name match; dynamic dispatch not included
HuntMapActivity.Model.HuntMapActivityModel	522	Table.IsEmpty	Common.Utility.Table	code/Lua/decompiled/HuntMapActivity/Model/HuntMapActivityModel.lua	static name match; dynamic dispatch not included
HuntMapActivity.Model.HuntMapActivityModel	616	Table.IsEmpty	Common.Utility.Table	code/Lua/decompiled/HuntMapActivity/Model/HuntMapActivityModel.lua	static name match; dynamic dispatch not included
HuntMapActivity.Model.HuntMapActivityModel	625	Table.IsEmpty	Common.Utility.Table	code/Lua/decompiled/HuntMapActivity/Model/HuntMapActivityModel.lua	static name match; dynamic dispatch not included
HuntMapActivity.Model.HuntMapActivityModel	627	StringUtil.StartWith	Common.Utility.StringUtil	code/Lua/decompiled/HuntMapActivity/Model/HuntMapActivityModel.lua	static name match; dynamic dispatch not included
HuntMapActivity.Model.HuntMapActivityModel	628	RewardApi.MergeRewards	Model.UserData.RewardApi	code/Lua/decompiled/HuntMapActivity/Model/HuntMapActivityModel.lua	static name match; dynamic dispatch not included
HuntMapActivity.Model.HuntMapActivityModel	682	StringUtil.StartWith	Common.Utility.StringUtil	code/Lua/decompiled/HuntMapActivity/Model/HuntMapActivityModel.lua	static name match; dynamic dispatch not included
HuntMapActivity.Model.HuntMapActivityModel	684	Table.IsEmpty	Common.Utility.Table	code/Lua/decompiled/HuntMapActivity/Model/HuntMapActivityModel.lua	static name match; dynamic dispatch not included
HuntMapActivity.Model.HuntMapActivityModel	684	ItemDataModel.GetModelConfig	Board.Model.ItemDataModel	code/Lua/decompiled/HuntMapActivity/Model/HuntMapActivityModel.lua	static name match; dynamic dispatch not included
HuntMapActivity.Model.HuntMapActivityModel	693	ItemDataModel.GetModelConfig	Board.Model.ItemDataModel	code/Lua/decompiled/HuntMapActivity/Model/HuntMapActivityModel.lua	static name match; dynamic dispatch not included
HuntMapActivity.Model.HuntMapActivityModel	695	Table.IsEmpty	Common.Utility.Table	code/Lua/decompiled/HuntMapActivity/Model/HuntMapActivityModel.lua	static name match; dynamic dispatch not included
HuntMapActivity.Model.HuntMapActivityModel	698	WheelItemModel.IsWheelItem	WheelItem.Model.WheelItemModel	code/Lua/decompiled/HuntMapActivity/Model/HuntMapActivityModel.lua	static name match; dynamic dispatch not included
HuntMapActivity.Model.HuntMapActivityModel	710	Table.IsEmpty	Common.Utility.Table	code/Lua/decompiled/HuntMapActivity/Model/HuntMapActivityModel.lua	static name match; dynamic dispatch not included
HuntMapActivity.Model.HuntMapActivityModel	715	RewardApi.FilterInvalidReward	Model.UserData.RewardApi	code/Lua/decompiled/HuntMapActivity/Model/HuntMapActivityModel.lua	static name match; dynamic dispatch not included
HuntMapActivity.Model.HuntMapActivityModel	860	ItemFixedSpreadModel.GenerateItemCode	Board.Model.Board.ItemFixedSpreadModel	code/Lua/decompiled/HuntMapActivity/Model/HuntMapActivityModel.lua	static name match; dynamic dispatch not included
HuntMapActivity.Model.HuntMapActivityModel	864	ItemDataModel.IsItemExist	Board.Model.ItemDataModel	code/Lua/decompiled/HuntMapActivity/Model/HuntMapActivityModel.lua	static name match; dynamic dispatch not included
HuntMapActivity.Model.HuntMapActivityModel	864	ItemDataModel.GetModelConfig	Board.Model.ItemDataModel	code/Lua/decompiled/HuntMapActivity/Model/HuntMapActivityModel.lua	static name match; dynamic dispatch not included
HuntMapActivity.Model.HuntMapActivityModel	892	TutorialModel.HasAnyStrongTutorialOngoing	Model.Tutorial.TutorialModel	code/Lua/decompiled/HuntMapActivity/Model/HuntMapActivityModel.lua	static name match; dynamic dispatch not included
HuntMapActivity.Model.HuntMapActivityModel	904	StringUtil.StartWith	Common.Utility.StringUtil	code/Lua/decompiled/HuntMapActivity/Model/HuntMapActivityModel.lua	static name match; dynamic dispatch not included
HuntMapActivity.Model.HuntMapActivityModel	904	StringUtil.StartWith	Common.Utility.StringUtil	code/Lua/decompiled/HuntMapActivity/Model/HuntMapActivityModel.lua	static name match; dynamic dispatch not included
HuntMapActivity.Model.HuntMapActivityModel	906	Table.IsEmpty	Common.Utility.Table	code/Lua/decompiled/HuntMapActivity/Model/HuntMapActivityModel.lua	static name match; dynamic dispatch not included
HuntMapActivity.Model.HuntMapActivityModel	916	ItemDataModel.GetChainLevel	Board.Model.ItemDataModel	code/Lua/decompiled/HuntMapActivity/Model/HuntMapActivityModel.lua	static name match; dynamic dispatch not included
HuntMapActivity.Model.HuntMapActivityModel	965	StringUtil.IsNilOrEmpty	Common.Utility.StringUtil	code/Lua/decompiled/HuntMapActivity/Model/HuntMapActivityModel.lua	static name match; dynamic dispatch not included
HuntMapActivity.Model.HuntMapActivityModel	966	StringUtil.IsNilOrEmpty	Common.Utility.StringUtil	code/Lua/decompiled/HuntMapActivity/Model/HuntMapActivityModel.lua	static name match; dynamic dispatch not included
HuntMapActivity.Model.HuntMapActivityModel	967	StringUtil.IsNilOrEmpty	Common.Utility.StringUtil	code/Lua/decompiled/HuntMapActivity/Model/HuntMapActivityModel.lua	static name match; dynamic dispatch not included
HuntMapActivity.Model.HuntMapActivityModel	968	StringUtil.IsNilOrEmpty	Common.Utility.StringUtil	code/Lua/decompiled/HuntMapActivity/Model/HuntMapActivityModel.lua	static name match; dynamic dispatch not included
HuntMapActivity.Model.HuntMapActivityModel	986	Table.IsEmpty	Common.Utility.Table	code/Lua/decompiled/HuntMapActivity/Model/HuntMapActivityModel.lua	static name match; dynamic dispatch not included
HuntMapActivity.Model.HuntMapActivityModel	993	Table.IsEmpty	Common.Utility.Table	code/Lua/decompiled/HuntMapActivity/Model/HuntMapActivityModel.lua	static name match; dynamic dispatch not included
HuntMapActivity.Model.HuntMapActivityModel	1003	Table.DeepCopy	Common.Utility.Table	code/Lua/decompiled/HuntMapActivity/Model/HuntMapActivityModel.lua	static name match; dynamic dispatch not included
HuntMapActivity.Model.HuntMapActivityModel	1006	StringUtil.Replace	Common.Utility.StringUtil	code/Lua/decompiled/HuntMapActivity/Model/HuntMapActivityModel.lua	static name match; dynamic dispatch not included
HuntMapActivity.Model.HuntMapActivityModel	1017	StringUtil.IsNilOrEmpty	Common.Utility.StringUtil	code/Lua/decompiled/HuntMapActivity/Model/HuntMapActivityModel.lua	static name match; dynamic dispatch not included
HuntMapActivity.Model.HuntMapActivityModel	1043	EventDispatcher.DispatchEvent	Common.Event.EventDispatcher	code/Lua/decompiled/HuntMapActivity/Model/HuntMapActivityModel.lua	static name match; dynamic dispatch not included
HuntMapActivity.Model.HuntMapActivityModel	1075	GameModel.GetServerDay	Model.GameModel	code/Lua/decompiled/HuntMapActivity/Model/HuntMapActivityModel.lua	static name match; dynamic dispatch not included
HuntMapActivity.Model.HuntMapActivityModel	1095	Table.IsEmpty	Common.Utility.Table	code/Lua/decompiled/HuntMapActivity/Model/HuntMapActivityModel.lua	static name match; dynamic dispatch not included
HuntMapActivity.Model.HuntMapActivityModel	1131	RewardApi.MergeRewards	Model.UserData.RewardApi	code/Lua/decompiled/HuntMapActivity/Model/HuntMapActivityModel.lua	static name match; dynamic dispatch not included
HuntMapActivity.Model.HuntMapActivityModel	1137	Table.IsEmpty	Common.Utility.Table	code/Lua/decompiled/HuntMapActivity/Model/HuntMapActivityModel.lua	static name match; dynamic dispatch not included
HuntMapActivity.Model.HuntMapActivityModel	1138	RewardApi.AcquireRewardsLogic	Model.UserData.RewardApi	code/Lua/decompiled/HuntMapActivity/Model/HuntMapActivityModel.lua	static name match; dynamic dispatch not included
HuntMapActivity.Model.HuntMapActivityModel	1161	Table.DeepCopy	Common.Utility.Table	code/Lua/decompiled/HuntMapActivity/Model/HuntMapActivityModel.lua	static name match; dynamic dispatch not included
HuntMapActivity.Model.HuntMapActivityModel	1169	Table.DeepCopy	Common.Utility.Table	code/Lua/decompiled/HuntMapActivity/Model/HuntMapActivityModel.lua	static name match; dynamic dispatch not included
HuntMapActivity.Model.HuntMapActivityModel	1243	Table.DeepCopy	Common.Utility.Table	code/Lua/decompiled/HuntMapActivity/Model/HuntMapActivityModel.lua	static name match; dynamic dispatch not included
HuntMapActivity.Model.HuntMapActivityModel	1254	ActivityManager.GetModel	Model.Activity.ActivityManager	code/Lua/decompiled/HuntMapActivity/Model/HuntMapActivityModel.lua	static name match; dynamic dispatch not included
HuntMapActivity.Model.HuntMapActivityTaskModel	74	Table.DeepCopy	Common.Utility.Table	code/Lua/decompiled/HuntMapActivity/Model/HuntMapActivityTaskModel.lua	static name match; dynamic dispatch not included
HuntMapActivity.Model.HuntMapActivityTaskModel	78	Table.IsEmpty	Common.Utility.Table	code/Lua/decompiled/HuntMapActivity/Model/HuntMapActivityTaskModel.lua	static name match; dynamic dispatch not included
HuntMapActivity.Model.HuntMapActivityTaskModel	91	Table.DeepCopy	Common.Utility.Table	code/Lua/decompiled/HuntMapActivity/Model/HuntMapActivityTaskModel.lua	static name match; dynamic dispatch not included
HuntMapActivity.Model.HuntMapActivityTaskModel	105	Table.DeepCopy	Common.Utility.Table	code/Lua/decompiled/HuntMapActivity/Model/HuntMapActivityTaskModel.lua	static name match; dynamic dispatch not included
HuntMapActivity.Model.HuntMapActivityTaskModel	171	RewardApi.AcquireRewardsLogic	Model.UserData.RewardApi	code/Lua/decompiled/HuntMapActivity/Model/HuntMapActivityTaskModel.lua	static name match; dynamic dispatch not included
HuntMapActivity.Model.HuntMapActivityTaskModel	185	RewardApi.AcquireRewardsLogic	Model.UserData.RewardApi	code/Lua/decompiled/HuntMapActivity/Model/HuntMapActivityTaskModel.lua	static name match; dynamic dispatch not included
HuntMapActivity.Model.HuntMapActivityTaskModel	233	Table.IsEmpty	Common.Utility.Table	code/Lua/decompiled/HuntMapActivity/Model/HuntMapActivityTaskModel.lua	static name match; dynamic dispatch not included
HuntMapActivity.Model.HuntMapActivityTaskModel	283	RewardApi.AcquireRewardsLogic	Model.UserData.RewardApi	code/Lua/decompiled/HuntMapActivity/Model/HuntMapActivityTaskModel.lua	static name match; dynamic dispatch not included
HuntMapActivity.Model.HuntMapActivityTaskModel	292	Table.IsEmpty	Common.Utility.Table	code/Lua/decompiled/HuntMapActivity/Model/HuntMapActivityTaskModel.lua	static name match; dynamic dispatch not included
HuntMapActivity.Model.HuntMapActivityTaskModel	327	Table.DeepCopy	Common.Utility.Table	code/Lua/decompiled/HuntMapActivity/Model/HuntMapActivityTaskModel.lua	static name match; dynamic dispatch not included
HuntMapActivity.Model.HuntMapActivityTaskModel	352	Table.IsEmpty	Common.Utility.Table	code/Lua/decompiled/HuntMapActivity/Model/HuntMapActivityTaskModel.lua	static name match; dynamic dispatch not included
HuntMapActivity.Model.HuntMapActivityTaskModel	436	Table.IsEmpty	Common.Utility.Table	code/Lua/decompiled/HuntMapActivity/Model/HuntMapActivityTaskModel.lua	static name match; dynamic dispatch not included
HuntMapActivity.Model.HuntMapActivityTaskModel	467	Table.IsEmpty	Common.Utility.Table	code/Lua/decompiled/HuntMapActivity/Model/HuntMapActivityTaskModel.lua	static name match; dynamic dispatch not included
HuntMapActivity.Model.HuntMapActivityTaskModel	552	Table.DeepCopy	Common.Utility.Table	code/Lua/decompiled/HuntMapActivity/Model/HuntMapActivityTaskModel.lua	static name match; dynamic dispatch not included
HuntMapActivity.Model.HuntMapActivityTaskModel	620	Table.DeepCopy	Common.Utility.Table	code/Lua/decompiled/HuntMapActivity/Model/HuntMapActivityTaskModel.lua	static name match; dynamic dispatch not included
HuntMapActivity.Model.HuntMapActivityTaskModel	622	Table.DeepCopy	Common.Utility.Table	code/Lua/decompiled/HuntMapActivity/Model/HuntMapActivityTaskModel.lua	static name match; dynamic dispatch not included
HuntMapActivity.Model.HuntMapActivityTaskModel	652	RewardApi.AcquireRewardsLogic	Model.UserData.RewardApi	code/Lua/decompiled/HuntMapActivity/Model/HuntMapActivityTaskModel.lua	static name match; dynamic dispatch not included
HuntMapActivity.Model.HuntMapActivityTaskModel	659	RewardApi.AcquireRewardsLogic	Model.UserData.RewardApi	code/Lua/decompiled/HuntMapActivity/Model/HuntMapActivityTaskModel.lua	static name match; dynamic dispatch not included
HuntMapActivity.Model.HuntMapActivityTaskModel	663	RewardApi.AcquireRewardsLogic	Model.UserData.RewardApi	code/Lua/decompiled/HuntMapActivity/Model/HuntMapActivityTaskModel.lua	static name match; dynamic dispatch not included
LuckyProduce.Model.LuckyProduceModel	20	DBTableManager.GetTable	Model.DB.DBTableManager	code/Lua/decompiled/LuckyProduce/Model/LuckyProduceModel.lua	static name match; dynamic dispatch not included
LuckyProduce.Model.LuckyProduceModel	21	EventDispatcher.AddListener	Common.Event.EventDispatcher	code/Lua/decompiled/LuckyProduce/Model/LuckyProduceModel.lua	static name match; dynamic dispatch not included
LuckyProduce.Model.LuckyProduceModel	25	EventDispatcher.RemoveTarget	Common.Event.EventDispatcher	code/Lua/decompiled/LuckyProduce/Model/LuckyProduceModel.lua	static name match; dynamic dispatch not included
LuckyProduce.Model.LuckyProduceModel	29	ConfigModel.GetServerConfigMD5	Model.ConfigModel	code/Lua/decompiled/LuckyProduce/Model/LuckyProduceModel.lua	static name match; dynamic dispatch not included
LuckyProduce.Model.LuckyProduceModel	34	ConfigModel.GetServerConfig	Model.ConfigModel	code/Lua/decompiled/LuckyProduce/Model/LuckyProduceModel.lua	static name match; dynamic dispatch not included
LuckyProduce.Model.LuckyProduceModel	52	MiscModel.Get	Model.UserData.MiscModel	code/Lua/decompiled/LuckyProduce/Model/LuckyProduceModel.lua	static name match; dynamic dispatch not included
LuckyProduce.Model.LuckyProduceModel	53	MiscModel.Set	Model.UserData.MiscModel	code/Lua/decompiled/LuckyProduce/Model/LuckyProduceModel.lua	static name match; dynamic dispatch not included
LuckyProduce.Model.LuckyProduceModel	53	GameModel.GetServerTime	Model.GameModel	code/Lua/decompiled/LuckyProduce/Model/LuckyProduceModel.lua	static name match; dynamic dispatch not included
LuckyProduce.Model.LuckyProduceModel	83	ConfigModel.IsLuckyProduceOpen	Model.ConfigModel	code/Lua/decompiled/LuckyProduce/Model/LuckyProduceModel.lua	static name match; dynamic dispatch not included
LuckyProduce.Model.LuckyProduceModel	87	ItemDataModel.GetModelConfig	Board.Model.ItemDataModel	code/Lua/decompiled/LuckyProduce/Model/LuckyProduceModel.lua	static name match; dynamic dispatch not included
LuckyProduce.Model.LuckyProduceModel	88	Table.IsEmpty	Common.Utility.Table	code/Lua/decompiled/LuckyProduce/Model/LuckyProduceModel.lua	static name match; dynamic dispatch not included
LuckyProduce.Model.LuckyProduceModel	115	Table.ListContain	Common.Utility.Table	code/Lua/decompiled/LuckyProduce/Model/LuckyProduceModel.lua	static name match; dynamic dispatch not included
LuckyProduce.Model.LuckyProduceModel	124	Table.ListContain	Common.Utility.Table	code/Lua/decompiled/LuckyProduce/Model/LuckyProduceModel.lua	static name match; dynamic dispatch not included
LuckyProduce.Model.LuckyProduceModel	170	ItemDataModel.GetModelConfig	Board.Model.ItemDataModel	code/Lua/decompiled/LuckyProduce/Model/LuckyProduceModel.lua	static name match; dynamic dispatch not included
LuckyProduce.Model.LuckyProduceModel	174	ConfigModel.GetLuckyProduceParam	Model.ConfigModel	code/Lua/decompiled/LuckyProduce/Model/LuckyProduceModel.lua	static name match; dynamic dispatch not included
LuckyProduce.Model.LuckyProduceModel	175	Table.DeepCopy	Common.Utility.Table	code/Lua/decompiled/LuckyProduce/Model/LuckyProduceModel.lua	static name match; dynamic dispatch not included
LuckyProduce.Model.LuckyProduceModel	179	ActivityManager.GetModel	Model.Activity.ActivityManager	code/Lua/decompiled/LuckyProduce/Model/LuckyProduceModel.lua	static name match; dynamic dispatch not included
LuckyProduce.Model.LuckyProduceModel	189	ItemDataModel.GetChainId	Board.Model.ItemDataModel	code/Lua/decompiled/LuckyProduce/Model/LuckyProduceModel.lua	static name match; dynamic dispatch not included
LuckyProduce.Model.LuckyProduceModel	190	ItemDataModel.GetChainLevel	Board.Model.ItemDataModel	code/Lua/decompiled/LuckyProduce/Model/LuckyProduceModel.lua	static name match; dynamic dispatch not included
LuckyProduce.Model.LuckyProduceModel	194	ItemDataModel.GetChainId	Board.Model.ItemDataModel	code/Lua/decompiled/LuckyProduce/Model/LuckyProduceModel.lua	static name match; dynamic dispatch not included
LuckyProduce.Model.LuckyProduceModel	195	ItemDataModel.GetChainLevel	Board.Model.ItemDataModel	code/Lua/decompiled/LuckyProduce/Model/LuckyProduceModel.lua	static name match; dynamic dispatch not included
LuckyProduce.Model.LuckyProduceModel	216	Table.ListWeightSelectOne	Common.Utility.Table	code/Lua/decompiled/LuckyProduce/Model/LuckyProduceModel.lua	static name match; dynamic dispatch not included
LuckyProduce.Model.LuckyProduceModel	222	Table.IsEmpty	Common.Utility.Table	code/Lua/decompiled/LuckyProduce/Model/LuckyProduceModel.lua	static name match; dynamic dispatch not included
LuckyProduce.Model.LuckyProduceModel	227	MiscModel.Get	Model.UserData.MiscModel	code/Lua/decompiled/LuckyProduce/Model/LuckyProduceModel.lua	static name match; dynamic dispatch not included
LuckyProduce.Model.LuckyProduceModel	228	StringUtil.SplitToNum	Common.Utility.StringUtil	code/Lua/decompiled/LuckyProduce/Model/LuckyProduceModel.lua	static name match; dynamic dispatch not included
LuckyProduce.Model.LuckyProduceModel	266	MiscModel.Set	Model.UserData.MiscModel	code/Lua/decompiled/LuckyProduce/Model/LuckyProduceModel.lua	static name match; dynamic dispatch not included
LuckyProduce.Model.LuckyProduceModel	278	GameModel.GetServerTime	Model.GameModel	code/Lua/decompiled/LuckyProduce/Model/LuckyProduceModel.lua	static name match; dynamic dispatch not included
LuckyProduce.Model.LuckyProduceModel	290	MiscModel.Set	Model.UserData.MiscModel	code/Lua/decompiled/LuckyProduce/Model/LuckyProduceModel.lua	static name match; dynamic dispatch not included
LuckyProduce.Model.LuckyProduceModel	297	GameModel.GetServerTime	Model.GameModel	code/Lua/decompiled/LuckyProduce/Model/LuckyProduceModel.lua	static name match; dynamic dispatch not included
LuckyProduce.Model.LuckyProduceModel	297	MiscModel.Get	Model.UserData.MiscModel	code/Lua/decompiled/LuckyProduce/Model/LuckyProduceModel.lua	static name match; dynamic dispatch not included
LuckyProduce.Model.LuckyProduceModel	303	MiscModel.Get	Model.UserData.MiscModel	code/Lua/decompiled/LuckyProduce/Model/LuckyProduceModel.lua	static name match; dynamic dispatch not included
LuckyProduce.Model.LuckyProduceModel	310	MiscModel.Set	Model.UserData.MiscModel	code/Lua/decompiled/LuckyProduce/Model/LuckyProduceModel.lua	static name match; dynamic dispatch not included
LuckyProduce.Model.LuckyProduceModel	316	MiscModel.Clear	Model.UserData.MiscModel	code/Lua/decompiled/LuckyProduce/Model/LuckyProduceModel.lua	static name match; dynamic dispatch not included
LuckyProduce.Model.LuckyProduceModel	317	MiscModel.Clear	Model.UserData.MiscModel	code/Lua/decompiled/LuckyProduce/Model/LuckyProduceModel.lua	static name match; dynamic dispatch not included
LuckyProduce.Model.LuckyProduceModel	318	MiscModel.Set	Model.UserData.MiscModel	code/Lua/decompiled/LuckyProduce/Model/LuckyProduceModel.lua	static name match; dynamic dispatch not included
LuckyProduce.Model.LuckyProduceModel	318	GameModel.GetServerTime	Model.GameModel	code/Lua/decompiled/LuckyProduce/Model/LuckyProduceModel.lua	static name match; dynamic dispatch not included
LuckyProduce.Model.LuckyProduceModel	323	MiscModel.Clear	Model.UserData.MiscModel	code/Lua/decompiled/LuckyProduce/Model/LuckyProduceModel.lua	static name match; dynamic dispatch not included
LuckyProduce.Model.LuckyProduceModel	324	MiscModel.Clear	Model.UserData.MiscModel	code/Lua/decompiled/LuckyProduce/Model/LuckyProduceModel.lua	static name match; dynamic dispatch not included
LuckyProduce.Model.LuckyProduceModel	325	MiscModel.Clear	Model.UserData.MiscModel	code/Lua/decompiled/LuckyProduce/Model/LuckyProduceModel.lua	static name match; dynamic dispatch not included
LuckyProduce.Model.LuckyProduceModel	347	StringUtil.IsNilOrEmpty	Common.Utility.StringUtil	code/Lua/decompiled/LuckyProduce/Model/LuckyProduceModel.lua	static name match; dynamic dispatch not included
LuckyProduce.Model.LuckyProduceModel	350	GameModel.GetServerTime	Model.GameModel	code/Lua/decompiled/LuckyProduce/Model/LuckyProduceModel.lua	static name match; dynamic dispatch not included
LuckyProduce.Model.LuckyProduceModel	360	GameModel.GetServerTime	Model.GameModel	code/Lua/decompiled/LuckyProduce/Model/LuckyProduceModel.lua	static name match; dynamic dispatch not included
LuckyProduce.Model.LuckyProduceModel	372	GameModel.GetServerTime	Model.GameModel	code/Lua/decompiled/LuckyProduce/Model/LuckyProduceModel.lua	static name match; dynamic dispatch not included
Model.Activity.ActivityManager	22	Table.IsEmpty	Common.Utility.Table	code/Lua/decompiled/Model/Activity/ActivityManager.lua	static name match; dynamic dispatch not included
Model.Activity.ActivityManager	31	DBTableManager.GetTable	Model.DB.DBTableManager	code/Lua/decompiled/Model/Activity/ActivityManager.lua	static name match; dynamic dispatch not included
Model.Activity.ActivityManager	32	DBTableManager.GetTable	Model.DB.DBTableManager	code/Lua/decompiled/Model/Activity/ActivityManager.lua	static name match; dynamic dispatch not included
Model.Activity.ActivityManager	33	DBTableManager.GetTable	Model.DB.DBTableManager	code/Lua/decompiled/Model/Activity/ActivityManager.lua	static name match; dynamic dispatch not included
Model.Activity.ActivityManager	34	DBTableManager.GetTable	Model.DB.DBTableManager	code/Lua/decompiled/Model/Activity/ActivityManager.lua	static name match; dynamic dispatch not included
Model.Activity.ActivityManager	35	ModelHelper.DefineDispatchEvent	Model.UserData.ModelHelper	code/Lua/decompiled/Model/Activity/ActivityManager.lua	static name match; dynamic dispatch not included
Model.Activity.ActivityManager	36	ModelHelper.DefineBoolEvent	Model.UserData.ModelHelper	code/Lua/decompiled/Model/Activity/ActivityManager.lua	static name match; dynamic dispatch not included
Model.Activity.ActivityManager	37	ModelHelper.DefineBoolEvent	Model.UserData.ModelHelper	code/Lua/decompiled/Model/Activity/ActivityManager.lua	static name match; dynamic dispatch not included
Model.Activity.ActivityManager	38	EventDispatcher.AddListener	Common.Event.EventDispatcher	code/Lua/decompiled/Model/Activity/ActivityManager.lua	static name match; dynamic dispatch not included
Model.Activity.ActivityManager	39	EventDispatcher.AddListener	Common.Event.EventDispatcher	code/Lua/decompiled/Model/Activity/ActivityManager.lua	static name match; dynamic dispatch not included
Model.Activity.ActivityManager	40	EventDispatcher.AddListener	Common.Event.EventDispatcher	code/Lua/decompiled/Model/Activity/ActivityManager.lua	static name match; dynamic dispatch not included
Model.Activity.ActivityManager	63	EventDispatcher.RemoveTarget	Common.Event.EventDispatcher	code/Lua/decompiled/Model/Activity/ActivityManager.lua	static name match; dynamic dispatch not included
Model.Activity.ActivityManager	116	StringUtil.IsNilOrEmpty	Common.Utility.StringUtil	code/Lua/decompiled/Model/Activity/ActivityManager.lua	static name match; dynamic dispatch not included
Model.Activity.ActivityManager	118	StringUtil.Replace	Common.Utility.StringUtil	code/Lua/decompiled/Model/Activity/ActivityManager.lua	static name match; dynamic dispatch not included
Model.Activity.ActivityManager	119	Table.IsEmpty	Common.Utility.Table	code/Lua/decompiled/Model/Activity/ActivityManager.lua	static name match; dynamic dispatch not included
Model.Activity.ActivityManager	121	ItemDataModel.IsItemExist	Board.Model.ItemDataModel	code/Lua/decompiled/Model/Activity/ActivityManager.lua	static name match; dynamic dispatch not included
Model.Activity.ActivityManager	122	ItemDataModel.UpdateItemConfig	Board.Model.ItemDataModel	code/Lua/decompiled/Model/Activity/ActivityManager.lua	static name match; dynamic dispatch not included
Model.Activity.ActivityManager	134	Table.Contain	Common.Utility.Table	code/Lua/decompiled/Model/Activity/ActivityManager.lua	static name match; dynamic dispatch not included
Model.Activity.ActivityManager	220	ConfigModel.GetServerConfig	Model.ConfigModel	code/Lua/decompiled/Model/Activity/ActivityManager.lua	static name match; dynamic dispatch not included
Model.Activity.ActivityManager	224	Table.IsEmpty	Common.Utility.Table	code/Lua/decompiled/Model/Activity/ActivityManager.lua	static name match; dynamic dispatch not included
Model.Activity.ActivityManager	232	GameConfig.IsTestMode	Common.GameConfig	code/Lua/decompiled/Model/Activity/ActivityManager.lua	static name match; dynamic dispatch not included
Model.Activity.ActivityManager	288	HuntActivityModel.AddDependencyGraph	HuntActivity.Common.Model.HuntActivityModel	code/Lua/decompiled/Model/Activity/ActivityManager.lua	static name match; dynamic dispatch not included
Model.Activity.ActivityManager	298	Table.TopologicalSort	Common.Utility.Table	code/Lua/decompiled/Model/Activity/ActivityManager.lua	static name match; dynamic dispatch not included
Model.Activity.ActivityManager	299	GameConfig.IsTestMode	Common.GameConfig	code/Lua/decompiled/Model/Activity/ActivityManager.lua	static name match; dynamic dispatch not included
Model.Activity.ActivityManager	319	ConfigModel.IsServerControlOpen	Model.ConfigModel	code/Lua/decompiled/Model/Activity/ActivityManager.lua	static name match; dynamic dispatch not included
Model.Activity.ActivityManager	319	ConfigModel.IsServerControlOpen	Model.ConfigModel	code/Lua/decompiled/Model/Activity/ActivityManager.lua	static name match; dynamic dispatch not included
Model.Activity.ActivityManager	346	Table.IsEmpty	Common.Utility.Table	code/Lua/decompiled/Model/Activity/ActivityManager.lua	static name match; dynamic dispatch not included
Model.Activity.ActivityManager	424	Table.ListAppend	Common.Utility.Table	code/Lua/decompiled/Model/Activity/ActivityManager.lua	static name match; dynamic dispatch not included
Model.Activity.ActivityManager	521	PlayerPrefs.GetString	Common.Utility.PlayerPrefs	code/Lua/decompiled/Model/Activity/ActivityManager.lua	static name match; dynamic dispatch not included
Model.Activity.ActivityManager	522	TimeUtil.GetTimeInSecond	Common.Utility.TimeUtil	code/Lua/decompiled/Model/Activity/ActivityManager.lua	static name match; dynamic dispatch not included
Model.Activity.ActivityManager	525	PlayerPrefs.SetString	Common.Utility.PlayerPrefs	code/Lua/decompiled/Model/Activity/ActivityManager.lua	static name match; dynamic dispatch not included
Model.Activity.ActivityManager	540	Table.GetMapSize	Common.Utility.Table	code/Lua/decompiled/Model/Activity/ActivityManager.lua	static name match; dynamic dispatch not included
Model.Activity.ActivityManager	553	StringUtil.IsNilOrEmpty	Common.Utility.StringUtil	code/Lua/decompiled/Model/Activity/ActivityManager.lua	static name match; dynamic dispatch not included
Model.Activity.ActivityManager	561	GameConfig.IsTestMode	Common.GameConfig	code/Lua/decompiled/Model/Activity/ActivityManager.lua	static name match; dynamic dispatch not included
Model.Activity.ActivityManager	562	GameModel.GetServerTime	Model.GameModel	code/Lua/decompiled/Model/Activity/ActivityManager.lua	static name match; dynamic dispatch not included
Model.Activity.ActivityTokenHelper	123	Table.IsEmpty	Common.Utility.Table	code/Lua/decompiled/Model/Activity/ActivityTokenHelper.lua	static name match; dynamic dispatch not included
Model.Activity.ActivityTokenHelper	130	GameConfig.IsTestMode	Common.GameConfig	code/Lua/decompiled/Model/Activity/ActivityTokenHelper.lua	static name match; dynamic dispatch not included
Model.Activity.ActivityTokenHelper	135	GameConfig.IsTestMode	Common.GameConfig	code/Lua/decompiled/Model/Activity/ActivityTokenHelper.lua	static name match; dynamic dispatch not included
Model.Activity.ActivityTokenHelper	156	EventDispatcher.AddListener	Common.Event.EventDispatcher	code/Lua/decompiled/Model/Activity/ActivityTokenHelper.lua	static name match; dynamic dispatch not included
Model.Activity.ActivityTokenHelper	157	EventDispatcher.AddListener	Common.Event.EventDispatcher	code/Lua/decompiled/Model/Activity/ActivityTokenHelper.lua	static name match; dynamic dispatch not included
Model.Activity.ActivityTokenHelper	158	EventDispatcher.AddListener	Common.Event.EventDispatcher	code/Lua/decompiled/Model/Activity/ActivityTokenHelper.lua	static name match; dynamic dispatch not included
Model.Activity.ActivityTokenHelper	159	EventDispatcher.AddListener	Common.Event.EventDispatcher	code/Lua/decompiled/Model/Activity/ActivityTokenHelper.lua	static name match; dynamic dispatch not included
Model.Activity.ActivityTokenHelper	160	EventDispatcher.AddListener	Common.Event.EventDispatcher	code/Lua/decompiled/Model/Activity/ActivityTokenHelper.lua	static name match; dynamic dispatch not included
Model.Activity.ActivityTokenHelper	161	EventDispatcher.AddListener	Common.Event.EventDispatcher	code/Lua/decompiled/Model/Activity/ActivityTokenHelper.lua	static name match; dynamic dispatch not included
Model.Activity.ActivityTokenHelper	165	EventDispatcher.RemoveTarget	Common.Event.EventDispatcher	code/Lua/decompiled/Model/Activity/ActivityTokenHelper.lua	static name match; dynamic dispatch not included
Model.Activity.ActivityTokenHelper	178	ItemDataModel.GetChainLevel	Board.Model.ItemDataModel	code/Lua/decompiled/Model/Activity/ActivityTokenHelper.lua	static name match; dynamic dispatch not included
Model.Activity.ActivityTokenHelper	184	MainBoardView.GetInstance	Board.View.MainBoardView	code/Lua/decompiled/Model/Activity/ActivityTokenHelper.lua	static name match; dynamic dispatch not included
Model.Activity.ActivityTokenHelper	185	PositionUtil.UICameraScreen2World	Common.Utility.PositionUtil	code/Lua/decompiled/Model/Activity/ActivityTokenHelper.lua	static name match; dynamic dispatch not included
Model.Activity.ActivityTokenHelper	194	MainBoardModel.GetItemScoreByUnlockGen	Board.Model.Board.MainBoardModel	code/Lua/decompiled/Model/Activity/ActivityTokenHelper.lua	static name match; dynamic dispatch not included
Model.Activity.ActivityTokenHelper	208	MainBoardView.GetInstance	Board.View.MainBoardView	code/Lua/decompiled/Model/Activity/ActivityTokenHelper.lua	static name match; dynamic dispatch not included
Model.Activity.ActivityTokenHelper	209	PositionUtil.UICameraScreen2World	Common.Utility.PositionUtil	code/Lua/decompiled/Model/Activity/ActivityTokenHelper.lua	static name match; dynamic dispatch not included
Model.Activity.ActivityTokenHelper	254	MainBoardView.GetInstance	Board.View.MainBoardView	code/Lua/decompiled/Model/Activity/ActivityTokenHelper.lua	static name match; dynamic dispatch not included
Model.Activity.ActivityTokenHelper	256	PositionUtil.UICameraScreen2World	Common.Utility.PositionUtil	code/Lua/decompiled/Model/Activity/ActivityTokenHelper.lua	static name match; dynamic dispatch not included
Model.Activity.ActivityTokenHelper	299	MainBoardView.GetInstance	Board.View.MainBoardView	code/Lua/decompiled/Model/Activity/ActivityTokenHelper.lua	static name match; dynamic dispatch not included
Model.Activity.ActivityTokenHelper	300	PositionUtil.UICameraScreen2World	Common.Utility.PositionUtil	code/Lua/decompiled/Model/Activity/ActivityTokenHelper.lua	static name match; dynamic dispatch not included
Model.Activity.ActivityTokenHelper	323	RewardApi.AcquireRewardsInView	Model.UserData.RewardApi	code/Lua/decompiled/Model/Activity/ActivityTokenHelper.lua	static name match; dynamic dispatch not included
Model.Activity.ActivityTokenHelper	331	RewardApi.AcquireRewardsInView	Model.UserData.RewardApi	code/Lua/decompiled/Model/Activity/ActivityTokenHelper.lua	static name match; dynamic dispatch not included
Model.Activity.ActivityTokenHelper	387	Table.ListWeightSelectOne	Common.Utility.Table	code/Lua/decompiled/Model/Activity/ActivityTokenHelper.lua	static name match; dynamic dispatch not included
Model.Activity.BaseActivityModel	8	PairEvent.Create	Common.Event.PairEvent	code/Lua/decompiled/Model/Activity/BaseActivityModel.lua	static name match; dynamic dispatch not included
Model.Activity.BaseActivityModel	20	EventDispatcher.RemoveTarget	Common.Event.EventDispatcher	code/Lua/decompiled/Model/Activity/BaseActivityModel.lua	static name match; dynamic dispatch not included
Model.Activity.BaseActivityModel	28	ConfigModel.GetServerConfig	Model.ConfigModel	code/Lua/decompiled/Model/Activity/BaseActivityModel.lua	static name match; dynamic dispatch not included
Model.Activity.BaseActivityModel	55	EventDispatcher.DispatchEvent	Common.Event.EventDispatcher	code/Lua/decompiled/Model/Activity/BaseActivityModel.lua	static name match; dynamic dispatch not included
Model.Activity.BaseActivityModel	79	ActivityManager.IsResourceDownloadWindowPoped	Model.Activity.ActivityManager	code/Lua/decompiled/Model/Activity/BaseActivityModel.lua	static name match; dynamic dispatch not included
Model.Activity.BaseActivityModel	149	SceneManager.GetGameMode	Model.SceneManager	code/Lua/decompiled/Model/Activity/BaseActivityModel.lua	static name match; dynamic dispatch not included
Model.Activity.BaseActivityModel	149	TutorialModel.HasAnyStrongTutorialOngoing	Model.Tutorial.TutorialModel	code/Lua/decompiled/Model/Activity/BaseActivityModel.lua	static name match; dynamic dispatch not included
Model.Activity.BaseActivityModel	153	ActivityManager.IsResourceDownloadWindowPoped	Model.Activity.ActivityManager	code/Lua/decompiled/Model/Activity/BaseActivityModel.lua	static name match; dynamic dispatch not included
Model.Activity.BaseActivityModel	158	PlayerPrefs.SetString	Common.Utility.PlayerPrefs	code/Lua/decompiled/Model/Activity/BaseActivityModel.lua	static name match; dynamic dispatch not included
Model.Activity.BaseActivityModel	158	TimeUtil.GetTimeInSecond	Common.Utility.TimeUtil	code/Lua/decompiled/Model/Activity/BaseActivityModel.lua	static name match; dynamic dispatch not included
Model.Activity.BaseActivityModel	163	ActivityManager.SetResourceDownloadWindowPoped	Model.Activity.ActivityManager	code/Lua/decompiled/Model/Activity/BaseActivityModel.lua	static name match; dynamic dispatch not included
Model.Activity.BaseActivityModel	184	GameModel.GetServerTime	Model.GameModel	code/Lua/decompiled/Model/Activity/BaseActivityModel.lua	static name match; dynamic dispatch not included
Model.Activity.BaseActivityModel	210	ActivityManager.GetModel	Model.Activity.ActivityManager	code/Lua/decompiled/Model/Activity/BaseActivityModel.lua	static name match; dynamic dispatch not included
Model.Activity.BaseActivityModel	218	GameModel.GetServerTime	Model.GameModel	code/Lua/decompiled/Model/Activity/BaseActivityModel.lua	static name match; dynamic dispatch not included
Model.Activity.BaseActivityModel	240	GameConfig.IsTestMode	Common.GameConfig	code/Lua/decompiled/Model/Activity/BaseActivityModel.lua	static name match; dynamic dispatch not included
Model.Activity.BaseActivityModel	269	GameModel.GetServerTime	Model.GameModel	code/Lua/decompiled/Model/Activity/BaseActivityModel.lua	static name match; dynamic dispatch not included
Model.Activity.BaseActivityModel	313	GameModel.GetServerTime	Model.GameModel	code/Lua/decompiled/Model/Activity/BaseActivityModel.lua	static name match; dynamic dispatch not included
Model.Activity.BaseActivityModel	428	SyncModel.UploadData	Model.Sync.SyncModel	code/Lua/decompiled/Model/Activity/BaseActivityModel.lua	static name match; dynamic dispatch not included
Model.Activity.BaseActivityModel	439	ItemDataModel.UpdateItemConfig	Board.Model.ItemDataModel	code/Lua/decompiled/Model/Activity/BaseActivityModel.lua	static name match; dynamic dispatch not included
Model.Activity.BaseActivityModel	442	StringUtil.IsNilOrEmpty	Common.Utility.StringUtil	code/Lua/decompiled/Model/Activity/BaseActivityModel.lua	static name match; dynamic dispatch not included
Model.Activity.BaseActivityModel	443	StringUtil.Replace	Common.Utility.StringUtil	code/Lua/decompiled/Model/Activity/BaseActivityModel.lua	static name match; dynamic dispatch not included
Model.Activity.BaseActivityModel	446	StringUtil.Replace	Common.Utility.StringUtil	code/Lua/decompiled/Model/Activity/BaseActivityModel.lua	static name match; dynamic dispatch not included
Model.Activity.BaseActivityModel	452	StringUtil.IsNilOrEmpty	Common.Utility.StringUtil	code/Lua/decompiled/Model/Activity/BaseActivityModel.lua	static name match; dynamic dispatch not included
Model.Activity.BaseActivityModel	453	StringUtil.Replace	Common.Utility.StringUtil	code/Lua/decompiled/Model/Activity/BaseActivityModel.lua	static name match; dynamic dispatch not included
Model.Activity.BaseActivityModel	455	Table.IsEmpty	Common.Utility.Table	code/Lua/decompiled/Model/Activity/BaseActivityModel.lua	static name match; dynamic dispatch not included
Model.Activity.BaseActivityModel	457	ItemDataModel.ResetItemConfig	Board.Model.ItemDataModel	code/Lua/decompiled/Model/Activity/BaseActivityModel.lua	static name match; dynamic dispatch not included
Model.Activity.BaseActivityModel	469	Table.IsEmpty	Common.Utility.Table	code/Lua/decompiled/Model/Activity/BaseActivityModel.lua	static name match; dynamic dispatch not included
Model.Activity.BaseActivityModel	485	Table.IsEmpty	Common.Utility.Table	code/Lua/decompiled/Model/Activity/BaseActivityModel.lua	static name match; dynamic dispatch not included
Model.Activity.BaseActivityModel	551	MainBoardModel.GetOrderModel	Board.Model.Board.MainBoardModel	code/Lua/decompiled/Model/Activity/BaseActivityModel.lua	static name match; dynamic dispatch not included
Model.DB.DBIdGenerator	16	GameModel.GetServerTime	Model.GameModel	code/Lua/decompiled/Model/DB/DBIdGenerator.lua	static name match; dynamic dispatch not included
Model.DB.DBTable	33	PlayerPrefs.GetInt	Common.Utility.PlayerPrefs	code/Lua/decompiled/Model/DB/DBTable.lua	static name match; dynamic dispatch not included
Model.DB.DBTable	34	PlayerPrefs.GetInt	Common.Utility.PlayerPrefs	code/Lua/decompiled/Model/DB/DBTable.lua	static name match; dynamic dispatch not included
Model.DB.DBTable	64	DatabaseModel.CreateColumn	Model.DB.DatabaseModel	code/Lua/decompiled/Model/DB/DBTable.lua	static name match; dynamic dispatch not included
Model.DB.DBTable	66	DatabaseModel.CreateDatabaseTable	Model.DB.DatabaseModel	code/Lua/decompiled/Model/DB/DBTable.lua	static name match; dynamic dispatch not included
Model.DB.DBTable	87	DatabaseModel.DatabaseQuery	Model.DB.DatabaseModel	code/Lua/decompiled/Model/DB/DBTable.lua	static name match; dynamic dispatch not included
Model.DB.DBTable	132	Table.DeepCopy	Common.Utility.Table	code/Lua/decompiled/Model/DB/DBTable.lua	static name match; dynamic dispatch not included
Model.DB.DBTable	140	Table.GetKeys	Common.Utility.Table	code/Lua/decompiled/Model/DB/DBTable.lua	static name match; dynamic dispatch not included
Model.DB.DBTable	165	GameConfig.IsTestMode	Common.GameConfig	code/Lua/decompiled/Model/DB/DBTable.lua	static name match; dynamic dispatch not included
Model.DB.DBTable	215	Table.ShallowCopy	Common.Utility.Table	code/Lua/decompiled/Model/DB/DBTable.lua	static name match; dynamic dispatch not included
Model.DB.DBTable	313	PlayerPrefs.SetInt	Common.Utility.PlayerPrefs	code/Lua/decompiled/Model/DB/DBTable.lua	static name match; dynamic dispatch not included
Model.DB.DBTable	314	PlayerPrefs.SetInt	Common.Utility.PlayerPrefs	code/Lua/decompiled/Model/DB/DBTable.lua	static name match; dynamic dispatch not included
Model.DB.DBTable	339	Table.IsEmpty	Common.Utility.Table	code/Lua/decompiled/Model/DB/DBTable.lua	static name match; dynamic dispatch not included
Model.DB.DBTable	364	StringUtil.Split	Common.Utility.StringUtil	code/Lua/decompiled/Model/DB/DBTable.lua	static name match; dynamic dispatch not included
Model.DB.DBTable	391	Table.IsEmpty	Common.Utility.Table	code/Lua/decompiled/Model/DB/DBTable.lua	static name match; dynamic dispatch not included
Model.DB.DBTable	404	TimeUtil.GetTimeInSecond	Common.Utility.TimeUtil	code/Lua/decompiled/Model/DB/DBTable.lua	static name match; dynamic dispatch not included
Model.DB.DBTable	410	PlayerPrefs.SetInt	Common.Utility.PlayerPrefs	code/Lua/decompiled/Model/DB/DBTable.lua	static name match; dynamic dispatch not included
Model.DB.DBTable	415	PlayerPrefs.SetInt	Common.Utility.PlayerPrefs	code/Lua/decompiled/Model/DB/DBTable.lua	static name match; dynamic dispatch not included
Model.DB.DBTable	423	PlayerPrefs.GetInt	Common.Utility.PlayerPrefs	code/Lua/decompiled/Model/DB/DBTable.lua	static name match; dynamic dispatch not included
Model.DB.DBTable	436	PlayerPrefs.SetInt	Common.Utility.PlayerPrefs	code/Lua/decompiled/Model/DB/DBTable.lua	static name match; dynamic dispatch not included
Model.DB.DBTable	450	PlayerPrefs.SetInt	Common.Utility.PlayerPrefs	code/Lua/decompiled/Model/DB/DBTable.lua	static name match; dynamic dispatch not included
Model.DB.DBTable	671	DatabaseModel.QueueDatabaseCommand	Model.DB.DatabaseModel	code/Lua/decompiled/Model/DB/DBTable.lua	static name match; dynamic dispatch not included
Model.DB.DBTable	671	DatabaseModel.CreateDatabaseCommand	Model.DB.DatabaseModel	code/Lua/decompiled/Model/DB/DBTable.lua	static name match; dynamic dispatch not included
Model.DB.DBTableManager	34	SyncModel.CheckUpload	Model.Sync.SyncModel	code/Lua/decompiled/Model/DB/DBTableManager.lua	static name match; dynamic dispatch not included
Model.DB.DBTableManager	42	SyncModel.CheckUpload	Model.Sync.SyncModel	code/Lua/decompiled/Model/DB/DBTableManager.lua	static name match; dynamic dispatch not included
Model.DB.DBTableManager	43	DatabaseModel.CheckDatabase	Model.DB.DatabaseModel	code/Lua/decompiled/Model/DB/DBTableManager.lua	static name match; dynamic dispatch not included
Model.DB.DBTableManager	44	DatabaseModel.DeleteDatabase	Model.DB.DatabaseModel	code/Lua/decompiled/Model/DB/DBTableManager.lua	static name match; dynamic dispatch not included
Model.DB.DBTableManager	53	DatabaseModel.CheckDatabase	Model.DB.DatabaseModel	code/Lua/decompiled/Model/DB/DBTableManager.lua	static name match; dynamic dispatch not included
Model.DB.DBTableManager	57	DatabaseModel.CheckDatabase	Model.DB.DatabaseModel	code/Lua/decompiled/Model/DB/DBTableManager.lua	static name match; dynamic dispatch not included
Model.DB.DBTableManager	69	DatabaseModel.CheckDatabase	Model.DB.DatabaseModel	code/Lua/decompiled/Model/DB/DBTableManager.lua	static name match; dynamic dispatch not included
Model.DB.DBTableManager	81	DatabaseModel.CheckDatabase	Model.DB.DatabaseModel	code/Lua/decompiled/Model/DB/DBTableManager.lua	static name match; dynamic dispatch not included
Model.DB.DBTableManager	90	DatabaseModel.CheckDatabase	Model.DB.DatabaseModel	code/Lua/decompiled/Model/DB/DBTableManager.lua	static name match; dynamic dispatch not included
Model.DB.DBTableManager	98	DatabaseModel.DeleteDatabase	Model.DB.DatabaseModel	code/Lua/decompiled/Model/DB/DBTableManager.lua	static name match; dynamic dispatch not included
Model.DB.DBTableManager	104	DatabaseModel.DeleteDatabase	Model.DB.DatabaseModel	code/Lua/decompiled/Model/DB/DBTableManager.lua	static name match; dynamic dispatch not included
Model.DB.DBTableManager	119	DatabaseModel.OpenDatabase	Model.DB.DatabaseModel	code/Lua/decompiled/Model/DB/DBTableManager.lua	static name match; dynamic dispatch not included
Model.DB.DBTableManager	123	DatabaseModel.DeleteDatabase	Model.DB.DatabaseModel	code/Lua/decompiled/Model/DB/DBTableManager.lua	static name match; dynamic dispatch not included
Model.DB.DBTableManager	133	DatabaseModel.CheckDatabase	Model.DB.DatabaseModel	code/Lua/decompiled/Model/DB/DBTableManager.lua	static name match; dynamic dispatch not included
Model.DB.DBTableManager	134	DatabaseModel.DeleteDatabase	Model.DB.DatabaseModel	code/Lua/decompiled/Model/DB/DBTableManager.lua	static name match; dynamic dispatch not included
Model.DB.DBTableManager	139	DatabaseModel.DatabaseTransaction	Model.DB.DatabaseModel	code/Lua/decompiled/Model/DB/DBTableManager.lua	static name match; dynamic dispatch not included
Model.DB.DBTableManager	151	DatabaseModel.DeleteDatabase	Model.DB.DatabaseModel	code/Lua/decompiled/Model/DB/DBTableManager.lua	static name match; dynamic dispatch not included
Model.DB.DatabaseModel	9	GameConfig.IsTestMode	Common.GameConfig	code/Lua/decompiled/Model/DB/DatabaseModel.lua	static name match; dynamic dispatch not included
Model.PropItem.PropItemAccelerator	11	MiscModel.Get	Model.UserData.MiscModel	code/Lua/decompiled/Model/PropItem/PropItemAccelerator.lua	static name match; dynamic dispatch not included
Model.PropItem.PropItemAccelerator	12	StringUtil.IsNilOrEmpty	Common.Utility.StringUtil	code/Lua/decompiled/Model/PropItem/PropItemAccelerator.lua	static name match; dynamic dispatch not included
Model.PropItem.PropItemAccelerator	13	StringUtil.Replace	Common.Utility.StringUtil	code/Lua/decompiled/Model/PropItem/PropItemAccelerator.lua	static name match; dynamic dispatch not included
Model.PropItem.PropItemAccelerator	16	MiscModel.Get	Model.UserData.MiscModel	code/Lua/decompiled/Model/PropItem/PropItemAccelerator.lua	static name match; dynamic dispatch not included
Model.PropItem.PropItemAccelerator	17	StringUtil.IsNilOrEmpty	Common.Utility.StringUtil	code/Lua/decompiled/Model/PropItem/PropItemAccelerator.lua	static name match; dynamic dispatch not included
Model.PropItem.PropItemAccelerator	18	StringUtil.Replace	Common.Utility.StringUtil	code/Lua/decompiled/Model/PropItem/PropItemAccelerator.lua	static name match; dynamic dispatch not included
Model.PropItem.PropItemAccelerator	21	MiscModel.Get	Model.UserData.MiscModel	code/Lua/decompiled/Model/PropItem/PropItemAccelerator.lua	static name match; dynamic dispatch not included
Model.PropItem.PropItemAccelerator	22	StringUtil.IsNilOrEmpty	Common.Utility.StringUtil	code/Lua/decompiled/Model/PropItem/PropItemAccelerator.lua	static name match; dynamic dispatch not included
Model.PropItem.PropItemAccelerator	23	StringUtil.Replace	Common.Utility.StringUtil	code/Lua/decompiled/Model/PropItem/PropItemAccelerator.lua	static name match; dynamic dispatch not included
Model.PropItem.PropItemAccelerator	30	SceneManager.GetGameMode	Model.SceneManager	code/Lua/decompiled/Model/PropItem/PropItemAccelerator.lua	static name match; dynamic dispatch not included
Model.PropItem.PropItemAccelerator	34	Table.IsEmpty	Common.Utility.Table	code/Lua/decompiled/Model/PropItem/PropItemAccelerator.lua	static name match; dynamic dispatch not included
Model.PropItem.PropItemAccelerator	39	GameModel.GetServerTime	Model.GameModel	code/Lua/decompiled/Model/PropItem/PropItemAccelerator.lua	static name match; dynamic dispatch not included
Model.PropItem.PropItemAccelerator	45	MiscModel.Set	Model.UserData.MiscModel	code/Lua/decompiled/Model/PropItem/PropItemAccelerator.lua	static name match; dynamic dispatch not included
Model.PropItem.PropItemAccelerator	50	ConfigModel.IsCDPropShowOpen	Model.ConfigModel	code/Lua/decompiled/Model/PropItem/PropItemAccelerator.lua	static name match; dynamic dispatch not included
Model.PropItem.PropItemAccelerator	59	GameModel.GetServerTime	Model.GameModel	code/Lua/decompiled/Model/PropItem/PropItemAccelerator.lua	static name match; dynamic dispatch not included
Model.PropItem.PropItemAccelerator	72	MiscModel.Set	Model.UserData.MiscModel	code/Lua/decompiled/Model/PropItem/PropItemAccelerator.lua	static name match; dynamic dispatch not included
Model.PropItem.PropItemAccelerator	73	MiscModel.Set	Model.UserData.MiscModel	code/Lua/decompiled/Model/PropItem/PropItemAccelerator.lua	static name match; dynamic dispatch not included
Model.PropItem.PropItemAccelerator	80	EventDispatcher.DispatchEvent	Common.Event.EventDispatcher	code/Lua/decompiled/Model/PropItem/PropItemAccelerator.lua	static name match; dynamic dispatch not included
Model.PropItem.PropItemAccelerator	83	MiscModel.Clear	Model.UserData.MiscModel	code/Lua/decompiled/Model/PropItem/PropItemAccelerator.lua	static name match; dynamic dispatch not included
Model.PropItem.PropItemAccelerator	88	MiscModel.Set	Model.UserData.MiscModel	code/Lua/decompiled/Model/PropItem/PropItemAccelerator.lua	static name match; dynamic dispatch not included
Model.PropItem.PropItemAccelerator	93	Table.IsEmpty	Common.Utility.Table	code/Lua/decompiled/Model/PropItem/PropItemAccelerator.lua	static name match; dynamic dispatch not included
Model.PropItem.PropItemAccelerator	97	MainBoardModel.RestoreAccStorage	Board.Model.Board.MainBoardModel	code/Lua/decompiled/Model/PropItem/PropItemAccelerator.lua	static name match; dynamic dispatch not included
Model.PropItem.PropItemAccelerator	102	StringUtil.StartWith	Common.Utility.StringUtil	code/Lua/decompiled/Model/PropItem/PropItemAccelerator.lua	static name match; dynamic dispatch not included
Model.PropItem.PropItemAccelerator	102	GameModel.GetServerTime	Model.GameModel	code/Lua/decompiled/Model/PropItem/PropItemAccelerator.lua	static name match; dynamic dispatch not included
Model.PropItem.PropItemAccelerator	114	MiscModel.Get	Model.UserData.MiscModel	code/Lua/decompiled/Model/PropItem/PropItemAccelerator.lua	static name match; dynamic dispatch not included
Model.PropItem.PropItemAccelerator	118	MiscModel.Set	Model.UserData.MiscModel	code/Lua/decompiled/Model/PropItem/PropItemAccelerator.lua	static name match; dynamic dispatch not included
Model.PropItem.PropItemAccelerator	131	GameModel.GetServerTime	Model.GameModel	code/Lua/decompiled/Model/PropItem/PropItemAccelerator.lua	static name match; dynamic dispatch not included
Model.PropItem.PropItemAccelerator	150	ItemDataModel.GetModelConfig	Board.Model.ItemDataModel	code/Lua/decompiled/Model/PropItem/PropItemAccelerator.lua	static name match; dynamic dispatch not included
Model.PropItem.PropItemEnergy4x	5	MiscModel.Get	Model.UserData.MiscModel	code/Lua/decompiled/Model/PropItem/PropItemEnergy4x.lua	static name match; dynamic dispatch not included
Model.PropItem.PropItemEnergy4x	6	StringUtil.IsNilOrEmpty	Common.Utility.StringUtil	code/Lua/decompiled/Model/PropItem/PropItemEnergy4x.lua	static name match; dynamic dispatch not included
Model.PropItem.PropItemEnergy4x	7	StringUtil.Replace	Common.Utility.StringUtil	code/Lua/decompiled/Model/PropItem/PropItemEnergy4x.lua	static name match; dynamic dispatch not included
Model.PropItem.PropItemEnergy4x	24	EventDispatcher.DispatchEvent	Common.Event.EventDispatcher	code/Lua/decompiled/Model/PropItem/PropItemEnergy4x.lua	static name match; dynamic dispatch not included
Model.PropItem.PropItemEnergy4x	32	GameModel.GetServerTime	Model.GameModel	code/Lua/decompiled/Model/PropItem/PropItemEnergy4x.lua	static name match; dynamic dispatch not included
Model.PropItem.PropItemEnergy4x	46	MiscModel.Set	Model.UserData.MiscModel	code/Lua/decompiled/Model/PropItem/PropItemEnergy4x.lua	static name match; dynamic dispatch not included
Model.PropItem.PropItemEnergy4x	46	StringUtil.Replace	Common.Utility.StringUtil	code/Lua/decompiled/Model/PropItem/PropItemEnergy4x.lua	static name match; dynamic dispatch not included
Model.PropItem.PropItemEnergy4x	47	EventDispatcher.DispatchEvent	Common.Event.EventDispatcher	code/Lua/decompiled/Model/PropItem/PropItemEnergy4x.lua	static name match; dynamic dispatch not included
Model.PropItem.PropItemEnergy4x	54	GameModel.GetServerTime	Model.GameModel	code/Lua/decompiled/Model/PropItem/PropItemEnergy4x.lua	static name match; dynamic dispatch not included
Model.PropItem.PropItemEnergy4x	72	MiscModel.Set	Model.UserData.MiscModel	code/Lua/decompiled/Model/PropItem/PropItemEnergy4x.lua	static name match; dynamic dispatch not included
Model.PropItem.PropItemEnergy4x	72	StringUtil.Replace	Common.Utility.StringUtil	code/Lua/decompiled/Model/PropItem/PropItemEnergy4x.lua	static name match; dynamic dispatch not included
Model.PropItem.PropItemEnergy4x	87	MiscModel.Set	Model.UserData.MiscModel	code/Lua/decompiled/Model/PropItem/PropItemEnergy4x.lua	static name match; dynamic dispatch not included
Model.PropItem.PropItemEnergy4x	87	StringUtil.Replace	Common.Utility.StringUtil	code/Lua/decompiled/Model/PropItem/PropItemEnergy4x.lua	static name match; dynamic dispatch not included
Model.PropItem.PropItemEnergy4x	88	EventDispatcher.DispatchEvent	Common.Event.EventDispatcher	code/Lua/decompiled/Model/PropItem/PropItemEnergy4x.lua	static name match; dynamic dispatch not included
Model.PropItem.PropItemExtraOrder	11	ConfigModel.HasExtraOrderFunction	Model.ConfigModel	code/Lua/decompiled/Model/PropItem/PropItemExtraOrder.lua	static name match; dynamic dispatch not included
Model.PropItem.PropItemExtraOrder	13	EventDispatcher.DispatchEvent	Common.Event.EventDispatcher	code/Lua/decompiled/Model/PropItem/PropItemExtraOrder.lua	static name match; dynamic dispatch not included
Model.PropItem.PropItemExtraOrder	14	MainBoardModel.GetOrderModel	Board.Model.Board.MainBoardModel	code/Lua/decompiled/Model/PropItem/PropItemExtraOrder.lua	static name match; dynamic dispatch not included
Model.PropItem.PropItemExtraOrder	24	MiscModel.Get	Model.UserData.MiscModel	code/Lua/decompiled/Model/PropItem/PropItemExtraOrder.lua	static name match; dynamic dispatch not included
Model.PropItem.PropItemExtraOrder	25	MiscModel.Get	Model.UserData.MiscModel	code/Lua/decompiled/Model/PropItem/PropItemExtraOrder.lua	static name match; dynamic dispatch not included
Model.PropItem.PropItemExtraOrder	33	GameModel.GetServerTime	Model.GameModel	code/Lua/decompiled/Model/PropItem/PropItemExtraOrder.lua	static name match; dynamic dispatch not included
Model.PropItem.PropItemExtraOrder	35	MiscModel.Set	Model.UserData.MiscModel	code/Lua/decompiled/Model/PropItem/PropItemExtraOrder.lua	static name match; dynamic dispatch not included
Model.PropItem.PropItemExtraOrder	41	GameModel.GetServerTime	Model.GameModel	code/Lua/decompiled/Model/PropItem/PropItemExtraOrder.lua	static name match; dynamic dispatch not included
Model.PropItem.PropItemExtraOrder	51	MiscModel.Set	Model.UserData.MiscModel	code/Lua/decompiled/Model/PropItem/PropItemExtraOrder.lua	static name match; dynamic dispatch not included
Model.PropItem.PropItemExtraOrder	52	MiscModel.Set	Model.UserData.MiscModel	code/Lua/decompiled/Model/PropItem/PropItemExtraOrder.lua	static name match; dynamic dispatch not included
Model.PropItem.PropItemExtraOrder	60	MainBoardModel.GetOrderModel	Board.Model.Board.MainBoardModel	code/Lua/decompiled/Model/PropItem/PropItemExtraOrder.lua	static name match; dynamic dispatch not included
Model.PropItem.PropItemExtraOrder	66	ConfigModel.HasExtraOrderFunction	Model.ConfigModel	code/Lua/decompiled/Model/PropItem/PropItemExtraOrder.lua	static name match; dynamic dispatch not included
Model.PropItem.PropItemExtraOrder	69	GameModel.GetServerTime	Model.GameModel	code/Lua/decompiled/Model/PropItem/PropItemExtraOrder.lua	static name match; dynamic dispatch not included
Model.PropItem.PropItemExtraOrder	77	MiscModel.Get	Model.UserData.MiscModel	code/Lua/decompiled/Model/PropItem/PropItemExtraOrder.lua	static name match; dynamic dispatch not included
Model.PropItem.PropItemExtraOrder	81	MiscModel.Set	Model.UserData.MiscModel	code/Lua/decompiled/Model/PropItem/PropItemExtraOrder.lua	static name match; dynamic dispatch not included
Model.PropItem.PropItemExtraOrder	85	ConfigModel.HasExtraOrderFunction	Model.ConfigModel	code/Lua/decompiled/Model/PropItem/PropItemExtraOrder.lua	static name match; dynamic dispatch not included
Model.PropItem.PropItemExtraOrder	92	ConfigModel.HasExtraOrderFunction	Model.ConfigModel	code/Lua/decompiled/Model/PropItem/PropItemExtraOrder.lua	static name match; dynamic dispatch not included
Model.PropItem.PropItemInstance	16	ActivityManager.GetModel	Model.Activity.ActivityManager	code/Lua/decompiled/Model/PropItem/PropItemInstance.lua	static name match; dynamic dispatch not included
Model.PropItem.PropItemInstance	33	StringUtil.Split	Common.Utility.StringUtil	code/Lua/decompiled/Model/PropItem/PropItemInstance.lua	static name match; dynamic dispatch not included
Model.PropItem.PropItemInstance	38	BalloonRewardModel.AcquireBalloon	BalloonRewardItem.Model.BalloonRewardModel	code/Lua/decompiled/Model/PropItem/PropItemInstance.lua	static name match; dynamic dispatch not included
Model.PropItem.PropItemManager	14	PropItemBase.Create	Model.PropItem.PropItemBase	code/Lua/decompiled/Model/PropItem/PropItemManager.lua	static name match; dynamic dispatch not included
Model.PropItem.PropItemManager	15	PropItemBase.Create	Model.PropItem.PropItemBase	code/Lua/decompiled/Model/PropItem/PropItemManager.lua	static name match; dynamic dispatch not included
Model.PropItem.PropItemManager	16	PropItemBase.Create	Model.PropItem.PropItemBase	code/Lua/decompiled/Model/PropItem/PropItemManager.lua	static name match; dynamic dispatch not included
Model.PropItem.PropItemManager	17	PropItemBase.Create	Model.PropItem.PropItemBase	code/Lua/decompiled/Model/PropItem/PropItemManager.lua	static name match; dynamic dispatch not included
Model.PropItem.PropItemManager	18	PropItemBase.Create	Model.PropItem.PropItemBase	code/Lua/decompiled/Model/PropItem/PropItemManager.lua	static name match; dynamic dispatch not included
Model.PropItem.PropItemManager	19	PropItemBase.Create	Model.PropItem.PropItemBase	code/Lua/decompiled/Model/PropItem/PropItemManager.lua	static name match; dynamic dispatch not included
Model.Sync.SyncModel	22	EventDispatcher.AddListener	Common.Event.EventDispatcher	code/Lua/decompiled/Model/Sync/SyncModel.lua	static name match; dynamic dispatch not included
Model.Sync.SyncModel	27	EventDispatcher.RemoveTarget	Common.Event.EventDispatcher	code/Lua/decompiled/Model/Sync/SyncModel.lua	static name match; dynamic dispatch not included
Model.Sync.SyncModel	28	Scheduler.UnscheduleTarget	Common.Utility.Scheduler	code/Lua/decompiled/Model/Sync/SyncModel.lua	static name match; dynamic dispatch not included
Model.Sync.SyncModel	87	EventDispatcher.DispatchEvent	Common.Event.EventDispatcher	code/Lua/decompiled/Model/Sync/SyncModel.lua	static name match; dynamic dispatch not included
Model.Sync.SyncModel	92	Scheduler.Unschedule	Common.Utility.Scheduler	code/Lua/decompiled/Model/Sync/SyncModel.lua	static name match; dynamic dispatch not included
Model.Sync.SyncModel	100	Scheduler.Schedule	Common.Utility.Scheduler	code/Lua/decompiled/Model/Sync/SyncModel.lua	static name match; dynamic dispatch not included
Model.Sync.SyncModel	105	ConfigModel.IsServerControlOpen	Model.ConfigModel	code/Lua/decompiled/Model/Sync/SyncModel.lua	static name match; dynamic dispatch not included
Model.Sync.SyncModel	109	DBTableManager.HealthCheck	Model.DB.DBTableManager	code/Lua/decompiled/Model/Sync/SyncModel.lua	static name match; dynamic dispatch not included
Model.Sync.SyncModel	151	UserModel.GetInstallUuid	Model.UserData.UserModel	code/Lua/decompiled/Model/Sync/SyncModel.lua	static name match; dynamic dispatch not included
Model.Sync.SyncModel	152	SceneManager.GetGameMode	Model.SceneManager	code/Lua/decompiled/Model/Sync/SyncModel.lua	static name match; dynamic dispatch not included
Model.Sync.SyncModel	174	UserModel.SetInstallUuid	Model.UserData.UserModel	code/Lua/decompiled/Model/Sync/SyncModel.lua	static name match; dynamic dispatch not included
Model.Sync.SyncModel	181	UserModel.GetData	Model.UserData.UserModel	code/Lua/decompiled/Model/Sync/SyncModel.lua	static name match; dynamic dispatch not included
Model.Sync.SyncModel	182	MainBoardModel.GetItemData	Board.Model.Board.MainBoardModel	code/Lua/decompiled/Model/Sync/SyncModel.lua	static name match; dynamic dispatch not included
Model.Sync.SyncModel	183	MainBoardModel.GetItemLayerData	Board.Model.Board.MainBoardModel	code/Lua/decompiled/Model/Sync/SyncModel.lua	static name match; dynamic dispatch not included
Model.Sync.SyncModel	184	MainBoardModel.GetItemCacheData	Board.Model.Board.MainBoardModel	code/Lua/decompiled/Model/Sync/SyncModel.lua	static name match; dynamic dispatch not included
Model.Sync.SyncModel	185	MainBoardModel.GetItemStoreData	Board.Model.Board.MainBoardModel	code/Lua/decompiled/Model/Sync/SyncModel.lua	static name match; dynamic dispatch not included
Model.Sync.SyncModel	186	MainBoardModel.GetFixedOrderFinishData	Board.Model.Board.MainBoardModel	code/Lua/decompiled/Model/Sync/SyncModel.lua	static name match; dynamic dispatch not included
Model.Sync.SyncModel	187	MainBoardModel.GetOrderRecentItemData	Board.Model.Board.MainBoardModel	code/Lua/decompiled/Model/Sync/SyncModel.lua	static name match; dynamic dispatch not included
Model.Sync.SyncModel	188	MainBoardModel.GetOrderLaneMetaData	Board.Model.Board.MainBoardModel	code/Lua/decompiled/Model/Sync/SyncModel.lua	static name match; dynamic dispatch not included
Model.Sync.SyncModel	189	MainBoardModel.GetOrderData	Board.Model.Board.MainBoardModel	code/Lua/decompiled/Model/Sync/SyncModel.lua	static name match; dynamic dispatch not included
Model.Sync.SyncModel	191	ActivityManager.GetGeneralData	Model.Activity.ActivityManager	code/Lua/decompiled/Model/Sync/SyncModel.lua	static name match; dynamic dispatch not included
Model.Sync.SyncModel	192	ActivityManager.GetEventActivityData	Model.Activity.ActivityManager	code/Lua/decompiled/Model/Sync/SyncModel.lua	static name match; dynamic dispatch not included
Model.Sync.SyncModel	193	ActivityManager.GetStaticActivityData	Model.Activity.ActivityManager	code/Lua/decompiled/Model/Sync/SyncModel.lua	static name match; dynamic dispatch not included
Model.Sync.SyncModel	196	MapDataModel.GetSkinData	Model.MapDataModel	code/Lua/decompiled/Model/Sync/SyncModel.lua	static name match; dynamic dispatch not included
Model.Sync.SyncModel	197	MapDataModel.GetTimeLimitSkinData	Model.MapDataModel	code/Lua/decompiled/Model/Sync/SyncModel.lua	static name match; dynamic dispatch not included
Model.Sync.SyncModel	198	ItemDataModel.GetOldItemUnlockData	Board.Model.ItemDataModel	code/Lua/decompiled/Model/Sync/SyncModel.lua	static name match; dynamic dispatch not included
Model.Sync.SyncModel	291	SceneManager.GetGameMode	Model.SceneManager	code/Lua/decompiled/Model/Sync/SyncModel.lua	static name match; dynamic dispatch not included
Model.Sync.SyncModel	315	UserModel.GetUserId	Model.UserData.UserModel	code/Lua/decompiled/Model/Sync/SyncModel.lua	static name match; dynamic dispatch not included
Model.Sync.SyncModel	316	GameConfig.GetCurrentVersion	Common.GameConfig	code/Lua/decompiled/Model/Sync/SyncModel.lua	static name match; dynamic dispatch not included
Model.Sync.SyncModel	318	UserModel.GetInstallUuid	Model.UserData.UserModel	code/Lua/decompiled/Model/Sync/SyncModel.lua	static name match; dynamic dispatch not included
Model.Sync.SyncModel	319	UserModel.GetInNumber	Model.UserData.UserModel	code/Lua/decompiled/Model/Sync/SyncModel.lua	static name match; dynamic dispatch not included
Model.Sync.SyncModel	326	PropertyDataManager.PropertyToSyncData	Model.UserData.PropertyDataManager	code/Lua/decompiled/Model/Sync/SyncModel.lua	static name match; dynamic dispatch not included
Model.Sync.SyncModel	327	PropertyDataManager.PropertyToSyncData	Model.UserData.PropertyDataManager	code/Lua/decompiled/Model/Sync/SyncModel.lua	static name match; dynamic dispatch not included
Model.Sync.SyncModel	328	LevelModel.GetCurrentLevel	Model.UserData.LevelModel	code/Lua/decompiled/Model/Sync/SyncModel.lua	static name match; dynamic dispatch not included
Model.Sync.SyncModel	329	PropertyDataManager.PropertyToSyncData	Model.UserData.PropertyDataManager	code/Lua/decompiled/Model/Sync/SyncModel.lua	static name match; dynamic dispatch not included
Model.Sync.SyncModel	330	PropertyDataManager.PropertyToSyncData	Model.UserData.PropertyDataManager	code/Lua/decompiled/Model/Sync/SyncModel.lua	static name match; dynamic dispatch not included
Model.Sync.SyncModel	332	PropertyDataManager.PropertyToSyncData	Model.UserData.PropertyDataManager	code/Lua/decompiled/Model/Sync/SyncModel.lua	static name match; dynamic dispatch not included
Model.Sync.SyncModel	333	PropertyDataManager.PropertyToSyncData	Model.UserData.PropertyDataManager	code/Lua/decompiled/Model/Sync/SyncModel.lua	static name match; dynamic dispatch not included
Model.Sync.SyncModel	334	PropertyDataManager.PropertyToSyncData	Model.UserData.PropertyDataManager	code/Lua/decompiled/Model/Sync/SyncModel.lua	static name match; dynamic dispatch not included
Model.Sync.SyncModel	335	PropertyDataManager.PropertyToSyncData	Model.UserData.PropertyDataManager	code/Lua/decompiled/Model/Sync/SyncModel.lua	static name match; dynamic dispatch not included
Model.Sync.SyncModel	339	UserModel.GetData	Model.UserData.UserModel	code/Lua/decompiled/Model/Sync/SyncModel.lua	static name match; dynamic dispatch not included
Model.Sync.SyncModel	341	ItemDataModel.GetOldItemUnlockData	Board.Model.ItemDataModel	code/Lua/decompiled/Model/Sync/SyncModel.lua	static name match; dynamic dispatch not included
Model.Sync.SyncModel	342	MainBoardModel.GetItemData	Board.Model.Board.MainBoardModel	code/Lua/decompiled/Model/Sync/SyncModel.lua	static name match; dynamic dispatch not included
Model.Sync.SyncModel	343	MainBoardModel.GetItemLayerData	Board.Model.Board.MainBoardModel	code/Lua/decompiled/Model/Sync/SyncModel.lua	static name match; dynamic dispatch not included
Model.Sync.SyncModel	344	MainBoardModel.GetItemCacheData	Board.Model.Board.MainBoardModel	code/Lua/decompiled/Model/Sync/SyncModel.lua	static name match; dynamic dispatch not included
Model.Sync.SyncModel	345	MainBoardModel.GetItemStoreData	Board.Model.Board.MainBoardModel	code/Lua/decompiled/Model/Sync/SyncModel.lua	static name match; dynamic dispatch not included
Model.Sync.SyncModel	346	MainBoardModel.GetFixedOrderFinishData	Board.Model.Board.MainBoardModel	code/Lua/decompiled/Model/Sync/SyncModel.lua	static name match; dynamic dispatch not included
Model.Sync.SyncModel	347	MainBoardModel.GetOrderRecentItemData	Board.Model.Board.MainBoardModel	code/Lua/decompiled/Model/Sync/SyncModel.lua	static name match; dynamic dispatch not included
Model.Sync.SyncModel	348	MainBoardModel.GetOrderLaneMetaData	Board.Model.Board.MainBoardModel	code/Lua/decompiled/Model/Sync/SyncModel.lua	static name match; dynamic dispatch not included
Model.Sync.SyncModel	349	MainBoardModel.GetOrderData	Board.Model.Board.MainBoardModel	code/Lua/decompiled/Model/Sync/SyncModel.lua	static name match; dynamic dispatch not included
Model.Sync.SyncModel	351	ActivityManager.GetGeneralData	Model.Activity.ActivityManager	code/Lua/decompiled/Model/Sync/SyncModel.lua	static name match; dynamic dispatch not included
Model.Sync.SyncModel	352	ActivityManager.GetEventActivityData	Model.Activity.ActivityManager	code/Lua/decompiled/Model/Sync/SyncModel.lua	static name match; dynamic dispatch not included
Model.Sync.SyncModel	353	ActivityManager.GetStaticActivityData	Model.Activity.ActivityManager	code/Lua/decompiled/Model/Sync/SyncModel.lua	static name match; dynamic dispatch not included
Model.Sync.SyncModel	356	MapDataModel.GetSkinData	Model.MapDataModel	code/Lua/decompiled/Model/Sync/SyncModel.lua	static name match; dynamic dispatch not included
Model.Sync.SyncModel	357	MapDataModel.GetTimeLimitSkinData	Model.MapDataModel	code/Lua/decompiled/Model/Sync/SyncModel.lua	static name match; dynamic dispatch not included
Model.Sync.SyncModel	362	MainBoardModel.GetItemCacheData	Board.Model.Board.MainBoardModel	code/Lua/decompiled/Model/Sync/SyncModel.lua	static name match; dynamic dispatch not included
Model.Sync.SyncModel	362	EnergyModel.GetData	Model.UserData.EnergyModel	code/Lua/decompiled/Model/Sync/SyncModel.lua	static name match; dynamic dispatch not included
Model.Sync.SyncModel	371	ActivityManager.GetEndNoticeStatus	Model.Activity.ActivityManager	code/Lua/decompiled/Model/Sync/SyncModel.lua	static name match; dynamic dispatch not included
Model.Sync.SyncModel	442	GameModel.OnCheat	Model.GameModel	code/Lua/decompiled/Model/Sync/SyncModel.lua	static name match; dynamic dispatch not included
Model.Sync.SyncModel	445	GameModel.OnCheat	Model.GameModel	code/Lua/decompiled/Model/Sync/SyncModel.lua	static name match; dynamic dispatch not included
Model.Sync.SyncModel	479	UserModel.GetInNumber	Model.UserData.UserModel	code/Lua/decompiled/Model/Sync/SyncModel.lua	static name match; dynamic dispatch not included
Model.Sync.SyncModel	484	UserModel.Set	Model.UserData.UserModel	code/Lua/decompiled/Model/Sync/SyncModel.lua	static name match; dynamic dispatch not included
Model.Sync.SyncModel	494	UserModel.Set	Model.UserData.UserModel	code/Lua/decompiled/Model/Sync/SyncModel.lua	static name match; dynamic dispatch not included
Model.Sync.SyncModel	498	UserModel.Get	Model.UserData.UserModel	code/Lua/decompiled/Model/Sync/SyncModel.lua	static name match; dynamic dispatch not included
Model.Sync.SyncModel	510	ConfigModel.IsServerControlOpen	Model.ConfigModel	code/Lua/decompiled/Model/Sync/SyncModel.lua	static name match; dynamic dispatch not included
Model.Sync.SyncModel	510	LevelModel.GetCurrentLevel	Model.UserData.LevelModel	code/Lua/decompiled/Model/Sync/SyncModel.lua	static name match; dynamic dispatch not included
Model.Sync.SyncModel	511	MapDataModel.GetData	Model.MapDataModel	code/Lua/decompiled/Model/Sync/SyncModel.lua	static name match; dynamic dispatch not included
Model.Sync.SyncModel	530	PlayerPrefs.SetInt	Common.Utility.PlayerPrefs	code/Lua/decompiled/Model/Sync/SyncModel.lua	static name match; dynamic dispatch not included
Model.Sync.SyncModel	534	SceneManager.GetGameMode	Model.SceneManager	code/Lua/decompiled/Model/Sync/SyncModel.lua	static name match; dynamic dispatch not included
Model.Sync.SyncModel	561	GameModel.OnCheat	Model.GameModel	code/Lua/decompiled/Model/Sync/SyncModel.lua	static name match; dynamic dispatch not included
Model.Sync.SyncModel	565	GameModel.OnCheat	Model.GameModel	code/Lua/decompiled/Model/Sync/SyncModel.lua	static name match; dynamic dispatch not included
Model.Sync.SyncModel	574	EventDispatcher.DispatchEvent	Common.Event.EventDispatcher	code/Lua/decompiled/Model/Sync/SyncModel.lua	static name match; dynamic dispatch not included
Model.Sync.SyncModel	584	PlayerPrefs.DeleteKey	Common.Utility.PlayerPrefs	code/Lua/decompiled/Model/Sync/SyncModel.lua	static name match; dynamic dispatch not included
Model.Sync.SyncModel	587	SceneManager.GetGameMode	Model.SceneManager	code/Lua/decompiled/Model/Sync/SyncModel.lua	static name match; dynamic dispatch not included
Model.Sync.SyncModel	606	PropertyDataManager.GetPropertyNumFromSyncData	Model.UserData.PropertyDataManager	code/Lua/decompiled/Model/Sync/SyncModel.lua	static name match; dynamic dispatch not included
Model.Sync.SyncModel	607	PropertyDataManager.GetPropertyNumFromSyncData	Model.UserData.PropertyDataManager	code/Lua/decompiled/Model/Sync/SyncModel.lua	static name match; dynamic dispatch not included
Model.Sync.SyncModel	609	PropertyDataManager.GetPropertyNumFromSyncData	Model.UserData.PropertyDataManager	code/Lua/decompiled/Model/Sync/SyncModel.lua	static name match; dynamic dispatch not included
Model.Sync.SyncModel	610	StringUtil.Split	Common.Utility.StringUtil	code/Lua/decompiled/Model/Sync/SyncModel.lua	static name match; dynamic dispatch not included
Model.Sync.SyncModel	642	SceneManager.GetGameMode	Model.SceneManager	code/Lua/decompiled/Model/Sync/SyncModel.lua	static name match; dynamic dispatch not included
Model.Sync.SyncModel	643	DatabaseModel.OpenTemporary	Model.DB.DatabaseModel	code/Lua/decompiled/Model/Sync/SyncModel.lua	static name match; dynamic dispatch not included
Model.Sync.SyncModel	645	PropertyDataManager.PropertyFromSyncData	Model.UserData.PropertyDataManager	code/Lua/decompiled/Model/Sync/SyncModel.lua	static name match; dynamic dispatch not included
Model.Sync.SyncModel	646	PropertyDataManager.PropertyFromSyncData	Model.UserData.PropertyDataManager	code/Lua/decompiled/Model/Sync/SyncModel.lua	static name match; dynamic dispatch not included
Model.Sync.SyncModel	647	PropertyDataManager.PropertyFromSyncData	Model.UserData.PropertyDataManager	code/Lua/decompiled/Model/Sync/SyncModel.lua	static name match; dynamic dispatch not included
Model.Sync.SyncModel	648	PropertyDataManager.PropertyFromSyncData	Model.UserData.PropertyDataManager	code/Lua/decompiled/Model/Sync/SyncModel.lua	static name match; dynamic dispatch not included
Model.Sync.SyncModel	649	PropertyDataManager.PropertyFromSyncData	Model.UserData.PropertyDataManager	code/Lua/decompiled/Model/Sync/SyncModel.lua	static name match; dynamic dispatch not included
Model.Sync.SyncModel	650	PropertyDataManager.PropertyFromSyncData	Model.UserData.PropertyDataManager	code/Lua/decompiled/Model/Sync/SyncModel.lua	static name match; dynamic dispatch not included
Model.Sync.SyncModel	651	PropertyDataManager.PropertyFromSyncData	Model.UserData.PropertyDataManager	code/Lua/decompiled/Model/Sync/SyncModel.lua	static name match; dynamic dispatch not included
Model.Sync.SyncModel	652	LevelModel.SyncLevel	Model.UserData.LevelModel	code/Lua/decompiled/Model/Sync/SyncModel.lua	static name match; dynamic dispatch not included
Model.Sync.SyncModel	653	UserModel.Set	Model.UserData.UserModel	code/Lua/decompiled/Model/Sync/SyncModel.lua	static name match; dynamic dispatch not included
Model.Sync.SyncModel	655	MainBoardModel.SyncItemData	Board.Model.Board.MainBoardModel	code/Lua/decompiled/Model/Sync/SyncModel.lua	static name match; dynamic dispatch not included
Model.Sync.SyncModel	656	MainBoardModel.SyncItemLayerData	Board.Model.Board.MainBoardModel	code/Lua/decompiled/Model/Sync/SyncModel.lua	static name match; dynamic dispatch not included
Model.Sync.SyncModel	657	MainBoardModel.SyncItemCacheData	Board.Model.Board.MainBoardModel	code/Lua/decompiled/Model/Sync/SyncModel.lua	static name match; dynamic dispatch not included
Model.Sync.SyncModel	658	MainBoardModel.SyncItemStoreData	Board.Model.Board.MainBoardModel	code/Lua/decompiled/Model/Sync/SyncModel.lua	static name match; dynamic dispatch not included
Model.Sync.SyncModel	659	MainBoardModel.SyncOrderRecentItemData	Board.Model.Board.MainBoardModel	code/Lua/decompiled/Model/Sync/SyncModel.lua	static name match; dynamic dispatch not included
Model.Sync.SyncModel	660	MainBoardModel.SyncOrderLaneMetaData	Board.Model.Board.MainBoardModel	code/Lua/decompiled/Model/Sync/SyncModel.lua	static name match; dynamic dispatch not included
Model.Sync.SyncModel	661	MainBoardModel.SyncFixedOrderFinishData	Board.Model.Board.MainBoardModel	code/Lua/decompiled/Model/Sync/SyncModel.lua	static name match; dynamic dispatch not included
Model.Sync.SyncModel	662	MainBoardModel.SyncOrderData	Board.Model.Board.MainBoardModel	code/Lua/decompiled/Model/Sync/SyncModel.lua	static name match; dynamic dispatch not included
Model.Sync.SyncModel	664	ActivityManager.SyncGeneralData	Model.Activity.ActivityManager	code/Lua/decompiled/Model/Sync/SyncModel.lua	static name match; dynamic dispatch not included
Model.Sync.SyncModel	665	ActivityManager.SyncEventActivityData	Model.Activity.ActivityManager	code/Lua/decompiled/Model/Sync/SyncModel.lua	static name match; dynamic dispatch not included
Model.Sync.SyncModel	666	ActivityManager.SyncStaticActivityData	Model.Activity.ActivityManager	code/Lua/decompiled/Model/Sync/SyncModel.lua	static name match; dynamic dispatch not included
Model.Sync.SyncModel	669	MapDataModel.SyncSkinData	Model.MapDataModel	code/Lua/decompiled/Model/Sync/SyncModel.lua	static name match; dynamic dispatch not included
Model.Sync.SyncModel	670	MapDataModel.SyncTimeLimitSkinData	Model.MapDataModel	code/Lua/decompiled/Model/Sync/SyncModel.lua	static name match; dynamic dispatch not included
Model.Sync.SyncModel	671	ItemDataModel.SyncOldItemUnlockData	Board.Model.ItemDataModel	code/Lua/decompiled/Model/Sync/SyncModel.lua	static name match; dynamic dispatch not included
Model.Sync.SyncModel	684	SceneManager.GetGameMode	Model.SceneManager	code/Lua/decompiled/Model/Sync/SyncModel.lua	static name match; dynamic dispatch not included
Model.Sync.SyncModel	694	UserModel.GetInstallUuid	Model.UserData.UserModel	code/Lua/decompiled/Model/Sync/SyncModel.lua	static name match; dynamic dispatch not included
Model.Sync.SyncModel	696	DBTableManager.Clear	Model.DB.DBTableManager	code/Lua/decompiled/Model/Sync/SyncModel.lua	static name match; dynamic dispatch not included
Model.Sync.SyncModel	698	PlayerPrefs.GetInt	Common.Utility.PlayerPrefs	code/Lua/decompiled/Model/Sync/SyncModel.lua	static name match; dynamic dispatch not included
Model.Sync.SyncModel	700	PlayerPrefs.GetString	Common.Utility.PlayerPrefs	code/Lua/decompiled/Model/Sync/SyncModel.lua	static name match; dynamic dispatch not included
Model.Sync.SyncModel	702	GameConfig.IsTestMode	Common.GameConfig	code/Lua/decompiled/Model/Sync/SyncModel.lua	static name match; dynamic dispatch not included
Model.Sync.SyncModel	704	PlayerPrefs.GetInt	Common.Utility.PlayerPrefs	code/Lua/decompiled/Model/Sync/SyncModel.lua	static name match; dynamic dispatch not included
Model.Sync.SyncModel	706	PlayerPrefs.GetInt	Common.Utility.PlayerPrefs	code/Lua/decompiled/Model/Sync/SyncModel.lua	static name match; dynamic dispatch not included
Model.Sync.SyncModel	707	PlayerPrefs.GetString	Common.Utility.PlayerPrefs	code/Lua/decompiled/Model/Sync/SyncModel.lua	static name match; dynamic dispatch not included
Model.Sync.SyncModel	709	PlayerPrefs.DeleteAll	Common.Utility.PlayerPrefs	code/Lua/decompiled/Model/Sync/SyncModel.lua	static name match; dynamic dispatch not included
Model.Sync.SyncModel	711	UserModel.SetInstallUuid	Model.UserData.UserModel	code/Lua/decompiled/Model/Sync/SyncModel.lua	static name match; dynamic dispatch not included
Model.Sync.SyncModel	712	StringUtil.IsNilOrEmpty	Common.Utility.StringUtil	code/Lua/decompiled/Model/Sync/SyncModel.lua	static name match; dynamic dispatch not included
Model.Sync.SyncModel	713	PlayerPrefs.SetString	Common.Utility.PlayerPrefs	code/Lua/decompiled/Model/Sync/SyncModel.lua	static name match; dynamic dispatch not included
Model.Sync.SyncModel	716	PlayerPrefs.SetInt	Common.Utility.PlayerPrefs	code/Lua/decompiled/Model/Sync/SyncModel.lua	static name match; dynamic dispatch not included
Model.Sync.SyncModel	717	GameConfig.IsTestMode	Common.GameConfig	code/Lua/decompiled/Model/Sync/SyncModel.lua	static name match; dynamic dispatch not included
Model.Sync.SyncModel	718	PlayerPrefs.SetInt	Common.Utility.PlayerPrefs	code/Lua/decompiled/Model/Sync/SyncModel.lua	static name match; dynamic dispatch not included
Model.Sync.SyncModel	720	PlayerPrefs.SetInt	Common.Utility.PlayerPrefs	code/Lua/decompiled/Model/Sync/SyncModel.lua	static name match; dynamic dispatch not included
Model.Sync.SyncModel	722	PlayerPrefs.SetString	Common.Utility.PlayerPrefs	code/Lua/decompiled/Model/Sync/SyncModel.lua	static name match; dynamic dispatch not included
Model.Sync.SyncModel	730	UserModel.GetUserId	Model.UserData.UserModel	code/Lua/decompiled/Model/Sync/SyncModel.lua	static name match; dynamic dispatch not included
Model.Sync.SyncModel	753	PlayerPrefs.GetString	Common.Utility.PlayerPrefs	code/Lua/decompiled/Model/Sync/SyncModel.lua	static name match; dynamic dispatch not included
Model.Sync.SyncModel	763	PlayerPrefs.DeleteKey	Common.Utility.PlayerPrefs	code/Lua/decompiled/Model/Sync/SyncModel.lua	static name match; dynamic dispatch not included
Model.Sync.SyncModel	767	PlayerPrefs.SetString	Common.Utility.PlayerPrefs	code/Lua/decompiled/Model/Sync/SyncModel.lua	static name match; dynamic dispatch not included
Model.Tutorial.TutorialHelper	67	TutorialModel.SetForceSourceBoardPosition	Model.Tutorial.TutorialModel	code/Lua/decompiled/Model/Tutorial/TutorialHelper.lua	static name match; dynamic dispatch not included
Model.Tutorial.TutorialHelper	68	TutorialModel.SetForceTargetBoardPosition	Model.Tutorial.TutorialModel	code/Lua/decompiled/Model/Tutorial/TutorialHelper.lua	static name match; dynamic dispatch not included
Model.Tutorial.TutorialHelper	68	BaseSceneBoardModel.CreatePosition	Board.Model.Board.BaseSceneBoardModel	code/Lua/decompiled/Model/Tutorial/TutorialHelper.lua	static name match; dynamic dispatch not included
Model.Tutorial.TutorialHelper	70	PositionUtil.UICameraWorld2Screen	Common.Utility.PositionUtil	code/Lua/decompiled/Model/Tutorial/TutorialHelper.lua	static name match; dynamic dispatch not included
Model.Tutorial.TutorialHelper	72	PositionUtil.UICameraScreen2World	Common.Utility.PositionUtil	code/Lua/decompiled/Model/Tutorial/TutorialHelper.lua	static name match; dynamic dispatch not included
Model.Tutorial.TutorialHelper	115	MainBoardView.GetInstance	Board.View.MainBoardView	code/Lua/decompiled/Model/Tutorial/TutorialHelper.lua	static name match; dynamic dispatch not included
Model.Tutorial.TutorialHelper	189	MainBoardView.GetInstance	Board.View.MainBoardView	code/Lua/decompiled/Model/Tutorial/TutorialHelper.lua	static name match; dynamic dispatch not included
Model.Tutorial.TutorialHelper	201	MainBoardView.GetInstance	Board.View.MainBoardView	code/Lua/decompiled/Model/Tutorial/TutorialHelper.lua	static name match; dynamic dispatch not included
Model.Tutorial.TutorialHelper	213	MainBoardView.GetInstance	Board.View.MainBoardView	code/Lua/decompiled/Model/Tutorial/TutorialHelper.lua	static name match; dynamic dispatch not included
Model.Tutorial.TutorialHelper	225	MainBoardView.GetInstance	Board.View.MainBoardView	code/Lua/decompiled/Model/Tutorial/TutorialHelper.lua	static name match; dynamic dispatch not included
Model.Tutorial.TutorialHelper	417	PositionUtil.UICameraWorld2Screen	Common.Utility.PositionUtil	code/Lua/decompiled/Model/Tutorial/TutorialHelper.lua	static name match; dynamic dispatch not included
Model.Tutorial.TutorialHelper	428	PositionUtil.UICameraWorld2Screen	Common.Utility.PositionUtil	code/Lua/decompiled/Model/Tutorial/TutorialHelper.lua	static name match; dynamic dispatch not included
Model.Tutorial.TutorialHelper	439	PositionUtil.UICameraWorld2Screen	Common.Utility.PositionUtil	code/Lua/decompiled/Model/Tutorial/TutorialHelper.lua	static name match; dynamic dispatch not included
Model.Tutorial.TutorialHelper	467	MainBoardModel.FilterItemsWithType	Board.Model.Board.MainBoardModel	code/Lua/decompiled/Model/Tutorial/TutorialHelper.lua	static name match; dynamic dispatch not included
Model.Tutorial.TutorialHelper	475	MainBoardModel.GetItemsOfType	Board.Model.Board.MainBoardModel	code/Lua/decompiled/Model/Tutorial/TutorialHelper.lua	static name match; dynamic dispatch not included
Model.Tutorial.TutorialHelper	491	MainBoardView.GetInstance	Board.View.MainBoardView	code/Lua/decompiled/Model/Tutorial/TutorialHelper.lua	static name match; dynamic dispatch not included
Model.Tutorial.TutorialHelper	505	MainBoardView.GetInstance	Board.View.MainBoardView	code/Lua/decompiled/Model/Tutorial/TutorialHelper.lua	static name match; dynamic dispatch not included
Model.Tutorial.TutorialHelper	515	MainBoardView.GetInstance	Board.View.MainBoardView	code/Lua/decompiled/Model/Tutorial/TutorialHelper.lua	static name match; dynamic dispatch not included
Model.Tutorial.TutorialHelper	525	MainBoardView.GetInstance	Board.View.MainBoardView	code/Lua/decompiled/Model/Tutorial/TutorialHelper.lua	static name match; dynamic dispatch not included
Model.Tutorial.TutorialHelper	535	MainBoardView.GetInstance	Board.View.MainBoardView	code/Lua/decompiled/Model/Tutorial/TutorialHelper.lua	static name match; dynamic dispatch not included
Model.Tutorial.TutorialHelper	545	MainBoardView.GetInstance	Board.View.MainBoardView	code/Lua/decompiled/Model/Tutorial/TutorialHelper.lua	static name match; dynamic dispatch not included
Model.Tutorial.TutorialHelper	555	MainBoardView.GetInstance	Board.View.MainBoardView	code/Lua/decompiled/Model/Tutorial/TutorialHelper.lua	static name match; dynamic dispatch not included
Model.Tutorial.TutorialModel	8	DBTableManager.GetTable	Model.DB.DBTableManager	code/Lua/decompiled/Model/Tutorial/TutorialModel.lua	static name match; dynamic dispatch not included
Model.Tutorial.TutorialModel	10	EventDispatcher.AddListener	Common.Event.EventDispatcher	code/Lua/decompiled/Model/Tutorial/TutorialModel.lua	static name match; dynamic dispatch not included
Model.Tutorial.TutorialModel	15	MiscModel.GetTutorialCache	Model.UserData.MiscModel	code/Lua/decompiled/Model/Tutorial/TutorialModel.lua	static name match; dynamic dispatch not included
Model.Tutorial.TutorialModel	16	MiscModel.SetTutorialCache	Model.UserData.MiscModel	code/Lua/decompiled/Model/Tutorial/TutorialModel.lua	static name match; dynamic dispatch not included
Model.Tutorial.TutorialModel	26	EventDispatcher.RemoveTarget	Common.Event.EventDispatcher	code/Lua/decompiled/Model/Tutorial/TutorialModel.lua	static name match; dynamic dispatch not included
Model.Tutorial.TutorialModel	53	EventDispatcher.RemoveListener	Common.Event.EventDispatcher	code/Lua/decompiled/Model/Tutorial/TutorialModel.lua	static name match; dynamic dispatch not included
Model.Tutorial.TutorialModel	84	EventDispatcher.AddListener	Common.Event.EventDispatcher	code/Lua/decompiled/Model/Tutorial/TutorialModel.lua	static name match; dynamic dispatch not included
Model.Tutorial.TutorialModel	90	ConfigModel.IsServerControlOpen	Model.ConfigModel	code/Lua/decompiled/Model/Tutorial/TutorialModel.lua	static name match; dynamic dispatch not included
Model.Tutorial.TutorialModel	98	TutorialHelper.GetHudButton	Model.Tutorial.TutorialHelper	code/Lua/decompiled/Model/Tutorial/TutorialModel.lua	static name match; dynamic dispatch not included
Model.Tutorial.TutorialModel	101	TutorialHelper.GetHudButton	Model.Tutorial.TutorialHelper	code/Lua/decompiled/Model/Tutorial/TutorialModel.lua	static name match; dynamic dispatch not included
Model.Tutorial.TutorialModel	104	TutorialHelper.GetHudButton	Model.Tutorial.TutorialHelper	code/Lua/decompiled/Model/Tutorial/TutorialModel.lua	static name match; dynamic dispatch not included
Model.Tutorial.TutorialModel	107	TutorialHelper.GetHudButton	Model.Tutorial.TutorialHelper	code/Lua/decompiled/Model/Tutorial/TutorialModel.lua	static name match; dynamic dispatch not included
Model.Tutorial.TutorialModel	120	TutorialHelper.GetSceneView	Model.Tutorial.TutorialHelper	code/Lua/decompiled/Model/Tutorial/TutorialModel.lua	static name match; dynamic dispatch not included
Model.Tutorial.TutorialModel	121	TutorialHelper.GetTutorialLayer	Model.Tutorial.TutorialHelper	code/Lua/decompiled/Model/Tutorial/TutorialModel.lua	static name match; dynamic dispatch not included
Model.Tutorial.TutorialModel	256	EventDispatcher.DispatchEvent	Common.Event.EventDispatcher	code/Lua/decompiled/Model/Tutorial/TutorialModel.lua	static name match; dynamic dispatch not included
Model.Tutorial.TutorialModel	323	GameConfig.IsTestMode	Common.GameConfig	code/Lua/decompiled/Model/Tutorial/TutorialModel.lua	static name match; dynamic dispatch not included
Model.Tutorial.TutorialModel	327	TutorialHelper.GetHudButton	Model.Tutorial.TutorialHelper	code/Lua/decompiled/Model/Tutorial/TutorialModel.lua	static name match; dynamic dispatch not included
Model.Tutorial.TutorialModel	330	TutorialHelper.GetHudButton	Model.Tutorial.TutorialHelper	code/Lua/decompiled/Model/Tutorial/TutorialModel.lua	static name match; dynamic dispatch not included
Model.Tutorial.TutorialModel	334	TutorialHelper.GetHudButton	Model.Tutorial.TutorialHelper	code/Lua/decompiled/Model/Tutorial/TutorialModel.lua	static name match; dynamic dispatch not included
Model.Tutorial.TutorialModel	337	TutorialHelper.GetHudButton	Model.Tutorial.TutorialHelper	code/Lua/decompiled/Model/Tutorial/TutorialModel.lua	static name match; dynamic dispatch not included
Model.Tutorial.TutorialModel	360	GameConfig.IsTestMode	Common.GameConfig	code/Lua/decompiled/Model/Tutorial/TutorialModel.lua	static name match; dynamic dispatch not included
Model.UserData.EnergyModel	7	DBTableManager.GetTable	Model.DB.DBTableManager	code/Lua/decompiled/Model/UserData/EnergyModel.lua	static name match; dynamic dispatch not included
Model.UserData.EnergyModel	18	ActivityManager.GetModel	Model.Activity.ActivityManager	code/Lua/decompiled/Model/UserData/EnergyModel.lua	static name match; dynamic dispatch not included
Model.UserData.EnergyModel	19	EventDispatcher.DispatchEvent	Common.Event.EventDispatcher	code/Lua/decompiled/Model/UserData/EnergyModel.lua	static name match; dynamic dispatch not included
Model.UserData.LevelModel	5	UserModel.GetInNumber	Model.UserData.UserModel	code/Lua/decompiled/Model/UserData/LevelModel.lua	static name match; dynamic dispatch not included
Model.UserData.LevelModel	9	UserModel.Set	Model.UserData.UserModel	code/Lua/decompiled/Model/UserData/LevelModel.lua	static name match; dynamic dispatch not included
Model.UserData.LevelModel	12	EventDispatcher.AddListener	Common.Event.EventDispatcher	code/Lua/decompiled/Model/UserData/LevelModel.lua	static name match; dynamic dispatch not included
Model.UserData.LevelModel	13	EventDispatcher.AddListener	Common.Event.EventDispatcher	code/Lua/decompiled/Model/UserData/LevelModel.lua	static name match; dynamic dispatch not included
Model.UserData.LevelModel	18	EventDispatcher.RemoveTarget	Common.Event.EventDispatcher	code/Lua/decompiled/Model/UserData/LevelModel.lua	static name match; dynamic dispatch not included
Model.UserData.LevelModel	53	UserModel.Set	Model.UserData.UserModel	code/Lua/decompiled/Model/UserData/LevelModel.lua	static name match; dynamic dispatch not included
Model.UserData.LevelModel	61	PropertyDataManager.GetPropertyNum	Model.UserData.PropertyDataManager	code/Lua/decompiled/Model/UserData/LevelModel.lua	static name match; dynamic dispatch not included
Model.UserData.LevelModel	79	Table.ShallowCopy	Common.Utility.Table	code/Lua/decompiled/Model/UserData/LevelModel.lua	static name match; dynamic dispatch not included
Model.UserData.LevelModel	102	PropertyDataManager.Consume	Model.UserData.PropertyDataManager	code/Lua/decompiled/Model/UserData/LevelModel.lua	static name match; dynamic dispatch not included
Model.UserData.LevelModel	106	UserModel.Set	Model.UserData.UserModel	code/Lua/decompiled/Model/UserData/LevelModel.lua	static name match; dynamic dispatch not included
Model.UserData.LevelModel	109	RewardApi.AcquireRewardsLogic	Model.UserData.RewardApi	code/Lua/decompiled/Model/UserData/LevelModel.lua	static name match; dynamic dispatch not included
Model.UserData.LevelModel	109	ConfigModel.GetCacheItemType	Model.ConfigModel	code/Lua/decompiled/Model/UserData/LevelModel.lua	static name match; dynamic dispatch not included
Model.UserData.LevelModel	111	EventDispatcher.DispatchEvent	Common.Event.EventDispatcher	code/Lua/decompiled/Model/UserData/LevelModel.lua	static name match; dynamic dispatch not included
Model.UserData.LevelModel	113	EventDispatcher.DispatchEvent	Common.Event.EventDispatcher	code/Lua/decompiled/Model/UserData/LevelModel.lua	static name match; dynamic dispatch not included
Model.UserData.LevelModel	127	RewardApi.AcquireRewardsLogic	Model.UserData.RewardApi	code/Lua/decompiled/Model/UserData/LevelModel.lua	static name match; dynamic dispatch not included
Model.UserData.LevelModel	133	MiscModel.Set	Model.UserData.MiscModel	code/Lua/decompiled/Model/UserData/LevelModel.lua	static name match; dynamic dispatch not included
Model.UserData.LevelModel	139	PropertyDataManager.GetPropertyNum	Model.UserData.PropertyDataManager	code/Lua/decompiled/Model/UserData/LevelModel.lua	static name match; dynamic dispatch not included
Model.UserData.LevelModel	144	UserModel.Set	Model.UserData.UserModel	code/Lua/decompiled/Model/UserData/LevelModel.lua	static name match; dynamic dispatch not included
Model.UserData.LevelModel	145	TutorialModel.SetMainTutorialFinished	Model.Tutorial.TutorialModel	code/Lua/decompiled/Model/UserData/LevelModel.lua	static name match; dynamic dispatch not included
Model.UserData.LevelModel	146	RewardApi.AcquireRewardsLogic	Model.UserData.RewardApi	code/Lua/decompiled/Model/UserData/LevelModel.lua	static name match; dynamic dispatch not included
Model.UserData.LevelModel	151	EventDispatcher.DispatchEvent	Common.Event.EventDispatcher	code/Lua/decompiled/Model/UserData/LevelModel.lua	static name match; dynamic dispatch not included
Model.UserData.LevelModel	156	GameModel.Login	Model.GameModel	code/Lua/decompiled/Model/UserData/LevelModel.lua	static name match; dynamic dispatch not included
Model.UserData.LevelModel	168	RewardApi.AcquireRewardsLogic	Model.UserData.RewardApi	code/Lua/decompiled/Model/UserData/LevelModel.lua	static name match; dynamic dispatch not included
Model.UserData.LevelModel	171	MiscModel.Get	Model.UserData.MiscModel	code/Lua/decompiled/Model/UserData/LevelModel.lua	static name match; dynamic dispatch not included
Model.UserData.LevelModel	172	StringUtil.IsNilOrEmpty	Common.Utility.StringUtil	code/Lua/decompiled/Model/UserData/LevelModel.lua	static name match; dynamic dispatch not included
Model.UserData.LevelModel	173	StringUtil.Split	Common.Utility.StringUtil	code/Lua/decompiled/Model/UserData/LevelModel.lua	static name match; dynamic dispatch not included
Model.UserData.LevelModel	178	RewardApi.AcquireRewardsLogic	Model.UserData.RewardApi	code/Lua/decompiled/Model/UserData/LevelModel.lua	static name match; dynamic dispatch not included
Model.UserData.LevelModel	181	MiscModel.Set	Model.UserData.MiscModel	code/Lua/decompiled/Model/UserData/LevelModel.lua	static name match; dynamic dispatch not included
Model.UserData.LevelModel	189	ConfigModel.GetLocalConfig	Model.ConfigModel	code/Lua/decompiled/Model/UserData/LevelModel.lua	static name match; dynamic dispatch not included
Model.UserData.LevelModel	217	ConfigModel.ParseGeneralConf	Model.ConfigModel	code/Lua/decompiled/Model/UserData/LevelModel.lua	static name match; dynamic dispatch not included
Model.UserData.LevelModel	220	MapDataModel.GetCurrentBuildingExp	Model.MapDataModel	code/Lua/decompiled/Model/UserData/LevelModel.lua	static name match; dynamic dispatch not included
Model.UserData.LevelModel	223	MapDataModel.GetTotalExp	Model.MapDataModel	code/Lua/decompiled/Model/UserData/LevelModel.lua	static name match; dynamic dispatch not included
Model.UserData.LevelModel	230	PlayerPrefs.SetInt	Common.Utility.PlayerPrefs	code/Lua/decompiled/Model/UserData/LevelModel.lua	static name match; dynamic dispatch not included
Model.UserData.LevelModel	235	MapDataModel.GetCurrentBuildingExp	Model.MapDataModel	code/Lua/decompiled/Model/UserData/LevelModel.lua	static name match; dynamic dispatch not included
Model.UserData.LevelModel	239	Table.IsEmpty	Common.Utility.Table	code/Lua/decompiled/Model/UserData/LevelModel.lua	static name match; dynamic dispatch not included
Model.UserData.MiscModel	5	DBTableManager.GetTable	Model.DB.DBTableManager	code/Lua/decompiled/Model/UserData/MiscModel.lua	static name match; dynamic dispatch not included
Model.UserData.MiscModel	6	ModelHelper.DefineProperties	Model.UserData.ModelHelper	code/Lua/decompiled/Model/UserData/MiscModel.lua	static name match; dynamic dispatch not included
Model.UserData.MiscModel	24	EventDispatcher.DispatchEvent	Common.Event.EventDispatcher	code/Lua/decompiled/Model/UserData/MiscModel.lua	static name match; dynamic dispatch not included
Model.UserData.MiscModel	31	EventDispatcher.DispatchEvent	Common.Event.EventDispatcher	code/Lua/decompiled/Model/UserData/MiscModel.lua	static name match; dynamic dispatch not included
Model.UserData.PropertyDataManager	14	ConfigModel.GetServerConfigMD5	Model.ConfigModel	code/Lua/decompiled/Model/UserData/PropertyDataManager.lua	static name match; dynamic dispatch not included
Model.UserData.PropertyDataManager	16	ConfigModel.GetServerConfig	Model.ConfigModel	code/Lua/decompiled/Model/UserData/PropertyDataManager.lua	static name match; dynamic dispatch not included
Model.UserData.PropertyDataManager	19	Table.ShallowCopy	Common.Utility.Table	code/Lua/decompiled/Model/UserData/PropertyDataManager.lua	static name match; dynamic dispatch not included
Model.UserData.PropertyDataManager	24	ConfigModel.GetServerConfigMD5	Model.ConfigModel	code/Lua/decompiled/Model/UserData/PropertyDataManager.lua	static name match; dynamic dispatch not included
Model.UserData.PropertyDataManager	27	ConfigModel.GetServerConfig	Model.ConfigModel	code/Lua/decompiled/Model/UserData/PropertyDataManager.lua	static name match; dynamic dispatch not included
Model.UserData.PropertyDataManager	30	GameConfig.IsTestMode	Common.GameConfig	code/Lua/decompiled/Model/UserData/PropertyDataManager.lua	static name match; dynamic dispatch not included
Model.UserData.PropertyDataManager	59	ItemDataModel.GetChainId	Board.Model.ItemDataModel	code/Lua/decompiled/Model/UserData/PropertyDataManager.lua	static name match; dynamic dispatch not included
Model.UserData.PropertyDataManager	61	ItemDataModel.SetUnlocked	Board.Model.ItemDataModel	code/Lua/decompiled/Model/UserData/PropertyDataManager.lua	static name match; dynamic dispatch not included
Model.UserData.PropertyDataManager	63	UserModel.ChangeNumber	Model.UserData.UserModel	code/Lua/decompiled/Model/UserData/PropertyDataManager.lua	static name match; dynamic dispatch not included
Model.UserData.PropertyDataManager	75	ItemDataModel.SetUnlocked	Board.Model.ItemDataModel	code/Lua/decompiled/Model/UserData/PropertyDataManager.lua	static name match; dynamic dispatch not included
Model.UserData.PropertyDataManager	78	ActivityManager.GetModel	Model.Activity.ActivityManager	code/Lua/decompiled/Model/UserData/PropertyDataManager.lua	static name match; dynamic dispatch not included
Model.UserData.PropertyDataManager	81	EnergyModel.GetCurrentEnergyModel	Model.UserData.EnergyModel	code/Lua/decompiled/Model/UserData/PropertyDataManager.lua	static name match; dynamic dispatch not included
Model.UserData.PropertyDataManager	84	EnergyModel.GetCurrentEnergyModel	Model.UserData.EnergyModel	code/Lua/decompiled/Model/UserData/PropertyDataManager.lua	static name match; dynamic dispatch not included
Model.UserData.PropertyDataManager	91	ActivityManager.GetModel	Model.Activity.ActivityManager	code/Lua/decompiled/Model/UserData/PropertyDataManager.lua	static name match; dynamic dispatch not included
Model.UserData.PropertyDataManager	99	ActivityManager.GetModel	Model.Activity.ActivityManager	code/Lua/decompiled/Model/UserData/PropertyDataManager.lua	static name match; dynamic dispatch not included
Model.UserData.PropertyDataManager	104	HuntMapActivityModel.IsVIPTicket	HuntMapActivity.Model.HuntMapActivityModel	code/Lua/decompiled/Model/UserData/PropertyDataManager.lua	static name match; dynamic dispatch not included
Model.UserData.PropertyDataManager	107	ActivityManager.GetModel	Model.Activity.ActivityManager	code/Lua/decompiled/Model/UserData/PropertyDataManager.lua	static name match; dynamic dispatch not included
Model.UserData.PropertyDataManager	112	FreefallActivityModel.IsHitTokenType	FreefallActivity.Model.FreefallActivityModel	code/Lua/decompiled/Model/UserData/PropertyDataManager.lua	static name match; dynamic dispatch not included
Model.UserData.PropertyDataManager	113	FreefallActivityModel.GetActiveModel	FreefallActivity.Model.FreefallActivityModel	code/Lua/decompiled/Model/UserData/PropertyDataManager.lua	static name match; dynamic dispatch not included
Model.UserData.PropertyDataManager	120	FreefallActivityModel.GetActiveModel	FreefallActivity.Model.FreefallActivityModel	code/Lua/decompiled/Model/UserData/PropertyDataManager.lua	static name match; dynamic dispatch not included
Model.UserData.PropertyDataManager	125	FreefallActivityModel.GetActiveModel	FreefallActivity.Model.FreefallActivityModel	code/Lua/decompiled/Model/UserData/PropertyDataManager.lua	static name match; dynamic dispatch not included
Model.UserData.PropertyDataManager	138	UserModel.ChangeNumber	Model.UserData.UserModel	code/Lua/decompiled/Model/UserData/PropertyDataManager.lua	static name match; dynamic dispatch not included
Model.UserData.PropertyDataManager	139	GameConfig.IsTestMode	Common.GameConfig	code/Lua/decompiled/Model/UserData/PropertyDataManager.lua	static name match; dynamic dispatch not included
Model.UserData.PropertyDataManager	141	UserModel.ChangeNumber	Model.UserData.UserModel	code/Lua/decompiled/Model/UserData/PropertyDataManager.lua	static name match; dynamic dispatch not included
Model.UserData.PropertyDataManager	143	UserModel.ChangeNumber	Model.UserData.UserModel	code/Lua/decompiled/Model/UserData/PropertyDataManager.lua	static name match; dynamic dispatch not included
Model.UserData.PropertyDataManager	151	ActivityManager.IsSuperSunshineActive	Model.Activity.ActivityManager	code/Lua/decompiled/Model/UserData/PropertyDataManager.lua	static name match; dynamic dispatch not included
Model.UserData.PropertyDataManager	154	ActivityManager.IsSunshineGroupRacing	Model.Activity.ActivityManager	code/Lua/decompiled/Model/UserData/PropertyDataManager.lua	static name match; dynamic dispatch not included
Model.UserData.PropertyDataManager	160	Table.IsEmpty	Common.Utility.Table	code/Lua/decompiled/Model/UserData/PropertyDataManager.lua	static name match; dynamic dispatch not included
Model.UserData.PropertyDataManager	161	EventDispatcher.DispatchEvent	Common.Event.EventDispatcher	code/Lua/decompiled/Model/UserData/PropertyDataManager.lua	static name match; dynamic dispatch not included
Model.UserData.PropertyDataManager	163	EventDispatcher.DispatchEvent	Common.Event.EventDispatcher	code/Lua/decompiled/Model/UserData/PropertyDataManager.lua	static name match; dynamic dispatch not included
Model.UserData.PropertyDataManager	168	EventDispatcher.DispatchEvent	Common.Event.EventDispatcher	code/Lua/decompiled/Model/UserData/PropertyDataManager.lua	static name match; dynamic dispatch not included
Model.UserData.PropertyDataManager	173	EventDispatcher.DispatchEvent	Common.Event.EventDispatcher	code/Lua/decompiled/Model/UserData/PropertyDataManager.lua	static name match; dynamic dispatch not included
Model.UserData.PropertyDataManager	198	EventDispatcher.DispatchEvent	Common.Event.EventDispatcher	code/Lua/decompiled/Model/UserData/PropertyDataManager.lua	static name match; dynamic dispatch not included
Model.UserData.PropertyDataManager	213	EventDispatcher.DispatchEvent	Common.Event.EventDispatcher	code/Lua/decompiled/Model/UserData/PropertyDataManager.lua	static name match; dynamic dispatch not included
Model.UserData.PropertyDataManager	228	EventDispatcher.DispatchEvent	Common.Event.EventDispatcher	code/Lua/decompiled/Model/UserData/PropertyDataManager.lua	static name match; dynamic dispatch not included
Model.UserData.PropertyDataManager	229	EventDispatcher.DispatchEvent	Common.Event.EventDispatcher	code/Lua/decompiled/Model/UserData/PropertyDataManager.lua	static name match; dynamic dispatch not included
Model.UserData.PropertyDataManager	236	EventDispatcher.DispatchEvent	Common.Event.EventDispatcher	code/Lua/decompiled/Model/UserData/PropertyDataManager.lua	static name match; dynamic dispatch not included
Model.UserData.PropertyDataManager	241	EventDispatcher.DispatchEvent	Common.Event.EventDispatcher	code/Lua/decompiled/Model/UserData/PropertyDataManager.lua	static name match; dynamic dispatch not included
Model.UserData.PropertyDataManager	252	EventDispatcher.DispatchEvent	Common.Event.EventDispatcher	code/Lua/decompiled/Model/UserData/PropertyDataManager.lua	static name match; dynamic dispatch not included
Model.UserData.PropertyDataManager	270	GameConfig.IsTestMode	Common.GameConfig	code/Lua/decompiled/Model/UserData/PropertyDataManager.lua	static name match; dynamic dispatch not included
Model.UserData.PropertyDataManager	276	ActivityManager.GetModel	Model.Activity.ActivityManager	code/Lua/decompiled/Model/UserData/PropertyDataManager.lua	static name match; dynamic dispatch not included
Model.UserData.PropertyDataManager	285	EnergyModel.GetCurrentEnergyModel	Model.UserData.EnergyModel	code/Lua/decompiled/Model/UserData/PropertyDataManager.lua	static name match; dynamic dispatch not included
Model.UserData.PropertyDataManager	298	UserModel.ChangeNumber	Model.UserData.UserModel	code/Lua/decompiled/Model/UserData/PropertyDataManager.lua	static name match; dynamic dispatch not included
Model.UserData.PropertyDataManager	301	UserModel.ChangeNumber	Model.UserData.UserModel	code/Lua/decompiled/Model/UserData/PropertyDataManager.lua	static name match; dynamic dispatch not included
Model.UserData.PropertyDataManager	301	UserModel.ChangeNumber	Model.UserData.UserModel	code/Lua/decompiled/Model/UserData/PropertyDataManager.lua	static name match; dynamic dispatch not included
Model.UserData.PropertyDataManager	319	PropItemManager.GetModel	Model.PropItem.PropItemManager	code/Lua/decompiled/Model/UserData/PropertyDataManager.lua	static name match; dynamic dispatch not included
Model.UserData.PropertyDataManager	327	EventDispatcher.DispatchEvent	Common.Event.EventDispatcher	code/Lua/decompiled/Model/UserData/PropertyDataManager.lua	static name match; dynamic dispatch not included
Model.UserData.PropertyDataManager	333	GameModel.GetServerTime	Model.GameModel	code/Lua/decompiled/Model/UserData/PropertyDataManager.lua	static name match; dynamic dispatch not included
Model.UserData.PropertyDataManager	359	ActivityManager.GetModel	Model.Activity.ActivityManager	code/Lua/decompiled/Model/UserData/PropertyDataManager.lua	static name match; dynamic dispatch not included
Model.UserData.PropertyDataManager	366	EnergyModel.GetCurrentEnergyModel	Model.UserData.EnergyModel	code/Lua/decompiled/Model/UserData/PropertyDataManager.lua	static name match; dynamic dispatch not included
Model.UserData.PropertyDataManager	371	UserModel.GetInNumber	Model.UserData.UserModel	code/Lua/decompiled/Model/UserData/PropertyDataManager.lua	static name match; dynamic dispatch not included
Model.UserData.PropertyDataManager	373	UserModel.GetInNumber	Model.UserData.UserModel	code/Lua/decompiled/Model/UserData/PropertyDataManager.lua	static name match; dynamic dispatch not included
Model.UserData.PropertyDataManager	373	UserModel.GetInNumber	Model.UserData.UserModel	code/Lua/decompiled/Model/UserData/PropertyDataManager.lua	static name match; dynamic dispatch not included
Model.UserData.PropertyDataManager	399	UserModel.BatchSet	Model.UserData.UserModel	code/Lua/decompiled/Model/UserData/PropertyDataManager.lua	static name match; dynamic dispatch not included
Model.UserData.PropertyDataManager	443	UserModel.BatchSet	Model.UserData.UserModel	code/Lua/decompiled/Model/UserData/PropertyDataManager.lua	static name match; dynamic dispatch not included
Model.UserData.PropertyDataManager	444	ConfigModel.IsServerControlOpen	Model.ConfigModel	code/Lua/decompiled/Model/UserData/PropertyDataManager.lua	static name match; dynamic dispatch not included
Model.UserData.PropertyDataManager	653	ActivityManager.GetModel	Model.Activity.ActivityManager	code/Lua/decompiled/Model/UserData/PropertyDataManager.lua	static name match; dynamic dispatch not included
Model.UserData.PropertyDataManager	660	ActivityManager.GetModel	Model.Activity.ActivityManager	code/Lua/decompiled/Model/UserData/PropertyDataManager.lua	static name match; dynamic dispatch not included
Model.UserData.PropertyDataManager	667	ActivityManager.GetModel	Model.Activity.ActivityManager	code/Lua/decompiled/Model/UserData/PropertyDataManager.lua	static name match; dynamic dispatch not included
Model.UserData.PropertyDataManager	673	ActivityManager.GetModel	Model.Activity.ActivityManager	code/Lua/decompiled/Model/UserData/PropertyDataManager.lua	static name match; dynamic dispatch not included
Model.UserData.PropertyDataManager	680	ActivityManager.GetModel	Model.Activity.ActivityManager	code/Lua/decompiled/Model/UserData/PropertyDataManager.lua	static name match; dynamic dispatch not included
Model.UserData.PropertyDataManager	715	UserModel.Set	Model.UserData.UserModel	code/Lua/decompiled/Model/UserData/PropertyDataManager.lua	static name match; dynamic dispatch not included
Model.UserData.RewardApi	26	StringUtil.StartWith	Common.Utility.StringUtil	code/Lua/decompiled/Model/UserData/RewardApi.lua	static name match; dynamic dispatch not included
Model.UserData.RewardApi	30	StringUtil.StartWith	Common.Utility.StringUtil	code/Lua/decompiled/Model/UserData/RewardApi.lua	static name match; dynamic dispatch not included
Model.UserData.RewardApi	36	ItemBoxSimilarUtility.IsBoxSimilarItem	Board.Model.ItemBoxSimilarUtility	code/Lua/decompiled/Model/UserData/RewardApi.lua	static name match; dynamic dispatch not included
Model.UserData.RewardApi	38	ItemDataModel.IsItemExist	Board.Model.ItemDataModel	code/Lua/decompiled/Model/UserData/RewardApi.lua	static name match; dynamic dispatch not included
Model.UserData.RewardApi	39	MainBoardModel.IsToolBoxCollect	Board.Model.Board.MainBoardModel	code/Lua/decompiled/Model/UserData/RewardApi.lua	static name match; dynamic dispatch not included
Model.UserData.RewardApi	39	ItemUtility.IsToolItem	Board.Model.ItemUtility	code/Lua/decompiled/Model/UserData/RewardApi.lua	static name match; dynamic dispatch not included
Model.UserData.RewardApi	45	GameConfig.IsTestMode	Common.GameConfig	code/Lua/decompiled/Model/UserData/RewardApi.lua	static name match; dynamic dispatch not included
Model.UserData.RewardApi	67	GameConfig.IsTestMode	Common.GameConfig	code/Lua/decompiled/Model/UserData/RewardApi.lua	static name match; dynamic dispatch not included
Model.UserData.RewardApi	68	Table.IsEmpty	Common.Utility.Table	code/Lua/decompiled/Model/UserData/RewardApi.lua	static name match; dynamic dispatch not included
Model.UserData.RewardApi	73	MapDataModel.AcquireSkinLogic	Model.MapDataModel	code/Lua/decompiled/Model/UserData/RewardApi.lua	static name match; dynamic dispatch not included
Model.UserData.RewardApi	76	Table.IsEmpty	Common.Utility.Table	code/Lua/decompiled/Model/UserData/RewardApi.lua	static name match; dynamic dispatch not included
Model.UserData.RewardApi	82	Table.IsEmpty	Common.Utility.Table	code/Lua/decompiled/Model/UserData/RewardApi.lua	static name match; dynamic dispatch not included
Model.UserData.RewardApi	85	Table.IsEmpty	Common.Utility.Table	code/Lua/decompiled/Model/UserData/RewardApi.lua	static name match; dynamic dispatch not included
Model.UserData.RewardApi	92	PropertyDataManager.Acquire	Model.UserData.PropertyDataManager	code/Lua/decompiled/Model/UserData/RewardApi.lua	static name match; dynamic dispatch not included
Model.UserData.RewardApi	103	ItemUtility.GetModeByCode	Board.Model.ItemUtility	code/Lua/decompiled/Model/UserData/RewardApi.lua	static name match; dynamic dispatch not included
Model.UserData.RewardApi	124	BoardModelHelper.GetModelByGameMode	Board.Model.BoardModelHelper	code/Lua/decompiled/Model/UserData/RewardApi.lua	static name match; dynamic dispatch not included
Model.UserData.RewardApi	148	SceneManager.GetGameMode	Model.SceneManager	code/Lua/decompiled/Model/UserData/RewardApi.lua	static name match; dynamic dispatch not included
Model.UserData.RewardApi	159	PropertyDataManager.SetRewardButtonInView	Model.UserData.PropertyDataManager	code/Lua/decompiled/Model/UserData/RewardApi.lua	static name match; dynamic dispatch not included
Model.UserData.RewardApi	160	SceneManager.InEventGameMode	Model.SceneManager	code/Lua/decompiled/Model/UserData/RewardApi.lua	static name match; dynamic dispatch not included
Model.UserData.RewardApi	165	StringUtil.StartWith	Common.Utility.StringUtil	code/Lua/decompiled/Model/UserData/RewardApi.lua	static name match; dynamic dispatch not included
Model.UserData.RewardApi	167	SceneManager.GetGameMode	Model.SceneManager	code/Lua/decompiled/Model/UserData/RewardApi.lua	static name match; dynamic dispatch not included
Model.UserData.RewardApi	184	PropertyDataManager.PlayCollectAnimation	Model.UserData.PropertyDataManager	code/Lua/decompiled/Model/UserData/RewardApi.lua	static name match; dynamic dispatch not included
Model.UserData.RewardApi	185	StringUtil.StartWith	Common.Utility.StringUtil	code/Lua/decompiled/Model/UserData/RewardApi.lua	static name match; dynamic dispatch not included
Model.UserData.RewardApi	190	ItemDataModel.GetSpriteName	Board.Model.ItemDataModel	code/Lua/decompiled/Model/UserData/RewardApi.lua	static name match; dynamic dispatch not included
Model.UserData.RewardApi	196	PropertyDataManager.PlayCollectAnimation	Model.UserData.PropertyDataManager	code/Lua/decompiled/Model/UserData/RewardApi.lua	static name match; dynamic dispatch not included
Model.UserData.RewardApi	199	MainBoardView.GetInstance	Board.View.MainBoardView	code/Lua/decompiled/Model/UserData/RewardApi.lua	static name match; dynamic dispatch not included
Model.UserData.RewardApi	205	ItemDataModel.GetSpriteName	Board.Model.ItemDataModel	code/Lua/decompiled/Model/UserData/RewardApi.lua	static name match; dynamic dispatch not included
Model.UserData.RewardApi	216	PropertyDataManager.PlayCollectAnimation	Model.UserData.PropertyDataManager	code/Lua/decompiled/Model/UserData/RewardApi.lua	static name match; dynamic dispatch not included
Model.UserData.RewardApi	217	PropertyDataManager.IsPropertyType	Model.UserData.PropertyDataManager	code/Lua/decompiled/Model/UserData/RewardApi.lua	static name match; dynamic dispatch not included
Model.UserData.RewardApi	217	HuntActivityModel.IsHuntTokenType	HuntActivity.Common.Model.HuntActivityModel	code/Lua/decompiled/Model/UserData/RewardApi.lua	static name match; dynamic dispatch not included
Model.UserData.RewardApi	217	HuntActivityModel.GetActivityTypeByItemType	HuntActivity.Common.Model.HuntActivityModel	code/Lua/decompiled/Model/UserData/RewardApi.lua	static name match; dynamic dispatch not included
Model.UserData.RewardApi	217	StringUtil.StartWith	Common.Utility.StringUtil	code/Lua/decompiled/Model/UserData/RewardApi.lua	static name match; dynamic dispatch not included
Model.UserData.RewardApi	244	PropertyDataManager.PlayCollectAnimation	Model.UserData.PropertyDataManager	code/Lua/decompiled/Model/UserData/RewardApi.lua	static name match; dynamic dispatch not included
Model.UserData.RewardApi	245	PropertyDataManager.IsPropertyType	Model.UserData.PropertyDataManager	code/Lua/decompiled/Model/UserData/RewardApi.lua	static name match; dynamic dispatch not included
Model.UserData.RewardApi	245	HuntMapActivityModel.IsActivityItem	HuntMapActivity.Model.HuntMapActivityModel	code/Lua/decompiled/Model/UserData/RewardApi.lua	static name match; dynamic dispatch not included
Model.UserData.RewardApi	254	PropertyDataManager.GetPropItemType	Model.UserData.PropertyDataManager	code/Lua/decompiled/Model/UserData/RewardApi.lua	static name match; dynamic dispatch not included
Model.UserData.RewardApi	256	SceneManager.GetGameMode	Model.SceneManager	code/Lua/decompiled/Model/UserData/RewardApi.lua	static name match; dynamic dispatch not included
Model.UserData.RewardApi	287	PropertyDataManager.PlayCollectAnimation	Model.UserData.PropertyDataManager	code/Lua/decompiled/Model/UserData/RewardApi.lua	static name match; dynamic dispatch not included
Model.UserData.RewardApi	290	SceneManager.GetGameMode	Model.SceneManager	code/Lua/decompiled/Model/UserData/RewardApi.lua	static name match; dynamic dispatch not included
Model.UserData.RewardApi	306	PropertyDataManager.PlayCollectAnimation	Model.UserData.PropertyDataManager	code/Lua/decompiled/Model/UserData/RewardApi.lua	static name match; dynamic dispatch not included
Model.UserData.RewardApi	308	ItemUtility.GetModeByCode	Board.Model.ItemUtility	code/Lua/decompiled/Model/UserData/RewardApi.lua	static name match; dynamic dispatch not included
Model.UserData.RewardApi	309	MainBoardModel.IsToolBoxCollect	Board.Model.Board.MainBoardModel	code/Lua/decompiled/Model/UserData/RewardApi.lua	static name match; dynamic dispatch not included
Model.UserData.RewardApi	310	SceneManager.GetGameMode	Model.SceneManager	code/Lua/decompiled/Model/UserData/RewardApi.lua	static name match; dynamic dispatch not included
Model.UserData.RewardApi	311	TutorialHelper.GetHudButton	Model.Tutorial.TutorialHelper	code/Lua/decompiled/Model/UserData/RewardApi.lua	static name match; dynamic dispatch not included
Model.UserData.RewardApi	313	TutorialHelper.GetHudButton	Model.Tutorial.TutorialHelper	code/Lua/decompiled/Model/UserData/RewardApi.lua	static name match; dynamic dispatch not included
Model.UserData.RewardApi	317	HuntMapActivityModel.GetActiveModel	HuntMapActivity.Model.HuntMapActivityModel	code/Lua/decompiled/Model/UserData/RewardApi.lua	static name match; dynamic dispatch not included
Model.UserData.RewardApi	329	ConfigModel.IsServerControlOpen	Model.ConfigModel	code/Lua/decompiled/Model/UserData/RewardApi.lua	static name match; dynamic dispatch not included
Model.UserData.RewardApi	346	ItemDataModel.GetSpriteName	Board.Model.ItemDataModel	code/Lua/decompiled/Model/UserData/RewardApi.lua	static name match; dynamic dispatch not included
Model.UserData.RewardApi	357	PropertyDataManager.PlayCollectAnimation	Model.UserData.PropertyDataManager	code/Lua/decompiled/Model/UserData/RewardApi.lua	static name match; dynamic dispatch not included
Model.UserData.RewardApi	363	Table.IsEmpty	Common.Utility.Table	code/Lua/decompiled/Model/UserData/RewardApi.lua	static name match; dynamic dispatch not included
Model.UserData.RewardApi	377	Table.ShallowCopy	Common.Utility.Table	code/Lua/decompiled/Model/UserData/RewardApi.lua	static name match; dynamic dispatch not included
Model.UserData.RewardApi	383	Table.IsEmpty	Common.Utility.Table	code/Lua/decompiled/Model/UserData/RewardApi.lua	static name match; dynamic dispatch not included
Model.UserData.RewardApi	388	Table.ShallowCopy	Common.Utility.Table	code/Lua/decompiled/Model/UserData/RewardApi.lua	static name match; dynamic dispatch not included
Model.UserData.RewardApi	435	Table.IsEmpty	Common.Utility.Table	code/Lua/decompiled/Model/UserData/RewardApi.lua	static name match; dynamic dispatch not included
Model.UserData.RewardApi	446	Table.IsEmpty	Common.Utility.Table	code/Lua/decompiled/Model/UserData/RewardApi.lua	static name match; dynamic dispatch not included
Model.UserData.RewardApi	448	Table.IsEmpty	Common.Utility.Table	code/Lua/decompiled/Model/UserData/RewardApi.lua	static name match; dynamic dispatch not included
Model.UserData.RewardApi	451	Table.ShallowCopy	Common.Utility.Table	code/Lua/decompiled/Model/UserData/RewardApi.lua	static name match; dynamic dispatch not included
Model.UserData.RewardApi	453	Table.ShallowCopy	Common.Utility.Table	code/Lua/decompiled/Model/UserData/RewardApi.lua	static name match; dynamic dispatch not included
Model.UserData.RewardApi	457	Table.ShallowCopy	Common.Utility.Table	code/Lua/decompiled/Model/UserData/RewardApi.lua	static name match; dynamic dispatch not included
Model.UserData.RewardApi	461	Table.ShallowCopy	Common.Utility.Table	code/Lua/decompiled/Model/UserData/RewardApi.lua	static name match; dynamic dispatch not included
Model.UserData.RewardApi	462	Table.IsEmpty	Common.Utility.Table	code/Lua/decompiled/Model/UserData/RewardApi.lua	static name match; dynamic dispatch not included
Model.UserData.RewardApi	463	Table.ListAppend	Common.Utility.Table	code/Lua/decompiled/Model/UserData/RewardApi.lua	static name match; dynamic dispatch not included
Model.UserData.RewardApi	467	Table.IsEmpty	Common.Utility.Table	code/Lua/decompiled/Model/UserData/RewardApi.lua	static name match; dynamic dispatch not included
Model.UserData.RewardApi	496	ActivityManager.GetModel	Model.Activity.ActivityManager	code/Lua/decompiled/Model/UserData/RewardApi.lua	static name match; dynamic dispatch not included
Model.UserData.RewardApi	506	EventDispatcher.AddListener	Common.Event.EventDispatcher	code/Lua/decompiled/Model/UserData/RewardApi.lua	static name match; dynamic dispatch not included
Model.UserData.RewardApi	507	EventDispatcher.AddListener	Common.Event.EventDispatcher	code/Lua/decompiled/Model/UserData/RewardApi.lua	static name match; dynamic dispatch not included
Model.UserData.RewardApi	508	EventDispatcher.AddListener	Common.Event.EventDispatcher	code/Lua/decompiled/Model/UserData/RewardApi.lua	static name match; dynamic dispatch not included
Model.UserData.RewardApi	509	EventDispatcher.AddListener	Common.Event.EventDispatcher	code/Lua/decompiled/Model/UserData/RewardApi.lua	static name match; dynamic dispatch not included
Model.UserData.RewardApi	510	EventDispatcher.AddListener	Common.Event.EventDispatcher	code/Lua/decompiled/Model/UserData/RewardApi.lua	static name match; dynamic dispatch not included
Model.UserData.RewardApi	512	EventDispatcher.AddListener	Common.Event.EventDispatcher	code/Lua/decompiled/Model/UserData/RewardApi.lua	static name match; dynamic dispatch not included
Model.UserData.RewardApi	515	EventDispatcher.AddListener	Common.Event.EventDispatcher	code/Lua/decompiled/Model/UserData/RewardApi.lua	static name match; dynamic dispatch not included
Model.UserData.RewardApi	518	EventDispatcher.AddListener	Common.Event.EventDispatcher	code/Lua/decompiled/Model/UserData/RewardApi.lua	static name match; dynamic dispatch not included
Model.UserData.RewardApi	520	EventDispatcher.AddListener	Common.Event.EventDispatcher	code/Lua/decompiled/Model/UserData/RewardApi.lua	static name match; dynamic dispatch not included
Model.UserData.RewardApi	524	EventDispatcher.AddListener	Common.Event.EventDispatcher	code/Lua/decompiled/Model/UserData/RewardApi.lua	static name match; dynamic dispatch not included
Model.UserData.RewardApi	527	EventDispatcher.AddListener	Common.Event.EventDispatcher	code/Lua/decompiled/Model/UserData/RewardApi.lua	static name match; dynamic dispatch not included
Model.UserData.RewardApi	530	EventDispatcher.AddListener	Common.Event.EventDispatcher	code/Lua/decompiled/Model/UserData/RewardApi.lua	static name match; dynamic dispatch not included
Model.UserData.RewardApi	531	EventDispatcher.AddListener	Common.Event.EventDispatcher	code/Lua/decompiled/Model/UserData/RewardApi.lua	static name match; dynamic dispatch not included
Model.UserData.RewardApi	549	StringUtil.StartWith	Common.Utility.StringUtil	code/Lua/decompiled/Model/UserData/RewardApi.lua	static name match; dynamic dispatch not included
Model.UserData.RewardApi	550	CloudsDashModel.GetActiveModel	CloudsDash.Model.CloudsDashModel	code/Lua/decompiled/Model/UserData/RewardApi.lua	static name match; dynamic dispatch not included
Model.UserData.RewardApi	555	ActivityManager.GetModel	Model.Activity.ActivityManager	code/Lua/decompiled/Model/UserData/RewardApi.lua	static name match; dynamic dispatch not included
Model.UserData.RewardApi	565	HuntMapActivityModel.IsActivityItem	HuntMapActivity.Model.HuntMapActivityModel	code/Lua/decompiled/Model/UserData/RewardApi.lua	static name match; dynamic dispatch not included
Model.UserData.RewardApi	570	ActivityManager.GetModel	Model.Activity.ActivityManager	code/Lua/decompiled/Model/UserData/RewardApi.lua	static name match; dynamic dispatch not included
Model.UserData.RewardApi	578	ActivityManager.GetModel	Model.Activity.ActivityManager	code/Lua/decompiled/Model/UserData/RewardApi.lua	static name match; dynamic dispatch not included
Model.UserData.RewardApi	583	ActivityManager.GetModel	Model.Activity.ActivityManager	code/Lua/decompiled/Model/UserData/RewardApi.lua	static name match; dynamic dispatch not included
Model.UserData.RewardApi	594	ActivityManager.GetModel	Model.Activity.ActivityManager	code/Lua/decompiled/Model/UserData/RewardApi.lua	static name match; dynamic dispatch not included
Model.UserData.RewardApi	599	StringUtil.StartWith	Common.Utility.StringUtil	code/Lua/decompiled/Model/UserData/RewardApi.lua	static name match; dynamic dispatch not included
Model.UserData.RewardApi	600	HuntActivityModel.GetActivityTypeByItemType	HuntActivity.Common.Model.HuntActivityModel	code/Lua/decompiled/Model/UserData/RewardApi.lua	static name match; dynamic dispatch not included
Model.UserData.RewardApi	752	ActivityManager.GetModel	Model.Activity.ActivityManager	code/Lua/decompiled/Model/UserData/RewardApi.lua	static name match; dynamic dispatch not included
Model.UserData.RewardApi	761	ActivityManager.GetModel	Model.Activity.ActivityManager	code/Lua/decompiled/Model/UserData/RewardApi.lua	static name match; dynamic dispatch not included
Model.UserData.RewardApi	775	Table.IsEmpty	Common.Utility.Table	code/Lua/decompiled/Model/UserData/RewardApi.lua	static name match; dynamic dispatch not included
Model.UserData.RewardApi	779	PropertyDataManager.GetItemReplacedConfig	Model.UserData.PropertyDataManager	code/Lua/decompiled/Model/UserData/RewardApi.lua	static name match; dynamic dispatch not included
Model.UserData.RewardApi	788	Table.IsEmpty	Common.Utility.Table	code/Lua/decompiled/Model/UserData/RewardApi.lua	static name match; dynamic dispatch not included
Model.UserData.RewardApi	807	LevelModel.GetCurrentLevel	Model.UserData.LevelModel	code/Lua/decompiled/Model/UserData/RewardApi.lua	static name match; dynamic dispatch not included
Model.UserData.RewardApi	814	StringUtil.IsNilOrEmpty	Common.Utility.StringUtil	code/Lua/decompiled/Model/UserData/RewardApi.lua	static name match; dynamic dispatch not included
Model.UserData.RewardApi	829	StringUtil.Split	Common.Utility.StringUtil	code/Lua/decompiled/Model/UserData/RewardApi.lua	static name match; dynamic dispatch not included
Model.UserData.RewardApi	841	Table.IsEmpty	Common.Utility.Table	code/Lua/decompiled/Model/UserData/RewardApi.lua	static name match; dynamic dispatch not included
Model.UserData.RewardApi	856	ItemBoxSimilarUtility.IsBoxSimilarItem	Board.Model.ItemBoxSimilarUtility	code/Lua/decompiled/Model/UserData/RewardApi.lua	static name match; dynamic dispatch not included
Model.UserData.RewardApi	866	PropertyDataManager.IsPropertyType	Model.UserData.PropertyDataManager	code/Lua/decompiled/Model/UserData/RewardApi.lua	static name match; dynamic dispatch not included
Model.UserData.RewardApi	876	PropertyDataManager.IsPropertyType	Model.UserData.PropertyDataManager	code/Lua/decompiled/Model/UserData/RewardApi.lua	static name match; dynamic dispatch not included
Model.UserData.RewardApi	877	ItemDataModel.GetSpriteName	Board.Model.ItemDataModel	code/Lua/decompiled/Model/UserData/RewardApi.lua	static name match; dynamic dispatch not included
Model.UserData.RewardApi	882	Table.IsEmpty	Common.Utility.Table	code/Lua/decompiled/Model/UserData/RewardApi.lua	static name match; dynamic dispatch not included
Model.UserData.UserModel	13	DBTableManager.GetTable	Model.DB.DBTableManager	code/Lua/decompiled/Model/UserData/UserModel.lua	static name match; dynamic dispatch not included
Model.UserData.UserModel	18	StringUtil.IsNilOrEmpty	Common.Utility.StringUtil	code/Lua/decompiled/Model/UserData/UserModel.lua	static name match; dynamic dispatch not included
Model.UserData.UserModel	18	PlayerPrefs.GetString	Common.Utility.PlayerPrefs	code/Lua/decompiled/Model/UserData/UserModel.lua	static name match; dynamic dispatch not included
Model.UserData.UserModel	19	PlayerPrefs.SetString	Common.Utility.PlayerPrefs	code/Lua/decompiled/Model/UserData/UserModel.lua	static name match; dynamic dispatch not included
Model.UserData.UserModel	21	DBTableManager.GetTable	Model.DB.DBTableManager	code/Lua/decompiled/Model/UserData/UserModel.lua	static name match; dynamic dispatch not included
Model.UserData.UserModel	29	EventDispatcher.AddListener	Common.Event.EventDispatcher	code/Lua/decompiled/Model/UserData/UserModel.lua	static name match; dynamic dispatch not included
Model.UserData.UserModel	33	EventDispatcher.RemoveTarget	Common.Event.EventDispatcher	code/Lua/decompiled/Model/UserData/UserModel.lua	static name match; dynamic dispatch not included
Model.UserData.UserModel	37	DBTableManager.GetTable	Model.DB.DBTableManager	code/Lua/decompiled/Model/UserData/UserModel.lua	static name match; dynamic dispatch not included
Model.UserData.UserModel	47	DBTableManager.Clear	Model.DB.DBTableManager	code/Lua/decompiled/Model/UserData/UserModel.lua	static name match; dynamic dispatch not included
Model.UserData.UserModel	53	PropertyDataManager.CreateNewUser	Model.UserData.PropertyDataManager	code/Lua/decompiled/Model/UserData/UserModel.lua	static name match; dynamic dispatch not included
Model.UserData.UserModel	119	SceneManager.GetGameMode	Model.SceneManager	code/Lua/decompiled/Model/UserData/UserModel.lua	static name match; dynamic dispatch not included
Model.UserData.UserModel	126	MainBoardModel.IsToolBoxCollect	Board.Model.Board.MainBoardModel	code/Lua/decompiled/Model/UserData/UserModel.lua	static name match; dynamic dispatch not included
Model.UserData.UserModel	132	SceneManager.GetGameMode	Model.SceneManager	code/Lua/decompiled/Model/UserData/UserModel.lua	static name match; dynamic dispatch not included
Model.UserData.UserModel	142	ConfigModel.GetServerConfig	Model.ConfigModel	code/Lua/decompiled/Model/UserData/UserModel.lua	static name match; dynamic dispatch not included
Model.UserData.UserModel	144	Table.IsEmpty	Common.Utility.Table	code/Lua/decompiled/Model/UserData/UserModel.lua	static name match; dynamic dispatch not included
Model.UserData.UserModel	147	GameConfig.IsTestMode	Common.GameConfig	code/Lua/decompiled/Model/UserData/UserModel.lua	static name match; dynamic dispatch not included
Model.UserData.UserModel	183	PlayerPrefs.SetInt	Common.Utility.PlayerPrefs	code/Lua/decompiled/Model/UserData/UserModel.lua	static name match; dynamic dispatch not included
Model.UserData.UserModel	215	GameConfig.IsTestMode	Common.GameConfig	code/Lua/decompiled/Model/UserData/UserModel.lua	static name match; dynamic dispatch not included
Model.UserData.UserModel	220	StringUtil.IsNilOrEmpty	Common.Utility.StringUtil	code/Lua/decompiled/Model/UserData/UserModel.lua	static name match; dynamic dispatch not included
Model.UserData.UserModel	222	StringUtil.IsNilOrEmpty	Common.Utility.StringUtil	code/Lua/decompiled/Model/UserData/UserModel.lua	static name match; dynamic dispatch not included
Model.UserData.UserModel	233	GameConfig.IsTestMode	Common.GameConfig	code/Lua/decompiled/Model/UserData/UserModel.lua	static name match; dynamic dispatch not included
Model.UserData.UserModel	249	GameModel.GetServerTime	Model.GameModel	code/Lua/decompiled/Model/UserData/UserModel.lua	static name match; dynamic dispatch not included
Model.UserData.UserModel	249	LevelModel.IsTopLevelUser	Model.UserData.LevelModel	code/Lua/decompiled/Model/UserData/UserModel.lua	static name match; dynamic dispatch not included
Model.UserData.UserModel	257	Table.IsEmpty	Common.Utility.Table	code/Lua/decompiled/Model/UserData/UserModel.lua	static name match; dynamic dispatch not included
Model.UserData.UserModel	269	MiscModel.Get	Model.UserData.MiscModel	code/Lua/decompiled/Model/UserData/UserModel.lua	static name match; dynamic dispatch not included
Model.UserData.UserModel	276	LevelModel.IsTopLevelUser	Model.UserData.LevelModel	code/Lua/decompiled/Model/UserData/UserModel.lua	static name match; dynamic dispatch not included
Model.UserData.UserModel	278	MiscModel.Set	Model.UserData.MiscModel	code/Lua/decompiled/Model/UserData/UserModel.lua	static name match; dynamic dispatch not included
Model.UserData.UserModel	280	LevelModel.IsTopLevelUser	Model.UserData.LevelModel	code/Lua/decompiled/Model/UserData/UserModel.lua	static name match; dynamic dispatch not included
Model.UserData.UserModel	287	ConfigModel.ParseGeneralConf	Model.ConfigModel	code/Lua/decompiled/Model/UserData/UserModel.lua	static name match; dynamic dispatch not included
Model.UserData.UserModel	291	MiscModel.Get	Model.UserData.MiscModel	code/Lua/decompiled/Model/UserData/UserModel.lua	static name match; dynamic dispatch not included
Model.UserData.UserModel	292	MiscModel.Get	Model.UserData.MiscModel	code/Lua/decompiled/Model/UserData/UserModel.lua	static name match; dynamic dispatch not included
Model.UserData.UserModel	294	MiscModel.Clear	Model.UserData.MiscModel	code/Lua/decompiled/Model/UserData/UserModel.lua	static name match; dynamic dispatch not included
Model.UserData.UserModel	295	MiscModel.Clear	Model.UserData.MiscModel	code/Lua/decompiled/Model/UserData/UserModel.lua	static name match; dynamic dispatch not included
Model.UserData.UserModel	307	MiscModel.Get	Model.UserData.MiscModel	code/Lua/decompiled/Model/UserData/UserModel.lua	static name match; dynamic dispatch not included
Model.UserData.UserModel	308	MiscModel.Get	Model.UserData.MiscModel	code/Lua/decompiled/Model/UserData/UserModel.lua	static name match; dynamic dispatch not included
Model.UserData.UserModel	309	GameModel.GetServerDay	Model.GameModel	code/Lua/decompiled/Model/UserData/UserModel.lua	static name match; dynamic dispatch not included
Model.UserData.UserModel	319	Table.IsEmpty	Common.Utility.Table	code/Lua/decompiled/Model/UserData/UserModel.lua	static name match; dynamic dispatch not included
Model.UserData.UserModel	319	Table.IsEmpty	Common.Utility.Table	code/Lua/decompiled/Model/UserData/UserModel.lua	static name match; dynamic dispatch not included
Model.UserData.UserModel	330	MiscModel.Get	Model.UserData.MiscModel	code/Lua/decompiled/Model/UserData/UserModel.lua	static name match; dynamic dispatch not included
Model.UserData.UserModel	334	MiscModel.Set	Model.UserData.MiscModel	code/Lua/decompiled/Model/UserData/UserModel.lua	static name match; dynamic dispatch not included
Model.UserData.UserModel	334	GameModel.GetServerDay	Model.GameModel	code/Lua/decompiled/Model/UserData/UserModel.lua	static name match; dynamic dispatch not included
Model.UserData.UserModel	335	MiscModel.Set	Model.UserData.MiscModel	code/Lua/decompiled/Model/UserData/UserModel.lua	static name match; dynamic dispatch not included
Model.UserData.UserModel	338	Table.IsEmpty	Common.Utility.Table	code/Lua/decompiled/Model/UserData/UserModel.lua	static name match; dynamic dispatch not included
Model.UserData.UserModel	339	RewardApi.AcquireRewardsLogic	Model.UserData.RewardApi	code/Lua/decompiled/Model/UserData/UserModel.lua	static name match; dynamic dispatch not included
Model.UserData.UserModel	341	MiscModel.Set	Model.UserData.MiscModel	code/Lua/decompiled/Model/UserData/UserModel.lua	static name match; dynamic dispatch not included
Model.UserData.UserModel	342	MiscModel.Set	Model.UserData.MiscModel	code/Lua/decompiled/Model/UserData/UserModel.lua	static name match; dynamic dispatch not included
Model.UserData.UserModel	364	TimeUtil.ToDate	Common.Utility.TimeUtil	code/Lua/decompiled/Model/UserData/UserModel.lua	static name match; dynamic dispatch not included
NoCDTrain.Board.NoCDTrainBoardModel	18	BaseSceneBoardModel.Destroy	Board.Model.Board.BaseSceneBoardModel	code/Lua/decompiled/NoCDTrain/Board/NoCDTrainBoardModel.lua	static name match; dynamic dispatch not included
NoCDTrain.Board.NoCDTrainBoardModel	26	MainBoardModel.GetItemManager	Board.Model.Board.MainBoardModel	code/Lua/decompiled/NoCDTrain/Board/NoCDTrainBoardModel.lua	static name match; dynamic dispatch not included
NoCDTrain.Board.NoCDTrainBoardModel	27	ItemManager.Create	Board.Model.Board.ItemManager	code/Lua/decompiled/NoCDTrain/Board/NoCDTrainBoardModel.lua	static name match; dynamic dispatch not included
NoCDTrain.Board.NoCDTrainBoardModel	31	NoCDTrainItemLayerModel.Create	NoCDTrain.Board.NoCDTrainItemLayerModel	code/Lua/decompiled/NoCDTrain/Board/NoCDTrainBoardModel.lua	static name match; dynamic dispatch not included
NoCDTrain.Board.NoCDTrainBoardModel	33	ItemCacheModel.Create	Board.Model.Board.ItemCacheModel	code/Lua/decompiled/NoCDTrain/Board/NoCDTrainBoardModel.lua	static name match; dynamic dispatch not included
NoCDTrain.Board.NoCDTrainBoardModel	35	ModelHelper.DefineSyncData	Model.UserData.ModelHelper	code/Lua/decompiled/NoCDTrain/Board/NoCDTrainBoardModel.lua	static name match; dynamic dispatch not included
NoCDTrain.Board.NoCDTrainBoardModel	35	DBTableManager.GetTable	Model.DB.DBTableManager	code/Lua/decompiled/NoCDTrain/Board/NoCDTrainBoardModel.lua	static name match; dynamic dispatch not included
NoCDTrain.Board.NoCDTrainBoardModel	36	BaseSceneBoardModel.Init	Board.Model.Board.BaseSceneBoardModel	code/Lua/decompiled/NoCDTrain/Board/NoCDTrainBoardModel.lua	static name match; dynamic dispatch not included
NoCDTrain.Board.NoCDTrainBoardModel	37	MainBoardModel.GetItemStoreModel	Board.Model.Board.MainBoardModel	code/Lua/decompiled/NoCDTrain/Board/NoCDTrainBoardModel.lua	static name match; dynamic dispatch not included
NoCDTrain.Board.NoCDTrainBoardModel	46	ConfigModel.GetLocalConfig	Model.ConfigModel	code/Lua/decompiled/NoCDTrain/Board/NoCDTrainBoardModel.lua	static name match; dynamic dispatch not included
NoCDTrain.Board.NoCDTrainBoardModel	62	BaseBoardModel._SetItem	Board.Model.Board.BaseBoardModel	code/Lua/decompiled/NoCDTrain/Board/NoCDTrainBoardModel.lua	static name match; dynamic dispatch not included
NoCDTrain.Board.NoCDTrainBoardModel	64	EventDispatcher.DispatchEvent	Common.Event.EventDispatcher	code/Lua/decompiled/NoCDTrain/Board/NoCDTrainBoardModel.lua	static name match; dynamic dispatch not included
NoCDTrain.Board.NoCDTrainBoardModel	68	EventDispatcher.DispatchEvent	Common.Event.EventDispatcher	code/Lua/decompiled/NoCDTrain/Board/NoCDTrainBoardModel.lua	static name match; dynamic dispatch not included
NoCDTrain.Board.NoCDTrainBoardModel	73	EventDispatcher.DispatchEvent	Common.Event.EventDispatcher	code/Lua/decompiled/NoCDTrain/Board/NoCDTrainBoardModel.lua	static name match; dynamic dispatch not included
NoCDTrain.Board.NoCDTrainBoardModel	74	EventDispatcher.DispatchEvent	Common.Event.EventDispatcher	code/Lua/decompiled/NoCDTrain/Board/NoCDTrainBoardModel.lua	static name match; dynamic dispatch not included
NoCDTrain.Board.NoCDTrainBoardModel	87	BaseBoardModel.UpdatePerSecond	Board.Model.Board.BaseBoardModel	code/Lua/decompiled/NoCDTrain/Board/NoCDTrainBoardModel.lua	static name match; dynamic dispatch not included
NoCDTrain.Board.NoCDTrainBoardModel	91	BaseBoardModel._CreateMatrix	Board.Model.Board.BaseBoardModel	code/Lua/decompiled/NoCDTrain/Board/NoCDTrainBoardModel.lua	static name match; dynamic dispatch not included
NoCDTrain.Board.NoCDTrainBoardModel	95	BaseBoardModel._CreatePosition	Board.Model.Board.BaseBoardModel	code/Lua/decompiled/NoCDTrain/Board/NoCDTrainBoardModel.lua	static name match; dynamic dispatch not included
NoCDTrain.Board.NoCDTrainBoardModel	99	BaseBoardModel._CreatePositionFromLocalPosition	Board.Model.Board.BaseBoardModel	code/Lua/decompiled/NoCDTrain/Board/NoCDTrainBoardModel.lua	static name match; dynamic dispatch not included
NoCDTrain.Board.NoCDTrainBoardModel	103	BaseBoardModel._GetValidPositionIterator	Board.Model.Board.BaseBoardModel	code/Lua/decompiled/NoCDTrain/Board/NoCDTrainBoardModel.lua	static name match; dynamic dispatch not included
NoCDTrain.Board.NoCDTrainBoardModel	110	BoardPosition.Copy	Board.Model.Base.BoardPosition	code/Lua/decompiled/NoCDTrain/Board/NoCDTrainBoardModel.lua	static name match; dynamic dispatch not included
NoCDTrain.Board.NoCDTrainBoardModel	113	BoardPosition.Copy	Board.Model.Base.BoardPosition	code/Lua/decompiled/NoCDTrain/Board/NoCDTrainBoardModel.lua	static name match; dynamic dispatch not included
NoCDTrain.Board.NoCDTrainBoardModel	113	Table.ListRandomSelectOne	Common.Utility.Table	code/Lua/decompiled/NoCDTrain/Board/NoCDTrainBoardModel.lua	static name match; dynamic dispatch not included
NoCDTrain.Board.NoCDTrainBoardModel	115	BoardPosition.Release	Board.Model.Base.BoardPosition	code/Lua/decompiled/NoCDTrain/Board/NoCDTrainBoardModel.lua	static name match; dynamic dispatch not included
NoCDTrain.Board.NoCDTrainBoardModel	129	ActivityManager.GetModel	Model.Activity.ActivityManager	code/Lua/decompiled/NoCDTrain/Board/NoCDTrainBoardModel.lua	static name match; dynamic dispatch not included
NoCDTrain.Board.NoCDTrainBoardModel	157	MainBoardModel.GetItemScoreByUnlockGen	Board.Model.Board.MainBoardModel	code/Lua/decompiled/NoCDTrain/Board/NoCDTrainBoardModel.lua	static name match; dynamic dispatch not included
NoCDTrain.Board.NoCDTrainBoardModel	173	EventDispatcher.DispatchEvent	Common.Event.EventDispatcher	code/Lua/decompiled/NoCDTrain/Board/NoCDTrainBoardModel.lua	static name match; dynamic dispatch not included
NoCDTrain.Board.NoCDTrainBoardModel	186	EventDispatcher.DispatchEvent	Common.Event.EventDispatcher	code/Lua/decompiled/NoCDTrain/Board/NoCDTrainBoardModel.lua	static name match; dynamic dispatch not included
NoCDTrain.Board.NoCDTrainBoardModel	197	MainBoardModel.GetItemLayerCount	Board.Model.Board.MainBoardModel	code/Lua/decompiled/NoCDTrain/Board/NoCDTrainBoardModel.lua	static name match; dynamic dispatch not included
NoCDTrain.Board.NoCDTrainBoardModel	213	RewardApi.AcquireRewardsLogic	Model.UserData.RewardApi	code/Lua/decompiled/NoCDTrain/Board/NoCDTrainBoardModel.lua	static name match; dynamic dispatch not included
NoCDTrain.Board.NoCDTrainBoardModel	234	MainBoardModel.SaveItemProperty	Board.Model.Board.MainBoardModel	code/Lua/decompiled/NoCDTrain/Board/NoCDTrainBoardModel.lua	static name match; dynamic dispatch not included
NoCDTrain.Board.NoCDTrainBoardModel	236	MainBoardModel.GetOrderModel	Board.Model.Board.MainBoardModel	code/Lua/decompiled/NoCDTrain/Board/NoCDTrainBoardModel.lua	static name match; dynamic dispatch not included
NoCDTrain.Board.NoCDTrainBoardModel	243	EventDispatcher.DispatchEvent	Common.Event.EventDispatcher	code/Lua/decompiled/NoCDTrain/Board/NoCDTrainBoardModel.lua	static name match; dynamic dispatch not included
NoCDTrain.Board.NoCDTrainBoardModel	248	StringUtil.StartWith	Common.Utility.StringUtil	code/Lua/decompiled/NoCDTrain/Board/NoCDTrainBoardModel.lua	static name match; dynamic dispatch not included
NoCDTrain.Board.NoCDTrainBoardModel	261	Table.IsEmpty	Common.Utility.Table	code/Lua/decompiled/NoCDTrain/Board/NoCDTrainBoardModel.lua	static name match; dynamic dispatch not included
NoCDTrain.Board.NoCDTrainBoardModel	298	MainBoardModel.GetItemManager	Board.Model.Board.MainBoardModel	code/Lua/decompiled/NoCDTrain/Board/NoCDTrainBoardModel.lua	static name match; dynamic dispatch not included
NoCDTrain.Board.NoCDTrainBoardModel	310	EventDispatcher.DispatchEvent	Common.Event.EventDispatcher	code/Lua/decompiled/NoCDTrain/Board/NoCDTrainBoardModel.lua	static name match; dynamic dispatch not included
NoCDTrain.Board.NoCDTrainBoardModel	314	SceneManager.GetGameMode	Model.SceneManager	code/Lua/decompiled/NoCDTrain/Board/NoCDTrainBoardModel.lua	static name match; dynamic dispatch not included
NoCDTrain.Board.NoCDTrainBoardModel	365	ConfigModel.GetLocalConfig	Model.ConfigModel	code/Lua/decompiled/NoCDTrain/Board/NoCDTrainBoardModel.lua	static name match; dynamic dispatch not included
NoCDTrain.Board.NoCDTrainBoardModel	366	MiscModel.GetInventoryCapInNumber	Model.UserData.MiscModel	code/Lua/decompiled/NoCDTrain/Board/NoCDTrainBoardModel.lua	static name match; dynamic dispatch not included
NoCDTrain.Board.NoCDTrainBoardModel	368	OpenFunctionModel.IsProducerOpenByLevelLock	Model.OpenFunctionModel	code/Lua/decompiled/NoCDTrain/Board/NoCDTrainBoardModel.lua	static name match; dynamic dispatch not included
NoCDTrain.Board.NoCDTrainBoardModel	373	LevelModel.GetCurrentLevel	Model.UserData.LevelModel	code/Lua/decompiled/NoCDTrain/Board/NoCDTrainBoardModel.lua	static name match; dynamic dispatch not included
NoCDTrain.Board.NoCDTrainBoardModel	379	MiscModel.GetInventoryProducerSizeInNumber	Model.UserData.MiscModel	code/Lua/decompiled/NoCDTrain/Board/NoCDTrainBoardModel.lua	static name match; dynamic dispatch not included
NoCDTrain.Board.NoCDTrainBoardModel	392	StringUtil.StartWith	Common.Utility.StringUtil	code/Lua/decompiled/NoCDTrain/Board/NoCDTrainBoardModel.lua	static name match; dynamic dispatch not included
NoCDTrain.Board.NoCDTrainBoardModel	422	ItemUtility.GetItemCode	Board.Model.ItemUtility	code/Lua/decompiled/NoCDTrain/Board/NoCDTrainBoardModel.lua	static name match; dynamic dispatch not included
NoCDTrain.Board.NoCDTrainBoardModel	422	ItemDataModel.GetChainMaxLevel	Board.Model.ItemDataModel	code/Lua/decompiled/NoCDTrain/Board/NoCDTrainBoardModel.lua	static name match; dynamic dispatch not included
NoCDTrain.Board.NoCDTrainBoardModel	461	ActivityManager.GetModel	Model.Activity.ActivityManager	code/Lua/decompiled/NoCDTrain/Board/NoCDTrainBoardModel.lua	static name match; dynamic dispatch not included
NoCDTrain.Board.NoCDTrainBoardModel	464	ItemUtility.GetItemCode	Board.Model.ItemUtility	code/Lua/decompiled/NoCDTrain/Board/NoCDTrainBoardModel.lua	static name match; dynamic dispatch not included
NoCDTrain.Board.NoCDTrainBoardModel	464	ItemDataModel.GetChainMaxLevel	Board.Model.ItemDataModel	code/Lua/decompiled/NoCDTrain/Board/NoCDTrainBoardModel.lua	static name match; dynamic dispatch not included
NoCDTrain.Board.NoCDTrainBoardView	12	BaseSceneBoardView.Init	Board.View.BaseSceneBoardView	code/Lua/decompiled/NoCDTrain/Board/NoCDTrainBoardView.lua	static name match; dynamic dispatch not included
NoCDTrain.Board.NoCDTrainBoardView	28	BaseSceneBoardView._AddListeners	Board.View.BaseSceneBoardView	code/Lua/decompiled/NoCDTrain/Board/NoCDTrainBoardView.lua	static name match; dynamic dispatch not included
NoCDTrain.Board.NoCDTrainBoardView	29	EventDispatcher.AddListener	Common.Event.EventDispatcher	code/Lua/decompiled/NoCDTrain/Board/NoCDTrainBoardView.lua	static name match; dynamic dispatch not included
NoCDTrain.Board.NoCDTrainBoardView	36	BaseSceneBoardView.Update	Board.View.BaseSceneBoardView	code/Lua/decompiled/NoCDTrain/Board/NoCDTrainBoardView.lua	static name match; dynamic dispatch not included
NoCDTrain.Board.NoCDTrainBoardView	37	GameConfig.IsTestMode	Common.GameConfig	code/Lua/decompiled/NoCDTrain/Board/NoCDTrainBoardView.lua	static name match; dynamic dispatch not included
NoCDTrain.Board.NoCDTrainBoardView	46	BaseSceneBoardView.OnDestroy	Board.View.BaseSceneBoardView	code/Lua/decompiled/NoCDTrain/Board/NoCDTrainBoardView.lua	static name match; dynamic dispatch not included
NoCDTrain.Board.NoCDTrainBoardView	56	BaseSceneBoardView.IsNewInfoBarActive	Board.View.BaseSceneBoardView	code/Lua/decompiled/NoCDTrain/Board/NoCDTrainBoardView.lua	static name match; dynamic dispatch not included
NoCDTrain.Board.NoCDTrainBoardView	60	BaseSceneBoardView._OnCloseView	Board.View.BaseSceneBoardView	code/Lua/decompiled/NoCDTrain/Board/NoCDTrainBoardView.lua	static name match; dynamic dispatch not included
NoCDTrain.Board.NoCDTrainBoardView	99	GameConfig.IsTestMode	Common.GameConfig	code/Lua/decompiled/NoCDTrain/Board/NoCDTrainBoardView.lua	static name match; dynamic dispatch not included
NoCDTrain.Board.NoCDTrainBoardView	107	GameConfig.IsTestMode	Common.GameConfig	code/Lua/decompiled/NoCDTrain/Board/NoCDTrainBoardView.lua	static name match; dynamic dispatch not included
NoCDTrain.Board.NoCDTrainBoardView	119	BaseActionBoardView._UpdateIndicator	Board.View.BaseActionBoardView	code/Lua/decompiled/NoCDTrain/Board/NoCDTrainBoardView.lua	static name match; dynamic dispatch not included
NoCDTrain.Board.NoCDTrainBoardView	164	ActivityManager.GetModel	Model.Activity.ActivityManager	code/Lua/decompiled/NoCDTrain/Board/NoCDTrainBoardView.lua	static name match; dynamic dispatch not included
NoCDTrain.Board.NoCDTrainBoardView	186	Table.IsEmpty	Common.Utility.Table	code/Lua/decompiled/NoCDTrain/Board/NoCDTrainBoardView.lua	static name match; dynamic dispatch not included
NoCDTrain.Board.NoCDTrainBoardView	267	BaseSceneBoardView._GetHudButtonByPropertyType	Board.View.BaseSceneBoardView	code/Lua/decompiled/NoCDTrain/Board/NoCDTrainBoardView.lua	static name match; dynamic dispatch not included
NoCDTrain.Board.NoCDTrainItemLayerModel	11	BaseItemLayerModel.Init	Board.Model.Board.BaseItemLayerModel	code/Lua/decompiled/NoCDTrain/Board/NoCDTrainItemLayerModel.lua	static name match; dynamic dispatch not included
NoCDTrain.Board.NoCDTrainItemLayerModel	14	StringUtil.IsNilOrEmpty	Common.Utility.StringUtil	code/Lua/decompiled/NoCDTrain/Board/NoCDTrainItemLayerModel.lua	static name match; dynamic dispatch not included
NoCDTrain.Board.NoCDTrainItemLayerModel	16	Table.IsEmpty	Common.Utility.Table	code/Lua/decompiled/NoCDTrain/Board/NoCDTrainItemLayerModel.lua	static name match; dynamic dispatch not included
NoCDTrain.Board.NoCDTrainItemLayerModel	18	Table.IsEmpty	Common.Utility.Table	code/Lua/decompiled/NoCDTrain/Board/NoCDTrainItemLayerModel.lua	static name match; dynamic dispatch not included
NoCDTrain.Board.NoCDTrainItemLayerModel	25	Table.IsEmpty	Common.Utility.Table	code/Lua/decompiled/NoCDTrain/Board/NoCDTrainItemLayerModel.lua	static name match; dynamic dispatch not included
NoCDTrain.Board.NoCDTrainItemLayerModel	39	Table.IsEmpty	Common.Utility.Table	code/Lua/decompiled/NoCDTrain/Board/NoCDTrainItemLayerModel.lua	static name match; dynamic dispatch not included
NoCDTrain.Board.NoCDTrainItemLayerModel	42	ItemModelFactory.CreateWithCode	Board.Model.ItemModelFactory	code/Lua/decompiled/NoCDTrain/Board/NoCDTrainItemLayerModel.lua	static name match; dynamic dispatch not included
NoCDTrain.Model.NoCDTrainModel	27	StringUtil.IsNilOrEmpty	Common.Utility.StringUtil	code/Lua/decompiled/NoCDTrain/Model/NoCDTrainModel.lua	static name match; dynamic dispatch not included
NoCDTrain.Model.NoCDTrainModel	27	StringUtil.StartWith	Common.Utility.StringUtil	code/Lua/decompiled/NoCDTrain/Model/NoCDTrainModel.lua	static name match; dynamic dispatch not included
NoCDTrain.Model.NoCDTrainModel	36	ActivityManager.GetModel	Model.Activity.ActivityManager	code/Lua/decompiled/NoCDTrain/Model/NoCDTrainModel.lua	static name match; dynamic dispatch not included
NoCDTrain.Model.NoCDTrainModel	37	Table.Contain	Common.Utility.Table	code/Lua/decompiled/NoCDTrain/Model/NoCDTrainModel.lua	static name match; dynamic dispatch not included
NoCDTrain.Model.NoCDTrainModel	37	ItemDataModel.GetChainId	Board.Model.ItemDataModel	code/Lua/decompiled/NoCDTrain/Model/NoCDTrainModel.lua	static name match; dynamic dispatch not included
NoCDTrain.Model.NoCDTrainModel	49	StringUtil.IsNilOrEmpty	Common.Utility.StringUtil	code/Lua/decompiled/NoCDTrain/Model/NoCDTrainModel.lua	static name match; dynamic dispatch not included
NoCDTrain.Model.NoCDTrainModel	49	StringUtil.StartWith	Common.Utility.StringUtil	code/Lua/decompiled/NoCDTrain/Model/NoCDTrainModel.lua	static name match; dynamic dispatch not included
NoCDTrain.Model.NoCDTrainModel	52	ItemDataModel.GetChainId	Board.Model.ItemDataModel	code/Lua/decompiled/NoCDTrain/Model/NoCDTrainModel.lua	static name match; dynamic dispatch not included
NoCDTrain.Model.NoCDTrainModel	59	ActivityManager.GetModel	Model.Activity.ActivityManager	code/Lua/decompiled/NoCDTrain/Model/NoCDTrainModel.lua	static name match; dynamic dispatch not included
NoCDTrain.Model.NoCDTrainModel	60	Table.Contain	Common.Utility.Table	code/Lua/decompiled/NoCDTrain/Model/NoCDTrainModel.lua	static name match; dynamic dispatch not included
NoCDTrain.Model.NoCDTrainModel	77	ActivityManager.GetModel	Model.Activity.ActivityManager	code/Lua/decompiled/NoCDTrain/Model/NoCDTrainModel.lua	static name match; dynamic dispatch not included
NoCDTrain.Model.NoCDTrainModel	94	ActivityManager.GetModel	Model.Activity.ActivityManager	code/Lua/decompiled/NoCDTrain/Model/NoCDTrainModel.lua	static name match; dynamic dispatch not included
NoCDTrain.Model.NoCDTrainModel	109	BaseActivityModel._DropData	Model.Activity.BaseActivityModel	code/Lua/decompiled/NoCDTrain/Model/NoCDTrainModel.lua	static name match; dynamic dispatch not included
NoCDTrain.Model.NoCDTrainModel	164	Table.IsEmpty	Common.Utility.Table	code/Lua/decompiled/NoCDTrain/Model/NoCDTrainModel.lua	static name match; dynamic dispatch not included
NoCDTrain.Model.NoCDTrainModel	164	ItemChangeHelper.HasItemChanged	Board.Model.ItemChangeHelper	code/Lua/decompiled/NoCDTrain/Model/NoCDTrainModel.lua	static name match; dynamic dispatch not included
NoCDTrain.Model.NoCDTrainModel	190	GameModel.GetServerTime	Model.GameModel	code/Lua/decompiled/NoCDTrain/Model/NoCDTrainModel.lua	static name match; dynamic dispatch not included
NoCDTrain.Model.NoCDTrainModel	202	BaseActivityModel._OnStateChanged	Model.Activity.BaseActivityModel	code/Lua/decompiled/NoCDTrain/Model/NoCDTrainModel.lua	static name match; dynamic dispatch not included
NoCDTrain.Model.NoCDTrainModel	206	NoCDTrainBoardModel.Create	NoCDTrain.Board.NoCDTrainBoardModel	code/Lua/decompiled/NoCDTrain/Model/NoCDTrainModel.lua	static name match; dynamic dispatch not included
NoCDTrain.Model.NoCDTrainModel	215	EventDispatcher.DispatchEvent	Common.Event.EventDispatcher	code/Lua/decompiled/NoCDTrain/Model/NoCDTrainModel.lua	static name match; dynamic dispatch not included
NoCDTrain.Model.NoCDTrainModel	216	EventDispatcher.DispatchEvent	Common.Event.EventDispatcher	code/Lua/decompiled/NoCDTrain/Model/NoCDTrainModel.lua	static name match; dynamic dispatch not included
NoCDTrain.Model.NoCDTrainModel	228	Table.IsEmpty	Common.Utility.Table	code/Lua/decompiled/NoCDTrain/Model/NoCDTrainModel.lua	static name match; dynamic dispatch not included
NoCDTrain.Model.NoCDTrainModel	246	GameModel.GetServerTime	Model.GameModel	code/Lua/decompiled/NoCDTrain/Model/NoCDTrainModel.lua	static name match; dynamic dispatch not included
NoCDTrain.Model.NoCDTrainModel	251	GameModel.GetServerTime	Model.GameModel	code/Lua/decompiled/NoCDTrain/Model/NoCDTrainModel.lua	static name match; dynamic dispatch not included
NoCDTrain.Model.NoCDTrainModel	270	EventDispatcher.DispatchEvent	Common.Event.EventDispatcher	code/Lua/decompiled/NoCDTrain/Model/NoCDTrainModel.lua	static name match; dynamic dispatch not included
NoCDTrain.Model.NoCDTrainModel	271	EventDispatcher.DispatchEvent	Common.Event.EventDispatcher	code/Lua/decompiled/NoCDTrain/Model/NoCDTrainModel.lua	static name match; dynamic dispatch not included
NoCDTrain.Model.NoCDTrainModel	280	EventDispatcher.DispatchEvent	Common.Event.EventDispatcher	code/Lua/decompiled/NoCDTrain/Model/NoCDTrainModel.lua	static name match; dynamic dispatch not included
NoCDTrain.Model.NoCDTrainModel	281	EventDispatcher.DispatchEvent	Common.Event.EventDispatcher	code/Lua/decompiled/NoCDTrain/Model/NoCDTrainModel.lua	static name match; dynamic dispatch not included
NoCDTrain.Model.NoCDTrainModel	316	Table.IsEmpty	Common.Utility.Table	code/Lua/decompiled/NoCDTrain/Model/NoCDTrainModel.lua	static name match; dynamic dispatch not included
NoCDTrain.Model.NoCDTrainModel	342	Table.IsEmpty	Common.Utility.Table	code/Lua/decompiled/NoCDTrain/Model/NoCDTrainModel.lua	static name match; dynamic dispatch not included
NoCDTrain.Model.NoCDTrainModel	346	Table.ListRemove	Common.Utility.Table	code/Lua/decompiled/NoCDTrain/Model/NoCDTrainModel.lua	static name match; dynamic dispatch not included
NoCDTrain.Model.NoCDTrainModel	350	EventDispatcher.DispatchEvent	Common.Event.EventDispatcher	code/Lua/decompiled/NoCDTrain/Model/NoCDTrainModel.lua	static name match; dynamic dispatch not included
NoCDTrain.Model.NoCDTrainModel	362	GameModel.GetServerTime	Model.GameModel	code/Lua/decompiled/NoCDTrain/Model/NoCDTrainModel.lua	static name match; dynamic dispatch not included
NoCDTrain.Model.NoCDTrainModel	374	GameModel.GetServerTime	Model.GameModel	code/Lua/decompiled/NoCDTrain/Model/NoCDTrainModel.lua	static name match; dynamic dispatch not included
NoCDTrain.Model.NoCDTrainModel	389	Table.IsEmpty	Common.Utility.Table	code/Lua/decompiled/NoCDTrain/Model/NoCDTrainModel.lua	static name match; dynamic dispatch not included
NoCDTrain.Model.NoCDTrainModel	392	Table.IsEmpty	Common.Utility.Table	code/Lua/decompiled/NoCDTrain/Model/NoCDTrainModel.lua	static name match; dynamic dispatch not included
NoCDTrain.Model.NoCDTrainModel	395	NoCDTrainBoardModel.GetValidPositionIterator	NoCDTrain.Board.NoCDTrainBoardModel	code/Lua/decompiled/NoCDTrain/Model/NoCDTrainModel.lua	static name match; dynamic dispatch not included
NoCDTrain.Model.NoCDTrainModel	397	StringUtil.StartWith	Common.Utility.StringUtil	code/Lua/decompiled/NoCDTrain/Model/NoCDTrainModel.lua	static name match; dynamic dispatch not included
NoCDTrain.Model.NoCDTrainModel	404	GameModel.GetServerTime	Model.GameModel	code/Lua/decompiled/NoCDTrain/Model/NoCDTrainModel.lua	static name match; dynamic dispatch not included
NoCDTrain.Model.NoCDTrainModel	407	Table.IsEmpty	Common.Utility.Table	code/Lua/decompiled/NoCDTrain/Model/NoCDTrainModel.lua	static name match; dynamic dispatch not included
NoCDTrain.Model.NoCDTrainModel	410	Table.Contain	Common.Utility.Table	code/Lua/decompiled/NoCDTrain/Model/NoCDTrainModel.lua	static name match; dynamic dispatch not included
NoCDTrain.Model.NoCDTrainModel	425	NoCDTrainBoardModel.GetValidPositionIterator	NoCDTrain.Board.NoCDTrainBoardModel	code/Lua/decompiled/NoCDTrain/Model/NoCDTrainModel.lua	static name match; dynamic dispatch not included
NoCDTrain.Model.NoCDTrainModel	427	StringUtil.StartWith	Common.Utility.StringUtil	code/Lua/decompiled/NoCDTrain/Model/NoCDTrainModel.lua	static name match; dynamic dispatch not included
NoCDTrain.Model.NoCDTrainModel	447	Table.IsEmpty	Common.Utility.Table	code/Lua/decompiled/NoCDTrain/Model/NoCDTrainModel.lua	static name match; dynamic dispatch not included
NoCDTrain.Model.NoCDTrainModel	451	Table.IsEmpty	Common.Utility.Table	code/Lua/decompiled/NoCDTrain/Model/NoCDTrainModel.lua	static name match; dynamic dispatch not included
NoCDTrain.Model.NoCDTrainModel	457	Table.IsEmpty	Common.Utility.Table	code/Lua/decompiled/NoCDTrain/Model/NoCDTrainModel.lua	static name match; dynamic dispatch not included
NoCDTrain.Model.NoCDTrainModel	487	Table.IsEmpty	Common.Utility.Table	code/Lua/decompiled/NoCDTrain/Model/NoCDTrainModel.lua	static name match; dynamic dispatch not included
NoCDTrain.Model.NoCDTrainModel	545	MainBoardModel.FinishBingoOrder	Board.Model.Board.MainBoardModel	code/Lua/decompiled/NoCDTrain/Model/NoCDTrainModel.lua	static name match; dynamic dispatch not included
NoCDTrain.Model.NoCDTrainModel	562	RewardApi.AcquireRewardsLogic	Model.UserData.RewardApi	code/Lua/decompiled/NoCDTrain/Model/NoCDTrainModel.lua	static name match; dynamic dispatch not included
NoCDTrain.Model.NoCDTrainModel	569	Table.IsEmpty	Common.Utility.Table	code/Lua/decompiled/NoCDTrain/Model/NoCDTrainModel.lua	static name match; dynamic dispatch not included
NoCDTrain.Model.NoCDTrainModel	575	EventDispatcher.DispatchEvent	Common.Event.EventDispatcher	code/Lua/decompiled/NoCDTrain/Model/NoCDTrainModel.lua	static name match; dynamic dispatch not included
NoCDTrain.Model.NoCDTrainModel	580	EventDispatcher.DispatchEvent	Common.Event.EventDispatcher	code/Lua/decompiled/NoCDTrain/Model/NoCDTrainModel.lua	static name match; dynamic dispatch not included
NoCDTrain.Model.NoCDTrainModel	581	EventDispatcher.DispatchEvent	Common.Event.EventDispatcher	code/Lua/decompiled/NoCDTrain/Model/NoCDTrainModel.lua	static name match; dynamic dispatch not included
NoCDTrain.Model.NoCDTrainModel	585	EventDispatcher.DispatchEvent	Common.Event.EventDispatcher	code/Lua/decompiled/NoCDTrain/Model/NoCDTrainModel.lua	static name match; dynamic dispatch not included
NoCDTrain.Model.NoCDTrainModel	586	EventDispatcher.DispatchEvent	Common.Event.EventDispatcher	code/Lua/decompiled/NoCDTrain/Model/NoCDTrainModel.lua	static name match; dynamic dispatch not included
NoCDTrain.Model.NoCDTrainModel	587	EventDispatcher.DispatchEvent	Common.Event.EventDispatcher	code/Lua/decompiled/NoCDTrain/Model/NoCDTrainModel.lua	static name match; dynamic dispatch not included
NoCDTrain.Model.NoCDTrainModel	603	Table.IsEmpty	Common.Utility.Table	code/Lua/decompiled/NoCDTrain/Model/NoCDTrainModel.lua	static name match; dynamic dispatch not included
NoCDTrain.Model.NoCDTrainModel	613	Table.IsEmpty	Common.Utility.Table	code/Lua/decompiled/NoCDTrain/Model/NoCDTrainModel.lua	static name match; dynamic dispatch not included
NoCDTrain.Model.NoCDTrainModel	619	Table.DeepCopy	Common.Utility.Table	code/Lua/decompiled/NoCDTrain/Model/NoCDTrainModel.lua	static name match; dynamic dispatch not included
NoCDTrain.Model.NoCDTrainModel	621	MainBoardModel.GetItemScoreByUnlockGen	Board.Model.Board.MainBoardModel	code/Lua/decompiled/NoCDTrain/Model/NoCDTrainModel.lua	static name match; dynamic dispatch not included
NoCDTrain.Model.NoCDTrainModel	627	LevelModel.GetCurrentLevel	Model.UserData.LevelModel	code/Lua/decompiled/NoCDTrain/Model/NoCDTrainModel.lua	static name match; dynamic dispatch not included
NoCDTrain.Model.NoCDTrainModel	639	Table.IsEmpty	Common.Utility.Table	code/Lua/decompiled/NoCDTrain/Model/NoCDTrainModel.lua	static name match; dynamic dispatch not included
NoCDTrain.Model.NoCDTrainModel	710	Table.IsEmpty	Common.Utility.Table	code/Lua/decompiled/NoCDTrain/Model/NoCDTrainModel.lua	static name match; dynamic dispatch not included
NoCDTrain.Model.NoCDTrainModel	738	Table.IsEmpty	Common.Utility.Table	code/Lua/decompiled/NoCDTrain/Model/NoCDTrainModel.lua	static name match; dynamic dispatch not included
NoCDTrain.Model.NoCDTrainModel	746	ItemDataModel.GetChainId	Board.Model.ItemDataModel	code/Lua/decompiled/NoCDTrain/Model/NoCDTrainModel.lua	static name match; dynamic dispatch not included
NoCDTrain.Model.NoCDTrainModel	750	ItemDataModel.GetChainGenerator	Board.Model.ItemDataModel	code/Lua/decompiled/NoCDTrain/Model/NoCDTrainModel.lua	static name match; dynamic dispatch not included
NoCDTrain.Model.NoCDTrainModel	751	Table.Contain	Common.Utility.Table	code/Lua/decompiled/NoCDTrain/Model/NoCDTrainModel.lua	static name match; dynamic dispatch not included
NoCDTrain.Model.NoCDTrainModel	785	Table.IsEmpty	Common.Utility.Table	code/Lua/decompiled/NoCDTrain/Model/NoCDTrainModel.lua	static name match; dynamic dispatch not included
NoCDTrain.Model.NoCDTrainModel	788	GameModel.GetServerTime	Model.GameModel	code/Lua/decompiled/NoCDTrain/Model/NoCDTrainModel.lua	static name match; dynamic dispatch not included
NoCDTrain.Model.NoCDTrainModel	810	Table.IsEmpty	Common.Utility.Table	code/Lua/decompiled/NoCDTrain/Model/NoCDTrainModel.lua	static name match; dynamic dispatch not included
NoCDTrain.Model.NoCDTrainModel	814	GameModel.GetServerTime	Model.GameModel	code/Lua/decompiled/NoCDTrain/Model/NoCDTrainModel.lua	static name match; dynamic dispatch not included
NoCDTrain.Model.NoCDTrainModel	823	NoCDTrainBoardModel.GetValidPositionIterator	NoCDTrain.Board.NoCDTrainBoardModel	code/Lua/decompiled/NoCDTrain/Model/NoCDTrainModel.lua	static name match; dynamic dispatch not included
NoCDTrain.Model.NoCDTrainModel	825	StringUtil.StartWith	Common.Utility.StringUtil	code/Lua/decompiled/NoCDTrain/Model/NoCDTrainModel.lua	static name match; dynamic dispatch not included
NoCDTrain.Model.NoCDTrainModel	837	Table.IsEmpty	Common.Utility.Table	code/Lua/decompiled/NoCDTrain/Model/NoCDTrainModel.lua	static name match; dynamic dispatch not included
NoCDTrain.Model.NoCDTrainModel	876	StringUtil.StartWith	Common.Utility.StringUtil	code/Lua/decompiled/NoCDTrain/Model/NoCDTrainModel.lua	static name match; dynamic dispatch not included
NoCDTrain.Model.NoCDTrainModel	879	ItemDataModel.GetChainGenerator	Board.Model.ItemDataModel	code/Lua/decompiled/NoCDTrain/Model/NoCDTrainModel.lua	static name match; dynamic dispatch not included
NoCDTrain.Model.NoCDTrainModel	879	ItemDataModel.GetChainId	Board.Model.ItemDataModel	code/Lua/decompiled/NoCDTrain/Model/NoCDTrainModel.lua	static name match; dynamic dispatch not included
NoCDTrain.Model.NoCDTrainModel	880	Table.Contain	Common.Utility.Table	code/Lua/decompiled/NoCDTrain/Model/NoCDTrainModel.lua	static name match; dynamic dispatch not included
NoCDTrain.Model.NoCDTrainModel	887	NoCDTrainBoardModel.GetValidPositionIterator	NoCDTrain.Board.NoCDTrainBoardModel	code/Lua/decompiled/NoCDTrain/Model/NoCDTrainModel.lua	static name match; dynamic dispatch not included
NoCDTrain.Model.NoCDTrainModel	889	StringUtil.StartWith	Common.Utility.StringUtil	code/Lua/decompiled/NoCDTrain/Model/NoCDTrainModel.lua	static name match; dynamic dispatch not included
NoCDTrain.Model.NoCDTrainModel	891	MainBoardModel.GetItemScoreByUnlockGen	Board.Model.Board.MainBoardModel	code/Lua/decompiled/NoCDTrain/Model/NoCDTrainModel.lua	static name match; dynamic dispatch not included
NoCDTrain.Model.NoCDTrainModel	898	RewardApi.AcquireRewardsLogic	Model.UserData.RewardApi	code/Lua/decompiled/NoCDTrain/Model/NoCDTrainModel.lua	static name match; dynamic dispatch not included
NoCDTrain.Model.NoCDTrainModel	905	EventDispatcher.DispatchEvent	Common.Event.EventDispatcher	code/Lua/decompiled/NoCDTrain/Model/NoCDTrainModel.lua	static name match; dynamic dispatch not included
NoCDTrain.Model.NoCDTrainModel	906	EventDispatcher.DispatchEvent	Common.Event.EventDispatcher	code/Lua/decompiled/NoCDTrain/Model/NoCDTrainModel.lua	static name match; dynamic dispatch not included
NoCDTrain.Model.NoCDTrainModel	916	NoCDTrainBoardModel.GetValidPositionIterator	NoCDTrain.Board.NoCDTrainBoardModel	code/Lua/decompiled/NoCDTrain/Model/NoCDTrainModel.lua	static name match; dynamic dispatch not included
NoCDTrain.Model.NoCDTrainModel	918	StringUtil.StartWith	Common.Utility.StringUtil	code/Lua/decompiled/NoCDTrain/Model/NoCDTrainModel.lua	static name match; dynamic dispatch not included
NoCDTrain.Model.NoCDTrainModel	919	MainBoardModel.GetItemScoreByUnlockGen	Board.Model.Board.MainBoardModel	code/Lua/decompiled/NoCDTrain/Model/NoCDTrainModel.lua	static name match; dynamic dispatch not included
NoCDTrain.Model.NoCDTrainModel	932	StringUtil.StartWith	Common.Utility.StringUtil	code/Lua/decompiled/NoCDTrain/Model/NoCDTrainModel.lua	static name match; dynamic dispatch not included
NoCDTrain.Model.NoCDTrainModel	934	StringUtil.Split	Common.Utility.StringUtil	code/Lua/decompiled/NoCDTrain/Model/NoCDTrainModel.lua	static name match; dynamic dispatch not included
UI.Button.InventoryButton	7	EventDispatcher.AddListener	Common.Event.EventDispatcher	code/Lua/decompiled/UI/Button/InventoryButton.lua	static name match; dynamic dispatch not included
UI.Button.InventoryButton	8	EventDispatcher.AddListener	Common.Event.EventDispatcher	code/Lua/decompiled/UI/Button/InventoryButton.lua	static name match; dynamic dispatch not included
UI.Button.InventoryButton	9	EventDispatcher.AddListener	Common.Event.EventDispatcher	code/Lua/decompiled/UI/Button/InventoryButton.lua	static name match; dynamic dispatch not included
UI.Button.InventoryButton	10	EventDispatcher.AddListener	Common.Event.EventDispatcher	code/Lua/decompiled/UI/Button/InventoryButton.lua	static name match; dynamic dispatch not included
UI.Button.InventoryButton	11	EventDispatcher.AddListener	Common.Event.EventDispatcher	code/Lua/decompiled/UI/Button/InventoryButton.lua	static name match; dynamic dispatch not included
UI.Button.InventoryButton	12	EventDispatcher.AddListener	Common.Event.EventDispatcher	code/Lua/decompiled/UI/Button/InventoryButton.lua	static name match; dynamic dispatch not included
UI.Button.InventoryButton	18	MainBoardModel.IsToolBoxCollect	Board.Model.Board.MainBoardModel	code/Lua/decompiled/UI/Button/InventoryButton.lua	static name match; dynamic dispatch not included
UI.Button.InventoryButton	19	EventDispatcher.AddListener	Common.Event.EventDispatcher	code/Lua/decompiled/UI/Button/InventoryButton.lua	static name match; dynamic dispatch not included
UI.Button.InventoryButton	20	EventDispatcher.AddListener	Common.Event.EventDispatcher	code/Lua/decompiled/UI/Button/InventoryButton.lua	static name match; dynamic dispatch not included
UI.Button.InventoryButton	23	PropertyDataManager.GetPropertyNum	Model.UserData.PropertyDataManager	code/Lua/decompiled/UI/Button/InventoryButton.lua	static name match; dynamic dispatch not included
UI.Button.InventoryButton	28	MainBoardModel.GetItemStoreModel	Board.Model.Board.MainBoardModel	code/Lua/decompiled/UI/Button/InventoryButton.lua	static name match; dynamic dispatch not included
UI.Button.InventoryButton	46	OpenFunctionModel.IsFunctionOpen	Model.OpenFunctionModel	code/Lua/decompiled/UI/Button/InventoryButton.lua	static name match; dynamic dispatch not included
UI.Button.InventoryButton	66	Scheduler.Unschedule	Common.Utility.Scheduler	code/Lua/decompiled/UI/Button/InventoryButton.lua	static name match; dynamic dispatch not included
UI.Button.InventoryButton	67	Scheduler.UnscheduleTarget	Common.Utility.Scheduler	code/Lua/decompiled/UI/Button/InventoryButton.lua	static name match; dynamic dispatch not included
UI.Button.InventoryButton	74	OpenFunctionModel.IsFunctionOpen	Model.OpenFunctionModel	code/Lua/decompiled/UI/Button/InventoryButton.lua	static name match; dynamic dispatch not included
UI.Button.InventoryButton	96	Scheduler.Schedule	Common.Utility.Scheduler	code/Lua/decompiled/UI/Button/InventoryButton.lua	static name match; dynamic dispatch not included
UI.Button.InventoryButton	100	Scheduler.Unschedule	Common.Utility.Scheduler	code/Lua/decompiled/UI/Button/InventoryButton.lua	static name match; dynamic dispatch not included
UI.Button.InventoryButton	108	OpenFunctionModel.GetFunctionEnableLevel	Model.OpenFunctionModel	code/Lua/decompiled/UI/Button/InventoryButton.lua	static name match; dynamic dispatch not included
UI.Button.InventoryButton	111	PositionUtil.UICameraWorld2Screen	Common.Utility.PositionUtil	code/Lua/decompiled/UI/Button/InventoryButton.lua	static name match; dynamic dispatch not included
UI.Button.InventoryButton	167	ItemDataModel.GetChainId	Board.Model.ItemDataModel	code/Lua/decompiled/UI/Button/InventoryButton.lua	static name match; dynamic dispatch not included
UI.Button.InventoryButton	172	PropertyDataManager.GetPropertyNum	Model.UserData.PropertyDataManager	code/Lua/decompiled/UI/Button/InventoryButton.lua	static name match; dynamic dispatch not included
UI.Button.InventoryButton	196	PropertyDataManager.GetPropertyNum	Model.UserData.PropertyDataManager	code/Lua/decompiled/UI/Button/InventoryButton.lua	static name match; dynamic dispatch not included
UI.Button.InventoryButton	225	MainBoardModel.GetItemStoreModel	Board.Model.Board.MainBoardModel	code/Lua/decompiled/UI/Button/InventoryButton.lua	static name match; dynamic dispatch not included
WheelItem.Model.WheelItemData	15	Table.IsEmpty	Common.Utility.Table	code/Lua/decompiled/WheelItem/Model/WheelItemData.lua	static name match; dynamic dispatch not included
WheelItem.Model.WheelItemData	19	Table.ListAppend	Common.Utility.Table	code/Lua/decompiled/WheelItem/Model/WheelItemData.lua	static name match; dynamic dispatch not included
WheelItem.Model.WheelItemData	20	Table.ListAppend	Common.Utility.Table	code/Lua/decompiled/WheelItem/Model/WheelItemData.lua	static name match; dynamic dispatch not included
WheelItem.Model.WheelItemData	24	StringUtil.Split	Common.Utility.StringUtil	code/Lua/decompiled/WheelItem/Model/WheelItemData.lua	static name match; dynamic dispatch not included
WheelItem.Model.WheelItemData	26	StringUtil.Split	Common.Utility.StringUtil	code/Lua/decompiled/WheelItem/Model/WheelItemData.lua	static name match; dynamic dispatch not included
WheelItem.Model.WheelItemData	40	Table.ListWeightSelectOne	Common.Utility.Table	code/Lua/decompiled/WheelItem/Model/WheelItemData.lua	static name match; dynamic dispatch not included
WheelItem.Model.WheelItemModel	6	DBTableManager.GetTable	Model.DB.DBTableManager	code/Lua/decompiled/WheelItem/Model/WheelItemModel.lua	static name match; dynamic dispatch not included
WheelItem.Model.WheelItemModel	10	ConfigModel.GetLocalConfig	Model.ConfigModel	code/Lua/decompiled/WheelItem/Model/WheelItemModel.lua	static name match; dynamic dispatch not included
WheelItem.Model.WheelItemModel	18	WheelItemData.Create	WheelItem.Model.WheelItemData	code/Lua/decompiled/WheelItem/Model/WheelItemModel.lua	static name match; dynamic dispatch not included
WheelItem.Model.WheelItemModel	23	RewardApi.MergeRewards	Model.UserData.RewardApi	code/Lua/decompiled/WheelItem/Model/WheelItemModel.lua	static name match; dynamic dispatch not included
WheelItem.Model.WheelItemModel	49	StringUtil.Split	Common.Utility.StringUtil	code/Lua/decompiled/WheelItem/Model/WheelItemModel.lua	static name match; dynamic dispatch not included
WheelItem.Model.WheelItemModel	79	RewardApi.AcquireRewardsLogic	Model.UserData.RewardApi	code/Lua/decompiled/WheelItem/Model/WheelItemModel.lua	static name match; dynamic dispatch not included
Board.Model.Board.BaseActionBoardModel	5	BaseBoardModel.Init	Board.Model.Board.BaseBoardModel	code/Lua/decompiled/Board/Model/Board/BaseActionBoardModel.lua	static name match; dynamic dispatch not included
Board.Model.Board.BaseActionBoardModel	15	BaseBoardModel._RemoveItemProperty	Board.Model.Board.BaseBoardModel	code/Lua/decompiled/Board/Model/Board/BaseActionBoardModel.lua	static name match; dynamic dispatch not included
Board.Model.Board.BaseActionBoardModel	35	StringUtil.IsNilOrEmpty	Common.Utility.StringUtil	code/Lua/decompiled/Board/Model/Board/BaseActionBoardModel.lua	static name match; dynamic dispatch not included
Board.Model.Board.BaseActionBoardModel	56	EventDispatcher.DispatchEvent	Common.Event.EventDispatcher	code/Lua/decompiled/Board/Model/Board/BaseActionBoardModel.lua	static name match; dynamic dispatch not included
Board.Model.Board.BaseBoardModel	17	PairEvent.Create	Common.Event.PairEvent	code/Lua/decompiled/Board/Model/Board/BaseBoardModel.lua	static name match; dynamic dispatch not included
Board.Model.Board.BaseBoardModel	27	EventDispatcher.RemoveTarget	Common.Event.EventDispatcher	code/Lua/decompiled/Board/Model/Board/BaseBoardModel.lua	static name match; dynamic dispatch not included
Board.Model.Board.BaseBoardModel	51	BoardPosition.Create	Board.Model.Base.BoardPosition	code/Lua/decompiled/Board/Model/Board/BaseBoardModel.lua	static name match; dynamic dispatch not included
Board.Model.Board.BaseBoardModel	73	BoardPosition.Release	Board.Model.Base.BoardPosition	code/Lua/decompiled/Board/Model/Board/BaseBoardModel.lua	static name match; dynamic dispatch not included
Board.Model.Board.BaseBoardModel	93	BoardPosition.Release	Board.Model.Base.BoardPosition	code/Lua/decompiled/Board/Model/Board/BaseBoardModel.lua	static name match; dynamic dispatch not included
Board.Model.Board.BaseBoardModel	169	StringUtil.IsNilOrEmpty	Common.Utility.StringUtil	code/Lua/decompiled/Board/Model/Board/BaseBoardModel.lua	static name match; dynamic dispatch not included
Board.Model.Board.BaseBoardModel	172	ItemUtility.GetItemTypeByCode	Board.Model.ItemUtility	code/Lua/decompiled/Board/Model/Board/BaseBoardModel.lua	static name match; dynamic dispatch not included
Board.Model.Board.BaseBoardModel	214	ItemToken.GenerateTokenWhenSpreadItem	Board.Model.Item.ItemToken	code/Lua/decompiled/Board/Model/Board/BaseBoardModel.lua	static name match; dynamic dispatch not included
Board.Model.Board.BaseBoardModel	216	ItemModelFactory.CreateWithCode	Board.Model.ItemModelFactory	code/Lua/decompiled/Board/Model/Board/BaseBoardModel.lua	static name match; dynamic dispatch not included
Board.Model.Board.BaseBoardModel	225	ItemDataModel.IsUnlockedRewardConfigured	Board.Model.ItemDataModel	code/Lua/decompiled/Board/Model/Board/BaseBoardModel.lua	static name match; dynamic dispatch not included
Board.Model.Board.BaseBoardModel	233	ItemModelFactory.CreateWithCode	Board.Model.ItemModelFactory	code/Lua/decompiled/Board/Model/Board/BaseBoardModel.lua	static name match; dynamic dispatch not included
Board.Model.Board.BaseBoardModel	241	EventDispatcher.DispatchEvent	Common.Event.EventDispatcher	code/Lua/decompiled/Board/Model/Board/BaseBoardModel.lua	static name match; dynamic dispatch not included
Board.Model.Board.BaseBoardModel	271	SceneManager.GetGameMode	Model.SceneManager	code/Lua/decompiled/Board/Model/Board/BaseBoardModel.lua	static name match; dynamic dispatch not included
Board.Model.Board.BaseBoardModel	291	GameConfig.IsTestMode	Common.GameConfig	code/Lua/decompiled/Board/Model/Board/BaseBoardModel.lua	static name match; dynamic dispatch not included
Board.Model.Board.BaseItemLayerModel	4	Vector.Create	Common.Utility.Vector	code/Lua/decompiled/Board/Model/Board/BaseItemLayerModel.lua	static name match; dynamic dispatch not included
Board.Model.Board.BaseItemLayerModel	5	Vector.Create	Common.Utility.Vector	code/Lua/decompiled/Board/Model/Board/BaseItemLayerModel.lua	static name match; dynamic dispatch not included
Board.Model.Board.BaseItemLayerModel	6	Vector.Create	Common.Utility.Vector	code/Lua/decompiled/Board/Model/Board/BaseItemLayerModel.lua	static name match; dynamic dispatch not included
Board.Model.Board.BaseItemLayerModel	7	Vector.Create	Common.Utility.Vector	code/Lua/decompiled/Board/Model/Board/BaseItemLayerModel.lua	static name match; dynamic dispatch not included
Board.Model.Board.BaseItemLayerModel	10	Vector.Create	Common.Utility.Vector	code/Lua/decompiled/Board/Model/Board/BaseItemLayerModel.lua	static name match; dynamic dispatch not included
Board.Model.Board.BaseItemLayerModel	11	Vector.Create	Common.Utility.Vector	code/Lua/decompiled/Board/Model/Board/BaseItemLayerModel.lua	static name match; dynamic dispatch not included
Board.Model.Board.BaseItemLayerModel	12	Vector.Create	Common.Utility.Vector	code/Lua/decompiled/Board/Model/Board/BaseItemLayerModel.lua	static name match; dynamic dispatch not included
Board.Model.Board.BaseItemLayerModel	13	Vector.Create	Common.Utility.Vector	code/Lua/decompiled/Board/Model/Board/BaseItemLayerModel.lua	static name match; dynamic dispatch not included
Board.Model.Board.BaseItemLayerModel	14	Vector.Create	Common.Utility.Vector	code/Lua/decompiled/Board/Model/Board/BaseItemLayerModel.lua	static name match; dynamic dispatch not included
Board.Model.Board.BaseItemLayerModel	15	Vector.Create	Common.Utility.Vector	code/Lua/decompiled/Board/Model/Board/BaseItemLayerModel.lua	static name match; dynamic dispatch not included
Board.Model.Board.BaseItemLayerModel	16	Vector.Create	Common.Utility.Vector	code/Lua/decompiled/Board/Model/Board/BaseItemLayerModel.lua	static name match; dynamic dispatch not included
Board.Model.Board.BaseItemLayerModel	17	Vector.Create	Common.Utility.Vector	code/Lua/decompiled/Board/Model/Board/BaseItemLayerModel.lua	static name match; dynamic dispatch not included
Board.Model.Board.BaseItemLayerModel	49	Vector.Create	Common.Utility.Vector	code/Lua/decompiled/Board/Model/Board/BaseItemLayerModel.lua	static name match; dynamic dispatch not included
Board.Model.Board.BaseItemLayerModel	78	BoardPosition.Release	Board.Model.Base.BoardPosition	code/Lua/decompiled/Board/Model/Board/BaseItemLayerModel.lua	static name match; dynamic dispatch not included
Board.Model.Board.BaseItemLayerModel	84	Vector.Create	Common.Utility.Vector	code/Lua/decompiled/Board/Model/Board/BaseItemLayerModel.lua	static name match; dynamic dispatch not included
Board.Model.Board.BaseItemLayerModel	85	Vector.Create	Common.Utility.Vector	code/Lua/decompiled/Board/Model/Board/BaseItemLayerModel.lua	static name match; dynamic dispatch not included
Board.Model.Board.BaseItemLayerModel	86	Vector.Create	Common.Utility.Vector	code/Lua/decompiled/Board/Model/Board/BaseItemLayerModel.lua	static name match; dynamic dispatch not included
Board.Model.Board.BaseItemLayerModel	87	Vector.Create	Common.Utility.Vector	code/Lua/decompiled/Board/Model/Board/BaseItemLayerModel.lua	static name match; dynamic dispatch not included
Board.Model.Board.BaseItemLayerModel	88	Vector.Create	Common.Utility.Vector	code/Lua/decompiled/Board/Model/Board/BaseItemLayerModel.lua	static name match; dynamic dispatch not included
Board.Model.Board.BaseItemLayerModel	89	Vector.Create	Common.Utility.Vector	code/Lua/decompiled/Board/Model/Board/BaseItemLayerModel.lua	static name match; dynamic dispatch not included
Board.Model.Board.BaseItemLayerModel	90	Vector.Create	Common.Utility.Vector	code/Lua/decompiled/Board/Model/Board/BaseItemLayerModel.lua	static name match; dynamic dispatch not included
Board.Model.Board.BaseItemLayerModel	91	Vector.Create	Common.Utility.Vector	code/Lua/decompiled/Board/Model/Board/BaseItemLayerModel.lua	static name match; dynamic dispatch not included
Board.Model.Board.BaseItemLayerModel	95	ItemDataModel.GetChainLevel	Board.Model.ItemDataModel	code/Lua/decompiled/Board/Model/Board/BaseItemLayerModel.lua	static name match; dynamic dispatch not included
Board.Model.Board.BaseItemLayerModel	96	ItemDataModel.GetChainId	Board.Model.ItemDataModel	code/Lua/decompiled/Board/Model/Board/BaseItemLayerModel.lua	static name match; dynamic dispatch not included
Board.Model.Board.BaseItemLayerModel	106	ItemDataModel.GetChainId	Board.Model.ItemDataModel	code/Lua/decompiled/Board/Model/Board/BaseItemLayerModel.lua	static name match; dynamic dispatch not included
Board.Model.Board.BaseItemLayerModel	108	ItemDataModel.GetChainLevel	Board.Model.ItemDataModel	code/Lua/decompiled/Board/Model/Board/BaseItemLayerModel.lua	static name match; dynamic dispatch not included
Board.Model.Board.BaseItemLayerModel	122	BoardPosition.Release	Board.Model.Base.BoardPosition	code/Lua/decompiled/Board/Model/Board/BaseItemLayerModel.lua	static name match; dynamic dispatch not included
Board.Model.Board.BaseSceneBoardModel	7	BaseActionBoardModel.Init	Board.Model.Board.BaseActionBoardModel	code/Lua/decompiled/Board/Model/Board/BaseSceneBoardModel.lua	static name match; dynamic dispatch not included
Board.Model.Board.BaseSceneBoardModel	38	BaseBoardModel._CreateMatrix	Board.Model.Board.BaseBoardModel	code/Lua/decompiled/Board/Model/Board/BaseSceneBoardModel.lua	static name match; dynamic dispatch not included
Board.Model.Board.BaseSceneBoardModel	42	BaseBoardModel._CreatePosition	Board.Model.Board.BaseBoardModel	code/Lua/decompiled/Board/Model/Board/BaseSceneBoardModel.lua	static name match; dynamic dispatch not included
Board.Model.Board.BaseSceneBoardModel	46	BaseBoardModel._CreatePositionFromLocalPosition	Board.Model.Board.BaseBoardModel	code/Lua/decompiled/Board/Model/Board/BaseSceneBoardModel.lua	static name match; dynamic dispatch not included
Board.Model.Board.BaseSceneBoardModel	50	BaseBoardModel._GetValidPositionIterator	Board.Model.Board.BaseBoardModel	code/Lua/decompiled/Board/Model/Board/BaseSceneBoardModel.lua	static name match; dynamic dispatch not included
Board.Model.Board.BaseSceneBoardModel	55	ConfigModel.GetLocalConfig	Model.ConfigModel	code/Lua/decompiled/Board/Model/Board/BaseSceneBoardModel.lua	static name match; dynamic dispatch not included
Board.Model.Board.BaseSceneBoardModel	78	SceneManager.GetGameMode	Model.SceneManager	code/Lua/decompiled/Board/Model/Board/BaseSceneBoardModel.lua	static name match; dynamic dispatch not included
Board.Model.Board.BaseSceneBoardModel	97	SceneManager.GetGameMode	Model.SceneManager	code/Lua/decompiled/Board/Model/Board/BaseSceneBoardModel.lua	static name match; dynamic dispatch not included
Board.Model.Board.BaseSceneBoardModel	100	BaseActionBoardModel.UpdatePerSecond	Board.Model.Board.BaseActionBoardModel	code/Lua/decompiled/Board/Model/Board/BaseSceneBoardModel.lua	static name match; dynamic dispatch not included
Board.Model.Board.BaseSceneBoardModel	128	BaseActionBoardModel.SaveItemProperty	Board.Model.Board.BaseActionBoardModel	code/Lua/decompiled/Board/Model/Board/BaseSceneBoardModel.lua	static name match; dynamic dispatch not included
Board.Model.Board.BaseSceneBoardModel	129	EventDispatcher.DispatchEvent	Common.Event.EventDispatcher	code/Lua/decompiled/Board/Model/Board/BaseSceneBoardModel.lua	static name match; dynamic dispatch not included
Board.Model.Board.BaseSceneBoardModel	143	BaseActionBoardModel._SetItem	Board.Model.Board.BaseActionBoardModel	code/Lua/decompiled/Board/Model/Board/BaseSceneBoardModel.lua	static name match; dynamic dispatch not included
Board.Model.Board.BaseSceneBoardModel	154	EventDispatcher.DispatchEvent	Common.Event.EventDispatcher	code/Lua/decompiled/Board/Model/Board/BaseSceneBoardModel.lua	static name match; dynamic dispatch not included
Board.Model.Board.BaseSceneBoardModel	158	ConfigModel.IsServerControlOpen	Model.ConfigModel	code/Lua/decompiled/Board/Model/Board/BaseSceneBoardModel.lua	static name match; dynamic dispatch not included
Board.Model.Board.BaseSceneBoardModel	162	ItemModelFactory.CreateWithCode	Board.Model.ItemModelFactory	code/Lua/decompiled/Board/Model/Board/BaseSceneBoardModel.lua	static name match; dynamic dispatch not included
Board.Model.Board.BaseSceneBoardModel	167	EventDispatcher.DispatchEvent	Common.Event.EventDispatcher	code/Lua/decompiled/Board/Model/Board/BaseSceneBoardModel.lua	static name match; dynamic dispatch not included
Board.Model.Board.BaseSceneBoardModel	178	PropertyDataManager.Acquire	Model.UserData.PropertyDataManager	code/Lua/decompiled/Board/Model/Board/BaseSceneBoardModel.lua	static name match; dynamic dispatch not included
Board.Model.Board.BaseSceneBoardModel	180	EventDispatcher.DispatchEvent	Common.Event.EventDispatcher	code/Lua/decompiled/Board/Model/Board/BaseSceneBoardModel.lua	static name match; dynamic dispatch not included
Board.Model.Board.BaseSceneBoardModel	196	StringUtil.IsNilOrEmpty	Common.Utility.StringUtil	code/Lua/decompiled/Board/Model/Board/BaseSceneBoardModel.lua	static name match; dynamic dispatch not included
Board.Model.Board.BaseSceneBoardModel	196	ItemBoxSimilarUtility.IsBoxSimilarItem	Board.Model.ItemBoxSimilarUtility	code/Lua/decompiled/Board/Model/Board/BaseSceneBoardModel.lua	static name match; dynamic dispatch not included
Board.Model.Board.BaseSceneBoardModel	197	EventDispatcher.DispatchEvent	Common.Event.EventDispatcher	code/Lua/decompiled/Board/Model/Board/BaseSceneBoardModel.lua	static name match; dynamic dispatch not included
Board.Model.Board.BaseSceneBoardModel	202	StringUtil.IsNilOrEmpty	Common.Utility.StringUtil	code/Lua/decompiled/Board/Model/Board/BaseSceneBoardModel.lua	static name match; dynamic dispatch not included
Board.Model.Board.BaseSceneBoardModel	207	EventDispatcher.DispatchEvent	Common.Event.EventDispatcher	code/Lua/decompiled/Board/Model/Board/BaseSceneBoardModel.lua	static name match; dynamic dispatch not included
Board.Model.Board.BaseSceneBoardModel	211	StringUtil.IsNilOrEmpty	Common.Utility.StringUtil	code/Lua/decompiled/Board/Model/Board/BaseSceneBoardModel.lua	static name match; dynamic dispatch not included
Board.Model.Board.BaseSceneBoardModel	213	ActivityManager.GetModel	Model.Activity.ActivityManager	code/Lua/decompiled/Board/Model/Board/BaseSceneBoardModel.lua	static name match; dynamic dispatch not included
Board.Model.Board.BaseSceneBoardModel	220	EventDispatcher.DispatchEvent	Common.Event.EventDispatcher	code/Lua/decompiled/Board/Model/Board/BaseSceneBoardModel.lua	static name match; dynamic dispatch not included
Board.Model.Board.BaseSceneBoardModel	225	SceneManager.GetGameMode	Model.SceneManager	code/Lua/decompiled/Board/Model/Board/BaseSceneBoardModel.lua	static name match; dynamic dispatch not included
Board.Model.Board.BaseSceneBoardModel	236	StringUtil.IsNilOrEmpty	Common.Utility.StringUtil	code/Lua/decompiled/Board/Model/Board/BaseSceneBoardModel.lua	static name match; dynamic dispatch not included
Board.Model.Board.BaseSceneBoardModel	236	ItemBoxSimilarUtility.IsBoxSimilarItem	Board.Model.ItemBoxSimilarUtility	code/Lua/decompiled/Board/Model/Board/BaseSceneBoardModel.lua	static name match; dynamic dispatch not included
Board.Model.Board.BaseSceneBoardModel	237	EventDispatcher.DispatchEvent	Common.Event.EventDispatcher	code/Lua/decompiled/Board/Model/Board/BaseSceneBoardModel.lua	static name match; dynamic dispatch not included
Board.Model.Board.BaseSceneBoardModel	241	EventDispatcher.DispatchEvent	Common.Event.EventDispatcher	code/Lua/decompiled/Board/Model/Board/BaseSceneBoardModel.lua	static name match; dynamic dispatch not included
Board.Model.Board.BaseSceneBoardModel	242	ItemBoxSimilarUtility.AcquireItemRewards	Board.Model.ItemBoxSimilarUtility	code/Lua/decompiled/Board/Model/Board/BaseSceneBoardModel.lua	static name match; dynamic dispatch not included
Board.Model.Board.BaseSceneBoardModel	254	EventDispatcher.DispatchEvent	Common.Event.EventDispatcher	code/Lua/decompiled/Board/Model/Board/BaseSceneBoardModel.lua	static name match; dynamic dispatch not included
Board.Model.Board.BaseSceneBoardModel	268	Table.ShallowCopy	Common.Utility.Table	code/Lua/decompiled/Board/Model/Board/BaseSceneBoardModel.lua	static name match; dynamic dispatch not included
Board.Model.Board.BaseSceneBoardModel	272	Table.ShallowCopy	Common.Utility.Table	code/Lua/decompiled/Board/Model/Board/BaseSceneBoardModel.lua	static name match; dynamic dispatch not included
Board.Model.Board.BaseSceneBoardModel	275	RewardApi.AcquireRewardsLogic	Model.UserData.RewardApi	code/Lua/decompiled/Board/Model/Board/BaseSceneBoardModel.lua	static name match; dynamic dispatch not included
Board.Model.Board.BaseSceneBoardModel	281	EventDispatcher.DispatchEvent	Common.Event.EventDispatcher	code/Lua/decompiled/Board/Model/Board/BaseSceneBoardModel.lua	static name match; dynamic dispatch not included
Board.Model.Board.BaseSceneBoardModel	286	Table.IsEmpty	Common.Utility.Table	code/Lua/decompiled/Board/Model/Board/BaseSceneBoardModel.lua	static name match; dynamic dispatch not included
Board.Model.Board.BaseSceneBoardModel	292	Table.IsEmpty	Common.Utility.Table	code/Lua/decompiled/Board/Model/Board/BaseSceneBoardModel.lua	static name match; dynamic dispatch not included
Board.Model.Board.BaseSceneBoardModel	302	Table.IsEmpty	Common.Utility.Table	code/Lua/decompiled/Board/Model/Board/BaseSceneBoardModel.lua	static name match; dynamic dispatch not included
Board.Model.Board.BaseSceneBoardModel	310	ConfigModel.IsOrderGivePerformanceOpen	Model.ConfigModel	code/Lua/decompiled/Board/Model/Board/BaseSceneBoardModel.lua	static name match; dynamic dispatch not included
Board.Model.Board.BaseSceneBoardModel	314	RewardApi.FilterInvalidReward	Model.UserData.RewardApi	code/Lua/decompiled/Board/Model/Board/BaseSceneBoardModel.lua	static name match; dynamic dispatch not included
Board.Model.Board.BaseSceneBoardModel	315	RewardApi.FilterInvalidReward	Model.UserData.RewardApi	code/Lua/decompiled/Board/Model/Board/BaseSceneBoardModel.lua	static name match; dynamic dispatch not included
Board.Model.Board.BaseSceneBoardModel	316	RewardApi.AcquireRewardsLogic	Model.UserData.RewardApi	code/Lua/decompiled/Board/Model/Board/BaseSceneBoardModel.lua	static name match; dynamic dispatch not included
Board.Model.Board.BaseSceneBoardModel	324	RewardApi.AcquireRewardsInView	Model.UserData.RewardApi	code/Lua/decompiled/Board/Model/Board/BaseSceneBoardModel.lua	static name match; dynamic dispatch not included
Board.Model.Board.BaseSceneBoardModel	326	GameConfig.IsTestMode	Common.GameConfig	code/Lua/decompiled/Board/Model/Board/BaseSceneBoardModel.lua	static name match; dynamic dispatch not included
Board.Model.Board.BaseSceneBoardModel	353	EventDispatcher.DispatchEvent	Common.Event.EventDispatcher	code/Lua/decompiled/Board/Model/Board/BaseSceneBoardModel.lua	static name match; dynamic dispatch not included
Board.Model.Board.BaseSceneBoardModel	362	Table.IsEmpty	Common.Utility.Table	code/Lua/decompiled/Board/Model/Board/BaseSceneBoardModel.lua	static name match; dynamic dispatch not included
Board.Model.Board.BaseSceneBoardModel	375	ConfigModel.IsServerControlOpen	Model.ConfigModel	code/Lua/decompiled/Board/Model/Board/BaseSceneBoardModel.lua	static name match; dynamic dispatch not included
Board.Model.Board.BaseSceneBoardModel	420	ConfigModel.IsServerControlOpen	Model.ConfigModel	code/Lua/decompiled/Board/Model/Board/BaseSceneBoardModel.lua	static name match; dynamic dispatch not included
Board.Model.Board.BaseSceneBoardModel	490	ConfigModel.IsServerControlOpen	Model.ConfigModel	code/Lua/decompiled/Board/Model/Board/BaseSceneBoardModel.lua	static name match; dynamic dispatch not included
Board.Model.Board.BaseSceneBoardModel	526	ConfigModel.IsServerControlOpen	Model.ConfigModel	code/Lua/decompiled/Board/Model/Board/BaseSceneBoardModel.lua	static name match; dynamic dispatch not included
Board.Model.Board.BaseSceneBoardModel	556	GameModel.GetServerDay	Model.GameModel	code/Lua/decompiled/Board/Model/Board/BaseSceneBoardModel.lua	static name match; dynamic dispatch not included
Board.Model.Board.BaseSceneBoardModel	570	BaseOrder.CanDeliverByItem	Board.Model.Order.BaseOrder	code/Lua/decompiled/Board/Model/Board/BaseSceneBoardModel.lua	static name match; dynamic dispatch not included
Board.Model.Board.BaseSceneBoardModel	578	BaseOrder.CanDeliverByItem	Board.Model.Order.BaseOrder	code/Lua/decompiled/Board/Model/Board/BaseSceneBoardModel.lua	static name match; dynamic dispatch not included
Board.Model.Board.BaseSceneBoardModel	687	StringUtil.StartWith	Common.Utility.StringUtil	code/Lua/decompiled/Board/Model/Board/BaseSceneBoardModel.lua	static name match; dynamic dispatch not included
Board.Model.Board.BaseSceneBoardModel	687	StringUtil.StartWith	Common.Utility.StringUtil	code/Lua/decompiled/Board/Model/Board/BaseSceneBoardModel.lua	static name match; dynamic dispatch not included
Board.Model.Board.BaseSceneBoardModel	715	OpenFunctionModel.IsFunctionOpen	Model.OpenFunctionModel	code/Lua/decompiled/Board/Model/Board/BaseSceneBoardModel.lua	static name match; dynamic dispatch not included
Board.Model.Board.BaseSceneBoardModel	721	Table.IsEmpty	Common.Utility.Table	code/Lua/decompiled/Board/Model/Board/BaseSceneBoardModel.lua	static name match; dynamic dispatch not included
Board.Model.Board.BaseSceneBoardModel	741	BaseActionBoardModel.SpreadItem	Board.Model.Board.BaseActionBoardModel	code/Lua/decompiled/Board/Model/Board/BaseSceneBoardModel.lua	static name match; dynamic dispatch not included
Board.Model.Board.BaseSceneBoardModel	742	EventDispatcher.DispatchEvent	Common.Event.EventDispatcher	code/Lua/decompiled/Board/Model/Board/BaseSceneBoardModel.lua	static name match; dynamic dispatch not included
Board.Model.Board.BaseSceneBoardModel	751	ActivityManager.GetModel	Model.Activity.ActivityManager	code/Lua/decompiled/Board/Model/Board/BaseSceneBoardModel.lua	static name match; dynamic dispatch not included
Board.Model.Board.BaseSceneBoardModel	762	ItemFixedSpreadModel.GetEboxItemSequence	Board.Model.Board.ItemFixedSpreadModel	code/Lua/decompiled/Board/Model/Board/BaseSceneBoardModel.lua	static name match; dynamic dispatch not included
Board.Model.Board.BaseSceneBoardModel	766	ItemDataModel.GetModelConfig	Board.Model.ItemDataModel	code/Lua/decompiled/Board/Model/Board/BaseSceneBoardModel.lua	static name match; dynamic dispatch not included
Board.Model.Board.BaseSceneBoardModel	772	ItemDataModel.GetChainLevel	Board.Model.ItemDataModel	code/Lua/decompiled/Board/Model/Board/BaseSceneBoardModel.lua	static name match; dynamic dispatch not included
Board.Model.Board.BaseSceneBoardModel	773	ItemDataModel.GetChainLevel	Board.Model.ItemDataModel	code/Lua/decompiled/Board/Model/Board/BaseSceneBoardModel.lua	static name match; dynamic dispatch not included
Board.Model.Board.BaseSceneBoardModel	777	ActivityManager.GetModel	Model.Activity.ActivityManager	code/Lua/decompiled/Board/Model/Board/BaseSceneBoardModel.lua	static name match; dynamic dispatch not included
Board.Model.Board.BaseSceneBoardModel	821	EventDispatcher.DispatchEvent	Common.Event.EventDispatcher	code/Lua/decompiled/Board/Model/Board/BaseSceneBoardModel.lua	static name match; dynamic dispatch not included
Board.Model.Board.BaseSceneBoardModel	838	GameConfig.IsTestMode	Common.GameConfig	code/Lua/decompiled/Board/Model/Board/BaseSceneBoardModel.lua	static name match; dynamic dispatch not included
Board.Model.Board.BaseSceneBoardModel	890	ConfigModel.IsServerControlOpen	Model.ConfigModel	code/Lua/decompiled/Board/Model/Board/BaseSceneBoardModel.lua	static name match; dynamic dispatch not included
Board.Model.Board.BaseSceneBoardModel	902	EventDispatcher.DispatchEvent	Common.Event.EventDispatcher	code/Lua/decompiled/Board/Model/Board/BaseSceneBoardModel.lua	static name match; dynamic dispatch not included
Board.Model.Board.BaseSceneBoardModel	917	StringUtil.StartWith	Common.Utility.StringUtil	code/Lua/decompiled/Board/Model/Board/BaseSceneBoardModel.lua	static name match; dynamic dispatch not included
Board.Model.Board.BaseSceneBoardModel	917	StringUtil.StartWith	Common.Utility.StringUtil	code/Lua/decompiled/Board/Model/Board/BaseSceneBoardModel.lua	static name match; dynamic dispatch not included
Board.Model.Board.BaseSceneBoardModel	952	OpenFunctionModel.IsFunctionOpen	Model.OpenFunctionModel	code/Lua/decompiled/Board/Model/Board/BaseSceneBoardModel.lua	static name match; dynamic dispatch not included
Board.Model.Board.BaseSceneBoardModel	955	ConfigModel.GetMergedExtraProb	Model.ConfigModel	code/Lua/decompiled/Board/Model/Board/BaseSceneBoardModel.lua	static name match; dynamic dispatch not included
Board.Model.Board.BaseSceneBoardModel	981	StringUtil.Append	Common.Utility.StringUtil	code/Lua/decompiled/Board/Model/Board/BaseSceneBoardModel.lua	static name match; dynamic dispatch not included
Board.Model.Board.BaseSceneBoardModel	984	StringUtil.Append	Common.Utility.StringUtil	code/Lua/decompiled/Board/Model/Board/BaseSceneBoardModel.lua	static name match; dynamic dispatch not included
Board.Model.Board.BaseSceneBoardModel	987	StringUtil.Append	Common.Utility.StringUtil	code/Lua/decompiled/Board/Model/Board/BaseSceneBoardModel.lua	static name match; dynamic dispatch not included
Board.Model.Board.BaseSceneBoardModel	990	StringUtil.Append	Common.Utility.StringUtil	code/Lua/decompiled/Board/Model/Board/BaseSceneBoardModel.lua	static name match; dynamic dispatch not included
Board.Model.Board.BaseSceneBoardModel	997	EventDispatcher.DispatchEvent	Common.Event.EventDispatcher	code/Lua/decompiled/Board/Model/Board/BaseSceneBoardModel.lua	static name match; dynamic dispatch not included
Board.Model.Board.BaseSceneBoardModel	998	MainBoardModel.GetOrderModel	Board.Model.Board.MainBoardModel	code/Lua/decompiled/Board/Model/Board/BaseSceneBoardModel.lua	static name match; dynamic dispatch not included
Board.Model.Board.BaseSceneBoardModel	1006	StringUtil.Append	Common.Utility.StringUtil	code/Lua/decompiled/Board/Model/Board/BaseSceneBoardModel.lua	static name match; dynamic dispatch not included
Board.Model.Board.BaseSceneBoardModel	1020	GameConfig.IsTestMode	Common.GameConfig	code/Lua/decompiled/Board/Model/Board/BaseSceneBoardModel.lua	static name match; dynamic dispatch not included
Board.Model.Board.BaseSceneBoardModel	1027	ActivityManager.AddIceItemInfo	Model.Activity.ActivityManager	code/Lua/decompiled/Board/Model/Board/BaseSceneBoardModel.lua	static name match; dynamic dispatch not included
Board.Model.Board.BaseSceneBoardModel	1033	OpenFunctionModel.IsFunctionOpen	Model.OpenFunctionModel	code/Lua/decompiled/Board/Model/Board/BaseSceneBoardModel.lua	static name match; dynamic dispatch not included
Board.Model.Board.BaseSceneBoardModel	1036	LevelModel.GetCurrentLevel	Model.UserData.LevelModel	code/Lua/decompiled/Board/Model/Board/BaseSceneBoardModel.lua	static name match; dynamic dispatch not included
Board.Model.Board.BaseSceneBoardModel	1036	SystemConfigModel.GetConfig	Model.SystemConfigModel	code/Lua/decompiled/Board/Model/Board/BaseSceneBoardModel.lua	static name match; dynamic dispatch not included
Board.Model.Board.BaseSceneBoardModel	1037	ItemDataModel.GetChainId	Board.Model.ItemDataModel	code/Lua/decompiled/Board/Model/Board/BaseSceneBoardModel.lua	static name match; dynamic dispatch not included
Board.Model.Board.BaseSceneBoardModel	1039	ItemDataModel.GetChainGenerator	Board.Model.ItemDataModel	code/Lua/decompiled/Board/Model/Board/BaseSceneBoardModel.lua	static name match; dynamic dispatch not included
Board.Model.Board.BaseSceneBoardModel	1041	ItemUtility.GetItemCode	Board.Model.ItemUtility	code/Lua/decompiled/Board/Model/Board/BaseSceneBoardModel.lua	static name match; dynamic dispatch not included
Board.Model.Board.BaseSceneBoardModel	1041	ItemDataModel.GetChainUnlockedLevel	Board.Model.ItemDataModel	code/Lua/decompiled/Board/Model/Board/BaseSceneBoardModel.lua	static name match; dynamic dispatch not included
Board.Model.Board.BaseSceneBoardModel	1043	MainBoardModel.GetOrderModel	Board.Model.Board.MainBoardModel	code/Lua/decompiled/Board/Model/Board/BaseSceneBoardModel.lua	static name match; dynamic dispatch not included
Board.Model.Board.BaseSceneBoardModel	1047	ItemDataModel.GetUnlockedMainGenerator	Board.Model.ItemDataModel	code/Lua/decompiled/Board/Model/Board/BaseSceneBoardModel.lua	static name match; dynamic dispatch not included
Board.Model.Board.BaseSceneBoardModel	1048	Table.ListContain	Common.Utility.Table	code/Lua/decompiled/Board/Model/Board/BaseSceneBoardModel.lua	static name match; dynamic dispatch not included
Board.Model.Board.BaseSceneBoardModel	1048	Table.ListContain	Common.Utility.Table	code/Lua/decompiled/Board/Model/Board/BaseSceneBoardModel.lua	static name match; dynamic dispatch not included
Board.Model.Board.BaseSceneBoardModel	1055	ConfigModel.ParseGeneralConf	Model.ConfigModel	code/Lua/decompiled/Board/Model/Board/BaseSceneBoardModel.lua	static name match; dynamic dispatch not included
Board.Model.Board.BaseSceneBoardModel	1057	MainBoardModel.GetItemScoreByUnlockGen	Board.Model.Board.MainBoardModel	code/Lua/decompiled/Board/Model/Board/BaseSceneBoardModel.lua	static name match; dynamic dispatch not included
Board.Model.Board.BaseSceneBoardModel	1058	ItemDataModel.GetModelConfig	Board.Model.ItemDataModel	code/Lua/decompiled/Board/Model/Board/BaseSceneBoardModel.lua	static name match; dynamic dispatch not included
Board.Model.Board.BaseSceneBoardModel	1071	GameConfig.IsTestMode	Common.GameConfig	code/Lua/decompiled/Board/Model/Board/BaseSceneBoardModel.lua	static name match; dynamic dispatch not included
Board.Model.Board.BaseSceneBoardModel	1071	PlayerPrefs.GetInt	Common.Utility.PlayerPrefs	code/Lua/decompiled/Board/Model/Board/BaseSceneBoardModel.lua	static name match; dynamic dispatch not included
Board.Model.Board.BaseSceneBoardModel	1089	ActivityManager.GetModel	Model.Activity.ActivityManager	code/Lua/decompiled/Board/Model/Board/BaseSceneBoardModel.lua	static name match; dynamic dispatch not included
Board.Model.Board.BaseSceneBoardModel	1104	RewardApi.AcquireRewardsLogic	Model.UserData.RewardApi	code/Lua/decompiled/Board/Model/Board/BaseSceneBoardModel.lua	static name match; dynamic dispatch not included
Board.Model.Board.BaseSceneBoardModel	1117	PropertyDataManager.Acquire	Model.UserData.PropertyDataManager	code/Lua/decompiled/Board/Model/Board/BaseSceneBoardModel.lua	static name match; dynamic dispatch not included
Board.Model.Board.BaseSceneBoardModel	1124	GameConfig.IsTestMode	Common.GameConfig	code/Lua/decompiled/Board/Model/Board/BaseSceneBoardModel.lua	static name match; dynamic dispatch not included
Board.Model.Board.BaseSceneBoardModel	1129	EventDispatcher.DispatchEvent	Common.Event.EventDispatcher	code/Lua/decompiled/Board/Model/Board/BaseSceneBoardModel.lua	static name match; dynamic dispatch not included
Board.Model.Board.BaseSceneBoardModel	1142	StringUtil.IsNilOrEmpty	Common.Utility.StringUtil	code/Lua/decompiled/Board/Model/Board/BaseSceneBoardModel.lua	static name match; dynamic dispatch not included
Board.Model.Board.BaseSceneBoardModel	1161	PropertyDataManager.Consume	Model.UserData.PropertyDataManager	code/Lua/decompiled/Board/Model/Board/BaseSceneBoardModel.lua	static name match; dynamic dispatch not included
Board.Model.Board.BaseSceneBoardModel	1169	GameConfig.IsTestMode	Common.GameConfig	code/Lua/decompiled/Board/Model/Board/BaseSceneBoardModel.lua	static name match; dynamic dispatch not included
Board.Model.Board.BaseSceneBoardModel	1174	EventDispatcher.DispatchEvent	Common.Event.EventDispatcher	code/Lua/decompiled/Board/Model/Board/BaseSceneBoardModel.lua	static name match; dynamic dispatch not included
Board.Model.Board.BaseSceneBoardModel	1185	ConfigModel.IsNewUserSystem	Model.ConfigModel	code/Lua/decompiled/Board/Model/Board/BaseSceneBoardModel.lua	static name match; dynamic dispatch not included
Board.Model.Board.BaseSceneBoardModel	1197	MiscModel.Get	Model.UserData.MiscModel	code/Lua/decompiled/Board/Model/Board/BaseSceneBoardModel.lua	static name match; dynamic dispatch not included
Board.Model.Board.BaseSceneBoardModel	1201	ItemDataModel.GetChainId	Board.Model.ItemDataModel	code/Lua/decompiled/Board/Model/Board/BaseSceneBoardModel.lua	static name match; dynamic dispatch not included
Board.Model.Board.BaseSceneBoardModel	1202	ItemDataModel.GetChainLevel	Board.Model.ItemDataModel	code/Lua/decompiled/Board/Model/Board/BaseSceneBoardModel.lua	static name match; dynamic dispatch not included
Board.Model.Board.BaseSceneBoardModel	1212	ItemDataModel.GetChainId	Board.Model.ItemDataModel	code/Lua/decompiled/Board/Model/Board/BaseSceneBoardModel.lua	static name match; dynamic dispatch not included
Board.Model.Board.BaseSceneBoardModel	1212	ItemDataModel.GetChainLevel	Board.Model.ItemDataModel	code/Lua/decompiled/Board/Model/Board/BaseSceneBoardModel.lua	static name match; dynamic dispatch not included
Board.Model.Board.BaseSceneBoardModel	1233	GameModel.GetServerTime	Model.GameModel	code/Lua/decompiled/Board/Model/Board/BaseSceneBoardModel.lua	static name match; dynamic dispatch not included
Board.Model.Board.BaseSceneBoardModel	1248	GameModel.GetServerTime	Model.GameModel	code/Lua/decompiled/Board/Model/Board/BaseSceneBoardModel.lua	static name match; dynamic dispatch not included
Board.Model.Board.BaseSceneBoardModel	1258	GameModel.GetServerTime	Model.GameModel	code/Lua/decompiled/Board/Model/Board/BaseSceneBoardModel.lua	static name match; dynamic dispatch not included
Board.Model.Board.BaseUIBoardItemLayerModel	11	BaseItemLayerModel.Init	Board.Model.Board.BaseItemLayerModel	code/Lua/decompiled/Board/Model/Board/BaseUIBoardItemLayerModel.lua	static name match; dynamic dispatch not included
Board.Model.Board.BaseUIBoardItemLayerModel	73	EventDispatcher.DispatchEvent	Common.Event.EventDispatcher	code/Lua/decompiled/Board/Model/Board/BaseUIBoardItemLayerModel.lua	static name match; dynamic dispatch not included
Board.Model.Board.BaseUIBoardItemLayerModel	136	Vector.Create	Common.Utility.Vector	code/Lua/decompiled/Board/Model/Board/BaseUIBoardItemLayerModel.lua	static name match; dynamic dispatch not included
Board.Model.Board.BaseUIBoardItemLayerModel	154	Table.IsEmpty	Common.Utility.Table	code/Lua/decompiled/Board/Model/Board/BaseUIBoardItemLayerModel.lua	static name match; dynamic dispatch not included
Board.Model.Board.BaseUIBoardItemLayerModel	163	ItemModelFactory.CreateWithCode	Board.Model.ItemModelFactory	code/Lua/decompiled/Board/Model/Board/BaseUIBoardItemLayerModel.lua	static name match; dynamic dispatch not included
Board.Model.Board.BaseUIBoardItemLayerModel	176	ItemModelFactory.CreateWithCode	Board.Model.ItemModelFactory	code/Lua/decompiled/Board/Model/Board/BaseUIBoardItemLayerModel.lua	static name match; dynamic dispatch not included
Board.Model.Board.BaseUIBoardModel	5	BaseActionBoardModel.Init	Board.Model.Board.BaseActionBoardModel	code/Lua/decompiled/Board/Model/Board/BaseUIBoardModel.lua	static name match; dynamic dispatch not included
Board.Model.Board.BaseUIBoardModel	6	ItemManager.Create	Board.Model.Board.ItemManager	code/Lua/decompiled/Board/Model/Board/BaseUIBoardModel.lua	static name match; dynamic dispatch not included
Board.Model.Board.BaseUIBoardModel	9	ActivityManager.GetModel	Model.Activity.ActivityManager	code/Lua/decompiled/Board/Model/Board/BaseUIBoardModel.lua	static name match; dynamic dispatch not included
Board.Model.Board.BaseUIBoardModel	13	ItemCacheModel.Create	Board.Model.Board.ItemCacheModel	code/Lua/decompiled/Board/Model/Board/BaseUIBoardModel.lua	static name match; dynamic dispatch not included
Board.Model.Board.BaseUIBoardModel	38	BaseBoardModel._CreatePosition	Board.Model.Board.BaseBoardModel	code/Lua/decompiled/Board/Model/Board/BaseUIBoardModel.lua	static name match; dynamic dispatch not included
Board.Model.Board.BaseUIBoardModel	50	Table.IsEmpty	Common.Utility.Table	code/Lua/decompiled/Board/Model/Board/BaseUIBoardModel.lua	static name match; dynamic dispatch not included
Board.Model.Board.BaseUIBoardModel	109	BaseActionBoardModel.UpdatePerSecond	Board.Model.Board.BaseActionBoardModel	code/Lua/decompiled/Board/Model/Board/BaseUIBoardModel.lua	static name match; dynamic dispatch not included
Board.Model.Board.BaseUIBoardModel	119	BaseActionBoardModel.Destroy	Board.Model.Board.BaseActionBoardModel	code/Lua/decompiled/Board/Model/Board/BaseUIBoardModel.lua	static name match; dynamic dispatch not included
Board.Model.Board.BaseUIBoardModel	144	EventDispatcher.DispatchEvent	Common.Event.EventDispatcher	code/Lua/decompiled/Board/Model/Board/BaseUIBoardModel.lua	static name match; dynamic dispatch not included
Board.Model.Board.BaseUIBoardModel	148	EventDispatcher.DispatchEvent	Common.Event.EventDispatcher	code/Lua/decompiled/Board/Model/Board/BaseUIBoardModel.lua	static name match; dynamic dispatch not included
Board.Model.Board.BaseUIBoardModel	166	StringUtil.IsNilOrEmpty	Common.Utility.StringUtil	code/Lua/decompiled/Board/Model/Board/BaseUIBoardModel.lua	static name match; dynamic dispatch not included
Board.Model.Board.BaseUIBoardModel	187	EventDispatcher.DispatchEvent	Common.Event.EventDispatcher	code/Lua/decompiled/Board/Model/Board/BaseUIBoardModel.lua	static name match; dynamic dispatch not included
Board.Model.Board.BaseUIBoardModel	229	EventDispatcher.DispatchEvent	Common.Event.EventDispatcher	code/Lua/decompiled/Board/Model/Board/BaseUIBoardModel.lua	static name match; dynamic dispatch not included
Board.Model.Board.BaseUIBoardModel	230	EventDispatcher.DispatchEvent	Common.Event.EventDispatcher	code/Lua/decompiled/Board/Model/Board/BaseUIBoardModel.lua	static name match; dynamic dispatch not included
Board.Model.Board.BaseUIBoardModel	249	BoardPosition.Copy	Board.Model.Base.BoardPosition	code/Lua/decompiled/Board/Model/Board/BaseUIBoardModel.lua	static name match; dynamic dispatch not included
Board.Model.Board.BaseUIBoardModel	252	BoardPosition.Copy	Board.Model.Base.BoardPosition	code/Lua/decompiled/Board/Model/Board/BaseUIBoardModel.lua	static name match; dynamic dispatch not included
Board.Model.Board.BaseUIBoardModel	252	Table.ListRandomSelectOne	Common.Utility.Table	code/Lua/decompiled/Board/Model/Board/BaseUIBoardModel.lua	static name match; dynamic dispatch not included
Board.Model.Board.BaseUIBoardModel	254	BoardPosition.Release	Board.Model.Base.BoardPosition	code/Lua/decompiled/Board/Model/Board/BaseUIBoardModel.lua	static name match; dynamic dispatch not included
Board.Model.Board.BaseUIBoardModel	271	Table.IsEmpty	Common.Utility.Table	code/Lua/decompiled/Board/Model/Board/BaseUIBoardModel.lua	static name match; dynamic dispatch not included
Board.Model.Board.BaseUIBoardModel	272	HuntActivityItemTransformLayerModel.Create	HuntActivity.Common.Board.HuntActivityItemTransformLayerModel	code/Lua/decompiled/Board/Model/Board/BaseUIBoardModel.lua	static name match; dynamic dispatch not included
Board.Model.Board.BaseUIBoardModel	277	Table.IsEmpty	Common.Utility.Table	code/Lua/decompiled/Board/Model/Board/BaseUIBoardModel.lua	static name match; dynamic dispatch not included
Board.Model.Board.BaseUIBoardModel	299	EventDispatcher.DispatchEvent	Common.Event.EventDispatcher	code/Lua/decompiled/Board/Model/Board/BaseUIBoardModel.lua	static name match; dynamic dispatch not included
Board.Model.Board.BaseUIBoardModel	324	StringUtil.StartWith	Common.Utility.StringUtil	code/Lua/decompiled/Board/Model/Board/BaseUIBoardModel.lua	static name match; dynamic dispatch not included
Board.Model.Board.BaseUIBoardModel	327	StringUtil.StartWith	Common.Utility.StringUtil	code/Lua/decompiled/Board/Model/Board/BaseUIBoardModel.lua	static name match; dynamic dispatch not included
Board.Model.Board.BaseUIBoardModel	327	HuntActivityModel.IsMainMergeLineItem	HuntActivity.Common.Model.HuntActivityModel	code/Lua/decompiled/Board/Model/Board/BaseUIBoardModel.lua	static name match; dynamic dispatch not included
Board.Model.Board.BaseUIBoardModel	327	StringUtil.StartWith	Common.Utility.StringUtil	code/Lua/decompiled/Board/Model/Board/BaseUIBoardModel.lua	static name match; dynamic dispatch not included
Board.Model.Board.BaseUIBoardModel	327	HuntActivityModel.IsMainMergeLineItem	HuntActivity.Common.Model.HuntActivityModel	code/Lua/decompiled/Board/Model/Board/BaseUIBoardModel.lua	static name match; dynamic dispatch not included
Board.Model.Board.BaseUIBoardModel	328	ItemDataModel.GetChainLevel	Board.Model.ItemDataModel	code/Lua/decompiled/Board/Model/Board/BaseUIBoardModel.lua	static name match; dynamic dispatch not included
Board.Model.Board.BaseUIBoardModel	328	ItemDataModel.GetChainLevel	Board.Model.ItemDataModel	code/Lua/decompiled/Board/Model/Board/BaseUIBoardModel.lua	static name match; dynamic dispatch not included
Board.Model.Board.BaseUIBoardModel	334	ItemUtility.GetInnerCodeAndPrefixByCode	Board.Model.ItemUtility	code/Lua/decompiled/Board/Model/Board/BaseUIBoardModel.lua	static name match; dynamic dispatch not included
Board.Model.Board.BaseUIBoardModel	337	BaseActionBoardModel.CanMergeAll	Board.Model.Board.BaseActionBoardModel	code/Lua/decompiled/Board/Model/Board/BaseUIBoardModel.lua	static name match; dynamic dispatch not included
Board.Model.Board.BaseUIBoardModel	341	BaseActionBoardModel.SpreadItem	Board.Model.Board.BaseActionBoardModel	code/Lua/decompiled/Board/Model/Board/BaseUIBoardModel.lua	static name match; dynamic dispatch not included
Board.Model.Board.BaseUIBoardModel	342	EventDispatcher.DispatchEvent	Common.Event.EventDispatcher	code/Lua/decompiled/Board/Model/Board/BaseUIBoardModel.lua	static name match; dynamic dispatch not included
Board.Model.Board.BaseUIBoardModel	383	ConfigModel.IsServerControlOpen	Model.ConfigModel	code/Lua/decompiled/Board/Model/Board/BaseUIBoardModel.lua	static name match; dynamic dispatch not included
Board.Model.Board.BaseUIBoardModel	385	EventDispatcher.DispatchEvent	Common.Event.EventDispatcher	code/Lua/decompiled/Board/Model/Board/BaseUIBoardModel.lua	static name match; dynamic dispatch not included
Board.Model.Board.BaseUIBoardModel	390	EventDispatcher.DispatchEvent	Common.Event.EventDispatcher	code/Lua/decompiled/Board/Model/Board/BaseUIBoardModel.lua	static name match; dynamic dispatch not included
Board.Model.Board.BaseUIBoardModel	405	EventDispatcher.DispatchEvent	Common.Event.EventDispatcher	code/Lua/decompiled/Board/Model/Board/BaseUIBoardModel.lua	static name match; dynamic dispatch not included
Board.Model.Board.BaseUIBoardModel	437	GameConfig.IsTestMode	Common.GameConfig	code/Lua/decompiled/Board/Model/Board/BaseUIBoardModel.lua	static name match; dynamic dispatch not included
Board.Model.Board.BaseUIBoardModel	469	EventDispatcher.DispatchEvent	Common.Event.EventDispatcher	code/Lua/decompiled/Board/Model/Board/BaseUIBoardModel.lua	static name match; dynamic dispatch not included
Board.Model.Board.BaseUIBoardModel	476	ConfigModel.IsServerControlOpen	Model.ConfigModel	code/Lua/decompiled/Board/Model/Board/BaseUIBoardModel.lua	static name match; dynamic dispatch not included
Board.Model.Board.BaseUIBoardModel	488	EventDispatcher.DispatchEvent	Common.Event.EventDispatcher	code/Lua/decompiled/Board/Model/Board/BaseUIBoardModel.lua	static name match; dynamic dispatch not included
Board.Model.Board.BaseUIBoardModel	496	StringUtil.StartWith	Common.Utility.StringUtil	code/Lua/decompiled/Board/Model/Board/BaseUIBoardModel.lua	static name match; dynamic dispatch not included
Board.Model.Board.BaseUIBoardModel	497	ItemDataModel.GetChainLevel	Board.Model.ItemDataModel	code/Lua/decompiled/Board/Model/Board/BaseUIBoardModel.lua	static name match; dynamic dispatch not included
Board.Model.Board.BaseUIBoardModel	498	ItemDataModel.GetMergedType	Board.Model.ItemDataModel	code/Lua/decompiled/Board/Model/Board/BaseUIBoardModel.lua	static name match; dynamic dispatch not included
Board.Model.Board.BaseUIBoardModel	511	EventDispatcher.DispatchEvent	Common.Event.EventDispatcher	code/Lua/decompiled/Board/Model/Board/BaseUIBoardModel.lua	static name match; dynamic dispatch not included
Board.Model.Board.BaseUIBoardModel	542	ItemDataModel.GetModelConfig	Board.Model.ItemDataModel	code/Lua/decompiled/Board/Model/Board/BaseUIBoardModel.lua	static name match; dynamic dispatch not included
Board.Model.Board.BaseUIBoardModel	566	EventDispatcher.DispatchEvent	Common.Event.EventDispatcher	code/Lua/decompiled/Board/Model/Board/BaseUIBoardModel.lua	static name match; dynamic dispatch not included
Board.Model.Board.BaseUIBoardModel	601	BaseActionBoardModel.GenerateItem	Board.Model.Board.BaseActionBoardModel	code/Lua/decompiled/Board/Model/Board/BaseUIBoardModel.lua	static name match; dynamic dispatch not included
Board.Model.Board.BaseUIBoardModel	618	ItemModelFactory.CreateWithCode	Board.Model.ItemModelFactory	code/Lua/decompiled/Board/Model/Board/BaseUIBoardModel.lua	static name match; dynamic dispatch not included
Board.Model.Board.BaseUIBoardModel	634	ItemModelFactory.CreateWithCode	Board.Model.ItemModelFactory	code/Lua/decompiled/Board/Model/Board/BaseUIBoardModel.lua	static name match; dynamic dispatch not included
Board.Model.Board.BaseUIBoardModel	724	EventDispatcher.DispatchEvent	Common.Event.EventDispatcher	code/Lua/decompiled/Board/Model/Board/BaseUIBoardModel.lua	static name match; dynamic dispatch not included
Board.Model.Board.BaseUIBoardModel	736	Table.IsEmpty	Common.Utility.Table	code/Lua/decompiled/Board/Model/Board/BaseUIBoardModel.lua	static name match; dynamic dispatch not included
Board.Model.Board.BaseUIBoardModel	789	EventDispatcher.DispatchEvent	Common.Event.EventDispatcher	code/Lua/decompiled/Board/Model/Board/BaseUIBoardModel.lua	static name match; dynamic dispatch not included
Board.Model.Board.BaseUIBoardModel	799	EventDispatcher.DispatchEvent	Common.Event.EventDispatcher	code/Lua/decompiled/Board/Model/Board/BaseUIBoardModel.lua	static name match; dynamic dispatch not included
Board.Model.Board.BaseUIBoardModel	810	Table.IsEmpty	Common.Utility.Table	code/Lua/decompiled/Board/Model/Board/BaseUIBoardModel.lua	static name match; dynamic dispatch not included
Board.Model.Board.BaseUIBoardModel	810	Table.IsEmpty	Common.Utility.Table	code/Lua/decompiled/Board/Model/Board/BaseUIBoardModel.lua	static name match; dynamic dispatch not included
Board.Model.Board.BaseUIBoardModel	840	Table.IsEmpty	Common.Utility.Table	code/Lua/decompiled/Board/Model/Board/BaseUIBoardModel.lua	static name match; dynamic dispatch not included
Board.Model.Board.BaseUIBoardModel	862	StringUtil.StartWith	Common.Utility.StringUtil	code/Lua/decompiled/Board/Model/Board/BaseUIBoardModel.lua	static name match; dynamic dispatch not included
Board.Model.Board.BaseUIBoardModel	872	StringUtil.StartWith	Common.Utility.StringUtil	code/Lua/decompiled/Board/Model/Board/BaseUIBoardModel.lua	static name match; dynamic dispatch not included
Board.Model.Board.BaseUIBoardModel	918	BoardPosition.Create	Board.Model.Base.BoardPosition	code/Lua/decompiled/Board/Model/Board/BaseUIBoardModel.lua	static name match; dynamic dispatch not included
Board.Model.Board.BaseUIBoardModel	998	StringUtil.rFind	Common.Utility.StringUtil	code/Lua/decompiled/Board/Model/Board/BaseUIBoardModel.lua	static name match; dynamic dispatch not included
Board.Model.Board.BaseUIBoardModel	1055	Table.IsEmpty	Common.Utility.Table	code/Lua/decompiled/Board/Model/Board/BaseUIBoardModel.lua	static name match; dynamic dispatch not included
Board.Model.Board.BaseUIBoardModel	1072	Table.IsEmpty	Common.Utility.Table	code/Lua/decompiled/Board/Model/Board/BaseUIBoardModel.lua	static name match; dynamic dispatch not included
Board.Model.Board.BaseUIBoardModel	1088	Table.IsEmpty	Common.Utility.Table	code/Lua/decompiled/Board/Model/Board/BaseUIBoardModel.lua	static name match; dynamic dispatch not included
Board.Model.Board.BaseUIBoardModel	1098	Table.ShallowCopy	Common.Utility.Table	code/Lua/decompiled/Board/Model/Board/BaseUIBoardModel.lua	static name match; dynamic dispatch not included
Board.Model.Board.BaseUIBoardModel	1102	Table.ShallowCopy	Common.Utility.Table	code/Lua/decompiled/Board/Model/Board/BaseUIBoardModel.lua	static name match; dynamic dispatch not included
Board.Model.Board.BaseUIBoardModel	1136	StringUtil.rFind	Common.Utility.StringUtil	code/Lua/decompiled/Board/Model/Board/BaseUIBoardModel.lua	static name match; dynamic dispatch not included
Board.Model.Board.BaseUIBoardModel	1140	ItemDataModel.GetModelConfig	Board.Model.ItemDataModel	code/Lua/decompiled/Board/Model/Board/BaseUIBoardModel.lua	static name match; dynamic dispatch not included
Board.Model.Board.BaseUIBoardModel	1158	Table.IsEmpty	Common.Utility.Table	code/Lua/decompiled/Board/Model/Board/BaseUIBoardModel.lua	static name match; dynamic dispatch not included
Board.Model.Board.BaseUIBoardModel	1196	ItemModelFactory.CreateWithCode	Board.Model.ItemModelFactory	code/Lua/decompiled/Board/Model/Board/BaseUIBoardModel.lua	static name match; dynamic dispatch not included
Board.Model.Board.ItemCacheModel	38	ItemUtility.CheckData	Board.Model.ItemUtility	code/Lua/decompiled/Board/Model/Board/ItemCacheModel.lua	static name match; dynamic dispatch not included
Board.Model.Board.ItemCacheModel	55	StringUtil.IsNilOrEmpty	Common.Utility.StringUtil	code/Lua/decompiled/Board/Model/Board/ItemCacheModel.lua	static name match; dynamic dispatch not included
Board.Model.Board.ItemCacheModel	58	StringUtil.Replace	Common.Utility.StringUtil	code/Lua/decompiled/Board/Model/Board/ItemCacheModel.lua	static name match; dynamic dispatch not included
Board.Model.Board.ItemCacheModel	60	Table.IsEmpty	Common.Utility.Table	code/Lua/decompiled/Board/Model/Board/ItemCacheModel.lua	static name match; dynamic dispatch not included
Board.Model.Board.ItemCacheModel	77	MainBoardModel.GetOrderModel	Board.Model.Board.MainBoardModel	code/Lua/decompiled/Board/Model/Board/ItemCacheModel.lua	static name match; dynamic dispatch not included
Board.Model.Board.ItemCacheModel	88	StringUtil.StartWith	Common.Utility.StringUtil	code/Lua/decompiled/Board/Model/Board/ItemCacheModel.lua	static name match; dynamic dispatch not included
Board.Model.Board.ItemChainHelper	28	ItemDataModel.GetItemRewardIndex	Board.Model.ItemDataModel	code/Lua/decompiled/Board/Model/Board/ItemChainHelper.lua	static name match; dynamic dispatch not included
Board.Model.Board.ItemChainHelper	33	ItemDataModel.GetItemRewardIndex	Board.Model.ItemDataModel	code/Lua/decompiled/Board/Model/Board/ItemChainHelper.lua	static name match; dynamic dispatch not included
Board.Model.Board.ItemChainHelper	40	ItemDataModel.GetItemRewardIndex	Board.Model.ItemDataModel	code/Lua/decompiled/Board/Model/Board/ItemChainHelper.lua	static name match; dynamic dispatch not included
Board.Model.Board.ItemFixedSpreadModel	5	DBTableManager.GetTable	Model.DB.DBTableManager	code/Lua/decompiled/Board/Model/Board/ItemFixedSpreadModel.lua	static name match; dynamic dispatch not included
Board.Model.Board.ItemFixedSpreadModel	9	ItemDataModel.GetModelConfig	Board.Model.ItemDataModel	code/Lua/decompiled/Board/Model/Board/ItemFixedSpreadModel.lua	static name match; dynamic dispatch not included
Board.Model.Board.ItemFixedSpreadModel	16	ItemSpreadHelper.GetFirstCodeFromWeightSequence	Board.Model.Board.ItemSpreadHelper	code/Lua/decompiled/Board/Model/Board/ItemFixedSpreadModel.lua	static name match; dynamic dispatch not included
Board.Model.Board.ItemFixedSpreadModel	22	ItemDataModel.GetModelConfig	Board.Model.ItemDataModel	code/Lua/decompiled/Board/Model/Board/ItemFixedSpreadModel.lua	static name match; dynamic dispatch not included
Board.Model.Board.ItemFixedSpreadModel	25	ItemSpreadHelper.GetFirstCodeFromWeightSequence	Board.Model.Board.ItemSpreadHelper	code/Lua/decompiled/Board/Model/Board/ItemFixedSpreadModel.lua	static name match; dynamic dispatch not included
Board.Model.Board.ItemFixedSpreadModel	31	ItemDataModel.GetModelConfig	Board.Model.ItemDataModel	code/Lua/decompiled/Board/Model/Board/ItemFixedSpreadModel.lua	static name match; dynamic dispatch not included
Board.Model.Board.ItemFixedSpreadModel	38	ItemSpreadHelper.GetFirstCodeFromWeightSequence	Board.Model.Board.ItemSpreadHelper	code/Lua/decompiled/Board/Model/Board/ItemFixedSpreadModel.lua	static name match; dynamic dispatch not included
Board.Model.Board.ItemFixedSpreadModel	45	ItemUtility.CodeWeightPairsToString	Board.Model.ItemUtility	code/Lua/decompiled/Board/Model/Board/ItemFixedSpreadModel.lua	static name match; dynamic dispatch not included
Board.Model.Board.ItemFixedSpreadModel	46	StringUtil.IsNilOrEmpty	Common.Utility.StringUtil	code/Lua/decompiled/Board/Model/Board/ItemFixedSpreadModel.lua	static name match; dynamic dispatch not included
Board.Model.Board.ItemFixedSpreadModel	47	ItemSpreadHelper.GenerateWeightSequence	Board.Model.Board.ItemSpreadHelper	code/Lua/decompiled/Board/Model/Board/ItemFixedSpreadModel.lua	static name match; dynamic dispatch not included
Board.Model.Board.ItemFixedSpreadModel	71	ItemDataModel.GetModelConfig	Board.Model.ItemDataModel	code/Lua/decompiled/Board/Model/Board/ItemFixedSpreadModel.lua	static name match; dynamic dispatch not included
Board.Model.Board.ItemFixedSpreadModel	74	StringUtil.IsNilOrEmpty	Common.Utility.StringUtil	code/Lua/decompiled/Board/Model/Board/ItemFixedSpreadModel.lua	static name match; dynamic dispatch not included
Board.Model.Board.ItemFixedSpreadModel	77	ItemSpreadHelper.GenerateWeightSequence	Board.Model.Board.ItemSpreadHelper	code/Lua/decompiled/Board/Model/Board/ItemFixedSpreadModel.lua	static name match; dynamic dispatch not included
Board.Model.Board.ItemFixedSpreadModel	80	ItemSpreadHelper.GetFirstCodeFromWeightSequence	Board.Model.Board.ItemSpreadHelper	code/Lua/decompiled/Board/Model/Board/ItemFixedSpreadModel.lua	static name match; dynamic dispatch not included
Board.Model.Board.ItemFixedSpreadModel	94	ItemSpreadHelper.Format1ToNArray	Board.Model.Board.ItemSpreadHelper	code/Lua/decompiled/Board/Model/Board/ItemFixedSpreadModel.lua	static name match; dynamic dispatch not included
Board.Model.Board.ItemFixedSpreadModel	95	ItemSpreadHelper.RandomShuffleNumberArray	Board.Model.Board.ItemSpreadHelper	code/Lua/decompiled/Board/Model/Board/ItemFixedSpreadModel.lua	static name match; dynamic dispatch not included
Board.Model.Board.ItemLuckySpreadModel	10	DBTableManager.GetTable	Model.DB.DBTableManager	code/Lua/decompiled/Board/Model/Board/ItemLuckySpreadModel.lua	static name match; dynamic dispatch not included
Board.Model.Board.ItemLuckySpreadModel	15	ItemDataModel.GetModelConfig	Board.Model.ItemDataModel	code/Lua/decompiled/Board/Model/Board/ItemLuckySpreadModel.lua	static name match; dynamic dispatch not included
Board.Model.Board.ItemLuckySpreadModel	32	StringUtil.IsNilOrEmpty	Common.Utility.StringUtil	code/Lua/decompiled/Board/Model/Board/ItemLuckySpreadModel.lua	static name match; dynamic dispatch not included
Board.Model.Board.ItemLuckySpreadModel	33	ItemSpreadHelper.GenerateWeightSequence	Board.Model.Board.ItemSpreadHelper	code/Lua/decompiled/Board/Model/Board/ItemLuckySpreadModel.lua	static name match; dynamic dispatch not included
Board.Model.Board.ItemLuckySpreadModel	38	ItemSpreadHelper.GetFirstCodeFromWeightSequence	Board.Model.Board.ItemSpreadHelper	code/Lua/decompiled/Board/Model/Board/ItemLuckySpreadModel.lua	static name match; dynamic dispatch not included
Board.Model.Board.ItemLuckySpreadModel	53	Table.ListContain	Common.Utility.Table	code/Lua/decompiled/Board/Model/Board/ItemLuckySpreadModel.lua	static name match; dynamic dispatch not included
Board.Model.Board.ItemLuckySpreadModel	56	StringUtil.IsNilOrEmpty	Common.Utility.StringUtil	code/Lua/decompiled/Board/Model/Board/ItemLuckySpreadModel.lua	static name match; dynamic dispatch not included
Board.Model.Board.ItemLuckySpreadModel	57	ItemSpreadHelper.GenerateWeightSequence	Board.Model.Board.ItemSpreadHelper	code/Lua/decompiled/Board/Model/Board/ItemLuckySpreadModel.lua	static name match; dynamic dispatch not included
Board.Model.Board.ItemLuckySpreadModel	60	ItemSpreadHelper.GetFirstCodeFromWeightSequence	Board.Model.Board.ItemSpreadHelper	code/Lua/decompiled/Board/Model/Board/ItemLuckySpreadModel.lua	static name match; dynamic dispatch not included
Board.Model.Board.ItemLuckySpreadModel	61	StringUtil.IsNilOrEmpty	Common.Utility.StringUtil	code/Lua/decompiled/Board/Model/Board/ItemLuckySpreadModel.lua	static name match; dynamic dispatch not included
Board.Model.Board.ItemLuckySpreadModel	65	GameConfig.IsTestMode	Common.GameConfig	code/Lua/decompiled/Board/Model/Board/ItemLuckySpreadModel.lua	static name match; dynamic dispatch not included
Board.Model.Board.ItemLuckySpreadModel	68	Table.ListContain	Common.Utility.Table	code/Lua/decompiled/Board/Model/Board/ItemLuckySpreadModel.lua	static name match; dynamic dispatch not included
Board.Model.Board.ItemLuckySpreadModel	75	ItemUtility.CodeWeightPairsToString	Board.Model.ItemUtility	code/Lua/decompiled/Board/Model/Board/ItemLuckySpreadModel.lua	static name match; dynamic dispatch not included
Board.Model.Board.ItemLuckySpreadModel	76	ItemUtility.CodeWeightPairsToString	Board.Model.ItemUtility	code/Lua/decompiled/Board/Model/Board/ItemLuckySpreadModel.lua	static name match; dynamic dispatch not included
Board.Model.Board.ItemLuckySpreadModel	77	ItemUtility.CodeWeightPairsToString	Board.Model.ItemUtility	code/Lua/decompiled/Board/Model/Board/ItemLuckySpreadModel.lua	static name match; dynamic dispatch not included
Board.Model.Board.ItemManager	15	DBIdGenerator.Create	Model.DB.DBIdGenerator	code/Lua/decompiled/Board/Model/Board/ItemManager.lua	static name match; dynamic dispatch not included
Board.Model.Board.ItemManager	20	Table.IsEmpty	Common.Utility.Table	code/Lua/decompiled/Board/Model/Board/ItemManager.lua	static name match; dynamic dispatch not included
Board.Model.Board.ItemManager	35	ItemUtility.CheckData	Board.Model.ItemUtility	code/Lua/decompiled/Board/Model/Board/ItemManager.lua	static name match; dynamic dispatch not included
Board.Model.Board.ItemManager	37	ItemModelFactory.CreateWithData	Board.Model.ItemModelFactory	code/Lua/decompiled/Board/Model/Board/ItemManager.lua	static name match; dynamic dispatch not included
Board.Model.Board.ItemManager	39	ItemModelFactory.CreateWithCode	Board.Model.ItemModelFactory	code/Lua/decompiled/Board/Model/Board/ItemManager.lua	static name match; dynamic dispatch not included
Board.Model.Board.ItemManager	54	StringUtil.StartWith	Common.Utility.StringUtil	code/Lua/decompiled/Board/Model/Board/ItemManager.lua	static name match; dynamic dispatch not included
Board.Model.Board.ItemStoreModel	16	ConfigModel.GetLocalConfig	Model.ConfigModel	code/Lua/decompiled/Board/Model/Board/ItemStoreModel.lua	static name match; dynamic dispatch not included
Board.Model.Board.ItemStoreModel	19	ConfigModel.GetLocalConfig	Model.ConfigModel	code/Lua/decompiled/Board/Model/Board/ItemStoreModel.lua	static name match; dynamic dispatch not included
Board.Model.Board.ItemStoreModel	33	ItemDataModel.IsItemExist	Board.Model.ItemDataModel	code/Lua/decompiled/Board/Model/Board/ItemStoreModel.lua	static name match; dynamic dispatch not included
Board.Model.Board.ItemStoreModel	73	GameModel.GetServerTime	Model.GameModel	code/Lua/decompiled/Board/Model/Board/ItemStoreModel.lua	static name match; dynamic dispatch not included
Board.Model.Board.ItemStoreModel	77	EventDispatcher.DispatchEvent	Common.Event.EventDispatcher	code/Lua/decompiled/Board/Model/Board/ItemStoreModel.lua	static name match; dynamic dispatch not included
Board.Model.Board.ItemStoreModel	98	EventDispatcher.DispatchEvent	Common.Event.EventDispatcher	code/Lua/decompiled/Board/Model/Board/ItemStoreModel.lua	static name match; dynamic dispatch not included
Board.Model.Board.ItemStoreModel	114	EventDispatcher.DispatchEvent	Common.Event.EventDispatcher	code/Lua/decompiled/Board/Model/Board/ItemStoreModel.lua	static name match; dynamic dispatch not included
Board.Model.Board.ItemStoreModel	128	ItemDataModel.GetChainId	Board.Model.ItemDataModel	code/Lua/decompiled/Board/Model/Board/ItemStoreModel.lua	static name match; dynamic dispatch not included
Board.Model.Board.ItemStoreModel	233	OpenFunctionModel.IsProducerOpenByLevelLock	Model.OpenFunctionModel	code/Lua/decompiled/Board/Model/Board/ItemStoreModel.lua	static name match; dynamic dispatch not included
Board.Model.Board.ItemStoreModel	239	LevelModel.GetCurrentLevel	Model.UserData.LevelModel	code/Lua/decompiled/Board/Model/Board/ItemStoreModel.lua	static name match; dynamic dispatch not included
Board.Model.Board.ItemStoreModel	251	MiscModel.GetInventoryCapInNumber	Model.UserData.MiscModel	code/Lua/decompiled/Board/Model/Board/ItemStoreModel.lua	static name match; dynamic dispatch not included
Board.Model.Board.MainBoardModel	6	ModelHelper.DefineSyncData	Model.UserData.ModelHelper	code/Lua/decompiled/Board/Model/Board/MainBoardModel.lua	static name match; dynamic dispatch not included
Board.Model.Board.MainBoardModel	6	DBTableManager.GetTable	Model.DB.DBTableManager	code/Lua/decompiled/Board/Model/Board/MainBoardModel.lua	static name match; dynamic dispatch not included
Board.Model.Board.MainBoardModel	7	ModelHelper.DefineSyncData	Model.UserData.ModelHelper	code/Lua/decompiled/Board/Model/Board/MainBoardModel.lua	static name match; dynamic dispatch not included
Board.Model.Board.MainBoardModel	7	DBTableManager.GetTable	Model.DB.DBTableManager	code/Lua/decompiled/Board/Model/Board/MainBoardModel.lua	static name match; dynamic dispatch not included
Board.Model.Board.MainBoardModel	8	ModelHelper.DefineSyncData	Model.UserData.ModelHelper	code/Lua/decompiled/Board/Model/Board/MainBoardModel.lua	static name match; dynamic dispatch not included
Board.Model.Board.MainBoardModel	8	DBTableManager.GetTable	Model.DB.DBTableManager	code/Lua/decompiled/Board/Model/Board/MainBoardModel.lua	static name match; dynamic dispatch not included
Board.Model.Board.MainBoardModel	9	ModelHelper.DefineSyncData	Model.UserData.ModelHelper	code/Lua/decompiled/Board/Model/Board/MainBoardModel.lua	static name match; dynamic dispatch not included
Board.Model.Board.MainBoardModel	9	DBTableManager.GetTable	Model.DB.DBTableManager	code/Lua/decompiled/Board/Model/Board/MainBoardModel.lua	static name match; dynamic dispatch not included
Board.Model.Board.MainBoardModel	10	ModelHelper.DefineSyncData	Model.UserData.ModelHelper	code/Lua/decompiled/Board/Model/Board/MainBoardModel.lua	static name match; dynamic dispatch not included
Board.Model.Board.MainBoardModel	10	DBTableManager.GetTable	Model.DB.DBTableManager	code/Lua/decompiled/Board/Model/Board/MainBoardModel.lua	static name match; dynamic dispatch not included
Board.Model.Board.MainBoardModel	11	ModelHelper.DefineSyncData	Model.UserData.ModelHelper	code/Lua/decompiled/Board/Model/Board/MainBoardModel.lua	static name match; dynamic dispatch not included
Board.Model.Board.MainBoardModel	11	DBTableManager.GetTable	Model.DB.DBTableManager	code/Lua/decompiled/Board/Model/Board/MainBoardModel.lua	static name match; dynamic dispatch not included
Board.Model.Board.MainBoardModel	12	ModelHelper.DefineSyncData	Model.UserData.ModelHelper	code/Lua/decompiled/Board/Model/Board/MainBoardModel.lua	static name match; dynamic dispatch not included
Board.Model.Board.MainBoardModel	12	DBTableManager.GetTable	Model.DB.DBTableManager	code/Lua/decompiled/Board/Model/Board/MainBoardModel.lua	static name match; dynamic dispatch not included
Board.Model.Board.MainBoardModel	13	ModelHelper.DefineSyncData	Model.UserData.ModelHelper	code/Lua/decompiled/Board/Model/Board/MainBoardModel.lua	static name match; dynamic dispatch not included
Board.Model.Board.MainBoardModel	13	DBTableManager.GetTable	Model.DB.DBTableManager	code/Lua/decompiled/Board/Model/Board/MainBoardModel.lua	static name match; dynamic dispatch not included
Board.Model.Board.MainBoardModel	14	ItemManager.Create	Board.Model.Board.ItemManager	code/Lua/decompiled/Board/Model/Board/MainBoardModel.lua	static name match; dynamic dispatch not included
Board.Model.Board.MainBoardModel	16	SceneItemLayerModel.Create	Board.Model.Board.SceneItemLayerModel	code/Lua/decompiled/Board/Model/Board/MainBoardModel.lua	static name match; dynamic dispatch not included
Board.Model.Board.MainBoardModel	17	ItemCacheModel.Create	Board.Model.Board.ItemCacheModel	code/Lua/decompiled/Board/Model/Board/MainBoardModel.lua	static name match; dynamic dispatch not included
Board.Model.Board.MainBoardModel	18	MainOrderModel.Create	Board.Model.Order.MainOrderModel	code/Lua/decompiled/Board/Model/Board/MainBoardModel.lua	static name match; dynamic dispatch not included
Board.Model.Board.MainBoardModel	19	BaseSceneBoardModel.Init	Board.Model.Board.BaseSceneBoardModel	code/Lua/decompiled/Board/Model/Board/MainBoardModel.lua	static name match; dynamic dispatch not included
Board.Model.Board.MainBoardModel	21	ItemStoreModel.Create	Board.Model.Board.ItemStoreModel	code/Lua/decompiled/Board/Model/Board/MainBoardModel.lua	static name match; dynamic dispatch not included
Board.Model.Board.MainBoardModel	25	BaseSceneBoardModel.LoadFileConfig	Board.Model.Board.BaseSceneBoardModel	code/Lua/decompiled/Board/Model/Board/MainBoardModel.lua	static name match; dynamic dispatch not included
Board.Model.Board.MainBoardModel	30	SystemConfigModel.IsInitFinished	Model.SystemConfigModel	code/Lua/decompiled/Board/Model/Board/MainBoardModel.lua	static name match; dynamic dispatch not included
Board.Model.Board.MainBoardModel	31	SystemConfigModel.GetConfig	Model.SystemConfigModel	code/Lua/decompiled/Board/Model/Board/MainBoardModel.lua	static name match; dynamic dispatch not included
Board.Model.Board.MainBoardModel	37	ItemChangeHelper.UpDateChangeStateOnStart	Board.Model.ItemChangeHelper	code/Lua/decompiled/Board/Model/Board/MainBoardModel.lua	static name match; dynamic dispatch not included
Board.Model.Board.MainBoardModel	38	SystemConfigModel.GetConfig	Model.SystemConfigModel	code/Lua/decompiled/Board/Model/Board/MainBoardModel.lua	static name match; dynamic dispatch not included
Board.Model.Board.MainBoardModel	40	BaseSceneBoardModel.OnSyncDataFinished	Board.Model.Board.BaseSceneBoardModel	code/Lua/decompiled/Board/Model/Board/MainBoardModel.lua	static name match; dynamic dispatch not included
Board.Model.Board.MainBoardModel	46	BaseSceneBoardModel.UpdatePerSecond	Board.Model.Board.BaseSceneBoardModel	code/Lua/decompiled/Board/Model/Board/MainBoardModel.lua	static name match; dynamic dispatch not included
Board.Model.Board.MainBoardModel	51	PlayerPrefs.GetInt	Common.Utility.PlayerPrefs	code/Lua/decompiled/Board/Model/Board/MainBoardModel.lua	static name match; dynamic dispatch not included
Board.Model.Board.MainBoardModel	72	ConfigModel.IsServerControlOpen	Model.ConfigModel	code/Lua/decompiled/Board/Model/Board/MainBoardModel.lua	static name match; dynamic dispatch not included
Board.Model.Board.MainBoardModel	74	ItemDataModel.IsAnyToolUnlocked	Board.Model.ItemDataModel	code/Lua/decompiled/Board/Model/Board/MainBoardModel.lua	static name match; dynamic dispatch not included
Board.Model.Board.MainBoardModel	79	ItemUtility.IsToolItem	Board.Model.ItemUtility	code/Lua/decompiled/Board/Model/Board/MainBoardModel.lua	static name match; dynamic dispatch not included
Board.Model.Board.MainBoardModel	97	LevelModel.GetCurrentLevel	Model.UserData.LevelModel	code/Lua/decompiled/Board/Model/Board/MainBoardModel.lua	static name match; dynamic dispatch not included
Board.Model.Board.MainBoardModel	101	SystemConfigModel.GetConfig	Model.SystemConfigModel	code/Lua/decompiled/Board/Model/Board/MainBoardModel.lua	static name match; dynamic dispatch not included
Board.Model.Board.MainBoardModel	117	RewardApi.AcquireRewardsLogic	Model.UserData.RewardApi	code/Lua/decompiled/Board/Model/Board/MainBoardModel.lua	static name match; dynamic dispatch not included
Board.Model.Board.MainBoardModel	149	EventDispatcher.DispatchEvent	Common.Event.EventDispatcher	code/Lua/decompiled/Board/Model/Board/MainBoardModel.lua	static name match; dynamic dispatch not included
Board.Model.Board.MainBoardModel	154	OpenFunctionModel.IsProducerOpenByLevelLock	Model.OpenFunctionModel	code/Lua/decompiled/Board/Model/Board/MainBoardModel.lua	static name match; dynamic dispatch not included
Board.Model.Board.MainBoardModel	156	LevelModel.GetCurrentLevel	Model.UserData.LevelModel	code/Lua/decompiled/Board/Model/Board/MainBoardModel.lua	static name match; dynamic dispatch not included
Board.Model.Board.MainBoardModel	199	EventDispatcher.DispatchEvent	Common.Event.EventDispatcher	code/Lua/decompiled/Board/Model/Board/MainBoardModel.lua	static name match; dynamic dispatch not included
Board.Model.Board.MainBoardModel	203	SceneManager.GetGameMode	Model.SceneManager	code/Lua/decompiled/Board/Model/Board/MainBoardModel.lua	static name match; dynamic dispatch not included
Board.Model.Board.MainBoardModel	221	BaseSceneBoardModel.CreatePosition	Board.Model.Board.BaseSceneBoardModel	code/Lua/decompiled/Board/Model/Board/MainBoardModel.lua	static name match; dynamic dispatch not included
Board.Model.Board.MainBoardModel	265	ConfigModel.GetLocalConfig	Model.ConfigModel	code/Lua/decompiled/Board/Model/Board/MainBoardModel.lua	static name match; dynamic dispatch not included
Board.Model.Board.MainBoardModel	266	MiscModel.GetInventoryCapInNumber	Model.UserData.MiscModel	code/Lua/decompiled/Board/Model/Board/MainBoardModel.lua	static name match; dynamic dispatch not included
Board.Model.Board.MainBoardModel	268	OpenFunctionModel.IsProducerOpenByLevelLock	Model.OpenFunctionModel	code/Lua/decompiled/Board/Model/Board/MainBoardModel.lua	static name match; dynamic dispatch not included
Board.Model.Board.MainBoardModel	273	LevelModel.GetCurrentLevel	Model.UserData.LevelModel	code/Lua/decompiled/Board/Model/Board/MainBoardModel.lua	static name match; dynamic dispatch not included
Board.Model.Board.MainBoardModel	279	MiscModel.GetInventoryProducerSizeInNumber	Model.UserData.MiscModel	code/Lua/decompiled/Board/Model/Board/MainBoardModel.lua	static name match; dynamic dispatch not included
Board.Model.Board.MainBoardModel	296	ItemDataModel.GetChainId	Board.Model.ItemDataModel	code/Lua/decompiled/Board/Model/Board/MainBoardModel.lua	static name match; dynamic dispatch not included
Board.Model.Board.MainBoardModel	297	StringUtil.StartWith	Common.Utility.StringUtil	code/Lua/decompiled/Board/Model/Board/MainBoardModel.lua	static name match; dynamic dispatch not included
Board.Model.Board.MainBoardModel	297	StringUtil.StartWith	Common.Utility.StringUtil	code/Lua/decompiled/Board/Model/Board/MainBoardModel.lua	static name match; dynamic dispatch not included
Board.Model.Board.MainBoardModel	300	Table.IsEmpty	Common.Utility.Table	code/Lua/decompiled/Board/Model/Board/MainBoardModel.lua	static name match; dynamic dispatch not included
Board.Model.Board.MainBoardModel	307	StringUtil.StartWith	Common.Utility.StringUtil	code/Lua/decompiled/Board/Model/Board/MainBoardModel.lua	static name match; dynamic dispatch not included
Board.Model.Board.MainBoardModel	307	StringUtil.StartWith	Common.Utility.StringUtil	code/Lua/decompiled/Board/Model/Board/MainBoardModel.lua	static name match; dynamic dispatch not included
Board.Model.Board.MainBoardModel	341	ItemDataModel.GetChainId	Board.Model.ItemDataModel	code/Lua/decompiled/Board/Model/Board/MainBoardModel.lua	static name match; dynamic dispatch not included
Board.Model.Board.MainBoardModel	347	BaseSceneBoardModel.GetValidPositionIterator	Board.Model.Board.BaseSceneBoardModel	code/Lua/decompiled/Board/Model/Board/MainBoardModel.lua	static name match; dynamic dispatch not included
Board.Model.Board.MainBoardModel	363	StringUtil.IsNilOrEmpty	Common.Utility.StringUtil	code/Lua/decompiled/Board/Model/Board/MainBoardModel.lua	static name match; dynamic dispatch not included
Board.Model.Board.MainBoardModel	411	StringUtil.IsNilOrEmpty	Common.Utility.StringUtil	code/Lua/decompiled/Board/Model/Board/MainBoardModel.lua	static name match; dynamic dispatch not included
Board.Model.Board.MainBoardModel	447	StringUtil.IsNilOrEmpty	Common.Utility.StringUtil	code/Lua/decompiled/Board/Model/Board/MainBoardModel.lua	static name match; dynamic dispatch not included
Board.Model.Board.MainBoardModel	477	EventDispatcher.DispatchEvent	Common.Event.EventDispatcher	code/Lua/decompiled/Board/Model/Board/MainBoardModel.lua	static name match; dynamic dispatch not included
Board.Model.Board.MainBoardModel	478	EventDispatcher.DispatchEvent	Common.Event.EventDispatcher	code/Lua/decompiled/Board/Model/Board/MainBoardModel.lua	static name match; dynamic dispatch not included
Board.Model.Board.MainBoardModel	483	BaseSceneBoardModel.GetValidPositionIterator	Board.Model.Board.BaseSceneBoardModel	code/Lua/decompiled/Board/Model/Board/MainBoardModel.lua	static name match; dynamic dispatch not included
Board.Model.Board.MainBoardModel	490	EventDispatcher.DispatchEvent	Common.Event.EventDispatcher	code/Lua/decompiled/Board/Model/Board/MainBoardModel.lua	static name match; dynamic dispatch not included
Board.Model.Board.MainBoardModel	503	BaseSceneBoardModel.GetOrderCodeStateMap	Board.Model.Board.BaseSceneBoardModel	code/Lua/decompiled/Board/Model/Board/MainBoardModel.lua	static name match; dynamic dispatch not included
Board.Model.Board.MainBoardModel	504	ActivityManager.GetOrderCodeStateMap	Model.Activity.ActivityManager	code/Lua/decompiled/Board/Model/Board/MainBoardModel.lua	static name match; dynamic dispatch not included
Board.Model.Board.MainBoardModel	506	Table.ShallowCopy	Common.Utility.Table	code/Lua/decompiled/Board/Model/Board/MainBoardModel.lua	static name match; dynamic dispatch not included
Board.Model.Board.MainBoardModel	515	ActivityManager.TryFinishOrders	Model.Activity.ActivityManager	code/Lua/decompiled/Board/Model/Board/MainBoardModel.lua	static name match; dynamic dispatch not included
Board.Model.Board.MainBoardModel	518	BaseSceneBoardModel.TryFinishOrders	Board.Model.Board.BaseSceneBoardModel	code/Lua/decompiled/Board/Model/Board/MainBoardModel.lua	static name match; dynamic dispatch not included
Board.Model.Board.MainBoardModel	545	Table.IsEmpty	Common.Utility.Table	code/Lua/decompiled/Board/Model/Board/MainBoardModel.lua	static name match; dynamic dispatch not included
Board.Model.Board.MainBoardModel	553	Table.ListAppend	Common.Utility.Table	code/Lua/decompiled/Board/Model/Board/MainBoardModel.lua	static name match; dynamic dispatch not included
Board.Model.Board.MainBoardModel	579	MapDataModel.GetSlotsIds	Model.MapDataModel	code/Lua/decompiled/Board/Model/Board/MainBoardModel.lua	static name match; dynamic dispatch not included
Board.Model.Board.MainBoardModel	580	MapDataModel.GetSlot	Model.MapDataModel	code/Lua/decompiled/Board/Model/Board/MainBoardModel.lua	static name match; dynamic dispatch not included
Board.Model.Board.MainBoardModel	582	ItemDataModel.IsItemExist	Board.Model.ItemDataModel	code/Lua/decompiled/Board/Model/Board/MainBoardModel.lua	static name match; dynamic dispatch not included
Board.Model.Board.MainBoardModel	582	ItemUtility.GetItemCode	Board.Model.ItemUtility	code/Lua/decompiled/Board/Model/Board/MainBoardModel.lua	static name match; dynamic dispatch not included
Board.Model.Board.MainBoardModel	601	Table.IsEmpty	Common.Utility.Table	code/Lua/decompiled/Board/Model/Board/MainBoardModel.lua	static name match; dynamic dispatch not included
Board.Model.Board.MainBoardModel	634	RewardApi.AcquireRewardsLogic	Model.UserData.RewardApi	code/Lua/decompiled/Board/Model/Board/MainBoardModel.lua	static name match; dynamic dispatch not included
Board.Model.Board.MainBoardModel	637	ConfigModel.GetLocalConfig	Model.ConfigModel	code/Lua/decompiled/Board/Model/Board/MainBoardModel.lua	static name match; dynamic dispatch not included
Board.Model.Board.MainBoardModel	640	RewardApi.AcquireRewardsLogic	Model.UserData.RewardApi	code/Lua/decompiled/Board/Model/Board/MainBoardModel.lua	static name match; dynamic dispatch not included
Board.Model.Board.MainBoardModel	653	BaseSceneBoardModel.GetValidPositionIterator	Board.Model.Board.BaseSceneBoardModel	code/Lua/decompiled/Board/Model/Board/MainBoardModel.lua	static name match; dynamic dispatch not included
Board.Model.Board.MainBoardModel	669	ItemUtility.GetInnerCodeAndPrefixByCode	Board.Model.ItemUtility	code/Lua/decompiled/Board/Model/Board/MainBoardModel.lua	static name match; dynamic dispatch not included
Board.Model.Board.MainBoardModel	670	StringUtil.StartWith	Common.Utility.StringUtil	code/Lua/decompiled/Board/Model/Board/MainBoardModel.lua	static name match; dynamic dispatch not included
Board.Model.Board.MainBoardModel	673	ItemDataModel.GetChainId	Board.Model.ItemDataModel	code/Lua/decompiled/Board/Model/Board/MainBoardModel.lua	static name match; dynamic dispatch not included
Board.Model.Board.MainBoardModel	674	ItemDataModel.GetChainLevel	Board.Model.ItemDataModel	code/Lua/decompiled/Board/Model/Board/MainBoardModel.lua	static name match; dynamic dispatch not included
Board.Model.Board.MainBoardModel	703	MapDataModel.GetGeneratorTargetLevel	Model.MapDataModel	code/Lua/decompiled/Board/Model/Board/MainBoardModel.lua	static name match; dynamic dispatch not included
Board.Model.Board.MainBoardModel	733	ItemUtility.GetItemCode	Board.Model.ItemUtility	code/Lua/decompiled/Board/Model/Board/MainBoardModel.lua	static name match; dynamic dispatch not included
Board.Model.Board.MainBoardModel	752	PropItemManager.GetModel	Model.PropItem.PropItemManager	code/Lua/decompiled/Board/Model/Board/MainBoardModel.lua	static name match; dynamic dispatch not included
Board.Model.Board.MainBoardModel	754	StringUtil.StartWith	Common.Utility.StringUtil	code/Lua/decompiled/Board/Model/Board/MainBoardModel.lua	static name match; dynamic dispatch not included
Board.Model.Board.MainBoardModel	761	PropItemManager.GetModel	Model.PropItem.PropItemManager	code/Lua/decompiled/Board/Model/Board/MainBoardModel.lua	static name match; dynamic dispatch not included
Board.Model.Board.MainBoardModel	823	ItemModelFactory.CreateIce	Board.Model.ItemModelFactory	code/Lua/decompiled/Board/Model/Board/MainBoardModel.lua	static name match; dynamic dispatch not included
Board.Model.Board.MainBoardModel	845	ActivityManager.IsOrderRalatedItem	Model.Activity.ActivityManager	code/Lua/decompiled/Board/Model/Board/MainBoardModel.lua	static name match; dynamic dispatch not included
Board.Model.Board.MainBoardModel	876	ConfigModel.GetBoardExtraReward	Model.ConfigModel	code/Lua/decompiled/Board/Model/Board/MainBoardModel.lua	static name match; dynamic dispatch not included
Board.Model.Board.MainBoardModel	889	ItemUtility.GetChainIdByCode	Board.Model.ItemUtility	code/Lua/decompiled/Board/Model/Board/MainBoardModel.lua	static name match; dynamic dispatch not included
Board.Model.Board.MainBoardModel	895	ItemDataModel.GetChainId	Board.Model.ItemDataModel	code/Lua/decompiled/Board/Model/Board/MainBoardModel.lua	static name match; dynamic dispatch not included
Board.Model.Board.MainBoardModel	898	ItemDataModel.GetChainId	Board.Model.ItemDataModel	code/Lua/decompiled/Board/Model/Board/MainBoardModel.lua	static name match; dynamic dispatch not included
Board.Model.Board.MainBoardModel	902	ItemUtility.GetChainLevelByCode	Board.Model.ItemUtility	code/Lua/decompiled/Board/Model/Board/MainBoardModel.lua	static name match; dynamic dispatch not included
Board.Model.Board.MainBoardModel	905	ItemDataModel.GetChainLevel	Board.Model.ItemDataModel	code/Lua/decompiled/Board/Model/Board/MainBoardModel.lua	static name match; dynamic dispatch not included
Board.Model.Board.MainBoardModel	908	ItemDataModel.GetChainLevel	Board.Model.ItemDataModel	code/Lua/decompiled/Board/Model/Board/MainBoardModel.lua	static name match; dynamic dispatch not included
Board.Model.Board.MainBoardModel	917	ItemUtility.IsToolItem	Board.Model.ItemUtility	code/Lua/decompiled/Board/Model/Board/MainBoardModel.lua	static name match; dynamic dispatch not included
Board.Model.Board.MainBoardModel	922	BaseSceneBoardModel.GetValidPositionIterator	Board.Model.Board.BaseSceneBoardModel	code/Lua/decompiled/Board/Model/Board/MainBoardModel.lua	static name match; dynamic dispatch not included
Board.Model.Board.MainBoardModel	926	ItemUtility.IsToolItem	Board.Model.ItemUtility	code/Lua/decompiled/Board/Model/Board/MainBoardModel.lua	static name match; dynamic dispatch not included
Board.Model.Board.MainBoardModel	935	ItemUtility.IsToolItem	Board.Model.ItemUtility	code/Lua/decompiled/Board/Model/Board/MainBoardModel.lua	static name match; dynamic dispatch not included
Board.Model.Board.MainBoardModel	940	MiscModel.GetToolTransformInfo	Model.UserData.MiscModel	code/Lua/decompiled/Board/Model/Board/MainBoardModel.lua	static name match; dynamic dispatch not included
Board.Model.Board.MainBoardModel	941	StringUtil.IsNilOrEmpty	Common.Utility.StringUtil	code/Lua/decompiled/Board/Model/Board/MainBoardModel.lua	static name match; dynamic dispatch not included
Board.Model.Board.MainBoardModel	942	StringUtil.Split	Common.Utility.StringUtil	code/Lua/decompiled/Board/Model/Board/MainBoardModel.lua	static name match; dynamic dispatch not included
Board.Model.Board.MainBoardModel	943	StringUtil.Split	Common.Utility.StringUtil	code/Lua/decompiled/Board/Model/Board/MainBoardModel.lua	static name match; dynamic dispatch not included
Board.Model.Board.MainBoardModel	947	Table.IsEmpty	Common.Utility.Table	code/Lua/decompiled/Board/Model/Board/MainBoardModel.lua	static name match; dynamic dispatch not included
Board.Model.Board.MainBoardModel	952	MiscModel.SetToolTransformInfo	Model.UserData.MiscModel	code/Lua/decompiled/Board/Model/Board/MainBoardModel.lua	static name match; dynamic dispatch not included
Board.Model.Board.MainBoardModel	958	PropertyDataManager.GetPropertyNum	Model.UserData.PropertyDataManager	code/Lua/decompiled/Board/Model/Board/MainBoardModel.lua	static name match; dynamic dispatch not included
Board.Model.Board.MainBoardModel	961	PropertyDataManager.Consume	Model.UserData.PropertyDataManager	code/Lua/decompiled/Board/Model/Board/MainBoardModel.lua	static name match; dynamic dispatch not included
Board.Model.Board.MainBoardModel	967	ItemUtility.GetItemCode	Board.Model.ItemUtility	code/Lua/decompiled/Board/Model/Board/MainBoardModel.lua	static name match; dynamic dispatch not included
Board.Model.Board.MainBoardModel	974	MiscModel.GetToolTransformInfo	Model.UserData.MiscModel	code/Lua/decompiled/Board/Model/Board/MainBoardModel.lua	static name match; dynamic dispatch not included
Board.Model.Board.MainBoardModel	975	StringUtil.IsNilOrEmpty	Common.Utility.StringUtil	code/Lua/decompiled/Board/Model/Board/MainBoardModel.lua	static name match; dynamic dispatch not included
Board.Model.Board.MainBoardModel	976	StringUtil.Split	Common.Utility.StringUtil	code/Lua/decompiled/Board/Model/Board/MainBoardModel.lua	static name match; dynamic dispatch not included
Board.Model.Board.MainBoardModel	977	StringUtil.Split	Common.Utility.StringUtil	code/Lua/decompiled/Board/Model/Board/MainBoardModel.lua	static name match; dynamic dispatch not included
Board.Model.Board.MainBoardModel	982	MiscModel.Clear	Model.UserData.MiscModel	code/Lua/decompiled/Board/Model/Board/MainBoardModel.lua	static name match; dynamic dispatch not included
Board.Model.Board.MainBoardModel	984	MiscModel.Clear	Model.UserData.MiscModel	code/Lua/decompiled/Board/Model/Board/MainBoardModel.lua	static name match; dynamic dispatch not included
Board.Model.Board.MainBoardModel	997	ItemDataModel.GetChainId	Board.Model.ItemDataModel	code/Lua/decompiled/Board/Model/Board/MainBoardModel.lua	static name match; dynamic dispatch not included
Board.Model.Board.MainBoardModel	998	ItemDataModel.GetChainLevel	Board.Model.ItemDataModel	code/Lua/decompiled/Board/Model/Board/MainBoardModel.lua	static name match; dynamic dispatch not included
Board.Model.Board.MainBoardModel	1004	ItemDataModel.GetChainId	Board.Model.ItemDataModel	code/Lua/decompiled/Board/Model/Board/MainBoardModel.lua	static name match; dynamic dispatch not included
Board.Model.Board.MainBoardModel	1004	ItemDataModel.GetChainLevel	Board.Model.ItemDataModel	code/Lua/decompiled/Board/Model/Board/MainBoardModel.lua	static name match; dynamic dispatch not included
Board.Model.Board.MainBoardModel	1012	ConfigModel.IsCurtainCallSignOpen	Model.ConfigModel	code/Lua/decompiled/Board/Model/Board/MainBoardModel.lua	static name match; dynamic dispatch not included
Board.Model.Board.MainBoardModel	1019	ConfigModel.IsCurtainCallSignOpen	Model.ConfigModel	code/Lua/decompiled/Board/Model/Board/MainBoardModel.lua	static name match; dynamic dispatch not included
Board.Model.Board.MainBoardModel	1023	ItemDataModel.IsItemExist	Board.Model.ItemDataModel	code/Lua/decompiled/Board/Model/Board/MainBoardModel.lua	static name match; dynamic dispatch not included
Board.Model.Board.MainBoardModel	1026	ItemUtility.GetChainIdByCode	Board.Model.ItemUtility	code/Lua/decompiled/Board/Model/Board/MainBoardModel.lua	static name match; dynamic dispatch not included
Board.Model.Board.MainBoardModel	1027	ItemDataModel.GetChainGenerator	Board.Model.ItemDataModel	code/Lua/decompiled/Board/Model/Board/MainBoardModel.lua	static name match; dynamic dispatch not included
Board.Model.Board.MainBoardModel	1031	ItemUtility.GetItemCode	Board.Model.ItemUtility	code/Lua/decompiled/Board/Model/Board/MainBoardModel.lua	static name match; dynamic dispatch not included
Board.Model.Board.MainBoardModel	1036	ConfigModel.IsCurtainCallSignOpen	Model.ConfigModel	code/Lua/decompiled/Board/Model/Board/MainBoardModel.lua	static name match; dynamic dispatch not included
Board.Model.Board.MainBoardModel	1039	ItemDataModel.IsPdItem	Board.Model.ItemDataModel	code/Lua/decompiled/Board/Model/Board/MainBoardModel.lua	static name match; dynamic dispatch not included
Board.Model.Board.MainBoardModel	1042	ItemUtility.GetChainIdByCode	Board.Model.ItemUtility	code/Lua/decompiled/Board/Model/Board/MainBoardModel.lua	static name match; dynamic dispatch not included
Board.Model.Board.MainBoardModel	1047	ActivityManager.GetModel	Model.Activity.ActivityManager	code/Lua/decompiled/Board/Model/Board/MainBoardModel.lua	static name match; dynamic dispatch not included
Board.Model.Board.MainBoardModel	1048	Table.Contain	Common.Utility.Table	code/Lua/decompiled/Board/Model/Board/MainBoardModel.lua	static name match; dynamic dispatch not included
Board.Model.Board.MainBoardModel	1052	ItemDataModel.GetModelConfig	Board.Model.ItemDataModel	code/Lua/decompiled/Board/Model/Board/MainBoardModel.lua	static name match; dynamic dispatch not included
Board.Model.Board.MainBoardModel	1053	MiscModel.Get	Model.UserData.MiscModel	code/Lua/decompiled/Board/Model/Board/MainBoardModel.lua	static name match; dynamic dispatch not included
Board.Model.Board.MainBoardModel	1063	ItemDataModel.GetChainGenerator	Board.Model.ItemDataModel	code/Lua/decompiled/Board/Model/Board/MainBoardModel.lua	static name match; dynamic dispatch not included
Board.Model.Board.MainBoardModel	1063	ItemDataModel.GetChainId	Board.Model.ItemDataModel	code/Lua/decompiled/Board/Model/Board/MainBoardModel.lua	static name match; dynamic dispatch not included
Board.Model.Board.MainBoardModel	1074	ItemDataModel.IsItemExist	Board.Model.ItemDataModel	code/Lua/decompiled/Board/Model/Board/MainBoardModel.lua	static name match; dynamic dispatch not included
Board.Model.Board.MainBoardModel	1077	ItemDataModel.GetChainId	Board.Model.ItemDataModel	code/Lua/decompiled/Board/Model/Board/MainBoardModel.lua	static name match; dynamic dispatch not included
Board.Model.Board.SceneItemLayerModel	11	BaseItemLayerModel.Init	Board.Model.Board.BaseItemLayerModel	code/Lua/decompiled/Board/Model/Board/SceneItemLayerModel.lua	static name match; dynamic dispatch not included
Board.Model.Board.SceneItemLayerModel	33	BaseSceneBoardModel.GetValidPositionIterator	Board.Model.Board.BaseSceneBoardModel	code/Lua/decompiled/Board/Model/Board/SceneItemLayerModel.lua	static name match; dynamic dispatch not included
Board.Model.Board.SceneItemLayerModel	35	ItemModelFactory.CreateWithCode	Board.Model.ItemModelFactory	code/Lua/decompiled/Board/Model/Board/SceneItemLayerModel.lua	static name match; dynamic dispatch not included
Board.Model.Board.SceneItemLayerModel	51	BaseSceneBoardModel.CreatePosition	Board.Model.Board.BaseSceneBoardModel	code/Lua/decompiled/Board/Model/Board/SceneItemLayerModel.lua	static name match; dynamic dispatch not included
Board.Model.Board.SceneItemLayerModel	99	BaseSceneBoardModel.GetValidPositionIterator	Board.Model.Board.BaseSceneBoardModel	code/Lua/decompiled/Board/Model/Board/SceneItemLayerModel.lua	static name match; dynamic dispatch not included
Board.Model.Item.BaseItemComponent	11	EventDispatcher.RemoveTarget	Common.Event.EventDispatcher	code/Lua/decompiled/Board/Model/Item/BaseItemComponent.lua	static name match; dynamic dispatch not included
Board.Model.Item.ItemBattery	15	PairEvent.Create	Common.Event.PairEvent	code/Lua/decompiled/Board/Model/Item/ItemBattery.lua	static name match; dynamic dispatch not included
Board.Model.Item.ItemBattery	16	StringUtil.rFindChar	Common.Utility.StringUtil	code/Lua/decompiled/Board/Model/Item/ItemBattery.lua	static name match; dynamic dispatch not included
Board.Model.Item.ItemBattery	28	Table.IsEmpty	Common.Utility.Table	code/Lua/decompiled/Board/Model/Item/ItemBattery.lua	static name match; dynamic dispatch not included
Board.Model.Item.ItemBattery	29	RewardApi.AcquireRewardsLogic	Model.UserData.RewardApi	code/Lua/decompiled/Board/Model/Item/ItemBattery.lua	static name match; dynamic dispatch not included
Board.Model.Item.ItemBroom	22	EventDispatcher.DispatchEvent	Common.Event.EventDispatcher	code/Lua/decompiled/Board/Model/Item/ItemBroom.lua	static name match; dynamic dispatch not included
Board.Model.Item.ItemBubble	25	ItemDataModel.GetModelConfig	Board.Model.ItemDataModel	code/Lua/decompiled/Board/Model/Item/ItemBubble.lua	static name match; dynamic dispatch not included
Board.Model.Item.ItemBubble	26	GameModel.GetServerTime	Model.GameModel	code/Lua/decompiled/Board/Model/Item/ItemBubble.lua	static name match; dynamic dispatch not included
Board.Model.Item.ItemBubble	28	ConfigModel.GetBubbleTimeByPrice	Model.ConfigModel	code/Lua/decompiled/Board/Model/Item/ItemBubble.lua	static name match; dynamic dispatch not included
Board.Model.Item.ItemBubble	32	BaseItemComponent.Destroy	Board.Model.Item.BaseItemComponent	code/Lua/decompiled/Board/Model/Item/ItemBubble.lua	static name match; dynamic dispatch not included
Board.Model.Item.ItemBubble	44	GameModel.GetServerDay	Model.GameModel	code/Lua/decompiled/Board/Model/Item/ItemBubble.lua	static name match; dynamic dispatch not included
Board.Model.Item.ItemBubble	45	MiscModel.GetBubbleBrokenLastDayTimeInNumber	Model.UserData.MiscModel	code/Lua/decompiled/Board/Model/Item/ItemBubble.lua	static name match; dynamic dispatch not included
Board.Model.Item.ItemBubble	47	MiscModel.SetBubbleBrokenLastDayTime	Model.UserData.MiscModel	code/Lua/decompiled/Board/Model/Item/ItemBubble.lua	static name match; dynamic dispatch not included
Board.Model.Item.ItemBubble	49	MiscModel.Set	Model.UserData.MiscModel	code/Lua/decompiled/Board/Model/Item/ItemBubble.lua	static name match; dynamic dispatch not included
Board.Model.Item.ItemBubble	53	StringUtil.StartWith	Common.Utility.StringUtil	code/Lua/decompiled/Board/Model/Item/ItemBubble.lua	static name match; dynamic dispatch not included
Board.Model.Item.ItemBubble	54	MiscModel.Get	Model.UserData.MiscModel	code/Lua/decompiled/Board/Model/Item/ItemBubble.lua	static name match; dynamic dispatch not included
Board.Model.Item.ItemBubble	55	SystemConfigModel.GetConfig	Model.SystemConfigModel	code/Lua/decompiled/Board/Model/Item/ItemBubble.lua	static name match; dynamic dispatch not included
Board.Model.Item.ItemBubble	56	SystemConfigModel.GetConfig	Model.SystemConfigModel	code/Lua/decompiled/Board/Model/Item/ItemBubble.lua	static name match; dynamic dispatch not included
Board.Model.Item.ItemBubble	57	MiscModel.Set	Model.UserData.MiscModel	code/Lua/decompiled/Board/Model/Item/ItemBubble.lua	static name match; dynamic dispatch not included
Board.Model.Item.ItemBubble	60	StringUtil.Replace	Common.Utility.StringUtil	code/Lua/decompiled/Board/Model/Item/ItemBubble.lua	static name match; dynamic dispatch not included
Board.Model.Item.ItemBubble	72	Table.ListWeightSelectOne	Common.Utility.Table	code/Lua/decompiled/Board/Model/Item/ItemBubble.lua	static name match; dynamic dispatch not included
Board.Model.Item.ItemBubble	75	GameConfig.IsTestMode	Common.GameConfig	code/Lua/decompiled/Board/Model/Item/ItemBubble.lua	static name match; dynamic dispatch not included
Board.Model.Item.ItemBubble	98	MiscModel.SetFreeBubbleNum	Model.UserData.MiscModel	code/Lua/decompiled/Board/Model/Item/ItemBubble.lua	static name match; dynamic dispatch not included
Board.Model.Item.ItemBubble	100	PropertyDataManager.GetPropertyNum	Model.UserData.PropertyDataManager	code/Lua/decompiled/Board/Model/Item/ItemBubble.lua	static name match; dynamic dispatch not included
Board.Model.Item.ItemBubble	101	GameConfig.IsTestMode	Common.GameConfig	code/Lua/decompiled/Board/Model/Item/ItemBubble.lua	static name match; dynamic dispatch not included
Board.Model.Item.ItemBubble	110	PropertyDataManager.Consume	Model.UserData.PropertyDataManager	code/Lua/decompiled/Board/Model/Item/ItemBubble.lua	static name match; dynamic dispatch not included
Board.Model.Item.ItemBubble	111	EventDispatcher.DispatchEvent	Common.Event.EventDispatcher	code/Lua/decompiled/Board/Model/Item/ItemBubble.lua	static name match; dynamic dispatch not included
Board.Model.Item.ItemBubble	124	EventDispatcher.DispatchEvent	Common.Event.EventDispatcher	code/Lua/decompiled/Board/Model/Item/ItemBubble.lua	static name match; dynamic dispatch not included
Board.Model.Item.ItemBubble	141	RewardApi.AcquireRewards	Model.UserData.RewardApi	code/Lua/decompiled/Board/Model/Item/ItemBubble.lua	static name match; dynamic dispatch not included
Board.Model.Item.ItemBubble	170	RewardApi.AcquireRewards	Model.UserData.RewardApi	code/Lua/decompiled/Board/Model/Item/ItemBubble.lua	static name match; dynamic dispatch not included
Board.Model.Item.ItemBubble	199	RewardApi.AcquireRewards	Model.UserData.RewardApi	code/Lua/decompiled/Board/Model/Item/ItemBubble.lua	static name match; dynamic dispatch not included
Board.Model.Item.ItemBubble	216	SystemConfigModel.GetConfig	Model.SystemConfigModel	code/Lua/decompiled/Board/Model/Item/ItemBubble.lua	static name match; dynamic dispatch not included
Board.Model.Item.ItemBubble	233	MiscModel.GetFreeBubbleNumInNumber	Model.UserData.MiscModel	code/Lua/decompiled/Board/Model/Item/ItemBubble.lua	static name match; dynamic dispatch not included
Board.Model.Item.ItemBubble	234	SystemConfigModel.GetConfig	Model.SystemConfigModel	code/Lua/decompiled/Board/Model/Item/ItemBubble.lua	static name match; dynamic dispatch not included
Board.Model.Item.ItemBubble	237	TutorialModel.GetForceUnlockBubbleCost	Model.Tutorial.TutorialModel	code/Lua/decompiled/Board/Model/Item/ItemBubble.lua	static name match; dynamic dispatch not included
Board.Model.Item.ItemBubble	242	GameModel.GetServerTime	Model.GameModel	code/Lua/decompiled/Board/Model/Item/ItemBubble.lua	static name match; dynamic dispatch not included
Board.Model.Item.ItemBubble	256	EventDispatcher.DispatchEvent	Common.Event.EventDispatcher	code/Lua/decompiled/Board/Model/Item/ItemBubble.lua	static name match; dynamic dispatch not included
Board.Model.Item.ItemCharge	8	StringUtil.Split	Common.Utility.StringUtil	code/Lua/decompiled/Board/Model/Item/ItemCharge.lua	static name match; dynamic dispatch not included
Board.Model.Item.ItemCharge	10	StringUtil.SplitToNum	Common.Utility.StringUtil	code/Lua/decompiled/Board/Model/Item/ItemCharge.lua	static name match; dynamic dispatch not included
Board.Model.Item.ItemCharge	16	ItemModelFactory.GetCodeAndWeightPairs	Board.Model.ItemModelFactory	code/Lua/decompiled/Board/Model/Item/ItemCharge.lua	static name match; dynamic dispatch not included
Board.Model.Item.ItemCharge	22	ItemDataModel.IsItemExist	Board.Model.ItemDataModel	code/Lua/decompiled/Board/Model/Item/ItemCharge.lua	static name match; dynamic dispatch not included
Board.Model.Item.ItemCharge	25	ItemDataModel.GetModelConfig	Board.Model.ItemDataModel	code/Lua/decompiled/Board/Model/Item/ItemCharge.lua	static name match; dynamic dispatch not included
Board.Model.Item.ItemCharge	41	PairEvent.Create	Common.Event.PairEvent	code/Lua/decompiled/Board/Model/Item/ItemCharge.lua	static name match; dynamic dispatch not included
Board.Model.Item.ItemCharge	49	GameModel.GetServerTime	Model.GameModel	code/Lua/decompiled/Board/Model/Item/ItemCharge.lua	static name match; dynamic dispatch not included
Board.Model.Item.ItemCharge	51	SceneManager.GetGameMode	Model.SceneManager	code/Lua/decompiled/Board/Model/Item/ItemCharge.lua	static name match; dynamic dispatch not included
Board.Model.Item.ItemCharge	64	Table.ListWeightSelectOne	Common.Utility.Table	code/Lua/decompiled/Board/Model/Item/ItemCharge.lua	static name match; dynamic dispatch not included
Board.Model.Item.ItemCharge	95	EventDispatcher.DispatchEvent	Common.Event.EventDispatcher	code/Lua/decompiled/Board/Model/Item/ItemCharge.lua	static name match; dynamic dispatch not included
Board.Model.Item.ItemCharge	99	GameConfig.IsTestMode	Common.GameConfig	code/Lua/decompiled/Board/Model/Item/ItemCharge.lua	static name match; dynamic dispatch not included
Board.Model.Item.ItemCharge	111	PropertyDataManager.GetPropertyNum	Model.UserData.PropertyDataManager	code/Lua/decompiled/Board/Model/Item/ItemCharge.lua	static name match; dynamic dispatch not included
Board.Model.Item.ItemCharge	112	GameConfig.IsTestMode	Common.GameConfig	code/Lua/decompiled/Board/Model/Item/ItemCharge.lua	static name match; dynamic dispatch not included
Board.Model.Item.ItemCharge	122	PropertyDataManager.Consume	Model.UserData.PropertyDataManager	code/Lua/decompiled/Board/Model/Item/ItemCharge.lua	static name match; dynamic dispatch not included
Board.Model.Item.ItemCharge	127	EventDispatcher.DispatchEvent	Common.Event.EventDispatcher	code/Lua/decompiled/Board/Model/Item/ItemCharge.lua	static name match; dynamic dispatch not included
Board.Model.Item.ItemCharge	156	EnergyModel.GetCurrentEnergyModel	Model.UserData.EnergyModel	code/Lua/decompiled/Board/Model/Item/ItemCharge.lua	static name match; dynamic dispatch not included
Board.Model.Item.ItemCharge	159	EventDispatcher.DispatchEvent	Common.Event.EventDispatcher	code/Lua/decompiled/Board/Model/Item/ItemCharge.lua	static name match; dynamic dispatch not included
Board.Model.Item.ItemCharge	173	EventDispatcher.DispatchEvent	Common.Event.EventDispatcher	code/Lua/decompiled/Board/Model/Item/ItemCharge.lua	static name match; dynamic dispatch not included
Board.Model.Item.ItemCharge	178	EventDispatcher.DispatchEvent	Common.Event.EventDispatcher	code/Lua/decompiled/Board/Model/Item/ItemCharge.lua	static name match; dynamic dispatch not included
Board.Model.Item.ItemCharge	186	PropertyDataManager.Consume	Model.UserData.PropertyDataManager	code/Lua/decompiled/Board/Model/Item/ItemCharge.lua	static name match; dynamic dispatch not included
Board.Model.Item.ItemCharge	187	EnergyModel.OnEnergyConsumed	Model.UserData.EnergyModel	code/Lua/decompiled/Board/Model/Item/ItemCharge.lua	static name match; dynamic dispatch not included
Board.Model.Item.ItemCharge	198	EventDispatcher.DispatchEvent	Common.Event.EventDispatcher	code/Lua/decompiled/Board/Model/Item/ItemCharge.lua	static name match; dynamic dispatch not included
Board.Model.Item.ItemCharge	201	Table.ListWeightSelectOne	Common.Utility.Table	code/Lua/decompiled/Board/Model/Item/ItemCharge.lua	static name match; dynamic dispatch not included
Board.Model.Item.ItemCharge	211	EventDispatcher.DispatchEvent	Common.Event.EventDispatcher	code/Lua/decompiled/Board/Model/Item/ItemCharge.lua	static name match; dynamic dispatch not included
Board.Model.Item.ItemCharge	216	EventDispatcher.DispatchEvent	Common.Event.EventDispatcher	code/Lua/decompiled/Board/Model/Item/ItemCharge.lua	static name match; dynamic dispatch not included
Board.Model.Item.ItemCharge	225	EventDispatcher.DispatchEvent	Common.Event.EventDispatcher	code/Lua/decompiled/Board/Model/Item/ItemCharge.lua	static name match; dynamic dispatch not included
Board.Model.Item.ItemCharge	246	GameModel.GetServerTime	Model.GameModel	code/Lua/decompiled/Board/Model/Item/ItemCharge.lua	static name match; dynamic dispatch not included
Board.Model.Item.ItemCharge	269	EventDispatcher.DispatchEvent	Common.Event.EventDispatcher	code/Lua/decompiled/Board/Model/Item/ItemCharge.lua	static name match; dynamic dispatch not included
Board.Model.Item.ItemCharge	295	ItemUtility.GetSpeedUpCost	Board.Model.ItemUtility	code/Lua/decompiled/Board/Model/Item/ItemCharge.lua	static name match; dynamic dispatch not included
Board.Model.Item.ItemCharge	299	GameModel.GetServerTime	Model.GameModel	code/Lua/decompiled/Board/Model/Item/ItemCharge.lua	static name match; dynamic dispatch not included
Board.Model.Item.ItemCharge	304	GameModel.GetServerTime	Model.GameModel	code/Lua/decompiled/Board/Model/Item/ItemCharge.lua	static name match; dynamic dispatch not included
Board.Model.Item.ItemChoose	16	StringUtil.IsNilOrEmpty	Common.Utility.StringUtil	code/Lua/decompiled/Board/Model/Item/ItemChoose.lua	static name match; dynamic dispatch not included
Board.Model.Item.ItemChoose	17	StringUtil.Split	Common.Utility.StringUtil	code/Lua/decompiled/Board/Model/Item/ItemChoose.lua	static name match; dynamic dispatch not included
Board.Model.Item.ItemChoose	32	MiscModel.Get	Model.UserData.MiscModel	code/Lua/decompiled/Board/Model/Item/ItemChoose.lua	static name match; dynamic dispatch not included
Board.Model.Item.ItemChoose	32	ItemDataModel.IsItemExist	Board.Model.ItemDataModel	code/Lua/decompiled/Board/Model/Item/ItemChoose.lua	static name match; dynamic dispatch not included
Board.Model.Item.ItemChoose	37	ItemUtility.CheckData	Board.Model.ItemUtility	code/Lua/decompiled/Board/Model/Item/ItemChoose.lua	static name match; dynamic dispatch not included
Board.Model.Item.ItemChoose	84	EventDispatcher.DispatchEvent	Common.Event.EventDispatcher	code/Lua/decompiled/Board/Model/Item/ItemChoose.lua	static name match; dynamic dispatch not included
Board.Model.Item.ItemChoose	99	BalloonRewardModel.GetItemsForCbox	BalloonRewardItem.Model.BalloonRewardModel	code/Lua/decompiled/Board/Model/Item/ItemChoose.lua	static name match; dynamic dispatch not included
Board.Model.Item.ItemChoose	115	ItemDataModel.GetChainId	Board.Model.ItemDataModel	code/Lua/decompiled/Board/Model/Item/ItemChoose.lua	static name match; dynamic dispatch not included
Board.Model.Item.ItemChoose	131	Table.ListContain	Common.Utility.Table	code/Lua/decompiled/Board/Model/Item/ItemChoose.lua	static name match; dynamic dispatch not included
Board.Model.Item.ItemChoose	151	Table.ListContain	Common.Utility.Table	code/Lua/decompiled/Board/Model/Item/ItemChoose.lua	static name match; dynamic dispatch not included
Board.Model.Item.ItemChoose	151	Table.ListContain	Common.Utility.Table	code/Lua/decompiled/Board/Model/Item/ItemChoose.lua	static name match; dynamic dispatch not included
Board.Model.Item.ItemChoose	162	ItemDataModel.IsInOrder	Board.Model.ItemDataModel	code/Lua/decompiled/Board/Model/Item/ItemChoose.lua	static name match; dynamic dispatch not included
Board.Model.Item.ItemChoose	211	ItemDataModel.GetChainId	Board.Model.ItemDataModel	code/Lua/decompiled/Board/Model/Item/ItemChoose.lua	static name match; dynamic dispatch not included
Board.Model.Item.ItemChoose	212	ItemDataModel.GetChainLevel	Board.Model.ItemDataModel	code/Lua/decompiled/Board/Model/Item/ItemChoose.lua	static name match; dynamic dispatch not included
Board.Model.Item.ItemChoose	215	ItemUtility.GetItemCode	Board.Model.ItemUtility	code/Lua/decompiled/Board/Model/Item/ItemChoose.lua	static name match; dynamic dispatch not included
Board.Model.Item.ItemChoose	249	Table.ListRandomSelectOne	Common.Utility.Table	code/Lua/decompiled/Board/Model/Item/ItemChoose.lua	static name match; dynamic dispatch not included
Board.Model.Item.ItemChoose	250	ItemDataModel.GetChainId	Board.Model.ItemDataModel	code/Lua/decompiled/Board/Model/Item/ItemChoose.lua	static name match; dynamic dispatch not included
Board.Model.Item.ItemChoose	259	ItemDataModel.GetChainId	Board.Model.ItemDataModel	code/Lua/decompiled/Board/Model/Item/ItemChoose.lua	static name match; dynamic dispatch not included
Board.Model.Item.ItemChoose	260	Table.ListContain	Common.Utility.Table	code/Lua/decompiled/Board/Model/Item/ItemChoose.lua	static name match; dynamic dispatch not included
Board.Model.Item.ItemChoose	270	ItemDataModel.GetChainId	Board.Model.ItemDataModel	code/Lua/decompiled/Board/Model/Item/ItemChoose.lua	static name match; dynamic dispatch not included
Board.Model.Item.ItemChoose	271	Table.ListContain	Common.Utility.Table	code/Lua/decompiled/Board/Model/Item/ItemChoose.lua	static name match; dynamic dispatch not included
Board.Model.Item.ItemCobweb	19	ItemDataModel.GetModelConfig	Board.Model.ItemDataModel	code/Lua/decompiled/Board/Model/Item/ItemCobweb.lua	static name match; dynamic dispatch not included
Board.Model.Item.ItemCobweb	24	ItemDataModel.GetModelConfig	Board.Model.ItemDataModel	code/Lua/decompiled/Board/Model/Item/ItemCobweb.lua	static name match; dynamic dispatch not included
Board.Model.Item.ItemCobweb	31	PropertyDataManager.GetPropertyNum	Model.UserData.PropertyDataManager	code/Lua/decompiled/Board/Model/Item/ItemCobweb.lua	static name match; dynamic dispatch not included
Board.Model.Item.ItemCobweb	38	PropertyDataManager.Consume	Model.UserData.PropertyDataManager	code/Lua/decompiled/Board/Model/Item/ItemCobweb.lua	static name match; dynamic dispatch not included
Board.Model.Item.ItemCobweb	46	EventDispatcher.DispatchEvent	Common.Event.EventDispatcher	code/Lua/decompiled/Board/Model/Item/ItemCobweb.lua	static name match; dynamic dispatch not included
Board.Model.Item.ItemCobweb	47	TutorialModel.FinishTutorial	Model.Tutorial.TutorialModel	code/Lua/decompiled/Board/Model/Item/ItemCobweb.lua	static name match; dynamic dispatch not included
Board.Model.Item.ItemCobweb	51	OpenFunctionModel.IsCobwebUnlockOpen	Model.OpenFunctionModel	code/Lua/decompiled/Board/Model/Item/ItemCobweb.lua	static name match; dynamic dispatch not included
Board.Model.Item.ItemCobweb	61	ItemUtility.GetItemCode	Board.Model.ItemUtility	code/Lua/decompiled/Board/Model/Item/ItemCobweb.lua	static name match; dynamic dispatch not included
Board.Model.Item.ItemCobweb	65	SystemConfigModel.GetConfig	Model.SystemConfigModel	code/Lua/decompiled/Board/Model/Item/ItemCobweb.lua	static name match; dynamic dispatch not included
Board.Model.Item.ItemCollectable	20	TutorialModel.GetOngoingDatas	Model.Tutorial.TutorialModel	code/Lua/decompiled/Board/Model/Item/ItemCollectable.lua	static name match; dynamic dispatch not included
Board.Model.Item.ItemCollectable	38	ItemDataModel.GetChainId	Board.Model.ItemDataModel	code/Lua/decompiled/Board/Model/Item/ItemCollectable.lua	static name match; dynamic dispatch not included
Board.Model.Item.ItemCollectable	42	ActivityManager.GetModel	Model.Activity.ActivityManager	code/Lua/decompiled/Board/Model/Item/ItemCollectable.lua	static name match; dynamic dispatch not included
Board.Model.Item.ItemCollectable	61	Table.IsEmpty	Common.Utility.Table	code/Lua/decompiled/Board/Model/Item/ItemCollectable.lua	static name match; dynamic dispatch not included
Board.Model.Item.ItemCollectable	62	HuntActivityBoardView.GetInstance	HuntActivity.Common.Board.HuntActivityBoardView	code/Lua/decompiled/Board/Model/Item/ItemCollectable.lua	static name match; dynamic dispatch not included
Board.Model.Item.ItemCollectable	72	HuntActivityBoardView.GetInstance	HuntActivity.Common.Board.HuntActivityBoardView	code/Lua/decompiled/Board/Model/Item/ItemCollectable.lua	static name match; dynamic dispatch not included
Board.Model.Item.ItemCollectable	83	StringUtil.StartWith	Common.Utility.StringUtil	code/Lua/decompiled/Board/Model/Item/ItemCollectable.lua	static name match; dynamic dispatch not included
Board.Model.Item.ItemCollectable	90	RewardApi.AcquireRewardsLogic	Model.UserData.RewardApi	code/Lua/decompiled/Board/Model/Item/ItemCollectable.lua	static name match; dynamic dispatch not included
Board.Model.Item.ItemCollectable	92	EventDispatcher.DispatchEvent	Common.Event.EventDispatcher	code/Lua/decompiled/Board/Model/Item/ItemCollectable.lua	static name match; dynamic dispatch not included
Board.Model.Item.ItemCollectable	96	PropertyDataManager.Acquire	Model.UserData.PropertyDataManager	code/Lua/decompiled/Board/Model/Item/ItemCollectable.lua	static name match; dynamic dispatch not included
Board.Model.Item.ItemCollectable	104	EventDispatcher.DispatchEvent	Common.Event.EventDispatcher	code/Lua/decompiled/Board/Model/Item/ItemCollectable.lua	static name match; dynamic dispatch not included
Board.Model.Item.ItemCollectable	109	EventDispatcher.DispatchEvent	Common.Event.EventDispatcher	code/Lua/decompiled/Board/Model/Item/ItemCollectable.lua	static name match; dynamic dispatch not included
Board.Model.Item.ItemDefinition	208	ItemBoxSimilarUtility.IsBoxSimilarItem	Board.Model.ItemBoxSimilarUtility	code/Lua/decompiled/Board/Model/Item/ItemDefinition.lua	static name match; dynamic dispatch not included
Board.Model.Item.ItemDefinition	209	ItemBoxSimilarUtility.GetItemIcon	Board.Model.ItemBoxSimilarUtility	code/Lua/decompiled/Board/Model/Item/ItemDefinition.lua	static name match; dynamic dispatch not included
Board.Model.Item.ItemDefinition	210	StringUtil.StartWith	Common.Utility.StringUtil	code/Lua/decompiled/Board/Model/Item/ItemDefinition.lua	static name match; dynamic dispatch not included
Board.Model.Item.ItemDefinition	211	ItemDataModel.GetSpriteName	Board.Model.ItemDataModel	code/Lua/decompiled/Board/Model/Item/ItemDefinition.lua	static name match; dynamic dispatch not included
Board.Model.Item.ItemDefinition	213	StringUtil.StartWith	Common.Utility.StringUtil	code/Lua/decompiled/Board/Model/Item/ItemDefinition.lua	static name match; dynamic dispatch not included
Board.Model.Item.ItemDefinition	214	StringUtil.rFindChar	Common.Utility.StringUtil	code/Lua/decompiled/Board/Model/Item/ItemDefinition.lua	static name match; dynamic dispatch not included
Board.Model.Item.ItemDefinition	219	ItemChangeHelper.IsItemChanged	Board.Model.ItemChangeHelper	code/Lua/decompiled/Board/Model/Item/ItemDefinition.lua	static name match; dynamic dispatch not included
Board.Model.Item.ItemDig	14	PairEvent.Create	Common.Event.PairEvent	code/Lua/decompiled/Board/Model/Item/ItemDig.lua	static name match; dynamic dispatch not included
Board.Model.Item.ItemDig	15	StringUtil.Split	Common.Utility.StringUtil	code/Lua/decompiled/Board/Model/Item/ItemDig.lua	static name match; dynamic dispatch not included
Board.Model.Item.ItemDig	30	HuntActivityModel.GetActiveModel	HuntActivity.Common.Model.HuntActivityModel	code/Lua/decompiled/Board/Model/Item/ItemDig.lua	static name match; dynamic dispatch not included
Board.Model.Item.ItemDig	47	EventDispatcher.DispatchEvent	Common.Event.EventDispatcher	code/Lua/decompiled/Board/Model/Item/ItemDig.lua	static name match; dynamic dispatch not included
Board.Model.Item.ItemDig	55	EventDispatcher.DispatchEvent	Common.Event.EventDispatcher	code/Lua/decompiled/Board/Model/Item/ItemDig.lua	static name match; dynamic dispatch not included
Board.Model.Item.ItemDig	71	EventDispatcher.DispatchEvent	Common.Event.EventDispatcher	code/Lua/decompiled/Board/Model/Item/ItemDig.lua	static name match; dynamic dispatch not included
Board.Model.Item.ItemExtraSpread	52	StringUtil.StartWith	Common.Utility.StringUtil	code/Lua/decompiled/Board/Model/Item/ItemExtraSpread.lua	static name match; dynamic dispatch not included
Board.Model.Item.ItemExtraSpread	54	Table.IsEmpty	Common.Utility.Table	code/Lua/decompiled/Board/Model/Item/ItemExtraSpread.lua	static name match; dynamic dispatch not included
Board.Model.Item.ItemExtraSpread	54	ItemDataModel.GetModelConfig	Board.Model.ItemDataModel	code/Lua/decompiled/Board/Model/Item/ItemExtraSpread.lua	static name match; dynamic dispatch not included
Board.Model.Item.ItemExtraSpread	61	ItemDataModel.GetModelConfig	Board.Model.ItemDataModel	code/Lua/decompiled/Board/Model/Item/ItemExtraSpread.lua	static name match; dynamic dispatch not included
Board.Model.Item.ItemExtraSpread	63	Table.IsEmpty	Common.Utility.Table	code/Lua/decompiled/Board/Model/Item/ItemExtraSpread.lua	static name match; dynamic dispatch not included
Board.Model.Item.ItemFreefallBoss	12	PairEvent.Create	Common.Event.PairEvent	code/Lua/decompiled/Board/Model/Item/ItemFreefallBoss.lua	static name match; dynamic dispatch not included
Board.Model.Item.ItemFreefallBoss	14	FreefallActivityModel.GetActiveModel	FreefallActivity.Model.FreefallActivityModel	code/Lua/decompiled/Board/Model/Item/ItemFreefallBoss.lua	static name match; dynamic dispatch not included
Board.Model.Item.ItemFreefallBoss	32	Table.IsEmpty	Common.Utility.Table	code/Lua/decompiled/Board/Model/Item/ItemFreefallBoss.lua	static name match; dynamic dispatch not included
Board.Model.Item.ItemFreefallBoss	35	Table.Contain	Common.Utility.Table	code/Lua/decompiled/Board/Model/Item/ItemFreefallBoss.lua	static name match; dynamic dispatch not included
Board.Model.Item.ItemFreefallBoss	41	Table.Contain	Common.Utility.Table	code/Lua/decompiled/Board/Model/Item/ItemFreefallBoss.lua	static name match; dynamic dispatch not included
Board.Model.Item.ItemFreefallBoss	43	Table.Contain	Common.Utility.Table	code/Lua/decompiled/Board/Model/Item/ItemFreefallBoss.lua	static name match; dynamic dispatch not included
Board.Model.Item.ItemFreefallBoss	45	Table.Contain	Common.Utility.Table	code/Lua/decompiled/Board/Model/Item/ItemFreefallBoss.lua	static name match; dynamic dispatch not included
Board.Model.Item.ItemFreefallBoss	47	Table.Contain	Common.Utility.Table	code/Lua/decompiled/Board/Model/Item/ItemFreefallBoss.lua	static name match; dynamic dispatch not included
Board.Model.Item.ItemFreefallBoss	74	Table.IsEmpty	Common.Utility.Table	code/Lua/decompiled/Board/Model/Item/ItemFreefallBoss.lua	static name match; dynamic dispatch not included
Board.Model.Item.ItemFreefallBoss	97	Table.IsEmpty	Common.Utility.Table	code/Lua/decompiled/Board/Model/Item/ItemFreefallBoss.lua	static name match; dynamic dispatch not included
Board.Model.Item.ItemHuntCloudKey	27	Table.IsEmpty	Common.Utility.Table	code/Lua/decompiled/Board/Model/Item/ItemHuntCloudKey.lua	static name match; dynamic dispatch not included
Board.Model.Item.ItemHuntCloudKey	28	HuntActivityBoardView.GetInstance	HuntActivity.Common.Board.HuntActivityBoardView	code/Lua/decompiled/Board/Model/Item/ItemHuntCloudKey.lua	static name match; dynamic dispatch not included
Board.Model.Item.ItemHuntCloudKey	39	HuntActivityBoardView.GetInstance	HuntActivity.Common.Board.HuntActivityBoardView	code/Lua/decompiled/Board/Model/Item/ItemHuntCloudKey.lua	static name match; dynamic dispatch not included
Board.Model.Item.ItemIce	18	ItemDataModel.GetModelConfig	Board.Model.ItemDataModel	code/Lua/decompiled/Board/Model/Item/ItemIce.lua	static name match; dynamic dispatch not included
Board.Model.Item.ItemIce	23	ItemDataModel.GetModelConfig	Board.Model.ItemDataModel	code/Lua/decompiled/Board/Model/Item/ItemIce.lua	static name match; dynamic dispatch not included
Board.Model.Item.ItemIce	31	ActivityManager.GetIceTransformItem	Model.Activity.ActivityManager	code/Lua/decompiled/Board/Model/Item/ItemIce.lua	static name match; dynamic dispatch not included
Board.Model.Item.ItemIce	46	ActivityManager.GetIceTransformItem	Model.Activity.ActivityManager	code/Lua/decompiled/Board/Model/Item/ItemIce.lua	static name match; dynamic dispatch not included
Board.Model.Item.ItemIce	66	GameModel.GetServerTime	Model.GameModel	code/Lua/decompiled/Board/Model/Item/ItemIce.lua	static name match; dynamic dispatch not included
Board.Model.Item.ItemIce	70	GameModel.GetServerTime	Model.GameModel	code/Lua/decompiled/Board/Model/Item/ItemIce.lua	static name match; dynamic dispatch not included
Board.Model.Item.ItemIce	83	EventDispatcher.DispatchEvent	Common.Event.EventDispatcher	code/Lua/decompiled/Board/Model/Item/ItemIce.lua	static name match; dynamic dispatch not included
Board.Model.Item.ItemIce	112	EventDispatcher.DispatchEvent	Common.Event.EventDispatcher	code/Lua/decompiled/Board/Model/Item/ItemIce.lua	static name match; dynamic dispatch not included
Board.Model.Item.ItemMapBlocker	14	EventDispatcher.AddListener	Common.Event.EventDispatcher	code/Lua/decompiled/Board/Model/Item/ItemMapBlocker.lua	static name match; dynamic dispatch not included
Board.Model.Item.ItemMapBlocker	15	EventDispatcher.AddListener	Common.Event.EventDispatcher	code/Lua/decompiled/Board/Model/Item/ItemMapBlocker.lua	static name match; dynamic dispatch not included
Board.Model.Item.ItemMapBlocker	19	BaseItemComponent.SetItemModel	Board.Model.Item.BaseItemComponent	code/Lua/decompiled/Board/Model/Item/ItemMapBlocker.lua	static name match; dynamic dispatch not included
Board.Model.Item.ItemMapBlocker	62	EventDispatcher.RemoveTarget	Common.Event.EventDispatcher	code/Lua/decompiled/Board/Model/Item/ItemMapBlocker.lua	static name match; dynamic dispatch not included
Board.Model.Item.ItemModel	17	GameModel.GetServerTime	Model.GameModel	code/Lua/decompiled/Board/Model/Item/ItemModel.lua	static name match; dynamic dispatch not included
Board.Model.Item.ItemModel	24	PairEvent.Create	Common.Event.PairEvent	code/Lua/decompiled/Board/Model/Item/ItemModel.lua	static name match; dynamic dispatch not included
Board.Model.Item.ItemModel	28	BoardPosition.Copy	Board.Model.Base.BoardPosition	code/Lua/decompiled/Board/Model/Item/ItemModel.lua	static name match; dynamic dispatch not included
Board.Model.Item.ItemModel	161	StringUtil.StartWith	Common.Utility.StringUtil	code/Lua/decompiled/Board/Model/Item/ItemModel.lua	static name match; dynamic dispatch not included
Board.Model.Item.ItemModel	163	ItemDataModel.GetChainLevel	Board.Model.ItemDataModel	code/Lua/decompiled/Board/Model/Item/ItemModel.lua	static name match; dynamic dispatch not included
Board.Model.Item.ItemModel	252	StringUtil.StartWith	Common.Utility.StringUtil	code/Lua/decompiled/Board/Model/Item/ItemModel.lua	static name match; dynamic dispatch not included
Board.Model.Item.ItemPick	15	StringUtil.IsNilOrEmpty	Common.Utility.StringUtil	code/Lua/decompiled/Board/Model/Item/ItemPick.lua	static name match; dynamic dispatch not included
Board.Model.Item.ItemPick	25	MiscModel.Get	Model.UserData.MiscModel	code/Lua/decompiled/Board/Model/Item/ItemPick.lua	static name match; dynamic dispatch not included
Board.Model.Item.ItemPick	25	ItemDataModel.IsItemExist	Board.Model.ItemDataModel	code/Lua/decompiled/Board/Model/Item/ItemPick.lua	static name match; dynamic dispatch not included
Board.Model.Item.ItemPick	29	ItemUtility.CheckData	Board.Model.ItemUtility	code/Lua/decompiled/Board/Model/Item/ItemPick.lua	static name match; dynamic dispatch not included
Board.Model.Item.ItemPick	61	ItemDataModel.GetModelConfig	Board.Model.ItemDataModel	code/Lua/decompiled/Board/Model/Item/ItemPick.lua	static name match; dynamic dispatch not included
Board.Model.Item.ItemPick	72	Table.GetKeys	Common.Utility.Table	code/Lua/decompiled/Board/Model/Item/ItemPick.lua	static name match; dynamic dispatch not included
Board.Model.Item.ItemPick	79	Table.GetKeys	Common.Utility.Table	code/Lua/decompiled/Board/Model/Item/ItemPick.lua	static name match; dynamic dispatch not included
Board.Model.Item.ItemPick	89	ItemDataModel.GetChainUnlockedLevel	Board.Model.ItemDataModel	code/Lua/decompiled/Board/Model/Item/ItemPick.lua	static name match; dynamic dispatch not included
Board.Model.Item.ItemPick	91	ItemUtility.GetItemCode	Board.Model.ItemUtility	code/Lua/decompiled/Board/Model/Item/ItemPick.lua	static name match; dynamic dispatch not included
Board.Model.Item.ItemPick	92	ItemDataModel.GetModelConfig	Board.Model.ItemDataModel	code/Lua/decompiled/Board/Model/Item/ItemPick.lua	static name match; dynamic dispatch not included
Board.Model.Item.ItemPortal	13	PairEvent.Create	Common.Event.PairEvent	code/Lua/decompiled/Board/Model/Item/ItemPortal.lua	static name match; dynamic dispatch not included
Board.Model.Item.ItemPortal	14	HuntActivityModel.GetActiveModel	HuntActivity.Common.Model.HuntActivityModel	code/Lua/decompiled/Board/Model/Item/ItemPortal.lua	static name match; dynamic dispatch not included
Board.Model.Item.ItemPortal	16	EventDispatcher.AddListener	Common.Event.EventDispatcher	code/Lua/decompiled/Board/Model/Item/ItemPortal.lua	static name match; dynamic dispatch not included
Board.Model.Item.ItemPortal	20	EventDispatcher.RemoveTarget	Common.Event.EventDispatcher	code/Lua/decompiled/Board/Model/Item/ItemPortal.lua	static name match; dynamic dispatch not included
Board.Model.Item.ItemPortal	24	EventDispatcher.RemoveTarget	Common.Event.EventDispatcher	code/Lua/decompiled/Board/Model/Item/ItemPortal.lua	static name match; dynamic dispatch not included
Board.Model.Item.ItemRefreshOrder	14	MainBoardView.GetInstance	Board.View.MainBoardView	code/Lua/decompiled/Board/Model/Item/ItemRefreshOrder.lua	static name match; dynamic dispatch not included
Board.Model.Item.ItemRefreshOrder	17	TutorialHelper.SetMainOrderAreaLock	Model.Tutorial.TutorialHelper	code/Lua/decompiled/Board/Model/Item/ItemRefreshOrder.lua	static name match; dynamic dispatch not included
Board.Model.Item.ItemRefreshOrder	20	TutorialHelper.SetMainOrderAreaLock	Model.Tutorial.TutorialHelper	code/Lua/decompiled/Board/Model/Item/ItemRefreshOrder.lua	static name match; dynamic dispatch not included
Board.Model.Item.ItemRefreshOrder	25	TutorialHelper.SetMainOrderAreaLock	Model.Tutorial.TutorialHelper	code/Lua/decompiled/Board/Model/Item/ItemRefreshOrder.lua	static name match; dynamic dispatch not included
Board.Model.Item.ItemSand	12	PairEvent.Create	Common.Event.PairEvent	code/Lua/decompiled/Board/Model/Item/ItemSand.lua	static name match; dynamic dispatch not included
Board.Model.Item.ItemSand	60	EventDispatcher.DispatchEvent	Common.Event.EventDispatcher	code/Lua/decompiled/Board/Model/Item/ItemSand.lua	static name match; dynamic dispatch not included
Board.Model.Item.ItemSplit	16	ItemDataModel.GetChainLevel	Board.Model.ItemDataModel	code/Lua/decompiled/Board/Model/Item/ItemSplit.lua	static name match; dynamic dispatch not included
Board.Model.Item.ItemSplit	139	MainBoardModel.UpdateOrderState	Board.Model.Board.MainBoardModel	code/Lua/decompiled/Board/Model/Item/ItemSplit.lua	static name match; dynamic dispatch not included
Board.Model.Item.ItemSpread	37	PairEvent.Create	Common.Event.PairEvent	code/Lua/decompiled/Board/Model/Item/ItemSpread.lua	static name match; dynamic dispatch not included
Board.Model.Item.ItemSpread	38	ItemDataModel.GetChainId	Board.Model.ItemDataModel	code/Lua/decompiled/Board/Model/Item/ItemSpread.lua	static name match; dynamic dispatch not included
Board.Model.Item.ItemSpread	58	Table.DeepCopy	Common.Utility.Table	code/Lua/decompiled/Board/Model/Item/ItemSpread.lua	static name match; dynamic dispatch not included
Board.Model.Item.ItemSpread	64	StringUtil.StartWith	Common.Utility.StringUtil	code/Lua/decompiled/Board/Model/Item/ItemSpread.lua	static name match; dynamic dispatch not included
Board.Model.Item.ItemSpread	88	BaseItemComponent.SetItemModel	Board.Model.Item.BaseItemComponent	code/Lua/decompiled/Board/Model/Item/ItemSpread.lua	static name match; dynamic dispatch not included
Board.Model.Item.ItemSpread	106	ItemUtility.StringToCodeWeightPairs	Board.Model.ItemUtility	code/Lua/decompiled/Board/Model/Item/ItemSpread.lua	static name match; dynamic dispatch not included
Board.Model.Item.ItemSpread	110	StringUtil.StartWith	Common.Utility.StringUtil	code/Lua/decompiled/Board/Model/Item/ItemSpread.lua	static name match; dynamic dispatch not included
Board.Model.Item.ItemSpread	111	ConfigModel.GetPboxUnlockTime	Model.ConfigModel	code/Lua/decompiled/Board/Model/Item/ItemSpread.lua	static name match; dynamic dispatch not included
Board.Model.Item.ItemSpread	113	GameModel.GetServerTime	Model.GameModel	code/Lua/decompiled/Board/Model/Item/ItemSpread.lua	static name match; dynamic dispatch not included
Board.Model.Item.ItemSpread	115	GameModel.GetServerTime	Model.GameModel	code/Lua/decompiled/Board/Model/Item/ItemSpread.lua	static name match; dynamic dispatch not included
Board.Model.Item.ItemSpread	129	ItemUtility.CodeWeightPairsToString	Board.Model.ItemUtility	code/Lua/decompiled/Board/Model/Item/ItemSpread.lua	static name match; dynamic dispatch not included
Board.Model.Item.ItemSpread	151	GameModel.GetServerTime	Model.GameModel	code/Lua/decompiled/Board/Model/Item/ItemSpread.lua	static name match; dynamic dispatch not included
Board.Model.Item.ItemSpread	162	GameConfig.IsTestMode	Common.GameConfig	code/Lua/decompiled/Board/Model/Item/ItemSpread.lua	static name match; dynamic dispatch not included
Board.Model.Item.ItemSpread	175	StringUtil.StartWith	Common.Utility.StringUtil	code/Lua/decompiled/Board/Model/Item/ItemSpread.lua	static name match; dynamic dispatch not included
Board.Model.Item.ItemSpread	186	EventDispatcher.DispatchEvent	Common.Event.EventDispatcher	code/Lua/decompiled/Board/Model/Item/ItemSpread.lua	static name match; dynamic dispatch not included
Board.Model.Item.ItemSpread	236	NoCDTrainModel.IsLocked	NoCDTrain.Model.NoCDTrainModel	code/Lua/decompiled/Board/Model/Item/ItemSpread.lua	static name match; dynamic dispatch not included
Board.Model.Item.ItemSpread	240	TutorialModel.HasAnyStrongTutorialOngoing	Model.Tutorial.TutorialModel	code/Lua/decompiled/Board/Model/Item/ItemSpread.lua	static name match; dynamic dispatch not included
Board.Model.Item.ItemSpread	240	GameConfig.IsTestMode	Common.GameConfig	code/Lua/decompiled/Board/Model/Item/ItemSpread.lua	static name match; dynamic dispatch not included
Board.Model.Item.ItemSpread	240	PlayerPrefs.GetInt	Common.Utility.PlayerPrefs	code/Lua/decompiled/Board/Model/Item/ItemSpread.lua	static name match; dynamic dispatch not included
Board.Model.Item.ItemSpread	255	EventDispatcher.DispatchEvent	Common.Event.EventDispatcher	code/Lua/decompiled/Board/Model/Item/ItemSpread.lua	static name match; dynamic dispatch not included
Board.Model.Item.ItemSpread	262	EventDispatcher.DispatchEvent	Common.Event.EventDispatcher	code/Lua/decompiled/Board/Model/Item/ItemSpread.lua	static name match; dynamic dispatch not included
Board.Model.Item.ItemSpread	269	PropertyDataManager.GetPropertyNum	Model.UserData.PropertyDataManager	code/Lua/decompiled/Board/Model/Item/ItemSpread.lua	static name match; dynamic dispatch not included
Board.Model.Item.ItemSpread	270	GameConfig.IsTestMode	Common.GameConfig	code/Lua/decompiled/Board/Model/Item/ItemSpread.lua	static name match; dynamic dispatch not included
Board.Model.Item.ItemSpread	280	PropertyDataManager.Consume	Model.UserData.PropertyDataManager	code/Lua/decompiled/Board/Model/Item/ItemSpread.lua	static name match; dynamic dispatch not included
Board.Model.Item.ItemSpread	282	GameModel.GetServerTime	Model.GameModel	code/Lua/decompiled/Board/Model/Item/ItemSpread.lua	static name match; dynamic dispatch not included
Board.Model.Item.ItemSpread	298	GameModel.GetServerTime	Model.GameModel	code/Lua/decompiled/Board/Model/Item/ItemSpread.lua	static name match; dynamic dispatch not included
Board.Model.Item.ItemSpread	315	ConfigModel.GetPboxUnlockTime	Model.ConfigModel	code/Lua/decompiled/Board/Model/Item/ItemSpread.lua	static name match; dynamic dispatch not included
Board.Model.Item.ItemSpread	341	StringUtil.Split	Common.Utility.StringUtil	code/Lua/decompiled/Board/Model/Item/ItemSpread.lua	static name match; dynamic dispatch not included
Board.Model.Item.ItemSpread	386	GameModel.GetServerTime	Model.GameModel	code/Lua/decompiled/Board/Model/Item/ItemSpread.lua	static name match; dynamic dispatch not included
Board.Model.Item.ItemSpread	394	GameModel.GetServerTime	Model.GameModel	code/Lua/decompiled/Board/Model/Item/ItemSpread.lua	static name match; dynamic dispatch not included
Board.Model.Item.ItemSpread	424	TutorialModel.GetForceSkipCost	Model.Tutorial.TutorialModel	code/Lua/decompiled/Board/Model/Item/ItemSpread.lua	static name match; dynamic dispatch not included
Board.Model.Item.ItemSpread	431	ItemUtility.GetSpeedUpCost	Board.Model.ItemUtility	code/Lua/decompiled/Board/Model/Item/ItemSpread.lua	static name match; dynamic dispatch not included
Board.Model.Item.ItemSpread	447	LuckyProduceModel.TryProduceLuckyItem	LuckyProduce.Model.LuckyProduceModel	code/Lua/decompiled/Board/Model/Item/ItemSpread.lua	static name match; dynamic dispatch not included
Board.Model.Item.ItemSpread	489	ConfigModel.IsServerControlOpen	Model.ConfigModel	code/Lua/decompiled/Board/Model/Item/ItemSpread.lua	static name match; dynamic dispatch not included
Board.Model.Item.ItemSpread	492	TutorialModel.GetForceSpreadItemCode	Model.Tutorial.TutorialModel	code/Lua/decompiled/Board/Model/Item/ItemSpread.lua	static name match; dynamic dispatch not included
Board.Model.Item.ItemSpread	501	ConfigModel.IsServerControlOpen	Model.ConfigModel	code/Lua/decompiled/Board/Model/Item/ItemSpread.lua	static name match; dynamic dispatch not included
Board.Model.Item.ItemSpread	503	ItemFixedSpreadModel.HasItemSequence	Board.Model.Board.ItemFixedSpreadModel	code/Lua/decompiled/Board/Model/Item/ItemSpread.lua	static name match; dynamic dispatch not included
Board.Model.Item.ItemSpread	504	ItemFixedSpreadModel.FindNextGenerateItemCodeById	Board.Model.Board.ItemFixedSpreadModel	code/Lua/decompiled/Board/Model/Item/ItemSpread.lua	static name match; dynamic dispatch not included
Board.Model.Item.ItemSpread	509	ConfigModel.IsTboxToolHighLevelControlOpen	Model.ConfigModel	code/Lua/decompiled/Board/Model/Item/ItemSpread.lua	static name match; dynamic dispatch not included
Board.Model.Item.ItemSpread	515	StringUtil.StartWith	Common.Utility.StringUtil	code/Lua/decompiled/Board/Model/Item/ItemSpread.lua	static name match; dynamic dispatch not included
Board.Model.Item.ItemSpread	526	StringUtil.StartWith	Common.Utility.StringUtil	code/Lua/decompiled/Board/Model/Item/ItemSpread.lua	static name match; dynamic dispatch not included
Board.Model.Item.ItemSpread	536	ConfigModel.IsServerControlOpen	Model.ConfigModel	code/Lua/decompiled/Board/Model/Item/ItemSpread.lua	static name match; dynamic dispatch not included
Board.Model.Item.ItemSpread	537	ItemLuckySpreadModel.GenerateItemCode	Board.Model.Board.ItemLuckySpreadModel	code/Lua/decompiled/Board/Model/Item/ItemSpread.lua	static name match; dynamic dispatch not included
Board.Model.Item.ItemSpread	539	ItemFixedSpreadModel.GenerateItemCode	Board.Model.Board.ItemFixedSpreadModel	code/Lua/decompiled/Board/Model/Item/ItemSpread.lua	static name match; dynamic dispatch not included
Board.Model.Item.ItemSpread	549	Table.ListWeightSelectOne	Common.Utility.Table	code/Lua/decompiled/Board/Model/Item/ItemSpread.lua	static name match; dynamic dispatch not included
Board.Model.Item.ItemSpread	562	ItemFixedSpreadModel.GetCacheItemInfo	Board.Model.Board.ItemFixedSpreadModel	code/Lua/decompiled/Board/Model/Item/ItemSpread.lua	static name match; dynamic dispatch not included
Board.Model.Item.ItemSpread	572	ItemDataModel.GetModelConfig	Board.Model.ItemDataModel	code/Lua/decompiled/Board/Model/Item/ItemSpread.lua	static name match; dynamic dispatch not included
Board.Model.Item.ItemSpread	575	ItemFixedSpreadModel.UpdateItemCache	Board.Model.Board.ItemFixedSpreadModel	code/Lua/decompiled/Board/Model/Item/ItemSpread.lua	static name match; dynamic dispatch not included
Board.Model.Item.ItemSpread	580	ConfigModel.IsServerControlOpen	Model.ConfigModel	code/Lua/decompiled/Board/Model/Item/ItemSpread.lua	static name match; dynamic dispatch not included
Board.Model.Item.ItemSpread	581	ItemLuckySpreadModel.GenerateItemCode	Board.Model.Board.ItemLuckySpreadModel	code/Lua/decompiled/Board/Model/Item/ItemSpread.lua	static name match; dynamic dispatch not included
Board.Model.Item.ItemSpread	583	ItemFixedSpreadModel.GenerateItemCode	Board.Model.Board.ItemFixedSpreadModel	code/Lua/decompiled/Board/Model/Item/ItemSpread.lua	static name match; dynamic dispatch not included
Board.Model.Item.ItemSpread	590	ItemFixedSpreadModel.UpdateItemCache	Board.Model.Board.ItemFixedSpreadModel	code/Lua/decompiled/Board/Model/Item/ItemSpread.lua	static name match; dynamic dispatch not included
Board.Model.Item.ItemSpread	605	Table.ListWeightSelectOne	Common.Utility.Table	code/Lua/decompiled/Board/Model/Item/ItemSpread.lua	static name match; dynamic dispatch not included
Board.Model.Item.ItemSpread	607	MapDataModel.GetInsufficientNeedTools	Model.MapDataModel	code/Lua/decompiled/Board/Model/Item/ItemSpread.lua	static name match; dynamic dispatch not included
Board.Model.Item.ItemSpread	609	Table.ListContain	Common.Utility.Table	code/Lua/decompiled/Board/Model/Item/ItemSpread.lua	static name match; dynamic dispatch not included
Board.Model.Item.ItemSpread	620	ItemDataModel.GetChainMaxLevel	Board.Model.ItemDataModel	code/Lua/decompiled/Board/Model/Item/ItemSpread.lua	static name match; dynamic dispatch not included
Board.Model.Item.ItemSpread	622	ItemUtility.GetItemCode	Board.Model.ItemUtility	code/Lua/decompiled/Board/Model/Item/ItemSpread.lua	static name match; dynamic dispatch not included
Board.Model.Item.ItemSpread	632	Table.ListWeightSelectOne	Common.Utility.Table	code/Lua/decompiled/Board/Model/Item/ItemSpread.lua	static name match; dynamic dispatch not included
Board.Model.Item.ItemSpread	640	Table.IsEmpty	Common.Utility.Table	code/Lua/decompiled/Board/Model/Item/ItemSpread.lua	static name match; dynamic dispatch not included
Board.Model.Item.ItemSpread	644	ItemDataModel.GetChainMaxLevel	Board.Model.ItemDataModel	code/Lua/decompiled/Board/Model/Item/ItemSpread.lua	static name match; dynamic dispatch not included
Board.Model.Item.ItemSpread	647	ItemUtility.GetItemCode	Board.Model.ItemUtility	code/Lua/decompiled/Board/Model/Item/ItemSpread.lua	static name match; dynamic dispatch not included
Board.Model.Item.ItemSpread	657	Table.Contain	Common.Utility.Table	code/Lua/decompiled/Board/Model/Item/ItemSpread.lua	static name match; dynamic dispatch not included
Board.Model.Item.ItemSpread	659	ItemUtility.GetItemCode	Board.Model.ItemUtility	code/Lua/decompiled/Board/Model/Item/ItemSpread.lua	static name match; dynamic dispatch not included
Board.Model.Item.ItemSpread	672	Table.ListWeightSelectOne	Common.Utility.Table	code/Lua/decompiled/Board/Model/Item/ItemSpread.lua	static name match; dynamic dispatch not included
Board.Model.Item.ItemSpread	677	ItemDataModel.GetChainMaxLevel	Board.Model.ItemDataModel	code/Lua/decompiled/Board/Model/Item/ItemSpread.lua	static name match; dynamic dispatch not included
Board.Model.Item.ItemSpread	680	ItemUtility.GetItemCode	Board.Model.ItemUtility	code/Lua/decompiled/Board/Model/Item/ItemSpread.lua	static name match; dynamic dispatch not included
Board.Model.Item.ItemSpread	691	Table.ListWeightSelectOne	Common.Utility.Table	code/Lua/decompiled/Board/Model/Item/ItemSpread.lua	static name match; dynamic dispatch not included
Board.Model.Item.ItemSpread	693	MapDataModel.GetInsufficientNeedTools	Model.MapDataModel	code/Lua/decompiled/Board/Model/Item/ItemSpread.lua	static name match; dynamic dispatch not included
Board.Model.Item.ItemSpread	706	ItemDataModel.GetChainMaxLevel	Board.Model.ItemDataModel	code/Lua/decompiled/Board/Model/Item/ItemSpread.lua	static name match; dynamic dispatch not included
Board.Model.Item.ItemSpread	708	ItemUtility.GetItemCode	Board.Model.ItemUtility	code/Lua/decompiled/Board/Model/Item/ItemSpread.lua	static name match; dynamic dispatch not included
Board.Model.Item.ItemSpread	718	Table.ListWeightSelectOne	Common.Utility.Table	code/Lua/decompiled/Board/Model/Item/ItemSpread.lua	static name match; dynamic dispatch not included
Board.Model.Item.ItemSpread	726	MapDataModel.GetInsufficientNeedTools	Model.MapDataModel	code/Lua/decompiled/Board/Model/Item/ItemSpread.lua	static name match; dynamic dispatch not included
Board.Model.Item.ItemSpread	728	ItemDataModel.GetChainMaxLevel	Board.Model.ItemDataModel	code/Lua/decompiled/Board/Model/Item/ItemSpread.lua	static name match; dynamic dispatch not included
Board.Model.Item.ItemSpread	729	ItemUtility.GetItemCode	Board.Model.ItemUtility	code/Lua/decompiled/Board/Model/Item/ItemSpread.lua	static name match; dynamic dispatch not included
Board.Model.Item.ItemSpread	737	Table.IsEmpty	Common.Utility.Table	code/Lua/decompiled/Board/Model/Item/ItemSpread.lua	static name match; dynamic dispatch not included
Board.Model.Item.ItemSpread	741	Table.ListWeightSelectOne	Common.Utility.Table	code/Lua/decompiled/Board/Model/Item/ItemSpread.lua	static name match; dynamic dispatch not included
Board.Model.Item.ItemSpread	756	PropertyDataManager.GetPropertyNum	Model.UserData.PropertyDataManager	code/Lua/decompiled/Board/Model/Item/ItemSpread.lua	static name match; dynamic dispatch not included
Board.Model.Item.ItemSpread	764	ItemDataModel.GetChainId	Board.Model.ItemDataModel	code/Lua/decompiled/Board/Model/Item/ItemSpread.lua	static name match; dynamic dispatch not included
Board.Model.Item.ItemSpread	765	ItemDataModel.GetChainLevel	Board.Model.ItemDataModel	code/Lua/decompiled/Board/Model/Item/ItemSpread.lua	static name match; dynamic dispatch not included
Board.Model.Item.ItemSpread	782	ItemUtility.GetItemCode	Board.Model.ItemUtility	code/Lua/decompiled/Board/Model/Item/ItemSpread.lua	static name match; dynamic dispatch not included
Board.Model.Item.ItemSpread	803	MainBoardModel.GetOrders	Board.Model.Board.MainBoardModel	code/Lua/decompiled/Board/Model/Item/ItemSpread.lua	static name match; dynamic dispatch not included
Board.Model.Item.ItemSpread	811	MainBoardModel.FilterItems	Board.Model.Board.MainBoardModel	code/Lua/decompiled/Board/Model/Item/ItemSpread.lua	static name match; dynamic dispatch not included
Board.Model.Item.ItemSpread	829	ItemDataModel.GetChainId	Board.Model.ItemDataModel	code/Lua/decompiled/Board/Model/Item/ItemSpread.lua	static name match; dynamic dispatch not included
Board.Model.Item.ItemSpread	830	ItemDataModel.GetChainLevel	Board.Model.ItemDataModel	code/Lua/decompiled/Board/Model/Item/ItemSpread.lua	static name match; dynamic dispatch not included
Board.Model.Item.ItemSpread	831	MainBoardModel.GetItemScoreByUnlockGen	Board.Model.Board.MainBoardModel	code/Lua/decompiled/Board/Model/Item/ItemSpread.lua	static name match; dynamic dispatch not included
Board.Model.Item.ItemSpread	835	ItemUtility.GetItemCode	Board.Model.ItemUtility	code/Lua/decompiled/Board/Model/Item/ItemSpread.lua	static name match; dynamic dispatch not included
Board.Model.Item.ItemSpread	877	MainBoardModel.GetOrders	Board.Model.Board.MainBoardModel	code/Lua/decompiled/Board/Model/Item/ItemSpread.lua	static name match; dynamic dispatch not included
Board.Model.Item.ItemSpread	884	MainBoardModel.FilterItems	Board.Model.Board.MainBoardModel	code/Lua/decompiled/Board/Model/Item/ItemSpread.lua	static name match; dynamic dispatch not included
Board.Model.Item.ItemSpread	903	ItemDataModel.GetChainId	Board.Model.ItemDataModel	code/Lua/decompiled/Board/Model/Item/ItemSpread.lua	static name match; dynamic dispatch not included
Board.Model.Item.ItemSpread	904	MainBoardModel.GetItemScoreByUnlockGen	Board.Model.Board.MainBoardModel	code/Lua/decompiled/Board/Model/Item/ItemSpread.lua	static name match; dynamic dispatch not included
Board.Model.Item.ItemSpread	907	ItemDataModel.GetChainId	Board.Model.ItemDataModel	code/Lua/decompiled/Board/Model/Item/ItemSpread.lua	static name match; dynamic dispatch not included
Board.Model.Item.ItemSpread	927	Table.ShallowCopy	Common.Utility.Table	code/Lua/decompiled/Board/Model/Item/ItemSpread.lua	static name match; dynamic dispatch not included
Board.Model.Item.ItemSpread	927	MainBoardModel.GetOrders	Board.Model.Board.MainBoardModel	code/Lua/decompiled/Board/Model/Item/ItemSpread.lua	static name match; dynamic dispatch not included
Board.Model.Item.ItemSpread	928	ConfigModel.IsServerControlOpen	Model.ConfigModel	code/Lua/decompiled/Board/Model/Item/ItemSpread.lua	static name match; dynamic dispatch not included
Board.Model.Item.ItemSpread	929	ActivityManager.GetOngoingOrders	Model.Activity.ActivityManager	code/Lua/decompiled/Board/Model/Item/ItemSpread.lua	static name match; dynamic dispatch not included
Board.Model.Item.ItemSpread	930	Table.ListAppend	Common.Utility.Table	code/Lua/decompiled/Board/Model/Item/ItemSpread.lua	static name match; dynamic dispatch not included
Board.Model.Item.ItemSpread	933	SystemConfigModel.GetConfig	Model.SystemConfigModel	code/Lua/decompiled/Board/Model/Item/ItemSpread.lua	static name match; dynamic dispatch not included
Board.Model.Item.ItemSpread	952	Table.Contain	Common.Utility.Table	code/Lua/decompiled/Board/Model/Item/ItemSpread.lua	static name match; dynamic dispatch not included
Board.Model.Item.ItemSpread	964	Table.ListWeightSelectOne	Common.Utility.Table	code/Lua/decompiled/Board/Model/Item/ItemSpread.lua	static name match; dynamic dispatch not included
Board.Model.Item.ItemSpread	972	Table.Contain	Common.Utility.Table	code/Lua/decompiled/Board/Model/Item/ItemSpread.lua	static name match; dynamic dispatch not included
Board.Model.Item.ItemSpread	975	ConfigModel.IsServerControlOpen	Model.ConfigModel	code/Lua/decompiled/Board/Model/Item/ItemSpread.lua	static name match; dynamic dispatch not included
Board.Model.Item.ItemSpread	985	Table.ListWeightSelectOne	Common.Utility.Table	code/Lua/decompiled/Board/Model/Item/ItemSpread.lua	static name match; dynamic dispatch not included
Board.Model.Item.ItemSpread	989	ConfigModel.IsServerControlOpen	Model.ConfigModel	code/Lua/decompiled/Board/Model/Item/ItemSpread.lua	static name match; dynamic dispatch not included
Board.Model.Item.ItemSpread	1002	ItemDataModel.GetModelConfig	Board.Model.ItemDataModel	code/Lua/decompiled/Board/Model/Item/ItemSpread.lua	static name match; dynamic dispatch not included
Board.Model.Item.ItemSpread	1003	ItemDataModel.GetItemGenerators	Board.Model.ItemDataModel	code/Lua/decompiled/Board/Model/Item/ItemSpread.lua	static name match; dynamic dispatch not included
Board.Model.Item.ItemSpread	1007	ItemDataModel.GetModelConfig	Board.Model.ItemDataModel	code/Lua/decompiled/Board/Model/Item/ItemSpread.lua	static name match; dynamic dispatch not included
Board.Model.Item.ItemSpread	1009	Table.IsEmpty	Common.Utility.Table	code/Lua/decompiled/Board/Model/Item/ItemSpread.lua	static name match; dynamic dispatch not included
Board.Model.Item.ItemSpread	1010	MainBoardModel.GetItemLayerCount	Board.Model.Board.MainBoardModel	code/Lua/decompiled/Board/Model/Item/ItemSpread.lua	static name match; dynamic dispatch not included
Board.Model.Item.ItemSpread	1014	MainBoardModel.GetItemLayerCount	Board.Model.Board.MainBoardModel	code/Lua/decompiled/Board/Model/Item/ItemSpread.lua	static name match; dynamic dispatch not included
Board.Model.Item.ItemSpread	1020	Table.ListAppend	Common.Utility.Table	code/Lua/decompiled/Board/Model/Item/ItemSpread.lua	static name match; dynamic dispatch not included
Board.Model.Item.ItemSpread	1022	StringUtil.StartWith	Common.Utility.StringUtil	code/Lua/decompiled/Board/Model/Item/ItemSpread.lua	static name match; dynamic dispatch not included
Board.Model.Item.ItemSpread	1022	Table.Contain	Common.Utility.Table	code/Lua/decompiled/Board/Model/Item/ItemSpread.lua	static name match; dynamic dispatch not included
Board.Model.Item.ItemSpread	1023	ItemDataModel.GetChainId	Board.Model.ItemDataModel	code/Lua/decompiled/Board/Model/Item/ItemSpread.lua	static name match; dynamic dispatch not included
Board.Model.Item.ItemSpread	1025	ItemDataModel.GetChainLevel	Board.Model.ItemDataModel	code/Lua/decompiled/Board/Model/Item/ItemSpread.lua	static name match; dynamic dispatch not included
Board.Model.Item.ItemSpread	1032	ItemUtility.GetItemCode	Board.Model.ItemUtility	code/Lua/decompiled/Board/Model/Item/ItemSpread.lua	static name match; dynamic dispatch not included
Board.Model.Item.ItemSpread	1033	MainBoardModel.GetItemScoreByUnlockGen	Board.Model.Board.MainBoardModel	code/Lua/decompiled/Board/Model/Item/ItemSpread.lua	static name match; dynamic dispatch not included
Board.Model.Item.ItemSpread	1049	Table.IsEmpty	Common.Utility.Table	code/Lua/decompiled/Board/Model/Item/ItemSpread.lua	static name match; dynamic dispatch not included
Board.Model.Item.ItemSpread	1057	Table.IsEmpty	Common.Utility.Table	code/Lua/decompiled/Board/Model/Item/ItemSpread.lua	static name match; dynamic dispatch not included
Board.Model.Item.ItemSpread	1092	Table.ShallowCopy	Common.Utility.Table	code/Lua/decompiled/Board/Model/Item/ItemSpread.lua	static name match; dynamic dispatch not included
Board.Model.Item.ItemSpread	1094	Table.IsEmpty	Common.Utility.Table	code/Lua/decompiled/Board/Model/Item/ItemSpread.lua	static name match; dynamic dispatch not included
Board.Model.Item.ItemSpread	1095	Table.ListWeightSelectOne	Common.Utility.Table	code/Lua/decompiled/Board/Model/Item/ItemSpread.lua	static name match; dynamic dispatch not included
Board.Model.Item.ItemSpread	1098	StringUtil.StartWith	Common.Utility.StringUtil	code/Lua/decompiled/Board/Model/Item/ItemSpread.lua	static name match; dynamic dispatch not included
Board.Model.Item.ItemSpread	1125	Table.ShallowCopy	Common.Utility.Table	code/Lua/decompiled/Board/Model/Item/ItemSpread.lua	static name match; dynamic dispatch not included
Board.Model.Item.ItemSpread	1125	MainBoardModel.GetOrders	Board.Model.Board.MainBoardModel	code/Lua/decompiled/Board/Model/Item/ItemSpread.lua	static name match; dynamic dispatch not included
Board.Model.Item.ItemSpread	1132	Table.IsEmpty	Common.Utility.Table	code/Lua/decompiled/Board/Model/Item/ItemSpread.lua	static name match; dynamic dispatch not included
Board.Model.Item.ItemSpread	1133	Table.ListRandomSelectOne	Common.Utility.Table	code/Lua/decompiled/Board/Model/Item/ItemSpread.lua	static name match; dynamic dispatch not included
Board.Model.Item.ItemSpread	1134	Table.IsEmpty	Common.Utility.Table	code/Lua/decompiled/Board/Model/Item/ItemSpread.lua	static name match; dynamic dispatch not included
Board.Model.Item.ItemSpread	1135	Table.ListRandomSelectOne	Common.Utility.Table	code/Lua/decompiled/Board/Model/Item/ItemSpread.lua	static name match; dynamic dispatch not included
Board.Model.Item.ItemSpread	1158	ActivityManager.GetModel	Model.Activity.ActivityManager	code/Lua/decompiled/Board/Model/Item/ItemSpread.lua	static name match; dynamic dispatch not included
Board.Model.Item.ItemSpread	1166	ConfigModel.IsServerControlOpen	Model.ConfigModel	code/Lua/decompiled/Board/Model/Item/ItemSpread.lua	static name match; dynamic dispatch not included
Board.Model.Item.ItemSpread	1180	EventDispatcher.DispatchEvent	Common.Event.EventDispatcher	code/Lua/decompiled/Board/Model/Item/ItemSpread.lua	static name match; dynamic dispatch not included
Board.Model.Item.ItemSpread	1208	GameConfig.IsTestMode	Common.GameConfig	code/Lua/decompiled/Board/Model/Item/ItemSpread.lua	static name match; dynamic dispatch not included
Board.Model.Item.ItemSpread	1220	EnergyModel.GetCurrentEnergyModel	Model.UserData.EnergyModel	code/Lua/decompiled/Board/Model/Item/ItemSpread.lua	static name match; dynamic dispatch not included
Board.Model.Item.ItemSpread	1248	EventDispatcher.DispatchEvent	Common.Event.EventDispatcher	code/Lua/decompiled/Board/Model/Item/ItemSpread.lua	static name match; dynamic dispatch not included
Board.Model.Item.ItemSpread	1264	StringUtil.IsNilOrEmpty	Common.Utility.StringUtil	code/Lua/decompiled/Board/Model/Item/ItemSpread.lua	static name match; dynamic dispatch not included
Board.Model.Item.ItemSpread	1271	PropertyDataManager.Consume	Model.UserData.PropertyDataManager	code/Lua/decompiled/Board/Model/Item/ItemSpread.lua	static name match; dynamic dispatch not included
Board.Model.Item.ItemSpread	1272	EnergyModel.OnEnergyConsumed	Model.UserData.EnergyModel	code/Lua/decompiled/Board/Model/Item/ItemSpread.lua	static name match; dynamic dispatch not included
Board.Model.Item.ItemSpread	1273	LuckyProduceModel.OnEnergyConsumed	LuckyProduce.Model.LuckyProduceModel	code/Lua/decompiled/Board/Model/Item/ItemSpread.lua	static name match; dynamic dispatch not included
Board.Model.Item.ItemSpread	1294	ItemFixedSpreadModel.ClearEboxSequence	Board.Model.Board.ItemFixedSpreadModel	code/Lua/decompiled/Board/Model/Item/ItemSpread.lua	static name match; dynamic dispatch not included
Board.Model.Item.ItemSpread	1299	EventDispatcher.DispatchEvent	Common.Event.EventDispatcher	code/Lua/decompiled/Board/Model/Item/ItemSpread.lua	static name match; dynamic dispatch not included
Board.Model.Item.ItemSpread	1333	EventDispatcher.DispatchEvent	Common.Event.EventDispatcher	code/Lua/decompiled/Board/Model/Item/ItemSpread.lua	static name match; dynamic dispatch not included
Board.Model.Item.ItemSpread	1350	StringUtil.Split	Common.Utility.StringUtil	code/Lua/decompiled/Board/Model/Item/ItemSpread.lua	static name match; dynamic dispatch not included
Board.Model.Item.ItemSpread	1357	Table.IsEmpty	Common.Utility.Table	code/Lua/decompiled/Board/Model/Item/ItemSpread.lua	static name match; dynamic dispatch not included
Board.Model.Item.ItemSpread	1382	ItemUtility.IsItemRewardBoxType	Board.Model.ItemUtility	code/Lua/decompiled/Board/Model/Item/ItemSpread.lua	static name match; dynamic dispatch not included
Board.Model.Item.ItemSpread	1394	GameModel.GetServerTime	Model.GameModel	code/Lua/decompiled/Board/Model/Item/ItemSpread.lua	static name match; dynamic dispatch not included
Board.Model.Item.ItemSpread	1400	GameModel.GetServerTime	Model.GameModel	code/Lua/decompiled/Board/Model/Item/ItemSpread.lua	static name match; dynamic dispatch not included
Board.Model.Item.ItemSpread	1407	ItemDataModel.IsItemExist	Board.Model.ItemDataModel	code/Lua/decompiled/Board/Model/Item/ItemSpread.lua	static name match; dynamic dispatch not included
Board.Model.Item.ItemSpread	1407	ItemDataModel.GetModelConfig	Board.Model.ItemDataModel	code/Lua/decompiled/Board/Model/Item/ItemSpread.lua	static name match; dynamic dispatch not included
Board.Model.Item.ItemSpread	1418	ItemDataModel.GetModelConfig	Board.Model.ItemDataModel	code/Lua/decompiled/Board/Model/Item/ItemSpread.lua	static name match; dynamic dispatch not included
Board.Model.Item.ItemSpread	1440	ItemDataModel.GetModelConfig	Board.Model.ItemDataModel	code/Lua/decompiled/Board/Model/Item/ItemSpread.lua	static name match; dynamic dispatch not included
Board.Model.Item.ItemSpread	1452	Table.ShallowCopy	Common.Utility.Table	code/Lua/decompiled/Board/Model/Item/ItemSpread.lua	static name match; dynamic dispatch not included
Board.Model.Item.ItemSpread	1453	ActivityManager.GetOrderCodeStateMap	Model.Activity.ActivityManager	code/Lua/decompiled/Board/Model/Item/ItemSpread.lua	static name match; dynamic dispatch not included
Board.Model.Item.ItemSpread	1459	ActivityManager.GetModel	Model.Activity.ActivityManager	code/Lua/decompiled/Board/Model/Item/ItemSpread.lua	static name match; dynamic dispatch not included
Board.Model.Item.ItemSpread	1476	Table.IsEmpty	Common.Utility.Table	code/Lua/decompiled/Board/Model/Item/ItemSpread.lua	static name match; dynamic dispatch not included
Board.Model.Item.ItemSpread	1494	GameConfig.IsTestMode	Common.GameConfig	code/Lua/decompiled/Board/Model/Item/ItemSpread.lua	static name match; dynamic dispatch not included
Board.Model.Item.ItemSpread	1494	PlayerPrefs.GetInt	Common.Utility.PlayerPrefs	code/Lua/decompiled/Board/Model/Item/ItemSpread.lua	static name match; dynamic dispatch not included
Board.Model.Item.ItemSpread	1496	ConfigModel.GetGeneralConf	Model.ConfigModel	code/Lua/decompiled/Board/Model/Item/ItemSpread.lua	static name match; dynamic dispatch not included
Board.Model.Item.ItemSpread	1505	ItemDataModel.GetChainLevel	Board.Model.ItemDataModel	code/Lua/decompiled/Board/Model/Item/ItemSpread.lua	static name match; dynamic dispatch not included
Board.Model.Item.ItemSpread	1513	ItemDataModel.GetChainId	Board.Model.ItemDataModel	code/Lua/decompiled/Board/Model/Item/ItemSpread.lua	static name match; dynamic dispatch not included
Board.Model.Item.ItemSpread	1517	ItemUtility.GetItemCode	Board.Model.ItemUtility	code/Lua/decompiled/Board/Model/Item/ItemSpread.lua	static name match; dynamic dispatch not included
Board.Model.Item.ItemSpread	1540	ItemUtility.GetItemCode	Board.Model.ItemUtility	code/Lua/decompiled/Board/Model/Item/ItemSpread.lua	static name match; dynamic dispatch not included
Board.Model.Item.ItemSpread	1557	ItemDataModel.GetChainLevel	Board.Model.ItemDataModel	code/Lua/decompiled/Board/Model/Item/ItemSpread.lua	static name match; dynamic dispatch not included
Board.Model.Item.ItemSpread	1570	ItemDataModel.GetChainLevel	Board.Model.ItemDataModel	code/Lua/decompiled/Board/Model/Item/ItemSpread.lua	static name match; dynamic dispatch not included
Board.Model.Item.ItemSpread	1604	ActivityManager.GetModel	Model.Activity.ActivityManager	code/Lua/decompiled/Board/Model/Item/ItemSpread.lua	static name match; dynamic dispatch not included
Board.Model.Item.ItemSpread	1638	ItemFixedSpreadModel.GenerateItemCode	Board.Model.Board.ItemFixedSpreadModel	code/Lua/decompiled/Board/Model/Item/ItemSpread.lua	static name match; dynamic dispatch not included
Board.Model.Item.ItemSpread	1651	StringUtil.StartWith	Common.Utility.StringUtil	code/Lua/decompiled/Board/Model/Item/ItemSpread.lua	static name match; dynamic dispatch not included
Board.Model.Item.ItemSpread	1651	StringUtil.StartWith	Common.Utility.StringUtil	code/Lua/decompiled/Board/Model/Item/ItemSpread.lua	static name match; dynamic dispatch not included
Board.Model.Item.ItemSpread	1653	Table.IsEmpty	Common.Utility.Table	code/Lua/decompiled/Board/Model/Item/ItemSpread.lua	static name match; dynamic dispatch not included
Board.Model.Item.ItemSpread	1653	ItemDataModel.GetModelConfig	Board.Model.ItemDataModel	code/Lua/decompiled/Board/Model/Item/ItemSpread.lua	static name match; dynamic dispatch not included
Board.Model.Item.ItemSpread	1659	ItemDataModel.IsItemExist	Board.Model.ItemDataModel	code/Lua/decompiled/Board/Model/Item/ItemSpread.lua	static name match; dynamic dispatch not included
Board.Model.Item.ItemSpread	1660	ItemDataModel.GetModelConfig	Board.Model.ItemDataModel	code/Lua/decompiled/Board/Model/Item/ItemSpread.lua	static name match; dynamic dispatch not included
Board.Model.Item.ItemSpread	1662	Table.IsEmpty	Common.Utility.Table	code/Lua/decompiled/Board/Model/Item/ItemSpread.lua	static name match; dynamic dispatch not included
Board.Model.Item.ItemSpread	1673	ItemFixedSpreadModel.GenerateItemCode	Board.Model.Board.ItemFixedSpreadModel	code/Lua/decompiled/Board/Model/Item/ItemSpread.lua	static name match; dynamic dispatch not included
Board.Model.Item.ItemSpread	1674	StringUtil.StartWith	Common.Utility.StringUtil	code/Lua/decompiled/Board/Model/Item/ItemSpread.lua	static name match; dynamic dispatch not included
Board.Model.Item.ItemSpread	1674	StringUtil.StartWith	Common.Utility.StringUtil	code/Lua/decompiled/Board/Model/Item/ItemSpread.lua	static name match; dynamic dispatch not included
Board.Model.Item.ItemSpread	1676	Table.IsEmpty	Common.Utility.Table	code/Lua/decompiled/Board/Model/Item/ItemSpread.lua	static name match; dynamic dispatch not included
Board.Model.Item.ItemSpread	1676	ItemDataModel.GetModelConfig	Board.Model.ItemDataModel	code/Lua/decompiled/Board/Model/Item/ItemSpread.lua	static name match; dynamic dispatch not included
Board.Model.Item.ItemSpread	1682	ItemDataModel.IsItemExist	Board.Model.ItemDataModel	code/Lua/decompiled/Board/Model/Item/ItemSpread.lua	static name match; dynamic dispatch not included
Board.Model.Item.ItemSpread	1683	ItemDataModel.GetModelConfig	Board.Model.ItemDataModel	code/Lua/decompiled/Board/Model/Item/ItemSpread.lua	static name match; dynamic dispatch not included
Board.Model.Item.ItemSpread	1685	Table.IsEmpty	Common.Utility.Table	code/Lua/decompiled/Board/Model/Item/ItemSpread.lua	static name match; dynamic dispatch not included
Board.Model.Item.ItemSpread	1706	ItemFixedSpreadModel.FindNextGenerateItemCode	Board.Model.Board.ItemFixedSpreadModel	code/Lua/decompiled/Board/Model/Item/ItemSpread.lua	static name match; dynamic dispatch not included
Board.Model.Item.ItemSpread	1714	ConfigModel.IsTboxToolHighLevelControlOpen	Model.ConfigModel	code/Lua/decompiled/Board/Model/Item/ItemSpread.lua	static name match; dynamic dispatch not included
Board.Model.Item.ItemSpread	1720	ItemDataModel.GetModelConfig	Board.Model.ItemDataModel	code/Lua/decompiled/Board/Model/Item/ItemSpread.lua	static name match; dynamic dispatch not included
Board.Model.Item.ItemSpread	1721	SystemConfigModel.GetConfig	Model.SystemConfigModel	code/Lua/decompiled/Board/Model/Item/ItemSpread.lua	static name match; dynamic dispatch not included
Board.Model.Item.ItemSpread	1726	SystemConfigModel.GetConfig	Model.SystemConfigModel	code/Lua/decompiled/Board/Model/Item/ItemSpread.lua	static name match; dynamic dispatch not included
Board.Model.Item.ItemSpread	1727	SystemConfigModel.GetConfig	Model.SystemConfigModel	code/Lua/decompiled/Board/Model/Item/ItemSpread.lua	static name match; dynamic dispatch not included
Board.Model.Item.ItemSpread	1734	ItemDataModel.GetModelConfig	Board.Model.ItemDataModel	code/Lua/decompiled/Board/Model/Item/ItemSpread.lua	static name match; dynamic dispatch not included
Board.Model.Item.ItemSpread	1748	EventDispatcher.DispatchEvent	Common.Event.EventDispatcher	code/Lua/decompiled/Board/Model/Item/ItemSpread.lua	static name match; dynamic dispatch not included
Board.Model.Item.ItemSpread	1771	PropertyDataManager.Acquire	Model.UserData.PropertyDataManager	code/Lua/decompiled/Board/Model/Item/ItemSpread.lua	static name match; dynamic dispatch not included
Board.Model.Item.ItemSpread	1782	StringUtil.StartWith	Common.Utility.StringUtil	code/Lua/decompiled/Board/Model/Item/ItemSpread.lua	static name match; dynamic dispatch not included
Board.Model.Item.ItemSpread	1785	StringUtil.Split	Common.Utility.StringUtil	code/Lua/decompiled/Board/Model/Item/ItemSpread.lua	static name match; dynamic dispatch not included
Board.Model.Item.ItemSpread	1800	StringUtil.Split	Common.Utility.StringUtil	code/Lua/decompiled/Board/Model/Item/ItemSpread.lua	static name match; dynamic dispatch not included
Board.Model.Item.ItemSpread	1804	BalloonRewardModel.GetOneItem	BalloonRewardItem.Model.BalloonRewardModel	code/Lua/decompiled/Board/Model/Item/ItemSpread.lua	static name match; dynamic dispatch not included
Board.Model.Item.ItemSticker	12	PairEvent.Create	Common.Event.PairEvent	code/Lua/decompiled/Board/Model/Item/ItemSticker.lua	static name match; dynamic dispatch not included
Board.Model.Item.ItemSticker	23	Table.IsEmpty	Common.Utility.Table	code/Lua/decompiled/Board/Model/Item/ItemSticker.lua	static name match; dynamic dispatch not included
Board.Model.Item.ItemSticker	55	StringUtil.StartWith	Common.Utility.StringUtil	code/Lua/decompiled/Board/Model/Item/ItemSticker.lua	static name match; dynamic dispatch not included
Board.Model.Item.ItemSticker	65	RewardApi.FilterInvalidReward	Model.UserData.RewardApi	code/Lua/decompiled/Board/Model/Item/ItemSticker.lua	static name match; dynamic dispatch not included
Board.Model.Item.ItemSticker	83	PropertyDataManager.IsPropertyType	Model.UserData.PropertyDataManager	code/Lua/decompiled/Board/Model/Item/ItemSticker.lua	static name match; dynamic dispatch not included
Board.Model.Item.ItemSticker	84	ItemDataModel.GetSpriteName	Board.Model.ItemDataModel	code/Lua/decompiled/Board/Model/Item/ItemSticker.lua	static name match; dynamic dispatch not included
Board.Model.Item.ItemSticker	102	RewardApi.AcquireRewardsLogic	Model.UserData.RewardApi	code/Lua/decompiled/Board/Model/Item/ItemSticker.lua	static name match; dynamic dispatch not included
Board.Model.Item.ItemSticker	104	RewardApi.AcquireRewardsLogic	Model.UserData.RewardApi	code/Lua/decompiled/Board/Model/Item/ItemSticker.lua	static name match; dynamic dispatch not included
Board.Model.Item.ItemSticker	118	StringUtil.StartWith	Common.Utility.StringUtil	code/Lua/decompiled/Board/Model/Item/ItemSticker.lua	static name match; dynamic dispatch not included
Board.Model.Item.ItemSwallow	13	PairEvent.Create	Common.Event.PairEvent	code/Lua/decompiled/Board/Model/Item/ItemSwallow.lua	static name match; dynamic dispatch not included
Board.Model.Item.ItemSwallow	32	GameModel.GetServerTime	Model.GameModel	code/Lua/decompiled/Board/Model/Item/ItemSwallow.lua	static name match; dynamic dispatch not included
Board.Model.Item.ItemSwallow	70	GameModel.GetServerTime	Model.GameModel	code/Lua/decompiled/Board/Model/Item/ItemSwallow.lua	static name match; dynamic dispatch not included
Board.Model.Item.ItemSwallow	75	EventDispatcher.DispatchEvent	Common.Event.EventDispatcher	code/Lua/decompiled/Board/Model/Item/ItemSwallow.lua	static name match; dynamic dispatch not included
Board.Model.Item.ItemSwallow	119	GameModel.GetServerTime	Model.GameModel	code/Lua/decompiled/Board/Model/Item/ItemSwallow.lua	static name match; dynamic dispatch not included
Board.Model.Item.ItemSwallow	173	ItemDataModel.GetChainId	Board.Model.ItemDataModel	code/Lua/decompiled/Board/Model/Item/ItemSwallow.lua	static name match; dynamic dispatch not included
Board.Model.Item.ItemSwallow	173	ItemDataModel.GetChainId	Board.Model.ItemDataModel	code/Lua/decompiled/Board/Model/Item/ItemSwallow.lua	static name match; dynamic dispatch not included
Board.Model.Item.ItemSwallow	173	ItemDataModel.GetChainId	Board.Model.ItemDataModel	code/Lua/decompiled/Board/Model/Item/ItemSwallow.lua	static name match; dynamic dispatch not included
Board.Model.Item.ItemSwallow	176	ItemDataModel.GetChainId	Board.Model.ItemDataModel	code/Lua/decompiled/Board/Model/Item/ItemSwallow.lua	static name match; dynamic dispatch not included
Board.Model.Item.ItemSwallow	177	StringUtil.StartWith	Common.Utility.StringUtil	code/Lua/decompiled/Board/Model/Item/ItemSwallow.lua	static name match; dynamic dispatch not included
Board.Model.Item.ItemSwallow	177	StringUtil.EndWith	Common.Utility.StringUtil	code/Lua/decompiled/Board/Model/Item/ItemSwallow.lua	static name match; dynamic dispatch not included
Board.Model.Item.ItemSwallow	202	EventDispatcher.DispatchEvent	Common.Event.EventDispatcher	code/Lua/decompiled/Board/Model/Item/ItemSwallow.lua	static name match; dynamic dispatch not included
Board.Model.Item.ItemSwallow	207	EventDispatcher.DispatchEvent	Common.Event.EventDispatcher	code/Lua/decompiled/Board/Model/Item/ItemSwallow.lua	static name match; dynamic dispatch not included
Board.Model.Item.ItemSwallow	231	Table.ListWeightSelectOne	Common.Utility.Table	code/Lua/decompiled/Board/Model/Item/ItemSwallow.lua	static name match; dynamic dispatch not included
Board.Model.Item.ItemSwallow	250	StringUtil.Split	Common.Utility.StringUtil	code/Lua/decompiled/Board/Model/Item/ItemSwallow.lua	static name match; dynamic dispatch not included
Board.Model.Item.ItemSwallow	252	StringUtil.Split	Common.Utility.StringUtil	code/Lua/decompiled/Board/Model/Item/ItemSwallow.lua	static name match; dynamic dispatch not included
Board.Model.Item.ItemSwallow	273	PairEvent.Create	Common.Event.PairEvent	code/Lua/decompiled/Board/Model/Item/ItemSwallow.lua	static name match; dynamic dispatch not included
Board.Model.Item.ItemSwallow	275	Table.IsEmpty	Common.Utility.Table	code/Lua/decompiled/Board/Model/Item/ItemSwallow.lua	static name match; dynamic dispatch not included
Board.Model.Item.ItemSwallow	285	GameModel.GetServerTime	Model.GameModel	code/Lua/decompiled/Board/Model/Item/ItemSwallow.lua	static name match; dynamic dispatch not included
Board.Model.Item.ItemSwallow	297	ConfigModel.IsSwallowDisOpen	Model.ConfigModel	code/Lua/decompiled/Board/Model/Item/ItemSwallow.lua	static name match; dynamic dispatch not included
Board.Model.Item.ItemSwallow	300	GameModel.GetServerTime	Model.GameModel	code/Lua/decompiled/Board/Model/Item/ItemSwallow.lua	static name match; dynamic dispatch not included
Board.Model.Item.ItemSwallowChain	11	PairEvent.Create	Common.Event.PairEvent	code/Lua/decompiled/Board/Model/Item/ItemSwallowChain.lua	static name match; dynamic dispatch not included
Board.Model.Item.ItemSwallowChain	23	ItemDataModel.GetModelConfig	Board.Model.ItemDataModel	code/Lua/decompiled/Board/Model/Item/ItemSwallowChain.lua	static name match; dynamic dispatch not included
Board.Model.Item.ItemSwallowChain	27	ItemDataModel.GetChainMaxLevel	Board.Model.ItemDataModel	code/Lua/decompiled/Board/Model/Item/ItemSwallowChain.lua	static name match; dynamic dispatch not included
Board.Model.Item.ItemSwallowChain	32	ItemUtility.GetItemCode	Board.Model.ItemUtility	code/Lua/decompiled/Board/Model/Item/ItemSwallowChain.lua	static name match; dynamic dispatch not included
Board.Model.Item.ItemSwallowChain	39	ItemUtility.GetItemCode	Board.Model.ItemUtility	code/Lua/decompiled/Board/Model/Item/ItemSwallowChain.lua	static name match; dynamic dispatch not included
Board.Model.Item.ItemSwallowChain	45	GameModel.GetServerTime	Model.GameModel	code/Lua/decompiled/Board/Model/Item/ItemSwallowChain.lua	static name match; dynamic dispatch not included
Board.Model.Item.ItemToken	19	StringUtil.IsNilOrEmpty	Common.Utility.StringUtil	code/Lua/decompiled/Board/Model/Item/ItemToken.lua	static name match; dynamic dispatch not included
Board.Model.Item.ItemToken	20	StringUtil.Replace	Common.Utility.StringUtil	code/Lua/decompiled/Board/Model/Item/ItemToken.lua	static name match; dynamic dispatch not included
Board.Model.Item.ItemToken	23	StringUtil.IsNilOrEmpty	Common.Utility.StringUtil	code/Lua/decompiled/Board/Model/Item/ItemToken.lua	static name match; dynamic dispatch not included
Board.Model.Item.ItemToken	39	EventDispatcher.AddListener	Common.Event.EventDispatcher	code/Lua/decompiled/Board/Model/Item/ItemToken.lua	static name match; dynamic dispatch not included
Board.Model.Item.ItemToken	40	EventDispatcher.AddListener	Common.Event.EventDispatcher	code/Lua/decompiled/Board/Model/Item/ItemToken.lua	static name match; dynamic dispatch not included
Board.Model.Item.ItemToken	41	EventDispatcher.AddListener	Common.Event.EventDispatcher	code/Lua/decompiled/Board/Model/Item/ItemToken.lua	static name match; dynamic dispatch not included
Board.Model.Item.ItemToken	42	EventDispatcher.AddListener	Common.Event.EventDispatcher	code/Lua/decompiled/Board/Model/Item/ItemToken.lua	static name match; dynamic dispatch not included
Board.Model.Item.ItemToken	52	ActivityManager.GetModel	Model.Activity.ActivityManager	code/Lua/decompiled/Board/Model/Item/ItemToken.lua	static name match; dynamic dispatch not included
Board.Model.Item.ItemToken	71	Table.IsEmpty	Common.Utility.Table	code/Lua/decompiled/Board/Model/Item/ItemToken.lua	static name match; dynamic dispatch not included
Board.Model.Item.ItemToken	83	Table.IsEmpty	Common.Utility.Table	code/Lua/decompiled/Board/Model/Item/ItemToken.lua	static name match; dynamic dispatch not included
Board.Model.Item.ItemToken	84	StringUtil.Replace	Common.Utility.StringUtil	code/Lua/decompiled/Board/Model/Item/ItemToken.lua	static name match; dynamic dispatch not included
Board.Model.Item.ItemToken	93	Table.IsEmpty	Common.Utility.Table	code/Lua/decompiled/Board/Model/Item/ItemToken.lua	static name match; dynamic dispatch not included
Board.Model.Item.ItemToken	97	ActivityManager.GetModel	Model.Activity.ActivityManager	code/Lua/decompiled/Board/Model/Item/ItemToken.lua	static name match; dynamic dispatch not included
Board.Model.Item.ItemToken	98	StringUtil.IsNilOrEmpty	Common.Utility.StringUtil	code/Lua/decompiled/Board/Model/Item/ItemToken.lua	static name match; dynamic dispatch not included
Board.Model.Item.ItemToken	106	EventDispatcher.RemoveTarget	Common.Event.EventDispatcher	code/Lua/decompiled/Board/Model/Item/ItemToken.lua	static name match; dynamic dispatch not included
Board.Model.Item.ItemToken	107	Table.IsEmpty	Common.Utility.Table	code/Lua/decompiled/Board/Model/Item/ItemToken.lua	static name match; dynamic dispatch not included
Board.Model.Item.ItemToken	111	StringUtil.IsNilOrEmpty	Common.Utility.StringUtil	code/Lua/decompiled/Board/Model/Item/ItemToken.lua	static name match; dynamic dispatch not included
Board.Model.Item.ItemTransform	12	PairEvent.Create	Common.Event.PairEvent	code/Lua/decompiled/Board/Model/Item/ItemTransform.lua	static name match; dynamic dispatch not included
Board.Model.Item.ItemTransform	19	GameModel.GetServerTime	Model.GameModel	code/Lua/decompiled/Board/Model/Item/ItemTransform.lua	static name match; dynamic dispatch not included
Board.Model.Item.ItemTransform	62	EnergyModel.GetCurrentEnergyModel	Model.UserData.EnergyModel	code/Lua/decompiled/Board/Model/Item/ItemTransform.lua	static name match; dynamic dispatch not included
Board.Model.Item.ItemTransform	68	PropertyDataManager.Consume	Model.UserData.PropertyDataManager	code/Lua/decompiled/Board/Model/Item/ItemTransform.lua	static name match; dynamic dispatch not included
Board.Model.Item.ItemTransform	69	EnergyModel.OnEnergyConsumed	Model.UserData.EnergyModel	code/Lua/decompiled/Board/Model/Item/ItemTransform.lua	static name match; dynamic dispatch not included
Board.Model.Item.ItemTransform	72	GameModel.GetServerTime	Model.GameModel	code/Lua/decompiled/Board/Model/Item/ItemTransform.lua	static name match; dynamic dispatch not included
Board.Model.Item.ItemTransform	90	GameConfig.IsTestMode	Common.GameConfig	code/Lua/decompiled/Board/Model/Item/ItemTransform.lua	static name match; dynamic dispatch not included
Board.Model.Item.ItemTransform	102	PropertyDataManager.GetPropertyNum	Model.UserData.PropertyDataManager	code/Lua/decompiled/Board/Model/Item/ItemTransform.lua	static name match; dynamic dispatch not included
Board.Model.Item.ItemTransform	103	GameConfig.IsTestMode	Common.GameConfig	code/Lua/decompiled/Board/Model/Item/ItemTransform.lua	static name match; dynamic dispatch not included
Board.Model.Item.ItemTransform	113	PropertyDataManager.Consume	Model.UserData.PropertyDataManager	code/Lua/decompiled/Board/Model/Item/ItemTransform.lua	static name match; dynamic dispatch not included
Board.Model.Item.ItemTransform	144	EventDispatcher.DispatchEvent	Common.Event.EventDispatcher	code/Lua/decompiled/Board/Model/Item/ItemTransform.lua	static name match; dynamic dispatch not included
Board.Model.Item.ItemTransform	159	ItemDataModel.IsItemExist	Board.Model.ItemDataModel	code/Lua/decompiled/Board/Model/Item/ItemTransform.lua	static name match; dynamic dispatch not included
Board.Model.Item.ItemTransform	160	ActivityManager.GetModel	Model.Activity.ActivityManager	code/Lua/decompiled/Board/Model/Item/ItemTransform.lua	static name match; dynamic dispatch not included
Board.Model.Item.ItemTransform	164	ItemDataModel.GetChainId	Board.Model.ItemDataModel	code/Lua/decompiled/Board/Model/Item/ItemTransform.lua	static name match; dynamic dispatch not included
Board.Model.Item.ItemTransform	164	ItemDataModel.GetChainId	Board.Model.ItemDataModel	code/Lua/decompiled/Board/Model/Item/ItemTransform.lua	static name match; dynamic dispatch not included
Board.Model.Item.ItemTransform	164	StringUtil.StartWith	Common.Utility.StringUtil	code/Lua/decompiled/Board/Model/Item/ItemTransform.lua	static name match; dynamic dispatch not included
Board.Model.Item.ItemTransform	167	StringUtil.StartWith	Common.Utility.StringUtil	code/Lua/decompiled/Board/Model/Item/ItemTransform.lua	static name match; dynamic dispatch not included
Board.Model.Item.ItemTransform	169	StringUtil.StartWith	Common.Utility.StringUtil	code/Lua/decompiled/Board/Model/Item/ItemTransform.lua	static name match; dynamic dispatch not included
Board.Model.Item.ItemTransform	179	EventDispatcher.DispatchEvent	Common.Event.EventDispatcher	code/Lua/decompiled/Board/Model/Item/ItemTransform.lua	static name match; dynamic dispatch not included
Board.Model.Item.ItemTransform	202	EventDispatcher.DispatchEvent	Common.Event.EventDispatcher	code/Lua/decompiled/Board/Model/Item/ItemTransform.lua	static name match; dynamic dispatch not included
Board.Model.Item.ItemTransform	213	MiscModel.Get	Model.UserData.MiscModel	code/Lua/decompiled/Board/Model/Item/ItemTransform.lua	static name match; dynamic dispatch not included
Board.Model.Item.ItemTransform	214	TutorialModel.GetOngoingDatas	Model.Tutorial.TutorialModel	code/Lua/decompiled/Board/Model/Item/ItemTransform.lua	static name match; dynamic dispatch not included
Board.Model.Item.ItemTransform	215	MiscModel.Set	Model.UserData.MiscModel	code/Lua/decompiled/Board/Model/Item/ItemTransform.lua	static name match; dynamic dispatch not included
Board.Model.Item.ItemTransform	217	StringUtil.StartWith	Common.Utility.StringUtil	code/Lua/decompiled/Board/Model/Item/ItemTransform.lua	static name match; dynamic dispatch not included
Board.Model.Item.ItemTransform	228	Table.ShallowCopy	Common.Utility.Table	code/Lua/decompiled/Board/Model/Item/ItemTransform.lua	static name match; dynamic dispatch not included
Board.Model.Item.ItemTransform	230	Table.IsEmpty	Common.Utility.Table	code/Lua/decompiled/Board/Model/Item/ItemTransform.lua	static name match; dynamic dispatch not included
Board.Model.Item.ItemTransform	231	Table.ListWeightSelectOne	Common.Utility.Table	code/Lua/decompiled/Board/Model/Item/ItemTransform.lua	static name match; dynamic dispatch not included
Board.Model.Item.ItemTransform	233	StringUtil.StartWith	Common.Utility.StringUtil	code/Lua/decompiled/Board/Model/Item/ItemTransform.lua	static name match; dynamic dispatch not included
Board.Model.Item.ItemTransform	234	ItemSpread.TryGenerateItemCodeByRange	Board.Model.Item.ItemSpread	code/Lua/decompiled/Board/Model/Item/ItemTransform.lua	static name match; dynamic dispatch not included
Board.Model.Item.ItemTransform	250	GameModel.GetServerTime	Model.GameModel	code/Lua/decompiled/Board/Model/Item/ItemTransform.lua	static name match; dynamic dispatch not included
Board.Model.Item.ItemTransform	274	ItemUtility.GetSpeedUpCost	Board.Model.ItemUtility	code/Lua/decompiled/Board/Model/Item/ItemTransform.lua	static name match; dynamic dispatch not included
Board.Model.Item.ItemTransform	278	GameModel.GetServerTime	Model.GameModel	code/Lua/decompiled/Board/Model/Item/ItemTransform.lua	static name match; dynamic dispatch not included
Board.Model.Item.ItemTransform	283	GameModel.GetServerTime	Model.GameModel	code/Lua/decompiled/Board/Model/Item/ItemTransform.lua	static name match; dynamic dispatch not included
Board.Model.Item.ItemTransform	306	ItemDataModel.GetModelConfig	Board.Model.ItemDataModel	code/Lua/decompiled/Board/Model/Item/ItemTransform.lua	static name match; dynamic dispatch not included
Board.Model.Item.ItemWheel	24	WheelItemModel.AcquireWheelItemRewards	WheelItem.Model.WheelItemModel	code/Lua/decompiled/Board/Model/Item/ItemWheel.lua	static name match; dynamic dispatch not included
Board.Model.Order.BaseMainActivityOrder	15	Table.ListAppend	Common.Utility.Table	code/Lua/decompiled/Board/Model/Order/BaseMainActivityOrder.lua	static name match; dynamic dispatch not included
Board.Model.Order.BaseMainActivityOrder	16	MainBoardModel.GetOrderModel	Board.Model.Board.MainBoardModel	code/Lua/decompiled/Board/Model/Order/BaseMainActivityOrder.lua	static name match; dynamic dispatch not included
Board.Model.Order.BaseOrder	60	ActivityManager.GetModel	Model.Activity.ActivityManager	code/Lua/decompiled/Board/Model/Order/BaseOrder.lua	static name match; dynamic dispatch not included
Board.Model.Order.BaseOrder	78	ItemDataModel.GetChainId	Board.Model.ItemDataModel	code/Lua/decompiled/Board/Model/Order/BaseOrder.lua	static name match; dynamic dispatch not included
Board.Model.Order.BaseOrder	112	ConfigModel.IsServerControlOpen	Model.ConfigModel	code/Lua/decompiled/Board/Model/Order/BaseOrder.lua	static name match; dynamic dispatch not included
Board.Model.Order.BaseOrder	127	GameModel.GetServerTime	Model.GameModel	code/Lua/decompiled/Board/Model/Order/BaseOrder.lua	static name match; dynamic dispatch not included
Board.Model.Order.BaseOrder	215	MainBoardModel.GetOrderModel	Board.Model.Board.MainBoardModel	code/Lua/decompiled/Board/Model/Order/BaseOrder.lua	static name match; dynamic dispatch not included
Board.Model.Order.BaseOrder	215	MainBoardModel.GetOrderModel	Board.Model.Board.MainBoardModel	code/Lua/decompiled/Board/Model/Order/BaseOrder.lua	static name match; dynamic dispatch not included
Board.Model.Order.BaseOrder	286	ActivityManager.GetModel	Model.Activity.ActivityManager	code/Lua/decompiled/Board/Model/Order/BaseOrder.lua	static name match; dynamic dispatch not included
Board.Model.Order.BaseOrder	301	Table.IsEmpty	Common.Utility.Table	code/Lua/decompiled/Board/Model/Order/BaseOrder.lua	static name match; dynamic dispatch not included
Board.Model.Order.BaseOrder	301	Table.IsEmpty	Common.Utility.Table	code/Lua/decompiled/Board/Model/Order/BaseOrder.lua	static name match; dynamic dispatch not included
Board.Model.Order.BaseOrder	320	Table.IsEmpty	Common.Utility.Table	code/Lua/decompiled/Board/Model/Order/BaseOrder.lua	static name match; dynamic dispatch not included
Board.Model.Order.BaseOrder	362	GameModel.GetServerDay	Model.GameModel	code/Lua/decompiled/Board/Model/Order/BaseOrder.lua	static name match; dynamic dispatch not included
Board.Model.Order.BaseOrder	383	GameConfig.IsTestMode	Common.GameConfig	code/Lua/decompiled/Board/Model/Order/BaseOrder.lua	static name match; dynamic dispatch not included
Board.Model.Order.BaseOrder	409	GameModel.GetServerTime	Model.GameModel	code/Lua/decompiled/Board/Model/Order/BaseOrder.lua	static name match; dynamic dispatch not included
Board.Model.Order.BaseOrder	424	ActivityManager.GetModel	Model.Activity.ActivityManager	code/Lua/decompiled/Board/Model/Order/BaseOrder.lua	static name match; dynamic dispatch not included
Board.Model.Order.BaseOrder	466	ActivityManager.GetModel	Model.Activity.ActivityManager	code/Lua/decompiled/Board/Model/Order/BaseOrder.lua	static name match; dynamic dispatch not included
Board.Model.Order.BaseOrder	473	ActivityManager.GetModel	Model.Activity.ActivityManager	code/Lua/decompiled/Board/Model/Order/BaseOrder.lua	static name match; dynamic dispatch not included
Board.Model.Order.BaseOrderModel	11	EventDispatcher.RemoveTarget	Common.Event.EventDispatcher	code/Lua/decompiled/Board/Model/Order/BaseOrderModel.lua	static name match; dynamic dispatch not included
Board.Model.Order.BaseOrderModel	32	ItemDataModel.IsItemExist	Board.Model.ItemDataModel	code/Lua/decompiled/Board/Model/Order/BaseOrderModel.lua	static name match; dynamic dispatch not included
Board.Model.Order.BaseOrderModel	33	ItemDataModel.GetModelConfig	Board.Model.ItemDataModel	code/Lua/decompiled/Board/Model/Order/BaseOrderModel.lua	static name match; dynamic dispatch not included
Board.Model.Order.BaseOrderModel	48	ItemUtility.GetItemCode	Board.Model.ItemUtility	code/Lua/decompiled/Board/Model/Order/BaseOrderModel.lua	static name match; dynamic dispatch not included
Board.Model.Order.BaseOrderModel	50	ItemUtility.GetItemCode	Board.Model.ItemUtility	code/Lua/decompiled/Board/Model/Order/BaseOrderModel.lua	static name match; dynamic dispatch not included
Board.Model.Order.BaseOrderModel	76	ItemDataModel.GetModelConfig	Board.Model.ItemDataModel	code/Lua/decompiled/Board/Model/Order/BaseOrderModel.lua	static name match; dynamic dispatch not included
Board.Model.Order.BaseOrderModel	115	StringUtil.StartWith	Common.Utility.StringUtil	code/Lua/decompiled/Board/Model/Order/BaseOrderModel.lua	static name match; dynamic dispatch not included
Board.Model.Order.BaseOrderModel	131	ItemDataModel.GetItemUnlockGenerator	Board.Model.ItemDataModel	code/Lua/decompiled/Board/Model/Order/BaseOrderModel.lua	static name match; dynamic dispatch not included
Board.Model.Order.BaseOrderModel	131	ItemUtility.GetItemTypeByCode	Board.Model.ItemUtility	code/Lua/decompiled/Board/Model/Order/BaseOrderModel.lua	static name match; dynamic dispatch not included
Board.Model.Order.BaseOrderModel	155	EventDispatcher.AddListener	Common.Event.EventDispatcher	code/Lua/decompiled/Board/Model/Order/BaseOrderModel.lua	static name match; dynamic dispatch not included
Board.Model.Order.BaseOrderModel	198	StringUtil.IsNilOrEmpty	Common.Utility.StringUtil	code/Lua/decompiled/Board/Model/Order/BaseOrderModel.lua	static name match; dynamic dispatch not included
Board.Model.Order.BaseOrderModel	206	StringUtil.Split	Common.Utility.StringUtil	code/Lua/decompiled/Board/Model/Order/BaseOrderModel.lua	static name match; dynamic dispatch not included
Board.Model.Order.BaseOrderModel	302	EventDispatcher.DispatchEvent	Common.Event.EventDispatcher	code/Lua/decompiled/Board/Model/Order/BaseOrderModel.lua	static name match; dynamic dispatch not included
Board.Model.Order.BaseOrderModel	306	EventDispatcher.DispatchEvent	Common.Event.EventDispatcher	code/Lua/decompiled/Board/Model/Order/BaseOrderModel.lua	static name match; dynamic dispatch not included
Board.Model.Order.BaseOrderModel	333	Table.IsEmpty	Common.Utility.Table	code/Lua/decompiled/Board/Model/Order/BaseOrderModel.lua	static name match; dynamic dispatch not included
Board.Model.Order.BaseOrderModel	335	ActivityManager.IsSuperSunshineActive	Model.Activity.ActivityManager	code/Lua/decompiled/Board/Model/Order/BaseOrderModel.lua	static name match; dynamic dispatch not included
Board.Model.Order.BaseOrderModel	336	StringUtil.IsNilOrEmpty	Common.Utility.StringUtil	code/Lua/decompiled/Board/Model/Order/BaseOrderModel.lua	static name match; dynamic dispatch not included
Board.Model.Order.BaseOrderModel	346	Table.IsEmpty	Common.Utility.Table	code/Lua/decompiled/Board/Model/Order/BaseOrderModel.lua	static name match; dynamic dispatch not included
Board.Model.Order.BaseOrderModel	352	Table.IsEmpty	Common.Utility.Table	code/Lua/decompiled/Board/Model/Order/BaseOrderModel.lua	static name match; dynamic dispatch not included
Board.Model.Order.BaseOrderModel	358	GameModel.GetServerTime	Model.GameModel	code/Lua/decompiled/Board/Model/Order/BaseOrderModel.lua	static name match; dynamic dispatch not included
Board.Model.Order.BaseOrderModel	362	ActivityManager.GetModel	Model.Activity.ActivityManager	code/Lua/decompiled/Board/Model/Order/BaseOrderModel.lua	static name match; dynamic dispatch not included
Board.Model.Order.BaseOrderModel	369	ActivityManager.GetModel	Model.Activity.ActivityManager	code/Lua/decompiled/Board/Model/Order/BaseOrderModel.lua	static name match; dynamic dispatch not included
Board.Model.Order.BaseOrderModel	384	ActivityManager.GetModel	Model.Activity.ActivityManager	code/Lua/decompiled/Board/Model/Order/BaseOrderModel.lua	static name match; dynamic dispatch not included
Board.Model.Order.BaseOrderModel	391	ActivityManager.GetModel	Model.Activity.ActivityManager	code/Lua/decompiled/Board/Model/Order/BaseOrderModel.lua	static name match; dynamic dispatch not included
Board.Model.Order.BaseOrderModel	397	ActivityManager.GetModel	Model.Activity.ActivityManager	code/Lua/decompiled/Board/Model/Order/BaseOrderModel.lua	static name match; dynamic dispatch not included
Board.Model.Order.BaseOrderModel	414	ActivityManager.GetModel	Model.Activity.ActivityManager	code/Lua/decompiled/Board/Model/Order/BaseOrderModel.lua	static name match; dynamic dispatch not included
Board.Model.Order.BaseOrderModel	422	MainBoardModel.GetOrderModel	Board.Model.Board.MainBoardModel	code/Lua/decompiled/Board/Model/Order/BaseOrderModel.lua	static name match; dynamic dispatch not included
Board.Model.Order.BaseOrderModel	435	ActivityManager.IsSunshineGroupRacing	Model.Activity.ActivityManager	code/Lua/decompiled/Board/Model/Order/BaseOrderModel.lua	static name match; dynamic dispatch not included
Board.Model.Order.BaseOrderModel	440	ActivityManager.GetModel	Model.Activity.ActivityManager	code/Lua/decompiled/Board/Model/Order/BaseOrderModel.lua	static name match; dynamic dispatch not included
Board.Model.Order.BaseOrderModel	452	StringUtil.IsNilOrEmpty	Common.Utility.StringUtil	code/Lua/decompiled/Board/Model/Order/BaseOrderModel.lua	static name match; dynamic dispatch not included
Board.Model.Order.BaseOrderModel	484	EventDispatcher.DispatchEvent	Common.Event.EventDispatcher	code/Lua/decompiled/Board/Model/Order/BaseOrderModel.lua	static name match; dynamic dispatch not included
Board.Model.Order.ClearOrderCreator	4	MapDataModel.IsAllSlotBuildFinished	Model.MapDataModel	code/Lua/decompiled/Board/Model/Order/ClearOrderCreator.lua	static name match; dynamic dispatch not included
Board.Model.Order.ClearOrderCreator	21	ItemDataModel.IsInOrder	Board.Model.ItemDataModel	code/Lua/decompiled/Board/Model/Order/ClearOrderCreator.lua	static name match; dynamic dispatch not included
Board.Model.Order.ClearOrderCreator	21	ItemDataModel.IsItemMaxLevel	Board.Model.ItemDataModel	code/Lua/decompiled/Board/Model/Order/ClearOrderCreator.lua	static name match; dynamic dispatch not included
Board.Model.Order.ClearOrderCreator	21	ItemDataModel.GetChainId	Board.Model.ItemDataModel	code/Lua/decompiled/Board/Model/Order/ClearOrderCreator.lua	static name match; dynamic dispatch not included
Board.Model.Order.ClearOrderCreator	31	ConfigModel.IsServerControlOpen	Model.ConfigModel	code/Lua/decompiled/Board/Model/Order/ClearOrderCreator.lua	static name match; dynamic dispatch not included
Board.Model.Order.ClearOrderCreator	59	MainOrder.Create	Board.Model.Order.MainOrder	code/Lua/decompiled/Board/Model/Order/ClearOrderCreator.lua	static name match; dynamic dispatch not included
Board.Model.Order.ClearOrderCreator	61	GameModel.GetServerTime	Model.GameModel	code/Lua/decompiled/Board/Model/Order/ClearOrderCreator.lua	static name match; dynamic dispatch not included
Board.Model.Order.CurtainCallOrder	11	MainOrder.Init	Board.Model.Order.MainOrder	code/Lua/decompiled/Board/Model/Order/CurtainCallOrder.lua	static name match; dynamic dispatch not included
Board.Model.Order.CurtainCallOrder	28	MainOrder.GetCostInfo	Board.Model.Order.MainOrder	code/Lua/decompiled/Board/Model/Order/CurtainCallOrder.lua	static name match; dynamic dispatch not included
Board.Model.Order.CurtainCallOrder	60	BaseOrder._SetState	Board.Model.Order.BaseOrder	code/Lua/decompiled/Board/Model/Order/CurtainCallOrder.lua	static name match; dynamic dispatch not included
Board.Model.Order.CurtainCallOrder	62	BaseOrder._SetState	Board.Model.Order.BaseOrder	code/Lua/decompiled/Board/Model/Order/CurtainCallOrder.lua	static name match; dynamic dispatch not included
Board.Model.Order.CurtainCallOrder	81	Table.IsEmpty	Common.Utility.Table	code/Lua/decompiled/Board/Model/Order/CurtainCallOrder.lua	static name match; dynamic dispatch not included
Board.Model.Order.CurtainCallOrder	91	ConfigModel.IsServerControlOpen	Model.ConfigModel	code/Lua/decompiled/Board/Model/Order/CurtainCallOrder.lua	static name match; dynamic dispatch not included
Board.Model.Order.CurtainCallOrder	92	NoCDTrainModel.GetCurOrderRequirements	NoCDTrain.Model.NoCDTrainModel	code/Lua/decompiled/Board/Model/Order/CurtainCallOrder.lua	static name match; dynamic dispatch not included
Board.Model.Order.CurtainCallOrder	94	ItemDataModel.GetChainId	Board.Model.ItemDataModel	code/Lua/decompiled/Board/Model/Order/CurtainCallOrder.lua	static name match; dynamic dispatch not included
Board.Model.Order.CurtainCallOrder	94	ItemDataModel.GetChainId	Board.Model.ItemDataModel	code/Lua/decompiled/Board/Model/Order/CurtainCallOrder.lua	static name match; dynamic dispatch not included
Board.Model.Order.CurtainCallOrder	94	ItemDataModel.GetChainLevel	Board.Model.ItemDataModel	code/Lua/decompiled/Board/Model/Order/CurtainCallOrder.lua	static name match; dynamic dispatch not included
Board.Model.Order.CurtainCallOrder	97	ConfigModel.ParseGeneralConf	Model.ConfigModel	code/Lua/decompiled/Board/Model/Order/CurtainCallOrder.lua	static name match; dynamic dispatch not included
Board.Model.Order.CurtainCallOrder	109	ItemDataModel.GetChainId	Board.Model.ItemDataModel	code/Lua/decompiled/Board/Model/Order/CurtainCallOrder.lua	static name match; dynamic dispatch not included
Board.Model.Order.CurtainCallOrder	133	ItemDataModel.IsItemExist	Board.Model.ItemDataModel	code/Lua/decompiled/Board/Model/Order/CurtainCallOrder.lua	static name match; dynamic dispatch not included
Board.Model.Order.CurtainCallOrder	133	ItemDataModel.GetChainId	Board.Model.ItemDataModel	code/Lua/decompiled/Board/Model/Order/CurtainCallOrder.lua	static name match; dynamic dispatch not included
Board.Model.Order.CurtainCallOrder	142	ItemDataModel.GetChainGenerator	Board.Model.ItemDataModel	code/Lua/decompiled/Board/Model/Order/CurtainCallOrder.lua	static name match; dynamic dispatch not included
Board.Model.Order.CurtainCallOrder	145	MainBoardModel.GetItemScoreByUnlockGen	Board.Model.Board.MainBoardModel	code/Lua/decompiled/Board/Model/Order/CurtainCallOrder.lua	static name match; dynamic dispatch not included
Board.Model.Order.CurtainCallOrder	150	ItemDataModel.GetChainLevel	Board.Model.ItemDataModel	code/Lua/decompiled/Board/Model/Order/CurtainCallOrder.lua	static name match; dynamic dispatch not included
Board.Model.Order.CurtainCallOrder	169	Table.IsEmpty	Common.Utility.Table	code/Lua/decompiled/Board/Model/Order/CurtainCallOrder.lua	static name match; dynamic dispatch not included
Board.Model.Order.CurtainCallOrder	181	CurtainCallOrderCreator.CalcReward	Board.Model.Order.CurtainCallOrderCreator	code/Lua/decompiled/Board/Model/Order/CurtainCallOrder.lua	static name match; dynamic dispatch not included
Board.Model.Order.CurtainCallOrderCreator	7	ItemDataModel.GetLastOutRangeGenerator	Board.Model.ItemDataModel	code/Lua/decompiled/Board/Model/Order/CurtainCallOrderCreator.lua	static name match; dynamic dispatch not included
Board.Model.Order.CurtainCallOrderCreator	11	ItemDataModel.GetModelConfig	Board.Model.ItemDataModel	code/Lua/decompiled/Board/Model/Order/CurtainCallOrderCreator.lua	static name match; dynamic dispatch not included
Board.Model.Order.CurtainCallOrderCreator	12	MiscModel.Get	Model.UserData.MiscModel	code/Lua/decompiled/Board/Model/Order/CurtainCallOrderCreator.lua	static name match; dynamic dispatch not included
Board.Model.Order.CurtainCallOrderCreator	14	MiscModel.Get	Model.UserData.MiscModel	code/Lua/decompiled/Board/Model/Order/CurtainCallOrderCreator.lua	static name match; dynamic dispatch not included
Board.Model.Order.CurtainCallOrderCreator	15	StringUtil.Replace	Common.Utility.StringUtil	code/Lua/decompiled/Board/Model/Order/CurtainCallOrderCreator.lua	static name match; dynamic dispatch not included
Board.Model.Order.CurtainCallOrderCreator	17	Table.IsEmpty	Common.Utility.Table	code/Lua/decompiled/Board/Model/Order/CurtainCallOrderCreator.lua	static name match; dynamic dispatch not included
Board.Model.Order.CurtainCallOrderCreator	32	ItemDataModel.GetModelConfig	Board.Model.ItemDataModel	code/Lua/decompiled/Board/Model/Order/CurtainCallOrderCreator.lua	static name match; dynamic dispatch not included
Board.Model.Order.CurtainCallOrderCreator	34	ItemDataModel.GetChainGenerator	Board.Model.ItemDataModel	code/Lua/decompiled/Board/Model/Order/CurtainCallOrderCreator.lua	static name match; dynamic dispatch not included
Board.Model.Order.CurtainCallOrderCreator	34	ItemDataModel.GetChainId	Board.Model.ItemDataModel	code/Lua/decompiled/Board/Model/Order/CurtainCallOrderCreator.lua	static name match; dynamic dispatch not included
Board.Model.Order.CurtainCallOrderCreator	44	ItemDataModel.GetChainId	Board.Model.ItemDataModel	code/Lua/decompiled/Board/Model/Order/CurtainCallOrderCreator.lua	static name match; dynamic dispatch not included
Board.Model.Order.CurtainCallOrderCreator	52	ItemDataModel.GetModelConfig	Board.Model.ItemDataModel	code/Lua/decompiled/Board/Model/Order/CurtainCallOrderCreator.lua	static name match; dynamic dispatch not included
Board.Model.Order.CurtainCallOrderCreator	54	ItemDataModel.IsPdItem	Board.Model.ItemDataModel	code/Lua/decompiled/Board/Model/Order/CurtainCallOrderCreator.lua	static name match; dynamic dispatch not included
Board.Model.Order.CurtainCallOrderCreator	54	ItemDataModel.GetChainId	Board.Model.ItemDataModel	code/Lua/decompiled/Board/Model/Order/CurtainCallOrderCreator.lua	static name match; dynamic dispatch not included
Board.Model.Order.CurtainCallOrderCreator	54	ItemDataModel.GetChainGenerator	Board.Model.ItemDataModel	code/Lua/decompiled/Board/Model/Order/CurtainCallOrderCreator.lua	static name match; dynamic dispatch not included
Board.Model.Order.CurtainCallOrderCreator	54	ItemDataModel.GetChainId	Board.Model.ItemDataModel	code/Lua/decompiled/Board/Model/Order/CurtainCallOrderCreator.lua	static name match; dynamic dispatch not included
Board.Model.Order.CurtainCallOrderCreator	58	ItemDataModel.IsPdItem	Board.Model.ItemDataModel	code/Lua/decompiled/Board/Model/Order/CurtainCallOrderCreator.lua	static name match; dynamic dispatch not included
Board.Model.Order.CurtainCallOrderCreator	59	ItemDataModel.GetModelConfig	Board.Model.ItemDataModel	code/Lua/decompiled/Board/Model/Order/CurtainCallOrderCreator.lua	static name match; dynamic dispatch not included
Board.Model.Order.CurtainCallOrderCreator	61	ItemDataModel.GetChainId	Board.Model.ItemDataModel	code/Lua/decompiled/Board/Model/Order/CurtainCallOrderCreator.lua	static name match; dynamic dispatch not included
Board.Model.Order.CurtainCallOrderCreator	69	Table.IsEmpty	Common.Utility.Table	code/Lua/decompiled/Board/Model/Order/CurtainCallOrderCreator.lua	static name match; dynamic dispatch not included
Board.Model.Order.CurtainCallOrderCreator	76	Table.IsEmpty	Common.Utility.Table	code/Lua/decompiled/Board/Model/Order/CurtainCallOrderCreator.lua	static name match; dynamic dispatch not included
Board.Model.Order.CurtainCallOrderCreator	82	ItemDataModel.GetChainGenerator	Board.Model.ItemDataModel	code/Lua/decompiled/Board/Model/Order/CurtainCallOrderCreator.lua	static name match; dynamic dispatch not included
Board.Model.Order.CurtainCallOrderCreator	82	ItemDataModel.GetChainId	Board.Model.ItemDataModel	code/Lua/decompiled/Board/Model/Order/CurtainCallOrderCreator.lua	static name match; dynamic dispatch not included
Board.Model.Order.CurtainCallOrderCreator	89	Table.IsEmpty	Common.Utility.Table	code/Lua/decompiled/Board/Model/Order/CurtainCallOrderCreator.lua	static name match; dynamic dispatch not included
Board.Model.Order.CurtainCallOrderCreator	96	ItemDataModel.GetChainGenerator	Board.Model.ItemDataModel	code/Lua/decompiled/Board/Model/Order/CurtainCallOrderCreator.lua	static name match; dynamic dispatch not included
Board.Model.Order.CurtainCallOrderCreator	96	ItemDataModel.GetChainId	Board.Model.ItemDataModel	code/Lua/decompiled/Board/Model/Order/CurtainCallOrderCreator.lua	static name match; dynamic dispatch not included
Board.Model.Order.CurtainCallOrderCreator	103	ConfigModel.IsServerControlOpen	Model.ConfigModel	code/Lua/decompiled/Board/Model/Order/CurtainCallOrderCreator.lua	static name match; dynamic dispatch not included
Board.Model.Order.CurtainCallOrderCreator	103	Table.IsEmpty	Common.Utility.Table	code/Lua/decompiled/Board/Model/Order/CurtainCallOrderCreator.lua	static name match; dynamic dispatch not included
Board.Model.Order.CurtainCallOrderCreator	104	NoCDTrainModel.GetAllBingoCanShowBoardEntryModel	NoCDTrain.Model.NoCDTrainModel	code/Lua/decompiled/Board/Model/Order/CurtainCallOrderCreator.lua	static name match; dynamic dispatch not included
Board.Model.Order.CurtainCallOrderCreator	107	Table.Contain	Common.Utility.Table	code/Lua/decompiled/Board/Model/Order/CurtainCallOrderCreator.lua	static name match; dynamic dispatch not included
Board.Model.Order.CurtainCallOrderCreator	119	Table.IsEmpty	Common.Utility.Table	code/Lua/decompiled/Board/Model/Order/CurtainCallOrderCreator.lua	static name match; dynamic dispatch not included
Board.Model.Order.CurtainCallOrderCreator	121	StringUtil.Replace	Common.Utility.StringUtil	code/Lua/decompiled/Board/Model/Order/CurtainCallOrderCreator.lua	static name match; dynamic dispatch not included
Board.Model.Order.CurtainCallOrderCreator	122	MiscModel.Set	Model.UserData.MiscModel	code/Lua/decompiled/Board/Model/Order/CurtainCallOrderCreator.lua	static name match; dynamic dispatch not included
Board.Model.Order.CurtainCallOrderCreator	124	MiscModel.Clear	Model.UserData.MiscModel	code/Lua/decompiled/Board/Model/Order/CurtainCallOrderCreator.lua	static name match; dynamic dispatch not included
Board.Model.Order.CurtainCallOrderCreator	136	Table.IsEmpty	Common.Utility.Table	code/Lua/decompiled/Board/Model/Order/CurtainCallOrderCreator.lua	static name match; dynamic dispatch not included
Board.Model.Order.CurtainCallOrderCreator	141	GameModel.GetServerTime	Model.GameModel	code/Lua/decompiled/Board/Model/Order/CurtainCallOrderCreator.lua	static name match; dynamic dispatch not included
Board.Model.Order.CurtainCallOrderCreator	142	ConfigModel.ParseGeneralConf	Model.ConfigModel	code/Lua/decompiled/Board/Model/Order/CurtainCallOrderCreator.lua	static name match; dynamic dispatch not included
Board.Model.Order.CurtainCallOrderCreator	146	CurtainCallOrder.Create	Board.Model.Order.CurtainCallOrder	code/Lua/decompiled/Board/Model/Order/CurtainCallOrderCreator.lua	static name match; dynamic dispatch not included
Board.Model.Order.CurtainCallOrderCreator	159	ConfigModel.GetLocalConfig	Model.ConfigModel	code/Lua/decompiled/Board/Model/Order/CurtainCallOrderCreator.lua	static name match; dynamic dispatch not included
Board.Model.Order.CurtainCallOrderCreator	168	RewardApi.MergeRewardsByHash	Model.UserData.RewardApi	code/Lua/decompiled/Board/Model/Order/CurtainCallOrderCreator.lua	static name match; dynamic dispatch not included
Board.Model.Order.FixedOrderCreator	13	ItemDataModel.IsUnlocked	Board.Model.ItemDataModel	code/Lua/decompiled/Board/Model/Order/FixedOrderCreator.lua	static name match; dynamic dispatch not included
Board.Model.Order.FixedOrderCreator	33	ItemDataModel.SetLocked	Board.Model.ItemDataModel	code/Lua/decompiled/Board/Model/Order/FixedOrderCreator.lua	static name match; dynamic dispatch not included
Board.Model.Order.FixedOrderCreator	35	MainOrder.Create	Board.Model.Order.MainOrder	code/Lua/decompiled/Board/Model/Order/FixedOrderCreator.lua	static name match; dynamic dispatch not included
Board.Model.Order.FixedOrderCreator	35	GameModel.GetServerTime	Model.GameModel	code/Lua/decompiled/Board/Model/Order/FixedOrderCreator.lua	static name match; dynamic dispatch not included
Board.Model.Order.InsureOrderCreator	5	GameModel.GetServerTime	Model.GameModel	code/Lua/decompiled/Board/Model/Order/InsureOrderCreator.lua	static name match; dynamic dispatch not included
Board.Model.Order.InsureOrderCreator	9	UserModel.IsReturnUser	Model.UserData.UserModel	code/Lua/decompiled/Board/Model/Order/InsureOrderCreator.lua	static name match; dynamic dispatch not included
Board.Model.Order.InsureOrderCreator	20	Table.ListWeightSelectOne	Common.Utility.Table	code/Lua/decompiled/Board/Model/Order/InsureOrderCreator.lua	static name match; dynamic dispatch not included
Board.Model.Order.InsureOrderCreator	26	Table.ListWeightSelectOne	Common.Utility.Table	code/Lua/decompiled/Board/Model/Order/InsureOrderCreator.lua	static name match; dynamic dispatch not included
Board.Model.Order.InsureOrderCreator	33	Table.ListWeightSelectOne	Common.Utility.Table	code/Lua/decompiled/Board/Model/Order/InsureOrderCreator.lua	static name match; dynamic dispatch not included
Board.Model.Order.InsureOrderCreator	83	ItemDataModel.GetChainId	Board.Model.ItemDataModel	code/Lua/decompiled/Board/Model/Order/InsureOrderCreator.lua	static name match; dynamic dispatch not included
Board.Model.Order.InsureOrderCreator	85	ItemDataModel.GetChainLevel	Board.Model.ItemDataModel	code/Lua/decompiled/Board/Model/Order/InsureOrderCreator.lua	static name match; dynamic dispatch not included
Board.Model.Order.InsureOrderCreator	90	ItemDataModel.GetChainId	Board.Model.ItemDataModel	code/Lua/decompiled/Board/Model/Order/InsureOrderCreator.lua	static name match; dynamic dispatch not included
Board.Model.Order.InsureOrderCreator	91	ItemDataModel.GetChainLevel	Board.Model.ItemDataModel	code/Lua/decompiled/Board/Model/Order/InsureOrderCreator.lua	static name match; dynamic dispatch not included
Board.Model.Order.InsureOrderCreator	101	MainBoardModel.FilterItems	Board.Model.Board.MainBoardModel	code/Lua/decompiled/Board/Model/Order/InsureOrderCreator.lua	static name match; dynamic dispatch not included
Board.Model.Order.InsureOrderCreator	104	MainBoardModel.GetStoredItemCount	Board.Model.Board.MainBoardModel	code/Lua/decompiled/Board/Model/Order/InsureOrderCreator.lua	static name match; dynamic dispatch not included
Board.Model.Order.InsureOrderCreator	105	MainBoardModel.GetStoredItemByIndex	Board.Model.Board.MainBoardModel	code/Lua/decompiled/Board/Model/Order/InsureOrderCreator.lua	static name match; dynamic dispatch not included
Board.Model.Order.InsureOrderCreator	121	Table.ListRemove	Common.Utility.Table	code/Lua/decompiled/Board/Model/Order/InsureOrderCreator.lua	static name match; dynamic dispatch not included
Board.Model.Order.InsureOrderCreator	123	Table.ListRandomSelectOne	Common.Utility.Table	code/Lua/decompiled/Board/Model/Order/InsureOrderCreator.lua	static name match; dynamic dispatch not included
Board.Model.Order.InsureOrderCreator	128	Table.IsEmpty	Common.Utility.Table	code/Lua/decompiled/Board/Model/Order/InsureOrderCreator.lua	static name match; dynamic dispatch not included
Board.Model.Order.InsureOrderCreator	136	MapDataModel.CalculateMostNeedType	Model.MapDataModel	code/Lua/decompiled/Board/Model/Order/InsureOrderCreator.lua	static name match; dynamic dispatch not included
Board.Model.Order.InsureOrderCreator	145	Table.IsEmpty	Common.Utility.Table	code/Lua/decompiled/Board/Model/Order/InsureOrderCreator.lua	static name match; dynamic dispatch not included
Board.Model.Order.InsureOrderCreator	149	ItemDataModel.SetLocked	Board.Model.ItemDataModel	code/Lua/decompiled/Board/Model/Order/InsureOrderCreator.lua	static name match; dynamic dispatch not included
Board.Model.Order.InsureOrderCreator	151	MainOrder.Create	Board.Model.Order.MainOrder	code/Lua/decompiled/Board/Model/Order/InsureOrderCreator.lua	static name match; dynamic dispatch not included
Board.Model.Order.InsureOrderCreator	151	GameModel.GetServerTime	Model.GameModel	code/Lua/decompiled/Board/Model/Order/InsureOrderCreator.lua	static name match; dynamic dispatch not included
Board.Model.Order.LaneOrderCreator	4	PropItemManager.GetModel	Model.PropItem.PropItemManager	code/Lua/decompiled/Board/Model/Order/LaneOrderCreator.lua	static name match; dynamic dispatch not included
Board.Model.Order.LaneOrderCreator	11	PropItemManager.GetModel	Model.PropItem.PropItemManager	code/Lua/decompiled/Board/Model/Order/LaneOrderCreator.lua	static name match; dynamic dispatch not included
Board.Model.Order.LaneOrderCreator	23	MapDataModel.CalculateMostNeedType	Model.MapDataModel	code/Lua/decompiled/Board/Model/Order/LaneOrderCreator.lua	static name match; dynamic dispatch not included
Board.Model.Order.LaneOrderCreator	25	Table.ListWeightSelectOne	Common.Utility.Table	code/Lua/decompiled/Board/Model/Order/LaneOrderCreator.lua	static name match; dynamic dispatch not included
Board.Model.Order.LaneOrderCreator	38	Table.ListWeightSelectOne	Common.Utility.Table	code/Lua/decompiled/Board/Model/Order/LaneOrderCreator.lua	static name match; dynamic dispatch not included
Board.Model.Order.LaneOrderCreator	72	ItemDataModel.GetUnlockedMainGenerator	Board.Model.ItemDataModel	code/Lua/decompiled/Board/Model/Order/LaneOrderCreator.lua	static name match; dynamic dispatch not included
Board.Model.Order.LaneOrderCreator	99	Table.IsEmpty	Common.Utility.Table	code/Lua/decompiled/Board/Model/Order/LaneOrderCreator.lua	static name match; dynamic dispatch not included
Board.Model.Order.LaneOrderCreator	106	Table.IsEmpty	Common.Utility.Table	code/Lua/decompiled/Board/Model/Order/LaneOrderCreator.lua	static name match; dynamic dispatch not included
Board.Model.Order.LaneOrderCreator	113	ConfigModel.IsServerControlOpen	Model.ConfigModel	code/Lua/decompiled/Board/Model/Order/LaneOrderCreator.lua	static name match; dynamic dispatch not included
Board.Model.Order.LaneOrderCreator	115	Table.IsEmpty	Common.Utility.Table	code/Lua/decompiled/Board/Model/Order/LaneOrderCreator.lua	static name match; dynamic dispatch not included
Board.Model.Order.LaneOrderCreator	138	Table.DeepCopy	Common.Utility.Table	code/Lua/decompiled/Board/Model/Order/LaneOrderCreator.lua	static name match; dynamic dispatch not included
Board.Model.Order.LaneOrderCreator	162	ActivityManager.GetModel	Model.Activity.ActivityManager	code/Lua/decompiled/Board/Model/Order/LaneOrderCreator.lua	static name match; dynamic dispatch not included
Board.Model.Order.LaneOrderCreator	171	MainOrderCreator.Generate	Board.Model.Order.MainOrderCreator	code/Lua/decompiled/Board/Model/Order/LaneOrderCreator.lua	static name match; dynamic dispatch not included
Board.Model.Order.LaneOrderCreator	175	MainOrderCreator.GetRequirementsWeightInControl	Board.Model.Order.MainOrderCreator	code/Lua/decompiled/Board/Model/Order/LaneOrderCreator.lua	static name match; dynamic dispatch not included
Board.Model.Order.LaneOrderCreator	180	EventDispatcher.DispatchEvent	Common.Event.EventDispatcher	code/Lua/decompiled/Board/Model/Order/LaneOrderCreator.lua	static name match; dynamic dispatch not included
Board.Model.Order.LaneOrderCreator	188	ItemDataModel.SetLocked	Board.Model.ItemDataModel	code/Lua/decompiled/Board/Model/Order/LaneOrderCreator.lua	static name match; dynamic dispatch not included
Board.Model.Order.LaneOrderCreator	190	MainOrder.Create	Board.Model.Order.MainOrder	code/Lua/decompiled/Board/Model/Order/LaneOrderCreator.lua	static name match; dynamic dispatch not included
Board.Model.Order.LaneOrderCreator	190	GameModel.GetServerTime	Model.GameModel	code/Lua/decompiled/Board/Model/Order/LaneOrderCreator.lua	static name match; dynamic dispatch not included
Board.Model.Order.LuckyStarOrderCreator	10	ActivityManager.GetModel	Model.Activity.ActivityManager	code/Lua/decompiled/Board/Model/Order/LuckyStarOrderCreator.lua	static name match; dynamic dispatch not included
Board.Model.Order.LuckyStarOrderCreator	24	ActivityManager.GetModel	Model.Activity.ActivityManager	code/Lua/decompiled/Board/Model/Order/LuckyStarOrderCreator.lua	static name match; dynamic dispatch not included
Board.Model.Order.LuckyStarOrderCreator	26	GameConfig.IsTestMode	Common.GameConfig	code/Lua/decompiled/Board/Model/Order/LuckyStarOrderCreator.lua	static name match; dynamic dispatch not included
Board.Model.Order.LuckyStarOrderCreator	31	GameModel.GetServerTime	Model.GameModel	code/Lua/decompiled/Board/Model/Order/LuckyStarOrderCreator.lua	static name match; dynamic dispatch not included
Board.Model.Order.LuckyStarOrderCreator	33	MainOrder.Create	Board.Model.Order.MainOrder	code/Lua/decompiled/Board/Model/Order/LuckyStarOrderCreator.lua	static name match; dynamic dispatch not included
Board.Model.Order.LuckyStarOrderCreator	39	MainBoardView.GetInstance	Board.View.MainBoardView	code/Lua/decompiled/Board/Model/Order/LuckyStarOrderCreator.lua	static name match; dynamic dispatch not included
Board.Model.Order.LuckyStarOrderCreator	49	ActivityManager.GetModel	Model.Activity.ActivityManager	code/Lua/decompiled/Board/Model/Order/LuckyStarOrderCreator.lua	static name match; dynamic dispatch not included
Board.Model.Order.LuckyStarOrderCreator	62	Table.IsEmpty	Common.Utility.Table	code/Lua/decompiled/Board/Model/Order/LuckyStarOrderCreator.lua	static name match; dynamic dispatch not included
Board.Model.Order.LuckyStarOrderCreator	84	Table.IsEmpty	Common.Utility.Table	code/Lua/decompiled/Board/Model/Order/LuckyStarOrderCreator.lua	static name match; dynamic dispatch not included
Board.Model.Order.LuckyStarOrderCreator	97	Table.IsEmpty	Common.Utility.Table	code/Lua/decompiled/Board/Model/Order/LuckyStarOrderCreator.lua	static name match; dynamic dispatch not included
Board.Model.Order.LuckyStarOrderCreator	106	Table.IsEmpty	Common.Utility.Table	code/Lua/decompiled/Board/Model/Order/LuckyStarOrderCreator.lua	static name match; dynamic dispatch not included
Board.Model.Order.LuckyStarOrderCreator	107	Table.ListAppend	Common.Utility.Table	code/Lua/decompiled/Board/Model/Order/LuckyStarOrderCreator.lua	static name match; dynamic dispatch not included
Board.Model.Order.LuckyStarOrderCreator	109	Table.IsEmpty	Common.Utility.Table	code/Lua/decompiled/Board/Model/Order/LuckyStarOrderCreator.lua	static name match; dynamic dispatch not included
Board.Model.Order.LuckyStarOrderCreator	117	Table.IsEmpty	Common.Utility.Table	code/Lua/decompiled/Board/Model/Order/LuckyStarOrderCreator.lua	static name match; dynamic dispatch not included
Board.Model.Order.LuckyStarOrderCreator	195	Table.IsEmpty	Common.Utility.Table	code/Lua/decompiled/Board/Model/Order/LuckyStarOrderCreator.lua	static name match; dynamic dispatch not included
Board.Model.Order.LuckyStarOrderCreator	206	ItemDataModel.GetChainId	Board.Model.ItemDataModel	code/Lua/decompiled/Board/Model/Order/LuckyStarOrderCreator.lua	static name match; dynamic dispatch not included
Board.Model.Order.LuckyStarOrderCreator	209	ItemDataModel.GetChainId	Board.Model.ItemDataModel	code/Lua/decompiled/Board/Model/Order/LuckyStarOrderCreator.lua	static name match; dynamic dispatch not included
Board.Model.Order.LuckyStarOrderCreator	210	ItemDataModel.GetItemGenerators	Board.Model.ItemDataModel	code/Lua/decompiled/Board/Model/Order/LuckyStarOrderCreator.lua	static name match; dynamic dispatch not included
Board.Model.Order.LuckyStarOrderCreator	211	Table.IsEmpty	Common.Utility.Table	code/Lua/decompiled/Board/Model/Order/LuckyStarOrderCreator.lua	static name match; dynamic dispatch not included
Board.Model.Order.LuckyStarOrderCreator	213	StringUtil.StartWith	Common.Utility.StringUtil	code/Lua/decompiled/Board/Model/Order/LuckyStarOrderCreator.lua	static name match; dynamic dispatch not included
Board.Model.Order.LuckyStarOrderCreator	221	StringUtil.StartWith	Common.Utility.StringUtil	code/Lua/decompiled/Board/Model/Order/LuckyStarOrderCreator.lua	static name match; dynamic dispatch not included
Board.Model.Order.LuckyStarOrderCreator	224	ItemDataModel.GetItemGenerators	Board.Model.ItemDataModel	code/Lua/decompiled/Board/Model/Order/LuckyStarOrderCreator.lua	static name match; dynamic dispatch not included
Board.Model.Order.LuckyStarOrderCreator	225	Table.IsEmpty	Common.Utility.Table	code/Lua/decompiled/Board/Model/Order/LuckyStarOrderCreator.lua	static name match; dynamic dispatch not included
Board.Model.Order.LuckyStarOrderCreator	227	StringUtil.StartWith	Common.Utility.StringUtil	code/Lua/decompiled/Board/Model/Order/LuckyStarOrderCreator.lua	static name match; dynamic dispatch not included
Board.Model.Order.LuckyStarOrderCreator	228	ItemDataModel.GetChainId	Board.Model.ItemDataModel	code/Lua/decompiled/Board/Model/Order/LuckyStarOrderCreator.lua	static name match; dynamic dispatch not included
Board.Model.Order.LuckyStarOrderCreator	232	StringUtil.StartWith	Common.Utility.StringUtil	code/Lua/decompiled/Board/Model/Order/LuckyStarOrderCreator.lua	static name match; dynamic dispatch not included
Board.Model.Order.LuckyStarOrderCreator	240	ItemDataModel.IsRareItem	Board.Model.ItemDataModel	code/Lua/decompiled/Board/Model/Order/LuckyStarOrderCreator.lua	static name match; dynamic dispatch not included
Board.Model.Order.LuckyStarOrderCreator	245	ActivityManager.GetModel	Model.Activity.ActivityManager	code/Lua/decompiled/Board/Model/Order/LuckyStarOrderCreator.lua	static name match; dynamic dispatch not included
Board.Model.Order.LuckyStarOrderCreator	250	ActivityManager.GetModel	Model.Activity.ActivityManager	code/Lua/decompiled/Board/Model/Order/LuckyStarOrderCreator.lua	static name match; dynamic dispatch not included
Board.Model.Order.MainOrder	11	BaseOrder.Init	Board.Model.Order.BaseOrder	code/Lua/decompiled/Board/Model/Order/MainOrder.lua	static name match; dynamic dispatch not included
Board.Model.Order.MainOrder	71	Table.ListAppend	Common.Utility.Table	code/Lua/decompiled/Board/Model/Order/MainOrder.lua	static name match; dynamic dispatch not included
Board.Model.Order.MainOrder	78	ActivityManager.GetModel	Model.Activity.ActivityManager	code/Lua/decompiled/Board/Model/Order/MainOrder.lua	static name match; dynamic dispatch not included
Board.Model.Order.MainOrder	86	ActivityManager.GetModel	Model.Activity.ActivityManager	code/Lua/decompiled/Board/Model/Order/MainOrder.lua	static name match; dynamic dispatch not included
Board.Model.Order.MainOrder	94	ActivityManager.GetModel	Model.Activity.ActivityManager	code/Lua/decompiled/Board/Model/Order/MainOrder.lua	static name match; dynamic dispatch not included
Board.Model.Order.MainOrder	115	GameModel.GetServerTime	Model.GameModel	code/Lua/decompiled/Board/Model/Order/MainOrder.lua	static name match; dynamic dispatch not included
Board.Model.Order.MainOrder	118	GameModel.GetServerTime	Model.GameModel	code/Lua/decompiled/Board/Model/Order/MainOrder.lua	static name match; dynamic dispatch not included
Board.Model.Order.MainOrderCreator	26	LaneOrderCreator.GetScoreRange	Board.Model.Order.LaneOrderCreator	code/Lua/decompiled/Board/Model/Order/MainOrderCreator.lua	static name match; dynamic dispatch not included
Board.Model.Order.MainOrderCreator	32	LaneOrderCreator.UpdatePolarity	Board.Model.Order.LaneOrderCreator	code/Lua/decompiled/Board/Model/Order/MainOrderCreator.lua	static name match; dynamic dispatch not included
Board.Model.Order.MainOrderCreator	33	LaneOrderCreator.CalcReward	Board.Model.Order.LaneOrderCreator	code/Lua/decompiled/Board/Model/Order/MainOrderCreator.lua	static name match; dynamic dispatch not included
Board.Model.Order.MainOrderCreator	39	ItemDataModel.GetUnlockedMainGenerator	Board.Model.ItemDataModel	code/Lua/decompiled/Board/Model/Order/MainOrderCreator.lua	static name match; dynamic dispatch not included
Board.Model.Order.MainOrderCreator	49	Table.ListAppend	Common.Utility.Table	code/Lua/decompiled/Board/Model/Order/MainOrderCreator.lua	static name match; dynamic dispatch not included
Board.Model.Order.MainOrderCreator	64	Table.ListAppend	Common.Utility.Table	code/Lua/decompiled/Board/Model/Order/MainOrderCreator.lua	static name match; dynamic dispatch not included
Board.Model.Order.MainOrderCreator	108	Table.ShallowCopy	Common.Utility.Table	code/Lua/decompiled/Board/Model/Order/MainOrderCreator.lua	static name match; dynamic dispatch not included
Board.Model.Order.MainOrderCreator	125	ConfigModel.IsServerControlOpen	Model.ConfigModel	code/Lua/decompiled/Board/Model/Order/MainOrderCreator.lua	static name match; dynamic dispatch not included
Board.Model.Order.MainOrderCreator	168	ItemDataModel.IsFreeItem	Board.Model.ItemDataModel	code/Lua/decompiled/Board/Model/Order/MainOrderCreator.lua	static name match; dynamic dispatch not included
Board.Model.Order.MainOrderCreator	206	Table.IsEmpty	Common.Utility.Table	code/Lua/decompiled/Board/Model/Order/MainOrderCreator.lua	static name match; dynamic dispatch not included
Board.Model.Order.MainOrderCreator	210	Table.IsEmpty	Common.Utility.Table	code/Lua/decompiled/Board/Model/Order/MainOrderCreator.lua	static name match; dynamic dispatch not included
Board.Model.Order.MainOrderCreator	266	ItemDataModel.IsFreeItem	Board.Model.ItemDataModel	code/Lua/decompiled/Board/Model/Order/MainOrderCreator.lua	static name match; dynamic dispatch not included
Board.Model.Order.MainOrderCreator	275	ItemDataModel.GetChainId	Board.Model.ItemDataModel	code/Lua/decompiled/Board/Model/Order/MainOrderCreator.lua	static name match; dynamic dispatch not included
Board.Model.Order.MainOrderCreator	288	Table.ListAppend	Common.Utility.Table	code/Lua/decompiled/Board/Model/Order/MainOrderCreator.lua	static name match; dynamic dispatch not included
Board.Model.Order.MainOrderCreator	300	ItemDataModel.GetChainId	Board.Model.ItemDataModel	code/Lua/decompiled/Board/Model/Order/MainOrderCreator.lua	static name match; dynamic dispatch not included
Board.Model.Order.MainOrderCreator	317	ItemDataModel.GetChainId	Board.Model.ItemDataModel	code/Lua/decompiled/Board/Model/Order/MainOrderCreator.lua	static name match; dynamic dispatch not included
Board.Model.Order.MainOrderCreator	330	ItemDataModel.GetItemRewardIndex	Board.Model.ItemDataModel	code/Lua/decompiled/Board/Model/Order/MainOrderCreator.lua	static name match; dynamic dispatch not included
Board.Model.Order.MainOrderCreator	335	ItemDataModel.GetItemGenerators	Board.Model.ItemDataModel	code/Lua/decompiled/Board/Model/Order/MainOrderCreator.lua	static name match; dynamic dispatch not included
Board.Model.Order.MainOrderCreator	349	MainBoardModel.GetItemsCount	Board.Model.Board.MainBoardModel	code/Lua/decompiled/Board/Model/Order/MainOrderCreator.lua	static name match; dynamic dispatch not included
Board.Model.Order.MainOrderCreator	361	ItemDataModel.GetChainId	Board.Model.ItemDataModel	code/Lua/decompiled/Board/Model/Order/MainOrderCreator.lua	static name match; dynamic dispatch not included
Board.Model.Order.MainOrderCreator	363	Table.ListContain	Common.Utility.Table	code/Lua/decompiled/Board/Model/Order/MainOrderCreator.lua	static name match; dynamic dispatch not included
Board.Model.Order.MainOrderCreator	374	ActivityManager.GetModel	Model.Activity.ActivityManager	code/Lua/decompiled/Board/Model/Order/MainOrderCreator.lua	static name match; dynamic dispatch not included
Board.Model.Order.MainOrderCreator	405	Table.ListContain	Common.Utility.Table	code/Lua/decompiled/Board/Model/Order/MainOrderCreator.lua	static name match; dynamic dispatch not included
Board.Model.Order.MainOrderCreator	405	ItemChainHelper.CanBalanceBrotherItem	Board.Model.Board.ItemChainHelper	code/Lua/decompiled/Board/Model/Order/MainOrderCreator.lua	static name match; dynamic dispatch not included
Board.Model.Order.MainOrderCreator	405	ItemDataModel.IsFreeItem	Board.Model.ItemDataModel	code/Lua/decompiled/Board/Model/Order/MainOrderCreator.lua	static name match; dynamic dispatch not included
Board.Model.Order.MainOrderCreator	406	ItemChainHelper.GetBrotherChainItems	Board.Model.Board.ItemChainHelper	code/Lua/decompiled/Board/Model/Order/MainOrderCreator.lua	static name match; dynamic dispatch not included
Board.Model.Order.MainOrderCreator	432	GameConfig.IsTestMode	Common.GameConfig	code/Lua/decompiled/Board/Model/Order/MainOrderCreator.lua	static name match; dynamic dispatch not included
Board.Model.Order.MainOrderCreator	433	Table.ListContain	Common.Utility.Table	code/Lua/decompiled/Board/Model/Order/MainOrderCreator.lua	static name match; dynamic dispatch not included
Board.Model.Order.MainOrderCreator	433	ItemChainHelper.CanBalanceBrotherItem	Board.Model.Board.ItemChainHelper	code/Lua/decompiled/Board/Model/Order/MainOrderCreator.lua	static name match; dynamic dispatch not included
Board.Model.Order.MainOrderCreator	433	ItemDataModel.IsFreeItem	Board.Model.ItemDataModel	code/Lua/decompiled/Board/Model/Order/MainOrderCreator.lua	static name match; dynamic dispatch not included
Board.Model.Order.MainOrderCreator	502	Table.GetKeys	Common.Utility.Table	code/Lua/decompiled/Board/Model/Order/MainOrderCreator.lua	static name match; dynamic dispatch not included
Board.Model.Order.MainOrderCreator	502	Table.GetKeys	Common.Utility.Table	code/Lua/decompiled/Board/Model/Order/MainOrderCreator.lua	static name match; dynamic dispatch not included
Board.Model.Order.MainOrderCreator	510	ItemDataModel.GetChainId	Board.Model.ItemDataModel	code/Lua/decompiled/Board/Model/Order/MainOrderCreator.lua	static name match; dynamic dispatch not included
Board.Model.Order.MainOrderCreator	512	ItemDataModel.GetChainLevel	Board.Model.ItemDataModel	code/Lua/decompiled/Board/Model/Order/MainOrderCreator.lua	static name match; dynamic dispatch not included
Board.Model.Order.MainOrderCreator	519	ItemDataModel.GetChainMaxLevel	Board.Model.ItemDataModel	code/Lua/decompiled/Board/Model/Order/MainOrderCreator.lua	static name match; dynamic dispatch not included
Board.Model.Order.MainOrderCreator	522	ItemUtility.GetItemCode	Board.Model.ItemUtility	code/Lua/decompiled/Board/Model/Order/MainOrderCreator.lua	static name match; dynamic dispatch not included
Board.Model.Order.MainOrderCreator	539	ItemDataModel.GetChainId	Board.Model.ItemDataModel	code/Lua/decompiled/Board/Model/Order/MainOrderCreator.lua	static name match; dynamic dispatch not included
Board.Model.Order.MainOrderCreator	546	MainBoardModel.GetOrderModel	Board.Model.Board.MainBoardModel	code/Lua/decompiled/Board/Model/Order/MainOrderCreator.lua	static name match; dynamic dispatch not included
Board.Model.Order.MainOrderCreator	570	ItemDataModel.GetUnlockedMainGenerator	Board.Model.ItemDataModel	code/Lua/decompiled/Board/Model/Order/MainOrderCreator.lua	static name match; dynamic dispatch not included
Board.Model.Order.MainOrderCreator	584	ItemDataModel.GetUnlockedMainGenerator	Board.Model.ItemDataModel	code/Lua/decompiled/Board/Model/Order/MainOrderCreator.lua	static name match; dynamic dispatch not included
Board.Model.Order.MainOrderCreator	595	Table.ListAppend	Common.Utility.Table	code/Lua/decompiled/Board/Model/Order/MainOrderCreator.lua	static name match; dynamic dispatch not included
Board.Model.Order.MainOrderModel	18	BaseOrderModel.Init	Board.Model.Order.BaseOrderModel	code/Lua/decompiled/Board/Model/Order/MainOrderModel.lua	static name match; dynamic dispatch not included
Board.Model.Order.MainOrderModel	22	DBIdGenerator.Create	Model.DB.DBIdGenerator	code/Lua/decompiled/Board/Model/Order/MainOrderModel.lua	static name match; dynamic dispatch not included
Board.Model.Order.MainOrderModel	34	BaseOrderModel.OnSyncDataFinished	Board.Model.Order.BaseOrderModel	code/Lua/decompiled/Board/Model/Order/MainOrderModel.lua	static name match; dynamic dispatch not included
Board.Model.Order.MainOrderModel	38	StringUtil.EndWith	Common.Utility.StringUtil	code/Lua/decompiled/Board/Model/Order/MainOrderModel.lua	static name match; dynamic dispatch not included
Board.Model.Order.MainOrderModel	52	ConfigModel.GetNewUserOrderChangeLevel	Model.ConfigModel	code/Lua/decompiled/Board/Model/Order/MainOrderModel.lua	static name match; dynamic dispatch not included
Board.Model.Order.MainOrderModel	61	BaseOrderModel.UpdatePerSecond	Board.Model.Order.BaseOrderModel	code/Lua/decompiled/Board/Model/Order/MainOrderModel.lua	static name match; dynamic dispatch not included
Board.Model.Order.MainOrderModel	75	Table.IsEmpty	Common.Utility.Table	code/Lua/decompiled/Board/Model/Order/MainOrderModel.lua	static name match; dynamic dispatch not included
Board.Model.Order.MainOrderModel	76	Table.GetKeys	Common.Utility.Table	code/Lua/decompiled/Board/Model/Order/MainOrderModel.lua	static name match; dynamic dispatch not included
Board.Model.Order.MainOrderModel	77	GameModel.GetServerTime	Model.GameModel	code/Lua/decompiled/Board/Model/Order/MainOrderModel.lua	static name match; dynamic dispatch not included
Board.Model.Order.MainOrderModel	88	ConfigModel.GetLocalConfig	Model.ConfigModel	code/Lua/decompiled/Board/Model/Order/MainOrderModel.lua	static name match; dynamic dispatch not included
Board.Model.Order.MainOrderModel	92	ConfigModel.GetLocalConfig	Model.ConfigModel	code/Lua/decompiled/Board/Model/Order/MainOrderModel.lua	static name match; dynamic dispatch not included
Board.Model.Order.MainOrderModel	121	ConfigModel.GetServerConfigMD5	Model.ConfigModel	code/Lua/decompiled/Board/Model/Order/MainOrderModel.lua	static name match; dynamic dispatch not included
Board.Model.Order.MainOrderModel	125	ConfigModel.GetServerConfig	Model.ConfigModel	code/Lua/decompiled/Board/Model/Order/MainOrderModel.lua	static name match; dynamic dispatch not included
Board.Model.Order.MainOrderModel	132	Table.IsEmpty	Common.Utility.Table	code/Lua/decompiled/Board/Model/Order/MainOrderModel.lua	static name match; dynamic dispatch not included
Board.Model.Order.MainOrderModel	140	Table.ShallowCopy	Common.Utility.Table	code/Lua/decompiled/Board/Model/Order/MainOrderModel.lua	static name match; dynamic dispatch not included
Board.Model.Order.MainOrderModel	161	GameConfig.IsTestMode	Common.GameConfig	code/Lua/decompiled/Board/Model/Order/MainOrderModel.lua	static name match; dynamic dispatch not included
Board.Model.Order.MainOrderModel	166	ConfigModel.IsServerControlOpen	Model.ConfigModel	code/Lua/decompiled/Board/Model/Order/MainOrderModel.lua	static name match; dynamic dispatch not included
Board.Model.Order.MainOrderModel	183	ConfigModel.GetLocalConfig	Model.ConfigModel	code/Lua/decompiled/Board/Model/Order/MainOrderModel.lua	static name match; dynamic dispatch not included
Board.Model.Order.MainOrderModel	184	ConfigModel.GetLocalConfig	Model.ConfigModel	code/Lua/decompiled/Board/Model/Order/MainOrderModel.lua	static name match; dynamic dispatch not included
Board.Model.Order.MainOrderModel	186	ConfigModel.GetLocalConfig	Model.ConfigModel	code/Lua/decompiled/Board/Model/Order/MainOrderModel.lua	static name match; dynamic dispatch not included
Board.Model.Order.MainOrderModel	188	ConfigModel.GetLocalConfig	Model.ConfigModel	code/Lua/decompiled/Board/Model/Order/MainOrderModel.lua	static name match; dynamic dispatch not included
Board.Model.Order.MainOrderModel	190	ConfigModel.GetLocalConfig	Model.ConfigModel	code/Lua/decompiled/Board/Model/Order/MainOrderModel.lua	static name match; dynamic dispatch not included
Board.Model.Order.MainOrderModel	197	ConfigModel.GetLocalConfig	Model.ConfigModel	code/Lua/decompiled/Board/Model/Order/MainOrderModel.lua	static name match; dynamic dispatch not included
Board.Model.Order.MainOrderModel	215	ItemDataModel.GetChainId	Board.Model.ItemDataModel	code/Lua/decompiled/Board/Model/Order/MainOrderModel.lua	static name match; dynamic dispatch not included
Board.Model.Order.MainOrderModel	217	ItemDataModel.GetChainGenerator	Board.Model.ItemDataModel	code/Lua/decompiled/Board/Model/Order/MainOrderModel.lua	static name match; dynamic dispatch not included
Board.Model.Order.MainOrderModel	221	Table.ListContain	Common.Utility.Table	code/Lua/decompiled/Board/Model/Order/MainOrderModel.lua	static name match; dynamic dispatch not included
Board.Model.Order.MainOrderModel	236	BaseOrderModel.LateInit	Board.Model.Order.BaseOrderModel	code/Lua/decompiled/Board/Model/Order/MainOrderModel.lua	static name match; dynamic dispatch not included
Board.Model.Order.MainOrderModel	237	EventDispatcher.AddListener	Common.Event.EventDispatcher	code/Lua/decompiled/Board/Model/Order/MainOrderModel.lua	static name match; dynamic dispatch not included
Board.Model.Order.MainOrderModel	238	EventDispatcher.AddListener	Common.Event.EventDispatcher	code/Lua/decompiled/Board/Model/Order/MainOrderModel.lua	static name match; dynamic dispatch not included
Board.Model.Order.MainOrderModel	239	EventDispatcher.AddListener	Common.Event.EventDispatcher	code/Lua/decompiled/Board/Model/Order/MainOrderModel.lua	static name match; dynamic dispatch not included
Board.Model.Order.MainOrderModel	240	EventDispatcher.AddListener	Common.Event.EventDispatcher	code/Lua/decompiled/Board/Model/Order/MainOrderModel.lua	static name match; dynamic dispatch not included
Board.Model.Order.MainOrderModel	241	EventDispatcher.AddListener	Common.Event.EventDispatcher	code/Lua/decompiled/Board/Model/Order/MainOrderModel.lua	static name match; dynamic dispatch not included
Board.Model.Order.MainOrderModel	242	EventDispatcher.AddListener	Common.Event.EventDispatcher	code/Lua/decompiled/Board/Model/Order/MainOrderModel.lua	static name match; dynamic dispatch not included
Board.Model.Order.MainOrderModel	243	EventDispatcher.AddListener	Common.Event.EventDispatcher	code/Lua/decompiled/Board/Model/Order/MainOrderModel.lua	static name match; dynamic dispatch not included
Board.Model.Order.MainOrderModel	244	EventDispatcher.AddListener	Common.Event.EventDispatcher	code/Lua/decompiled/Board/Model/Order/MainOrderModel.lua	static name match; dynamic dispatch not included
Board.Model.Order.MainOrderModel	245	EventDispatcher.AddListener	Common.Event.EventDispatcher	code/Lua/decompiled/Board/Model/Order/MainOrderModel.lua	static name match; dynamic dispatch not included
Board.Model.Order.MainOrderModel	247	EventDispatcher.AddListener	Common.Event.EventDispatcher	code/Lua/decompiled/Board/Model/Order/MainOrderModel.lua	static name match; dynamic dispatch not included
Board.Model.Order.MainOrderModel	248	EventDispatcher.AddListener	Common.Event.EventDispatcher	code/Lua/decompiled/Board/Model/Order/MainOrderModel.lua	static name match; dynamic dispatch not included
Board.Model.Order.MainOrderModel	251	EventDispatcher.AddListener	Common.Event.EventDispatcher	code/Lua/decompiled/Board/Model/Order/MainOrderModel.lua	static name match; dynamic dispatch not included
Board.Model.Order.MainOrderModel	252	EventDispatcher.AddListener	Common.Event.EventDispatcher	code/Lua/decompiled/Board/Model/Order/MainOrderModel.lua	static name match; dynamic dispatch not included
Board.Model.Order.MainOrderModel	254	EventDispatcher.AddListener	Common.Event.EventDispatcher	code/Lua/decompiled/Board/Model/Order/MainOrderModel.lua	static name match; dynamic dispatch not included
Board.Model.Order.MainOrderModel	255	EventDispatcher.AddListener	Common.Event.EventDispatcher	code/Lua/decompiled/Board/Model/Order/MainOrderModel.lua	static name match; dynamic dispatch not included
Board.Model.Order.MainOrderModel	256	EventDispatcher.AddListener	Common.Event.EventDispatcher	code/Lua/decompiled/Board/Model/Order/MainOrderModel.lua	static name match; dynamic dispatch not included
Board.Model.Order.MainOrderModel	257	EventDispatcher.AddListener	Common.Event.EventDispatcher	code/Lua/decompiled/Board/Model/Order/MainOrderModel.lua	static name match; dynamic dispatch not included
Board.Model.Order.MainOrderModel	258	EventDispatcher.AddListener	Common.Event.EventDispatcher	code/Lua/decompiled/Board/Model/Order/MainOrderModel.lua	static name match; dynamic dispatch not included
Board.Model.Order.MainOrderModel	259	EventDispatcher.AddListener	Common.Event.EventDispatcher	code/Lua/decompiled/Board/Model/Order/MainOrderModel.lua	static name match; dynamic dispatch not included
Board.Model.Order.MainOrderModel	260	EventDispatcher.AddListener	Common.Event.EventDispatcher	code/Lua/decompiled/Board/Model/Order/MainOrderModel.lua	static name match; dynamic dispatch not included
Board.Model.Order.MainOrderModel	262	EventDispatcher.AddListener	Common.Event.EventDispatcher	code/Lua/decompiled/Board/Model/Order/MainOrderModel.lua	static name match; dynamic dispatch not included
Board.Model.Order.MainOrderModel	265	EventDispatcher.AddListener	Common.Event.EventDispatcher	code/Lua/decompiled/Board/Model/Order/MainOrderModel.lua	static name match; dynamic dispatch not included
Board.Model.Order.MainOrderModel	269	EventDispatcher.AddListener	Common.Event.EventDispatcher	code/Lua/decompiled/Board/Model/Order/MainOrderModel.lua	static name match; dynamic dispatch not included
Board.Model.Order.MainOrderModel	273	EventDispatcher.AddListener	Common.Event.EventDispatcher	code/Lua/decompiled/Board/Model/Order/MainOrderModel.lua	static name match; dynamic dispatch not included
Board.Model.Order.MainOrderModel	274	EventDispatcher.AddListener	Common.Event.EventDispatcher	code/Lua/decompiled/Board/Model/Order/MainOrderModel.lua	static name match; dynamic dispatch not included
Board.Model.Order.MainOrderModel	277	EventDispatcher.AddListener	Common.Event.EventDispatcher	code/Lua/decompiled/Board/Model/Order/MainOrderModel.lua	static name match; dynamic dispatch not included
Board.Model.Order.MainOrderModel	280	EventDispatcher.AddListener	Common.Event.EventDispatcher	code/Lua/decompiled/Board/Model/Order/MainOrderModel.lua	static name match; dynamic dispatch not included
Board.Model.Order.MainOrderModel	282	EventDispatcher.AddListener	Common.Event.EventDispatcher	code/Lua/decompiled/Board/Model/Order/MainOrderModel.lua	static name match; dynamic dispatch not included
Board.Model.Order.MainOrderModel	283	EventDispatcher.AddListener	Common.Event.EventDispatcher	code/Lua/decompiled/Board/Model/Order/MainOrderModel.lua	static name match; dynamic dispatch not included
Board.Model.Order.MainOrderModel	290	ConfigModel.IsServerControlOpen	Model.ConfigModel	code/Lua/decompiled/Board/Model/Order/MainOrderModel.lua	static name match; dynamic dispatch not included
Board.Model.Order.MainOrderModel	299	ActivityManager.GetModel	Model.Activity.ActivityManager	code/Lua/decompiled/Board/Model/Order/MainOrderModel.lua	static name match; dynamic dispatch not included
Board.Model.Order.MainOrderModel	308	SceneManager.GetGameMode	Model.SceneManager	code/Lua/decompiled/Board/Model/Order/MainOrderModel.lua	static name match; dynamic dispatch not included
Board.Model.Order.MainOrderModel	314	GameConfig.IsTestMode	Common.GameConfig	code/Lua/decompiled/Board/Model/Order/MainOrderModel.lua	static name match; dynamic dispatch not included
Board.Model.Order.MainOrderModel	315	ConfigModel.GetNewUserOrderMaxLevel	Model.ConfigModel	code/Lua/decompiled/Board/Model/Order/MainOrderModel.lua	static name match; dynamic dispatch not included
Board.Model.Order.MainOrderModel	316	ConfigModel.GetNewUserOrderChangeLevel	Model.ConfigModel	code/Lua/decompiled/Board/Model/Order/MainOrderModel.lua	static name match; dynamic dispatch not included
Board.Model.Order.MainOrderModel	326	BaseOrderModel._OnItemUnlocked	Board.Model.Order.BaseOrderModel	code/Lua/decompiled/Board/Model/Order/MainOrderModel.lua	static name match; dynamic dispatch not included
Board.Model.Order.MainOrderModel	331	SceneManager.GetGameMode	Model.SceneManager	code/Lua/decompiled/Board/Model/Order/MainOrderModel.lua	static name match; dynamic dispatch not included
Board.Model.Order.MainOrderModel	340	SceneManager.GetGameMode	Model.SceneManager	code/Lua/decompiled/Board/Model/Order/MainOrderModel.lua	static name match; dynamic dispatch not included
Board.Model.Order.MainOrderModel	349	MiscModel.GetBIOrderReportDayInNumber	Model.UserData.MiscModel	code/Lua/decompiled/Board/Model/Order/MainOrderModel.lua	static name match; dynamic dispatch not included
Board.Model.Order.MainOrderModel	350	GameModel.GetServerDay	Model.GameModel	code/Lua/decompiled/Board/Model/Order/MainOrderModel.lua	static name match; dynamic dispatch not included
Board.Model.Order.MainOrderModel	353	MiscModel.SetBIOrderReportDay	Model.UserData.MiscModel	code/Lua/decompiled/Board/Model/Order/MainOrderModel.lua	static name match; dynamic dispatch not included
Board.Model.Order.MainOrderModel	358	ConfigModel.ParseGeneralConf	Model.ConfigModel	code/Lua/decompiled/Board/Model/Order/MainOrderModel.lua	static name match; dynamic dispatch not included
Board.Model.Order.MainOrderModel	359	UserModel.IsReturnUser	Model.UserData.UserModel	code/Lua/decompiled/Board/Model/Order/MainOrderModel.lua	static name match; dynamic dispatch not included
Board.Model.Order.MainOrderModel	363	UserModel.CanGiveRewards	Model.UserData.UserModel	code/Lua/decompiled/Board/Model/Order/MainOrderModel.lua	static name match; dynamic dispatch not included
Board.Model.Order.MainOrderModel	379	ConfigModel.IsServerControlOpen	Model.ConfigModel	code/Lua/decompiled/Board/Model/Order/MainOrderModel.lua	static name match; dynamic dispatch not included
Board.Model.Order.MainOrderModel	391	GameModel.GetServerDay	Model.GameModel	code/Lua/decompiled/Board/Model/Order/MainOrderModel.lua	static name match; dynamic dispatch not included
Board.Model.Order.MainOrderModel	394	ReturningOrderCreator.Create	Board.Model.Order.ReturningOrderCreator	code/Lua/decompiled/Board/Model/Order/MainOrderModel.lua	static name match; dynamic dispatch not included
Board.Model.Order.MainOrderModel	399	EventDispatcher.DispatchEvent	Common.Event.EventDispatcher	code/Lua/decompiled/Board/Model/Order/MainOrderModel.lua	static name match; dynamic dispatch not included
Board.Model.Order.MainOrderModel	410	MainBoardModel.GetItemManager	Board.Model.Board.MainBoardModel	code/Lua/decompiled/Board/Model/Order/MainOrderModel.lua	static name match; dynamic dispatch not included
Board.Model.Order.MainOrderModel	412	ItemDataModel.GetUnlockedMainGenerator	Board.Model.ItemDataModel	code/Lua/decompiled/Board/Model/Order/MainOrderModel.lua	static name match; dynamic dispatch not included
Board.Model.Order.MainOrderModel	430	ReturningOrderCreator.RemoveOneItemFromInfoMap	Board.Model.Order.ReturningOrderCreator	code/Lua/decompiled/Board/Model/Order/MainOrderModel.lua	static name match; dynamic dispatch not included
Board.Model.Order.MainOrderModel	451	EventDispatcher.DispatchEvent	Common.Event.EventDispatcher	code/Lua/decompiled/Board/Model/Order/MainOrderModel.lua	static name match; dynamic dispatch not included
Board.Model.Order.MainOrderModel	456	EventDispatcher.DispatchEvent	Common.Event.EventDispatcher	code/Lua/decompiled/Board/Model/Order/MainOrderModel.lua	static name match; dynamic dispatch not included
Board.Model.Order.MainOrderModel	460	EventDispatcher.RemoveTarget	Common.Event.EventDispatcher	code/Lua/decompiled/Board/Model/Order/MainOrderModel.lua	static name match; dynamic dispatch not included
Board.Model.Order.MainOrderModel	461	Scheduler.UnscheduleTarget	Common.Utility.Scheduler	code/Lua/decompiled/Board/Model/Order/MainOrderModel.lua	static name match; dynamic dispatch not included
Board.Model.Order.MainOrderModel	468	StringUtil.IsNilOrEmpty	Common.Utility.StringUtil	code/Lua/decompiled/Board/Model/Order/MainOrderModel.lua	static name match; dynamic dispatch not included
Board.Model.Order.MainOrderModel	469	StringUtil.Split	Common.Utility.StringUtil	code/Lua/decompiled/Board/Model/Order/MainOrderModel.lua	static name match; dynamic dispatch not included
Board.Model.Order.MainOrderModel	471	CurtainCallOrder.Create	Board.Model.Order.CurtainCallOrder	code/Lua/decompiled/Board/Model/Order/MainOrderModel.lua	static name match; dynamic dispatch not included
Board.Model.Order.MainOrderModel	475	ItemUtility.CheckData	Board.Model.ItemUtility	code/Lua/decompiled/Board/Model/Order/MainOrderModel.lua	static name match; dynamic dispatch not included
Board.Model.Order.MainOrderModel	481	MainOrder.Create	Board.Model.Order.MainOrder	code/Lua/decompiled/Board/Model/Order/MainOrderModel.lua	static name match; dynamic dispatch not included
Board.Model.Order.MainOrderModel	481	StringUtil.Split	Common.Utility.StringUtil	code/Lua/decompiled/Board/Model/Order/MainOrderModel.lua	static name match; dynamic dispatch not included
Board.Model.Order.MainOrderModel	509	ConfigModel.IsServerControlOpen	Model.ConfigModel	code/Lua/decompiled/Board/Model/Order/MainOrderModel.lua	static name match; dynamic dispatch not included
Board.Model.Order.MainOrderModel	509	ConfigModel.IsServerControlOpen	Model.ConfigModel	code/Lua/decompiled/Board/Model/Order/MainOrderModel.lua	static name match; dynamic dispatch not included
Board.Model.Order.MainOrderModel	516	LaneOrderCreator.Create	Board.Model.Order.LaneOrderCreator	code/Lua/decompiled/Board/Model/Order/MainOrderModel.lua	static name match; dynamic dispatch not included
Board.Model.Order.MainOrderModel	521	EventDispatcher.DispatchEvent	Common.Event.EventDispatcher	code/Lua/decompiled/Board/Model/Order/MainOrderModel.lua	static name match; dynamic dispatch not included
Board.Model.Order.MainOrderModel	529	ActivityManager.GetModel	Model.Activity.ActivityManager	code/Lua/decompiled/Board/Model/Order/MainOrderModel.lua	static name match; dynamic dispatch not included
Board.Model.Order.MainOrderModel	537	ActivityManager.GetModel	Model.Activity.ActivityManager	code/Lua/decompiled/Board/Model/Order/MainOrderModel.lua	static name match; dynamic dispatch not included
Board.Model.Order.MainOrderModel	550	ConfigModel.IsServerControlOpen	Model.ConfigModel	code/Lua/decompiled/Board/Model/Order/MainOrderModel.lua	static name match; dynamic dispatch not included
Board.Model.Order.MainOrderModel	559	LaneOrderCreator.Create	Board.Model.Order.LaneOrderCreator	code/Lua/decompiled/Board/Model/Order/MainOrderModel.lua	static name match; dynamic dispatch not included
Board.Model.Order.MainOrderModel	564	EventDispatcher.DispatchEvent	Common.Event.EventDispatcher	code/Lua/decompiled/Board/Model/Order/MainOrderModel.lua	static name match; dynamic dispatch not included
Board.Model.Order.MainOrderModel	597	ItemDataModel.IsItemMaxLevel	Board.Model.ItemDataModel	code/Lua/decompiled/Board/Model/Order/MainOrderModel.lua	static name match; dynamic dispatch not included
Board.Model.Order.MainOrderModel	607	ActivityManager.GetAllUnFinishedOrders	Model.Activity.ActivityManager	code/Lua/decompiled/Board/Model/Order/MainOrderModel.lua	static name match; dynamic dispatch not included
Board.Model.Order.MainOrderModel	620	ActivityManager.GetModel	Model.Activity.ActivityManager	code/Lua/decompiled/Board/Model/Order/MainOrderModel.lua	static name match; dynamic dispatch not included
Board.Model.Order.MainOrderModel	672	LuckyStarOrderCreator.CanCreate	Board.Model.Order.LuckyStarOrderCreator	code/Lua/decompiled/Board/Model/Order/MainOrderModel.lua	static name match; dynamic dispatch not included
Board.Model.Order.MainOrderModel	674	LuckyStarOrderCreator.Create	Board.Model.Order.LuckyStarOrderCreator	code/Lua/decompiled/Board/Model/Order/MainOrderModel.lua	static name match; dynamic dispatch not included
Board.Model.Order.MainOrderModel	685	MiscModel.Get	Model.UserData.MiscModel	code/Lua/decompiled/Board/Model/Order/MainOrderModel.lua	static name match; dynamic dispatch not included
Board.Model.Order.MainOrderModel	686	StringUtil.IsNilOrEmpty	Common.Utility.StringUtil	code/Lua/decompiled/Board/Model/Order/MainOrderModel.lua	static name match; dynamic dispatch not included
Board.Model.Order.MainOrderModel	689	StringUtil.Split	Common.Utility.StringUtil	code/Lua/decompiled/Board/Model/Order/MainOrderModel.lua	static name match; dynamic dispatch not included
Board.Model.Order.MainOrderModel	697	Table.ListContain	Common.Utility.Table	code/Lua/decompiled/Board/Model/Order/MainOrderModel.lua	static name match; dynamic dispatch not included
Board.Model.Order.MainOrderModel	701	ConfigModel.IsServerControlOpen	Model.ConfigModel	code/Lua/decompiled/Board/Model/Order/MainOrderModel.lua	static name match; dynamic dispatch not included
Board.Model.Order.MainOrderModel	707	CurtainCallOrderCreator.Create	Board.Model.Order.CurtainCallOrderCreator	code/Lua/decompiled/Board/Model/Order/MainOrderModel.lua	static name match; dynamic dispatch not included
Board.Model.Order.MainOrderModel	708	Table.IsEmpty	Common.Utility.Table	code/Lua/decompiled/Board/Model/Order/MainOrderModel.lua	static name match; dynamic dispatch not included
Board.Model.Order.MainOrderModel	709	MiscModel.Get	Model.UserData.MiscModel	code/Lua/decompiled/Board/Model/Order/MainOrderModel.lua	static name match; dynamic dispatch not included
Board.Model.Order.MainOrderModel	719	ItemUtility.GetItemCode	Board.Model.ItemUtility	code/Lua/decompiled/Board/Model/Order/MainOrderModel.lua	static name match; dynamic dispatch not included
Board.Model.Order.MainOrderModel	719	ItemDataModel.GetChainUnlockedLevel	Board.Model.ItemDataModel	code/Lua/decompiled/Board/Model/Order/MainOrderModel.lua	static name match; dynamic dispatch not included
Board.Model.Order.MainOrderModel	720	ItemDataModel.GetModelConfig	Board.Model.ItemDataModel	code/Lua/decompiled/Board/Model/Order/MainOrderModel.lua	static name match; dynamic dispatch not included
Board.Model.Order.MainOrderModel	726	MiscModel.Set	Model.UserData.MiscModel	code/Lua/decompiled/Board/Model/Order/MainOrderModel.lua	static name match; dynamic dispatch not included
Board.Model.Order.MainOrderModel	727	MiscModel.Set	Model.UserData.MiscModel	code/Lua/decompiled/Board/Model/Order/MainOrderModel.lua	static name match; dynamic dispatch not included
Board.Model.Order.MainOrderModel	730	TutorialModel.HasAnyStrongTutorialOngoing	Model.Tutorial.TutorialModel	code/Lua/decompiled/Board/Model/Order/MainOrderModel.lua	static name match; dynamic dispatch not included
Board.Model.Order.MainOrderModel	730	SceneManager.GetGameMode	Model.SceneManager	code/Lua/decompiled/Board/Model/Order/MainOrderModel.lua	static name match; dynamic dispatch not included
Board.Model.Order.MainOrderModel	734	EventDispatcher.DispatchEvent	Common.Event.EventDispatcher	code/Lua/decompiled/Board/Model/Order/MainOrderModel.lua	static name match; dynamic dispatch not included
Board.Model.Order.MainOrderModel	735	Scheduler.Unschedule	Common.Utility.Scheduler	code/Lua/decompiled/Board/Model/Order/MainOrderModel.lua	static name match; dynamic dispatch not included
Board.Model.Order.MainOrderModel	740	Scheduler.Schedule	Common.Utility.Scheduler	code/Lua/decompiled/Board/Model/Order/MainOrderModel.lua	static name match; dynamic dispatch not included
Board.Model.Order.MainOrderModel	742	Scheduler.Schedule	Common.Utility.Scheduler	code/Lua/decompiled/Board/Model/Order/MainOrderModel.lua	static name match; dynamic dispatch not included
Board.Model.Order.MainOrderModel	766	ItemDataModel.GetChainId	Board.Model.ItemDataModel	code/Lua/decompiled/Board/Model/Order/MainOrderModel.lua	static name match; dynamic dispatch not included
Board.Model.Order.MainOrderModel	768	ItemDataModel.GetChainGenerator	Board.Model.ItemDataModel	code/Lua/decompiled/Board/Model/Order/MainOrderModel.lua	static name match; dynamic dispatch not included
Board.Model.Order.MainOrderModel	776	BaseOrderModel.FinishOrder	Board.Model.Order.BaseOrderModel	code/Lua/decompiled/Board/Model/Order/MainOrderModel.lua	static name match; dynamic dispatch not included
Board.Model.Order.MainOrderModel	778	EventDispatcher.DispatchEvent	Common.Event.EventDispatcher	code/Lua/decompiled/Board/Model/Order/MainOrderModel.lua	static name match; dynamic dispatch not included
Board.Model.Order.MainOrderModel	780	EventDispatcher.DispatchEvent	Common.Event.EventDispatcher	code/Lua/decompiled/Board/Model/Order/MainOrderModel.lua	static name match; dynamic dispatch not included
Board.Model.Order.MainOrderModel	785	BaseOrderModel._TryFillOrders	Board.Model.Order.BaseOrderModel	code/Lua/decompiled/Board/Model/Order/MainOrderModel.lua	static name match; dynamic dispatch not included
Board.Model.Order.MainOrderModel	797	ConfigModel.GetNewUserOrderChangeLevel	Model.ConfigModel	code/Lua/decompiled/Board/Model/Order/MainOrderModel.lua	static name match; dynamic dispatch not included
Board.Model.Order.MainOrderModel	829	BaseOrderModel.RefreshOrder	Board.Model.Order.BaseOrderModel	code/Lua/decompiled/Board/Model/Order/MainOrderModel.lua	static name match; dynamic dispatch not included
Board.Model.Order.MainOrderModel	834	BaseOrderModel._TryRefreshOrder	Board.Model.Order.BaseOrderModel	code/Lua/decompiled/Board/Model/Order/MainOrderModel.lua	static name match; dynamic dispatch not included
Board.Model.Order.MainOrderModel	840	ConfigModel.IsServerControlOpen	Model.ConfigModel	code/Lua/decompiled/Board/Model/Order/MainOrderModel.lua	static name match; dynamic dispatch not included
Board.Model.Order.MainOrderModel	859	ActivityManager.GetOngoingOrders	Model.Activity.ActivityManager	code/Lua/decompiled/Board/Model/Order/MainOrderModel.lua	static name match; dynamic dispatch not included
Board.Model.Order.MainOrderModel	863	BaseOrderModel.UpdateState	Board.Model.Order.BaseOrderModel	code/Lua/decompiled/Board/Model/Order/MainOrderModel.lua	static name match; dynamic dispatch not included
Board.Model.Order.MainOrderModel	894	EventDispatcher.DispatchEvent	Common.Event.EventDispatcher	code/Lua/decompiled/Board/Model/Order/MainOrderModel.lua	static name match; dynamic dispatch not included
Board.Model.Order.MainOrderModel	898	EventDispatcher.DispatchEvent	Common.Event.EventDispatcher	code/Lua/decompiled/Board/Model/Order/MainOrderModel.lua	static name match; dynamic dispatch not included
Board.Model.Order.MainOrderModel	937	ItemDataModel.GetChainId	Board.Model.ItemDataModel	code/Lua/decompiled/Board/Model/Order/MainOrderModel.lua	static name match; dynamic dispatch not included
Board.Model.Order.MainOrderModel	944	ConfigModel.IsServerControlOpen	Model.ConfigModel	code/Lua/decompiled/Board/Model/Order/MainOrderModel.lua	static name match; dynamic dispatch not included
Board.Model.Order.MainOrderModel	956	ItemDataModel.IsFreeItem	Board.Model.ItemDataModel	code/Lua/decompiled/Board/Model/Order/MainOrderModel.lua	static name match; dynamic dispatch not included
Board.Model.Order.MainOrderModel	961	ItemDataModel.GetChainId	Board.Model.ItemDataModel	code/Lua/decompiled/Board/Model/Order/MainOrderModel.lua	static name match; dynamic dispatch not included
Board.Model.Order.MainOrderModel	991	Table.ShallowCopy	Common.Utility.Table	code/Lua/decompiled/Board/Model/Order/MainOrderModel.lua	static name match; dynamic dispatch not included
Board.Model.Order.MainOrderModel	1019	ConfigModel.GetNewUserOrderChangeLevel	Model.ConfigModel	code/Lua/decompiled/Board/Model/Order/MainOrderModel.lua	static name match; dynamic dispatch not included
Board.Model.Order.MainOrderModel	1023	LevelModel.GetCurrentLevel	Model.UserData.LevelModel	code/Lua/decompiled/Board/Model/Order/MainOrderModel.lua	static name match; dynamic dispatch not included
Board.Model.Order.MainOrderModel	1025	ConfigModel.GetNewUserOrderMaxLevel	Model.ConfigModel	code/Lua/decompiled/Board/Model/Order/MainOrderModel.lua	static name match; dynamic dispatch not included
Board.Model.Order.MainOrderModel	1041	PropItemManager.GetModel	Model.PropItem.PropItemManager	code/Lua/decompiled/Board/Model/Order/MainOrderModel.lua	static name match; dynamic dispatch not included
Board.Model.Order.MainOrderModel	1073	EventDispatcher.DispatchEvent	Common.Event.EventDispatcher	code/Lua/decompiled/Board/Model/Order/MainOrderModel.lua	static name match; dynamic dispatch not included
Board.Model.Order.MainOrderModel	1084	ConfigModel.GetServerConfigMD5	Model.ConfigModel	code/Lua/decompiled/Board/Model/Order/MainOrderModel.lua	static name match; dynamic dispatch not included
Board.Model.Order.MainOrderModel	1087	ConfigModel.GetServerConfig	Model.ConfigModel	code/Lua/decompiled/Board/Model/Order/MainOrderModel.lua	static name match; dynamic dispatch not included
Board.Model.Order.MainOrderModel	1101	ItemDataModel.GetUnlockedMainGenerator	Board.Model.ItemDataModel	code/Lua/decompiled/Board/Model/Order/MainOrderModel.lua	static name match; dynamic dispatch not included
Board.Model.Order.MainOrderModel	1105	ItemDataModel.GetChainId	Board.Model.ItemDataModel	code/Lua/decompiled/Board/Model/Order/MainOrderModel.lua	static name match; dynamic dispatch not included
Board.Model.Order.MainOrderModel	1106	NoCDTrainModel.IsLockedOrToBeLocked	NoCDTrain.Model.NoCDTrainModel	code/Lua/decompiled/Board/Model/Order/MainOrderModel.lua	static name match; dynamic dispatch not included
Board.Model.Order.MainOrderModel	1110	GameConfig.IsTestMode	Common.GameConfig	code/Lua/decompiled/Board/Model/Order/MainOrderModel.lua	static name match; dynamic dispatch not included
Board.Model.Order.MainOrderModel	1124	LaneOrderCreator.Create	Board.Model.Order.LaneOrderCreator	code/Lua/decompiled/Board/Model/Order/MainOrderModel.lua	static name match; dynamic dispatch not included
Board.Model.Order.MainOrderModel	1133	EventDispatcher.DispatchEvent	Common.Event.EventDispatcher	code/Lua/decompiled/Board/Model/Order/MainOrderModel.lua	static name match; dynamic dispatch not included
Board.Model.Order.MainOrderModel	1144	ActivityManager.GetModel	Model.Activity.ActivityManager	code/Lua/decompiled/Board/Model/Order/MainOrderModel.lua	static name match; dynamic dispatch not included
Board.Model.Order.MainOrderModel	1148	ConfigModel.IsServerControlOpen	Model.ConfigModel	code/Lua/decompiled/Board/Model/Order/MainOrderModel.lua	static name match; dynamic dispatch not included
Board.Model.Order.MainOrderModel	1160	ConfigModel.IsServerControlOpen	Model.ConfigModel	code/Lua/decompiled/Board/Model/Order/MainOrderModel.lua	static name match; dynamic dispatch not included
Board.Model.Order.MainOrderModel	1162	ActivityManager.GetModel	Model.Activity.ActivityManager	code/Lua/decompiled/Board/Model/Order/MainOrderModel.lua	static name match; dynamic dispatch not included
Board.Model.Order.MainOrderModel	1184	ActivityManager.GetModel	Model.Activity.ActivityManager	code/Lua/decompiled/Board/Model/Order/MainOrderModel.lua	static name match; dynamic dispatch not included
Board.Model.Order.MainOrderModel	1201	ActivityManager.GetModel	Model.Activity.ActivityManager	code/Lua/decompiled/Board/Model/Order/MainOrderModel.lua	static name match; dynamic dispatch not included
Board.Model.Order.MainOrderModel	1221	LaneOrderCreator.Create	Board.Model.Order.LaneOrderCreator	code/Lua/decompiled/Board/Model/Order/MainOrderModel.lua	static name match; dynamic dispatch not included
Board.Model.Order.MainOrderModel	1228	EventDispatcher.DispatchEvent	Common.Event.EventDispatcher	code/Lua/decompiled/Board/Model/Order/MainOrderModel.lua	static name match; dynamic dispatch not included
Board.Model.Order.MainOrderModel	1243	PropItemManager.GetModel	Model.PropItem.PropItemManager	code/Lua/decompiled/Board/Model/Order/MainOrderModel.lua	static name match; dynamic dispatch not included
Board.Model.Order.MainOrderModel	1272	LaneOrderCreator.CanCreate	Board.Model.Order.LaneOrderCreator	code/Lua/decompiled/Board/Model/Order/MainOrderModel.lua	static name match; dynamic dispatch not included
Board.Model.Order.MainOrderModel	1279	LaneOrderCreator.Create	Board.Model.Order.LaneOrderCreator	code/Lua/decompiled/Board/Model/Order/MainOrderModel.lua	static name match; dynamic dispatch not included
Board.Model.Order.MainOrderModel	1288	EventDispatcher.DispatchEvent	Common.Event.EventDispatcher	code/Lua/decompiled/Board/Model/Order/MainOrderModel.lua	static name match; dynamic dispatch not included
Board.Model.Order.MainOrderModel	1300	InsureOrderCreator.CanCreate	Board.Model.Order.InsureOrderCreator	code/Lua/decompiled/Board/Model/Order/MainOrderModel.lua	static name match; dynamic dispatch not included
Board.Model.Order.MainOrderModel	1301	InsureOrderCreator.Create	Board.Model.Order.InsureOrderCreator	code/Lua/decompiled/Board/Model/Order/MainOrderModel.lua	static name match; dynamic dispatch not included
Board.Model.Order.MainOrderModel	1310	EventDispatcher.DispatchEvent	Common.Event.EventDispatcher	code/Lua/decompiled/Board/Model/Order/MainOrderModel.lua	static name match; dynamic dispatch not included
Board.Model.Order.MainOrderModel	1322	ItemDataModel.GetChainId	Board.Model.ItemDataModel	code/Lua/decompiled/Board/Model/Order/MainOrderModel.lua	static name match; dynamic dispatch not included
Board.Model.Order.MainOrderModel	1395	Table.IsEmpty	Common.Utility.Table	code/Lua/decompiled/Board/Model/Order/MainOrderModel.lua	static name match; dynamic dispatch not included
Board.Model.Order.MainOrderModel	1395	Table.IsEmpty	Common.Utility.Table	code/Lua/decompiled/Board/Model/Order/MainOrderModel.lua	static name match; dynamic dispatch not included
Board.Model.Order.MainOrderModel	1409	ActivityManager.GetModel	Model.Activity.ActivityManager	code/Lua/decompiled/Board/Model/Order/MainOrderModel.lua	static name match; dynamic dispatch not included
Board.Model.Order.MainOrderModel	1412	Table.ListRemove	Common.Utility.Table	code/Lua/decompiled/Board/Model/Order/MainOrderModel.lua	static name match; dynamic dispatch not included
Board.Model.Order.MainOrderModel	1418	ActivityManager.GetModel	Model.Activity.ActivityManager	code/Lua/decompiled/Board/Model/Order/MainOrderModel.lua	static name match; dynamic dispatch not included
Board.Model.Order.MainOrderModel	1421	Table.ListRemove	Common.Utility.Table	code/Lua/decompiled/Board/Model/Order/MainOrderModel.lua	static name match; dynamic dispatch not included
Board.Model.Order.MainOrderModel	1427	Table.DeepCopy	Common.Utility.Table	code/Lua/decompiled/Board/Model/Order/MainOrderModel.lua	static name match; dynamic dispatch not included
Board.Model.Order.MainOrderModel	1430	Table.ListRemove	Common.Utility.Table	code/Lua/decompiled/Board/Model/Order/MainOrderModel.lua	static name match; dynamic dispatch not included
Board.Model.Order.MainOrderModel	1434	Table.ListRandomSelectOne	Common.Utility.Table	code/Lua/decompiled/Board/Model/Order/MainOrderModel.lua	static name match; dynamic dispatch not included
Board.Model.Order.MainOrderModel	1458	ConfigModel.GetNewUserOrderChangeLevel	Model.ConfigModel	code/Lua/decompiled/Board/Model/Order/MainOrderModel.lua	static name match; dynamic dispatch not included
Board.Model.Order.MainOrderModel	1459	LevelModel.GetCurrentLevel	Model.UserData.LevelModel	code/Lua/decompiled/Board/Model/Order/MainOrderModel.lua	static name match; dynamic dispatch not included
Board.Model.Order.MainOrderModel	1459	MapDataModel.CanUseLaneOrder	Model.MapDataModel	code/Lua/decompiled/Board/Model/Order/MainOrderModel.lua	static name match; dynamic dispatch not included
Board.Model.Order.MainOrderModel	1490	Table.IsEmpty	Common.Utility.Table	code/Lua/decompiled/Board/Model/Order/MainOrderModel.lua	static name match; dynamic dispatch not included
Board.Model.Order.MainOrderModel	1505	ConfigModel.IsServerControlOpen	Model.ConfigModel	code/Lua/decompiled/Board/Model/Order/MainOrderModel.lua	static name match; dynamic dispatch not included
Board.Model.Order.MainOrderModel	1514	ConfigModel.IsServerControlOpen	Model.ConfigModel	code/Lua/decompiled/Board/Model/Order/MainOrderModel.lua	static name match; dynamic dispatch not included
Board.Model.Order.MainOrderModel	1520	ItemDataModel.IsFreeItem	Board.Model.ItemDataModel	code/Lua/decompiled/Board/Model/Order/MainOrderModel.lua	static name match; dynamic dispatch not included
Board.Model.Order.MainOrderModel	1545	Table.IsEmpty	Common.Utility.Table	code/Lua/decompiled/Board/Model/Order/MainOrderModel.lua	static name match; dynamic dispatch not included
Board.Model.Order.MainOrderModel	1545	ConfigModel.IsServerControlOpen	Model.ConfigModel	code/Lua/decompiled/Board/Model/Order/MainOrderModel.lua	static name match; dynamic dispatch not included
Board.Model.Order.MainOrderModel	1546	MiscModel.Get	Model.UserData.MiscModel	code/Lua/decompiled/Board/Model/Order/MainOrderModel.lua	static name match; dynamic dispatch not included
Board.Model.Order.MainOrderModel	1547	StringUtil.IsNilOrEmpty	Common.Utility.StringUtil	code/Lua/decompiled/Board/Model/Order/MainOrderModel.lua	static name match; dynamic dispatch not included
Board.Model.Order.MainOrderModel	1550	StringUtil.SplitToNum	Common.Utility.StringUtil	code/Lua/decompiled/Board/Model/Order/MainOrderModel.lua	static name match; dynamic dispatch not included
Board.Model.Order.MainOrderModel	1619	MiscModel.Set	Model.UserData.MiscModel	code/Lua/decompiled/Board/Model/Order/MainOrderModel.lua	static name match; dynamic dispatch not included
Board.Model.Order.MainOrderModel	1634	GameModel.GetServerTime	Model.GameModel	code/Lua/decompiled/Board/Model/Order/MainOrderModel.lua	static name match; dynamic dispatch not included
Board.Model.Order.MainOrderModel	1643	GameModel.GetServerDay	Model.GameModel	code/Lua/decompiled/Board/Model/Order/MainOrderModel.lua	static name match; dynamic dispatch not included
Board.Model.Order.MainOrderModel	1653	ConfigModel.IsServerControlOpen	Model.ConfigModel	code/Lua/decompiled/Board/Model/Order/MainOrderModel.lua	static name match; dynamic dispatch not included
Board.Model.Order.MainOrderModel	1667	Table.GetIndex	Common.Utility.Table	code/Lua/decompiled/Board/Model/Order/MainOrderModel.lua	static name match; dynamic dispatch not included
Board.Model.Order.MainOrderModel	1695	GameModel.GetServerDay	Model.GameModel	code/Lua/decompiled/Board/Model/Order/MainOrderModel.lua	static name match; dynamic dispatch not included
Board.Model.Order.MainOrderModel	1717	ItemDataModel.GetChainId	Board.Model.ItemDataModel	code/Lua/decompiled/Board/Model/Order/MainOrderModel.lua	static name match; dynamic dispatch not included
Board.Model.Order.MainOrderModel	1744	Table.IsEmpty	Common.Utility.Table	code/Lua/decompiled/Board/Model/Order/MainOrderModel.lua	static name match; dynamic dispatch not included
Board.Model.Order.MainOrderModel	1780	ActivityManager.GetModel	Model.Activity.ActivityManager	code/Lua/decompiled/Board/Model/Order/MainOrderModel.lua	static name match; dynamic dispatch not included
Board.Model.Order.MainOrderModel	1815	Table.IsEmpty	Common.Utility.Table	code/Lua/decompiled/Board/Model/Order/MainOrderModel.lua	static name match; dynamic dispatch not included
Board.Model.Order.MainOrderModel	1832	Table.IsEmpty	Common.Utility.Table	code/Lua/decompiled/Board/Model/Order/MainOrderModel.lua	static name match; dynamic dispatch not included
Board.Model.Order.MainOrderModel	1851	Table.IsEmpty	Common.Utility.Table	code/Lua/decompiled/Board/Model/Order/MainOrderModel.lua	static name match; dynamic dispatch not included
Board.Model.Order.MainOrderModel	1855	ConfigModel.GetServerConfigMD5	Model.ConfigModel	code/Lua/decompiled/Board/Model/Order/MainOrderModel.lua	static name match; dynamic dispatch not included
Board.Model.Order.MainOrderModel	1860	Table.ShallowCopy	Common.Utility.Table	code/Lua/decompiled/Board/Model/Order/MainOrderModel.lua	static name match; dynamic dispatch not included
Board.Model.Order.MainOrderModel	1860	ConfigModel.GetServerConfig	Model.ConfigModel	code/Lua/decompiled/Board/Model/Order/MainOrderModel.lua	static name match; dynamic dispatch not included
Board.Model.Order.MainOrderModel	1864	Table.ShallowCopy	Common.Utility.Table	code/Lua/decompiled/Board/Model/Order/MainOrderModel.lua	static name match; dynamic dispatch not included
Board.Model.Order.MainOrderModel	1868	Table.ShallowCopy	Common.Utility.Table	code/Lua/decompiled/Board/Model/Order/MainOrderModel.lua	static name match; dynamic dispatch not included
Board.Model.Order.OrderConfig	15	Table.ShallowCopy	Common.Utility.Table	code/Lua/decompiled/Board/Model/Order/OrderConfig.lua	static name match; dynamic dispatch not included
Board.Model.Order.OrderConfig	17	StringUtil.StartWith	Common.Utility.StringUtil	code/Lua/decompiled/Board/Model/Order/OrderConfig.lua	static name match; dynamic dispatch not included
Board.Model.Order.OrderConfig	22	StringUtil.StartWith	Common.Utility.StringUtil	code/Lua/decompiled/Board/Model/Order/OrderConfig.lua	static name match; dynamic dispatch not included
Board.Model.Order.OrderConfig	27	StringUtil.StartWith	Common.Utility.StringUtil	code/Lua/decompiled/Board/Model/Order/OrderConfig.lua	static name match; dynamic dispatch not included
Board.Model.Order.OrderConfig	37	Table.ShallowCopy	Common.Utility.Table	code/Lua/decompiled/Board/Model/Order/OrderConfig.lua	static name match; dynamic dispatch not included
Board.Model.Order.OrderConfig	38	ConfigModel.IsServerControlOpen	Model.ConfigModel	code/Lua/decompiled/Board/Model/Order/OrderConfig.lua	static name match; dynamic dispatch not included
Board.Model.Order.OrderConfig	40	ItemChangeHelper.ChangeItemCode	Board.Model.ItemChangeHelper	code/Lua/decompiled/Board/Model/Order/OrderConfig.lua	static name match; dynamic dispatch not included
Board.Model.Order.OrderConfig	69	StringUtil.SplitToNum	Common.Utility.StringUtil	code/Lua/decompiled/Board/Model/Order/OrderConfig.lua	static name match; dynamic dispatch not included
Board.Model.Order.RandomOrderCreator	4	MapDataModel.CalculateMostNeedType	Model.MapDataModel	code/Lua/decompiled/Board/Model/Order/RandomOrderCreator.lua	static name match; dynamic dispatch not included
Board.Model.Order.RandomOrderCreator	38	MapDataModel.IsAllSlotBuildFinished	Model.MapDataModel	code/Lua/decompiled/Board/Model/Order/RandomOrderCreator.lua	static name match; dynamic dispatch not included
Board.Model.Order.RandomOrderCreator	57	Table.ListWeightSelectOne	Common.Utility.Table	code/Lua/decompiled/Board/Model/Order/RandomOrderCreator.lua	static name match; dynamic dispatch not included
Board.Model.Order.RandomOrderCreator	63	Table.ListWeightSelectOne	Common.Utility.Table	code/Lua/decompiled/Board/Model/Order/RandomOrderCreator.lua	static name match; dynamic dispatch not included
Board.Model.Order.RandomOrderCreator	63	MapDataModel.IsAllSlotBuildFinished	Model.MapDataModel	code/Lua/decompiled/Board/Model/Order/RandomOrderCreator.lua	static name match; dynamic dispatch not included
Board.Model.Order.RandomOrderCreator	70	Table.ListWeightSelectOne	Common.Utility.Table	code/Lua/decompiled/Board/Model/Order/RandomOrderCreator.lua	static name match; dynamic dispatch not included
Board.Model.Order.RandomOrderCreator	70	MapDataModel.IsAllSlotBuildFinished	Model.MapDataModel	code/Lua/decompiled/Board/Model/Order/RandomOrderCreator.lua	static name match; dynamic dispatch not included
Board.Model.Order.RandomOrderCreator	87	MapDataModel.IsAllSlotBuildFinished	Model.MapDataModel	code/Lua/decompiled/Board/Model/Order/RandomOrderCreator.lua	static name match; dynamic dispatch not included
Board.Model.Order.RandomOrderCreator	122	ConfigModel.IsServerControlOpen	Model.ConfigModel	code/Lua/decompiled/Board/Model/Order/RandomOrderCreator.lua	static name match; dynamic dispatch not included
Board.Model.Order.RandomOrderCreator	129	ItemDataModel.IsFreeItem	Board.Model.ItemDataModel	code/Lua/decompiled/Board/Model/Order/RandomOrderCreator.lua	static name match; dynamic dispatch not included
Board.Model.Order.RandomOrderCreator	146	BaseSceneBoardModel.GetValidPositionIterator	Board.Model.Board.BaseSceneBoardModel	code/Lua/decompiled/Board/Model/Order/RandomOrderCreator.lua	static name match; dynamic dispatch not included
Board.Model.Order.RandomOrderCreator	147	MainBoardModel.GetItem	Board.Model.Board.MainBoardModel	code/Lua/decompiled/Board/Model/Order/RandomOrderCreator.lua	static name match; dynamic dispatch not included
Board.Model.Order.RandomOrderCreator	150	StringUtil.StartWith	Common.Utility.StringUtil	code/Lua/decompiled/Board/Model/Order/RandomOrderCreator.lua	static name match; dynamic dispatch not included
Board.Model.Order.RandomOrderCreator	151	MainBoardModel.GetItemScoreByUnlockGen	Board.Model.Board.MainBoardModel	code/Lua/decompiled/Board/Model/Order/RandomOrderCreator.lua	static name match; dynamic dispatch not included
Board.Model.Order.RandomOrderCreator	160	MainBoardModel.GetOrders	Board.Model.Board.MainBoardModel	code/Lua/decompiled/Board/Model/Order/RandomOrderCreator.lua	static name match; dynamic dispatch not included
Board.Model.Order.RandomOrderCreator	164	ItemDataModel.GetChainId	Board.Model.ItemDataModel	code/Lua/decompiled/Board/Model/Order/RandomOrderCreator.lua	static name match; dynamic dispatch not included
Board.Model.Order.RandomOrderCreator	170	ItemDataModel.GetChainId	Board.Model.ItemDataModel	code/Lua/decompiled/Board/Model/Order/RandomOrderCreator.lua	static name match; dynamic dispatch not included
Board.Model.Order.RandomOrderCreator	201	ItemDataModel.GetChainLevel	Board.Model.ItemDataModel	code/Lua/decompiled/Board/Model/Order/RandomOrderCreator.lua	static name match; dynamic dispatch not included
Board.Model.Order.RandomOrderCreator	205	ItemDataModel.GetItemGenerators	Board.Model.ItemDataModel	code/Lua/decompiled/Board/Model/Order/RandomOrderCreator.lua	static name match; dynamic dispatch not included
Board.Model.Order.RandomOrderCreator	212	ActivityManager.GetModel	Model.Activity.ActivityManager	code/Lua/decompiled/Board/Model/Order/RandomOrderCreator.lua	static name match; dynamic dispatch not included
Board.Model.Order.RandomOrderCreator	225	Table.ListRandomSelectIndex	Common.Utility.Table	code/Lua/decompiled/Board/Model/Order/RandomOrderCreator.lua	static name match; dynamic dispatch not included
Board.Model.Order.RandomOrderCreator	239	ItemDataModel.GetChainId	Board.Model.ItemDataModel	code/Lua/decompiled/Board/Model/Order/RandomOrderCreator.lua	static name match; dynamic dispatch not included
Board.Model.Order.RandomOrderCreator	241	ItemDataModel.GetChainId	Board.Model.ItemDataModel	code/Lua/decompiled/Board/Model/Order/RandomOrderCreator.lua	static name match; dynamic dispatch not included
Board.Model.Order.RandomOrderCreator	266	Table.ListRandomSelectOne	Common.Utility.Table	code/Lua/decompiled/Board/Model/Order/RandomOrderCreator.lua	static name match; dynamic dispatch not included
Board.Model.Order.RandomOrderCreator	279	Table.ListRandomSelectOne	Common.Utility.Table	code/Lua/decompiled/Board/Model/Order/RandomOrderCreator.lua	static name match; dynamic dispatch not included
Board.Model.Order.RandomOrderCreator	306	PropItemManager.GetModel	Model.PropItem.PropItemManager	code/Lua/decompiled/Board/Model/Order/RandomOrderCreator.lua	static name match; dynamic dispatch not included
Board.Model.Order.RandomOrderCreator	318	ItemDataModel.GetUnlockedMainGenerator	Board.Model.ItemDataModel	code/Lua/decompiled/Board/Model/Order/RandomOrderCreator.lua	static name match; dynamic dispatch not included
Board.Model.Order.RandomOrderCreator	342	ConfigModel.IsServerControlOpen	Model.ConfigModel	code/Lua/decompiled/Board/Model/Order/RandomOrderCreator.lua	static name match; dynamic dispatch not included
Board.Model.Order.RandomOrderCreator	367	Table.DeepCopy	Common.Utility.Table	code/Lua/decompiled/Board/Model/Order/RandomOrderCreator.lua	static name match; dynamic dispatch not included
Board.Model.Order.RandomOrderCreator	380	ItemDataModel.SetLocked	Board.Model.ItemDataModel	code/Lua/decompiled/Board/Model/Order/RandomOrderCreator.lua	static name match; dynamic dispatch not included
Board.Model.Order.RandomOrderCreator	382	MainOrder.Create	Board.Model.Order.MainOrder	code/Lua/decompiled/Board/Model/Order/RandomOrderCreator.lua	static name match; dynamic dispatch not included
Board.Model.Order.RandomOrderCreator	382	GameModel.GetServerTime	Model.GameModel	code/Lua/decompiled/Board/Model/Order/RandomOrderCreator.lua	static name match; dynamic dispatch not included
Board.Model.Order.ReturningOrderCreator	17	Table.ListRandomSelectIndex	Common.Utility.Table	code/Lua/decompiled/Board/Model/Order/ReturningOrderCreator.lua	static name match; dynamic dispatch not included
Board.Model.Order.ReturningOrderCreator	35	Table.ListRandomSelectOne	Common.Utility.Table	code/Lua/decompiled/Board/Model/Order/ReturningOrderCreator.lua	static name match; dynamic dispatch not included
Board.Model.Order.ReturningOrderCreator	49	LaneOrderCreator.CalcReward	Board.Model.Order.LaneOrderCreator	code/Lua/decompiled/Board/Model/Order/ReturningOrderCreator.lua	static name match; dynamic dispatch not included
Board.Model.Order.ReturningOrderCreator	52	Table.ShallowCopy	Common.Utility.Table	code/Lua/decompiled/Board/Model/Order/ReturningOrderCreator.lua	static name match; dynamic dispatch not included
Board.Model.Order.ReturningOrderCreator	69	Table.IsEmpty	Common.Utility.Table	code/Lua/decompiled/Board/Model/Order/ReturningOrderCreator.lua	static name match; dynamic dispatch not included
Board.Model.Order.ReturningOrderCreator	70	LaneOrderCreator.Create	Board.Model.Order.LaneOrderCreator	code/Lua/decompiled/Board/Model/Order/ReturningOrderCreator.lua	static name match; dynamic dispatch not included
Board.Model.Order.ReturningOrderCreator	74	ItemDataModel.SetLocked	Board.Model.ItemDataModel	code/Lua/decompiled/Board/Model/Order/ReturningOrderCreator.lua	static name match; dynamic dispatch not included
Board.Model.Order.ReturningOrderCreator	76	MainOrder.Create	Board.Model.Order.MainOrder	code/Lua/decompiled/Board/Model/Order/ReturningOrderCreator.lua	static name match; dynamic dispatch not included
Board.Model.Order.ReturningOrderCreator	76	GameModel.GetServerTime	Model.GameModel	code/Lua/decompiled/Board/Model/Order/ReturningOrderCreator.lua	static name match; dynamic dispatch not included
Board.View.Item.ItemView	38	ItemDataModel.GetSpriteName	Board.Model.ItemDataModel	code/Lua/decompiled/Board/View/Item/ItemView.lua	static name match; dynamic dispatch not included
Board.View.Item.ItemView	43	ItemDataModel.GetSpriteName	Board.Model.ItemDataModel	code/Lua/decompiled/Board/View/Item/ItemView.lua	static name match; dynamic dispatch not included
Board.View.Item.ItemView	46	ItemDataModel.GetSpriteName	Board.Model.ItemDataModel	code/Lua/decompiled/Board/View/Item/ItemView.lua	static name match; dynamic dispatch not included
Board.View.Item.ItemView	56	ItemDataModel.GetSpriteName	Board.Model.ItemDataModel	code/Lua/decompiled/Board/View/Item/ItemView.lua	static name match; dynamic dispatch not included
Board.View.Item.ItemView	60	ItemDataModel.GetSpriteName	Board.Model.ItemDataModel	code/Lua/decompiled/Board/View/Item/ItemView.lua	static name match; dynamic dispatch not included
Board.View.Item.ItemView	69	ItemDataModel.GetSpriteName	Board.Model.ItemDataModel	code/Lua/decompiled/Board/View/Item/ItemView.lua	static name match; dynamic dispatch not included
Board.View.Item.ItemView	91	HuntActivityModel.GetActiveModel	HuntActivity.Common.Model.HuntActivityModel	code/Lua/decompiled/Board/View/Item/ItemView.lua	static name match; dynamic dispatch not included
Board.View.Item.ItemView	98	EventDispatcher.AddListener	Common.Event.EventDispatcher	code/Lua/decompiled/Board/View/Item/ItemView.lua	static name match; dynamic dispatch not included
Board.View.Item.ItemView	99	EventDispatcher.AddListener	Common.Event.EventDispatcher	code/Lua/decompiled/Board/View/Item/ItemView.lua	static name match; dynamic dispatch not included
Board.View.Item.ItemView	100	EventDispatcher.AddListener	Common.Event.EventDispatcher	code/Lua/decompiled/Board/View/Item/ItemView.lua	static name match; dynamic dispatch not included
Board.View.Item.ItemView	102	EventDispatcher.AddListener	Common.Event.EventDispatcher	code/Lua/decompiled/Board/View/Item/ItemView.lua	static name match; dynamic dispatch not included
Board.View.Item.ItemView	146	EventDispatcher.RemoveTarget	Common.Event.EventDispatcher	code/Lua/decompiled/Board/View/Item/ItemView.lua	static name match; dynamic dispatch not included
Board.View.Item.ItemView	147	Scheduler.UnscheduleTarget	Common.Utility.Scheduler	code/Lua/decompiled/Board/View/Item/ItemView.lua	static name match; dynamic dispatch not included
Board.View.Item.ItemView	259	Table.ListContain	Common.Utility.Table	code/Lua/decompiled/Board/View/Item/ItemView.lua	static name match; dynamic dispatch not included
Board.View.Item.ItemView	268	ActivityManager.GetOrderCodeStateMap	Model.Activity.ActivityManager	code/Lua/decompiled/Board/View/Item/ItemView.lua	static name match; dynamic dispatch not included
Board.View.Item.ItemView	276	NoCDTrainModel.GetCurOrderRequirements	NoCDTrain.Model.NoCDTrainModel	code/Lua/decompiled/Board/View/Item/ItemView.lua	static name match; dynamic dispatch not included
Board.View.Item.ItemView	290	ItemDataModel.IsItemMaxLevel	Board.Model.ItemDataModel	code/Lua/decompiled/Board/View/Item/ItemView.lua	static name match; dynamic dispatch not included
Board.View.Item.ItemView	300	ConfigModel.IsServerControlOpen	Model.ConfigModel	code/Lua/decompiled/Board/View/Item/ItemView.lua	static name match; dynamic dispatch not included
Board.View.Item.ItemView	330	ItemDataModel.GetMergedType	Board.Model.ItemDataModel	code/Lua/decompiled/Board/View/Item/ItemView.lua	static name match; dynamic dispatch not included
Board.View.Item.ItemView	330	Table.ListContain	Common.Utility.Table	code/Lua/decompiled/Board/View/Item/ItemView.lua	static name match; dynamic dispatch not included
Board.View.Item.ItemView	330	StringUtil.StartWith	Common.Utility.StringUtil	code/Lua/decompiled/Board/View/Item/ItemView.lua	static name match; dynamic dispatch not included
Board.View.Item.ItemView	330	StringUtil.StartWith	Common.Utility.StringUtil	code/Lua/decompiled/Board/View/Item/ItemView.lua	static name match; dynamic dispatch not included
Board.View.Item.ItemView	330	StringUtil.StartWith	Common.Utility.StringUtil	code/Lua/decompiled/Board/View/Item/ItemView.lua	static name match; dynamic dispatch not included
Board.View.Item.ItemView	330	StringUtil.StartWith	Common.Utility.StringUtil	code/Lua/decompiled/Board/View/Item/ItemView.lua	static name match; dynamic dispatch not included
Board.View.Item.ItemView	330	StringUtil.StartWith	Common.Utility.StringUtil	code/Lua/decompiled/Board/View/Item/ItemView.lua	static name match; dynamic dispatch not included
Board.View.Item.ItemView	330	StringUtil.StartWith	Common.Utility.StringUtil	code/Lua/decompiled/Board/View/Item/ItemView.lua	static name match; dynamic dispatch not included
Board.View.Item.ItemView	330	StringUtil.StartWith	Common.Utility.StringUtil	code/Lua/decompiled/Board/View/Item/ItemView.lua	static name match; dynamic dispatch not included
Board.View.Item.ItemView	330	StringUtil.StartWith	Common.Utility.StringUtil	code/Lua/decompiled/Board/View/Item/ItemView.lua	static name match; dynamic dispatch not included
Board.View.Item.ItemView	330	StringUtil.StartWith	Common.Utility.StringUtil	code/Lua/decompiled/Board/View/Item/ItemView.lua	static name match; dynamic dispatch not included
Board.View.Item.ItemView	330	StringUtil.StartWith	Common.Utility.StringUtil	code/Lua/decompiled/Board/View/Item/ItemView.lua	static name match; dynamic dispatch not included
Board.View.Item.ItemView	330	StringUtil.StartWith	Common.Utility.StringUtil	code/Lua/decompiled/Board/View/Item/ItemView.lua	static name match; dynamic dispatch not included
Board.View.Item.ItemView	344	ItemDataModel.GetChainId	Board.Model.ItemDataModel	code/Lua/decompiled/Board/View/Item/ItemView.lua	static name match; dynamic dispatch not included
Board.View.Item.ItemView	345	ItemDataModel.GetChainLevel	Board.Model.ItemDataModel	code/Lua/decompiled/Board/View/Item/ItemView.lua	static name match; dynamic dispatch not included
Board.View.Item.ItemView	346	ActivityManager.GetModel	Model.Activity.ActivityManager	code/Lua/decompiled/Board/View/Item/ItemView.lua	static name match; dynamic dispatch not included
Board.View.Item.ItemView	351	ItemDataModel.GetChainMaxLevel	Board.Model.ItemDataModel	code/Lua/decompiled/Board/View/Item/ItemView.lua	static name match; dynamic dispatch not included
Board.View.Item.ItemView	368	ItemDataModel.GetChainId	Board.Model.ItemDataModel	code/Lua/decompiled/Board/View/Item/ItemView.lua	static name match; dynamic dispatch not included
Board.View.Item.ItemView	369	ItemDataModel.GetChainLevel	Board.Model.ItemDataModel	code/Lua/decompiled/Board/View/Item/ItemView.lua	static name match; dynamic dispatch not included
Board.View.Item.ItemView	370	ItemDataModel.GetChainMaxLevel	Board.Model.ItemDataModel	code/Lua/decompiled/Board/View/Item/ItemView.lua	static name match; dynamic dispatch not included
Board.View.Item.ItemView	385	ItemDataModel.GetChainId	Board.Model.ItemDataModel	code/Lua/decompiled/Board/View/Item/ItemView.lua	static name match; dynamic dispatch not included
Board.View.Item.ItemView	386	ItemDataModel.GetChainLevel	Board.Model.ItemDataModel	code/Lua/decompiled/Board/View/Item/ItemView.lua	static name match; dynamic dispatch not included
Board.View.Item.ItemView	387	ActivityManager.GetModel	Model.Activity.ActivityManager	code/Lua/decompiled/Board/View/Item/ItemView.lua	static name match; dynamic dispatch not included
Board.View.Item.ItemView	388	StringUtil.StartWith	Common.Utility.StringUtil	code/Lua/decompiled/Board/View/Item/ItemView.lua	static name match; dynamic dispatch not included
Board.View.Item.ItemView	392	ItemDataModel.GetChainMaxLevel	Board.Model.ItemDataModel	code/Lua/decompiled/Board/View/Item/ItemView.lua	static name match; dynamic dispatch not included
Board.View.Item.ItemView	492	EventDispatcher.DispatchEvent	Common.Event.EventDispatcher	code/Lua/decompiled/Board/View/Item/ItemView.lua	static name match; dynamic dispatch not included
Board.View.Item.ItemView	529	ConfigModel.IsMergePromptAnimOpen	Model.ConfigModel	code/Lua/decompiled/Board/View/Item/ItemView.lua	static name match; dynamic dispatch not included
Board.View.Item.ItemView	551	StringUtil.StartWith	Common.Utility.StringUtil	code/Lua/decompiled/Board/View/Item/ItemView.lua	static name match; dynamic dispatch not included
Board.View.Item.ItemView	562	StringUtil.StartWith	Common.Utility.StringUtil	code/Lua/decompiled/Board/View/Item/ItemView.lua	static name match; dynamic dispatch not included
Board.View.Item.ItemView	562	StringUtil.StartWith	Common.Utility.StringUtil	code/Lua/decompiled/Board/View/Item/ItemView.lua	static name match; dynamic dispatch not included
Board.View.Item.ItemView	562	StringUtil.StartWith	Common.Utility.StringUtil	code/Lua/decompiled/Board/View/Item/ItemView.lua	static name match; dynamic dispatch not included
Board.View.Item.ItemView	562	StringUtil.StartWith	Common.Utility.StringUtil	code/Lua/decompiled/Board/View/Item/ItemView.lua	static name match; dynamic dispatch not included
Board.View.Item.ItemView	562	StringUtil.StartWith	Common.Utility.StringUtil	code/Lua/decompiled/Board/View/Item/ItemView.lua	static name match; dynamic dispatch not included
Board.View.Item.ItemView	771	ItemDataModel.GetSpriteName	Board.Model.ItemDataModel	code/Lua/decompiled/Board/View/Item/ItemView.lua	static name match; dynamic dispatch not included
Board.View.Item.ItemView	785	ItemDataModel.GetChainId	Board.Model.ItemDataModel	code/Lua/decompiled/Board/View/Item/ItemView.lua	static name match; dynamic dispatch not included
Board.View.Item.ItemView	798	EventDispatcher.RemoveTarget	Common.Event.EventDispatcher	code/Lua/decompiled/Board/View/Item/ItemView.lua	static name match; dynamic dispatch not included
Board.View.Item.ItemView	846	StringUtil.StartWith	Common.Utility.StringUtil	code/Lua/decompiled/Board/View/Item/ItemView.lua	static name match; dynamic dispatch not included
Board.View.Item.ItemView	862	EventDispatcher.DispatchEvent	Common.Event.EventDispatcher	code/Lua/decompiled/Board/View/Item/ItemView.lua	static name match; dynamic dispatch not included
Board.View.Item.ItemView	896	ItemDataModel.GetSpriteName	Board.Model.ItemDataModel	code/Lua/decompiled/Board/View/Item/ItemView.lua	static name match; dynamic dispatch not included
Board.View.Item.ItemView	908	ItemDataModel.GetSpriteName	Board.Model.ItemDataModel	code/Lua/decompiled/Board/View/Item/ItemView.lua	static name match; dynamic dispatch not included
Board.View.Item.ItemView	920	StringUtil.IsNilOrEmpty	Common.Utility.StringUtil	code/Lua/decompiled/Board/View/Item/ItemView.lua	static name match; dynamic dispatch not included
Board.View.Item.ItemView	921	ActivityManager.IsInSuperSunshineRewardSpan	Model.Activity.ActivityManager	code/Lua/decompiled/Board/View/Item/ItemView.lua	static name match; dynamic dispatch not included
Board.View.Item.ItemView	930	StringUtil.IsNilOrEmpty	Common.Utility.StringUtil	code/Lua/decompiled/Board/View/Item/ItemView.lua	static name match; dynamic dispatch not included
Board.View.Item.ItemView	931	ActivityManager.IsInSuperSunshineRewardSpan	Model.Activity.ActivityManager	code/Lua/decompiled/Board/View/Item/ItemView.lua	static name match; dynamic dispatch not included
Board.View.Order.OrderCell	155	ConfigModel.GetServerConfigMD5	Model.ConfigModel	code/Lua/decompiled/Board/View/Order/OrderCell.lua	static name match; dynamic dispatch not included
Board.View.Order.OrderCell	157	Table.IsEmpty	Common.Utility.Table	code/Lua/decompiled/Board/View/Order/OrderCell.lua	static name match; dynamic dispatch not included
Board.View.Order.OrderCell	184	Table.ShallowCopy	Common.Utility.Table	code/Lua/decompiled/Board/View/Order/OrderCell.lua	static name match; dynamic dispatch not included
Board.View.Order.OrderCell	187	ConfigModel.GetServerConfig	Model.ConfigModel	code/Lua/decompiled/Board/View/Order/OrderCell.lua	static name match; dynamic dispatch not included
Board.View.Order.OrderCell	188	ConfigModel.GetServerConfigMD5	Model.ConfigModel	code/Lua/decompiled/Board/View/Order/OrderCell.lua	static name match; dynamic dispatch not included
Board.View.Order.OrderCell	189	Table.IsEmpty	Common.Utility.Table	code/Lua/decompiled/Board/View/Order/OrderCell.lua	static name match; dynamic dispatch not included
Board.View.Order.OrderCell	300	Table.IsEmpty	Common.Utility.Table	code/Lua/decompiled/Board/View/Order/OrderCell.lua	static name match; dynamic dispatch not included
Board.View.Order.OrderCell	314	ActivityManager.GetSunshineRewardPrefab	Model.Activity.ActivityManager	code/Lua/decompiled/Board/View/Order/OrderCell.lua	static name match; dynamic dispatch not included
Board.View.Order.OrderCell	333	Table.IsEmpty	Common.Utility.Table	code/Lua/decompiled/Board/View/Order/OrderCell.lua	static name match; dynamic dispatch not included
Board.View.Order.OrderCell	345	StringUtil.StartWith	Common.Utility.StringUtil	code/Lua/decompiled/Board/View/Order/OrderCell.lua	static name match; dynamic dispatch not included
Board.View.Order.OrderCell	357	ConfigModel.GetServerConfig	Model.ConfigModel	code/Lua/decompiled/Board/View/Order/OrderCell.lua	static name match; dynamic dispatch not included
Board.View.Order.OrderCell	445	Table.IsEmpty	Common.Utility.Table	code/Lua/decompiled/Board/View/Order/OrderCell.lua	static name match; dynamic dispatch not included
Board.View.Order.OrderCell	570	EventDispatcher.AddListener	Common.Event.EventDispatcher	code/Lua/decompiled/Board/View/Order/OrderCell.lua	static name match; dynamic dispatch not included
Board.View.Order.OrderCell	571	EventDispatcher.AddListener	Common.Event.EventDispatcher	code/Lua/decompiled/Board/View/Order/OrderCell.lua	static name match; dynamic dispatch not included
Board.View.Order.OrderCell	572	EventDispatcher.AddListener	Common.Event.EventDispatcher	code/Lua/decompiled/Board/View/Order/OrderCell.lua	static name match; dynamic dispatch not included
Board.View.Order.OrderCell	573	EventDispatcher.AddListener	Common.Event.EventDispatcher	code/Lua/decompiled/Board/View/Order/OrderCell.lua	static name match; dynamic dispatch not included
Board.View.Order.OrderCell	574	EventDispatcher.AddListener	Common.Event.EventDispatcher	code/Lua/decompiled/Board/View/Order/OrderCell.lua	static name match; dynamic dispatch not included
Board.View.Order.OrderCell	575	EventDispatcher.AddListener	Common.Event.EventDispatcher	code/Lua/decompiled/Board/View/Order/OrderCell.lua	static name match; dynamic dispatch not included
Board.View.Order.OrderCell	578	EventDispatcher.AddListener	Common.Event.EventDispatcher	code/Lua/decompiled/Board/View/Order/OrderCell.lua	static name match; dynamic dispatch not included
Board.View.Order.OrderCell	584	EventDispatcher.AddListener	Common.Event.EventDispatcher	code/Lua/decompiled/Board/View/Order/OrderCell.lua	static name match; dynamic dispatch not included
Board.View.Order.OrderCell	589	EventDispatcher.AddListener	Common.Event.EventDispatcher	code/Lua/decompiled/Board/View/Order/OrderCell.lua	static name match; dynamic dispatch not included
Board.View.Order.OrderCell	593	EventDispatcher.AddListener	Common.Event.EventDispatcher	code/Lua/decompiled/Board/View/Order/OrderCell.lua	static name match; dynamic dispatch not included
Board.View.Order.OrderCell	595	EventDispatcher.AddListener	Common.Event.EventDispatcher	code/Lua/decompiled/Board/View/Order/OrderCell.lua	static name match; dynamic dispatch not included
Board.View.Order.OrderCell	596	EventDispatcher.AddListener	Common.Event.EventDispatcher	code/Lua/decompiled/Board/View/Order/OrderCell.lua	static name match; dynamic dispatch not included
Board.View.Order.OrderCell	597	EventDispatcher.AddListener	Common.Event.EventDispatcher	code/Lua/decompiled/Board/View/Order/OrderCell.lua	static name match; dynamic dispatch not included
Board.View.Order.OrderCell	598	EventDispatcher.AddListener	Common.Event.EventDispatcher	code/Lua/decompiled/Board/View/Order/OrderCell.lua	static name match; dynamic dispatch not included
Board.View.Order.OrderCell	599	EventDispatcher.AddListener	Common.Event.EventDispatcher	code/Lua/decompiled/Board/View/Order/OrderCell.lua	static name match; dynamic dispatch not included
Board.View.Order.OrderCell	600	EventDispatcher.AddListener	Common.Event.EventDispatcher	code/Lua/decompiled/Board/View/Order/OrderCell.lua	static name match; dynamic dispatch not included
Board.View.Order.OrderCell	601	EventDispatcher.AddListener	Common.Event.EventDispatcher	code/Lua/decompiled/Board/View/Order/OrderCell.lua	static name match; dynamic dispatch not included
Board.View.Order.OrderCell	603	EventDispatcher.AddListener	Common.Event.EventDispatcher	code/Lua/decompiled/Board/View/Order/OrderCell.lua	static name match; dynamic dispatch not included
Board.View.Order.OrderCell	604	EventDispatcher.AddListener	Common.Event.EventDispatcher	code/Lua/decompiled/Board/View/Order/OrderCell.lua	static name match; dynamic dispatch not included
Board.View.Order.OrderCell	607	EventDispatcher.AddListener	Common.Event.EventDispatcher	code/Lua/decompiled/Board/View/Order/OrderCell.lua	static name match; dynamic dispatch not included
Board.View.Order.OrderCell	608	EventDispatcher.AddListener	Common.Event.EventDispatcher	code/Lua/decompiled/Board/View/Order/OrderCell.lua	static name match; dynamic dispatch not included
Board.View.Order.OrderCell	611	EventDispatcher.AddListener	Common.Event.EventDispatcher	code/Lua/decompiled/Board/View/Order/OrderCell.lua	static name match; dynamic dispatch not included
Board.View.Order.OrderCell	612	EventDispatcher.AddListener	Common.Event.EventDispatcher	code/Lua/decompiled/Board/View/Order/OrderCell.lua	static name match; dynamic dispatch not included
Board.View.Order.OrderCell	615	EventDispatcher.AddListener	Common.Event.EventDispatcher	code/Lua/decompiled/Board/View/Order/OrderCell.lua	static name match; dynamic dispatch not included
Board.View.Order.OrderCell	616	EventDispatcher.AddListener	Common.Event.EventDispatcher	code/Lua/decompiled/Board/View/Order/OrderCell.lua	static name match; dynamic dispatch not included
Board.View.Order.OrderCell	619	EventDispatcher.AddListener	Common.Event.EventDispatcher	code/Lua/decompiled/Board/View/Order/OrderCell.lua	static name match; dynamic dispatch not included
Board.View.Order.OrderCell	620	EventDispatcher.AddListener	Common.Event.EventDispatcher	code/Lua/decompiled/Board/View/Order/OrderCell.lua	static name match; dynamic dispatch not included
Board.View.Order.OrderCell	623	EventDispatcher.AddListener	Common.Event.EventDispatcher	code/Lua/decompiled/Board/View/Order/OrderCell.lua	static name match; dynamic dispatch not included
Board.View.Order.OrderCell	624	EventDispatcher.AddListener	Common.Event.EventDispatcher	code/Lua/decompiled/Board/View/Order/OrderCell.lua	static name match; dynamic dispatch not included
Board.View.Order.OrderCell	627	EventDispatcher.AddListener	Common.Event.EventDispatcher	code/Lua/decompiled/Board/View/Order/OrderCell.lua	static name match; dynamic dispatch not included
Board.View.Order.OrderCell	630	EventDispatcher.AddListener	Common.Event.EventDispatcher	code/Lua/decompiled/Board/View/Order/OrderCell.lua	static name match; dynamic dispatch not included
Board.View.Order.OrderCell	631	EventDispatcher.AddListener	Common.Event.EventDispatcher	code/Lua/decompiled/Board/View/Order/OrderCell.lua	static name match; dynamic dispatch not included
Board.View.Order.OrderCell	634	EventDispatcher.AddListener	Common.Event.EventDispatcher	code/Lua/decompiled/Board/View/Order/OrderCell.lua	static name match; dynamic dispatch not included
Board.View.Order.OrderCell	635	EventDispatcher.AddListener	Common.Event.EventDispatcher	code/Lua/decompiled/Board/View/Order/OrderCell.lua	static name match; dynamic dispatch not included
Board.View.Order.OrderCell	638	EventDispatcher.AddListener	Common.Event.EventDispatcher	code/Lua/decompiled/Board/View/Order/OrderCell.lua	static name match; dynamic dispatch not included
Board.View.Order.OrderCell	639	EventDispatcher.AddListener	Common.Event.EventDispatcher	code/Lua/decompiled/Board/View/Order/OrderCell.lua	static name match; dynamic dispatch not included
Board.View.Order.OrderCell	641	EventDispatcher.AddListener	Common.Event.EventDispatcher	code/Lua/decompiled/Board/View/Order/OrderCell.lua	static name match; dynamic dispatch not included
Board.View.Order.OrderCell	642	EventDispatcher.AddListener	Common.Event.EventDispatcher	code/Lua/decompiled/Board/View/Order/OrderCell.lua	static name match; dynamic dispatch not included
Board.View.Order.OrderCell	643	EventDispatcher.AddListener	Common.Event.EventDispatcher	code/Lua/decompiled/Board/View/Order/OrderCell.lua	static name match; dynamic dispatch not included
Board.View.Order.OrderCell	644	EventDispatcher.AddListener	Common.Event.EventDispatcher	code/Lua/decompiled/Board/View/Order/OrderCell.lua	static name match; dynamic dispatch not included
Board.View.Order.OrderCell	679	GameConfig.IsTestMode	Common.GameConfig	code/Lua/decompiled/Board/View/Order/OrderCell.lua	static name match; dynamic dispatch not included
Board.View.Order.OrderCell	680	PlayerPrefs.GetInt	Common.Utility.PlayerPrefs	code/Lua/decompiled/Board/View/Order/OrderCell.lua	static name match; dynamic dispatch not included
Board.View.Order.OrderCell	682	PlayerPrefs.GetInt	Common.Utility.PlayerPrefs	code/Lua/decompiled/Board/View/Order/OrderCell.lua	static name match; dynamic dispatch not included
Board.View.Order.OrderCell	684	PlayerPrefs.GetInt	Common.Utility.PlayerPrefs	code/Lua/decompiled/Board/View/Order/OrderCell.lua	static name match; dynamic dispatch not included
Board.View.Order.OrderCell	684	PlayerPrefs.GetInt	Common.Utility.PlayerPrefs	code/Lua/decompiled/Board/View/Order/OrderCell.lua	static name match; dynamic dispatch not included
Board.View.Order.OrderCell	717	PlayerPrefs.GetInt	Common.Utility.PlayerPrefs	code/Lua/decompiled/Board/View/Order/OrderCell.lua	static name match; dynamic dispatch not included
Board.View.Order.OrderCell	725	ActivityManager.GetModel	Model.Activity.ActivityManager	code/Lua/decompiled/Board/View/Order/OrderCell.lua	static name match; dynamic dispatch not included
Board.View.Order.OrderCell	752	MainBoardModel.GetOrderModel	Board.Model.Board.MainBoardModel	code/Lua/decompiled/Board/View/Order/OrderCell.lua	static name match; dynamic dispatch not included
Board.View.Order.OrderCell	789	EventDispatcher.DispatchEvent	Common.Event.EventDispatcher	code/Lua/decompiled/Board/View/Order/OrderCell.lua	static name match; dynamic dispatch not included
Board.View.Order.OrderCell	797	EventDispatcher.RemoveTarget	Common.Event.EventDispatcher	code/Lua/decompiled/Board/View/Order/OrderCell.lua	static name match; dynamic dispatch not included
Board.View.Order.OrderCell	798	Scheduler.UnscheduleTarget	Common.Utility.Scheduler	code/Lua/decompiled/Board/View/Order/OrderCell.lua	static name match; dynamic dispatch not included
Board.View.Order.OrderCell	834	TutorialModel.GetOngoingDatas	Model.Tutorial.TutorialModel	code/Lua/decompiled/Board/View/Order/OrderCell.lua	static name match; dynamic dispatch not included
Board.View.Order.OrderCell	844	ConfigModel.IsServerControlOpen	Model.ConfigModel	code/Lua/decompiled/Board/View/Order/OrderCell.lua	static name match; dynamic dispatch not included
Board.View.Order.OrderCell	847	ConfigModel.ParseGeneralConf	Model.ConfigModel	code/Lua/decompiled/Board/View/Order/OrderCell.lua	static name match; dynamic dispatch not included
Board.View.Order.OrderCell	848	PlayerPrefs.GetTimestamp	Common.Utility.PlayerPrefs	code/Lua/decompiled/Board/View/Order/OrderCell.lua	static name match; dynamic dispatch not included
Board.View.Order.OrderCell	849	GameModel.GetServerTime	Model.GameModel	code/Lua/decompiled/Board/View/Order/OrderCell.lua	static name match; dynamic dispatch not included
Board.View.Order.OrderCell	852	MainBoardModel.GetOrderModel	Board.Model.Board.MainBoardModel	code/Lua/decompiled/Board/View/Order/OrderCell.lua	static name match; dynamic dispatch not included
Board.View.Order.OrderCell	853	ActivityManager.GetCanSignUpActivityModels	Model.Activity.ActivityManager	code/Lua/decompiled/Board/View/Order/OrderCell.lua	static name match; dynamic dispatch not included
Board.View.Order.OrderCell	859	Table.IsEmpty	Common.Utility.Table	code/Lua/decompiled/Board/View/Order/OrderCell.lua	static name match; dynamic dispatch not included
Board.View.Order.OrderCell	908	EventDispatcher.DispatchEvent	Common.Event.EventDispatcher	code/Lua/decompiled/Board/View/Order/OrderCell.lua	static name match; dynamic dispatch not included
Board.View.Order.OrderCell	919	EventDispatcher.DispatchEvent	Common.Event.EventDispatcher	code/Lua/decompiled/Board/View/Order/OrderCell.lua	static name match; dynamic dispatch not included
Board.View.Order.OrderCell	950	EventDispatcher.DispatchEvent	Common.Event.EventDispatcher	code/Lua/decompiled/Board/View/Order/OrderCell.lua	static name match; dynamic dispatch not included
Board.View.Order.OrderCell	979	EventDispatcher.DispatchEvent	Common.Event.EventDispatcher	code/Lua/decompiled/Board/View/Order/OrderCell.lua	static name match; dynamic dispatch not included
Board.View.Order.OrderCell	992	ConfigModel.IsOrderDeliverButtonOpen	Model.ConfigModel	code/Lua/decompiled/Board/View/Order/OrderCell.lua	static name match; dynamic dispatch not included
Board.View.Order.OrderCell	1000	TutorialModel.IsTutorialFinished	Model.Tutorial.TutorialModel	code/Lua/decompiled/Board/View/Order/OrderCell.lua	static name match; dynamic dispatch not included
Board.View.Order.OrderCell	1000	TutorialModel.IsTutorialFinished	Model.Tutorial.TutorialModel	code/Lua/decompiled/Board/View/Order/OrderCell.lua	static name match; dynamic dispatch not included
Board.View.Order.OrderCell	1000	TutorialModel.HasAnyStrongTutorialOngoing	Model.Tutorial.TutorialModel	code/Lua/decompiled/Board/View/Order/OrderCell.lua	static name match; dynamic dispatch not included
Board.View.Order.OrderCell	1023	ConfigModel.IsServerControlOpen	Model.ConfigModel	code/Lua/decompiled/Board/View/Order/OrderCell.lua	static name match; dynamic dispatch not included
Board.View.Order.OrderCell	1081	ConfigModel.IsOrderDeliverButtonOpen	Model.ConfigModel	code/Lua/decompiled/Board/View/Order/OrderCell.lua	static name match; dynamic dispatch not included
Board.View.Order.OrderCell	1090	ConfigModel.IsOrderDeliverButtonOpen	Model.ConfigModel	code/Lua/decompiled/Board/View/Order/OrderCell.lua	static name match; dynamic dispatch not included
Board.View.Order.OrderCell	1114	TutorialHelper.IsMainOrderAreaLocked	Model.Tutorial.TutorialHelper	code/Lua/decompiled/Board/View/Order/OrderCell.lua	static name match; dynamic dispatch not included
Board.View.Order.OrderCell	1234	ConfigModel.IsOrderDeliverButtonOpen	Model.ConfigModel	code/Lua/decompiled/Board/View/Order/OrderCell.lua	static name match; dynamic dispatch not included
Board.View.Order.OrderCell	1336	ActivityManager.GetModel	Model.Activity.ActivityManager	code/Lua/decompiled/Board/View/Order/OrderCell.lua	static name match; dynamic dispatch not included
Board.View.Order.OrderCell	1417	MainBoardModel.GetOrderModel	Board.Model.Board.MainBoardModel	code/Lua/decompiled/Board/View/Order/OrderCell.lua	static name match; dynamic dispatch not included
Board.View.Order.OrderCell	1421	MainBoardModel.GetOrderModel	Board.Model.Board.MainBoardModel	code/Lua/decompiled/Board/View/Order/OrderCell.lua	static name match; dynamic dispatch not included
Board.View.Order.OrderCell	1871	ConfigModel.IsNewUserSystem	Model.ConfigModel	code/Lua/decompiled/Board/View/Order/OrderCell.lua	static name match; dynamic dispatch not included
Board.View.Order.OrderCell	1877	ItemDataModel.GetChainId	Board.Model.ItemDataModel	code/Lua/decompiled/Board/View/Order/OrderCell.lua	static name match; dynamic dispatch not included
Board.View.Order.OrderCell	1878	ItemDataModel.CanGenerateItem	Board.Model.ItemDataModel	code/Lua/decompiled/Board/View/Order/OrderCell.lua	static name match; dynamic dispatch not included
Board.View.Order.OrderCell	1880	ItemDataModel.GetItemOriginalGenerators	Board.Model.ItemDataModel	code/Lua/decompiled/Board/View/Order/OrderCell.lua	static name match; dynamic dispatch not included
Board.View.Order.OrderCell	1881	ItemDataModel.GetChainId	Board.Model.ItemDataModel	code/Lua/decompiled/Board/View/Order/OrderCell.lua	static name match; dynamic dispatch not included
Board.View.Order.OrderCell	1882	ItemDataModel.GetChainLevel	Board.Model.ItemDataModel	code/Lua/decompiled/Board/View/Order/OrderCell.lua	static name match; dynamic dispatch not included
Board.View.Order.OrderCell	1887	MainBoardModel.CanMergeGeneratorToLevelByChain	Board.Model.Board.MainBoardModel	code/Lua/decompiled/Board/View/Order/OrderCell.lua	static name match; dynamic dispatch not included
Board.View.Order.OrderCell	1892	ItemDataModel.GetChainMaxLevel	Board.Model.ItemDataModel	code/Lua/decompiled/Board/View/Order/OrderCell.lua	static name match; dynamic dispatch not included
Board.View.Order.OrderCell	1895	ItemUtility.GetChainLevelByCode	Board.Model.ItemUtility	code/Lua/decompiled/Board/View/Order/OrderCell.lua	static name match; dynamic dispatch not included
Board.View.Order.OrderCell	1900	ItemUtility.GetItemCode	Board.Model.ItemUtility	code/Lua/decompiled/Board/View/Order/OrderCell.lua	static name match; dynamic dispatch not included
Board.View.Order.OrderCell	1944	EventDispatcher.DispatchEvent	Common.Event.EventDispatcher	code/Lua/decompiled/Board/View/Order/OrderCell.lua	static name match; dynamic dispatch not included
Board.View.Order.OrderCell	1959	MapDataModel.GetSlotsIds	Model.MapDataModel	code/Lua/decompiled/Board/View/Order/OrderCell.lua	static name match; dynamic dispatch not included
Board.View.Order.OrderCell	1960	ItemDataModel.GetChainGenerator	Board.Model.ItemDataModel	code/Lua/decompiled/Board/View/Order/OrderCell.lua	static name match; dynamic dispatch not included
Board.View.Order.OrderCell	1960	ItemDataModel.GetChainId	Board.Model.ItemDataModel	code/Lua/decompiled/Board/View/Order/OrderCell.lua	static name match; dynamic dispatch not included
Board.View.Order.OrderCell	1963	MapDataModel.GetSlotMaxLevel	Model.MapDataModel	code/Lua/decompiled/Board/View/Order/OrderCell.lua	static name match; dynamic dispatch not included
Board.View.Order.OrderCell	1964	MapDataModel.GetSlotLevelMaxStage	Model.MapDataModel	code/Lua/decompiled/Board/View/Order/OrderCell.lua	static name match; dynamic dispatch not included
Board.View.Order.OrderCell	1965	MapDataModel.GetConfig	Model.MapDataModel	code/Lua/decompiled/Board/View/Order/OrderCell.lua	static name match; dynamic dispatch not included
Board.View.Order.OrderCell	1966	MapDataModel.GetConfig	Model.MapDataModel	code/Lua/decompiled/Board/View/Order/OrderCell.lua	static name match; dynamic dispatch not included
Board.View.Order.OrderCell	1969	ItemDataModel.IsPdItem	Board.Model.ItemDataModel	code/Lua/decompiled/Board/View/Order/OrderCell.lua	static name match; dynamic dispatch not included
Board.View.Order.OrderCell	1969	ItemDataModel.GetChainId	Board.Model.ItemDataModel	code/Lua/decompiled/Board/View/Order/OrderCell.lua	static name match; dynamic dispatch not included
Board.View.Order.OrderCell	1971	SceneManager.ChangeGameMode	Model.SceneManager	code/Lua/decompiled/Board/View/Order/OrderCell.lua	static name match; dynamic dispatch not included
Board.View.Order.OrderCell	1986	ItemDataModel.GetItemOriginalGenerators	Board.Model.ItemDataModel	code/Lua/decompiled/Board/View/Order/OrderCell.lua	static name match; dynamic dispatch not included
Board.View.Order.OrderCell	1987	ItemDataModel.GetChainId	Board.Model.ItemDataModel	code/Lua/decompiled/Board/View/Order/OrderCell.lua	static name match; dynamic dispatch not included
Board.View.Order.OrderCell	1988	ItemDataModel.GetChainLevel	Board.Model.ItemDataModel	code/Lua/decompiled/Board/View/Order/OrderCell.lua	static name match; dynamic dispatch not included
Board.View.Order.OrderCell	1989	MainBoardModel.CanMergeGeneratorToLevelByChain	Board.Model.Board.MainBoardModel	code/Lua/decompiled/Board/View/Order/OrderCell.lua	static name match; dynamic dispatch not included
Board.View.Order.OrderCell	1990	Table.IsEmpty	Common.Utility.Table	code/Lua/decompiled/Board/View/Order/OrderCell.lua	static name match; dynamic dispatch not included
Board.View.Order.OrderCell	1991	TutorialHelper.GetSceneView	Model.Tutorial.TutorialHelper	code/Lua/decompiled/Board/View/Order/OrderCell.lua	static name match; dynamic dispatch not included
Board.View.Order.OrderCell	1994	PositionUtil.UICameraScreen2World	Common.Utility.PositionUtil	code/Lua/decompiled/Board/View/Order/OrderCell.lua	static name match; dynamic dispatch not included
Board.View.Order.OrderCell	2001	EventDispatcher.DispatchEvent	Common.Event.EventDispatcher	code/Lua/decompiled/Board/View/Order/OrderCell.lua	static name match; dynamic dispatch not included
Board.View.Order.OrderCell	2008	Table.IsEmpty	Common.Utility.Table	code/Lua/decompiled/Board/View/Order/OrderCell.lua	static name match; dynamic dispatch not included
Board.View.Order.OrderCell	2016	EventDispatcher.DispatchEvent	Common.Event.EventDispatcher	code/Lua/decompiled/Board/View/Order/OrderCell.lua	static name match; dynamic dispatch not included
Board.View.Order.OrderCell	2024	Table.IsEmpty	Common.Utility.Table	code/Lua/decompiled/Board/View/Order/OrderCell.lua	static name match; dynamic dispatch not included
Board.View.Order.OrderCell	2034	ItemUtility.GetChainLevelByCode	Board.Model.ItemUtility	code/Lua/decompiled/Board/View/Order/OrderCell.lua	static name match; dynamic dispatch not included
Board.View.Order.OrderCell	2105	Table.IsEmpty	Common.Utility.Table	code/Lua/decompiled/Board/View/Order/OrderCell.lua	static name match; dynamic dispatch not included
Board.View.Order.OrderCell	2116	Table.IsEmpty	Common.Utility.Table	code/Lua/decompiled/Board/View/Order/OrderCell.lua	static name match; dynamic dispatch not included
Board.View.Order.OrderCell	2151	LevelModel.GetCurrentLevel	Model.UserData.LevelModel	code/Lua/decompiled/Board/View/Order/OrderCell.lua	static name match; dynamic dispatch not included
Drop.Board.Item.DropActivityBaseItem	16	DropModel.GetActiveModel	Drop.Model.DropModel	code/Lua/decompiled/Drop/Board/Item/DropActivityBaseItem.lua	static name match; dynamic dispatch not included
Drop.Board.Item.DropActivityNormalItem	5	DropActivityBaseItem.Init	Drop.Board.Item.DropActivityBaseItem	code/Lua/decompiled/Drop/Board/Item/DropActivityNormalItem.lua	static name match; dynamic dispatch not included
HuntActivity.Common.Board.BoardPromptHunt	40	ActivityManager.GetModel	Model.Activity.ActivityManager	code/Lua/decompiled/HuntActivity/Common/Board/BoardPromptHunt.lua	static name match; dynamic dispatch not included
HuntActivity.Common.Board.BoardPromptHunt	70	StringUtil.StartWith	Common.Utility.StringUtil	code/Lua/decompiled/HuntActivity/Common/Board/BoardPromptHunt.lua	static name match; dynamic dispatch not included
HuntActivity.Common.Board.BoardPromptHunt	71	ItemDataModel.GetChainLevel	Board.Model.ItemDataModel	code/Lua/decompiled/HuntActivity/Common/Board/BoardPromptHunt.lua	static name match; dynamic dispatch not included
HuntActivity.Common.Board.BoardPromptHunt	96	Table.ListRandomSelectOne	Common.Utility.Table	code/Lua/decompiled/HuntActivity/Common/Board/BoardPromptHunt.lua	static name match; dynamic dispatch not included
HuntActivity.Common.Board.BoardPromptHunt	97	Table.ListRandomSelectOne	Common.Utility.Table	code/Lua/decompiled/HuntActivity/Common/Board/BoardPromptHunt.lua	static name match; dynamic dispatch not included
HuntActivity.Common.Board.BoardPromptHunt	101	Table.ListRandomSelectN	Common.Utility.Table	code/Lua/decompiled/HuntActivity/Common/Board/BoardPromptHunt.lua	static name match; dynamic dispatch not included
HuntActivity.Common.Board.BoardPromptHunt	106	Table.ListRandomSelectOne	Common.Utility.Table	code/Lua/decompiled/HuntActivity/Common/Board/BoardPromptHunt.lua	static name match; dynamic dispatch not included
HuntActivity.Common.Board.BoardPromptHunt	107	Table.ListRandomSelectOne	Common.Utility.Table	code/Lua/decompiled/HuntActivity/Common/Board/BoardPromptHunt.lua	static name match; dynamic dispatch not included
HuntActivity.Common.Board.BoardPromptHunt	110	Table.ListRandomSelectN	Common.Utility.Table	code/Lua/decompiled/HuntActivity/Common/Board/BoardPromptHunt.lua	static name match; dynamic dispatch not included
HuntActivity.Common.Board.BoardPromptHunt	115	Table.ListRandomSelectOne	Common.Utility.Table	code/Lua/decompiled/HuntActivity/Common/Board/BoardPromptHunt.lua	static name match; dynamic dispatch not included
HuntActivity.Common.Board.BoardPromptHunt	117	Table.ListRandomSelectOne	Common.Utility.Table	code/Lua/decompiled/HuntActivity/Common/Board/BoardPromptHunt.lua	static name match; dynamic dispatch not included
HuntActivity.Common.Board.BoardPromptHunt	203	ItemDataModel.IsItemMaxLevel	Board.Model.ItemDataModel	code/Lua/decompiled/HuntActivity/Common/Board/BoardPromptHunt.lua	static name match; dynamic dispatch not included
HuntActivity.Common.Board.BoardPromptHunt	273	ActivityManager.GetModel	Model.Activity.ActivityManager	code/Lua/decompiled/HuntActivity/Common/Board/BoardPromptHunt.lua	static name match; dynamic dispatch not included
HuntActivity.Common.Board.BoardPromptHunt	290	ItemDataModel.IsItemMaxLevel	Board.Model.ItemDataModel	code/Lua/decompiled/HuntActivity/Common/Board/BoardPromptHunt.lua	static name match; dynamic dispatch not included
HuntActivity.Common.Board.BoardPromptHunt	363	TutorialModel.HasAnyStrongTutorialOngoing	Model.Tutorial.TutorialModel	code/Lua/decompiled/HuntActivity/Common/Board/BoardPromptHunt.lua	static name match; dynamic dispatch not included
HuntActivity.Common.Board.BoardPromptHunt	363	TutorialModel.IsTutorialFinished	Model.Tutorial.TutorialModel	code/Lua/decompiled/HuntActivity/Common/Board/BoardPromptHunt.lua	static name match; dynamic dispatch not included
HuntActivity.Common.Board.BoardPromptHunt	363	TutorialHelper.IsMaskShow	Model.Tutorial.TutorialHelper	code/Lua/decompiled/HuntActivity/Common/Board/BoardPromptHunt.lua	static name match; dynamic dispatch not included
HuntActivity.Common.Board.BoardPromptHunt	418	Table.IsEmpty	Common.Utility.Table	code/Lua/decompiled/HuntActivity/Common/Board/BoardPromptHunt.lua	static name match; dynamic dispatch not included
HuntActivity.Common.Board.BoardPromptHunt	508	Table.ListRandomSelectOne	Common.Utility.Table	code/Lua/decompiled/HuntActivity/Common/Board/BoardPromptHunt.lua	static name match; dynamic dispatch not included
HuntActivity.Common.Board.BoardPromptHunt	508	Table.ListRandomSelectOne	Common.Utility.Table	code/Lua/decompiled/HuntActivity/Common/Board/BoardPromptHunt.lua	static name match; dynamic dispatch not included
HuntActivity.Common.Board.BoardPromptHunt	512	Table.ListRandomSelectOne	Common.Utility.Table	code/Lua/decompiled/HuntActivity/Common/Board/BoardPromptHunt.lua	static name match; dynamic dispatch not included
HuntActivity.Common.Board.BoardPromptHunt	512	Table.ListRandomSelectOne	Common.Utility.Table	code/Lua/decompiled/HuntActivity/Common/Board/BoardPromptHunt.lua	static name match; dynamic dispatch not included
HuntActivity.Common.Board.HuntActivityBoardModel	17	BaseUIBoardModel.Init	Board.Model.Board.BaseUIBoardModel	code/Lua/decompiled/HuntActivity/Common/Board/HuntActivityBoardModel.lua	static name match; dynamic dispatch not included
HuntActivity.Common.Board.HuntActivityBoardModel	26	BaseBoardModel._CreateMatrix	Board.Model.Board.BaseBoardModel	code/Lua/decompiled/HuntActivity/Common/Board/HuntActivityBoardModel.lua	static name match; dynamic dispatch not included
HuntActivity.Common.Board.HuntActivityBoardModel	30	BaseBoardModel._CreatePosition	Board.Model.Board.BaseBoardModel	code/Lua/decompiled/HuntActivity/Common/Board/HuntActivityBoardModel.lua	static name match; dynamic dispatch not included
HuntActivity.Common.Board.HuntActivityBoardModel	34	BaseBoardModel._CreatePositionFromLocalPosition	Board.Model.Board.BaseBoardModel	code/Lua/decompiled/HuntActivity/Common/Board/HuntActivityBoardModel.lua	static name match; dynamic dispatch not included
HuntActivity.Common.Board.HuntActivityBoardModel	44	BaseBoardModel._CreatePosition	Board.Model.Board.BaseBoardModel	code/Lua/decompiled/HuntActivity/Common/Board/HuntActivityBoardModel.lua	static name match; dynamic dispatch not included
HuntActivity.Common.Board.HuntActivityBoardModel	74	EventDispatcher.DispatchEvent	Common.Event.EventDispatcher	code/Lua/decompiled/HuntActivity/Common/Board/HuntActivityBoardModel.lua	static name match; dynamic dispatch not included
HuntActivity.Common.Board.HuntActivityBoardModel	98	ItemModelFactory.CreateWithCode	Board.Model.ItemModelFactory	code/Lua/decompiled/HuntActivity/Common/Board/HuntActivityBoardModel.lua	static name match; dynamic dispatch not included
HuntActivity.Common.Board.HuntActivityBoardModel	118	BaseUIBoardModel.CanMoveRows	Board.Model.Board.BaseUIBoardModel	code/Lua/decompiled/HuntActivity/Common/Board/HuntActivityBoardModel.lua	static name match; dynamic dispatch not included
HuntActivity.Common.Board.HuntActivityBoardModel	139	StringUtil.rFind	Common.Utility.StringUtil	code/Lua/decompiled/HuntActivity/Common/Board/HuntActivityBoardModel.lua	static name match; dynamic dispatch not included
HuntActivity.Common.Board.HuntActivityBoardModel	143	ItemDataModel.GetModelConfig	Board.Model.ItemDataModel	code/Lua/decompiled/HuntActivity/Common/Board/HuntActivityBoardModel.lua	static name match; dynamic dispatch not included
HuntActivity.Common.Board.HuntActivityBoardModel	174	StringUtil.rFind	Common.Utility.StringUtil	code/Lua/decompiled/HuntActivity/Common/Board/HuntActivityBoardModel.lua	static name match; dynamic dispatch not included
HuntActivity.Common.Board.HuntActivityBoardModel	194	BaseUIBoardModel.GenerateItem	Board.Model.Board.BaseUIBoardModel	code/Lua/decompiled/HuntActivity/Common/Board/HuntActivityBoardModel.lua	static name match; dynamic dispatch not included
HuntActivity.Common.Board.HuntActivityBoardModel	208	Table.IsEmpty	Common.Utility.Table	code/Lua/decompiled/HuntActivity/Common/Board/HuntActivityBoardModel.lua	static name match; dynamic dispatch not included
HuntActivity.Common.Board.HuntActivityBoardModel	216	StringUtil.StartWith	Common.Utility.StringUtil	code/Lua/decompiled/HuntActivity/Common/Board/HuntActivityBoardModel.lua	static name match; dynamic dispatch not included
HuntActivity.Common.Board.HuntActivityBoardModel	219	StringUtil.StartWith	Common.Utility.StringUtil	code/Lua/decompiled/HuntActivity/Common/Board/HuntActivityBoardModel.lua	static name match; dynamic dispatch not included
HuntActivity.Common.Board.HuntActivityBoardModel	250	EventDispatcher.DispatchEvent	Common.Event.EventDispatcher	code/Lua/decompiled/HuntActivity/Common/Board/HuntActivityBoardModel.lua	static name match; dynamic dispatch not included
HuntActivity.Common.Board.HuntActivityBoardView	10	BaseUIBoardView.Init	Board.View.BaseUIBoardView	code/Lua/decompiled/HuntActivity/Common/Board/HuntActivityBoardView.lua	static name match; dynamic dispatch not included
HuntActivity.Common.Board.HuntActivityBoardView	13	GameConfig.IsTestMode	Common.GameConfig	code/Lua/decompiled/HuntActivity/Common/Board/HuntActivityBoardView.lua	static name match; dynamic dispatch not included
HuntActivity.Common.Board.HuntActivityBoardView	13	PlayerPrefs.GetInt	Common.Utility.PlayerPrefs	code/Lua/decompiled/HuntActivity/Common/Board/HuntActivityBoardView.lua	static name match; dynamic dispatch not included
HuntActivity.Common.Board.HuntActivityBoardView	17	EventDispatcher.AddListener	Common.Event.EventDispatcher	code/Lua/decompiled/HuntActivity/Common/Board/HuntActivityBoardView.lua	static name match; dynamic dispatch not included
HuntActivity.Common.Board.HuntActivityBoardView	18	EventDispatcher.AddListener	Common.Event.EventDispatcher	code/Lua/decompiled/HuntActivity/Common/Board/HuntActivityBoardView.lua	static name match; dynamic dispatch not included
HuntActivity.Common.Board.HuntActivityBoardView	19	EventDispatcher.AddListener	Common.Event.EventDispatcher	code/Lua/decompiled/HuntActivity/Common/Board/HuntActivityBoardView.lua	static name match; dynamic dispatch not included
HuntActivity.Common.Board.HuntActivityBoardView	20	EventDispatcher.AddListener	Common.Event.EventDispatcher	code/Lua/decompiled/HuntActivity/Common/Board/HuntActivityBoardView.lua	static name match; dynamic dispatch not included
HuntActivity.Common.Board.HuntActivityBoardView	21	EventDispatcher.AddListener	Common.Event.EventDispatcher	code/Lua/decompiled/HuntActivity/Common/Board/HuntActivityBoardView.lua	static name match; dynamic dispatch not included
HuntActivity.Common.Board.HuntActivityBoardView	22	EventDispatcher.AddListener	Common.Event.EventDispatcher	code/Lua/decompiled/HuntActivity/Common/Board/HuntActivityBoardView.lua	static name match; dynamic dispatch not included
HuntActivity.Common.Board.HuntActivityBoardView	28	ActivityManager.GetModel	Model.Activity.ActivityManager	code/Lua/decompiled/HuntActivity/Common/Board/HuntActivityBoardView.lua	static name match; dynamic dispatch not included
HuntActivity.Common.Board.HuntActivityBoardView	30	HuntActivityBoardModel.CreateMatrix	HuntActivity.Common.Board.HuntActivityBoardModel	code/Lua/decompiled/HuntActivity/Common/Board/HuntActivityBoardView.lua	static name match; dynamic dispatch not included
HuntActivity.Common.Board.HuntActivityBoardView	38	BaseUIBoardView._RegisterBoardEvent	Board.View.BaseUIBoardView	code/Lua/decompiled/HuntActivity/Common/Board/HuntActivityBoardView.lua	static name match; dynamic dispatch not included
HuntActivity.Common.Board.HuntActivityBoardView	79	EventDispatcher.DispatchEvent	Common.Event.EventDispatcher	code/Lua/decompiled/HuntActivity/Common/Board/HuntActivityBoardView.lua	static name match; dynamic dispatch not included
HuntActivity.Common.Board.HuntActivityBoardView	85	EventDispatcher.DispatchEvent	Common.Event.EventDispatcher	code/Lua/decompiled/HuntActivity/Common/Board/HuntActivityBoardView.lua	static name match; dynamic dispatch not included
HuntActivity.Common.Board.HuntActivityBoardView	90	EventDispatcher.DispatchEvent	Common.Event.EventDispatcher	code/Lua/decompiled/HuntActivity/Common/Board/HuntActivityBoardView.lua	static name match; dynamic dispatch not included
HuntActivity.Common.Board.HuntActivityBoardView	109	EventDispatcher.DispatchEvent	Common.Event.EventDispatcher	code/Lua/decompiled/HuntActivity/Common/Board/HuntActivityBoardView.lua	static name match; dynamic dispatch not included
HuntActivity.Common.Board.HuntActivityBoardView	114	EventDispatcher.DispatchEvent	Common.Event.EventDispatcher	code/Lua/decompiled/HuntActivity/Common/Board/HuntActivityBoardView.lua	static name match; dynamic dispatch not included
HuntActivity.Common.Board.HuntActivityBoardView	119	EventDispatcher.DispatchEvent	Common.Event.EventDispatcher	code/Lua/decompiled/HuntActivity/Common/Board/HuntActivityBoardView.lua	static name match; dynamic dispatch not included
HuntActivity.Common.Board.HuntActivityBoardView	130	BaseUIBoardView.OnDestroy	Board.View.BaseUIBoardView	code/Lua/decompiled/HuntActivity/Common/Board/HuntActivityBoardView.lua	static name match; dynamic dispatch not included
HuntActivity.Common.Board.HuntActivityBoardView	149	EventDispatcher.DispatchEvent	Common.Event.EventDispatcher	code/Lua/decompiled/HuntActivity/Common/Board/HuntActivityBoardView.lua	static name match; dynamic dispatch not included
HuntActivity.Common.Board.HuntActivityBoardView	154	EventDispatcher.DispatchEvent	Common.Event.EventDispatcher	code/Lua/decompiled/HuntActivity/Common/Board/HuntActivityBoardView.lua	static name match; dynamic dispatch not included
HuntActivity.Common.Board.HuntActivityBoardView	159	EventDispatcher.DispatchEvent	Common.Event.EventDispatcher	code/Lua/decompiled/HuntActivity/Common/Board/HuntActivityBoardView.lua	static name match; dynamic dispatch not included
HuntActivity.Common.Board.HuntActivityBoardView	181	BaseUIBoardView._CanShowMergeLight	Board.View.BaseUIBoardView	code/Lua/decompiled/HuntActivity/Common/Board/HuntActivityBoardView.lua	static name match; dynamic dispatch not included
HuntActivity.Common.Board.HuntActivityBoardView	189	BaseUIBoardView._UpdateIndicator	Board.View.BaseUIBoardView	code/Lua/decompiled/HuntActivity/Common/Board/HuntActivityBoardView.lua	static name match; dynamic dispatch not included
HuntActivity.Common.Board.HuntActivityBoardView	190	ConfigModel.IsSwallowDisOpen	Model.ConfigModel	code/Lua/decompiled/HuntActivity/Common/Board/HuntActivityBoardView.lua	static name match; dynamic dispatch not included
HuntActivity.Common.Board.HuntActivityBoardView	215	ConfigModel.IsServerControlOpen	Model.ConfigModel	code/Lua/decompiled/HuntActivity/Common/Board/HuntActivityBoardView.lua	static name match; dynamic dispatch not included
HuntActivity.Common.Board.HuntActivityBoardView	227	BaseUIBoardView._GetStartPromptScheduleDelay	Board.View.BaseUIBoardView	code/Lua/decompiled/HuntActivity/Common/Board/HuntActivityBoardView.lua	static name match; dynamic dispatch not included
HuntActivity.Common.Board.HuntActivityBoardView	243	BaseUIBoardView._SelectPrompt	Board.View.BaseUIBoardView	code/Lua/decompiled/HuntActivity/Common/Board/HuntActivityBoardView.lua	static name match; dynamic dispatch not included
HuntActivity.Common.Board.HuntActivityBoardView	247	GameConfig.IsTestMode	Common.GameConfig	code/Lua/decompiled/HuntActivity/Common/Board/HuntActivityBoardView.lua	static name match; dynamic dispatch not included
HuntActivity.Common.Board.HuntActivityBoardView	286	BaseUIBoardView._OnTransformItem	Board.View.BaseUIBoardView	code/Lua/decompiled/HuntActivity/Common/Board/HuntActivityBoardView.lua	static name match; dynamic dispatch not included
HuntActivity.Common.Board.HuntActivityBoardView	288	EventDispatcher.DispatchEvent	Common.Event.EventDispatcher	code/Lua/decompiled/HuntActivity/Common/Board/HuntActivityBoardView.lua	static name match; dynamic dispatch not included
HuntActivity.Common.Board.HuntActivityBoardView	303	BaseUIBoardView._OnHuntPdTransformItem	Board.View.BaseUIBoardView	code/Lua/decompiled/HuntActivity/Common/Board/HuntActivityBoardView.lua	static name match; dynamic dispatch not included
HuntActivity.Common.Board.HuntActivityBoardView	310	Table.IsEmpty	Common.Utility.Table	code/Lua/decompiled/HuntActivity/Common/Board/HuntActivityBoardView.lua	static name match; dynamic dispatch not included
HuntActivity.Common.Board.HuntActivityBoardView	310	StringUtil.IsNilOrEmpty	Common.Utility.StringUtil	code/Lua/decompiled/HuntActivity/Common/Board/HuntActivityBoardView.lua	static name match; dynamic dispatch not included
HuntActivity.Common.Board.HuntActivityBoardView	310	StringUtil.StartWith	Common.Utility.StringUtil	code/Lua/decompiled/HuntActivity/Common/Board/HuntActivityBoardView.lua	static name match; dynamic dispatch not included
HuntActivity.Common.Board.HuntActivityBoardView	330	BaseUIBoardView._SetItemVisibleInScrollMask	Board.View.BaseUIBoardView	code/Lua/decompiled/HuntActivity/Common/Board/HuntActivityBoardView.lua	static name match; dynamic dispatch not included
HuntActivity.Common.Board.HuntActivityBoardView	352	StringUtil.StartWith	Common.Utility.StringUtil	code/Lua/decompiled/HuntActivity/Common/Board/HuntActivityBoardView.lua	static name match; dynamic dispatch not included
HuntActivity.Common.Board.HuntActivityItemLayerModel	11	BaseUIBoardItemLayerModel.Init	Board.Model.Board.BaseUIBoardItemLayerModel	code/Lua/decompiled/HuntActivity/Common/Board/HuntActivityItemLayerModel.lua	static name match; dynamic dispatch not included
HuntActivity.Common.Board.HuntActivityItemLayerModel	44	EventDispatcher.DispatchEvent	Common.Event.EventDispatcher	code/Lua/decompiled/HuntActivity/Common/Board/HuntActivityItemLayerModel.lua	static name match; dynamic dispatch not included
HuntActivity.Common.Board.HuntActivityItemTransformLayerModel	62	Table.IsEmpty	Common.Utility.Table	code/Lua/decompiled/HuntActivity/Common/Board/HuntActivityItemTransformLayerModel.lua	static name match; dynamic dispatch not included
HuntActivity.Common.Board.HuntActivityItemTransformLayerModel	67	ItemModelFactory.CreateWithCode	Board.Model.ItemModelFactory	code/Lua/decompiled/HuntActivity/Common/Board/HuntActivityItemTransformLayerModel.lua	static name match; dynamic dispatch not included
HuntActivity.Common.Board.HuntActivitySwallowLock	16	ActivityManager.GetModel	Model.Activity.ActivityManager	code/Lua/decompiled/HuntActivity/Common/Board/HuntActivitySwallowLock.lua	static name match; dynamic dispatch not included
HuntActivity.Common.Board.HuntActivitySwallowLock	20	ItemDataModel.GetSpriteName	Board.Model.ItemDataModel	code/Lua/decompiled/HuntActivity/Common/Board/HuntActivitySwallowLock.lua	static name match; dynamic dispatch not included
HuntActivity.Common.Board.HuntActivitySwallowLock	30	Table.IsEmpty	Common.Utility.Table	code/Lua/decompiled/HuntActivity/Common/Board/HuntActivitySwallowLock.lua	static name match; dynamic dispatch not included
HuntActivity.Common.Board.ItemHuntAnim	10	EventDispatcher.DispatchEvent	Common.Event.EventDispatcher	code/Lua/decompiled/HuntActivity/Common/Board/ItemHuntAnim.lua	static name match; dynamic dispatch not included
HuntActivity.Common.Board.ItemHuntAnim	26	HuntActivityModel.GetActiveModel	HuntActivity.Common.Model.HuntActivityModel	code/Lua/decompiled/HuntActivity/Common/Board/ItemHuntAnim.lua	static name match; dynamic dispatch not included
HuntActivity.Common.Board.ItemHuntAnim	60	HuntActivityBoardModel.CreatePosition	HuntActivity.Common.Board.HuntActivityBoardModel	code/Lua/decompiled/HuntActivity/Common/Board/ItemHuntAnim.lua	static name match; dynamic dispatch not included
HuntActivity.Common.Board.ItemHuntAnim	62	ItemFixedSpreadModel.GenerateItemCode	Board.Model.Board.ItemFixedSpreadModel	code/Lua/decompiled/HuntActivity/Common/Board/ItemHuntAnim.lua	static name match; dynamic dispatch not included
HuntActivity.Common.Board.ItemHuntAnim	69	ItemFixedSpreadModel.GenerateItemCode	Board.Model.Board.ItemFixedSpreadModel	code/Lua/decompiled/HuntActivity/Common/Board/ItemHuntAnim.lua	static name match; dynamic dispatch not included
HuntActivity.Common.Board.ItemHuntAnim	73	EventDispatcher.DispatchEvent	Common.Event.EventDispatcher	code/Lua/decompiled/HuntActivity/Common/Board/ItemHuntAnim.lua	static name match; dynamic dispatch not included
HuntActivity.Common.Board.ItemHuntAnim	84	EventDispatcher.DispatchEvent	Common.Event.EventDispatcher	code/Lua/decompiled/HuntActivity/Common/Board/ItemHuntAnim.lua	static name match; dynamic dispatch not included
HuntActivity.Common.Board.ItemHuntAnim	107	HuntActivityModel.GetActiveModel	HuntActivity.Common.Model.HuntActivityModel	code/Lua/decompiled/HuntActivity/Common/Board/ItemHuntAnim.lua	static name match; dynamic dispatch not included
HuntActivity.Common.Board.ItemHuntAnim	260	EventDispatcher.DispatchEvent	Common.Event.EventDispatcher	code/Lua/decompiled/HuntActivity/Common/Board/ItemHuntAnim.lua	static name match; dynamic dispatch not included
HuntActivity.Common.Board.ItemHuntAnim	269	EventDispatcher.AddListener	Common.Event.EventDispatcher	code/Lua/decompiled/HuntActivity/Common/Board/ItemHuntAnim.lua	static name match; dynamic dispatch not included
HuntActivity.Common.Board.ItemHuntAnim	289	EventDispatcher.RemoveTarget	Common.Event.EventDispatcher	code/Lua/decompiled/HuntActivity/Common/Board/ItemHuntAnim.lua	static name match; dynamic dispatch not included
HuntActivity.Common.Board.ItemHuntAnim	415	EventDispatcher.DispatchEvent	Common.Event.EventDispatcher	code/Lua/decompiled/HuntActivity/Common/Board/ItemHuntAnim.lua	static name match; dynamic dispatch not included
HuntActivity.Common.Board.ItemHuntAnim	437	PositionUtil.UICameraScreen2World	Common.Utility.PositionUtil	code/Lua/decompiled/HuntActivity/Common/Board/ItemHuntAnim.lua	static name match; dynamic dispatch not included
HuntActivity.Common.Board.ItemHuntMonster	23	EventDispatcher.DispatchEvent	Common.Event.EventDispatcher	code/Lua/decompiled/HuntActivity/Common/Board/ItemHuntMonster.lua	static name match; dynamic dispatch not included
HuntActivity.Common.Board.ItemHuntMonster	33	ActivityManager.GetModel	Model.Activity.ActivityManager	code/Lua/decompiled/HuntActivity/Common/Board/ItemHuntMonster.lua	static name match; dynamic dispatch not included
HuntActivity.Common.Board.ItemHuntMonster	48	ItemDataModel.GetChainId	Board.Model.ItemDataModel	code/Lua/decompiled/HuntActivity/Common/Board/ItemHuntMonster.lua	static name match; dynamic dispatch not included
HuntActivity.Common.Board.ItemHuntMonster	85	Scheduler.UnscheduleTarget	Common.Utility.Scheduler	code/Lua/decompiled/HuntActivity/Common/Board/ItemHuntMonster.lua	static name match; dynamic dispatch not included
HuntActivity.Common.Board.ItemHuntMonster	122	ActivityManager.GetModel	Model.Activity.ActivityManager	code/Lua/decompiled/HuntActivity/Common/Board/ItemHuntMonster.lua	static name match; dynamic dispatch not included
HuntActivity.Common.Board.ItemHuntMonster	132	ItemDataModel.GetModelConfig	Board.Model.ItemDataModel	code/Lua/decompiled/HuntActivity/Common/Board/ItemHuntMonster.lua	static name match; dynamic dispatch not included
HuntActivity.Common.Board.ItemHuntMonster	135	ItemFixedSpreadModel.GenerateItemCodeWithCfgKey	Board.Model.Board.ItemFixedSpreadModel	code/Lua/decompiled/HuntActivity/Common/Board/ItemHuntMonster.lua	static name match; dynamic dispatch not included
HuntActivity.Common.Board.ItemHuntMonster	152	Scheduler.Schedule	Common.Utility.Scheduler	code/Lua/decompiled/HuntActivity/Common/Board/ItemHuntMonster.lua	static name match; dynamic dispatch not included
HuntActivity.Common.Board.ItemHuntMonster	177	EventDispatcher.RemoveTarget	Common.Event.EventDispatcher	code/Lua/decompiled/HuntActivity/Common/Board/ItemHuntMonster.lua	static name match; dynamic dispatch not included
HuntActivity.Common.Board.ItemHuntMonster	178	Scheduler.UnscheduleTarget	Common.Utility.Scheduler	code/Lua/decompiled/HuntActivity/Common/Board/ItemHuntMonster.lua	static name match; dynamic dispatch not included
HuntActivity.Common.Board.ItemHuntMonster	193	EventDispatcher.DispatchEvent	Common.Event.EventDispatcher	code/Lua/decompiled/HuntActivity/Common/Board/ItemHuntMonster.lua	static name match; dynamic dispatch not included
HuntActivity.Common.Board.ItemHuntMonster	202	EventDispatcher.DispatchEvent	Common.Event.EventDispatcher	code/Lua/decompiled/HuntActivity/Common/Board/ItemHuntMonster.lua	static name match; dynamic dispatch not included
HuntActivity.Common.Board.ItemHuntMonster	226	PositionUtil.UICameraScreen2World	Common.Utility.PositionUtil	code/Lua/decompiled/HuntActivity/Common/Board/ItemHuntMonster.lua	static name match; dynamic dispatch not included
HuntActivity.Common.Board.ItemHuntMonster	271	ActivityManager.GetModel	Model.Activity.ActivityManager	code/Lua/decompiled/HuntActivity/Common/Board/ItemHuntMonster.lua	static name match; dynamic dispatch not included
HuntActivity.Common.Board.ItemHuntMonster	405	Scheduler.Unschedule	Common.Utility.Scheduler	code/Lua/decompiled/HuntActivity/Common/Board/ItemHuntMonster.lua	static name match; dynamic dispatch not included
HuntActivity.Common.Board.ItemHuntMonster	406	Scheduler.Unschedule	Common.Utility.Scheduler	code/Lua/decompiled/HuntActivity/Common/Board/ItemHuntMonster.lua	static name match; dynamic dispatch not included
HuntActivity.Common.Board.ItemHuntMonster	407	Scheduler.Unschedule	Common.Utility.Scheduler	code/Lua/decompiled/HuntActivity/Common/Board/ItemHuntMonster.lua	static name match; dynamic dispatch not included
HuntActivity.Common.Board.ItemHuntSignature	29	EventDispatcher.DispatchEvent	Common.Event.EventDispatcher	code/Lua/decompiled/HuntActivity/Common/Board/ItemHuntSignature.lua	static name match; dynamic dispatch not included
HuntActivity.Common.Board.ItemHuntSignature	39	ActivityManager.GetModel	Model.Activity.ActivityManager	code/Lua/decompiled/HuntActivity/Common/Board/ItemHuntSignature.lua	static name match; dynamic dispatch not included
HuntActivity.Common.Board.ItemHuntSignature	47	ItemDataModel.GetChainId	Board.Model.ItemDataModel	code/Lua/decompiled/HuntActivity/Common/Board/ItemHuntSignature.lua	static name match; dynamic dispatch not included
HuntActivity.Common.Board.ItemHuntSignature	60	EventDispatcher.AddListener	Common.Event.EventDispatcher	code/Lua/decompiled/HuntActivity/Common/Board/ItemHuntSignature.lua	static name match; dynamic dispatch not included
HuntActivity.Common.Board.ItemHuntSignature	85	ActivityManager.GetModel	Model.Activity.ActivityManager	code/Lua/decompiled/HuntActivity/Common/Board/ItemHuntSignature.lua	static name match; dynamic dispatch not included
HuntActivity.Common.Board.ItemHuntSignature	118	EventDispatcher.RemoveTarget	Common.Event.EventDispatcher	code/Lua/decompiled/HuntActivity/Common/Board/ItemHuntSignature.lua	static name match; dynamic dispatch not included
HuntActivity.Common.Board.ItemHuntSignature	153	EventDispatcher.DispatchEvent	Common.Event.EventDispatcher	code/Lua/decompiled/HuntActivity/Common/Board/ItemHuntSignature.lua	static name match; dynamic dispatch not included
HuntActivity.Common.Board.ItemHuntSignature	162	EventDispatcher.DispatchEvent	Common.Event.EventDispatcher	code/Lua/decompiled/HuntActivity/Common/Board/ItemHuntSignature.lua	static name match; dynamic dispatch not included
HuntActivity.Common.Board.ItemHuntSignature	186	PositionUtil.UICameraScreen2World	Common.Utility.PositionUtil	code/Lua/decompiled/HuntActivity/Common/Board/ItemHuntSignature.lua	static name match; dynamic dispatch not included
HuntActivity.Common.Model.HuntActivityModel	57	ActivityTokenHelper.Create	Model.Activity.ActivityTokenHelper	code/Lua/decompiled/HuntActivity/Common/Model/HuntActivityModel.lua	static name match; dynamic dispatch not included
HuntActivity.Common.Model.HuntActivityModel	67	BaseActivityModel.Init	Model.Activity.BaseActivityModel	code/Lua/decompiled/HuntActivity/Common/Model/HuntActivityModel.lua	static name match; dynamic dispatch not included
HuntActivity.Common.Model.HuntActivityModel	69	EventDispatcher.AddListener	Common.Event.EventDispatcher	code/Lua/decompiled/HuntActivity/Common/Model/HuntActivityModel.lua	static name match; dynamic dispatch not included
HuntActivity.Common.Model.HuntActivityModel	70	EventDispatcher.AddListener	Common.Event.EventDispatcher	code/Lua/decompiled/HuntActivity/Common/Model/HuntActivityModel.lua	static name match; dynamic dispatch not included
HuntActivity.Common.Model.HuntActivityModel	71	EventDispatcher.AddListener	Common.Event.EventDispatcher	code/Lua/decompiled/HuntActivity/Common/Model/HuntActivityModel.lua	static name match; dynamic dispatch not included
HuntActivity.Common.Model.HuntActivityModel	72	EventDispatcher.AddListener	Common.Event.EventDispatcher	code/Lua/decompiled/HuntActivity/Common/Model/HuntActivityModel.lua	static name match; dynamic dispatch not included
HuntActivity.Common.Model.HuntActivityModel	73	EventDispatcher.AddListener	Common.Event.EventDispatcher	code/Lua/decompiled/HuntActivity/Common/Model/HuntActivityModel.lua	static name match; dynamic dispatch not included
HuntActivity.Common.Model.HuntActivityModel	74	EventDispatcher.AddListener	Common.Event.EventDispatcher	code/Lua/decompiled/HuntActivity/Common/Model/HuntActivityModel.lua	static name match; dynamic dispatch not included
HuntActivity.Common.Model.HuntActivityModel	78	BaseActivityModel.Destroy	Model.Activity.BaseActivityModel	code/Lua/decompiled/HuntActivity/Common/Model/HuntActivityModel.lua	static name match; dynamic dispatch not included
HuntActivity.Common.Model.HuntActivityModel	91	ActivityManager.GetModel	Model.Activity.ActivityManager	code/Lua/decompiled/HuntActivity/Common/Model/HuntActivityModel.lua	static name match; dynamic dispatch not included
HuntActivity.Common.Model.HuntActivityModel	102	Table.Contain	Common.Utility.Table	code/Lua/decompiled/HuntActivity/Common/Model/HuntActivityModel.lua	static name match; dynamic dispatch not included
HuntActivity.Common.Model.HuntActivityModel	154	StringUtil.IsNilOrEmpty	Common.Utility.StringUtil	code/Lua/decompiled/HuntActivity/Common/Model/HuntActivityModel.lua	static name match; dynamic dispatch not included
HuntActivity.Common.Model.HuntActivityModel	155	StringUtil.Split	Common.Utility.StringUtil	code/Lua/decompiled/HuntActivity/Common/Model/HuntActivityModel.lua	static name match; dynamic dispatch not included
HuntActivity.Common.Model.HuntActivityModel	156	StringUtil.SplitToNum	Common.Utility.StringUtil	code/Lua/decompiled/HuntActivity/Common/Model/HuntActivityModel.lua	static name match; dynamic dispatch not included
HuntActivity.Common.Model.HuntActivityModel	166	Table.IsEmpty	Common.Utility.Table	code/Lua/decompiled/HuntActivity/Common/Model/HuntActivityModel.lua	static name match; dynamic dispatch not included
HuntActivity.Common.Model.HuntActivityModel	175	Table.DeepCopy	Common.Utility.Table	code/Lua/decompiled/HuntActivity/Common/Model/HuntActivityModel.lua	static name match; dynamic dispatch not included
HuntActivity.Common.Model.HuntActivityModel	177	Table.DeepCopy	Common.Utility.Table	code/Lua/decompiled/HuntActivity/Common/Model/HuntActivityModel.lua	static name match; dynamic dispatch not included
HuntActivity.Common.Model.HuntActivityModel	179	Table.DeepCopy	Common.Utility.Table	code/Lua/decompiled/HuntActivity/Common/Model/HuntActivityModel.lua	static name match; dynamic dispatch not included
HuntActivity.Common.Model.HuntActivityModel	199	Table.IsEmpty	Common.Utility.Table	code/Lua/decompiled/HuntActivity/Common/Model/HuntActivityModel.lua	static name match; dynamic dispatch not included
HuntActivity.Common.Model.HuntActivityModel	199	Table.IsEmpty	Common.Utility.Table	code/Lua/decompiled/HuntActivity/Common/Model/HuntActivityModel.lua	static name match; dynamic dispatch not included
HuntActivity.Common.Model.HuntActivityModel	221	GameConfig.IsTestMode	Common.GameConfig	code/Lua/decompiled/HuntActivity/Common/Model/HuntActivityModel.lua	static name match; dynamic dispatch not included
HuntActivity.Common.Model.HuntActivityModel	249	Table.IsEmpty	Common.Utility.Table	code/Lua/decompiled/HuntActivity/Common/Model/HuntActivityModel.lua	static name match; dynamic dispatch not included
HuntActivity.Common.Model.HuntActivityModel	254	GameConfig.IsTestMode	Common.GameConfig	code/Lua/decompiled/HuntActivity/Common/Model/HuntActivityModel.lua	static name match; dynamic dispatch not included
HuntActivity.Common.Model.HuntActivityModel	265	BaseActivityModel._DropData	Model.Activity.BaseActivityModel	code/Lua/decompiled/HuntActivity/Common/Model/HuntActivityModel.lua	static name match; dynamic dispatch not included
HuntActivity.Common.Model.HuntActivityModel	285	ConfigModel.GetServerConfig	Model.ConfigModel	code/Lua/decompiled/HuntActivity/Common/Model/HuntActivityModel.lua	static name match; dynamic dispatch not included
HuntActivity.Common.Model.HuntActivityModel	286	Table.IsEmpty	Common.Utility.Table	code/Lua/decompiled/HuntActivity/Common/Model/HuntActivityModel.lua	static name match; dynamic dispatch not included
HuntActivity.Common.Model.HuntActivityModel	322	ActivityManager.GetModel	Model.Activity.ActivityManager	code/Lua/decompiled/HuntActivity/Common/Model/HuntActivityModel.lua	static name match; dynamic dispatch not included
HuntActivity.Common.Model.HuntActivityModel	336	GameModel.GetServerTime	Model.GameModel	code/Lua/decompiled/HuntActivity/Common/Model/HuntActivityModel.lua	static name match; dynamic dispatch not included
HuntActivity.Common.Model.HuntActivityModel	349	BaseActivityModel.UpdatePerSecond	Model.Activity.BaseActivityModel	code/Lua/decompiled/HuntActivity/Common/Model/HuntActivityModel.lua	static name match; dynamic dispatch not included
HuntActivity.Common.Model.HuntActivityModel	354	BaseActivityModel._CalculateState	Model.Activity.BaseActivityModel	code/Lua/decompiled/HuntActivity/Common/Model/HuntActivityModel.lua	static name match; dynamic dispatch not included
HuntActivity.Common.Model.HuntActivityModel	407	Table.IsEmpty	Common.Utility.Table	code/Lua/decompiled/HuntActivity/Common/Model/HuntActivityModel.lua	static name match; dynamic dispatch not included
HuntActivity.Common.Model.HuntActivityModel	410	Table.IsEmpty	Common.Utility.Table	code/Lua/decompiled/HuntActivity/Common/Model/HuntActivityModel.lua	static name match; dynamic dispatch not included
HuntActivity.Common.Model.HuntActivityModel	419	ItemDataModel.GetModelConfig	Board.Model.ItemDataModel	code/Lua/decompiled/HuntActivity/Common/Model/HuntActivityModel.lua	static name match; dynamic dispatch not included
HuntActivity.Common.Model.HuntActivityModel	422	ItemFixedSpreadModel.GenerateItemCodeWithCfgKey	Board.Model.Board.ItemFixedSpreadModel	code/Lua/decompiled/HuntActivity/Common/Model/HuntActivityModel.lua	static name match; dynamic dispatch not included
HuntActivity.Common.Model.HuntActivityModel	438	EventDispatcher.DispatchEvent	Common.Event.EventDispatcher	code/Lua/decompiled/HuntActivity/Common/Model/HuntActivityModel.lua	static name match; dynamic dispatch not included
HuntActivity.Common.Model.HuntActivityModel	439	EventDispatcher.DispatchEvent	Common.Event.EventDispatcher	code/Lua/decompiled/HuntActivity/Common/Model/HuntActivityModel.lua	static name match; dynamic dispatch not included
HuntActivity.Common.Model.HuntActivityModel	444	Table.IsEmpty	Common.Utility.Table	code/Lua/decompiled/HuntActivity/Common/Model/HuntActivityModel.lua	static name match; dynamic dispatch not included
HuntActivity.Common.Model.HuntActivityModel	445	HuntActivityBoardModel.Create	HuntActivity.Common.Board.HuntActivityBoardModel	code/Lua/decompiled/HuntActivity/Common/Model/HuntActivityModel.lua	static name match; dynamic dispatch not included
HuntActivity.Common.Model.HuntActivityModel	468	StringUtil.IsNilOrEmpty	Common.Utility.StringUtil	code/Lua/decompiled/HuntActivity/Common/Model/HuntActivityModel.lua	static name match; dynamic dispatch not included
HuntActivity.Common.Model.HuntActivityModel	469	StringUtil.IsNilOrEmpty	Common.Utility.StringUtil	code/Lua/decompiled/HuntActivity/Common/Model/HuntActivityModel.lua	static name match; dynamic dispatch not included
HuntActivity.Common.Model.HuntActivityModel	470	StringUtil.IsNilOrEmpty	Common.Utility.StringUtil	code/Lua/decompiled/HuntActivity/Common/Model/HuntActivityModel.lua	static name match; dynamic dispatch not included
HuntActivity.Common.Model.HuntActivityModel	471	StringUtil.IsNilOrEmpty	Common.Utility.StringUtil	code/Lua/decompiled/HuntActivity/Common/Model/HuntActivityModel.lua	static name match; dynamic dispatch not included
HuntActivity.Common.Model.HuntActivityModel	489	Table.IsEmpty	Common.Utility.Table	code/Lua/decompiled/HuntActivity/Common/Model/HuntActivityModel.lua	static name match; dynamic dispatch not included
HuntActivity.Common.Model.HuntActivityModel	496	Table.IsEmpty	Common.Utility.Table	code/Lua/decompiled/HuntActivity/Common/Model/HuntActivityModel.lua	static name match; dynamic dispatch not included
HuntActivity.Common.Model.HuntActivityModel	506	Table.DeepCopy	Common.Utility.Table	code/Lua/decompiled/HuntActivity/Common/Model/HuntActivityModel.lua	static name match; dynamic dispatch not included
HuntActivity.Common.Model.HuntActivityModel	509	StringUtil.Replace	Common.Utility.StringUtil	code/Lua/decompiled/HuntActivity/Common/Model/HuntActivityModel.lua	static name match; dynamic dispatch not included
HuntActivity.Common.Model.HuntActivityModel	533	Table.IsEmpty	Common.Utility.Table	code/Lua/decompiled/HuntActivity/Common/Model/HuntActivityModel.lua	static name match; dynamic dispatch not included
HuntActivity.Common.Model.HuntActivityModel	537	EventDispatcher.DispatchEvent	Common.Event.EventDispatcher	code/Lua/decompiled/HuntActivity/Common/Model/HuntActivityModel.lua	static name match; dynamic dispatch not included
HuntActivity.Common.Model.HuntActivityModel	593	RewardApi.AcquireRewardsLogic	Model.UserData.RewardApi	code/Lua/decompiled/HuntActivity/Common/Model/HuntActivityModel.lua	static name match; dynamic dispatch not included
HuntActivity.Common.Model.HuntActivityModel	603	EventDispatcher.DispatchEvent	Common.Event.EventDispatcher	code/Lua/decompiled/HuntActivity/Common/Model/HuntActivityModel.lua	static name match; dynamic dispatch not included
HuntActivity.Common.Model.HuntActivityModel	614	StringUtil.SplitToNum	Common.Utility.StringUtil	code/Lua/decompiled/HuntActivity/Common/Model/HuntActivityModel.lua	static name match; dynamic dispatch not included
HuntActivity.Common.Model.HuntActivityModel	623	Table.GetKeys	Common.Utility.Table	code/Lua/decompiled/HuntActivity/Common/Model/HuntActivityModel.lua	static name match; dynamic dispatch not included
HuntActivity.Common.Model.HuntActivityModel	629	StringUtil.Split	Common.Utility.StringUtil	code/Lua/decompiled/HuntActivity/Common/Model/HuntActivityModel.lua	static name match; dynamic dispatch not included
HuntActivity.Common.Model.HuntActivityModel	632	StringUtil.SplitToNum	Common.Utility.StringUtil	code/Lua/decompiled/HuntActivity/Common/Model/HuntActivityModel.lua	static name match; dynamic dispatch not included
HuntActivity.Common.Model.HuntActivityModel	642	Table.IsEmpty	Common.Utility.Table	code/Lua/decompiled/HuntActivity/Common/Model/HuntActivityModel.lua	static name match; dynamic dispatch not included
HuntActivity.Common.Model.HuntActivityModel	695	Table.IsEmpty	Common.Utility.Table	code/Lua/decompiled/HuntActivity/Common/Model/HuntActivityModel.lua	static name match; dynamic dispatch not included
HuntActivity.Common.Model.HuntActivityModel	704	Table.IsEmpty	Common.Utility.Table	code/Lua/decompiled/HuntActivity/Common/Model/HuntActivityModel.lua	static name match; dynamic dispatch not included
HuntActivity.Common.Model.HuntActivityModel	706	StringUtil.StartWith	Common.Utility.StringUtil	code/Lua/decompiled/HuntActivity/Common/Model/HuntActivityModel.lua	static name match; dynamic dispatch not included
HuntActivity.Common.Model.HuntActivityModel	707	RewardApi.MergeRewards	Model.UserData.RewardApi	code/Lua/decompiled/HuntActivity/Common/Model/HuntActivityModel.lua	static name match; dynamic dispatch not included
HuntActivity.Common.Model.HuntActivityModel	761	StringUtil.StartWith	Common.Utility.StringUtil	code/Lua/decompiled/HuntActivity/Common/Model/HuntActivityModel.lua	static name match; dynamic dispatch not included
HuntActivity.Common.Model.HuntActivityModel	763	Table.IsEmpty	Common.Utility.Table	code/Lua/decompiled/HuntActivity/Common/Model/HuntActivityModel.lua	static name match; dynamic dispatch not included
HuntActivity.Common.Model.HuntActivityModel	763	ItemDataModel.GetModelConfig	Board.Model.ItemDataModel	code/Lua/decompiled/HuntActivity/Common/Model/HuntActivityModel.lua	static name match; dynamic dispatch not included
HuntActivity.Common.Model.HuntActivityModel	771	StringUtil.StartWith	Common.Utility.StringUtil	code/Lua/decompiled/HuntActivity/Common/Model/HuntActivityModel.lua	static name match; dynamic dispatch not included
HuntActivity.Common.Model.HuntActivityModel	771	StringUtil.StartWith	Common.Utility.StringUtil	code/Lua/decompiled/HuntActivity/Common/Model/HuntActivityModel.lua	static name match; dynamic dispatch not included
HuntActivity.Common.Model.HuntActivityModel	773	ItemDataModel.GetModelConfig	Board.Model.ItemDataModel	code/Lua/decompiled/HuntActivity/Common/Model/HuntActivityModel.lua	static name match; dynamic dispatch not included
HuntActivity.Common.Model.HuntActivityModel	775	Table.IsEmpty	Common.Utility.Table	code/Lua/decompiled/HuntActivity/Common/Model/HuntActivityModel.lua	static name match; dynamic dispatch not included
HuntActivity.Common.Model.HuntActivityModel	778	WheelItemModel.IsWheelItem	WheelItem.Model.WheelItemModel	code/Lua/decompiled/HuntActivity/Common/Model/HuntActivityModel.lua	static name match; dynamic dispatch not included
HuntActivity.Common.Model.HuntActivityModel	790	Table.IsEmpty	Common.Utility.Table	code/Lua/decompiled/HuntActivity/Common/Model/HuntActivityModel.lua	static name match; dynamic dispatch not included
HuntActivity.Common.Model.HuntActivityModel	800	Table.IsEmpty	Common.Utility.Table	code/Lua/decompiled/HuntActivity/Common/Model/HuntActivityModel.lua	static name match; dynamic dispatch not included
HuntActivity.Common.Model.HuntActivityModel	823	Table.IsEmpty	Common.Utility.Table	code/Lua/decompiled/HuntActivity/Common/Model/HuntActivityModel.lua	static name match; dynamic dispatch not included
HuntActivity.Common.Model.HuntActivityModel	826	ItemDataModel.GetChainId	Board.Model.ItemDataModel	code/Lua/decompiled/HuntActivity/Common/Model/HuntActivityModel.lua	static name match; dynamic dispatch not included
HuntActivity.Common.Model.HuntActivityModel	850	Table.IsEmpty	Common.Utility.Table	code/Lua/decompiled/HuntActivity/Common/Model/HuntActivityModel.lua	static name match; dynamic dispatch not included
HuntActivity.Common.Model.HuntActivityModel	874	Table.IsEmpty	Common.Utility.Table	code/Lua/decompiled/HuntActivity/Common/Model/HuntActivityModel.lua	static name match; dynamic dispatch not included
HuntActivity.Common.Model.HuntActivityModel	877	ItemDataModel.GetChainId	Board.Model.ItemDataModel	code/Lua/decompiled/HuntActivity/Common/Model/HuntActivityModel.lua	static name match; dynamic dispatch not included
HuntActivity.Common.Model.HuntActivityModel	904	EventDispatcher.DispatchEvent	Common.Event.EventDispatcher	code/Lua/decompiled/HuntActivity/Common/Model/HuntActivityModel.lua	static name match; dynamic dispatch not included
HuntActivity.Common.Model.HuntActivityModel	908	EventDispatcher.DispatchEvent	Common.Event.EventDispatcher	code/Lua/decompiled/HuntActivity/Common/Model/HuntActivityModel.lua	static name match; dynamic dispatch not included
HuntActivity.Common.Model.HuntActivityModel	919	PropertyDataManager.DispatchConsumeEvent	Model.UserData.PropertyDataManager	code/Lua/decompiled/HuntActivity/Common/Model/HuntActivityModel.lua	static name match; dynamic dispatch not included
HuntActivity.Common.Model.HuntActivityModel	935	ItemFixedSpreadModel.GenerateItemCode	Board.Model.Board.ItemFixedSpreadModel	code/Lua/decompiled/HuntActivity/Common/Model/HuntActivityModel.lua	static name match; dynamic dispatch not included
HuntActivity.Common.Model.HuntActivityModel	942	ItemDataModel.IsItemExist	Board.Model.ItemDataModel	code/Lua/decompiled/HuntActivity/Common/Model/HuntActivityModel.lua	static name match; dynamic dispatch not included
HuntActivity.Common.Model.HuntActivityModel	942	ItemDataModel.GetModelConfig	Board.Model.ItemDataModel	code/Lua/decompiled/HuntActivity/Common/Model/HuntActivityModel.lua	static name match; dynamic dispatch not included
HuntActivity.Common.Model.HuntActivityModel	967	ActivityManager.GetModel	Model.Activity.ActivityManager	code/Lua/decompiled/HuntActivity/Common/Model/HuntActivityModel.lua	static name match; dynamic dispatch not included
HuntActivity.Common.Model.HuntActivityModel	968	StringUtil.StartWith	Common.Utility.StringUtil	code/Lua/decompiled/HuntActivity/Common/Model/HuntActivityModel.lua	static name match; dynamic dispatch not included
HuntActivity.Common.Model.HuntActivityModel	980	ActivityManager.GetModel	Model.Activity.ActivityManager	code/Lua/decompiled/HuntActivity/Common/Model/HuntActivityModel.lua	static name match; dynamic dispatch not included
HuntActivity.Common.Model.HuntActivityModel	981	StringUtil.StartWith	Common.Utility.StringUtil	code/Lua/decompiled/HuntActivity/Common/Model/HuntActivityModel.lua	static name match; dynamic dispatch not included
HuntActivity.Common.Model.HuntActivityModel	981	StringUtil.StartWith	Common.Utility.StringUtil	code/Lua/decompiled/HuntActivity/Common/Model/HuntActivityModel.lua	static name match; dynamic dispatch not included
HuntActivity.Common.Model.HuntActivityModel	984	StringUtil.StartWith	Common.Utility.StringUtil	code/Lua/decompiled/HuntActivity/Common/Model/HuntActivityModel.lua	static name match; dynamic dispatch not included
HuntActivity.Common.Model.HuntActivityModel	984	StringUtil.StartWith	Common.Utility.StringUtil	code/Lua/decompiled/HuntActivity/Common/Model/HuntActivityModel.lua	static name match; dynamic dispatch not included
HuntActivity.Common.Model.HuntActivityModel	984	StringUtil.StartWith	Common.Utility.StringUtil	code/Lua/decompiled/HuntActivity/Common/Model/HuntActivityModel.lua	static name match; dynamic dispatch not included
HuntActivity.Common.Model.HuntActivityModel	995	ItemDataModel.GetChainId	Board.Model.ItemDataModel	code/Lua/decompiled/HuntActivity/Common/Model/HuntActivityModel.lua	static name match; dynamic dispatch not included
HuntActivity.Common.Model.HuntActivityModel	1016	ActivityManager.GetModel	Model.Activity.ActivityManager	code/Lua/decompiled/HuntActivity/Common/Model/HuntActivityModel.lua	static name match; dynamic dispatch not included
HuntActivity.Common.Model.HuntActivityModel	1034	ActivityManager.GetModel	Model.Activity.ActivityManager	code/Lua/decompiled/HuntActivity/Common/Model/HuntActivityModel.lua	static name match; dynamic dispatch not included
HuntActivity.Common.Model.HuntActivityModel	1048	ActivityManager.GetModel	Model.Activity.ActivityManager	code/Lua/decompiled/HuntActivity/Common/Model/HuntActivityModel.lua	static name match; dynamic dispatch not included
HuntActivity.Common.Model.HuntActivityModel	1057	ActivityManager.GetModel	Model.Activity.ActivityManager	code/Lua/decompiled/HuntActivity/Common/Model/HuntActivityModel.lua	static name match; dynamic dispatch not included
HuntActivity.Common.Model.HuntActivityModel	1066	ActivityManager.GetModel	Model.Activity.ActivityManager	code/Lua/decompiled/HuntActivity/Common/Model/HuntActivityModel.lua	static name match; dynamic dispatch not included
HuntActivity.Common.Model.HuntActivityModel	1076	ItemDataModel.GetChainLevel	Board.Model.ItemDataModel	code/Lua/decompiled/HuntActivity/Common/Model/HuntActivityModel.lua	static name match; dynamic dispatch not included
HuntActivity.Common.Model.HuntActivityModel	1085	ItemUtility.GetInnerCodeAndPrefixByCode	Board.Model.ItemUtility	code/Lua/decompiled/HuntActivity/Common/Model/HuntActivityModel.lua	static name match; dynamic dispatch not included
HuntActivity.Common.Model.HuntActivityModel	1088	ItemDataModel.GetChainLevel	Board.Model.ItemDataModel	code/Lua/decompiled/HuntActivity/Common/Model/HuntActivityModel.lua	static name match; dynamic dispatch not included
HuntActivity.Common.Model.HuntActivityModel	1096	Table.IsEmpty	Common.Utility.Table	code/Lua/decompiled/HuntActivity/Common/Model/HuntActivityModel.lua	static name match; dynamic dispatch not included
HuntActivity.Common.Model.HuntActivityModel	1158	EventDispatcher.DispatchEvent	Common.Event.EventDispatcher	code/Lua/decompiled/HuntActivity/Common/Model/HuntActivityModel.lua	static name match; dynamic dispatch not included
HuntActivity.Common.Model.HuntActivityModel	1177	ItemUtility.GetInnerCodeAndPrefixByCode	Board.Model.ItemUtility	code/Lua/decompiled/HuntActivity/Common/Model/HuntActivityModel.lua	static name match; dynamic dispatch not included
HuntActivity.Common.Model.HuntActivityModel	1186	StringUtil.StartWith	Common.Utility.StringUtil	code/Lua/decompiled/HuntActivity/Common/Model/HuntActivityModel.lua	static name match; dynamic dispatch not included
HuntActivity.Common.Model.HuntActivityModel	1188	Table.IsEmpty	Common.Utility.Table	code/Lua/decompiled/HuntActivity/Common/Model/HuntActivityModel.lua	static name match; dynamic dispatch not included
HuntActivity.Common.Model.HuntActivityModel	1188	ItemDataModel.GetModelConfig	Board.Model.ItemDataModel	code/Lua/decompiled/HuntActivity/Common/Model/HuntActivityModel.lua	static name match; dynamic dispatch not included
HuntActivity.Common.Model.HuntActivityModel	1189	RewardApi.MergeRewards	Model.UserData.RewardApi	code/Lua/decompiled/HuntActivity/Common/Model/HuntActivityModel.lua	static name match; dynamic dispatch not included
HuntActivity.Common.Model.HuntActivityModel	1197	ItemDataModel.GetModelConfig	Board.Model.ItemDataModel	code/Lua/decompiled/HuntActivity/Common/Model/HuntActivityModel.lua	static name match; dynamic dispatch not included
HuntActivity.Common.Model.HuntActivityModel	1199	Table.IsEmpty	Common.Utility.Table	code/Lua/decompiled/HuntActivity/Common/Model/HuntActivityModel.lua	static name match; dynamic dispatch not included
HuntActivity.Common.Model.HuntActivityModel	1203	RewardApi.MergeRewards	Model.UserData.RewardApi	code/Lua/decompiled/HuntActivity/Common/Model/HuntActivityModel.lua	static name match; dynamic dispatch not included
HuntActivity.Common.Model.HuntActivityModel	1217	PositionUtil.UICameraScreen2World	Common.Utility.PositionUtil	code/Lua/decompiled/HuntActivity/Common/Model/HuntActivityModel.lua	static name match; dynamic dispatch not included
HuntActivity.Common.Model.HuntActivityModel	1223	Table.IsEmpty	Common.Utility.Table	code/Lua/decompiled/HuntActivity/Common/Model/HuntActivityModel.lua	static name match; dynamic dispatch not included
HuntActivity.Common.Model.HuntActivityModel	1226	RewardApi.AcquireRewards	Model.UserData.RewardApi	code/Lua/decompiled/HuntActivity/Common/Model/HuntActivityModel.lua	static name match; dynamic dispatch not included
HuntActivity.Common.Model.HuntActivityModel	1228	Table.IsEmpty	Common.Utility.Table	code/Lua/decompiled/HuntActivity/Common/Model/HuntActivityModel.lua	static name match; dynamic dispatch not included
HuntActivity.Common.Model.HuntActivityModel	1229	RewardApi.AcquireRewardsLogic	Model.UserData.RewardApi	code/Lua/decompiled/HuntActivity/Common/Model/HuntActivityModel.lua	static name match; dynamic dispatch not included
HuntActivity.Common.Model.HuntActivityModel	1237	ActivityManager.GetModel	Model.Activity.ActivityManager	code/Lua/decompiled/HuntActivity/Common/Model/HuntActivityModel.lua	static name match; dynamic dispatch not included
HuntActivity.Common.Model.HuntActivityModel	1247	ActivityManager.GetModel	Model.Activity.ActivityManager	code/Lua/decompiled/HuntActivity/Common/Model/HuntActivityModel.lua	static name match; dynamic dispatch not included
HuntActivity.Common.Model.HuntActivityModel	1274	Table.IsEmpty	Common.Utility.Table	code/Lua/decompiled/HuntActivity/Common/Model/HuntActivityModel.lua	static name match; dynamic dispatch not included
HuntActivity.Common.Model.HuntActivityModel	1286	ItemUtility.GetInnerCodeAndPrefixByCode	Board.Model.ItemUtility	code/Lua/decompiled/HuntActivity/Common/Model/HuntActivityModel.lua	static name match; dynamic dispatch not included
HuntActivity.Common.Model.HuntActivityModel	1287	ItemDataModel.GetChainLevel	Board.Model.ItemDataModel	code/Lua/decompiled/HuntActivity/Common/Model/HuntActivityModel.lua	static name match; dynamic dispatch not included
HuntActivity.Common.Model.HuntActivityModel	1292	Table.IsEmpty	Common.Utility.Table	code/Lua/decompiled/HuntActivity/Common/Model/HuntActivityModel.lua	static name match; dynamic dispatch not included
HuntActivity.Common.Model.HuntActivityModel	1337	Table.IsEmpty	Common.Utility.Table	code/Lua/decompiled/HuntActivity/Common/Model/HuntActivityModel.lua	static name match; dynamic dispatch not included
HuntActivity.Common.Model.HuntActivityModel	1348	EventDispatcher.DispatchEvent	Common.Event.EventDispatcher	code/Lua/decompiled/HuntActivity/Common/Model/HuntActivityModel.lua	static name match; dynamic dispatch not included
HuntActivity.Common.Model.HuntActivityModel	1359	Table.IsEmpty	Common.Utility.Table	code/Lua/decompiled/HuntActivity/Common/Model/HuntActivityModel.lua	static name match; dynamic dispatch not included
HuntActivity.Common.Model.HuntActivityModel	1361	RewardApi.AcquireRewardsLogic	Model.UserData.RewardApi	code/Lua/decompiled/HuntActivity/Common/Model/HuntActivityModel.lua	static name match; dynamic dispatch not included
HuntActivity.Common.Model.HuntActivityModel	1442	Table.DeepCopy	Common.Utility.Table	code/Lua/decompiled/HuntActivity/Common/Model/HuntActivityModel.lua	static name match; dynamic dispatch not included
HuntActivity.Common.Model.HuntActivityModel	1459	Table.DeepCopy	Common.Utility.Table	code/Lua/decompiled/HuntActivity/Common/Model/HuntActivityModel.lua	static name match; dynamic dispatch not included
HuntActivity.Common.Model.HuntActivityModel	1467	Table.DeepCopy	Common.Utility.Table	code/Lua/decompiled/HuntActivity/Common/Model/HuntActivityModel.lua	static name match; dynamic dispatch not included
HuntActivity.Common.Model.HuntActivityModel	1494	Table.IsEmpty	Common.Utility.Table	code/Lua/decompiled/HuntActivity/Common/Model/HuntActivityModel.lua	static name match; dynamic dispatch not included
HuntActivity.Common.Model.HuntActivityModel	1626	Table.Contain	Common.Utility.Table	code/Lua/decompiled/HuntActivity/Common/Model/HuntActivityModel.lua	static name match; dynamic dispatch not included
HuntActivity.Common.Model.HuntActivityModel	1726	TutorialModel.HasAnyStrongTutorialOngoing	Model.Tutorial.TutorialModel	code/Lua/decompiled/HuntActivity/Common/Model/HuntActivityModel.lua	static name match; dynamic dispatch not included
HuntActivity.Common.Model.HuntActivityModel	1728	EventDispatcher.DispatchEvent	Common.Event.EventDispatcher	code/Lua/decompiled/HuntActivity/Common/Model/HuntActivityModel.lua	static name match; dynamic dispatch not included
HuntActivity.Common.Model.HuntActivityModel	1741	StringUtil.StartWith	Common.Utility.StringUtil	code/Lua/decompiled/HuntActivity/Common/Model/HuntActivityModel.lua	static name match; dynamic dispatch not included
HuntActivity.Common.Model.HuntActivityModel	1741	StringUtil.StartWith	Common.Utility.StringUtil	code/Lua/decompiled/HuntActivity/Common/Model/HuntActivityModel.lua	static name match; dynamic dispatch not included
HuntActivity.Common.Model.HuntActivityModel	1743	Table.IsEmpty	Common.Utility.Table	code/Lua/decompiled/HuntActivity/Common/Model/HuntActivityModel.lua	static name match; dynamic dispatch not included
HuntActivity.Common.Model.HuntActivityModel	1753	ItemDataModel.GetChainLevel	Board.Model.ItemDataModel	code/Lua/decompiled/HuntActivity/Common/Model/HuntActivityModel.lua	static name match; dynamic dispatch not included
HuntActivity.Common.Model.HuntActivityModel	1764	StringUtil.IsNilOrEmpty	Common.Utility.StringUtil	code/Lua/decompiled/HuntActivity/Common/Model/HuntActivityModel.lua	static name match; dynamic dispatch not included
HuntActivity.Common.Model.HuntActivityModel	1768	Table.ListRandomSelectOne	Common.Utility.Table	code/Lua/decompiled/HuntActivity/Common/Model/HuntActivityModel.lua	static name match; dynamic dispatch not included
HuntActivity.Common.Model.HuntActivityModel	1826	ItemDataModel.GetModelConfig	Board.Model.ItemDataModel	code/Lua/decompiled/HuntActivity/Common/Model/HuntActivityModel.lua	static name match; dynamic dispatch not included
HuntActivity.Common.Model.HuntActivityModel	1842	ItemDataModel.GetModelConfig	Board.Model.ItemDataModel	code/Lua/decompiled/HuntActivity/Common/Model/HuntActivityModel.lua	static name match; dynamic dispatch not included
HuntActivity.Common.Model.HuntActivityModel	1854	ItemFixedSpreadModel.GenerateItemCodeWithCfgKey	Board.Model.Board.ItemFixedSpreadModel	code/Lua/decompiled/HuntActivity/Common/Model/HuntActivityModel.lua	static name match; dynamic dispatch not included
HuntActivity.Common.Model.HuntActivityModel	1858	EventDispatcher.DispatchEvent	Common.Event.EventDispatcher	code/Lua/decompiled/HuntActivity/Common/Model/HuntActivityModel.lua	static name match; dynamic dispatch not included
HuntActivity.Common.Model.HuntActivityModel	1869	HuntDoubleEnergyModel.Create	HuntActivity.Common.Model.HuntDoubleEnergy.HuntDoubleEnergyModel	code/Lua/decompiled/HuntActivity/Common/Model/HuntActivityModel.lua	static name match; dynamic dispatch not included
HuntActivity.Common.Model.HuntActivityModel	1904	EventDispatcher.DispatchEvent	Common.Event.EventDispatcher	code/Lua/decompiled/HuntActivity/Common/Model/HuntActivityModel.lua	static name match; dynamic dispatch not included
HuntActivity.Common.Model.HuntActivityModel	1933	Table.IsEmpty	Common.Utility.Table	code/Lua/decompiled/HuntActivity/Common/Model/HuntActivityModel.lua	static name match; dynamic dispatch not included
HuntActivity.Common.Model.HuntActivityModel	1943	Table.IsEmpty	Common.Utility.Table	code/Lua/decompiled/HuntActivity/Common/Model/HuntActivityModel.lua	static name match; dynamic dispatch not included
HuntActivity.Common.Model.HuntActivityModel	1960	TutorialModel.IsTutorialFinished	Model.Tutorial.TutorialModel	code/Lua/decompiled/HuntActivity/Common/Model/HuntActivityModel.lua	static name match; dynamic dispatch not included
HuntActivity.Common.Model.HuntActivityModel	1980	Table.IsEmpty	Common.Utility.Table	code/Lua/decompiled/HuntActivity/Common/Model/HuntActivityModel.lua	static name match; dynamic dispatch not included
HuntActivity.Common.Model.HuntActivityModel	1993	Table.IsEmpty	Common.Utility.Table	code/Lua/decompiled/HuntActivity/Common/Model/HuntActivityModel.lua	static name match; dynamic dispatch not included
HuntActivity.Common.Model.HuntActivityModel	1997	ActivityManager.GetModel	Model.Activity.ActivityManager	code/Lua/decompiled/HuntActivity/Common/Model/HuntActivityModel.lua	static name match; dynamic dispatch not included
HuntActivity.Common.Model.HuntActivityModel	2005	Table.IsEmpty	Common.Utility.Table	code/Lua/decompiled/HuntActivity/Common/Model/HuntActivityModel.lua	static name match; dynamic dispatch not included
HuntActivity.Common.Model.HuntActivityModel	2009	ActivityManager.GetModel	Model.Activity.ActivityManager	code/Lua/decompiled/HuntActivity/Common/Model/HuntActivityModel.lua	static name match; dynamic dispatch not included
HuntActivity.Common.Model.HuntActivityModel	2031	RewardApi.AcquireRewardsLogic	Model.UserData.RewardApi	code/Lua/decompiled/HuntActivity/Common/Model/HuntActivityModel.lua	static name match; dynamic dispatch not included
HuntActivity.Common.Model.HuntBookModel	45	PairEvent.Create	Common.Event.PairEvent	code/Lua/decompiled/HuntActivity/Common/Model/HuntBookModel.lua	static name match; dynamic dispatch not included
HuntActivity.Common.Model.HuntBookModel	76	ItemDataModel.GetChainMaxLevel	Board.Model.ItemDataModel	code/Lua/decompiled/HuntActivity/Common/Model/HuntBookModel.lua	static name match; dynamic dispatch not included
HuntActivity.Common.Model.HuntBookModel	78	ItemUtility.GetItemCode	Board.Model.ItemUtility	code/Lua/decompiled/HuntActivity/Common/Model/HuntBookModel.lua	static name match; dynamic dispatch not included
HuntActivity.Common.Model.HuntBookModel	106	ItemUtility.GetInnerCodeAndPrefixByCode	Board.Model.ItemUtility	code/Lua/decompiled/HuntActivity/Common/Model/HuntBookModel.lua	static name match; dynamic dispatch not included
HuntActivity.Common.Model.HuntBookModel	108	ItemDataModel.GetModelConfig	Board.Model.ItemDataModel	code/Lua/decompiled/HuntActivity/Common/Model/HuntBookModel.lua	static name match; dynamic dispatch not included
HuntActivity.Common.Model.HuntBookModel	111	ItemDataModel.GetChainId	Board.Model.ItemDataModel	code/Lua/decompiled/HuntActivity/Common/Model/HuntBookModel.lua	static name match; dynamic dispatch not included
HuntActivity.Common.Model.HuntBookModel	134	HuntActivityModel.IsMainMergeLineItem	HuntActivity.Common.Model.HuntActivityModel	code/Lua/decompiled/HuntActivity/Common/Model/HuntBookModel.lua	static name match; dynamic dispatch not included
HuntActivity.Common.Model.HuntBookModel	134	HuntMapActivityModel.IsMainMergeLineItem	HuntMapActivity.Model.HuntMapActivityModel	code/Lua/decompiled/HuntActivity/Common/Model/HuntBookModel.lua	static name match; dynamic dispatch not included
HuntActivity.Common.Model.HuntBookModel	176	RewardApi.AcquireRewardsInView	Model.UserData.RewardApi	code/Lua/decompiled/HuntActivity/Common/Model/HuntBookModel.lua	static name match; dynamic dispatch not included
HuntActivity.Common.Model.HuntBookModel	199	ActivityManager.GetModel	Model.Activity.ActivityManager	code/Lua/decompiled/HuntActivity/Common/Model/HuntBookModel.lua	static name match; dynamic dispatch not included
HuntActivity.Common.Model.HuntBookModel	201	ItemDataModel.GetChainId	Board.Model.ItemDataModel	code/Lua/decompiled/HuntActivity/Common/Model/HuntBookModel.lua	static name match; dynamic dispatch not included
HuntActivity.Common.Model.HuntBookModel	217	ItemDataModel.GetHuntUnlockedReward	Board.Model.ItemDataModel	code/Lua/decompiled/HuntActivity/Common/Model/HuntBookModel.lua	static name match; dynamic dispatch not included
HuntActivity.Common.Model.HuntBookModel	220	ItemDataModel.GetChainId	Board.Model.ItemDataModel	code/Lua/decompiled/HuntActivity/Common/Model/HuntBookModel.lua	static name match; dynamic dispatch not included
HuntActivity.Common.Model.HuntBookModel	221	ItemDataModel.GetChainLevel	Board.Model.ItemDataModel	code/Lua/decompiled/HuntActivity/Common/Model/HuntBookModel.lua	static name match; dynamic dispatch not included
HuntActivity.Common.Model.HuntBookModel	222	ItemDataModel.GetChainMaxLevel	Board.Model.ItemDataModel	code/Lua/decompiled/HuntActivity/Common/Model/HuntBookModel.lua	static name match; dynamic dispatch not included
HuntActivity.Common.Model.HuntBookModel	262	RewardApi.AcquireRewardsLogic	Model.UserData.RewardApi	code/Lua/decompiled/HuntActivity/Common/Model/HuntBookModel.lua	static name match; dynamic dispatch not included
HuntActivity.Common.Model.HuntBookModel	265	EventDispatcher.DispatchEvent	Common.Event.EventDispatcher	code/Lua/decompiled/HuntActivity/Common/Model/HuntBookModel.lua	static name match; dynamic dispatch not included
HuntActivity.Common.Model.HuntBookModel	270	RewardApi.AcquireRewardsLogic	Model.UserData.RewardApi	code/Lua/decompiled/HuntActivity/Common/Model/HuntBookModel.lua	static name match; dynamic dispatch not included
HuntActivity.Common.Model.HuntBookModel	279	RewardApi.AcquireRewardsLogic	Model.UserData.RewardApi	code/Lua/decompiled/HuntActivity/Common/Model/HuntBookModel.lua	static name match; dynamic dispatch not included
HuntActivity.Common.Model.HuntBookModel	281	EventDispatcher.DispatchEvent	Common.Event.EventDispatcher	code/Lua/decompiled/HuntActivity/Common/Model/HuntBookModel.lua	static name match; dynamic dispatch not included
HuntActivity.Common.Model.HuntBookModel	288	EventDispatcher.DispatchEvent	Common.Event.EventDispatcher	code/Lua/decompiled/HuntActivity/Common/Model/HuntBookModel.lua	static name match; dynamic dispatch not included
HuntActivity.Common.Model.HuntBookModel	291	EventDispatcher.DispatchEvent	Common.Event.EventDispatcher	code/Lua/decompiled/HuntActivity/Common/Model/HuntBookModel.lua	static name match; dynamic dispatch not included
HuntActivity.Common.Model.HuntBookModel	405	ActivityManager.GetModel	Model.Activity.ActivityManager	code/Lua/decompiled/HuntActivity/Common/Model/HuntBookModel.lua	static name match; dynamic dispatch not included
HuntActivity.Common.Model.HuntBookModel	417	ItemDataModel.GetHuntUnlockedReward	Board.Model.ItemDataModel	code/Lua/decompiled/HuntActivity/Common/Model/HuntBookModel.lua	static name match; dynamic dispatch not included
HuntActivity.Common.Model.HuntBookModel	418	Table.ListAppend	Common.Utility.Table	code/Lua/decompiled/HuntActivity/Common/Model/HuntBookModel.lua	static name match; dynamic dispatch not included
HuntActivity.Common.Model.HuntBookModel	420	ItemDataModel.GetChainId	Board.Model.ItemDataModel	code/Lua/decompiled/HuntActivity/Common/Model/HuntBookModel.lua	static name match; dynamic dispatch not included
HuntActivity.Common.Model.HuntBookModel	421	ItemDataModel.GetChainLevel	Board.Model.ItemDataModel	code/Lua/decompiled/HuntActivity/Common/Model/HuntBookModel.lua	static name match; dynamic dispatch not included
HuntActivity.Common.Model.HuntBookModel	422	ItemDataModel.GetChainMaxLevel	Board.Model.ItemDataModel	code/Lua/decompiled/HuntActivity/Common/Model/HuntBookModel.lua	static name match; dynamic dispatch not included
HuntActivity.Common.Model.HuntBookModel	439	Table.ListAppend	Common.Utility.Table	code/Lua/decompiled/HuntActivity/Common/Model/HuntBookModel.lua	static name match; dynamic dispatch not included
HuntActivity.Common.Model.HuntBookModel	443	Table.ListAppend	Common.Utility.Table	code/Lua/decompiled/HuntActivity/Common/Model/HuntBookModel.lua	static name match; dynamic dispatch not included
HuntActivity.Common.Model.HuntBookModel	453	ActivityManager.GetModel	Model.Activity.ActivityManager	code/Lua/decompiled/HuntActivity/Common/Model/HuntBookModel.lua	static name match; dynamic dispatch not included
HuntActivity.Common.Model.HuntBookModel	473	ItemDataModel.GetChainId	Board.Model.ItemDataModel	code/Lua/decompiled/HuntActivity/Common/Model/HuntBookModel.lua	static name match; dynamic dispatch not included
HuntActivity.Common.Model.HuntBookModel	475	ItemDataModel.GetHuntUnlockedReward	Board.Model.ItemDataModel	code/Lua/decompiled/HuntActivity/Common/Model/HuntBookModel.lua	static name match; dynamic dispatch not included
HuntActivity.Common.Model.HuntBookModel	476	RewardApi.MergeRewards	Model.UserData.RewardApi	code/Lua/decompiled/HuntActivity/Common/Model/HuntBookModel.lua	static name match; dynamic dispatch not included
HuntActivity.Common.Model.HuntBookModel	479	Table.ListAppend	Common.Utility.Table	code/Lua/decompiled/HuntActivity/Common/Model/HuntBookModel.lua	static name match; dynamic dispatch not included
HuntActivity.Common.Model.HuntBookModel	482	ItemDataModel.GetChainLevel	Board.Model.ItemDataModel	code/Lua/decompiled/HuntActivity/Common/Model/HuntBookModel.lua	static name match; dynamic dispatch not included
HuntActivity.Common.Model.HuntBookModel	483	ItemDataModel.GetChainMaxLevel	Board.Model.ItemDataModel	code/Lua/decompiled/HuntActivity/Common/Model/HuntBookModel.lua	static name match; dynamic dispatch not included
HuntActivity.Common.Model.HuntBookModel	485	EventDispatcher.DispatchEvent	Common.Event.EventDispatcher	code/Lua/decompiled/HuntActivity/Common/Model/HuntBookModel.lua	static name match; dynamic dispatch not included
HuntActivity.Common.Model.HuntBookModel	502	RewardApi.MergeRewards	Model.UserData.RewardApi	code/Lua/decompiled/HuntActivity/Common/Model/HuntBookModel.lua	static name match; dynamic dispatch not included
HuntActivity.Common.Model.HuntBookModel	504	Table.ListAppend	Common.Utility.Table	code/Lua/decompiled/HuntActivity/Common/Model/HuntBookModel.lua	static name match; dynamic dispatch not included
HuntActivity.Common.Model.HuntBookModel	506	EventDispatcher.DispatchEvent	Common.Event.EventDispatcher	code/Lua/decompiled/HuntActivity/Common/Model/HuntBookModel.lua	static name match; dynamic dispatch not included
HuntActivity.Common.Model.HuntBookModel	511	Table.IsEmpty	Common.Utility.Table	code/Lua/decompiled/HuntActivity/Common/Model/HuntBookModel.lua	static name match; dynamic dispatch not included
HuntActivity.Common.Model.HuntBookModel	512	RewardApi.AcquireRewardsLogic	Model.UserData.RewardApi	code/Lua/decompiled/HuntActivity/Common/Model/HuntBookModel.lua	static name match; dynamic dispatch not included
HuntActivity.Common.Model.HuntBookModel	514	Table.IsEmpty	Common.Utility.Table	code/Lua/decompiled/HuntActivity/Common/Model/HuntBookModel.lua	static name match; dynamic dispatch not included
HuntActivity.Common.Model.HuntBookModel	515	RewardApi.AcquireRewardsLogic	Model.UserData.RewardApi	code/Lua/decompiled/HuntActivity/Common/Model/HuntBookModel.lua	static name match; dynamic dispatch not included
HuntActivity.Common.Model.HuntBookModel	521	RewardApi.AcquireRewardsLogic	Model.UserData.RewardApi	code/Lua/decompiled/HuntActivity/Common/Model/HuntBookModel.lua	static name match; dynamic dispatch not included
HuntActivity.Common.Model.HuntBookModel	523	Table.ListAppend	Common.Utility.Table	code/Lua/decompiled/HuntActivity/Common/Model/HuntBookModel.lua	static name match; dynamic dispatch not included
HuntActivity.Common.Model.HuntBookModel	525	Table.ShallowCopy	Common.Utility.Table	code/Lua/decompiled/HuntActivity/Common/Model/HuntBookModel.lua	static name match; dynamic dispatch not included
HuntActivity.Common.Model.HuntBookModel	558	Table.IsEmpty	Common.Utility.Table	code/Lua/decompiled/HuntActivity/Common/Model/HuntBookModel.lua	static name match; dynamic dispatch not included
HuntActivity.Common.Model.HuntDoubleEnergy.HuntDoubleEnergyModel	64	ActivityManager.GetModel	Model.Activity.ActivityManager	code/Lua/decompiled/HuntActivity/Common/Model/HuntDoubleEnergy/HuntDoubleEnergyModel.lua	static name match; dynamic dispatch not included
HuntActivity.Common.Model.HuntDoubleEnergy.HuntDoubleEnergyModel	79	EventDispatcher.RemoveTarget	Common.Event.EventDispatcher	code/Lua/decompiled/HuntActivity/Common/Model/HuntDoubleEnergy/HuntDoubleEnergyModel.lua	static name match; dynamic dispatch not included
HuntMapActivity.Map.Obstacle.Logic.HuntMapBaseObstacle	32	Table.IsEmpty	Common.Utility.Table	code/Lua/decompiled/HuntMapActivity/Map/Obstacle/Logic/HuntMapBaseObstacle.lua	static name match; dynamic dispatch not included
HuntMapActivity.Map.Obstacle.Logic.HuntMapBaseObstacle	55	Table.IsEmpty	Common.Utility.Table	code/Lua/decompiled/HuntMapActivity/Map/Obstacle/Logic/HuntMapBaseObstacle.lua	static name match; dynamic dispatch not included
HuntMapActivity.Map.Obstacle.Logic.HuntMapBaseObstacle	78	Table.IsEmpty	Common.Utility.Table	code/Lua/decompiled/HuntMapActivity/Map/Obstacle/Logic/HuntMapBaseObstacle.lua	static name match; dynamic dispatch not included
HuntMapActivity.Map.Obstacle.Logic.HuntMapBaseObstacle	80	Table.IsEmpty	Common.Utility.Table	code/Lua/decompiled/HuntMapActivity/Map/Obstacle/Logic/HuntMapBaseObstacle.lua	static name match; dynamic dispatch not included
HuntMapActivity.Map.Obstacle.Logic.HuntMapCycleObstacle	13	Table.IsEmpty	Common.Utility.Table	code/Lua/decompiled/HuntMapActivity/Map/Obstacle/Logic/HuntMapCycleObstacle.lua	static name match; dynamic dispatch not included
HuntMapActivity.Map.Obstacle.Logic.HuntMapResidualObstacle	17	GameConfig.IsTestMode	Common.GameConfig	code/Lua/decompiled/HuntMapActivity/Map/Obstacle/Logic/HuntMapResidualObstacle.lua	static name match; dynamic dispatch not included
