module	field	assignment_line	file	interpretation
Model.ConfigModel	m_dbTable	295	code/Lua/decompiled/Model/ConfigModel.lua	assignment observed; dynamic field
Model.ConfigModel	m_serverConfigs	296	code/Lua/decompiled/Model/ConfigModel.lua	assignment observed; dynamic field
Model.ConfigModel	m_generalConfigs	297	code/Lua/decompiled/Model/ConfigModel.lua	assignment observed; dynamic field
Model.ConfigModel	m_mapNeedRestartGeneralConfs	298	code/Lua/decompiled/Model/ConfigModel.lua	assignment observed; dynamic field
Model.ConfigModel	m_serverConfigs	302	code/Lua/decompiled/Model/ConfigModel.lua	assignment observed; dynamic field
Model.ConfigModel	m_configs	308	code/Lua/decompiled/Model/ConfigModel.lua	assignment observed; dynamic field
Model.ConfigModel	m_generalConfigs	602	code/Lua/decompiled/Model/ConfigModel.lua	assignment observed; dynamic field
Model.ConfigModel	m_mergedExtraProb	666	code/Lua/decompiled/Model/ConfigModel.lua	assignment observed; dynamic field
Model.ConfigModel	m_mergedExtraProb	667	code/Lua/decompiled/Model/ConfigModel.lua	assignment observed; dynamic field
Model.ConfigModel	m_bNewUserSystem	680	code/Lua/decompiled/Model/ConfigModel.lua	assignment observed; dynamic field
Model.ConfigModel	m_bNewUserSystem	681	code/Lua/decompiled/Model/ConfigModel.lua	assignment observed; dynamic field
Model.ConfigModel	m_bLuckyProduceOpen	687	code/Lua/decompiled/Model/ConfigModel.lua	assignment observed; dynamic field
Model.ConfigModel	m_iLuckyProduceParam	690	code/Lua/decompiled/Model/ConfigModel.lua	assignment observed; dynamic field
Model.ConfigModel	m_bLuckyProduceOpen	691	code/Lua/decompiled/Model/ConfigModel.lua	assignment observed; dynamic field
Model.ConfigModel	m_bLuckyProduceOpen	693	code/Lua/decompiled/Model/ConfigModel.lua	assignment observed; dynamic field
Model.ConfigModel	m_iLuckyProduceParam	700	code/Lua/decompiled/Model/ConfigModel.lua	assignment observed; dynamic field
Model.ConfigModel	m_orderChangeLv	721	code/Lua/decompiled/Model/ConfigModel.lua	assignment observed; dynamic field
Model.ConfigModel	m_newUserOrderMaxLv	729	code/Lua/decompiled/Model/ConfigModel.lua	assignment observed; dynamic field
Model.ConfigModel	m_mergedExtraProb	776	code/Lua/decompiled/Model/ConfigModel.lua	assignment observed; dynamic field
Model.ConfigModel	m_mapBuildingExConfig	777	code/Lua/decompiled/Model/ConfigModel.lua	assignment observed; dynamic field
Model.ConfigModel	m_orderChangeLv	778	code/Lua/decompiled/Model/ConfigModel.lua	assignment observed; dynamic field
Model.ConfigModel	m_newUserOrderMaxLv	779	code/Lua/decompiled/Model/ConfigModel.lua	assignment observed; dynamic field
Model.ConfigModel	m_bInteractLock	780	code/Lua/decompiled/Model/ConfigModel.lua	assignment observed; dynamic field
Model.ConfigModel	m_originBubblePriceMap	843	code/Lua/decompiled/Model/ConfigModel.lua	assignment observed; dynamic field
Model.ConfigModel	m_originLevelMap	844	code/Lua/decompiled/Model/ConfigModel.lua	assignment observed; dynamic field
Model.ConfigModel	m_originBubblePriceMap	906	code/Lua/decompiled/Model/ConfigModel.lua	assignment observed; dynamic field
Model.ConfigModel	m_originLevelMap	912	code/Lua/decompiled/Model/ConfigModel.lua	assignment observed; dynamic field
Model.ConfigModel	m_bLackTboxToolHighLevelConfig	920	code/Lua/decompiled/Model/ConfigModel.lua	assignment observed; dynamic field
Model.ConfigModel	m_bLackTboxToolHighLevelConfig	922	code/Lua/decompiled/Model/ConfigModel.lua	assignment observed; dynamic field
Model.ConfigModel	m_bLackTboxToolHighLevelConfig	925	code/Lua/decompiled/Model/ConfigModel.lua	assignment observed; dynamic field
Model.ConfigModel	m_mapBuildingExConfig	948	code/Lua/decompiled/Model/ConfigModel.lua	assignment observed; dynamic field
Model.ConfigModel	m_mapBuildingExConfig	949	code/Lua/decompiled/Model/ConfigModel.lua	assignment observed; dynamic field
Model.ConfigModel	m_bubbleTimeConfig	981	code/Lua/decompiled/Model/ConfigModel.lua	assignment observed; dynamic field
Model.ConfigModel	m_bubbleTimeConfig	982	code/Lua/decompiled/Model/ConfigModel.lua	assignment observed; dynamic field
Model.ConfigModel	m_bubbleTimeConfigMD5	987	code/Lua/decompiled/Model/ConfigModel.lua	assignment observed; dynamic field
Model.ConfigModel	m_boardExtraReward	1000	code/Lua/decompiled/Model/ConfigModel.lua	assignment observed; dynamic field
Model.ConfigModel	m_bShowMergePromptAnim	1006	code/Lua/decompiled/Model/ConfigModel.lua	assignment observed; dynamic field
Model.ConfigModel	m_bShowMergePromptAnim	1007	code/Lua/decompiled/Model/ConfigModel.lua	assignment observed; dynamic field
Model.ConfigModel	m_bShowNewBuffContainer	1013	code/Lua/decompiled/Model/ConfigModel.lua	assignment observed; dynamic field
Model.ConfigModel	m_bShowNewBuffContainer	1014	code/Lua/decompiled/Model/ConfigModel.lua	assignment observed; dynamic field
Model.ConfigModel	m_bCurtainCallSign	1020	code/Lua/decompiled/Model/ConfigModel.lua	assignment observed; dynamic field
Model.ConfigModel	m_bCurtainCallSign	1021	code/Lua/decompiled/Model/ConfigModel.lua	assignment observed; dynamic field
Model.ConfigModel	m_bOrderGivePerformance	1027	code/Lua/decompiled/Model/ConfigModel.lua	assignment observed; dynamic field
Model.ConfigModel	m_bOrderGivePerformance	1028	code/Lua/decompiled/Model/ConfigModel.lua	assignment observed; dynamic field
Model.ConfigModel	m_lastPboxUnlockTime	1034	code/Lua/decompiled/Model/ConfigModel.lua	assignment observed; dynamic field
Model.ConfigModel	m_lastPboxUnlockTime	1036	code/Lua/decompiled/Model/ConfigModel.lua	assignment observed; dynamic field
Model.ConfigModel	m_pboxUnlockTime	1038	code/Lua/decompiled/Model/ConfigModel.lua	assignment observed; dynamic field
Model.ConfigModel	m_pboxUnlockTime	1040	code/Lua/decompiled/Model/ConfigModel.lua	assignment observed; dynamic field
Model.ConfigModel	m_bOrderDeliverButtonOpen	1047	code/Lua/decompiled/Model/ConfigModel.lua	assignment observed; dynamic field
Model.ConfigModel	m_bOrderDeliverButtonOpen	1048	code/Lua/decompiled/Model/ConfigModel.lua	assignment observed; dynamic field
Model.ConfigModel	m_bOrderDeliverPromptOpen	1054	code/Lua/decompiled/Model/ConfigModel.lua	assignment observed; dynamic field
Model.ConfigModel	m_bOrderDeliverPromptOpen	1055	code/Lua/decompiled/Model/ConfigModel.lua	assignment observed; dynamic field
Model.ConfigModel	m_bBoardPromptSunshineOpen	1064	code/Lua/decompiled/Model/ConfigModel.lua	assignment observed; dynamic field
Model.ConfigModel	m_bBoardPromptFreepdOpen	1065	code/Lua/decompiled/Model/ConfigModel.lua	assignment observed; dynamic field
Model.ConfigModel	m_bBoardPromptSunshineOpen	1069	code/Lua/decompiled/Model/ConfigModel.lua	assignment observed; dynamic field
Model.ConfigModel	m_bBoardPromptFreepdOpen	1071	code/Lua/decompiled/Model/ConfigModel.lua	assignment observed; dynamic field
Model.ConfigModel	m_bCDPropShowOpen	1094	code/Lua/decompiled/Model/ConfigModel.lua	assignment observed; dynamic field
Model.ConfigModel	m_bCDPropShowOpen	1095	code/Lua/decompiled/Model/ConfigModel.lua	assignment observed; dynamic field
Model.ConfigModel	m_bTempItemAssetOnOpen	1101	code/Lua/decompiled/Model/ConfigModel.lua	assignment observed; dynamic field
Model.ConfigModel	m_bTempItemAssetOnOpen	1102	code/Lua/decompiled/Model/ConfigModel.lua	assignment observed; dynamic field
Model.ConfigModel	m_bInteractLock	1108	code/Lua/decompiled/Model/ConfigModel.lua	assignment observed; dynamic field
Model.ConfigModel	m_bInteractLock	1109	code/Lua/decompiled/Model/ConfigModel.lua	assignment observed; dynamic field
Model.GameModel	m_iTestTimeDelta	6	code/Lua/decompiled/Model/GameModel.lua	assignment observed; dynamic field
Model.GameModel	m_iTestTimeDelta	8	code/Lua/decompiled/Model/GameModel.lua	assignment observed; dynamic field
Model.GameModel	m_asaaManager	12	code/Lua/decompiled/Model/GameModel.lua	assignment observed; dynamic field
Model.GameModel	m_iServerTime	22	code/Lua/decompiled/Model/GameModel.lua	assignment observed; dynamic field
Model.GameModel	m_iServerTimeDelta	24	code/Lua/decompiled/Model/GameModel.lua	assignment observed; dynamic field
Model.GameModel	m_iServerTime	25	code/Lua/decompiled/Model/GameModel.lua	assignment observed; dynamic field
Model.GameModel	m_lastServerTime	27	code/Lua/decompiled/Model/GameModel.lua	assignment observed; dynamic field
Model.GameModel	m_bLog	31	code/Lua/decompiled/Model/GameModel.lua	assignment observed; dynamic field
Model.GameModel	m_iServerTime	34	code/Lua/decompiled/Model/GameModel.lua	assignment observed; dynamic field
Model.GameModel	m_maxClientTime	36	code/Lua/decompiled/Model/GameModel.lua	assignment observed; dynamic field
Model.GameModel	m_deviceInfoUpdated	82	code/Lua/decompiled/Model/GameModel.lua	assignment observed; dynamic field
Model.GameModel	m_lastLocalTime	148	code/Lua/decompiled/Model/GameModel.lua	assignment observed; dynamic field
Model.GameModel	m_lastServerTime	149	code/Lua/decompiled/Model/GameModel.lua	assignment observed; dynamic field
Model.GameModel	m_iServerTimeDelta	150	code/Lua/decompiled/Model/GameModel.lua	assignment observed; dynamic field
Model.GameModel	m_iLocaleTimeDelta	159	code/Lua/decompiled/Model/GameModel.lua	assignment observed; dynamic field
Model.GameModel	m_iLocaleTimeDelta	169	code/Lua/decompiled/Model/GameModel.lua	assignment observed; dynamic field
Model.GameModel	isLoginingService	200	code/Lua/decompiled/Model/GameModel.lua	assignment observed; dynamic field
Model.GameModel	m_mapGroup2Status	208	code/Lua/decompiled/Model/GameModel.lua	assignment observed; dynamic field
Model.GameModel	m_groupName	216	code/Lua/decompiled/Model/GameModel.lua	assignment observed; dynamic field
Model.GameModel	loginFinishTime	231	code/Lua/decompiled/Model/GameModel.lua	assignment observed; dynamic field
Model.GameModel	m_validGroupName	259	code/Lua/decompiled/Model/GameModel.lua	assignment observed; dynamic field
Model.GameModel	isLoginingService	306	code/Lua/decompiled/Model/GameModel.lua	assignment observed; dynamic field
Model.GameModel	m_accountNotice	367	code/Lua/decompiled/Model/GameModel.lua	assignment observed; dynamic field
Model.GameModel	m_accountNotice	371	code/Lua/decompiled/Model/GameModel.lua	assignment observed; dynamic field
Model.GameModel	m_accountNotice	378	code/Lua/decompiled/Model/GameModel.lua	assignment observed; dynamic field
Model.GameModel	m_accountNotice	384	code/Lua/decompiled/Model/GameModel.lua	assignment observed; dynamic field
Model.GameModel	m_accountNotice	393	code/Lua/decompiled/Model/GameModel.lua	assignment observed; dynamic field
Model.GameModel	m_accountNotice	405	code/Lua/decompiled/Model/GameModel.lua	assignment observed; dynamic field
Model.GameModel	m_bTriggeringServer	424	code/Lua/decompiled/Model/GameModel.lua	assignment observed; dynamic field
Model.GameModel	m_bTriggerCallback	425	code/Lua/decompiled/Model/GameModel.lua	assignment observed; dynamic field
Model.GameModel	m_bTriggeringServer	427	code/Lua/decompiled/Model/GameModel.lua	assignment observed; dynamic field
Model.GameModel	m_bServerCacheMode	445	code/Lua/decompiled/Model/GameModel.lua	assignment observed; dynamic field
Model.MapDataModel	m_dbTable	20	code/Lua/decompiled/Model/MapDataModel.lua	assignment observed; dynamic field
Model.MapDataModel	m_skinTable	21	code/Lua/decompiled/Model/MapDataModel.lua	assignment observed; dynamic field
Model.MapDataModel	m_timeLimitSkinTable	22	code/Lua/decompiled/Model/MapDataModel.lua	assignment observed; dynamic field
Model.MapDataModel	m_unlockTime	23	code/Lua/decompiled/Model/MapDataModel.lua	assignment observed; dynamic field
Model.MapDataModel	m_percentage	24	code/Lua/decompiled/Model/MapDataModel.lua	assignment observed; dynamic field
Model.MapDataModel	m_slots	34	code/Lua/decompiled/Model/MapDataModel.lua	assignment observed; dynamic field
Model.MapDataModel	m_maxUnlock	35	code/Lua/decompiled/Model/MapDataModel.lua	assignment observed; dynamic field
Model.MapDataModel	m_buildingConfig	95	code/Lua/decompiled/Model/MapDataModel.lua	assignment observed; dynamic field
Model.MapDataModel	m_totalExp	101	code/Lua/decompiled/Model/MapDataModel.lua	assignment observed; dynamic field
Model.MapDataModel	m_ids	114	code/Lua/decompiled/Model/MapDataModel.lua	assignment observed; dynamic field
Model.MapDataModel	m_skinConfig	123	code/Lua/decompiled/Model/MapDataModel.lua	assignment observed; dynamic field
Model.MapDataModel	m_exSlot	124	code/Lua/decompiled/Model/MapDataModel.lua	assignment observed; dynamic field
Model.MapDataModel	m_remoteHillConfig	133	code/Lua/decompiled/Model/MapDataModel.lua	assignment observed; dynamic field
Model.MapDataModel	m_buildingExp	146	code/Lua/decompiled/Model/MapDataModel.lua	assignment observed; dynamic field
Model.MapDataModel	m_totalExp	171	code/Lua/decompiled/Model/MapDataModel.lua	assignment observed; dynamic field
Model.MapDataModel	m_strStoryMd5	187	code/Lua/decompiled/Model/MapDataModel.lua	assignment observed; dynamic field
Model.MapDataModel	m_unlockTime	190	code/Lua/decompiled/Model/MapDataModel.lua	assignment observed; dynamic field
Model.MapDataModel	m_maxUnlock	207	code/Lua/decompiled/Model/MapDataModel.lua	assignment observed; dynamic field
Model.MapDataModel	m_maxUnlockConfig	223	code/Lua/decompiled/Model/MapDataModel.lua	assignment observed; dynamic field
Model.MapDataModel	m_unlockedSlots	376	code/Lua/decompiled/Model/MapDataModel.lua	assignment observed; dynamic field
Model.MapDataModel	m_buildMap	377	code/Lua/decompiled/Model/MapDataModel.lua	assignment observed; dynamic field
Model.MapDataModel	m_inProgressSlots	378	code/Lua/decompiled/Model/MapDataModel.lua	assignment observed; dynamic field
Model.MapDataModel	m_bAllSlotBuildFinished	549	code/Lua/decompiled/Model/MapDataModel.lua	assignment observed; dynamic field
Model.MapDataModel	m_bAllSlotBuildFinished	555	code/Lua/decompiled/Model/MapDataModel.lua	assignment observed; dynamic field
Model.MapDataModel	m_bAllSlotBuildFinished	559	code/Lua/decompiled/Model/MapDataModel.lua	assignment observed; dynamic field
Model.MapDataModel	m_bCannotUseLaneOrder	567	code/Lua/decompiled/Model/MapDataModel.lua	assignment observed; dynamic field
Model.MapDataModel	m_bCannotUseLaneOrder	569	code/Lua/decompiled/Model/MapDataModel.lua	assignment observed; dynamic field
Model.MapDataModel	m_bCannotUseLaneOrder	573	code/Lua/decompiled/Model/MapDataModel.lua	assignment observed; dynamic field
Model.MapDataModel	m_bCannotUseLaneOrder	584	code/Lua/decompiled/Model/MapDataModel.lua	assignment observed; dynamic field
Model.MapDataModel	m_percentage	1189	code/Lua/decompiled/Model/MapDataModel.lua	assignment observed; dynamic field
Model.MapDataModel	m_testUnlockAllTask	1291	code/Lua/decompiled/Model/MapDataModel.lua	assignment observed; dynamic field
Model.OpenFunctionModel	m_dbTable	18	code/Lua/decompiled/Model/OpenFunctionModel.lua	assignment observed; dynamic field
Model.OpenFunctionModel	m_mapFunctionConfig	23	code/Lua/decompiled/Model/OpenFunctionModel.lua	assignment observed; dynamic field
Model.OpenFunctionModel	m_mapFunctionConfigParam	24	code/Lua/decompiled/Model/OpenFunctionModel.lua	assignment observed; dynamic field
Model.OpenFunctionModel	m_uFunctionEnableLevel	84	code/Lua/decompiled/Model/OpenFunctionModel.lua	assignment observed; dynamic field
Model.SceneManager	m_eGameMode	18	code/Lua/decompiled/Model/SceneManager.lua	assignment observed; dynamic field
Model.SceneManager	m_timeSpending	23	code/Lua/decompiled/Model/SceneManager.lua	assignment observed; dynamic field
Model.SceneManager	m_loginDay	24	code/Lua/decompiled/Model/SceneManager.lua	assignment observed; dynamic field
Model.SceneManager	_enableLoggingWhenLoadingScene	28	code/Lua/decompiled/Model/SceneManager.lua	assignment observed; dynamic field
Model.SceneManager	m_bFromFeed	65	code/Lua/decompiled/Model/SceneManager.lua	assignment observed; dynamic field
Model.SceneManager	m_bFromFeed	73	code/Lua/decompiled/Model/SceneManager.lua	assignment observed; dynamic field
Model.SceneManager	m_eGameMode	117	code/Lua/decompiled/Model/SceneManager.lua	assignment observed; dynamic field
Model.SceneManager	m_bPauseTS	144	code/Lua/decompiled/Model/SceneManager.lua	assignment observed; dynamic field
Model.SceneManager	m_bPauseTS	149	code/Lua/decompiled/Model/SceneManager.lua	assignment observed; dynamic field
Model.SceneManager	m_tick	153	code/Lua/decompiled/Model/SceneManager.lua	assignment observed; dynamic field
Model.SceneManager	m_loginDay	160	code/Lua/decompiled/Model/SceneManager.lua	assignment observed; dynamic field
Model.SceneManager	m_timeSpending	162	code/Lua/decompiled/Model/SceneManager.lua	assignment observed; dynamic field
Model.SceneManager	m_timeSpending	164	code/Lua/decompiled/Model/SceneManager.lua	assignment observed; dynamic field
Model.SceneManager	m_tick	172	code/Lua/decompiled/Model/SceneManager.lua	assignment observed; dynamic field
Model.SceneManager	m_privacyTick	174	code/Lua/decompiled/Model/SceneManager.lua	assignment observed; dynamic field
Model.SceneManager	m_privacyDuration	183	code/Lua/decompiled/Model/SceneManager.lua	assignment observed; dynamic field
Model.SceneManager	m_privacyTick	184	code/Lua/decompiled/Model/SceneManager.lua	assignment observed; dynamic field
Model.SceneManager	m_tick	194	code/Lua/decompiled/Model/SceneManager.lua	assignment observed; dynamic field
Model.SceneManager	m_privacyDuration	195	code/Lua/decompiled/Model/SceneManager.lua	assignment observed; dynamic field
Model.SceneManager	m_downloadSize	196	code/Lua/decompiled/Model/SceneManager.lua	assignment observed; dynamic field
Model.SceneManager	m_downloadSize	200	code/Lua/decompiled/Model/SceneManager.lua	assignment observed; dynamic field
Model.SceneManager	m_privacyTick	204	code/Lua/decompiled/Model/SceneManager.lua	assignment observed; dynamic field
Model.SceneManager	m_privacyDuration	208	code/Lua/decompiled/Model/SceneManager.lua	assignment observed; dynamic field
Model.SceneManager	m_privacyTick	209	code/Lua/decompiled/Model/SceneManager.lua	assignment observed; dynamic field
Model.SystemConfigModel	m_systemConfig	62	code/Lua/decompiled/Model/SystemConfigModel.lua	assignment observed; dynamic field
Model.SystemConfigModel	m_systemConfig	81	code/Lua/decompiled/Model/SystemConfigModel.lua	assignment observed; dynamic field
TempItemActivity.TempItemModel	m_tempItemRuleConfig	27	code/Lua/decompiled/TempItemActivity/TempItemModel.lua	assignment observed; dynamic field
TempItemActivity.TempItemModel	m_tempItemDuration	28	code/Lua/decompiled/TempItemActivity/TempItemModel.lua	assignment observed; dynamic field
TempItemActivity.TempItemModel	m_mapTempItemRuleConfig	33	code/Lua/decompiled/TempItemActivity/TempItemModel.lua	assignment observed; dynamic field
TempItemActivity.TempItemModel	m_tempItemGeneralConfig	50	code/Lua/decompiled/TempItemActivity/TempItemModel.lua	assignment observed; dynamic field
TempItemActivity.TempItemModel	m_bNeedToTransformItems	64	code/Lua/decompiled/TempItemActivity/TempItemModel.lua	assignment observed; dynamic field
TempItemActivity.TempItemModel	m_bNeedToTransformItems	75	code/Lua/decompiled/TempItemActivity/TempItemModel.lua	assignment observed; dynamic field
TempItemActivity.TempItemModel	m_bNeedToTransformItems	90	code/Lua/decompiled/TempItemActivity/TempItemModel.lua	assignment observed; dynamic field
BalloonRewardItem.Model.BalloonRewardModel	m_dbTable	6	code/Lua/decompiled/BalloonRewardItem/Model/BalloonRewardModel.lua	assignment observed; dynamic field
BalloonRewardItem.Model.BalloonRewardModel	m_idGenerator	7	code/Lua/decompiled/BalloonRewardItem/Model/BalloonRewardModel.lua	assignment observed; dynamic field
BalloonRewardItem.Model.BalloonRewardModel	m_rewardItemList	11	code/Lua/decompiled/BalloonRewardItem/Model/BalloonRewardModel.lua	assignment observed; dynamic field
BalloonRewardItem.Model.BalloonRewardModel	m_mapBalloons	15	code/Lua/decompiled/BalloonRewardItem/Model/BalloonRewardModel.lua	assignment observed; dynamic field
Board.Model.ItemDataModel	m_oldDB	12	code/Lua/decompiled/Board/Model/ItemDataModel.lua	assignment observed; dynamic field
Board.Model.ItemDataModel	m_unlockDB	13	code/Lua/decompiled/Board/Model/ItemDataModel.lua	assignment observed; dynamic field
Board.Model.ItemDataModel	m_cacheState	14	code/Lua/decompiled/Board/Model/ItemDataModel.lua	assignment observed; dynamic field
Board.Model.ItemDataModel	m_bSyncDataFinished	23	code/Lua/decompiled/Board/Model/ItemDataModel.lua	assignment observed; dynamic field
Board.Model.ItemDataModel	m_modelConfigs	40	code/Lua/decompiled/Board/Model/ItemDataModel.lua	assignment observed; dynamic field
Board.Model.ItemDataModel	m_originItemConfig	41	code/Lua/decompiled/Board/Model/ItemDataModel.lua	assignment observed; dynamic field
Board.Model.ItemDataModel	m_chainIdMaxLevelMap	83	code/Lua/decompiled/Board/Model/ItemDataModel.lua	assignment observed; dynamic field
Board.Model.ItemDataModel	m_chainIdProtectLevelMap	84	code/Lua/decompiled/Board/Model/ItemDataModel.lua	assignment observed; dynamic field
Board.Model.ItemDataModel	m_chainIdGeneratorMap	85	code/Lua/decompiled/Board/Model/ItemDataModel.lua	assignment observed; dynamic field
Board.Model.ItemDataModel	m_inOrderMap	86	code/Lua/decompiled/Board/Model/ItemDataModel.lua	assignment observed; dynamic field
Board.Model.ItemDataModel	m_itemGeneratorMap	87	code/Lua/decompiled/Board/Model/ItemDataModel.lua	assignment observed; dynamic field
Board.Model.ItemDataModel	m_itemProductionMap	88	code/Lua/decompiled/Board/Model/ItemDataModel.lua	assignment observed; dynamic field
Board.Model.ItemDataModel	m_pdItemMap	89	code/Lua/decompiled/Board/Model/ItemDataModel.lua	assignment observed; dynamic field
Board.Model.ItemDataModel	m_maxLevelItemMap	90	code/Lua/decompiled/Board/Model/ItemDataModel.lua	assignment observed; dynamic field
Board.Model.ItemDataModel	m_sourceItemList	91	code/Lua/decompiled/Board/Model/ItemDataModel.lua	assignment observed; dynamic field
Board.Model.ItemDataModel	m_costItemList	92	code/Lua/decompiled/Board/Model/ItemDataModel.lua	assignment observed; dynamic field
Board.Model.ItemDataModel	m_arrSortedGeneratorChains	196	code/Lua/decompiled/Board/Model/ItemDataModel.lua	assignment observed; dynamic field
Board.Model.ItemDataModel	m_mainGeneratorCount	197	code/Lua/decompiled/Board/Model/ItemDataModel.lua	assignment observed; dynamic field
Board.Model.ItemDataModel	m_mainGeneratorCount	199	code/Lua/decompiled/Board/Model/ItemDataModel.lua	assignment observed; dynamic field
Board.Model.ItemDataModel	m_discoveriesMap	462	code/Lua/decompiled/Board/Model/ItemDataModel.lua	assignment observed; dynamic field
Board.Model.ItemDataModel	m_discoveriesTabIcon	506	code/Lua/decompiled/Board/Model/ItemDataModel.lua	assignment observed; dynamic field
Board.Model.ItemDataModel	m_maxChainNumInTab	511	code/Lua/decompiled/Board/Model/ItemDataModel.lua	assignment observed; dynamic field
Board.Model.ItemDataModel	m_maxChainNumInTab	513	code/Lua/decompiled/Board/Model/ItemDataModel.lua	assignment observed; dynamic field
Board.Model.ItemDataModel	m_bSyncDataFinished	619	code/Lua/decompiled/Board/Model/ItemDataModel.lua	assignment observed; dynamic field
Board.View.BaseActionBoardView	m_selectedBoardPosition	10	code/Lua/decompiled/Board/View/BaseActionBoardView.lua	assignment observed; dynamic field
Board.View.BaseActionBoardView	m_itemCollectableTipItem	24	code/Lua/decompiled/Board/View/BaseActionBoardView.lua	assignment observed; dynamic field
Board.View.BaseActionBoardView	m_itemCollectableTipItem	29	code/Lua/decompiled/Board/View/BaseActionBoardView.lua	assignment observed; dynamic field
Board.View.BaseActionBoardView	m_itemCollectableTipItem	32	code/Lua/decompiled/Board/View/BaseActionBoardView.lua	assignment observed; dynamic field
Board.View.BaseActionBoardView	m_cachedItemCollectableTip	62	code/Lua/decompiled/Board/View/BaseActionBoardView.lua	assignment observed; dynamic field
Board.View.BaseActionBoardView	m_cachedItemCollectableTip	78	code/Lua/decompiled/Board/View/BaseActionBoardView.lua	assignment observed; dynamic field
Board.View.BaseActionBoardView	m_cachedItemCollectableTip	80	code/Lua/decompiled/Board/View/BaseActionBoardView.lua	assignment observed; dynamic field
Board.View.BaseActionBoardView	m_cachedItemCollectableTip	90	code/Lua/decompiled/Board/View/BaseActionBoardView.lua	assignment observed; dynamic field
Board.View.BaseBoardView	m_model	16	code/Lua/decompiled/Board/View/BaseBoardView.lua	assignment observed; dynamic field
Board.View.BaseBoardView	m_tileMap	17	code/Lua/decompiled/Board/View/BaseBoardView.lua	assignment observed; dynamic field
Board.View.BaseBoardView	m_modelViewMap	18	code/Lua/decompiled/Board/View/BaseBoardView.lua	assignment observed; dynamic field
Board.View.BaseBoardView	m_lastMergeLightItem	148	code/Lua/decompiled/Board/View/BaseBoardView.lua	assignment observed; dynamic field
Board.View.BaseBoardView	m_lastMergeLightItem	156	code/Lua/decompiled/Board/View/BaseBoardView.lua	assignment observed; dynamic field
Board.View.BaseSceneBoardView	m_disabledPosList	20	code/Lua/decompiled/Board/View/BaseSceneBoardView.lua	assignment observed; dynamic field
Board.View.BaseSceneBoardView	m_shopModel	26	code/Lua/decompiled/Board/View/BaseSceneBoardView.lua	assignment observed; dynamic field
Board.View.BaseSceneBoardView	m_camera	27	code/Lua/decompiled/Board/View/BaseSceneBoardView.lua	assignment observed; dynamic field
Board.View.BaseSceneBoardView	m_blinkingItems	30	code/Lua/decompiled/Board/View/BaseSceneBoardView.lua	assignment observed; dynamic field
Board.View.BaseSceneBoardView	m_profiling	31	code/Lua/decompiled/Board/View/BaseSceneBoardView.lua	assignment observed; dynamic field
Board.View.BaseSceneBoardView	m_storeItemSeqCount	32	code/Lua/decompiled/Board/View/BaseSceneBoardView.lua	assignment observed; dynamic field
Board.View.BaseSceneBoardView	m_initialized	74	code/Lua/decompiled/Board/View/BaseSceneBoardView.lua	assignment observed; dynamic field
Board.View.BaseSceneBoardView	m_adjustedInfoBarPosition	116	code/Lua/decompiled/Board/View/BaseSceneBoardView.lua	assignment observed; dynamic field
Board.View.BaseSceneBoardView	m_hasCollapsedPaperBox	214	code/Lua/decompiled/Board/View/BaseSceneBoardView.lua	assignment observed; dynamic field
Board.View.BaseSceneBoardView	m_inventoryButton	262	code/Lua/decompiled/Board/View/BaseSceneBoardView.lua	assignment observed; dynamic field
Board.View.BaseSceneBoardView	m_inventoryButton	264	code/Lua/decompiled/Board/View/BaseSceneBoardView.lua	assignment observed; dynamic field
Board.View.BaseSceneBoardView	m_lastTouchedItem	286	code/Lua/decompiled/Board/View/BaseSceneBoardView.lua	assignment observed; dynamic field
Board.View.BaseSceneBoardView	m_lastTouchedItem	287	code/Lua/decompiled/Board/View/BaseSceneBoardView.lua	assignment observed; dynamic field
Board.View.BaseSceneBoardView	m_onInventory	292	code/Lua/decompiled/Board/View/BaseSceneBoardView.lua	assignment observed; dynamic field
Board.View.BaseSceneBoardView	m_lastMergeLightItem	319	code/Lua/decompiled/Board/View/BaseSceneBoardView.lua	assignment observed; dynamic field
Board.View.BaseSceneBoardView	m_lastMergableItem	320	code/Lua/decompiled/Board/View/BaseSceneBoardView.lua	assignment observed; dynamic field
Board.View.BaseSceneBoardView	m_lastMergableItemTime	321	code/Lua/decompiled/Board/View/BaseSceneBoardView.lua	assignment observed; dynamic field
Board.View.BaseSceneBoardView	m_selectedBoardPosition	360	code/Lua/decompiled/Board/View/BaseSceneBoardView.lua	assignment observed; dynamic field
Board.View.BaseSceneBoardView	m_lastTouchedItem	452	code/Lua/decompiled/Board/View/BaseSceneBoardView.lua	assignment observed; dynamic field
Board.View.BaseSceneBoardView	m_lastTouchedItem	453	code/Lua/decompiled/Board/View/BaseSceneBoardView.lua	assignment observed; dynamic field
Board.View.BaseSceneBoardView	m_storeItemSeqCount	497	code/Lua/decompiled/Board/View/BaseSceneBoardView.lua	assignment observed; dynamic field
Board.View.BaseSceneBoardView	m_storeItemSeqCount	514	code/Lua/decompiled/Board/View/BaseSceneBoardView.lua	assignment observed; dynamic field
Board.View.BaseSceneBoardView	m_storeItemSeqCount	547	code/Lua/decompiled/Board/View/BaseSceneBoardView.lua	assignment observed; dynamic field
Board.View.BaseSceneBoardView	m_storeItemSeqCount	558	code/Lua/decompiled/Board/View/BaseSceneBoardView.lua	assignment observed; dynamic field
Board.View.BaseSceneBoardView	m_promptSchedulerOrigin	608	code/Lua/decompiled/Board/View/BaseSceneBoardView.lua	assignment observed; dynamic field
Board.View.BaseSceneBoardView	m_promptScheduler	613	code/Lua/decompiled/Board/View/BaseSceneBoardView.lua	assignment observed; dynamic field
Board.View.BaseSceneBoardView	m_prompt	615	code/Lua/decompiled/Board/View/BaseSceneBoardView.lua	assignment observed; dynamic field
Board.View.BaseSceneBoardView	m_promptScheduler	636	code/Lua/decompiled/Board/View/BaseSceneBoardView.lua	assignment observed; dynamic field
Board.View.BaseSceneBoardView	m_promptScheduler	713	code/Lua/decompiled/Board/View/BaseSceneBoardView.lua	assignment observed; dynamic field
Board.View.BaseSceneBoardView	m_prompt	717	code/Lua/decompiled/Board/View/BaseSceneBoardView.lua	assignment observed; dynamic field
Board.View.BaseSceneBoardView	m_arrLuckyProduceGo	789	code/Lua/decompiled/Board/View/BaseSceneBoardView.lua	assignment observed; dynamic field
Board.View.BaseSceneBoardView	m_lastTouchedItem	794	code/Lua/decompiled/Board/View/BaseSceneBoardView.lua	assignment observed; dynamic field
Board.View.BaseSceneBoardView	m_onInventory	801	code/Lua/decompiled/Board/View/BaseSceneBoardView.lua	assignment observed; dynamic field
Board.View.BaseSceneBoardView	m_moreThanOnceTap	810	code/Lua/decompiled/Board/View/BaseSceneBoardView.lua	assignment observed; dynamic field
Board.View.BaseSceneBoardView	m_dragging	811	code/Lua/decompiled/Board/View/BaseSceneBoardView.lua	assignment observed; dynamic field
Board.View.BaseSceneBoardView	m_lastTouchedItem	812	code/Lua/decompiled/Board/View/BaseSceneBoardView.lua	assignment observed; dynamic field
Board.View.BaseSceneBoardView	m_lastTouchedItem	830	code/Lua/decompiled/Board/View/BaseSceneBoardView.lua	assignment observed; dynamic field
Board.View.BaseSceneBoardView	m_selectedBoardPosition	834	code/Lua/decompiled/Board/View/BaseSceneBoardView.lua	assignment observed; dynamic field
Board.View.BaseSceneBoardView	m_moreThanOnceTap	835	code/Lua/decompiled/Board/View/BaseSceneBoardView.lua	assignment observed; dynamic field
Board.View.BaseSceneBoardView	m_startedPromptStep2	840	code/Lua/decompiled/Board/View/BaseSceneBoardView.lua	assignment observed; dynamic field
Board.View.BaseSceneBoardView	m_lastTouchedItem	857	code/Lua/decompiled/Board/View/BaseSceneBoardView.lua	assignment observed; dynamic field
Board.View.BaseSceneBoardView	m_dragging	871	code/Lua/decompiled/Board/View/BaseSceneBoardView.lua	assignment observed; dynamic field
Board.View.BaseSceneBoardView	m_onInventory	877	code/Lua/decompiled/Board/View/BaseSceneBoardView.lua	assignment observed; dynamic field
Board.View.BaseSceneBoardView	m_onInventory	886	code/Lua/decompiled/Board/View/BaseSceneBoardView.lua	assignment observed; dynamic field
Board.View.BaseSceneBoardView	m_onInventory	902	code/Lua/decompiled/Board/View/BaseSceneBoardView.lua	assignment observed; dynamic field
Board.View.BaseSceneBoardView	m_lastTouchedItem	904	code/Lua/decompiled/Board/View/BaseSceneBoardView.lua	assignment observed; dynamic field
Board.View.BaseSceneBoardView	m_selectedBoardPosition	964	code/Lua/decompiled/Board/View/BaseSceneBoardView.lua	assignment observed; dynamic field
Board.View.BaseSceneBoardView	m_selectedBoardPosition	968	code/Lua/decompiled/Board/View/BaseSceneBoardView.lua	assignment observed; dynamic field
Board.View.BaseSceneBoardView	m_selectedBoardPosition	970	code/Lua/decompiled/Board/View/BaseSceneBoardView.lua	assignment observed; dynamic field
Board.View.BaseSceneBoardView	m_moreThanOnceTap	1048	code/Lua/decompiled/Board/View/BaseSceneBoardView.lua	assignment observed; dynamic field
Board.View.BaseSceneBoardView	m_dragging	1049	code/Lua/decompiled/Board/View/BaseSceneBoardView.lua	assignment observed; dynamic field
Board.View.BaseSceneBoardView	m_lastTouchedItem	1050	code/Lua/decompiled/Board/View/BaseSceneBoardView.lua	assignment observed; dynamic field
Board.View.BaseSceneBoardView	m_startedPromptStep2	1053	code/Lua/decompiled/Board/View/BaseSceneBoardView.lua	assignment observed; dynamic field
Board.View.BaseSceneBoardView	m_lastMergableItem	1057	code/Lua/decompiled/Board/View/BaseSceneBoardView.lua	assignment observed; dynamic field
Board.View.BaseSceneBoardView	m_lastMergableItemTime	1058	code/Lua/decompiled/Board/View/BaseSceneBoardView.lua	assignment observed; dynamic field
Board.View.BaseSceneBoardView	m_selectedBoardPosition	1186	code/Lua/decompiled/Board/View/BaseSceneBoardView.lua	assignment observed; dynamic field
Board.View.BaseSceneBoardView	m_hasCollapsedPaperBox	1303	code/Lua/decompiled/Board/View/BaseSceneBoardView.lua	assignment observed; dynamic field
Board.View.BaseSceneBoardView	m_selectedBoardPosition	1345	code/Lua/decompiled/Board/View/BaseSceneBoardView.lua	assignment observed; dynamic field
Board.View.BaseSceneBoardView	m_selectedBoardPosition	1366	code/Lua/decompiled/Board/View/BaseSceneBoardView.lua	assignment observed; dynamic field
Board.View.BaseSceneBoardView	m_selectedBoardPosition	1555	code/Lua/decompiled/Board/View/BaseSceneBoardView.lua	assignment observed; dynamic field
Board.View.BaseSceneBoardView	m_selectedBoardPosition	1578	code/Lua/decompiled/Board/View/BaseSceneBoardView.lua	assignment observed; dynamic field
Board.View.BaseSceneBoardView	m_arrLuckyProduceGo	1913	code/Lua/decompiled/Board/View/BaseSceneBoardView.lua	assignment observed; dynamic field
Board.View.BaseSceneBoardView	m_findEffectSeq	1939	code/Lua/decompiled/Board/View/BaseSceneBoardView.lua	assignment observed; dynamic field
Board.View.BaseSceneBoardView	m_findEffectSeq	1972	code/Lua/decompiled/Board/View/BaseSceneBoardView.lua	assignment observed; dynamic field
Board.View.BaseSceneBoardView	m_playingChestRewardAnim	2349	code/Lua/decompiled/Board/View/BaseSceneBoardView.lua	assignment observed; dynamic field
Board.View.BaseSceneBoardView	m_playingChestRewardAnim	2372	code/Lua/decompiled/Board/View/BaseSceneBoardView.lua	assignment observed; dynamic field
Board.View.BaseSceneBoardView	m_playingChestRewardAnim	2442	code/Lua/decompiled/Board/View/BaseSceneBoardView.lua	assignment observed; dynamic field
Board.View.BaseUIBoardView	m_mapScrollSeq	76	code/Lua/decompiled/Board/View/BaseUIBoardView.lua	assignment observed; dynamic field
Board.View.BaseUIBoardView	m_hasDissolveItem	82	code/Lua/decompiled/Board/View/BaseUIBoardView.lua	assignment observed; dynamic field
Board.View.BaseUIBoardView	m_itemDeleteButton	108	code/Lua/decompiled/Board/View/BaseUIBoardView.lua	assignment observed; dynamic field
Board.View.BaseUIBoardView	m_boardBgGo	117	code/Lua/decompiled/Board/View/BaseUIBoardView.lua	assignment observed; dynamic field
Board.View.BaseUIBoardView	m_scrollMaskTrans	121	code/Lua/decompiled/Board/View/BaseUIBoardView.lua	assignment observed; dynamic field
Board.View.BaseUIBoardView	m_camera	132	code/Lua/decompiled/Board/View/BaseUIBoardView.lua	assignment observed; dynamic field
Board.View.BaseUIBoardView	m_cloudView	167	code/Lua/decompiled/Board/View/BaseUIBoardView.lua	assignment observed; dynamic field
Board.View.BaseUIBoardView	m_delayUnlockCloudId	175	code/Lua/decompiled/Board/View/BaseUIBoardView.lua	assignment observed; dynamic field
Board.View.BaseUIBoardView	m_delayUnlockCloudId	187	code/Lua/decompiled/Board/View/BaseUIBoardView.lua	assignment observed; dynamic field
Board.View.BaseUIBoardView	m_delayUnlockCloudId	223	code/Lua/decompiled/Board/View/BaseUIBoardView.lua	assignment observed; dynamic field
Board.View.BaseUIBoardView	m_delayUpgradeFunc	226	code/Lua/decompiled/Board/View/BaseUIBoardView.lua	assignment observed; dynamic field
Board.View.BaseUIBoardView	m_itemTransformLayerModelViewMap	338	code/Lua/decompiled/Board/View/BaseUIBoardView.lua	assignment observed; dynamic field
Board.View.BaseUIBoardView	m_promptScheduler	375	code/Lua/decompiled/Board/View/BaseUIBoardView.lua	assignment observed; dynamic field
Board.View.BaseUIBoardView	m_promptScheduler	395	code/Lua/decompiled/Board/View/BaseUIBoardView.lua	assignment observed; dynamic field
Board.View.BaseUIBoardView	m_prompt	400	code/Lua/decompiled/Board/View/BaseUIBoardView.lua	assignment observed; dynamic field
Board.View.BaseUIBoardView	m_prompt	408	code/Lua/decompiled/Board/View/BaseUIBoardView.lua	assignment observed; dynamic field
Board.View.BaseUIBoardView	m_iPromptLockCount	422	code/Lua/decompiled/Board/View/BaseUIBoardView.lua	assignment observed; dynamic field
Board.View.BaseUIBoardView	m_iPromptLockCount	424	code/Lua/decompiled/Board/View/BaseUIBoardView.lua	assignment observed; dynamic field
Board.View.BaseUIBoardView	m_promptScheduler	455	code/Lua/decompiled/Board/View/BaseUIBoardView.lua	assignment observed; dynamic field
Board.View.BaseUIBoardView	m_prompt	459	code/Lua/decompiled/Board/View/BaseUIBoardView.lua	assignment observed; dynamic field
Board.View.BaseUIBoardView	m_selectedBoardPosition	503	code/Lua/decompiled/Board/View/BaseUIBoardView.lua	assignment observed; dynamic field
Board.View.BaseUIBoardView	m_selectedBoardPosition	565	code/Lua/decompiled/Board/View/BaseUIBoardView.lua	assignment observed; dynamic field
Board.View.BaseUIBoardView	m_selectedBoardPosition	631	code/Lua/decompiled/Board/View/BaseUIBoardView.lua	assignment observed; dynamic field
Board.View.BaseUIBoardView	m_selectedBoardPosition	667	code/Lua/decompiled/Board/View/BaseUIBoardView.lua	assignment observed; dynamic field
Board.View.BaseUIBoardView	m_selectedBoardPosition	721	code/Lua/decompiled/Board/View/BaseUIBoardView.lua	assignment observed; dynamic field
Board.View.BaseUIBoardView	m_hasDissolveItem	781	code/Lua/decompiled/Board/View/BaseUIBoardView.lua	assignment observed; dynamic field
Board.View.BaseUIBoardView	m_sweepingItem	812	code/Lua/decompiled/Board/View/BaseUIBoardView.lua	assignment observed; dynamic field
Board.View.BaseUIBoardView	m_delayUnlockCloudId	839	code/Lua/decompiled/Board/View/BaseUIBoardView.lua	assignment observed; dynamic field
Board.View.BaseUIBoardView	m_delayUpgradeFunc	840	code/Lua/decompiled/Board/View/BaseUIBoardView.lua	assignment observed; dynamic field
Board.View.BaseUIBoardView	m_sweepingItem	1087	code/Lua/decompiled/Board/View/BaseUIBoardView.lua	assignment observed; dynamic field
Board.View.BaseUIBoardView	m_lastTouchedItem	1109	code/Lua/decompiled/Board/View/BaseUIBoardView.lua	assignment observed; dynamic field
Board.View.BaseUIBoardView	m_selectedBoardPosition	1110	code/Lua/decompiled/Board/View/BaseUIBoardView.lua	assignment observed; dynamic field
Board.View.BaseUIBoardView	m_moreThanOnceTap	1111	code/Lua/decompiled/Board/View/BaseUIBoardView.lua	assignment observed; dynamic field
Board.View.BaseUIBoardView	m_selectExtraPos	1118	code/Lua/decompiled/Board/View/BaseUIBoardView.lua	assignment observed; dynamic field
Board.View.BaseUIBoardView	m_lastTouchedItem	1132	code/Lua/decompiled/Board/View/BaseUIBoardView.lua	assignment observed; dynamic field
Board.View.BaseUIBoardView	m_moreThanOnceTap	1141	code/Lua/decompiled/Board/View/BaseUIBoardView.lua	assignment observed; dynamic field
Board.View.BaseUIBoardView	m_dragging	1142	code/Lua/decompiled/Board/View/BaseUIBoardView.lua	assignment observed; dynamic field
Board.View.BaseUIBoardView	m_lastTouchedItem	1143	code/Lua/decompiled/Board/View/BaseUIBoardView.lua	assignment observed; dynamic field
Board.View.BaseUIBoardView	m_lastTouchedItem	1150	code/Lua/decompiled/Board/View/BaseUIBoardView.lua	assignment observed; dynamic field
Board.View.BaseUIBoardView	m_moreThanOnceTap	1151	code/Lua/decompiled/Board/View/BaseUIBoardView.lua	assignment observed; dynamic field
Board.View.BaseUIBoardView	m_selectExtraPos	1152	code/Lua/decompiled/Board/View/BaseUIBoardView.lua	assignment observed; dynamic field
Board.View.BaseUIBoardView	m_selectExtraItem	1157	code/Lua/decompiled/Board/View/BaseUIBoardView.lua	assignment observed; dynamic field
Board.View.BaseUIBoardView	m_lastTouchedItem	1162	code/Lua/decompiled/Board/View/BaseUIBoardView.lua	assignment observed; dynamic field
Board.View.BaseUIBoardView	m_dragging	1178	code/Lua/decompiled/Board/View/BaseUIBoardView.lua	assignment observed; dynamic field
Board.View.BaseUIBoardView	m_selectedBoardPosition	1279	code/Lua/decompiled/Board/View/BaseUIBoardView.lua	assignment observed; dynamic field
Board.View.BaseUIBoardView	m_selectedBoardPosition	1281	code/Lua/decompiled/Board/View/BaseUIBoardView.lua	assignment observed; dynamic field
Board.View.BaseUIBoardView	m_lastTouchedItem	1286	code/Lua/decompiled/Board/View/BaseUIBoardView.lua	assignment observed; dynamic field
Board.View.BaseUIBoardView	m_moreThanOnceTap	1328	code/Lua/decompiled/Board/View/BaseUIBoardView.lua	assignment observed; dynamic field
Board.View.BaseUIBoardView	m_dragging	1329	code/Lua/decompiled/Board/View/BaseUIBoardView.lua	assignment observed; dynamic field
Board.View.BaseUIBoardView	m_lastTouchedItem	1330	code/Lua/decompiled/Board/View/BaseUIBoardView.lua	assignment observed; dynamic field
Board.View.BaseUIBoardView	m_swallowPos	1353	code/Lua/decompiled/Board/View/BaseUIBoardView.lua	assignment observed; dynamic field
Board.View.BaseUIBoardView	m_swallowPos	1355	code/Lua/decompiled/Board/View/BaseUIBoardView.lua	assignment observed; dynamic field
Board.View.BaseUIBoardView	m_bTileInversed	1671	code/Lua/decompiled/Board/View/BaseUIBoardView.lua	assignment observed; dynamic field
Board.View.BoardCacheRoot	m_boardView	9	code/Lua/decompiled/Board/View/BoardCacheRoot.lua	assignment observed; dynamic field
Board.View.BoardCacheRoot	m_hideAni	18	code/Lua/decompiled/Board/View/BoardCacheRoot.lua	assignment observed; dynamic field
Board.View.BoardCacheRoot	m_bShowCacheItemFirst	50	code/Lua/decompiled/Board/View/BoardCacheRoot.lua	assignment observed; dynamic field
Board.View.BoardCacheRoot	m_displayItemType	62	code/Lua/decompiled/Board/View/BoardCacheRoot.lua	assignment observed; dynamic field
Board.View.BoardCacheRoot	m_displayItemType	74	code/Lua/decompiled/Board/View/BoardCacheRoot.lua	assignment observed; dynamic field
Board.View.BoardCacheRoot	m_displayItemType	79	code/Lua/decompiled/Board/View/BoardCacheRoot.lua	assignment observed; dynamic field
Board.View.BoardCacheRoot	m_displayItemType	85	code/Lua/decompiled/Board/View/BoardCacheRoot.lua	assignment observed; dynamic field
Board.View.BoardCacheRoot	m_hideAni	120	code/Lua/decompiled/Board/View/BoardCacheRoot.lua	assignment observed; dynamic field
Board.View.BoardCacheRoot	m_iconSequence	124	code/Lua/decompiled/Board/View/BoardCacheRoot.lua	assignment observed; dynamic field
Board.View.BoardCacheRoot	m_iconSequence	128	code/Lua/decompiled/Board/View/BoardCacheRoot.lua	assignment observed; dynamic field
Board.View.BoardCacheRoot	m_arrowSequence	132	code/Lua/decompiled/Board/View/BoardCacheRoot.lua	assignment observed; dynamic field
Board.View.BoardCacheRoot	m_arrowSequence	133	code/Lua/decompiled/Board/View/BoardCacheRoot.lua	assignment observed; dynamic field
Board.View.BoardCacheRoot	m_iconSequence	142	code/Lua/decompiled/Board/View/BoardCacheRoot.lua	assignment observed; dynamic field
Board.View.BoardCacheRoot	m_arrowSequence	146	code/Lua/decompiled/Board/View/BoardCacheRoot.lua	assignment observed; dynamic field
Board.View.BoardCacheRoot	m_hideAni	167	code/Lua/decompiled/Board/View/BoardCacheRoot.lua	assignment observed; dynamic field
Board.View.BoardCacheRoot	m_hideAni	169	code/Lua/decompiled/Board/View/BoardCacheRoot.lua	assignment observed; dynamic field
Board.View.BoardPrompt	m_type	36	code/Lua/decompiled/Board/View/BoardPrompt.lua	assignment observed; dynamic field
Board.View.BoardPrompt	m_itemModels	78	code/Lua/decompiled/Board/View/BoardPrompt.lua	assignment observed; dynamic field
Board.View.BoardPrompt	m_itemModels	79	code/Lua/decompiled/Board/View/BoardPrompt.lua	assignment observed; dynamic field
Board.View.BoardPrompt	m_mapPromptItemModels	84	code/Lua/decompiled/Board/View/BoardPrompt.lua	assignment observed; dynamic field
Board.View.BoardPrompt	m_mapPromptItemModels	118	code/Lua/decompiled/Board/View/BoardPrompt.lua	assignment observed; dynamic field
Board.View.BoardPrompt	m_itemModels	297	code/Lua/decompiled/Board/View/BoardPrompt.lua	assignment observed; dynamic field
Board.View.BoardPrompt	m_itemModel	302	code/Lua/decompiled/Board/View/BoardPrompt.lua	assignment observed; dynamic field
Board.View.BoardPrompt	m_bGoldCollect	344	code/Lua/decompiled/Board/View/BoardPrompt.lua	assignment observed; dynamic field
Board.View.BoardPrompt	m_itemModels	356	code/Lua/decompiled/Board/View/BoardPrompt.lua	assignment observed; dynamic field
Board.View.BoardPrompt	m_itemModel	373	code/Lua/decompiled/Board/View/BoardPrompt.lua	assignment observed; dynamic field
Board.View.BoardPrompt	m_itemModels	407	code/Lua/decompiled/Board/View/BoardPrompt.lua	assignment observed; dynamic field
Board.View.BoardPrompt	m_itemModel	422	code/Lua/decompiled/Board/View/BoardPrompt.lua	assignment observed; dynamic field
Board.View.BoardPrompt	m_itemModel	462	code/Lua/decompiled/Board/View/BoardPrompt.lua	assignment observed; dynamic field
Board.View.BoardPrompt	m_itemModels	536	code/Lua/decompiled/Board/View/BoardPrompt.lua	assignment observed; dynamic field
Board.View.BoardPrompt	m_itemModel	554	code/Lua/decompiled/Board/View/BoardPrompt.lua	assignment observed; dynamic field
Board.View.BoardPrompt	m_itemView	555	code/Lua/decompiled/Board/View/BoardPrompt.lua	assignment observed; dynamic field
Board.View.BoardPrompt	m_itemView	556	code/Lua/decompiled/Board/View/BoardPrompt.lua	assignment observed; dynamic field
Board.View.BoardPrompt	m_cells	599	code/Lua/decompiled/Board/View/BoardPrompt.lua	assignment observed; dynamic field
Board.View.BoardPrompt	m_cells	601	code/Lua/decompiled/Board/View/BoardPrompt.lua	assignment observed; dynamic field
Board.View.BoardPrompt	m_cells	603	code/Lua/decompiled/Board/View/BoardPrompt.lua	assignment observed; dynamic field
Board.View.BoardPrompt	m_cell	615	code/Lua/decompiled/Board/View/BoardPrompt.lua	assignment observed; dynamic field
Board.View.BoardPrompt	m_cell	624	code/Lua/decompiled/Board/View/BoardPrompt.lua	assignment observed; dynamic field
Board.View.BoardPrompt	m_schedulerFunc	644	code/Lua/decompiled/Board/View/BoardPrompt.lua	assignment observed; dynamic field
Board.View.BoardPrompt	m_buildBtn	665	code/Lua/decompiled/Board/View/BoardPrompt.lua	assignment observed; dynamic field
Board.View.BoardPrompt	m_cacheRoot	691	code/Lua/decompiled/Board/View/BoardPrompt.lua	assignment observed; dynamic field
Board.View.BoardPrompt	m_itemModels	715	code/Lua/decompiled/Board/View/BoardPrompt.lua	assignment observed; dynamic field
Board.View.BoardPrompt	m_itemModels	736	code/Lua/decompiled/Board/View/BoardPrompt.lua	assignment observed; dynamic field
Board.View.BoardPrompt	m_itemModel	882	code/Lua/decompiled/Board/View/BoardPrompt.lua	assignment observed; dynamic field
Board.View.BoardPrompt	m_innerType	883	code/Lua/decompiled/Board/View/BoardPrompt.lua	assignment observed; dynamic field
Board.View.BoardPrompt	m_itemModel	897	code/Lua/decompiled/Board/View/BoardPrompt.lua	assignment observed; dynamic field
Board.View.BoardPrompt	m_innerType	898	code/Lua/decompiled/Board/View/BoardPrompt.lua	assignment observed; dynamic field
Board.View.BoardPrompt	m_itemModel	938	code/Lua/decompiled/Board/View/BoardPrompt.lua	assignment observed; dynamic field
Board.View.BoardPrompt	m_innerType	939	code/Lua/decompiled/Board/View/BoardPrompt.lua	assignment observed; dynamic field
Board.View.BoardPrompt	m_itemModels	993	code/Lua/decompiled/Board/View/BoardPrompt.lua	assignment observed; dynamic field
Board.View.BoardPrompt	m_itemModel	998	code/Lua/decompiled/Board/View/BoardPrompt.lua	assignment observed; dynamic field
Board.View.BoardPrompt	m_sunshineOrderBoostButton	1025	code/Lua/decompiled/Board/View/BoardPrompt.lua	assignment observed; dynamic field
Board.View.BoardPrompt	m_gesture	1040	code/Lua/decompiled/Board/View/BoardPrompt.lua	assignment observed; dynamic field
Board.View.BoardPrompt	m_gesture	1048	code/Lua/decompiled/Board/View/BoardPrompt.lua	assignment observed; dynamic field
Board.View.MainBoardView	m_completeTileMap	10	code/Lua/decompiled/Board/View/MainBoardView.lua	assignment observed; dynamic field
Board.View.MainBoardView	CompleteTileColor	11	code/Lua/decompiled/Board/View/MainBoardView.lua	assignment observed; dynamic field
Board.View.MainBoardView	m_retrieveList	21	code/Lua/decompiled/Board/View/MainBoardView.lua	assignment observed; dynamic field
Board.View.MainBoardView	m_retrieveList	76	code/Lua/decompiled/Board/View/MainBoardView.lua	assignment observed; dynamic field
Board.View.MainBoardView	m_retrieveList	77	code/Lua/decompiled/Board/View/MainBoardView.lua	assignment observed; dynamic field
Board.View.MainBoardView	m_prompt	108	code/Lua/decompiled/Board/View/MainBoardView.lua	assignment observed; dynamic field
Board.View.MainBoardView	m_selectedBoardPosition	198	code/Lua/decompiled/Board/View/MainBoardView.lua	assignment observed; dynamic field
Board.View.MainBoardView	m_lastTouchedItem	252	code/Lua/decompiled/Board/View/MainBoardView.lua	assignment observed; dynamic field
Board.View.MainBoardView	m_curSkin	343	code/Lua/decompiled/Board/View/MainBoardView.lua	assignment observed; dynamic field
Board.View.MainBoardView	m_curSkin	346	code/Lua/decompiled/Board/View/MainBoardView.lua	assignment observed; dynamic field
Board.View.MainBoardView	m_uiSkinBoardBackground	357	code/Lua/decompiled/Board/View/MainBoardView.lua	assignment observed; dynamic field
Board.View.MainBoardView	m_raycastEnabled	372	code/Lua/decompiled/Board/View/MainBoardView.lua	assignment observed; dynamic field
Board.View.MainBoardView	m_boardBackgroundGo	392	code/Lua/decompiled/Board/View/MainBoardView.lua	assignment observed; dynamic field
Board.View.MainBoardView	m_boardBackgroundGo	396	code/Lua/decompiled/Board/View/MainBoardView.lua	assignment observed; dynamic field
Board.View.MainBoardView	m_boardBackgroundGo	409	code/Lua/decompiled/Board/View/MainBoardView.lua	assignment observed; dynamic field
BoxItem.Model.BoxItemModel	m_mapId2BoxItemData	13	code/Lua/decompiled/BoxItem/Model/BoxItemModel.lua	assignment observed; dynamic field
BoxItem.Model.RandomBoxData	m_arrRandomReward	18	code/Lua/decompiled/BoxItem/Model/RandomBoxData.lua	assignment observed; dynamic field
CloudsDash.Board.CloudsDashHuntBoardModel	m_cloudConfig	211	code/Lua/decompiled/CloudsDash/Board/CloudsDashHuntBoardModel.lua	assignment observed; dynamic field
CloudsDash.Board.CloudsDashHuntBoardModel	m_cloudState	212	code/Lua/decompiled/CloudsDash/Board/CloudsDashHuntBoardModel.lua	assignment observed; dynamic field
CloudsDash.Board.CloudsDashHuntBoardModel	m_cloudSwallowLockState	213	code/Lua/decompiled/CloudsDash/Board/CloudsDashHuntBoardModel.lua	assignment observed; dynamic field
CloudsDash.Board.CloudsDashHuntBoardModel	m_tileLock	214	code/Lua/decompiled/CloudsDash/Board/CloudsDashHuntBoardModel.lua	assignment observed; dynamic field
CloudsDash.Board.CloudsDashHuntBoardModel	m_extraItems	226	code/Lua/decompiled/CloudsDash/Board/CloudsDashHuntBoardModel.lua	assignment observed; dynamic field
CloudsDash.Board.CloudsDashHuntBoardModel	m_signatureUpgradeLockKey	276	code/Lua/decompiled/CloudsDash/Board/CloudsDashHuntBoardModel.lua	assignment observed; dynamic field
CloudsDash.Board.CloudsDashHuntBoardModel	m_signatureNextLevelCode	277	code/Lua/decompiled/CloudsDash/Board/CloudsDashHuntBoardModel.lua	assignment observed; dynamic field
CloudsDash.Board.CloudsDashHuntBoardModel	m_bSignatureCanNotUpgrade	278	code/Lua/decompiled/CloudsDash/Board/CloudsDashHuntBoardModel.lua	assignment observed; dynamic field
CloudsDash.Board.CloudsDashHuntBoardModel	m_signatureUpgradeLockKey	278	code/Lua/decompiled/CloudsDash/Board/CloudsDashHuntBoardModel.lua	assignment observed; dynamic field
CloudsDash.Board.CloudsDashHuntBoardModel	m_signatureUpgradeLockKey	285	code/Lua/decompiled/CloudsDash/Board/CloudsDashHuntBoardModel.lua	assignment observed; dynamic field
CloudsDash.Board.CloudsDashHuntBoardModel	m_signatureNextLevelCode	286	code/Lua/decompiled/CloudsDash/Board/CloudsDashHuntBoardModel.lua	assignment observed; dynamic field
CloudsDash.Board.CloudsDashHuntBoardModel	m_bSignatureCanNotUpgrade	287	code/Lua/decompiled/CloudsDash/Board/CloudsDashHuntBoardModel.lua	assignment observed; dynamic field
CloudsDash.Board.CloudsDashHuntBoardModel	m_signatureUpgradeLockKey	287	code/Lua/decompiled/CloudsDash/Board/CloudsDashHuntBoardModel.lua	assignment observed; dynamic field
CloudsDash.Board.CloudsDashHuntBoardModel	m_signatureUpgradeLockKey	296	code/Lua/decompiled/CloudsDash/Board/CloudsDashHuntBoardModel.lua	assignment observed; dynamic field
CloudsDash.Board.CloudsDashHuntBoardModel	m_signatureNextLevelCode	297	code/Lua/decompiled/CloudsDash/Board/CloudsDashHuntBoardModel.lua	assignment observed; dynamic field
CloudsDash.Board.CloudsDashHuntBoardModel	m_bSignatureCanNotUpgrade	298	code/Lua/decompiled/CloudsDash/Board/CloudsDashHuntBoardModel.lua	assignment observed; dynamic field
CloudsDash.Board.CloudsDashHuntBoardModel	m_signatureUpgradeLockKey	305	code/Lua/decompiled/CloudsDash/Board/CloudsDashHuntBoardModel.lua	assignment observed; dynamic field
CloudsDash.Board.CloudsDashHuntBoardModel	m_signatureUpgradeLockKey	307	code/Lua/decompiled/CloudsDash/Board/CloudsDashHuntBoardModel.lua	assignment observed; dynamic field
CloudsDash.Board.CloudsDashHuntBoardView	m_activityType	18	code/Lua/decompiled/CloudsDash/Board/CloudsDashHuntBoardView.lua	assignment observed; dynamic field
CloudsDash.Board.CloudsDashHuntBoardView	m_activityDefinition	19	code/Lua/decompiled/CloudsDash/Board/CloudsDashHuntBoardView.lua	assignment observed; dynamic field
CloudsDash.Board.CloudsDashHuntBoardView	m_activityModel	20	code/Lua/decompiled/CloudsDash/Board/CloudsDashHuntBoardView.lua	assignment observed; dynamic field
CloudsDash.Board.CloudsDashHuntBoardView	m_mapScrollSeq	21	code/Lua/decompiled/CloudsDash/Board/CloudsDashHuntBoardView.lua	assignment observed; dynamic field
CloudsDash.Board.CloudsDashHuntBoardView	m_completeTileMap	22	code/Lua/decompiled/CloudsDash/Board/CloudsDashHuntBoardView.lua	assignment observed; dynamic field
CloudsDash.Board.CloudsDashHuntBoardView	CompleteTileColor	23	code/Lua/decompiled/CloudsDash/Board/CloudsDashHuntBoardView.lua	assignment observed; dynamic field
CloudsDash.Board.CloudsDashHuntBoardView	m_bCloudKeyFirstAppeared	24	code/Lua/decompiled/CloudsDash/Board/CloudsDashHuntBoardView.lua	assignment observed; dynamic field
CloudsDash.Board.CloudsDashHuntBoardView	m_bHasCloudKeyLock	25	code/Lua/decompiled/CloudsDash/Board/CloudsDashHuntBoardView.lua	assignment observed; dynamic field
CloudsDash.Board.CloudsDashHuntBoardView	m_bTileInversed	26	code/Lua/decompiled/CloudsDash/Board/CloudsDashHuntBoardView.lua	assignment observed; dynamic field
CloudsDash.Board.CloudsDashHuntBoardView	m_itemDeleteButton	53	code/Lua/decompiled/CloudsDash/Board/CloudsDashHuntBoardView.lua	assignment observed; dynamic field
CloudsDash.Board.CloudsDashHuntBoardView	m_boardBgGo	62	code/Lua/decompiled/CloudsDash/Board/CloudsDashHuntBoardView.lua	assignment observed; dynamic field
CloudsDash.Board.CloudsDashHuntBoardView	m_lastTouchedItem	123	code/Lua/decompiled/CloudsDash/Board/CloudsDashHuntBoardView.lua	assignment observed; dynamic field
CloudsDash.Board.CloudsDashHuntBoardView	m_selectedBoardPosition	124	code/Lua/decompiled/CloudsDash/Board/CloudsDashHuntBoardView.lua	assignment observed; dynamic field
CloudsDash.Board.CloudsDashHuntBoardView	m_moreThanOnceTap	125	code/Lua/decompiled/CloudsDash/Board/CloudsDashHuntBoardView.lua	assignment observed; dynamic field
CloudsDash.Board.CloudsDashHuntBoardView	m_selectExtraPos	132	code/Lua/decompiled/CloudsDash/Board/CloudsDashHuntBoardView.lua	assignment observed; dynamic field
CloudsDash.Board.CloudsDashHuntBoardView	m_lastTouchedItem	137	code/Lua/decompiled/CloudsDash/Board/CloudsDashHuntBoardView.lua	assignment observed; dynamic field
CloudsDash.Board.CloudsDashHuntBoardView	m_dragging	151	code/Lua/decompiled/CloudsDash/Board/CloudsDashHuntBoardView.lua	assignment observed; dynamic field
CloudsDash.Board.CloudsDashHuntBoardView	m_swallowPos	189	code/Lua/decompiled/CloudsDash/Board/CloudsDashHuntBoardView.lua	assignment observed; dynamic field
CloudsDash.Board.CloudsDashHuntBoardView	m_swallowPos	191	code/Lua/decompiled/CloudsDash/Board/CloudsDashHuntBoardView.lua	assignment observed; dynamic field
CloudsDash.Board.CloudsDashHuntBoardView	m_lastTouchedItem	222	code/Lua/decompiled/CloudsDash/Board/CloudsDashHuntBoardView.lua	assignment observed; dynamic field
CloudsDash.Board.CloudsDashHuntBoardView	m_moreThanOnceTap	264	code/Lua/decompiled/CloudsDash/Board/CloudsDashHuntBoardView.lua	assignment observed; dynamic field
CloudsDash.Board.CloudsDashHuntBoardView	m_dragging	265	code/Lua/decompiled/CloudsDash/Board/CloudsDashHuntBoardView.lua	assignment observed; dynamic field
CloudsDash.Board.CloudsDashHuntBoardView	m_lastTouchedItem	266	code/Lua/decompiled/CloudsDash/Board/CloudsDashHuntBoardView.lua	assignment observed; dynamic field
CloudsDash.Board.CloudsDashHuntBoardView	m_bCloudKeyFirstAppeared	279	code/Lua/decompiled/CloudsDash/Board/CloudsDashHuntBoardView.lua	assignment observed; dynamic field
CloudsDash.Board.CloudsDashHuntBoardView	m_prompt	314	code/Lua/decompiled/CloudsDash/Board/CloudsDashHuntBoardView.lua	assignment observed; dynamic field
CloudsDash.Board.CloudsDashHuntBoardView	m_selectedBoardPosition	354	code/Lua/decompiled/CloudsDash/Board/CloudsDashHuntBoardView.lua	assignment observed; dynamic field
CloudsDash.Board.CloudsDashHuntBoardView	m_selectedBoardPosition	376	code/Lua/decompiled/CloudsDash/Board/CloudsDashHuntBoardView.lua	assignment observed; dynamic field
CloudsDash.Board.CloudsDashHuntBoardView	m_bTileInversed	487	code/Lua/decompiled/CloudsDash/Board/CloudsDashHuntBoardView.lua	assignment observed; dynamic field
CloudsDash.Model.CloudsDashModel	m_activityDefinition	18	code/Lua/decompiled/CloudsDash/Model/CloudsDashModel.lua	assignment observed; dynamic field
CloudsDash.Model.CloudsDashModel	m_itemDataTable	19	code/Lua/decompiled/CloudsDash/Model/CloudsDashModel.lua	assignment observed; dynamic field
CloudsDash.Model.CloudsDashModel	m_itemLayerDataTable	20	code/Lua/decompiled/CloudsDash/Model/CloudsDashModel.lua	assignment observed; dynamic field
CloudsDash.Model.CloudsDashModel	m_itemCacheDataTable	21	code/Lua/decompiled/CloudsDash/Model/CloudsDashModel.lua	assignment observed; dynamic field
CloudsDash.Model.CloudsDashModel	m_tokenHelper	22	code/Lua/decompiled/CloudsDash/Model/CloudsDashModel.lua	assignment observed; dynamic field
CloudsDash.Model.CloudsDashModel	m_dataGroup	45	code/Lua/decompiled/CloudsDash/Model/CloudsDashModel.lua	assignment observed; dynamic field
CloudsDash.Model.CloudsDashModel	m_config	92	code/Lua/decompiled/CloudsDash/Model/CloudsDashModel.lua	assignment observed; dynamic field
CloudsDash.Model.CloudsDashModel	m_boardModel	118	code/Lua/decompiled/CloudsDash/Model/CloudsDashModel.lua	assignment observed; dynamic field
CloudsDash.Model.CloudsDashModel	m_boardModel	130	code/Lua/decompiled/CloudsDash/Model/CloudsDashModel.lua	assignment observed; dynamic field
CloudsDash.Model.CloudsDashModel	m_boardModel	150	code/Lua/decompiled/CloudsDash/Model/CloudsDashModel.lua	assignment observed; dynamic field
CloudsDash.Model.CloudsDashModel	m_maxDepth	307	code/Lua/decompiled/CloudsDash/Model/CloudsDashModel.lua	assignment observed; dynamic field
CloudsDash.Model.CloudsDashModel	m_boardModel	308	code/Lua/decompiled/CloudsDash/Model/CloudsDashModel.lua	assignment observed; dynamic field
CloudsDash.Model.CloudsDashModel	m_boardModel	361	code/Lua/decompiled/CloudsDash/Model/CloudsDashModel.lua	assignment observed; dynamic field
CloudsDash.Model.CloudsDashModel	m_boardModel	411	code/Lua/decompiled/CloudsDash/Model/CloudsDashModel.lua	assignment observed; dynamic field
CloudsDash.Model.CloudsDashModel	m_tileInversed	429	code/Lua/decompiled/CloudsDash/Model/CloudsDashModel.lua	assignment observed; dynamic field
CloudsDash.Model.CloudsDashModel	m_tileInversed	430	code/Lua/decompiled/CloudsDash/Model/CloudsDashModel.lua	assignment observed; dynamic field
CloudsDash.Model.CloudsDashModel	m_tileInversed	435	code/Lua/decompiled/CloudsDash/Model/CloudsDashModel.lua	assignment observed; dynamic field
CloudsDash.Model.CloudsDashModel	m_boardModel	440	code/Lua/decompiled/CloudsDash/Model/CloudsDashModel.lua	assignment observed; dynamic field
CloudsDash.Model.CloudsDashModel	m_boardModel	527	code/Lua/decompiled/CloudsDash/Model/CloudsDashModel.lua	assignment observed; dynamic field
CloudsDash.Model.CloudsDashModel	m_endRewards	594	code/Lua/decompiled/CloudsDash/Model/CloudsDashModel.lua	assignment observed; dynamic field
CloudsDash.Model.CloudsDashModel	m_boardModel	599	code/Lua/decompiled/CloudsDash/Model/CloudsDashModel.lua	assignment observed; dynamic field
CloudsDash.Model.CloudsDashModel	m_boardModel	619	code/Lua/decompiled/CloudsDash/Model/CloudsDashModel.lua	assignment observed; dynamic field
CloudsDash.Model.CloudsDashModel	m_config	630	code/Lua/decompiled/CloudsDash/Model/CloudsDashModel.lua	assignment observed; dynamic field
CloudsDash.Model.CloudsDashModel	m_levelData	655	code/Lua/decompiled/CloudsDash/Model/CloudsDashModel.lua	assignment observed; dynamic field
CloudsDash.Model.CloudsDashModel	m_arrCircleLevel	656	code/Lua/decompiled/CloudsDash/Model/CloudsDashModel.lua	assignment observed; dynamic field
CloudsDash.Model.CloudsDashModel	score	701	code/Lua/decompiled/CloudsDash/Model/CloudsDashModel.lua	assignment observed; dynamic field
CloudsDash.Model.CloudsDashModel	level	702	code/Lua/decompiled/CloudsDash/Model/CloudsDashModel.lua	assignment observed; dynamic field
CloudsDash.Model.CloudsDashModel	rewards	703	code/Lua/decompiled/CloudsDash/Model/CloudsDashModel.lua	assignment observed; dynamic field
CloudsDash.Model.CloudsDashModel	icon	704	code/Lua/decompiled/CloudsDash/Model/CloudsDashModel.lua	assignment observed; dynamic field
CloudsDash.Model.CloudsDashModel	bIsCircle	705	code/Lua/decompiled/CloudsDash/Model/CloudsDashModel.lua	assignment observed; dynamic field
Common.Utility.Scheduler	_deltaTime	161	code/Lua/decompiled/Common/Utility/Scheduler.lua	assignment observed; dynamic field
Common.Utility.Scheduler	_hasfirstCalled	164	code/Lua/decompiled/Common/Utility/Scheduler.lua	assignment observed; dynamic field
Common.Utility.Scheduler	_deltaTime	165	code/Lua/decompiled/Common/Utility/Scheduler.lua	assignment observed; dynamic field
Common.Utility.Scheduler	_remainTimes	167	code/Lua/decompiled/Common/Utility/Scheduler.lua	assignment observed; dynamic field
Common.Utility.Scheduler	_interval	170	code/Lua/decompiled/Common/Utility/Scheduler.lua	assignment observed; dynamic field
Common.Utility.Scheduler	_deltaTime	171	code/Lua/decompiled/Common/Utility/Scheduler.lua	assignment observed; dynamic field
Common.Utility.Scheduler	_remainTimes	173	code/Lua/decompiled/Common/Utility/Scheduler.lua	assignment observed; dynamic field
Common.Utility.Scheduler	_running	192	code/Lua/decompiled/Common/Utility/Scheduler.lua	assignment observed; dynamic field
Common.Utility.Scheduler	_running	196	code/Lua/decompiled/Common/Utility/Scheduler.lua	assignment observed; dynamic field
Drop.Board.DropActivityBoard	m_model	37	code/Lua/decompiled/Drop/Board/DropActivityBoard.lua	assignment observed; dynamic field
Drop.Board.DropActivityBoard	m_mainWindow	38	code/Lua/decompiled/Drop/Board/DropActivityBoard.lua	assignment observed; dynamic field
Drop.Board.DropActivityBoard	m_nTimeSinceLastDropItem	40	code/Lua/decompiled/Drop/Board/DropActivityBoard.lua	assignment observed; dynamic field
Drop.Board.DropActivityBoard	m_curMergeSourceItem	41	code/Lua/decompiled/Drop/Board/DropActivityBoard.lua	assignment observed; dynamic field
Drop.Board.DropActivityBoard	m_curMergeTargetItem	42	code/Lua/decompiled/Drop/Board/DropActivityBoard.lua	assignment observed; dynamic field
Drop.Board.DropActivityBoard	m_curMergeTime	43	code/Lua/decompiled/Drop/Board/DropActivityBoard.lua	assignment observed; dynamic field
Drop.Board.DropActivityBoard	m_ListWaitDropCode	44	code/Lua/decompiled/Drop/Board/DropActivityBoard.lua	assignment observed; dynamic field
Drop.Board.DropActivityBoard	m_totalScore	45	code/Lua/decompiled/Drop/Board/DropActivityBoard.lua	assignment observed; dynamic field
Drop.Board.DropActivityBoard	m_flyLockScore	46	code/Lua/decompiled/Drop/Board/DropActivityBoard.lua	assignment observed; dynamic field
Drop.Board.DropActivityBoard	m_stableTime	47	code/Lua/decompiled/Drop/Board/DropActivityBoard.lua	assignment observed; dynamic field
Drop.Board.DropActivityBoard	m_lastDropCodeTime	48	code/Lua/decompiled/Drop/Board/DropActivityBoard.lua	assignment observed; dynamic field
Drop.Board.DropActivityBoard	m_bCanMergeItem	49	code/Lua/decompiled/Drop/Board/DropActivityBoard.lua	assignment observed; dynamic field
Drop.Board.DropActivityBoard	m_listSpecialWaitDropCode	50	code/Lua/decompiled/Drop/Board/DropActivityBoard.lua	assignment observed; dynamic field
Drop.Board.DropActivityBoard	m_listWaitSpreadEffect	51	code/Lua/decompiled/Drop/Board/DropActivityBoard.lua	assignment observed; dynamic field
Drop.Board.DropActivityBoard	m_mergeFlyTrans	52	code/Lua/decompiled/Drop/Board/DropActivityBoard.lua	assignment observed; dynamic field
Drop.Board.DropActivityBoard	m_bLock	53	code/Lua/decompiled/Drop/Board/DropActivityBoard.lua	assignment observed; dynamic field
Drop.Board.DropActivityBoard	m_items	62	code/Lua/decompiled/Drop/Board/DropActivityBoard.lua	assignment observed; dynamic field
Drop.Board.DropActivityBoard	m_items	66	code/Lua/decompiled/Drop/Board/DropActivityBoard.lua	assignment observed; dynamic field
Drop.Board.DropActivityBoard	m_state	103	code/Lua/decompiled/Drop/Board/DropActivityBoard.lua	assignment observed; dynamic field
Drop.Board.DropActivityBoard	m_state	104	code/Lua/decompiled/Drop/Board/DropActivityBoard.lua	assignment observed; dynamic field
Drop.Board.DropActivityBoard	m_state	106	code/Lua/decompiled/Drop/Board/DropActivityBoard.lua	assignment observed; dynamic field
Drop.Board.DropActivityBoard	m_state	108	code/Lua/decompiled/Drop/Board/DropActivityBoard.lua	assignment observed; dynamic field
Drop.Board.DropActivityBoard	m_state	110	code/Lua/decompiled/Drop/Board/DropActivityBoard.lua	assignment observed; dynamic field
Drop.Board.DropActivityBoard	m_state	112	code/Lua/decompiled/Drop/Board/DropActivityBoard.lua	assignment observed; dynamic field
Drop.Board.DropActivityBoard	m_totalScore	121	code/Lua/decompiled/Drop/Board/DropActivityBoard.lua	assignment observed; dynamic field
Drop.Board.DropActivityBoard	m_curMergeTime	123	code/Lua/decompiled/Drop/Board/DropActivityBoard.lua	assignment observed; dynamic field
Drop.Board.DropActivityBoard	m_lastItemCode	124	code/Lua/decompiled/Drop/Board/DropActivityBoard.lua	assignment observed; dynamic field
Drop.Board.DropActivityBoard	m_bCanMergeItem	132	code/Lua/decompiled/Drop/Board/DropActivityBoard.lua	assignment observed; dynamic field
Drop.Board.DropActivityBoard	m_stableTime	141	code/Lua/decompiled/Drop/Board/DropActivityBoard.lua	assignment observed; dynamic field
Drop.Board.DropActivityBoard	m_ListWaitDropCode	144	code/Lua/decompiled/Drop/Board/DropActivityBoard.lua	assignment observed; dynamic field
Drop.Board.DropActivityBoard	m_curMergeTargetItem	170	code/Lua/decompiled/Drop/Board/DropActivityBoard.lua	assignment observed; dynamic field
Drop.Board.DropActivityBoard	m_curMergeTime	172	code/Lua/decompiled/Drop/Board/DropActivityBoard.lua	assignment observed; dynamic field
Drop.Board.DropActivityBoard	m_curMergeSourceItem	178	code/Lua/decompiled/Drop/Board/DropActivityBoard.lua	assignment observed; dynamic field
Drop.Board.DropActivityBoard	m_curMergeSourceItem	183	code/Lua/decompiled/Drop/Board/DropActivityBoard.lua	assignment observed; dynamic field
Drop.Board.DropActivityBoard	m_curMergeTargetItem	183	code/Lua/decompiled/Drop/Board/DropActivityBoard.lua	assignment observed; dynamic field
Drop.Board.DropActivityBoard	m_lastItemCode	219	code/Lua/decompiled/Drop/Board/DropActivityBoard.lua	assignment observed; dynamic field
Drop.Board.DropActivityBoard	m_curMergeSourceItem	231	code/Lua/decompiled/Drop/Board/DropActivityBoard.lua	assignment observed; dynamic field
Drop.Board.DropActivityBoard	m_flyLockScore	295	code/Lua/decompiled/Drop/Board/DropActivityBoard.lua	assignment observed; dynamic field
Drop.Board.DropActivityBoard	m_flyLockScore	310	code/Lua/decompiled/Drop/Board/DropActivityBoard.lua	assignment observed; dynamic field
Drop.Board.DropActivityBoard	m_totalScore	311	code/Lua/decompiled/Drop/Board/DropActivityBoard.lua	assignment observed; dynamic field
Drop.Board.DropActivityBoard	m_lockCheckSpreadItems	399	code/Lua/decompiled/Drop/Board/DropActivityBoard.lua	assignment observed; dynamic field
Drop.Board.DropActivityBoard	m_lockCheckSpreadItems	401	code/Lua/decompiled/Drop/Board/DropActivityBoard.lua	assignment observed; dynamic field
Drop.Board.DropActivityBoard	m_ListWaitDropCode	404	code/Lua/decompiled/Drop/Board/DropActivityBoard.lua	assignment observed; dynamic field
Drop.Board.DropActivityBoard	m_bLock	407	code/Lua/decompiled/Drop/Board/DropActivityBoard.lua	assignment observed; dynamic field
Drop.Board.DropActivityBoard	m_bLock	409	code/Lua/decompiled/Drop/Board/DropActivityBoard.lua	assignment observed; dynamic field
Drop.Board.DropActivityBoard	m_bLock	412	code/Lua/decompiled/Drop/Board/DropActivityBoard.lua	assignment observed; dynamic field
Drop.Board.DropActivityBoard	m_ListWaitDropCode	418	code/Lua/decompiled/Drop/Board/DropActivityBoard.lua	assignment observed; dynamic field
Drop.Board.DropActivityBoard	m_lastDropCodeTime	419	code/Lua/decompiled/Drop/Board/DropActivityBoard.lua	assignment observed; dynamic field
Drop.Board.DropActivityBoard	m_bCanMergeItem	421	code/Lua/decompiled/Drop/Board/DropActivityBoard.lua	assignment observed; dynamic field
Drop.Board.DropActivityBoard	m_nTimeSinceLastDropItem	425	code/Lua/decompiled/Drop/Board/DropActivityBoard.lua	assignment observed; dynamic field
Drop.Board.DropActivityBoard	m_nTimeSinceLastDropItem	429	code/Lua/decompiled/Drop/Board/DropActivityBoard.lua	assignment observed; dynamic field
Drop.Board.DropActivityBoard	m_ListWaitDropCode	431	code/Lua/decompiled/Drop/Board/DropActivityBoard.lua	assignment observed; dynamic field
Drop.Board.DropActivityBoard	m_lastDropCodeTime	432	code/Lua/decompiled/Drop/Board/DropActivityBoard.lua	assignment observed; dynamic field
Drop.Board.DropActivityBoard	m_stableTime	437	code/Lua/decompiled/Drop/Board/DropActivityBoard.lua	assignment observed; dynamic field
Drop.Board.DropActivityBoard	m_curMergeSourceItem	475	code/Lua/decompiled/Drop/Board/DropActivityBoard.lua	assignment observed; dynamic field
Drop.Board.DropActivityBoard	m_flyLockScore	483	code/Lua/decompiled/Drop/Board/DropActivityBoard.lua	assignment observed; dynamic field
Drop.Board.DropActivityBoard	m_lockCheckSpreadItems	546	code/Lua/decompiled/Drop/Board/DropActivityBoard.lua	assignment observed; dynamic field
Drop.Board.DropActivityBoard	m_arrTween	604	code/Lua/decompiled/Drop/Board/DropActivityBoard.lua	assignment observed; dynamic field
Drop.Board.DropActivityItemFactory	m_mapCacheItem	5	code/Lua/decompiled/Drop/Board/DropActivityItemFactory.lua	assignment observed; dynamic field
Drop.Model.DropModel	m_activityDefinition	16	code/Lua/decompiled/Drop/Model/DropModel.lua	assignment observed; dynamic field
Drop.Model.DropModel	m_tokenHelper	17	code/Lua/decompiled/Drop/Model/DropModel.lua	assignment observed; dynamic field
Drop.Model.DropModel	m_expireReward	36	code/Lua/decompiled/Drop/Model/DropModel.lua	assignment observed; dynamic field
Drop.Model.DropModel	m_dropGenerates	45	code/Lua/decompiled/Drop/Model/DropModel.lua	assignment observed; dynamic field
Drop.Model.DropModel	m_dropItems	46	code/Lua/decompiled/Drop/Model/DropModel.lua	assignment observed; dynamic field
Drop.Model.DropModel	m_dropReward	51	code/Lua/decompiled/Drop/Model/DropModel.lua	assignment observed; dynamic field
Drop.Model.DropModel	m_buyTokenConfig	60	code/Lua/decompiled/Drop/Model/DropModel.lua	assignment observed; dynamic field
Drop.Model.DropModel	m_dropCatKeyInit	68	code/Lua/decompiled/Drop/Model/DropModel.lua	assignment observed; dynamic field
Drop.Model.DropModel	m_dropCatCost	69	code/Lua/decompiled/Drop/Model/DropModel.lua	assignment observed; dynamic field
Drop.Model.DropModel	m_dropCatTransEnergyMax	70	code/Lua/decompiled/Drop/Model/DropModel.lua	assignment observed; dynamic field
Drop.Model.DropModel	m_dropCatTransEnergy	71	code/Lua/decompiled/Drop/Model/DropModel.lua	assignment observed; dynamic field
Drop.Model.DropModel	m_bLateInit	75	code/Lua/decompiled/Drop/Model/DropModel.lua	assignment observed; dynamic field
Drop.Model.DropModel	m_expireReward	80	code/Lua/decompiled/Drop/Model/DropModel.lua	assignment observed; dynamic field
Drop.Model.DropModel	m_expireReward	100	code/Lua/decompiled/Drop/Model/DropModel.lua	assignment observed; dynamic field
Drop.Model.DropModel	m_config	108	code/Lua/decompiled/Drop/Model/DropModel.lua	assignment observed; dynamic field
Drop.Model.DropModel	m_expireReward	161	code/Lua/decompiled/Drop/Model/DropModel.lua	assignment observed; dynamic field
FreefallActivity.Board.BoardPromptFreefall	m_validItem	33	code/Lua/decompiled/FreefallActivity/Board/BoardPromptFreefall.lua	assignment observed; dynamic field
FreefallActivity.Board.BoardPromptFreefall	m_validItem	40	code/Lua/decompiled/FreefallActivity/Board/BoardPromptFreefall.lua	assignment observed; dynamic field
FreefallActivity.Board.BoardPromptFreefall	m_validItem	52	code/Lua/decompiled/FreefallActivity/Board/BoardPromptFreefall.lua	assignment observed; dynamic field
FreefallActivity.Board.FreefallActivityBoardModel	m_boardState	58	code/Lua/decompiled/FreefallActivity/Board/FreefallActivityBoardModel.lua	assignment observed; dynamic field
FreefallActivity.Board.FreefallActivityBoardModel	m_boardState	73	code/Lua/decompiled/FreefallActivity/Board/FreefallActivityBoardModel.lua	assignment observed; dynamic field
FreefallActivity.Board.FreefallActivityBoardModel	m_boardState	75	code/Lua/decompiled/FreefallActivity/Board/FreefallActivityBoardModel.lua	assignment observed; dynamic field
FreefallActivity.Board.FreefallActivityBoardModel	m_boardState	77	code/Lua/decompiled/FreefallActivity/Board/FreefallActivityBoardModel.lua	assignment observed; dynamic field
FreefallActivity.Board.FreefallActivityBoardModel	m_cloudConfig	301	code/Lua/decompiled/FreefallActivity/Board/FreefallActivityBoardModel.lua	assignment observed; dynamic field
FreefallActivity.Board.FreefallActivityBoardModel	m_cloudState	302	code/Lua/decompiled/FreefallActivity/Board/FreefallActivityBoardModel.lua	assignment observed; dynamic field
FreefallActivity.Board.FreefallActivityBoardModel	m_cloudSwallowLockState	303	code/Lua/decompiled/FreefallActivity/Board/FreefallActivityBoardModel.lua	assignment observed; dynamic field
FreefallActivity.Board.FreefallActivityBoardModel	m_tileLock	304	code/Lua/decompiled/FreefallActivity/Board/FreefallActivityBoardModel.lua	assignment observed; dynamic field
FreefallActivity.Board.FreefallActivityBoardModel	m_signatureUpgradeLockKey	382	code/Lua/decompiled/FreefallActivity/Board/FreefallActivityBoardModel.lua	assignment observed; dynamic field
FreefallActivity.Board.FreefallActivityBoardModel	m_signatureNextLevelCode	383	code/Lua/decompiled/FreefallActivity/Board/FreefallActivityBoardModel.lua	assignment observed; dynamic field
FreefallActivity.Board.FreefallActivityBoardModel	m_bSignatureCanNotUpgrade	384	code/Lua/decompiled/FreefallActivity/Board/FreefallActivityBoardModel.lua	assignment observed; dynamic field
FreefallActivity.Board.FreefallActivityBoardModel	m_signatureUpgradeLockKey	384	code/Lua/decompiled/FreefallActivity/Board/FreefallActivityBoardModel.lua	assignment observed; dynamic field
FreefallActivity.Board.FreefallActivityBoardModel	m_signatureUpgradeLockKey	391	code/Lua/decompiled/FreefallActivity/Board/FreefallActivityBoardModel.lua	assignment observed; dynamic field
FreefallActivity.Board.FreefallActivityBoardModel	m_signatureNextLevelCode	392	code/Lua/decompiled/FreefallActivity/Board/FreefallActivityBoardModel.lua	assignment observed; dynamic field
FreefallActivity.Board.FreefallActivityBoardModel	m_bSignatureCanNotUpgrade	393	code/Lua/decompiled/FreefallActivity/Board/FreefallActivityBoardModel.lua	assignment observed; dynamic field
FreefallActivity.Board.FreefallActivityBoardModel	m_signatureUpgradeLockKey	393	code/Lua/decompiled/FreefallActivity/Board/FreefallActivityBoardModel.lua	assignment observed; dynamic field
FreefallActivity.Board.FreefallActivityBoardModel	m_signatureUpgradeLockKey	402	code/Lua/decompiled/FreefallActivity/Board/FreefallActivityBoardModel.lua	assignment observed; dynamic field
FreefallActivity.Board.FreefallActivityBoardModel	m_signatureNextLevelCode	403	code/Lua/decompiled/FreefallActivity/Board/FreefallActivityBoardModel.lua	assignment observed; dynamic field
FreefallActivity.Board.FreefallActivityBoardModel	m_bSignatureCanNotUpgrade	404	code/Lua/decompiled/FreefallActivity/Board/FreefallActivityBoardModel.lua	assignment observed; dynamic field
FreefallActivity.Board.FreefallActivityBoardModel	m_signatureUpgradeLockKey	411	code/Lua/decompiled/FreefallActivity/Board/FreefallActivityBoardModel.lua	assignment observed; dynamic field
FreefallActivity.Board.FreefallActivityBoardModel	m_signatureUpgradeLockKey	413	code/Lua/decompiled/FreefallActivity/Board/FreefallActivityBoardModel.lua	assignment observed; dynamic field
FreefallActivity.Board.FreefallActivityBoardModel	m_boardState	471	code/Lua/decompiled/FreefallActivity/Board/FreefallActivityBoardModel.lua	assignment observed; dynamic field
FreefallActivity.Board.FreefallActivityBoardModel	m_boardState	478	code/Lua/decompiled/FreefallActivity/Board/FreefallActivityBoardModel.lua	assignment observed; dynamic field
FreefallActivity.Board.FreefallActivityBoardModel	m_mapPauseCallbacks	484	code/Lua/decompiled/FreefallActivity/Board/FreefallActivityBoardModel.lua	assignment observed; dynamic field
FreefallActivity.Board.FreefallActivityBoardModel	m_mapPauseCallbacks	485	code/Lua/decompiled/FreefallActivity/Board/FreefallActivityBoardModel.lua	assignment observed; dynamic field
FreefallActivity.Board.FreefallActivityBoardModel	m_boardState	493	code/Lua/decompiled/FreefallActivity/Board/FreefallActivityBoardModel.lua	assignment observed; dynamic field
FreefallActivity.Board.FreefallActivityBoardModel	m_boardState	502	code/Lua/decompiled/FreefallActivity/Board/FreefallActivityBoardModel.lua	assignment observed; dynamic field
FreefallActivity.Board.FreefallActivityBoardModel	m_mapRecoverCallbacks	503	code/Lua/decompiled/FreefallActivity/Board/FreefallActivityBoardModel.lua	assignment observed; dynamic field
FreefallActivity.Board.FreefallActivityBoardModel	m_mapRecoverCallbacks	504	code/Lua/decompiled/FreefallActivity/Board/FreefallActivityBoardModel.lua	assignment observed; dynamic field
FreefallActivity.Board.FreefallActivityBoardModel	m_boardState	517	code/Lua/decompiled/FreefallActivity/Board/FreefallActivityBoardModel.lua	assignment observed; dynamic field
FreefallActivity.Board.FreefallActivityBoardModel	m_mapRecordCallbacks	521	code/Lua/decompiled/FreefallActivity/Board/FreefallActivityBoardModel.lua	assignment observed; dynamic field
FreefallActivity.Board.FreefallActivityBoardModel	m_mapRecordCallbacks	522	code/Lua/decompiled/FreefallActivity/Board/FreefallActivityBoardModel.lua	assignment observed; dynamic field
FreefallActivity.Board.FreefallActivityBoardModel	m_boardState	539	code/Lua/decompiled/FreefallActivity/Board/FreefallActivityBoardModel.lua	assignment observed; dynamic field
FreefallActivity.Board.FreefallActivityBoardModel	m_boardState	541	code/Lua/decompiled/FreefallActivity/Board/FreefallActivityBoardModel.lua	assignment observed; dynamic field
FreefallActivity.Board.FreefallActivityBoardModel	m_boardState	549	code/Lua/decompiled/FreefallActivity/Board/FreefallActivityBoardModel.lua	assignment observed; dynamic field
FreefallActivity.Board.FreefallActivityBoardModel	m_mapFallingItems	550	code/Lua/decompiled/FreefallActivity/Board/FreefallActivityBoardModel.lua	assignment observed; dynamic field
FreefallActivity.Board.FreefallActivityBoardModel	m_arrSpawnConfig	555	code/Lua/decompiled/FreefallActivity/Board/FreefallActivityBoardModel.lua	assignment observed; dynamic field
FreefallActivity.Board.FreefallActivityBoardModel	m_mapRound2SpawnConfig	556	code/Lua/decompiled/FreefallActivity/Board/FreefallActivityBoardModel.lua	assignment observed; dynamic field
FreefallActivity.Board.FreefallActivityBoardModel	m_mapFallingItems	649	code/Lua/decompiled/FreefallActivity/Board/FreefallActivityBoardModel.lua	assignment observed; dynamic field
FreefallActivity.Board.FreefallActivityBoardModel	m_bFirstCheckAutoMerge	660	code/Lua/decompiled/FreefallActivity/Board/FreefallActivityBoardModel.lua	assignment observed; dynamic field
FreefallActivity.Board.FreefallActivityBoardModel	m_bFirstCheckAutoMerge	661	code/Lua/decompiled/FreefallActivity/Board/FreefallActivityBoardModel.lua	assignment observed; dynamic field
FreefallActivity.Board.FreefallActivityBoardModel	m_mergeInterval	665	code/Lua/decompiled/FreefallActivity/Board/FreefallActivityBoardModel.lua	assignment observed; dynamic field
FreefallActivity.Board.FreefallActivityBoardModel	m_mergeInterval	667	code/Lua/decompiled/FreefallActivity/Board/FreefallActivityBoardModel.lua	assignment observed; dynamic field
FreefallActivity.Board.FreefallActivityBoardModel	m_arrMergeChainIndex	671	code/Lua/decompiled/FreefallActivity/Board/FreefallActivityBoardModel.lua	assignment observed; dynamic field
FreefallActivity.Board.FreefallActivityBoardModel	m_arrMergeChainIndex	672	code/Lua/decompiled/FreefallActivity/Board/FreefallActivityBoardModel.lua	assignment observed; dynamic field
FreefallActivity.Board.FreefallActivityBoardModel	m_arrMergeChainIndex	673	code/Lua/decompiled/FreefallActivity/Board/FreefallActivityBoardModel.lua	assignment observed; dynamic field
FreefallActivity.Board.FreefallActivityBoardModel	m_bFirstCheckAutoMerge	676	code/Lua/decompiled/FreefallActivity/Board/FreefallActivityBoardModel.lua	assignment observed; dynamic field
FreefallActivity.Board.FreefallActivityBoardModel	m_bFirstCheckAutoMerge	684	code/Lua/decompiled/FreefallActivity/Board/FreefallActivityBoardModel.lua	assignment observed; dynamic field
FreefallActivity.Board.FreefallActivityBoardModel	m_mergeInterval	686	code/Lua/decompiled/FreefallActivity/Board/FreefallActivityBoardModel.lua	assignment observed; dynamic field
FreefallActivity.Board.FreefallActivityBoardModel	m_arrMergeChainIndex	695	code/Lua/decompiled/FreefallActivity/Board/FreefallActivityBoardModel.lua	assignment observed; dynamic field
FreefallActivity.Board.FreefallActivityBoardModel	m_mergeInterval	703	code/Lua/decompiled/FreefallActivity/Board/FreefallActivityBoardModel.lua	assignment observed; dynamic field
FreefallActivity.Board.FreefallActivityBoardModel	m_arrMergeChainIndex	707	code/Lua/decompiled/FreefallActivity/Board/FreefallActivityBoardModel.lua	assignment observed; dynamic field
FreefallActivity.Board.FreefallActivityBoardModel	m_arrAccumHitTargetTokens	715	code/Lua/decompiled/FreefallActivity/Board/FreefallActivityBoardModel.lua	assignment observed; dynamic field
FreefallActivity.Board.FreefallActivityBoardModel	m_arrAccumHitTargetTokens	716	code/Lua/decompiled/FreefallActivity/Board/FreefallActivityBoardModel.lua	assignment observed; dynamic field
FreefallActivity.Board.FreefallActivityBoardModel	m_arrAccumHitTargetTokens	725	code/Lua/decompiled/FreefallActivity/Board/FreefallActivityBoardModel.lua	assignment observed; dynamic field
FreefallActivity.Board.FreefallActivityBoardModel	m_directionIndexOffset	835	code/Lua/decompiled/FreefallActivity/Board/FreefallActivityBoardModel.lua	assignment observed; dynamic field
FreefallActivity.Board.FreefallActivityBoardModel	m_directionIndexOffset	836	code/Lua/decompiled/FreefallActivity/Board/FreefallActivityBoardModel.lua	assignment observed; dynamic field
FreefallActivity.Board.FreefallActivityBoardModel	m_mergeInterval	847	code/Lua/decompiled/FreefallActivity/Board/FreefallActivityBoardModel.lua	assignment observed; dynamic field
FreefallActivity.Board.FreefallActivityBoardModel	m_bFirstCheckAutoMerge	848	code/Lua/decompiled/FreefallActivity/Board/FreefallActivityBoardModel.lua	assignment observed; dynamic field
FreefallActivity.Board.FreefallActivityBoardModel	m_arrMergeChainIndex	849	code/Lua/decompiled/FreefallActivity/Board/FreefallActivityBoardModel.lua	assignment observed; dynamic field
FreefallActivity.Board.FreefallActivityBoardModel	m_arrAccumHitTargetTokens	850	code/Lua/decompiled/FreefallActivity/Board/FreefallActivityBoardModel.lua	assignment observed; dynamic field
FreefallActivity.Board.FreefallActivityBoardModel	m_arrMergeChainIndex	860	code/Lua/decompiled/FreefallActivity/Board/FreefallActivityBoardModel.lua	assignment observed; dynamic field
FreefallActivity.Board.FreefallActivityBoardModel	m_bFirstCheckAutoMerge	861	code/Lua/decompiled/FreefallActivity/Board/FreefallActivityBoardModel.lua	assignment observed; dynamic field
FreefallActivity.Board.FreefallActivityBoardModel	m_arrAccumHitTargetTokens	862	code/Lua/decompiled/FreefallActivity/Board/FreefallActivityBoardModel.lua	assignment observed; dynamic field
FreefallActivity.Board.FreefallActivityBoardModel	_TapItemOld	1015	code/Lua/decompiled/FreefallActivity/Board/FreefallActivityBoardModel.lua	assignment observed; dynamic field
FreefallActivity.Board.FreefallActivityBoardModel	TapItem	1016	code/Lua/decompiled/FreefallActivity/Board/FreefallActivityBoardModel.lua	assignment observed; dynamic field
FreefallActivity.Board.FreefallActivityBoardModel	m_mergeAllIgnoredItems	1088	code/Lua/decompiled/FreefallActivity/Board/FreefallActivityBoardModel.lua	assignment observed; dynamic field
FreefallActivity.Board.FreefallActivityBoardView	m_mapRewardAniCount	16	code/Lua/decompiled/FreefallActivity/Board/FreefallActivityBoardView.lua	assignment observed; dynamic field
FreefallActivity.Board.FreefallActivityBoardView	m_mapRewardAniSeq	17	code/Lua/decompiled/FreefallActivity/Board/FreefallActivityBoardView.lua	assignment observed; dynamic field
FreefallActivity.Board.FreefallActivityBoardView	m_activityType	26	code/Lua/decompiled/FreefallActivity/Board/FreefallActivityBoardView.lua	assignment observed; dynamic field
FreefallActivity.Board.FreefallActivityBoardView	m_activityDefinition	27	code/Lua/decompiled/FreefallActivity/Board/FreefallActivityBoardView.lua	assignment observed; dynamic field
FreefallActivity.Board.FreefallActivityBoardView	m_activityModel	28	code/Lua/decompiled/FreefallActivity/Board/FreefallActivityBoardView.lua	assignment observed; dynamic field
FreefallActivity.Board.FreefallActivityBoardView	m_mapScrollSeq	29	code/Lua/decompiled/FreefallActivity/Board/FreefallActivityBoardView.lua	assignment observed; dynamic field
FreefallActivity.Board.FreefallActivityBoardView	m_completeTileMap	30	code/Lua/decompiled/FreefallActivity/Board/FreefallActivityBoardView.lua	assignment observed; dynamic field
FreefallActivity.Board.FreefallActivityBoardView	CompleteTileColor	31	code/Lua/decompiled/FreefallActivity/Board/FreefallActivityBoardView.lua	assignment observed; dynamic field
FreefallActivity.Board.FreefallActivityBoardView	m_bHasCloudKeyLock	32	code/Lua/decompiled/FreefallActivity/Board/FreefallActivityBoardView.lua	assignment observed; dynamic field
FreefallActivity.Board.FreefallActivityBoardView	m_bTileInversed	33	code/Lua/decompiled/FreefallActivity/Board/FreefallActivityBoardView.lua	assignment observed; dynamic field
FreefallActivity.Board.FreefallActivityBoardView	m_mapRewardAniCount	177	code/Lua/decompiled/FreefallActivity/Board/FreefallActivityBoardView.lua	assignment observed; dynamic field
FreefallActivity.Board.FreefallActivityBoardView	m_mapRewardAniSeq	178	code/Lua/decompiled/FreefallActivity/Board/FreefallActivityBoardView.lua	assignment observed; dynamic field
FreefallActivity.Board.FreefallActivityBoardView	m_lastTouchedItem	237	code/Lua/decompiled/FreefallActivity/Board/FreefallActivityBoardView.lua	assignment observed; dynamic field
FreefallActivity.Board.FreefallActivityBoardView	m_selectedBoardPosition	238	code/Lua/decompiled/FreefallActivity/Board/FreefallActivityBoardView.lua	assignment observed; dynamic field
FreefallActivity.Board.FreefallActivityBoardView	m_moreThanOnceTap	239	code/Lua/decompiled/FreefallActivity/Board/FreefallActivityBoardView.lua	assignment observed; dynamic field
FreefallActivity.Board.FreefallActivityBoardView	m_selectExtraPos	246	code/Lua/decompiled/FreefallActivity/Board/FreefallActivityBoardView.lua	assignment observed; dynamic field
FreefallActivity.Board.FreefallActivityBoardView	m_lastTouchedItem	251	code/Lua/decompiled/FreefallActivity/Board/FreefallActivityBoardView.lua	assignment observed; dynamic field
FreefallActivity.Board.FreefallActivityBoardView	m_dragging	265	code/Lua/decompiled/FreefallActivity/Board/FreefallActivityBoardView.lua	assignment observed; dynamic field
FreefallActivity.Board.FreefallActivityBoardView	m_swallowPos	303	code/Lua/decompiled/FreefallActivity/Board/FreefallActivityBoardView.lua	assignment observed; dynamic field
FreefallActivity.Board.FreefallActivityBoardView	m_swallowPos	305	code/Lua/decompiled/FreefallActivity/Board/FreefallActivityBoardView.lua	assignment observed; dynamic field
FreefallActivity.Board.FreefallActivityBoardView	m_lastTouchedItem	339	code/Lua/decompiled/FreefallActivity/Board/FreefallActivityBoardView.lua	assignment observed; dynamic field
FreefallActivity.Board.FreefallActivityBoardView	m_moreThanOnceTap	381	code/Lua/decompiled/FreefallActivity/Board/FreefallActivityBoardView.lua	assignment observed; dynamic field
FreefallActivity.Board.FreefallActivityBoardView	m_dragging	382	code/Lua/decompiled/FreefallActivity/Board/FreefallActivityBoardView.lua	assignment observed; dynamic field
FreefallActivity.Board.FreefallActivityBoardView	m_lastTouchedItem	383	code/Lua/decompiled/FreefallActivity/Board/FreefallActivityBoardView.lua	assignment observed; dynamic field
FreefallActivity.Board.FreefallActivityBoardView	m_promptScheduler	413	code/Lua/decompiled/FreefallActivity/Board/FreefallActivityBoardView.lua	assignment observed; dynamic field
FreefallActivity.Board.FreefallActivityBoardView	m_prompt	418	code/Lua/decompiled/FreefallActivity/Board/FreefallActivityBoardView.lua	assignment observed; dynamic field
FreefallActivity.Board.FreefallActivityBoardView	m_prompt	429	code/Lua/decompiled/FreefallActivity/Board/FreefallActivityBoardView.lua	assignment observed; dynamic field
FreefallActivity.Board.FreefallActivityBoardView	m_prompt	456	code/Lua/decompiled/FreefallActivity/Board/FreefallActivityBoardView.lua	assignment observed; dynamic field
FreefallActivity.Board.FreefallActivityBoardView	m_selectedBoardPosition	489	code/Lua/decompiled/FreefallActivity/Board/FreefallActivityBoardView.lua	assignment observed; dynamic field
FreefallActivity.Board.FreefallActivityBoardView	m_selectedBoardPosition	530	code/Lua/decompiled/FreefallActivity/Board/FreefallActivityBoardView.lua	assignment observed; dynamic field
FreefallActivity.Board.FreefallActivityBoardView	m_bTileInversed	576	code/Lua/decompiled/FreefallActivity/Board/FreefallActivityBoardView.lua	assignment observed; dynamic field
FreefallActivity.Board.FreefallActivityBoardView	m_itemDeleteButton	663	code/Lua/decompiled/FreefallActivity/Board/FreefallActivityBoardView.lua	assignment observed; dynamic field
FreefallActivity.Board.FreefallActivityBoardView	m_boardBgGo	679	code/Lua/decompiled/FreefallActivity/Board/FreefallActivityBoardView.lua	assignment observed; dynamic field
FreefallActivity.Board.FreefallActivityBoardView	m_bPlayingSpeicalItemAnimation	794	code/Lua/decompiled/FreefallActivity/Board/FreefallActivityBoardView.lua	assignment observed; dynamic field
FreefallActivity.Board.FreefallActivityBoardView	m_bPlayingSpeicalItemAnimation	861	code/Lua/decompiled/FreefallActivity/Board/FreefallActivityBoardView.lua	assignment observed; dynamic field
FreefallActivity.Board.FreefallActivityBoardView	m_bOnSettlement	876	code/Lua/decompiled/FreefallActivity/Board/FreefallActivityBoardView.lua	assignment observed; dynamic field
FreefallActivity.Board.FreefallActivityBoardView	m_bOnSettlement	881	code/Lua/decompiled/FreefallActivity/Board/FreefallActivityBoardView.lua	assignment observed; dynamic field
FreefallActivity.Model.FreefallActivityModel	m_itemDataTable	59	code/Lua/decompiled/FreefallActivity/Model/FreefallActivityModel.lua	assignment observed; dynamic field
FreefallActivity.Model.FreefallActivityModel	m_itemLayerDataTable	60	code/Lua/decompiled/FreefallActivity/Model/FreefallActivityModel.lua	assignment observed; dynamic field
FreefallActivity.Model.FreefallActivityModel	m_itemCacheDataTable	61	code/Lua/decompiled/FreefallActivity/Model/FreefallActivityModel.lua	assignment observed; dynamic field
FreefallActivity.Model.FreefallActivityModel	m_boardDataTable	62	code/Lua/decompiled/FreefallActivity/Model/FreefallActivityModel.lua	assignment observed; dynamic field
FreefallActivity.Model.FreefallActivityModel	m_activityDefinition	63	code/Lua/decompiled/FreefallActivity/Model/FreefallActivityModel.lua	assignment observed; dynamic field
FreefallActivity.Model.FreefallActivityModel	m_tokenHelper	64	code/Lua/decompiled/FreefallActivity/Model/FreefallActivityModel.lua	assignment observed; dynamic field
FreefallActivity.Model.FreefallActivityModel	m_arrBossRewardConfigs	96	code/Lua/decompiled/FreefallActivity/Model/FreefallActivityModel.lua	assignment observed; dynamic field
FreefallActivity.Model.FreefallActivityModel	m_roundRewardConfig	100	code/Lua/decompiled/FreefallActivity/Model/FreefallActivityModel.lua	assignment observed; dynamic field
FreefallActivity.Model.FreefallActivityModel	m_mapArrTargetConfigs	114	code/Lua/decompiled/FreefallActivity/Model/FreefallActivityModel.lua	assignment observed; dynamic field
FreefallActivity.Model.FreefallActivityModel	m_bookConfig	136	code/Lua/decompiled/FreefallActivity/Model/FreefallActivityModel.lua	assignment observed; dynamic field
FreefallActivity.Model.FreefallActivityModel	m_allTaskDatas	137	code/Lua/decompiled/FreefallActivity/Model/FreefallActivityModel.lua	assignment observed; dynamic field
FreefallActivity.Model.FreefallActivityModel	m_endRewards	166	code/Lua/decompiled/FreefallActivity/Model/FreefallActivityModel.lua	assignment observed; dynamic field
FreefallActivity.Model.FreefallActivityModel	m_boardModel	170	code/Lua/decompiled/FreefallActivity/Model/FreefallActivityModel.lua	assignment observed; dynamic field
FreefallActivity.Model.FreefallActivityModel	m_boardModel	195	code/Lua/decompiled/FreefallActivity/Model/FreefallActivityModel.lua	assignment observed; dynamic field
FreefallActivity.Model.FreefallActivityModel	m_boardModel	199	code/Lua/decompiled/FreefallActivity/Model/FreefallActivityModel.lua	assignment observed; dynamic field
FreefallActivity.Model.FreefallActivityModel	m_maxDepth	251	code/Lua/decompiled/FreefallActivity/Model/FreefallActivityModel.lua	assignment observed; dynamic field
FreefallActivity.Model.FreefallActivityModel	m_boardModel	252	code/Lua/decompiled/FreefallActivity/Model/FreefallActivityModel.lua	assignment observed; dynamic field
FreefallActivity.Model.FreefallActivityModel	m_cacheHitTargetInfos	415	code/Lua/decompiled/FreefallActivity/Model/FreefallActivityModel.lua	assignment observed; dynamic field
FreefallActivity.Model.FreefallActivityModel	m_cacheHitTargetInfos	416	code/Lua/decompiled/FreefallActivity/Model/FreefallActivityModel.lua	assignment observed; dynamic field
FreefallActivity.Model.FreefallActivityModel	m_cacheHitTargetInfos	435	code/Lua/decompiled/FreefallActivity/Model/FreefallActivityModel.lua	assignment observed; dynamic field
FreefallActivity.Model.FreefallActivityModel	m_cacheHitTargetInfos	436	code/Lua/decompiled/FreefallActivity/Model/FreefallActivityModel.lua	assignment observed; dynamic field
FreefallActivity.Model.FreefallActivityModel	m_cacheHitTargetInfos	457	code/Lua/decompiled/FreefallActivity/Model/FreefallActivityModel.lua	assignment observed; dynamic field
FreefallActivity.Model.FreefallActivityModel	m_cacheHitTargetInfos	470	code/Lua/decompiled/FreefallActivity/Model/FreefallActivityModel.lua	assignment observed; dynamic field
FreefallActivity.Model.FreefallActivityModel	m_mapBeatenTargetIndex	531	code/Lua/decompiled/FreefallActivity/Model/FreefallActivityModel.lua	assignment observed; dynamic field
FreefallActivity.Model.FreefallActivityModel	m_mapBeatenTargetIndex	543	code/Lua/decompiled/FreefallActivity/Model/FreefallActivityModel.lua	assignment observed; dynamic field
FreefallActivity.Model.FreefallActivityModel	m_mapBeatenTargetIndex	544	code/Lua/decompiled/FreefallActivity/Model/FreefallActivityModel.lua	assignment observed; dynamic field
FreefallActivity.Model.FreefallActivityModel	m_arrBossRewardConfigs	847	code/Lua/decompiled/FreefallActivity/Model/FreefallActivityModel.lua	assignment observed; dynamic field
FreefallActivity.Model.FreefallActivityModel	m_arrBossRewardConfigs	847	code/Lua/decompiled/FreefallActivity/Model/FreefallActivityModel.lua	assignment observed; dynamic field
FreefallActivity.Model.FreefallActivityModel	m_boardModel	861	code/Lua/decompiled/FreefallActivity/Model/FreefallActivityModel.lua	assignment observed; dynamic field
FreefallActivity.Model.FreefallActivityModel	m_boardModel	901	code/Lua/decompiled/FreefallActivity/Model/FreefallActivityModel.lua	assignment observed; dynamic field
FreefallActivity.Model.FreefallActivityModel	m_endRewards	936	code/Lua/decompiled/FreefallActivity/Model/FreefallActivityModel.lua	assignment observed; dynamic field
FreefallActivity.Model.FreefallActivityModel	m_mapHitToken2DBKey	941	code/Lua/decompiled/FreefallActivity/Model/FreefallActivityModel.lua	assignment observed; dynamic field
FreefallActivity.Model.FreefallActivityModel	m_mapHitToken2DBKey	942	code/Lua/decompiled/FreefallActivity/Model/FreefallActivityModel.lua	assignment observed; dynamic field
HuntMapActivity.Board.BoardPromptHuntMap	m_itemModels	25	code/Lua/decompiled/HuntMapActivity/Board/BoardPromptHuntMap.lua	assignment observed; dynamic field
HuntMapActivity.Board.BoardPromptHuntMap	m_itemModels	26	code/Lua/decompiled/HuntMapActivity/Board/BoardPromptHuntMap.lua	assignment observed; dynamic field
HuntMapActivity.Board.BoardPromptHuntMap	m_cacheRoot	117	code/Lua/decompiled/HuntMapActivity/Board/BoardPromptHuntMap.lua	assignment observed; dynamic field
HuntMapActivity.Board.BoardPromptHuntMap	m_itemModels	152	code/Lua/decompiled/HuntMapActivity/Board/BoardPromptHuntMap.lua	assignment observed; dynamic field
HuntMapActivity.Board.BoardPromptHuntMap	m_itemModel	160	code/Lua/decompiled/HuntMapActivity/Board/BoardPromptHuntMap.lua	assignment observed; dynamic field
HuntMapActivity.Board.BoardPromptHuntMap	m_itemModels	189	code/Lua/decompiled/HuntMapActivity/Board/BoardPromptHuntMap.lua	assignment observed; dynamic field
HuntMapActivity.Board.BoardPromptHuntMap	m_itemModel	197	code/Lua/decompiled/HuntMapActivity/Board/BoardPromptHuntMap.lua	assignment observed; dynamic field
HuntMapActivity.Board.BoardPromptHuntMap	m_model	217	code/Lua/decompiled/HuntMapActivity/Board/BoardPromptHuntMap.lua	assignment observed; dynamic field
HuntMapActivity.Board.BoardPromptHuntMap	m_itemModels	248	code/Lua/decompiled/HuntMapActivity/Board/BoardPromptHuntMap.lua	assignment observed; dynamic field
HuntMapActivity.Board.BoardPromptHuntMap	m_itemModel	280	code/Lua/decompiled/HuntMapActivity/Board/BoardPromptHuntMap.lua	assignment observed; dynamic field
HuntMapActivity.Board.HuntMapActivityBoardView	m_activityType	19	code/Lua/decompiled/HuntMapActivity/Board/HuntMapActivityBoardView.lua	assignment observed; dynamic field
HuntMapActivity.Board.HuntMapActivityBoardView	m_activityDefinition	20	code/Lua/decompiled/HuntMapActivity/Board/HuntMapActivityBoardView.lua	assignment observed; dynamic field
HuntMapActivity.Board.HuntMapActivityBoardView	m_activityModel	21	code/Lua/decompiled/HuntMapActivity/Board/HuntMapActivityBoardView.lua	assignment observed; dynamic field
HuntMapActivity.Board.HuntMapActivityBoardView	m_mapScrollSeq	22	code/Lua/decompiled/HuntMapActivity/Board/HuntMapActivityBoardView.lua	assignment observed; dynamic field
HuntMapActivity.Board.HuntMapActivityBoardView	m_completeTileMap	23	code/Lua/decompiled/HuntMapActivity/Board/HuntMapActivityBoardView.lua	assignment observed; dynamic field
HuntMapActivity.Board.HuntMapActivityBoardView	CompleteTileColor	24	code/Lua/decompiled/HuntMapActivity/Board/HuntMapActivityBoardView.lua	assignment observed; dynamic field
HuntMapActivity.Board.HuntMapActivityBoardView	m_bHasCloudKeyLock	25	code/Lua/decompiled/HuntMapActivity/Board/HuntMapActivityBoardView.lua	assignment observed; dynamic field
HuntMapActivity.Board.HuntMapActivityBoardView	m_bTileInversed	26	code/Lua/decompiled/HuntMapActivity/Board/HuntMapActivityBoardView.lua	assignment observed; dynamic field
HuntMapActivity.Board.HuntMapActivityBoardView	m_cloudView	27	code/Lua/decompiled/HuntMapActivity/Board/HuntMapActivityBoardView.lua	assignment observed; dynamic field
HuntMapActivity.Board.HuntMapActivityBoardView	m_bTileInversed	126	code/Lua/decompiled/HuntMapActivity/Board/HuntMapActivityBoardView.lua	assignment observed; dynamic field
HuntMapActivity.Model.HuntMapActivityMapModel	m_model	23	code/Lua/decompiled/HuntMapActivity/Model/HuntMapActivityMapModel.lua	assignment observed; dynamic field
HuntMapActivity.Model.HuntMapActivityMapModel	m_dbTable	24	code/Lua/decompiled/HuntMapActivity/Model/HuntMapActivityMapModel.lua	assignment observed; dynamic field
HuntMapActivity.Model.HuntMapActivityMapModel	m_activityDefinition	25	code/Lua/decompiled/HuntMapActivity/Model/HuntMapActivityMapModel.lua	assignment observed; dynamic field
HuntMapActivity.Model.HuntMapActivityMapModel	m_mapSlotConfig	45	code/Lua/decompiled/HuntMapActivity/Model/HuntMapActivityMapModel.lua	assignment observed; dynamic field
HuntMapActivity.Model.HuntMapActivityMapModel	m_obstacleConfig	55	code/Lua/decompiled/HuntMapActivity/Model/HuntMapActivityMapModel.lua	assignment observed; dynamic field
HuntMapActivity.Model.HuntMapActivityMapModel	m_mainObstacleConfig	56	code/Lua/decompiled/HuntMapActivity/Model/HuntMapActivityMapModel.lua	assignment observed; dynamic field
HuntMapActivity.Model.HuntMapActivityMapModel	m_pathConfig	87	code/Lua/decompiled/HuntMapActivity/Model/HuntMapActivityMapModel.lua	assignment observed; dynamic field
HuntMapActivity.Model.HuntMapActivityMapModel	m_slotZMap	88	code/Lua/decompiled/HuntMapActivity/Model/HuntMapActivityMapModel.lua	assignment observed; dynamic field
HuntMapActivity.Model.HuntMapActivityMapModel	m_pathUnlockConfig	95	code/Lua/decompiled/HuntMapActivity/Model/HuntMapActivityMapModel.lua	assignment observed; dynamic field
HuntMapActivity.Model.HuntMapActivityMapModel	m_cloudUnlockConfig	100	code/Lua/decompiled/HuntMapActivity/Model/HuntMapActivityMapModel.lua	assignment observed; dynamic field
HuntMapActivity.Model.HuntMapActivityMapModel	m_curAvatarSlot	132	code/Lua/decompiled/HuntMapActivity/Model/HuntMapActivityMapModel.lua	assignment observed; dynamic field
HuntMapActivity.Model.HuntMapActivityMapModel	m_mapSlotObstacleLogic	133	code/Lua/decompiled/HuntMapActivity/Model/HuntMapActivityMapModel.lua	assignment observed; dynamic field
HuntMapActivity.Model.HuntMapActivityMapModel	m_cloudUnlockCache	148	code/Lua/decompiled/HuntMapActivity/Model/HuntMapActivityMapModel.lua	assignment observed; dynamic field
HuntMapActivity.Model.HuntMapActivityMapModel	m_mapStateSlotInfo	237	code/Lua/decompiled/HuntMapActivity/Model/HuntMapActivityMapModel.lua	assignment observed; dynamic field
HuntMapActivity.Model.HuntMapActivityMapModel	m_listCycleObstacleSlot	238	code/Lua/decompiled/HuntMapActivity/Model/HuntMapActivityMapModel.lua	assignment observed; dynamic field
HuntMapActivity.Model.HuntMapActivityMapModel	m_curAvatarSlot	262	code/Lua/decompiled/HuntMapActivity/Model/HuntMapActivityMapModel.lua	assignment observed; dynamic field
HuntMapActivity.Model.HuntMapActivityMapModel	m_noHaveCostEnergy	548	code/Lua/decompiled/HuntMapActivity/Model/HuntMapActivityMapModel.lua	assignment observed; dynamic field
HuntMapActivity.Model.HuntMapActivityMapModel	m_curAvatarSlot	969	code/Lua/decompiled/HuntMapActivity/Model/HuntMapActivityMapModel.lua	assignment observed; dynamic field
HuntMapActivity.Model.HuntMapActivityMapModel	m_mapSlotObstacleLogic	1000	code/Lua/decompiled/HuntMapActivity/Model/HuntMapActivityMapModel.lua	assignment observed; dynamic field
HuntMapActivity.Model.HuntMapActivityMapModel	m_cloudUnlockCache	1001	code/Lua/decompiled/HuntMapActivity/Model/HuntMapActivityMapModel.lua	assignment observed; dynamic field
HuntMapActivity.Model.HuntMapActivityMapModel	m_noHaveCostEnergy	1003	code/Lua/decompiled/HuntMapActivity/Model/HuntMapActivityMapModel.lua	assignment observed; dynamic field
HuntMapActivity.Model.HuntMapActivityModel	m_itemDataTable	83	code/Lua/decompiled/HuntMapActivity/Model/HuntMapActivityModel.lua	assignment observed; dynamic field
HuntMapActivity.Model.HuntMapActivityModel	m_itemLayerDataTable	84	code/Lua/decompiled/HuntMapActivity/Model/HuntMapActivityModel.lua	assignment observed; dynamic field
HuntMapActivity.Model.HuntMapActivityModel	m_itemCacheDataTable	85	code/Lua/decompiled/HuntMapActivity/Model/HuntMapActivityModel.lua	assignment observed; dynamic field
HuntMapActivity.Model.HuntMapActivityModel	m_activityDefinition	86	code/Lua/decompiled/HuntMapActivity/Model/HuntMapActivityModel.lua	assignment observed; dynamic field
HuntMapActivity.Model.HuntMapActivityModel	m_mapModel	89	code/Lua/decompiled/HuntMapActivity/Model/HuntMapActivityModel.lua	assignment observed; dynamic field
HuntMapActivity.Model.HuntMapActivityModel	m_taskModel	90	code/Lua/decompiled/HuntMapActivity/Model/HuntMapActivityModel.lua	assignment observed; dynamic field
HuntMapActivity.Model.HuntMapActivityModel	m_timeLineModel	91	code/Lua/decompiled/HuntMapActivity/Model/HuntMapActivityModel.lua	assignment observed; dynamic field
HuntMapActivity.Model.HuntMapActivityModel	m_tokenHelper	92	code/Lua/decompiled/HuntMapActivity/Model/HuntMapActivityModel.lua	assignment observed; dynamic field
HuntMapActivity.Model.HuntMapActivityModel	m_endWindowPopupHelper	101	code/Lua/decompiled/HuntMapActivity/Model/HuntMapActivityModel.lua	assignment observed; dynamic field
HuntMapActivity.Model.HuntMapActivityModel	m_activityProperty	111	code/Lua/decompiled/HuntMapActivity/Model/HuntMapActivityModel.lua	assignment observed; dynamic field
HuntMapActivity.Model.HuntMapActivityModel	m_propertyData	119	code/Lua/decompiled/HuntMapActivity/Model/HuntMapActivityModel.lua	assignment observed; dynamic field
HuntMapActivity.Model.HuntMapActivityModel	m_expireReward	120	code/Lua/decompiled/HuntMapActivity/Model/HuntMapActivityModel.lua	assignment observed; dynamic field
HuntMapActivity.Model.HuntMapActivityModel	arrMergeLine	147	code/Lua/decompiled/HuntMapActivity/Model/HuntMapActivityModel.lua	assignment observed; dynamic field
HuntMapActivity.Model.HuntMapActivityModel	m_bookConfig	158	code/Lua/decompiled/HuntMapActivity/Model/HuntMapActivityModel.lua	assignment observed; dynamic field
HuntMapActivity.Model.HuntMapActivityModel	m_recoverLimit	159	code/Lua/decompiled/HuntMapActivity/Model/HuntMapActivityModel.lua	assignment observed; dynamic field
HuntMapActivity.Model.HuntMapActivityModel	m_recoverSpeed	160	code/Lua/decompiled/HuntMapActivity/Model/HuntMapActivityModel.lua	assignment observed; dynamic field
HuntMapActivity.Model.HuntMapActivityModel	m_buyEnergyConfig	163	code/Lua/decompiled/HuntMapActivity/Model/HuntMapActivityModel.lua	assignment observed; dynamic field
HuntMapActivity.Model.HuntMapActivityModel	m_buyEnergyConfig	168	code/Lua/decompiled/HuntMapActivity/Model/HuntMapActivityModel.lua	assignment observed; dynamic field
HuntMapActivity.Model.HuntMapActivityModel	m_pdItemType	170	code/Lua/decompiled/HuntMapActivity/Model/HuntMapActivityModel.lua	assignment observed; dynamic field
HuntMapActivity.Model.HuntMapActivityModel	m_price	175	code/Lua/decompiled/HuntMapActivity/Model/HuntMapActivityModel.lua	assignment observed; dynamic field
HuntMapActivity.Model.HuntMapActivityModel	m_digReward	179	code/Lua/decompiled/HuntMapActivity/Model/HuntMapActivityModel.lua	assignment observed; dynamic field
HuntMapActivity.Model.HuntMapActivityModel	m_digCircleReward	180	code/Lua/decompiled/HuntMapActivity/Model/HuntMapActivityModel.lua	assignment observed; dynamic field
HuntMapActivity.Model.HuntMapActivityModel	m_recoverLimit	205	code/Lua/decompiled/HuntMapActivity/Model/HuntMapActivityModel.lua	assignment observed; dynamic field
HuntMapActivity.Model.HuntMapActivityModel	m_recoverSpeed	205	code/Lua/decompiled/HuntMapActivity/Model/HuntMapActivityModel.lua	assignment observed; dynamic field
HuntMapActivity.Model.HuntMapActivityModel	m_recoverLimit	215	code/Lua/decompiled/HuntMapActivity/Model/HuntMapActivityModel.lua	assignment observed; dynamic field
HuntMapActivity.Model.HuntMapActivityModel	m_recoverSpeed	215	code/Lua/decompiled/HuntMapActivity/Model/HuntMapActivityModel.lua	assignment observed; dynamic field
HuntMapActivity.Model.HuntMapActivityModel	m_recoverLimit	229	code/Lua/decompiled/HuntMapActivity/Model/HuntMapActivityModel.lua	assignment observed; dynamic field
HuntMapActivity.Model.HuntMapActivityModel	m_recoverSpeed	229	code/Lua/decompiled/HuntMapActivity/Model/HuntMapActivityModel.lua	assignment observed; dynamic field
HuntMapActivity.Model.HuntMapActivityModel	m_bLateInit	298	code/Lua/decompiled/HuntMapActivity/Model/HuntMapActivityModel.lua	assignment observed; dynamic field
HuntMapActivity.Model.HuntMapActivityModel	m_expireReward	299	code/Lua/decompiled/HuntMapActivity/Model/HuntMapActivityModel.lua	assignment observed; dynamic field
HuntMapActivity.Model.HuntMapActivityModel	m_boardModel	316	code/Lua/decompiled/HuntMapActivity/Model/HuntMapActivityModel.lua	assignment observed; dynamic field
HuntMapActivity.Model.HuntMapActivityModel	m_tempProgressScore	318	code/Lua/decompiled/HuntMapActivity/Model/HuntMapActivityModel.lua	assignment observed; dynamic field
HuntMapActivity.Model.HuntMapActivityModel	m_boardModel	330	code/Lua/decompiled/HuntMapActivity/Model/HuntMapActivityModel.lua	assignment observed; dynamic field
HuntMapActivity.Model.HuntMapActivityModel	m_boardModel	332	code/Lua/decompiled/HuntMapActivity/Model/HuntMapActivityModel.lua	assignment observed; dynamic field
HuntMapActivity.Model.HuntMapActivityModel	m_expireReward	342	code/Lua/decompiled/HuntMapActivity/Model/HuntMapActivityModel.lua	assignment observed; dynamic field
HuntMapActivity.Model.HuntMapActivityModel	m_tempProgressScore	482	code/Lua/decompiled/HuntMapActivity/Model/HuntMapActivityModel.lua	assignment observed; dynamic field
HuntMapActivity.Model.HuntMapActivityModel	m_boardModel	522	code/Lua/decompiled/HuntMapActivity/Model/HuntMapActivityModel.lua	assignment observed; dynamic field
HuntMapActivity.Model.HuntMapActivityModel	m_boardModel	529	code/Lua/decompiled/HuntMapActivity/Model/HuntMapActivityModel.lua	assignment observed; dynamic field
HuntMapActivity.Model.HuntMapActivityModel	m_boardModel	563	code/Lua/decompiled/HuntMapActivity/Model/HuntMapActivityModel.lua	assignment observed; dynamic field
HuntMapActivity.Model.HuntMapActivityModel	m_boardModel	620	code/Lua/decompiled/HuntMapActivity/Model/HuntMapActivityModel.lua	assignment observed; dynamic field
HuntMapActivity.Model.HuntMapActivityModel	m_endRewards	715	code/Lua/decompiled/HuntMapActivity/Model/HuntMapActivityModel.lua	assignment observed; dynamic field
HuntMapActivity.Model.HuntMapActivityModel	m_expireReward	740	code/Lua/decompiled/HuntMapActivity/Model/HuntMapActivityModel.lua	assignment observed; dynamic field
HuntMapActivity.Model.HuntMapActivityModel	m_propertyData	765	code/Lua/decompiled/HuntMapActivity/Model/HuntMapActivityModel.lua	assignment observed; dynamic field
HuntMapActivity.Model.HuntMapActivityModel	m_digRewardAniState	1144	code/Lua/decompiled/HuntMapActivity/Model/HuntMapActivityModel.lua	assignment observed; dynamic field
HuntMapActivity.Model.HuntMapActivityTaskModel	m_activityModel	30	code/Lua/decompiled/HuntMapActivity/Model/HuntMapActivityTaskModel.lua	assignment observed; dynamic field
HuntMapActivity.Model.HuntMapActivityTaskModel	m_activityDefinition	31	code/Lua/decompiled/HuntMapActivity/Model/HuntMapActivityTaskModel.lua	assignment observed; dynamic field
HuntMapActivity.Model.HuntMapActivityTaskModel	m_dbTable	32	code/Lua/decompiled/HuntMapActivity/Model/HuntMapActivityTaskModel.lua	assignment observed; dynamic field
HuntMapActivity.Model.HuntMapActivityTaskModel	m_taskImgHelper	33	code/Lua/decompiled/HuntMapActivity/Model/HuntMapActivityTaskModel.lua	assignment observed; dynamic field
HuntMapActivity.Model.HuntMapActivityTaskModel	m_taskObstaclePrbImg	40	code/Lua/decompiled/HuntMapActivity/Model/HuntMapActivityTaskModel.lua	assignment observed; dynamic field
HuntMapActivity.Model.HuntMapActivityTaskModel	m_cacheData	50	code/Lua/decompiled/HuntMapActivity/Model/HuntMapActivityTaskModel.lua	assignment observed; dynamic field
HuntMapActivity.Model.HuntMapActivityTaskModel	m_showCacheData	51	code/Lua/decompiled/HuntMapActivity/Model/HuntMapActivityTaskModel.lua	assignment observed; dynamic field
HuntMapActivity.Model.HuntMapActivityTaskModel	m_mainTaskCache	58	code/Lua/decompiled/HuntMapActivity/Model/HuntMapActivityTaskModel.lua	assignment observed; dynamic field
HuntMapActivity.Model.HuntMapActivityTaskModel	m_mainTaskCache	61	code/Lua/decompiled/HuntMapActivity/Model/HuntMapActivityTaskModel.lua	assignment observed; dynamic field
HuntMapActivity.Model.HuntMapActivityTaskModel	m_taskConfig	71	code/Lua/decompiled/HuntMapActivity/Model/HuntMapActivityTaskModel.lua	assignment observed; dynamic field
HuntMapActivity.Model.HuntMapActivityTaskModel	m_finalRewards	72	code/Lua/decompiled/HuntMapActivity/Model/HuntMapActivityTaskModel.lua	assignment observed; dynamic field
HuntMapActivity.Model.HuntMapActivityTaskModel	m_taskConfig	74	code/Lua/decompiled/HuntMapActivity/Model/HuntMapActivityTaskModel.lua	assignment observed; dynamic field
HuntMapActivity.Model.HuntMapActivityTaskModel	m_finalRewards	85	code/Lua/decompiled/HuntMapActivity/Model/HuntMapActivityTaskModel.lua	assignment observed; dynamic field
HuntMapActivity.Model.HuntMapActivityTaskModel	m_finalVipRewards	86	code/Lua/decompiled/HuntMapActivity/Model/HuntMapActivityTaskModel.lua	assignment observed; dynamic field
HuntMapActivity.Model.HuntMapActivityTaskModel	m_mainTaskConfig	88	code/Lua/decompiled/HuntMapActivity/Model/HuntMapActivityTaskModel.lua	assignment observed; dynamic field
HuntMapActivity.Model.HuntMapActivityTaskModel	m_mainTaskConfig	90	code/Lua/decompiled/HuntMapActivity/Model/HuntMapActivityTaskModel.lua	assignment observed; dynamic field
HuntMapActivity.Model.HuntMapActivityTaskModel	m_mainTargetConfig	105	code/Lua/decompiled/HuntMapActivity/Model/HuntMapActivityTaskModel.lua	assignment observed; dynamic field
HuntMapActivity.Model.HuntMapActivityTaskModel	m_mainTaskCache	109	code/Lua/decompiled/HuntMapActivity/Model/HuntMapActivityTaskModel.lua	assignment observed; dynamic field
HuntMapActivity.Model.HuntMapActivityTaskModel	m_mainTaskCache	132	code/Lua/decompiled/HuntMapActivity/Model/HuntMapActivityTaskModel.lua	assignment observed; dynamic field
HuntMapActivity.Model.HuntMapActivityTaskModel	m_bookModel	148	code/Lua/decompiled/HuntMapActivity/Model/HuntMapActivityTaskModel.lua	assignment observed; dynamic field
HuntMapActivity.Model.HuntMapActivityTaskModel	m_mainTaskCache	201	code/Lua/decompiled/HuntMapActivity/Model/HuntMapActivityTaskModel.lua	assignment observed; dynamic field
HuntMapActivity.Model.HuntMapActivityTaskModel	m_mainTaskConfig	204	code/Lua/decompiled/HuntMapActivity/Model/HuntMapActivityTaskModel.lua	assignment observed; dynamic field
HuntMapActivity.Model.HuntMapActivityTaskModel	m_mainTaskCache	214	code/Lua/decompiled/HuntMapActivity/Model/HuntMapActivityTaskModel.lua	assignment observed; dynamic field
HuntMapActivity.Model.HuntMapActivityTaskModel	m_mainTaskCache	220	code/Lua/decompiled/HuntMapActivity/Model/HuntMapActivityTaskModel.lua	assignment observed; dynamic field
HuntMapActivity.Model.HuntMapActivityTaskModel	m_mainTaskConfig	220	code/Lua/decompiled/HuntMapActivity/Model/HuntMapActivityTaskModel.lua	assignment observed; dynamic field
HuntMapActivity.Model.HuntMapActivityTaskModel	m_cacheData	545	code/Lua/decompiled/HuntMapActivity/Model/HuntMapActivityTaskModel.lua	assignment observed; dynamic field
HuntMapActivity.Model.HuntMapActivityTaskModel	m_showCacheData	546	code/Lua/decompiled/HuntMapActivity/Model/HuntMapActivityTaskModel.lua	assignment observed; dynamic field
HuntMapActivity.Model.HuntMapActivityTaskModel	m_showCacheData	552	code/Lua/decompiled/HuntMapActivity/Model/HuntMapActivityTaskModel.lua	assignment observed; dynamic field
LuckyProduce.Model.LuckyProduceModel	m_dbTable	20	code/Lua/decompiled/LuckyProduce/Model/LuckyProduceModel.lua	assignment observed; dynamic field
LuckyProduce.Model.LuckyProduceModel	m_confidMD5	30	code/Lua/decompiled/LuckyProduce/Model/LuckyProduceModel.lua	assignment observed; dynamic field
LuckyProduce.Model.LuckyProduceModel	m_confidMD5	33	code/Lua/decompiled/LuckyProduce/Model/LuckyProduceModel.lua	assignment observed; dynamic field
LuckyProduce.Model.LuckyProduceModel	m_arrLuckyProduceConfig	34	code/Lua/decompiled/LuckyProduce/Model/LuckyProduceModel.lua	assignment observed; dynamic field
LuckyProduce.Model.LuckyProduceModel	m_bDataSynced	60	code/Lua/decompiled/LuckyProduce/Model/LuckyProduceModel.lua	assignment observed; dynamic field
LuckyProduce.Model.LuckyProduceModel	m_curLuckyProduceConfigIndex	226	code/Lua/decompiled/LuckyProduce/Model/LuckyProduceModel.lua	assignment observed; dynamic field
LuckyProduce.Model.LuckyProduceModel	m_arrExtraProduceEnergyCostCount	228	code/Lua/decompiled/LuckyProduce/Model/LuckyProduceModel.lua	assignment observed; dynamic field
LuckyProduce.Model.LuckyProduceModel	m_arrExtraProduceEnergyCostCount	229	code/Lua/decompiled/LuckyProduce/Model/LuckyProduceModel.lua	assignment observed; dynamic field
LuckyProduce.Model.LuckyProduceModel	m_curLuckyProduceConfigIndex	250	code/Lua/decompiled/LuckyProduce/Model/LuckyProduceModel.lua	assignment observed; dynamic field
LuckyProduce.Model.LuckyProduceModel	m_arrLuckyProduceConfig	279	code/Lua/decompiled/LuckyProduce/Model/LuckyProduceModel.lua	assignment observed; dynamic field
LuckyProduce.Model.LuckyProduceModel	m_curLuckyProduceConfigIndex	326	code/Lua/decompiled/LuckyProduce/Model/LuckyProduceModel.lua	assignment observed; dynamic field
LuckyProduce.Model.LuckyProduceModel	m_arrExtraProduceEnergyCostCount	327	code/Lua/decompiled/LuckyProduce/Model/LuckyProduceModel.lua	assignment observed; dynamic field
Model.Activity.ActivityManager	m_staticActivityData	33	code/Lua/decompiled/Model/Activity/ActivityManager.lua	assignment observed; dynamic field
Model.Activity.ActivityManager	m_localData	34	code/Lua/decompiled/Model/Activity/ActivityManager.lua	assignment observed; dynamic field
Model.Activity.ActivityManager	m_models	41	code/Lua/decompiled/Model/Activity/ActivityManager.lua	assignment observed; dynamic field
Model.Activity.ActivityManager	m_models	139	code/Lua/decompiled/Model/Activity/ActivityManager.lua	assignment observed; dynamic field
Model.Activity.ActivityManager	m_bResourceCheckFinished	152	code/Lua/decompiled/Model/Activity/ActivityManager.lua	assignment observed; dynamic field
Model.Activity.ActivityManager	m_models	183	code/Lua/decompiled/Model/Activity/ActivityManager.lua	assignment observed; dynamic field
Model.Activity.ActivityManager	m_bResourceDownloadWindowPoped	513	code/Lua/decompiled/Model/Activity/ActivityManager.lua	assignment observed; dynamic field
Model.Activity.ActivityManager	m_bResourceDownloadWindowPoped	523	code/Lua/decompiled/Model/Activity/ActivityManager.lua	assignment observed; dynamic field
Model.Activity.ActivityTokenHelper	m_tokenType	83	code/Lua/decompiled/Model/Activity/ActivityTokenHelper.lua	assignment observed; dynamic field
Model.Activity.ActivityTokenHelper	m_model	84	code/Lua/decompiled/Model/Activity/ActivityTokenHelper.lua	assignment observed; dynamic field
Model.Activity.ActivityTokenHelper	m_dbTable	85	code/Lua/decompiled/Model/Activity/ActivityTokenHelper.lua	assignment observed; dynamic field
Model.Activity.ActivityTokenHelper	m_arrMergeCfgs	87	code/Lua/decompiled/Model/Activity/ActivityTokenHelper.lua	assignment observed; dynamic field
Model.Activity.ActivityTokenHelper	m_arrOrderCfgs	88	code/Lua/decompiled/Model/Activity/ActivityTokenHelper.lua	assignment observed; dynamic field
Model.Activity.ActivityTokenHelper	m_arrShopItemCfgs	89	code/Lua/decompiled/Model/Activity/ActivityTokenHelper.lua	assignment observed; dynamic field
Model.Activity.ActivityTokenHelper	m_arrBuyBubbleCfgs	90	code/Lua/decompiled/Model/Activity/ActivityTokenHelper.lua	assignment observed; dynamic field
Model.Activity.ActivityTokenHelper	m_bIsValid	91	code/Lua/decompiled/Model/Activity/ActivityTokenHelper.lua	assignment observed; dynamic field
Model.Activity.ActivityTokenHelper	m_labelStyle	92	code/Lua/decompiled/Model/Activity/ActivityTokenHelper.lua	assignment observed; dynamic field
Model.Activity.ActivityTokenHelper	m_labelStyleFunc	93	code/Lua/decompiled/Model/Activity/ActivityTokenHelper.lua	assignment observed; dynamic field
Model.Activity.ActivityTokenHelper	m_viewDataParam	94	code/Lua/decompiled/Model/Activity/ActivityTokenHelper.lua	assignment observed; dynamic field
Model.Activity.ActivityTokenHelper	m_costEnergyCfg	109	code/Lua/decompiled/Model/Activity/ActivityTokenHelper.lua	assignment observed; dynamic field
Model.Activity.ActivityTokenHelper	m_spreadCfg	110	code/Lua/decompiled/Model/Activity/ActivityTokenHelper.lua	assignment observed; dynamic field
Model.Activity.ActivityTokenHelper	m_bIsValid	124	code/Lua/decompiled/Model/Activity/ActivityTokenHelper.lua	assignment observed; dynamic field
Model.Activity.ActivityTokenHelper	m_costEnergyCfg	129	code/Lua/decompiled/Model/Activity/ActivityTokenHelper.lua	assignment observed; dynamic field
Model.Activity.ActivityTokenHelper	m_spreadCfg	134	code/Lua/decompiled/Model/Activity/ActivityTokenHelper.lua	assignment observed; dynamic field
Model.Activity.ActivityTokenHelper	m_bIsValid	148	code/Lua/decompiled/Model/Activity/ActivityTokenHelper.lua	assignment observed; dynamic field
Model.Activity.ActivityTokenHelper	m_spreadCfg	169	code/Lua/decompiled/Model/Activity/ActivityTokenHelper.lua	assignment observed; dynamic field
Model.Activity.ActivityTokenHelper	m_costEnergyCfg	215	code/Lua/decompiled/Model/Activity/ActivityTokenHelper.lua	assignment observed; dynamic field
Model.Activity.BaseActivityModel	event	8	code/Lua/decompiled/Model/Activity/BaseActivityModel.lua	assignment observed; dynamic field
Model.Activity.BaseActivityModel	m_type	9	code/Lua/decompiled/Model/Activity/BaseActivityModel.lua	assignment observed; dynamic field
Model.Activity.BaseActivityModel	m_dbTable	10	code/Lua/decompiled/Model/Activity/BaseActivityModel.lua	assignment observed; dynamic field
Model.Activity.BaseActivityModel	_state	11	code/Lua/decompiled/Model/Activity/BaseActivityModel.lua	assignment observed; dynamic field
Model.Activity.BaseActivityModel	m_lockHours	12	code/Lua/decompiled/Model/Activity/BaseActivityModel.lua	assignment observed; dynamic field
Model.Activity.BaseActivityModel	m_config	51	code/Lua/decompiled/Model/Activity/BaseActivityModel.lua	assignment observed; dynamic field
Model.Activity.BaseActivityModel	_state	58	code/Lua/decompiled/Model/Activity/BaseActivityModel.lua	assignment observed; dynamic field
Model.Activity.BaseActivityModel	m_nextStateTime	59	code/Lua/decompiled/Model/Activity/BaseActivityModel.lua	assignment observed; dynamic field
Model.Activity.BaseActivityModel	m_bResourceReady	78	code/Lua/decompiled/Model/Activity/BaseActivityModel.lua	assignment observed; dynamic field
Model.Activity.BaseActivityModel	m_config	87	code/Lua/decompiled/Model/Activity/BaseActivityModel.lua	assignment observed; dynamic field
Model.Activity.BaseActivityModel	m_config	90	code/Lua/decompiled/Model/Activity/BaseActivityModel.lua	assignment observed; dynamic field
Model.Activity.BaseActivityModel	m_avatarframeCfg	99	code/Lua/decompiled/Model/Activity/BaseActivityModel.lua	assignment observed; dynamic field
Model.Activity.BaseActivityModel	m_lockHours	117	code/Lua/decompiled/Model/Activity/BaseActivityModel.lua	assignment observed; dynamic field
Model.Activity.BaseActivityModel	m_mapPopupTriggerRuleInfo	130	code/Lua/decompiled/Model/Activity/BaseActivityModel.lua	assignment observed; dynamic field
Model.Activity.BaseActivityModel	m_bHasEverUpdatedState	168	code/Lua/decompiled/Model/Activity/BaseActivityModel.lua	assignment observed; dynamic field
Model.Activity.BaseActivityModel	_state	171	code/Lua/decompiled/Model/Activity/BaseActivityModel.lua	assignment observed; dynamic field
Model.Activity.BaseActivityModel	m_nextStateTime	172	code/Lua/decompiled/Model/Activity/BaseActivityModel.lua	assignment observed; dynamic field
Model.Activity.BaseActivityModel	m_config	181	code/Lua/decompiled/Model/Activity/BaseActivityModel.lua	assignment observed; dynamic field
Model.Activity.BaseActivityModel	m_config	201	code/Lua/decompiled/Model/Activity/BaseActivityModel.lua	assignment observed; dynamic field
Model.Activity.BaseActivityModel	m_config	237	code/Lua/decompiled/Model/Activity/BaseActivityModel.lua	assignment observed; dynamic field
Model.Activity.BaseActivityModel	m_bTestErrorStartCondition	241	code/Lua/decompiled/Model/Activity/BaseActivityModel.lua	assignment observed; dynamic field
Model.Activity.BaseActivityModel	m_mapPopupTriggerRuleInfo	519	code/Lua/decompiled/Model/Activity/BaseActivityModel.lua	assignment observed; dynamic field
Model.Activity.BaseActivityModel	m_config	548	code/Lua/decompiled/Model/Activity/BaseActivityModel.lua	assignment observed; dynamic field
Model.Activity.BaseActivityModel	m_config	570	code/Lua/decompiled/Model/Activity/BaseActivityModel.lua	assignment observed; dynamic field
Model.DB.DBIdGenerator	m_instanceCount	11	code/Lua/decompiled/Model/DB/DBIdGenerator.lua	assignment observed; dynamic field
Model.DB.DBIdGenerator	m_lastTimeStamp	12	code/Lua/decompiled/Model/DB/DBIdGenerator.lua	assignment observed; dynamic field
Model.DB.DBIdGenerator	m_instanceCount	18	code/Lua/decompiled/Model/DB/DBIdGenerator.lua	assignment observed; dynamic field
Model.DB.DBIdGenerator	m_lastTimeStamp	19	code/Lua/decompiled/Model/DB/DBIdGenerator.lua	assignment observed; dynamic field
Model.DB.DBIdGenerator	m_instanceCount	21	code/Lua/decompiled/Model/DB/DBIdGenerator.lua	assignment observed; dynamic field
Model.DB.DBIdGenerator	m_instanceCount	23	code/Lua/decompiled/Model/DB/DBIdGenerator.lua	assignment observed; dynamic field
Model.DB.DBIdGenerator	m_lastTimeStamp	24	code/Lua/decompiled/Model/DB/DBIdGenerator.lua	assignment observed; dynamic field
Model.DB.DBTable	tableName	29	code/Lua/decompiled/Model/DB/DBTable.lua	assignment observed; dynamic field
Model.DB.DBTable	m_bIgnoreTypeCheck	30	code/Lua/decompiled/Model/DB/DBTable.lua	assignment observed; dynamic field
Model.DB.DBTable	m_bIgnoreValueCommaCheck	31	code/Lua/decompiled/Model/DB/DBTable.lua	assignment observed; dynamic field
Model.DB.DBTable	tableConfig	32	code/Lua/decompiled/Model/DB/DBTable.lua	assignment observed; dynamic field
Model.DB.DBTable	lastSerializationTimestamp	33	code/Lua/decompiled/Model/DB/DBTable.lua	assignment observed; dynamic field
Model.DB.DBTable	m_modificationFlag	34	code/Lua/decompiled/Model/DB/DBTable.lua	assignment observed; dynamic field
Model.DB.DBTable	m_mapCacheValue	35	code/Lua/decompiled/Model/DB/DBTable.lua	assignment observed; dynamic field
Model.DB.DBTable	m_databaseModel	36	code/Lua/decompiled/Model/DB/DBTable.lua	assignment observed; dynamic field
Model.DB.DBTable	_arrOrder	37	code/Lua/decompiled/Model/DB/DBTable.lua	assignment observed; dynamic field
Model.DB.DBTable	_columns	38	code/Lua/decompiled/Model/DB/DBTable.lua	assignment observed; dynamic field
Model.DB.DBTable	_primaryKey	39	code/Lua/decompiled/Model/DB/DBTable.lua	assignment observed; dynamic field
Model.DB.DBTable	m_arrColsNoPK	43	code/Lua/decompiled/Model/DB/DBTable.lua	assignment observed; dynamic field
Model.DB.DBTable	m_arrCols	44	code/Lua/decompiled/Model/DB/DBTable.lua	assignment observed; dynamic field
Model.DB.DBTable	m_strCols	53	code/Lua/decompiled/Model/DB/DBTable.lua	assignment observed; dynamic field
Model.DB.DBTable	m_strColsNoPK	54	code/Lua/decompiled/Model/DB/DBTable.lua	assignment observed; dynamic field
Model.DB.DBTable	m_bCachedDataChanged	55	code/Lua/decompiled/Model/DB/DBTable.lua	assignment observed; dynamic field
Model.DB.DBTable	m_bCachedDataChanged	161	code/Lua/decompiled/Model/DB/DBTable.lua	assignment observed; dynamic field
Model.DB.DBTable	m_bCachedDataChanged	185	code/Lua/decompiled/Model/DB/DBTable.lua	assignment observed; dynamic field
Model.DB.DBTable	m_bCachedDataChanged	235	code/Lua/decompiled/Model/DB/DBTable.lua	assignment observed; dynamic field
Model.DB.DBTable	m_bCachedDataChanged	247	code/Lua/decompiled/Model/DB/DBTable.lua	assignment observed; dynamic field
Model.DB.DBTable	m_bCachedDataChanged	272	code/Lua/decompiled/Model/DB/DBTable.lua	assignment observed; dynamic field
Model.DB.DBTable	m_mapCacheValue	296	code/Lua/decompiled/Model/DB/DBTable.lua	assignment observed; dynamic field
Model.DB.DBTable	m_mapCacheValue	300	code/Lua/decompiled/Model/DB/DBTable.lua	assignment observed; dynamic field
Model.DB.DBTable	m_bCachedDataChanged	302	code/Lua/decompiled/Model/DB/DBTable.lua	assignment observed; dynamic field
Model.DB.DBTable	lastSerializationTimestamp	312	code/Lua/decompiled/Model/DB/DBTable.lua	assignment observed; dynamic field
Model.DB.DBTable	m_strJson	320	code/Lua/decompiled/Model/DB/DBTable.lua	assignment observed; dynamic field
Model.DB.DBTable	m_bCachedDataChanged	403	code/Lua/decompiled/Model/DB/DBTable.lua	assignment observed; dynamic field
Model.DB.DBTable	lastSerializationTimestamp	404	code/Lua/decompiled/Model/DB/DBTable.lua	assignment observed; dynamic field
Model.DB.DBTable	m_bModifiedDuringUploading	407	code/Lua/decompiled/Model/DB/DBTable.lua	assignment observed; dynamic field
Model.DB.DBTable	m_strJson	409	code/Lua/decompiled/Model/DB/DBTable.lua	assignment observed; dynamic field
Model.DB.DBTable	m_modificationFlag	431	code/Lua/decompiled/Model/DB/DBTable.lua	assignment observed; dynamic field
Model.DB.DBTable	m_modificationFlag	435	code/Lua/decompiled/Model/DB/DBTable.lua	assignment observed; dynamic field
Model.DB.DBTable	m_bUploading	440	code/Lua/decompiled/Model/DB/DBTable.lua	assignment observed; dynamic field
Model.DB.DBTable	m_bUploading	447	code/Lua/decompiled/Model/DB/DBTable.lua	assignment observed; dynamic field
Model.DB.DBTable	m_modificationFlag	448	code/Lua/decompiled/Model/DB/DBTable.lua	assignment observed; dynamic field
Model.DB.DBTable	m_bModifiedDuringUploading	449	code/Lua/decompiled/Model/DB/DBTable.lua	assignment observed; dynamic field
Model.DB.DBTableManager	m_dbTables	11	code/Lua/decompiled/Model/DB/DBTableManager.lua	assignment observed; dynamic field
Model.DB.DBTableManager	m_bHealth	15	code/Lua/decompiled/Model/DB/DBTableManager.lua	assignment observed; dynamic field
Model.DB.DBTableManager	m_bLogFailedInit	17	code/Lua/decompiled/Model/DB/DBTableManager.lua	assignment observed; dynamic field
Model.DB.DBTableManager	m_bLogFailedInit	23	code/Lua/decompiled/Model/DB/DBTableManager.lua	assignment observed; dynamic field
Model.DB.DBTableManager	m_bHealth	33	code/Lua/decompiled/Model/DB/DBTableManager.lua	assignment observed; dynamic field
Model.DB.DBTableManager	m_bHealth	70	code/Lua/decompiled/Model/DB/DBTableManager.lua	assignment observed; dynamic field
Model.DB.DBTableManager	m_bHealth	82	code/Lua/decompiled/Model/DB/DBTableManager.lua	assignment observed; dynamic field
Model.DB.DBTableManager	m_dbTables	112	code/Lua/decompiled/Model/DB/DBTableManager.lua	assignment observed; dynamic field
Model.DB.DBTableManager	m_dbTables	126	code/Lua/decompiled/Model/DB/DBTableManager.lua	assignment observed; dynamic field
Model.DB.DBTableManager	m_dbTables	157	code/Lua/decompiled/Model/DB/DBTableManager.lua	assignment observed; dynamic field
Model.DB.DBTableManager	m_dbTables	170	code/Lua/decompiled/Model/DB/DBTableManager.lua	assignment observed; dynamic field
Model.DB.DatabaseModel	m_db	10	code/Lua/decompiled/Model/DB/DatabaseModel.lua	assignment observed; dynamic field
Model.DB.DatabaseModel	m_db	12	code/Lua/decompiled/Model/DB/DatabaseModel.lua	assignment observed; dynamic field
Model.PropItem.PropItemAccelerator	m_mapAccInfo	5	code/Lua/decompiled/Model/PropItem/PropItemAccelerator.lua	assignment observed; dynamic field
Model.PropItem.PropItemAccelerator	m_mapAccDurationInfo	6	code/Lua/decompiled/Model/PropItem/PropItemAccelerator.lua	assignment observed; dynamic field
Model.PropItem.PropItemAccelerator	m_mapAccStoreInfo	7	code/Lua/decompiled/Model/PropItem/PropItemAccelerator.lua	assignment observed; dynamic field
Model.PropItem.PropItemAccelerator	m_mapAccDurationInfo	14	code/Lua/decompiled/Model/PropItem/PropItemAccelerator.lua	assignment observed; dynamic field
Model.PropItem.PropItemAccelerator	m_mapAccInfo	19	code/Lua/decompiled/Model/PropItem/PropItemAccelerator.lua	assignment observed; dynamic field
Model.PropItem.PropItemAccelerator	m_mapAccStoreInfo	24	code/Lua/decompiled/Model/PropItem/PropItemAccelerator.lua	assignment observed; dynamic field
Model.PropItem.PropItemAccelerator	m_storeChange	25	code/Lua/decompiled/Model/PropItem/PropItemAccelerator.lua	assignment observed; dynamic field
Model.PropItem.PropItemAccelerator	m_storeChange	32	code/Lua/decompiled/Model/PropItem/PropItemAccelerator.lua	assignment observed; dynamic field
Model.PropItem.PropItemAccelerator	m_mapAccStoreInfo	82	code/Lua/decompiled/Model/PropItem/PropItemAccelerator.lua	assignment observed; dynamic field
Model.PropItem.PropItemAccelerator	m_storeChange	89	code/Lua/decompiled/Model/PropItem/PropItemAccelerator.lua	assignment observed; dynamic field
Model.PropItem.PropItemAccelerator	m_storeChange	93	code/Lua/decompiled/Model/PropItem/PropItemAccelerator.lua	assignment observed; dynamic field
Model.PropItem.PropItemEnergy4x	m_mapEnergy4xInfo	7	code/Lua/decompiled/Model/PropItem/PropItemEnergy4x.lua	assignment observed; dynamic field
Model.PropItem.PropItemEnergy4x	m_mapEnergy4xInfo	9	code/Lua/decompiled/Model/PropItem/PropItemEnergy4x.lua	assignment observed; dynamic field
Model.PropItem.PropItemEnergy4x	m_bInEnergy4XLastDuration	20	code/Lua/decompiled/Model/PropItem/PropItemEnergy4x.lua	assignment observed; dynamic field
Model.PropItem.PropItemEnergy4x	m_bInEnergy4XLastDuration	23	code/Lua/decompiled/Model/PropItem/PropItemEnergy4x.lua	assignment observed; dynamic field
Model.PropItem.PropItemExtraOrder	m_extraOrderDuration	5	code/Lua/decompiled/Model/PropItem/PropItemExtraOrder.lua	assignment observed; dynamic field
Model.PropItem.PropItemExtraOrder	m_extraOrderExpireTime	6	code/Lua/decompiled/Model/PropItem/PropItemExtraOrder.lua	assignment observed; dynamic field
Model.PropItem.PropItemExtraOrder	m_enabled	7	code/Lua/decompiled/Model/PropItem/PropItemExtraOrder.lua	assignment observed; dynamic field
Model.PropItem.PropItemExtraOrder	m_enabled	20	code/Lua/decompiled/Model/PropItem/PropItemExtraOrder.lua	assignment observed; dynamic field
Model.PropItem.PropItemExtraOrder	m_extraOrderDuration	24	code/Lua/decompiled/Model/PropItem/PropItemExtraOrder.lua	assignment observed; dynamic field
Model.PropItem.PropItemExtraOrder	m_extraOrderExpireTime	25	code/Lua/decompiled/Model/PropItem/PropItemExtraOrder.lua	assignment observed; dynamic field
Model.PropItem.PropItemExtraOrder	m_initialized	26	code/Lua/decompiled/Model/PropItem/PropItemExtraOrder.lua	assignment observed; dynamic field
Model.PropItem.PropItemExtraOrder	m_extraOrderExpireTime	34	code/Lua/decompiled/Model/PropItem/PropItemExtraOrder.lua	assignment observed; dynamic field
Model.PropItem.PropItemExtraOrder	m_extraOrderDuration	49	code/Lua/decompiled/Model/PropItem/PropItemExtraOrder.lua	assignment observed; dynamic field
Model.PropItem.PropItemExtraOrder	m_extraOrderExpireTime	50	code/Lua/decompiled/Model/PropItem/PropItemExtraOrder.lua	assignment observed; dynamic field
Model.PropItem.PropItemManager	m_mapModels	13	code/Lua/decompiled/Model/PropItem/PropItemManager.lua	assignment observed; dynamic field
Model.Sync.SyncModel	m_downloadedServerData	55	code/Lua/decompiled/Model/Sync/SyncModel.lua	assignment observed; dynamic field
Model.Sync.SyncModel	m_mapRegisteredModels	67	code/Lua/decompiled/Model/Sync/SyncModel.lua	assignment observed; dynamic field
Model.Sync.SyncModel	m_mapRegisteredModels	82	code/Lua/decompiled/Model/Sync/SyncModel.lua	assignment observed; dynamic field
Model.Sync.SyncModel	eSyncState	86	code/Lua/decompiled/Model/Sync/SyncModel.lua	assignment observed; dynamic field
Model.Sync.SyncModel	m_checkUploadDelay	99	code/Lua/decompiled/Model/Sync/SyncModel.lua	assignment observed; dynamic field
Model.Sync.SyncModel	m_bUploadSucceed	113	code/Lua/decompiled/Model/Sync/SyncModel.lua	assignment observed; dynamic field
Model.Sync.SyncModel	m_checkUploadDelay	114	code/Lua/decompiled/Model/Sync/SyncModel.lua	assignment observed; dynamic field
Model.Sync.SyncModel	m_bUploadSucceed	114	code/Lua/decompiled/Model/Sync/SyncModel.lua	assignment observed; dynamic field
Model.Sync.SyncModel	m_bUploadSucceed	116	code/Lua/decompiled/Model/Sync/SyncModel.lua	assignment observed; dynamic field
Model.Sync.SyncModel	m_serverSyncTimeError	160	code/Lua/decompiled/Model/Sync/SyncModel.lua	assignment observed; dynamic field
Model.Sync.SyncModel	eSyncState	172	code/Lua/decompiled/Model/Sync/SyncModel.lua	assignment observed; dynamic field
Model.Sync.SyncModel	eSyncState	266	code/Lua/decompiled/Model/Sync/SyncModel.lua	assignment observed; dynamic field
Model.Sync.SyncModel	eSyncState	270	code/Lua/decompiled/Model/Sync/SyncModel.lua	assignment observed; dynamic field
Model.Sync.SyncModel	eSyncState	274	code/Lua/decompiled/Model/Sync/SyncModel.lua	assignment observed; dynamic field
Model.Sync.SyncModel	m_uploadSkippedInLoadingLayer	293	code/Lua/decompiled/Model/Sync/SyncModel.lua	assignment observed; dynamic field
Model.Sync.SyncModel	m_syncTimeWhenSkipUpload	294	code/Lua/decompiled/Model/Sync/SyncModel.lua	assignment observed; dynamic field
Model.Sync.SyncModel	m_uploadSkippedInLoadingLayer	303	code/Lua/decompiled/Model/Sync/SyncModel.lua	assignment observed; dynamic field
Model.Sync.SyncModel	m_syncTimeWhenSkipUpload	304	code/Lua/decompiled/Model/Sync/SyncModel.lua	assignment observed; dynamic field
Model.Sync.SyncModel	m_bIsSendingUploadRequest	382	code/Lua/decompiled/Model/Sync/SyncModel.lua	assignment observed; dynamic field
Model.Sync.SyncModel	m_bIsSendingUploadRequest	386	code/Lua/decompiled/Model/Sync/SyncModel.lua	assignment observed; dynamic field
Model.Sync.SyncModel	m_serverSyncTimeError	414	code/Lua/decompiled/Model/Sync/SyncModel.lua	assignment observed; dynamic field
Model.Sync.SyncModel	m_downloadSkippedInLoadingLayer	455	code/Lua/decompiled/Model/Sync/SyncModel.lua	assignment observed; dynamic field
Model.Sync.SyncModel	eSyncState	458	code/Lua/decompiled/Model/Sync/SyncModel.lua	assignment observed; dynamic field
Model.Sync.SyncModel	eSyncState	458	code/Lua/decompiled/Model/Sync/SyncModel.lua	assignment observed; dynamic field
Model.Sync.SyncModel	m_bDataCracked	502	code/Lua/decompiled/Model/Sync/SyncModel.lua	assignment observed; dynamic field
Model.Sync.SyncModel	m_bDataCracked	506	code/Lua/decompiled/Model/Sync/SyncModel.lua	assignment observed; dynamic field
Model.Sync.SyncModel	m_downloadSkippedInLoadingLayer	535	code/Lua/decompiled/Model/Sync/SyncModel.lua	assignment observed; dynamic field
Model.Sync.SyncModel	m_downloadedServerData	588	code/Lua/decompiled/Model/Sync/SyncModel.lua	assignment observed; dynamic field
Model.Sync.SyncModel	eSyncState	624	code/Lua/decompiled/Model/Sync/SyncModel.lua	assignment observed; dynamic field
Model.Tutorial.TutorialModel	m_dbTable	8	code/Lua/decompiled/Model/Tutorial/TutorialModel.lua	assignment observed; dynamic field
Model.Tutorial.TutorialModel	m_mapOngoingTutorials	9	code/Lua/decompiled/Model/Tutorial/TutorialModel.lua	assignment observed; dynamic field
Model.Tutorial.TutorialModel	m_bOnCheckResourcesFinished	21	code/Lua/decompiled/Model/Tutorial/TutorialModel.lua	assignment observed; dynamic field
Model.Tutorial.TutorialModel	m_mapOngoingTutorials	33	code/Lua/decompiled/Model/Tutorial/TutorialModel.lua	assignment observed; dynamic field
Model.Tutorial.TutorialModel	m_mapTutorialConfigDatas	57	code/Lua/decompiled/Model/Tutorial/TutorialModel.lua	assignment observed; dynamic field
Model.Tutorial.TutorialModel	m_mapOngoingTutorials	58	code/Lua/decompiled/Model/Tutorial/TutorialModel.lua	assignment observed; dynamic field
Model.Tutorial.TutorialModel	m_mapNotStartedTutorials	59	code/Lua/decompiled/Model/Tutorial/TutorialModel.lua	assignment observed; dynamic field
Model.Tutorial.TutorialModel	m_mapTutorialListenEventType	60	code/Lua/decompiled/Model/Tutorial/TutorialModel.lua	assignment observed; dynamic field
Model.Tutorial.TutorialModel	m_systemTutorialSkip	89	code/Lua/decompiled/Model/Tutorial/TutorialModel.lua	assignment observed; dynamic field
Model.Tutorial.TutorialModel	m_systemTutorialSkip	90	code/Lua/decompiled/Model/Tutorial/TutorialModel.lua	assignment observed; dynamic field
Model.Tutorial.TutorialModel	m_mapOngoingTutorials	136	code/Lua/decompiled/Model/Tutorial/TutorialModel.lua	assignment observed; dynamic field
Model.Tutorial.TutorialModel	m_sourceBoardPos	275	code/Lua/decompiled/Model/Tutorial/TutorialModel.lua	assignment observed; dynamic field
Model.Tutorial.TutorialModel	m_targetBoardPos	283	code/Lua/decompiled/Model/Tutorial/TutorialModel.lua	assignment observed; dynamic field
Model.Tutorial.TutorialModel	m_spreadItemCode	291	code/Lua/decompiled/Model/Tutorial/TutorialModel.lua	assignment observed; dynamic field
Model.Tutorial.TutorialModel	m_skipCost	299	code/Lua/decompiled/Model/Tutorial/TutorialModel.lua	assignment observed; dynamic field
Model.Tutorial.TutorialModel	m_bubbleUnlockCost	307	code/Lua/decompiled/Model/Tutorial/TutorialModel.lua	assignment observed; dynamic field
Model.Tutorial.TutorialModel	m_shopTab	319	code/Lua/decompiled/Model/Tutorial/TutorialModel.lua	assignment observed; dynamic field
Model.Tutorial.TutorialModel	m_mapNotStartedTutorials	367	code/Lua/decompiled/Model/Tutorial/TutorialModel.lua	assignment observed; dynamic field
Model.Tutorial.TutorialModel	m_mapOngoingTutorials	368	code/Lua/decompiled/Model/Tutorial/TutorialModel.lua	assignment observed; dynamic field
Model.UserData.EnergyModel	m_type	5	code/Lua/decompiled/Model/UserData/EnergyModel.lua	assignment observed; dynamic field
Model.UserData.EnergyModel	m_propertyType	6	code/Lua/decompiled/Model/UserData/EnergyModel.lua	assignment observed; dynamic field
Model.UserData.LevelModel	m_curLevel	5	code/Lua/decompiled/Model/UserData/LevelModel.lua	assignment observed; dynamic field
Model.UserData.LevelModel	m_curLevel	7	code/Lua/decompiled/Model/UserData/LevelModel.lua	assignment observed; dynamic field
Model.UserData.LevelModel	m_bNewUser	8	code/Lua/decompiled/Model/UserData/LevelModel.lua	assignment observed; dynamic field
Model.UserData.LevelModel	m_arrLevelChangeRewards	22	code/Lua/decompiled/Model/UserData/LevelModel.lua	assignment observed; dynamic field
Model.UserData.LevelModel	m_levelConfig	28	code/Lua/decompiled/Model/UserData/LevelModel.lua	assignment observed; dynamic field
Model.UserData.LevelModel	m_maxFixedLevel	29	code/Lua/decompiled/Model/UserData/LevelModel.lua	assignment observed; dynamic field
Model.UserData.LevelModel	m_curLevel	47	code/Lua/decompiled/Model/UserData/LevelModel.lua	assignment observed; dynamic field
Model.UserData.LevelModel	m_curLevel	49	code/Lua/decompiled/Model/UserData/LevelModel.lua	assignment observed; dynamic field
Model.UserData.LevelModel	m_curLevel	104	code/Lua/decompiled/Model/UserData/LevelModel.lua	assignment observed; dynamic field
Model.UserData.LevelModel	m_arrLevelChangeRewards	130	code/Lua/decompiled/Model/UserData/LevelModel.lua	assignment observed; dynamic field
Model.UserData.LevelModel	m_oldLevel	136	code/Lua/decompiled/Model/UserData/LevelModel.lua	assignment observed; dynamic field
Model.UserData.LevelModel	m_curLevel	137	code/Lua/decompiled/Model/UserData/LevelModel.lua	assignment observed; dynamic field
Model.UserData.LevelModel	m_oldLevel	140	code/Lua/decompiled/Model/UserData/LevelModel.lua	assignment observed; dynamic field
Model.UserData.LevelModel	m_oldLevel	141	code/Lua/decompiled/Model/UserData/LevelModel.lua	assignment observed; dynamic field
Model.UserData.LevelModel	m_oldLevel	162	code/Lua/decompiled/Model/UserData/LevelModel.lua	assignment observed; dynamic field
Model.UserData.LevelModel	m_arrLevelChangeRewards	169	code/Lua/decompiled/Model/UserData/LevelModel.lua	assignment observed; dynamic field
Model.UserData.MiscModel	m_dbTable	5	code/Lua/decompiled/Model/UserData/MiscModel.lua	assignment observed; dynamic field
Model.UserData.PropertyDataManager	m_base64	6	code/Lua/decompiled/Model/UserData/PropertyDataManager.lua	assignment observed; dynamic field
Model.UserData.PropertyDataManager	m_propItems	7	code/Lua/decompiled/Model/UserData/PropertyDataManager.lua	assignment observed; dynamic field
Model.UserData.PropertyDataManager	m_animQueue	8	code/Lua/decompiled/Model/UserData/PropertyDataManager.lua	assignment observed; dynamic field
Model.UserData.PropertyDataManager	m_lastAnimTime	9	code/Lua/decompiled/Model/UserData/PropertyDataManager.lua	assignment observed; dynamic field
Model.UserData.PropertyDataManager	m_animQueueLen	10	code/Lua/decompiled/Model/UserData/PropertyDataManager.lua	assignment observed; dynamic field
Model.UserData.PropertyDataManager	m_propItems	17	code/Lua/decompiled/Model/UserData/PropertyDataManager.lua	assignment observed; dynamic field
Model.UserData.PropertyDataManager	m_itemReplacedMD5	26	code/Lua/decompiled/Model/UserData/PropertyDataManager.lua	assignment observed; dynamic field
Model.UserData.PropertyDataManager	m_mapItem2ReplacedInfo	28	code/Lua/decompiled/Model/UserData/PropertyDataManager.lua	assignment observed; dynamic field
Model.UserData.PropertyDataManager	m_mapPropertyType	40	code/Lua/decompiled/Model/UserData/PropertyDataManager.lua	assignment observed; dynamic field
Model.UserData.PropertyDataManager	m_mapPropertyType	41	code/Lua/decompiled/Model/UserData/PropertyDataManager.lua	assignment observed; dynamic field
Model.UserData.PropertyDataManager	m_animQueueLen	196	code/Lua/decompiled/Model/UserData/PropertyDataManager.lua	assignment observed; dynamic field
Model.UserData.PropertyDataManager	m_animQueueLen	212	code/Lua/decompiled/Model/UserData/PropertyDataManager.lua	assignment observed; dynamic field
Model.UserData.PropertyDataManager	m_animQueueLen	215	code/Lua/decompiled/Model/UserData/PropertyDataManager.lua	assignment observed; dynamic field
Model.UserData.PropertyDataManager	m_animQueueLen	219	code/Lua/decompiled/Model/UserData/PropertyDataManager.lua	assignment observed; dynamic field
Model.UserData.PropertyDataManager	m_lastAnimTime	231	code/Lua/decompiled/Model/UserData/PropertyDataManager.lua	assignment observed; dynamic field
Model.UserData.UserModel	m_localDBTable	13	code/Lua/decompiled/Model/UserData/UserModel.lua	assignment observed; dynamic field
Model.UserData.UserModel	m_syncDBTable	21	code/Lua/decompiled/Model/UserData/UserModel.lua	assignment observed; dynamic field
Model.UserData.UserModel	newRegisterUser	27	code/Lua/decompiled/Model/UserData/UserModel.lua	assignment observed; dynamic field
Model.UserData.UserModel	m_mapUserLocalDataKey	108	code/Lua/decompiled/Model/UserData/UserModel.lua	assignment observed; dynamic field
Model.UserData.UserModel	m_mapUserLocalDataKey	109	code/Lua/decompiled/Model/UserData/UserModel.lua	assignment observed; dynamic field
Model.UserData.UserModel	m_mapId2ReturnUserConfig	143	code/Lua/decompiled/Model/UserData/UserModel.lua	assignment observed; dynamic field
Model.UserData.UserModel	m_returnLostDay	260	code/Lua/decompiled/Model/UserData/UserModel.lua	assignment observed; dynamic field
Model.UserData.UserModel	m_returnConfigId	261	code/Lua/decompiled/Model/UserData/UserModel.lua	assignment observed; dynamic field
Model.UserData.UserModel	m_returnLockExpration	262	code/Lua/decompiled/Model/UserData/UserModel.lua	assignment observed; dynamic field
Model.UserData.UserModel	m_returnLostDay	263	code/Lua/decompiled/Model/UserData/UserModel.lua	assignment observed; dynamic field
Model.UserData.UserModel	m_returnConfigId	263	code/Lua/decompiled/Model/UserData/UserModel.lua	assignment observed; dynamic field
Model.UserData.UserModel	m_returnLockExpration	263	code/Lua/decompiled/Model/UserData/UserModel.lua	assignment observed; dynamic field
Model.UserData.UserModel	m_bInvalidReturnUser	270	code/Lua/decompiled/Model/UserData/UserModel.lua	assignment observed; dynamic field
Model.UserData.UserModel	m_bInvalidRecall	271	code/Lua/decompiled/Model/UserData/UserModel.lua	assignment observed; dynamic field
Model.UserData.UserModel	m_returnLockExpration	272	code/Lua/decompiled/Model/UserData/UserModel.lua	assignment observed; dynamic field
Model.UserData.UserModel	m_bInvalidReturnUser	273	code/Lua/decompiled/Model/UserData/UserModel.lua	assignment observed; dynamic field
Model.UserData.UserModel	m_bInvalidRecall	274	code/Lua/decompiled/Model/UserData/UserModel.lua	assignment observed; dynamic field
Model.UserData.UserModel	m_bInvalidReturnUser	277	code/Lua/decompiled/Model/UserData/UserModel.lua	assignment observed; dynamic field
Model.UserData.UserModel	m_bInvalidRecall	281	code/Lua/decompiled/Model/UserData/UserModel.lua	assignment observed; dynamic field
Model.UserData.UserModel	m_returnConfigId	288	code/Lua/decompiled/Model/UserData/UserModel.lua	assignment observed; dynamic field
Model.UserData.UserModel	m_reward	328	code/Lua/decompiled/Model/UserData/UserModel.lua	assignment observed; dynamic field
Model.UserData.UserModel	m_reward	332	code/Lua/decompiled/Model/UserData/UserModel.lua	assignment observed; dynamic field
Model.UserData.UserModel	m_isMultiReward	333	code/Lua/decompiled/Model/UserData/UserModel.lua	assignment observed; dynamic field
Model.UserData.UserModel	m_reward	349	code/Lua/decompiled/Model/UserData/UserModel.lua	assignment observed; dynamic field
Model.UserData.UserModel	m_isMultiReward	350	code/Lua/decompiled/Model/UserData/UserModel.lua	assignment observed; dynamic field
Model.UserData.UserModel	m_returnLockExpration	361	code/Lua/decompiled/Model/UserData/UserModel.lua	assignment observed; dynamic field
Model.UserData.UserModel	m_returnLockExpration	361	code/Lua/decompiled/Model/UserData/UserModel.lua	assignment observed; dynamic field
NoCDTrain.Board.NoCDTrainBoardModel	m_mapItemRemoveSeq	22	code/Lua/decompiled/NoCDTrain/Board/NoCDTrainBoardModel.lua	assignment observed; dynamic field
NoCDTrain.Board.NoCDTrainBoardModel	m_itemManager	27	code/Lua/decompiled/NoCDTrain/Board/NoCDTrainBoardModel.lua	assignment observed; dynamic field
NoCDTrain.Board.NoCDTrainBoardModel	m_activityType	29	code/Lua/decompiled/NoCDTrain/Board/NoCDTrainBoardModel.lua	assignment observed; dynamic field
NoCDTrain.Board.NoCDTrainBoardModel	m_mapItemRemoveSeq	30	code/Lua/decompiled/NoCDTrain/Board/NoCDTrainBoardModel.lua	assignment observed; dynamic field
NoCDTrain.Board.NoCDTrainBoardModel	m_itemCacheModel	33	code/Lua/decompiled/NoCDTrain/Board/NoCDTrainBoardModel.lua	assignment observed; dynamic field
NoCDTrain.Board.NoCDTrainBoardModel	m_itemStoreModel	37	code/Lua/decompiled/NoCDTrain/Board/NoCDTrainBoardModel.lua	assignment observed; dynamic field
NoCDTrain.Board.NoCDTrainBoardModel	m_promptConfig	45	code/Lua/decompiled/NoCDTrain/Board/NoCDTrainBoardModel.lua	assignment observed; dynamic field
NoCDTrain.Board.NoCDTrainBoardView	m_activityType	9	code/Lua/decompiled/NoCDTrain/Board/NoCDTrainBoardView.lua	assignment observed; dynamic field
NoCDTrain.Board.NoCDTrainBoardView	m_activityDefinition	10	code/Lua/decompiled/NoCDTrain/Board/NoCDTrainBoardView.lua	assignment observed; dynamic field
NoCDTrain.Board.NoCDTrainBoardView	m_infoBar	11	code/Lua/decompiled/NoCDTrain/Board/NoCDTrainBoardView.lua	assignment observed; dynamic field
NoCDTrain.Board.NoCDTrainBoardView	m_retrieveList	20	code/Lua/decompiled/NoCDTrain/Board/NoCDTrainBoardView.lua	assignment observed; dynamic field
NoCDTrain.Board.NoCDTrainBoardView	m_camera	21	code/Lua/decompiled/NoCDTrain/Board/NoCDTrainBoardView.lua	assignment observed; dynamic field
NoCDTrain.Board.NoCDTrainBoardView	m_selectedBoardPosition	135	code/Lua/decompiled/NoCDTrain/Board/NoCDTrainBoardView.lua	assignment observed; dynamic field
NoCDTrain.Board.NoCDTrainBoardView	m_inventoryButton	143	code/Lua/decompiled/NoCDTrain/Board/NoCDTrainBoardView.lua	assignment observed; dynamic field
NoCDTrain.Board.NoCDTrainBoardView	m_inventoryButton	145	code/Lua/decompiled/NoCDTrain/Board/NoCDTrainBoardView.lua	assignment observed; dynamic field
NoCDTrain.Board.NoCDTrainBoardView	m_stopPrompt	272	code/Lua/decompiled/NoCDTrain/Board/NoCDTrainBoardView.lua	assignment observed; dynamic field
NoCDTrain.Board.NoCDTrainBoardView	m_stopPrompt	277	code/Lua/decompiled/NoCDTrain/Board/NoCDTrainBoardView.lua	assignment observed; dynamic field
NoCDTrain.Board.NoCDTrainItemLayerModel	m_dbTable	12	code/Lua/decompiled/NoCDTrain/Board/NoCDTrainItemLayerModel.lua	assignment observed; dynamic field
NoCDTrain.Board.NoCDTrainItemLayerModel	m_itemManager	13	code/Lua/decompiled/NoCDTrain/Board/NoCDTrainItemLayerModel.lua	assignment observed; dynamic field
NoCDTrain.Board.NoCDTrainItemLayerModel	m_initCodeMap	17	code/Lua/decompiled/NoCDTrain/Board/NoCDTrainItemLayerModel.lua	assignment observed; dynamic field
NoCDTrain.Board.NoCDTrainItemLayerModel	m_initCodeMap	20	code/Lua/decompiled/NoCDTrain/Board/NoCDTrainItemLayerModel.lua	assignment observed; dynamic field
NoCDTrain.Board.NoCDTrainItemLayerModel	m_initCodeMap	22	code/Lua/decompiled/NoCDTrain/Board/NoCDTrainItemLayerModel.lua	assignment observed; dynamic field
NoCDTrain.Board.NoCDTrainItemLayerModel	m_initCodeMap	33	code/Lua/decompiled/NoCDTrain/Board/NoCDTrainItemLayerModel.lua	assignment observed; dynamic field
NoCDTrain.Board.NoCDTrainItemLayerModel	m_itemTypeCountMap	37	code/Lua/decompiled/NoCDTrain/Board/NoCDTrainItemLayerModel.lua	assignment observed; dynamic field
NoCDTrain.Board.NoCDTrainItemLayerModel	m_emptyCount	38	code/Lua/decompiled/NoCDTrain/Board/NoCDTrainItemLayerModel.lua	assignment observed; dynamic field
NoCDTrain.Board.NoCDTrainItemLayerModel	m_emptyCount	95	code/Lua/decompiled/NoCDTrain/Board/NoCDTrainItemLayerModel.lua	assignment observed; dynamic field
NoCDTrain.Board.NoCDTrainItemLayerModel	m_itemTypeCountMap	114	code/Lua/decompiled/NoCDTrain/Board/NoCDTrainItemLayerModel.lua	assignment observed; dynamic field
NoCDTrain.Board.NoCDTrainItemLayerModel	m_emptyCount	115	code/Lua/decompiled/NoCDTrain/Board/NoCDTrainItemLayerModel.lua	assignment observed; dynamic field
NoCDTrain.Model.NoCDTrainModel	m_activityDefinition	103	code/Lua/decompiled/NoCDTrain/Model/NoCDTrainModel.lua	assignment observed; dynamic field
NoCDTrain.Model.NoCDTrainModel	m_mapCode	114	code/Lua/decompiled/NoCDTrain/Model/NoCDTrainModel.lua	assignment observed; dynamic field
NoCDTrain.Model.NoCDTrainModel	m_arrOrderConfigs	162	code/Lua/decompiled/NoCDTrain/Model/NoCDTrainModel.lua	assignment observed; dynamic field
NoCDTrain.Model.NoCDTrainModel	m_maxRound	163	code/Lua/decompiled/NoCDTrain/Model/NoCDTrainModel.lua	assignment observed; dynamic field
NoCDTrain.Model.NoCDTrainModel	m_orderLines	167	code/Lua/decompiled/NoCDTrain/Model/NoCDTrainModel.lua	assignment observed; dynamic field
NoCDTrain.Model.NoCDTrainModel	m_orderLines	179	code/Lua/decompiled/NoCDTrain/Model/NoCDTrainModel.lua	assignment observed; dynamic field
NoCDTrain.Model.NoCDTrainModel	m_maxRound	180	code/Lua/decompiled/NoCDTrain/Model/NoCDTrainModel.lua	assignment observed; dynamic field
NoCDTrain.Model.NoCDTrainModel	m_mapRewards	181	code/Lua/decompiled/NoCDTrain/Model/NoCDTrainModel.lua	assignment observed; dynamic field
NoCDTrain.Model.NoCDTrainModel	m_lastRoundEndTime	192	code/Lua/decompiled/NoCDTrain/Model/NoCDTrainModel.lua	assignment observed; dynamic field
NoCDTrain.Model.NoCDTrainModel	m_boardModel	205	code/Lua/decompiled/NoCDTrain/Model/NoCDTrainModel.lua	assignment observed; dynamic field
NoCDTrain.Model.NoCDTrainModel	m_boardModel	206	code/Lua/decompiled/NoCDTrain/Model/NoCDTrainModel.lua	assignment observed; dynamic field
NoCDTrain.Model.NoCDTrainModel	m_boardModel	210	code/Lua/decompiled/NoCDTrain/Model/NoCDTrainModel.lua	assignment observed; dynamic field
NoCDTrain.Model.NoCDTrainModel	m_relatedPDChain	213	code/Lua/decompiled/NoCDTrain/Model/NoCDTrainModel.lua	assignment observed; dynamic field
NoCDTrain.Model.NoCDTrainModel	m_mapToBeReleatedPDChain	214	code/Lua/decompiled/NoCDTrain/Model/NoCDTrainModel.lua	assignment observed; dynamic field
NoCDTrain.Model.NoCDTrainModel	m_relatedPDChain	282	code/Lua/decompiled/NoCDTrain/Model/NoCDTrainModel.lua	assignment observed; dynamic field
NoCDTrain.Model.NoCDTrainModel	m_mapToBeReleatedPDChain	283	code/Lua/decompiled/NoCDTrain/Model/NoCDTrainModel.lua	assignment observed; dynamic field
NoCDTrain.Model.NoCDTrainModel	m_newUnlockLogicLines	331	code/Lua/decompiled/NoCDTrain/Model/NoCDTrainModel.lua	assignment observed; dynamic field
NoCDTrain.Model.NoCDTrainModel	m_newUnlockLogicLines	332	code/Lua/decompiled/NoCDTrain/Model/NoCDTrainModel.lua	assignment observed; dynamic field
NoCDTrain.Model.NoCDTrainModel	m_newUnlockLogicLines	348	code/Lua/decompiled/NoCDTrain/Model/NoCDTrainModel.lua	assignment observed; dynamic field
NoCDTrain.Model.NoCDTrainModel	m_relatedPDChain	582	code/Lua/decompiled/NoCDTrain/Model/NoCDTrainModel.lua	assignment observed; dynamic field
NoCDTrain.Model.NoCDTrainModel	m_mapToBeReleatedPDChain	583	code/Lua/decompiled/NoCDTrain/Model/NoCDTrainModel.lua	assignment observed; dynamic field
NoCDTrain.Model.NoCDTrainModel	m_arrRewardMatches	663	code/Lua/decompiled/NoCDTrain/Model/NoCDTrainModel.lua	assignment observed; dynamic field
NoCDTrain.Model.NoCDTrainModel	m_relatedPDChain	731	code/Lua/decompiled/NoCDTrain/Model/NoCDTrainModel.lua	assignment observed; dynamic field
NoCDTrain.Model.NoCDTrainModel	m_mapToBeReleatedPDChain	732	code/Lua/decompiled/NoCDTrain/Model/NoCDTrainModel.lua	assignment observed; dynamic field
NoCDTrain.Model.NoCDTrainModel	m_relatedPDChain	741	code/Lua/decompiled/NoCDTrain/Model/NoCDTrainModel.lua	assignment observed; dynamic field
NoCDTrain.Model.NoCDTrainModel	m_relatedPDChain	907	code/Lua/decompiled/NoCDTrain/Model/NoCDTrainModel.lua	assignment observed; dynamic field
NoCDTrain.Model.NoCDTrainModel	m_mapToBeReleatedPDChain	908	code/Lua/decompiled/NoCDTrain/Model/NoCDTrainModel.lua	assignment observed; dynamic field
UI.Button.InventoryButton	m_bEnabled	5	code/Lua/decompiled/UI/Button/InventoryButton.lua	assignment observed; dynamic field
UI.Button.InventoryButton	m_toolNumMap	21	code/Lua/decompiled/UI/Button/InventoryButton.lua	assignment observed; dynamic field
UI.Button.InventoryButton	m_flyingCount	25	code/Lua/decompiled/UI/Button/InventoryButton.lua	assignment observed; dynamic field
UI.Button.InventoryButton	m_itemCount	29	code/Lua/decompiled/UI/Button/InventoryButton.lua	assignment observed; dynamic field
UI.Button.InventoryButton	m_slotCount	30	code/Lua/decompiled/UI/Button/InventoryButton.lua	assignment observed; dynamic field
UI.Button.InventoryButton	m_centerPosX	38	code/Lua/decompiled/UI/Button/InventoryButton.lua	assignment observed; dynamic field
UI.Button.InventoryButton	m_centerPosY	39	code/Lua/decompiled/UI/Button/InventoryButton.lua	assignment observed; dynamic field
UI.Button.InventoryButton	m_width	40	code/Lua/decompiled/UI/Button/InventoryButton.lua	assignment observed; dynamic field
UI.Button.InventoryButton	m_height	41	code/Lua/decompiled/UI/Button/InventoryButton.lua	assignment observed; dynamic field
UI.Button.InventoryButton	m_lossyScale	42	code/Lua/decompiled/UI/Button/InventoryButton.lua	assignment observed; dynamic field
UI.Button.InventoryButton	m_itemInAnimation	84	code/Lua/decompiled/UI/Button/InventoryButton.lua	assignment observed; dynamic field
UI.Button.InventoryButton	m_itemInAnimation	88	code/Lua/decompiled/UI/Button/InventoryButton.lua	assignment observed; dynamic field
UI.Button.InventoryButton	m_promptAnimation	117	code/Lua/decompiled/UI/Button/InventoryButton.lua	assignment observed; dynamic field
UI.Button.InventoryButton	m_promptAnimation	131	code/Lua/decompiled/UI/Button/InventoryButton.lua	assignment observed; dynamic field
UI.Button.InventoryButton	m_itemInAnimation	139	code/Lua/decompiled/UI/Button/InventoryButton.lua	assignment observed; dynamic field
UI.Button.InventoryButton	m_bIsOpen	145	code/Lua/decompiled/UI/Button/InventoryButton.lua	assignment observed; dynamic field
UI.Button.InventoryButton	m_bEnabled	155	code/Lua/decompiled/UI/Button/InventoryButton.lua	assignment observed; dynamic field
UI.Button.InventoryButton	m_flyingCount	183	code/Lua/decompiled/UI/Button/InventoryButton.lua	assignment observed; dynamic field
UI.Button.InventoryButton	m_flyingCount	186	code/Lua/decompiled/UI/Button/InventoryButton.lua	assignment observed; dynamic field
UI.Button.InventoryButton	m_itemCount	208	code/Lua/decompiled/UI/Button/InventoryButton.lua	assignment observed; dynamic field
UI.Button.InventoryButton	m_slotCount	212	code/Lua/decompiled/UI/Button/InventoryButton.lua	assignment observed; dynamic field
UI.Button.InventoryButton	m_itemCount	226	code/Lua/decompiled/UI/Button/InventoryButton.lua	assignment observed; dynamic field
WheelItem.Model.WheelItemData	largeReward	15	code/Lua/decompiled/WheelItem/Model/WheelItemData.lua	assignment observed; dynamic field
WheelItem.Model.WheelItemData	m_arrRandomReward	21	code/Lua/decompiled/WheelItem/Model/WheelItemData.lua	assignment observed; dynamic field
WheelItem.Model.WheelItemModel	m_dbTable	6	code/Lua/decompiled/WheelItem/Model/WheelItemModel.lua	assignment observed; dynamic field
WheelItem.Model.WheelItemModel	m_mapId2WheelItemData	11	code/Lua/decompiled/WheelItem/Model/WheelItemModel.lua	assignment observed; dynamic field
Board.Model.Base.BoardPosition	m_boardClass	5	code/Lua/decompiled/Board/Model/Base/BoardPosition.lua	assignment observed; dynamic field
Board.Model.Base.BoardPosition	m_x	6	code/Lua/decompiled/Board/Model/Base/BoardPosition.lua	assignment observed; dynamic field
Board.Model.Base.BoardPosition	m_y	7	code/Lua/decompiled/Board/Model/Base/BoardPosition.lua	assignment observed; dynamic field
Board.Model.Base.Matrix	m_boardClass	5	code/Lua/decompiled/Board/Model/Base/Matrix.lua	assignment observed; dynamic field
Board.Model.Base.Matrix	m_data	6	code/Lua/decompiled/Board/Model/Base/Matrix.lua	assignment observed; dynamic field
Board.Model.Board.BaseActionBoardModel	m_itemManager	6	code/Lua/decompiled/Board/Model/Board/BaseActionBoardModel.lua	assignment observed; dynamic field
Board.Model.Board.BaseActionBoardModel	m_itemCacheModel	7	code/Lua/decompiled/Board/Model/Board/BaseActionBoardModel.lua	assignment observed; dynamic field
Board.Model.Board.BaseBoardModel	event	17	code/Lua/decompiled/Board/Model/Board/BaseBoardModel.lua	assignment observed; dynamic field
Board.Model.Board.BaseBoardModel	m_itemLayerModel	18	code/Lua/decompiled/Board/Model/Board/BaseBoardModel.lua	assignment observed; dynamic field
Board.Model.Board.BaseBoardModel	m_bubbleCount	19	code/Lua/decompiled/Board/Model/Board/BaseBoardModel.lua	assignment observed; dynamic field
Board.Model.Board.BaseBoardModel	m_mapBubbleCode	20	code/Lua/decompiled/Board/Model/Board/BaseBoardModel.lua	assignment observed; dynamic field
Board.Model.Board.BaseBoardModel	m_bubbleMaxNum	21	code/Lua/decompiled/Board/Model/Board/BaseBoardModel.lua	assignment observed; dynamic field
Board.Model.Board.BaseBoardModel	m_testMergeAllDisableItem	298	code/Lua/decompiled/Board/Model/Board/BaseBoardModel.lua	assignment observed; dynamic field
Board.Model.Board.BaseBoardModel	m_bubbleCount	302	code/Lua/decompiled/Board/Model/Board/BaseBoardModel.lua	assignment observed; dynamic field
Board.Model.Board.BaseBoardModel	m_bubbleCount	308	code/Lua/decompiled/Board/Model/Board/BaseBoardModel.lua	assignment observed; dynamic field
Board.Model.Board.BaseItemLayerModel	m_boardModel	21	code/Lua/decompiled/Board/Model/Board/BaseItemLayerModel.lua	assignment observed; dynamic field
Board.Model.Board.BaseItemLayerModel	m_items	22	code/Lua/decompiled/Board/Model/Board/BaseItemLayerModel.lua	assignment observed; dynamic field
Board.Model.Board.BaseSceneBoardModel	m_gameMode	13	code/Lua/decompiled/Board/Model/Board/BaseSceneBoardModel.lua	assignment observed; dynamic field
Board.Model.Board.BaseSceneBoardModel	m_orderModel	14	code/Lua/decompiled/Board/Model/Board/BaseSceneBoardModel.lua	assignment observed; dynamic field
Board.Model.Board.BaseSceneBoardModel	m_promptConfig	54	code/Lua/decompiled/Board/Model/Board/BaseSceneBoardModel.lua	assignment observed; dynamic field
Board.Model.Board.BaseUIBoardItemLayerModel	m_dbTable	12	code/Lua/decompiled/Board/Model/Board/BaseUIBoardItemLayerModel.lua	assignment observed; dynamic field
Board.Model.Board.BaseUIBoardItemLayerModel	m_itemManager	13	code/Lua/decompiled/Board/Model/Board/BaseUIBoardItemLayerModel.lua	assignment observed; dynamic field
Board.Model.Board.BaseUIBoardItemLayerModel	m_itemTypeCountMap	14	code/Lua/decompiled/Board/Model/Board/BaseUIBoardItemLayerModel.lua	assignment observed; dynamic field
Board.Model.Board.BaseUIBoardItemLayerModel	m_emptyCount	15	code/Lua/decompiled/Board/Model/Board/BaseUIBoardItemLayerModel.lua	assignment observed; dynamic field
Board.Model.Board.BaseUIBoardItemLayerModel	m_lockedEmptyPositionCount	16	code/Lua/decompiled/Board/Model/Board/BaseUIBoardItemLayerModel.lua	assignment observed; dynamic field
Board.Model.Board.BaseUIBoardItemLayerModel	m_emptyCount	79	code/Lua/decompiled/Board/Model/Board/BaseUIBoardItemLayerModel.lua	assignment observed; dynamic field
Board.Model.Board.BaseUIBoardItemLayerModel	m_lockedEmptyPositionCount	91	code/Lua/decompiled/Board/Model/Board/BaseUIBoardItemLayerModel.lua	assignment observed; dynamic field
Board.Model.Board.BaseUIBoardItemLayerModel	m_lockedEmptyPositionCount	94	code/Lua/decompiled/Board/Model/Board/BaseUIBoardItemLayerModel.lua	assignment observed; dynamic field
Board.Model.Board.BaseUIBoardModel	m_itemManager	6	code/Lua/decompiled/Board/Model/Board/BaseUIBoardModel.lua	assignment observed; dynamic field
Board.Model.Board.BaseUIBoardModel	m_activityType	8	code/Lua/decompiled/Board/Model/Board/BaseUIBoardModel.lua	assignment observed; dynamic field
Board.Model.Board.BaseUIBoardModel	m_activityModel	9	code/Lua/decompiled/Board/Model/Board/BaseUIBoardModel.lua	assignment observed; dynamic field
Board.Model.Board.BaseUIBoardModel	m_initCodeMap	10	code/Lua/decompiled/Board/Model/Board/BaseUIBoardModel.lua	assignment observed; dynamic field
Board.Model.Board.BaseUIBoardModel	m_transformLayerConfig	11	code/Lua/decompiled/Board/Model/Board/BaseUIBoardModel.lua	assignment observed; dynamic field
Board.Model.Board.BaseUIBoardModel	m_itemLayerModel	12	code/Lua/decompiled/Board/Model/Board/BaseUIBoardModel.lua	assignment observed; dynamic field
Board.Model.Board.BaseUIBoardModel	m_itemCacheModel	13	code/Lua/decompiled/Board/Model/Board/BaseUIBoardModel.lua	assignment observed; dynamic field
Board.Model.Board.BaseUIBoardModel	m_currentNeedKeyType	81	code/Lua/decompiled/Board/Model/Board/BaseUIBoardModel.lua	assignment observed; dynamic field
Board.Model.Board.BaseUIBoardModel	m_currentNeedKeyType	87	code/Lua/decompiled/Board/Model/Board/BaseUIBoardModel.lua	assignment observed; dynamic field
Board.Model.Board.BaseUIBoardModel	m_huntBookModel	122	code/Lua/decompiled/Board/Model/Board/BaseUIBoardModel.lua	assignment observed; dynamic field
Board.Model.Board.BaseUIBoardModel	m_itemTransformLayerModel	272	code/Lua/decompiled/Board/Model/Board/BaseUIBoardModel.lua	assignment observed; dynamic field
Board.Model.Board.BaseUIBoardModel	m_bSkipNextIndicatorUpdate	521	code/Lua/decompiled/Board/Model/Board/BaseUIBoardModel.lua	assignment observed; dynamic field
Board.Model.Board.BaseUIBoardModel	m_extraItems	629	code/Lua/decompiled/Board/Model/Board/BaseUIBoardModel.lua	assignment observed; dynamic field
Board.Model.Board.BaseUIBoardModel	m_cloudConfig	670	code/Lua/decompiled/Board/Model/Board/BaseUIBoardModel.lua	assignment observed; dynamic field
Board.Model.Board.BaseUIBoardModel	m_signaturePd	672	code/Lua/decompiled/Board/Model/Board/BaseUIBoardModel.lua	assignment observed; dynamic field
Board.Model.Board.BaseUIBoardModel	m_cloudState	674	code/Lua/decompiled/Board/Model/Board/BaseUIBoardModel.lua	assignment observed; dynamic field
Board.Model.Board.BaseUIBoardModel	m_cloudSwallowLockState	675	code/Lua/decompiled/Board/Model/Board/BaseUIBoardModel.lua	assignment observed; dynamic field
Board.Model.Board.BaseUIBoardModel	m_tileLock	676	code/Lua/decompiled/Board/Model/Board/BaseUIBoardModel.lua	assignment observed; dynamic field
Board.Model.Board.BaseUIBoardModel	m_itemModels	735	code/Lua/decompiled/Board/Model/Board/BaseUIBoardModel.lua	assignment observed; dynamic field
Board.Model.Board.BaseUIBoardModel	m_currentNeedKeyType	760	code/Lua/decompiled/Board/Model/Board/BaseUIBoardModel.lua	assignment observed; dynamic field
Board.Model.Board.BaseUIBoardModel	m_huntBookModel	1056	code/Lua/decompiled/Board/Model/Board/BaseUIBoardModel.lua	assignment observed; dynamic field
Board.Model.Board.BaseUIBoardModel	m_huntBookModel	1065	code/Lua/decompiled/Board/Model/Board/BaseUIBoardModel.lua	assignment observed; dynamic field
Board.Model.Board.BaseUIBoardModel	m_boardExtraRewardLayerTotal	1084	code/Lua/decompiled/Board/Model/Board/BaseUIBoardModel.lua	assignment observed; dynamic field
Board.Model.Board.BaseUIBoardModel	m_boardExtraRewardLayer	1092	code/Lua/decompiled/Board/Model/Board/BaseUIBoardModel.lua	assignment observed; dynamic field
Board.Model.Board.BaseUIBoardModel	m_bSignatureCanNotUpgrade	1155	code/Lua/decompiled/Board/Model/Board/BaseUIBoardModel.lua	assignment observed; dynamic field
Board.Model.Board.BaseUIBoardModel	m_signatureUpgradeLockKey	1156	code/Lua/decompiled/Board/Model/Board/BaseUIBoardModel.lua	assignment observed; dynamic field
Board.Model.Board.BaseUIBoardModel	m_signatureNextLevelCode	1157	code/Lua/decompiled/Board/Model/Board/BaseUIBoardModel.lua	assignment observed; dynamic field
Board.Model.Board.BaseUIBoardModel	m_signatureUpgradeLockKey	1164	code/Lua/decompiled/Board/Model/Board/BaseUIBoardModel.lua	assignment observed; dynamic field
Board.Model.Board.BaseUIBoardModel	m_signatureNextLevelCode	1165	code/Lua/decompiled/Board/Model/Board/BaseUIBoardModel.lua	assignment observed; dynamic field
Board.Model.Board.BaseUIBoardModel	m_bSignatureCanNotUpgrade	1166	code/Lua/decompiled/Board/Model/Board/BaseUIBoardModel.lua	assignment observed; dynamic field
Board.Model.Board.BaseUIBoardModel	m_signatureUpgradeLockKey	1166	code/Lua/decompiled/Board/Model/Board/BaseUIBoardModel.lua	assignment observed; dynamic field
Board.Model.Board.BaseUIBoardModel	m_signatureUpgradeLockKey	1169	code/Lua/decompiled/Board/Model/Board/BaseUIBoardModel.lua	assignment observed; dynamic field
Board.Model.Board.BaseUIBoardModel	m_signatureNextLevelCode	1170	code/Lua/decompiled/Board/Model/Board/BaseUIBoardModel.lua	assignment observed; dynamic field
Board.Model.Board.BaseUIBoardModel	m_bSignatureCanNotUpgrade	1171	code/Lua/decompiled/Board/Model/Board/BaseUIBoardModel.lua	assignment observed; dynamic field
Board.Model.Board.BaseUIBoardModel	m_signatureUpgradeLockKey	1171	code/Lua/decompiled/Board/Model/Board/BaseUIBoardModel.lua	assignment observed; dynamic field
Board.Model.Board.BaseUIBoardModel	m_signatureUpgradeLockKey	1175	code/Lua/decompiled/Board/Model/Board/BaseUIBoardModel.lua	assignment observed; dynamic field
Board.Model.Board.BaseUIBoardModel	m_signatureNextLevelCode	1176	code/Lua/decompiled/Board/Model/Board/BaseUIBoardModel.lua	assignment observed; dynamic field
Board.Model.Board.BaseUIBoardModel	m_bSignatureCanNotUpgrade	1177	code/Lua/decompiled/Board/Model/Board/BaseUIBoardModel.lua	assignment observed; dynamic field
Board.Model.Board.BaseUIBoardModel	m_signatureUpgradeLockKey	1177	code/Lua/decompiled/Board/Model/Board/BaseUIBoardModel.lua	assignment observed; dynamic field
Board.Model.Board.BaseUIBoardModel	m_signatureUpgradeLockKey	1185	code/Lua/decompiled/Board/Model/Board/BaseUIBoardModel.lua	assignment observed; dynamic field
Board.Model.Board.BaseUIBoardModel	m_signatureUpgradeLockKey	1187	code/Lua/decompiled/Board/Model/Board/BaseUIBoardModel.lua	assignment observed; dynamic field
Board.Model.Board.ItemCacheModel	m_dbTable	26	code/Lua/decompiled/Board/Model/Board/ItemCacheModel.lua	assignment observed; dynamic field
Board.Model.Board.ItemCacheModel	m_idGenerator	27	code/Lua/decompiled/Board/Model/Board/ItemCacheModel.lua	assignment observed; dynamic field
Board.Model.Board.ItemCacheModel	m_itemIdList	31	code/Lua/decompiled/Board/Model/Board/ItemCacheModel.lua	assignment observed; dynamic field
Board.Model.Board.ItemFixedSpreadModel	m_dbTable	5	code/Lua/decompiled/Board/Model/Board/ItemFixedSpreadModel.lua	assignment observed; dynamic field
Board.Model.Board.ItemLuckySpreadModel	m_dbTable	10	code/Lua/decompiled/Board/Model/Board/ItemLuckySpreadModel.lua	assignment observed; dynamic field
Board.Model.Board.ItemManager	m_dbTable	13	code/Lua/decompiled/Board/Model/Board/ItemManager.lua	assignment observed; dynamic field
Board.Model.Board.ItemManager	m_boardModel	14	code/Lua/decompiled/Board/Model/Board/ItemManager.lua	assignment observed; dynamic field
Board.Model.Board.ItemManager	m_idGenerator	15	code/Lua/decompiled/Board/Model/Board/ItemManager.lua	assignment observed; dynamic field
Board.Model.Board.ItemManager	m_itemTable	16	code/Lua/decompiled/Board/Model/Board/ItemManager.lua	assignment observed; dynamic field
Board.Model.Board.ItemManager	m_itemTable	28	code/Lua/decompiled/Board/Model/Board/ItemManager.lua	assignment observed; dynamic field
Board.Model.Board.ItemStoreModel	m_dbTable	11	code/Lua/decompiled/Board/Model/Board/ItemStoreModel.lua	assignment observed; dynamic field
Board.Model.Board.ItemStoreModel	m_itemManager	12	code/Lua/decompiled/Board/Model/Board/ItemStoreModel.lua	assignment observed; dynamic field
Board.Model.Board.ItemStoreModel	m_arrProducerConfigInfos	16	code/Lua/decompiled/Board/Model/Board/ItemStoreModel.lua	assignment observed; dynamic field
Board.Model.Board.ItemStoreModel	m_mapTypeAndLevel	18	code/Lua/decompiled/Board/Model/Board/ItemStoreModel.lua	assignment observed; dynamic field
Board.Model.Board.ItemStoreModel	m_slotDefaultNumber	19	code/Lua/decompiled/Board/Model/Board/ItemStoreModel.lua	assignment observed; dynamic field
Board.Model.Board.ItemStoreModel	m_itemDataList	23	code/Lua/decompiled/Board/Model/Board/ItemStoreModel.lua	assignment observed; dynamic field
Board.Model.Board.ItemStoreModel	m_itemTypeCountMap	52	code/Lua/decompiled/Board/Model/Board/ItemStoreModel.lua	assignment observed; dynamic field
Board.Model.Board.ItemStoreModel	m_itemCountWithoutProducer	69	code/Lua/decompiled/Board/Model/Board/ItemStoreModel.lua	assignment observed; dynamic field
Board.Model.Board.ItemStoreModel	m_itemCountWithoutProducer	85	code/Lua/decompiled/Board/Model/Board/ItemStoreModel.lua	assignment observed; dynamic field
Board.Model.Board.ItemStoreModel	m_itemCountWithoutProducer	108	code/Lua/decompiled/Board/Model/Board/ItemStoreModel.lua	assignment observed; dynamic field
Board.Model.Board.ItemStoreModel	m_itemCountWithoutProducer	230	code/Lua/decompiled/Board/Model/Board/ItemStoreModel.lua	assignment observed; dynamic field
Board.Model.Board.ItemStoreModel	m_itemCountWithoutProducer	245	code/Lua/decompiled/Board/Model/Board/ItemStoreModel.lua	assignment observed; dynamic field
Board.Model.Board.MainBoardModel	m_itemStoreModel	21	code/Lua/decompiled/Board/Model/Board/MainBoardModel.lua	assignment observed; dynamic field
Board.Model.Board.MainBoardModel	m_bubbleMaxNum	31	code/Lua/decompiled/Board/Model/Board/MainBoardModel.lua	assignment observed; dynamic field
Board.Model.Board.MainBoardModel	m_bubbleMaxNum	38	code/Lua/decompiled/Board/Model/Board/MainBoardModel.lua	assignment observed; dynamic field
Board.Model.Board.MainBoardModel	m_bToolBoxCollect	72	code/Lua/decompiled/Board/Model/Board/MainBoardModel.lua	assignment observed; dynamic field
Board.Model.Board.MainBoardModel	m_arrAdd	564	code/Lua/decompiled/Board/Model/Board/MainBoardModel.lua	assignment observed; dynamic field
Board.Model.Board.MainBoardModel	m_arrDelete	565	code/Lua/decompiled/Board/Model/Board/MainBoardModel.lua	assignment observed; dynamic field
Board.Model.Board.MainBoardModel	m_arrAdd	590	code/Lua/decompiled/Board/Model/Board/MainBoardModel.lua	assignment observed; dynamic field
Board.Model.Board.MainBoardModel	m_arrDelete	591	code/Lua/decompiled/Board/Model/Board/MainBoardModel.lua	assignment observed; dynamic field
Board.Model.Board.MainBoardModel	m_boardExtraRewardLayers	860	code/Lua/decompiled/Board/Model/Board/MainBoardModel.lua	assignment observed; dynamic field
Board.Model.Board.SceneItemLayerModel	m_dbTable	12	code/Lua/decompiled/Board/Model/Board/SceneItemLayerModel.lua	assignment observed; dynamic field
Board.Model.Board.SceneItemLayerModel	m_itemManager	13	code/Lua/decompiled/Board/Model/Board/SceneItemLayerModel.lua	assignment observed; dynamic field
Board.Model.Board.SceneItemLayerModel	m_fileName	14	code/Lua/decompiled/Board/Model/Board/SceneItemLayerModel.lua	assignment observed; dynamic field
Board.Model.Board.SceneItemLayerModel	m_itemTypeCountMap	15	code/Lua/decompiled/Board/Model/Board/SceneItemLayerModel.lua	assignment observed; dynamic field
Board.Model.Board.SceneItemLayerModel	m_itemTypeLookupMap	16	code/Lua/decompiled/Board/Model/Board/SceneItemLayerModel.lua	assignment observed; dynamic field
Board.Model.Board.SceneItemLayerModel	m_itemComponentLookupMap	17	code/Lua/decompiled/Board/Model/Board/SceneItemLayerModel.lua	assignment observed; dynamic field
Board.Model.Board.SceneItemLayerModel	m_emptyCount	18	code/Lua/decompiled/Board/Model/Board/SceneItemLayerModel.lua	assignment observed; dynamic field
Board.Model.Board.SceneItemLayerModel	m_initCodeMap	22	code/Lua/decompiled/Board/Model/Board/SceneItemLayerModel.lua	assignment observed; dynamic field
Board.Model.Board.SceneItemLayerModel	m_itemTypeCountMap	26	code/Lua/decompiled/Board/Model/Board/SceneItemLayerModel.lua	assignment observed; dynamic field
Board.Model.Board.SceneItemLayerModel	m_emptyCount	27	code/Lua/decompiled/Board/Model/Board/SceneItemLayerModel.lua	assignment observed; dynamic field
Board.Model.Board.SceneItemLayerModel	m_emptyCount	63	code/Lua/decompiled/Board/Model/Board/SceneItemLayerModel.lua	assignment observed; dynamic field
Board.Model.Item.BaseItemComponent	m_itemModel	15	code/Lua/decompiled/Board/Model/Item/BaseItemComponent.lua	assignment observed; dynamic field
Board.Model.Item.ItemBattery	m_isFull	13	code/Lua/decompiled/Board/Model/Item/ItemBattery.lua	assignment observed; dynamic field
Board.Model.Item.ItemBattery	m_duration	14	code/Lua/decompiled/Board/Model/Item/ItemBattery.lua	assignment observed; dynamic field
Board.Model.Item.ItemBattery	event	15	code/Lua/decompiled/Board/Model/Item/ItemBattery.lua	assignment observed; dynamic field
Board.Model.Item.ItemBattery	m_batteryLevel	17	code/Lua/decompiled/Board/Model/Item/ItemBattery.lua	assignment observed; dynamic field
Board.Model.Item.ItemBattery	m_rewards	19	code/Lua/decompiled/Board/Model/Item/ItemBattery.lua	assignment observed; dynamic field
Board.Model.Item.ItemBattery	m_isFull	51	code/Lua/decompiled/Board/Model/Item/ItemBattery.lua	assignment observed; dynamic field
Board.Model.Item.ItemBubble	m_innerItemCode	24	code/Lua/decompiled/Board/Model/Item/ItemBubble.lua	assignment observed; dynamic field
Board.Model.Item.ItemBubble	m_startTimer	26	code/Lua/decompiled/Board/Model/Item/ItemBubble.lua	assignment observed; dynamic field
Board.Model.Item.ItemBubble	m_breakCost	27	code/Lua/decompiled/Board/Model/Item/ItemBubble.lua	assignment observed; dynamic field
Board.Model.Item.ItemBubble	m_bubbleTime	28	code/Lua/decompiled/Board/Model/Item/ItemBubble.lua	assignment observed; dynamic field
Board.Model.Item.ItemBubble	m_startTimer	36	code/Lua/decompiled/Board/Model/Item/ItemBubble.lua	assignment observed; dynamic field
Board.Model.Item.ItemBubble	m_lockBreak	273	code/Lua/decompiled/Board/Model/Item/ItemBubble.lua	assignment observed; dynamic field
Board.Model.Item.ItemCharge	event	41	code/Lua/decompiled/Board/Model/Item/ItemCharge.lua	assignment observed; dynamic field
Board.Model.Item.ItemCharge	m_duration	42	code/Lua/decompiled/Board/Model/Item/ItemCharge.lua	assignment observed; dynamic field
Board.Model.Item.ItemCharge	m_stageConfig	43	code/Lua/decompiled/Board/Model/Item/ItemCharge.lua	assignment observed; dynamic field
Board.Model.Item.ItemCharge	m_costEnergy	44	code/Lua/decompiled/Board/Model/Item/ItemCharge.lua	assignment observed; dynamic field
Board.Model.Item.ItemCharge	m_curStage	45	code/Lua/decompiled/Board/Model/Item/ItemCharge.lua	assignment observed; dynamic field
Board.Model.Item.ItemCharge	m_curLevel	46	code/Lua/decompiled/Board/Model/Item/ItemCharge.lua	assignment observed; dynamic field
Board.Model.Item.ItemCharge	m_startTimer	49	code/Lua/decompiled/Board/Model/Item/ItemCharge.lua	assignment observed; dynamic field
Board.Model.Item.ItemCharge	m_state	50	code/Lua/decompiled/Board/Model/Item/ItemCharge.lua	assignment observed; dynamic field
Board.Model.Item.ItemCharge	m_state	59	code/Lua/decompiled/Board/Model/Item/ItemCharge.lua	assignment observed; dynamic field
Board.Model.Item.ItemCharge	m_curStage	65	code/Lua/decompiled/Board/Model/Item/ItemCharge.lua	assignment observed; dynamic field
Board.Model.Item.ItemCharge	m_curLevel	66	code/Lua/decompiled/Board/Model/Item/ItemCharge.lua	assignment observed; dynamic field
Board.Model.Item.ItemCharge	m_startTimer	70	code/Lua/decompiled/Board/Model/Item/ItemCharge.lua	assignment observed; dynamic field
Board.Model.Item.ItemCharge	m_curStage	71	code/Lua/decompiled/Board/Model/Item/ItemCharge.lua	assignment observed; dynamic field
Board.Model.Item.ItemCharge	m_curLevel	72	code/Lua/decompiled/Board/Model/Item/ItemCharge.lua	assignment observed; dynamic field
Board.Model.Item.ItemCharge	m_startTimer	73	code/Lua/decompiled/Board/Model/Item/ItemCharge.lua	assignment observed; dynamic field
Board.Model.Item.ItemCharge	m_state	74	code/Lua/decompiled/Board/Model/Item/ItemCharge.lua	assignment observed; dynamic field
Board.Model.Item.ItemCharge	m_curStage	76	code/Lua/decompiled/Board/Model/Item/ItemCharge.lua	assignment observed; dynamic field
Board.Model.Item.ItemCharge	m_state	88	code/Lua/decompiled/Board/Model/Item/ItemCharge.lua	assignment observed; dynamic field
Board.Model.Item.ItemCharge	m_state	92	code/Lua/decompiled/Board/Model/Item/ItemCharge.lua	assignment observed; dynamic field
Board.Model.Item.ItemCharge	m_startTimer	93	code/Lua/decompiled/Board/Model/Item/ItemCharge.lua	assignment observed; dynamic field
Board.Model.Item.ItemCharge	m_state	106	code/Lua/decompiled/Board/Model/Item/ItemCharge.lua	assignment observed; dynamic field
Board.Model.Item.ItemCharge	m_state	124	code/Lua/decompiled/Board/Model/Item/ItemCharge.lua	assignment observed; dynamic field
Board.Model.Item.ItemCharge	m_startTimer	125	code/Lua/decompiled/Board/Model/Item/ItemCharge.lua	assignment observed; dynamic field
Board.Model.Item.ItemCharge	m_state	135	code/Lua/decompiled/Board/Model/Item/ItemCharge.lua	assignment observed; dynamic field
Board.Model.Item.ItemCharge	m_startTimer	139	code/Lua/decompiled/Board/Model/Item/ItemCharge.lua	assignment observed; dynamic field
Board.Model.Item.ItemCharge	m_state	146	code/Lua/decompiled/Board/Model/Item/ItemCharge.lua	assignment observed; dynamic field
Board.Model.Item.ItemCharge	m_curStage	241	code/Lua/decompiled/Board/Model/Item/ItemCharge.lua	assignment observed; dynamic field
Board.Model.Item.ItemCharge	m_curLevel	242	code/Lua/decompiled/Board/Model/Item/ItemCharge.lua	assignment observed; dynamic field
Board.Model.Item.ItemCharge	m_state	245	code/Lua/decompiled/Board/Model/Item/ItemCharge.lua	assignment observed; dynamic field
Board.Model.Item.ItemCharge	m_startTimer	246	code/Lua/decompiled/Board/Model/Item/ItemCharge.lua	assignment observed; dynamic field
Board.Model.Item.ItemCharge	m_startTimer	253	code/Lua/decompiled/Board/Model/Item/ItemCharge.lua	assignment observed; dynamic field
Board.Model.Item.ItemCharge	m_state	254	code/Lua/decompiled/Board/Model/Item/ItemCharge.lua	assignment observed; dynamic field
Board.Model.Item.ItemCharge	m_startTimer	257	code/Lua/decompiled/Board/Model/Item/ItemCharge.lua	assignment observed; dynamic field
Board.Model.Item.ItemCharge	m_state	258	code/Lua/decompiled/Board/Model/Item/ItemCharge.lua	assignment observed; dynamic field
Board.Model.Item.ItemCharge	m_startTimer	317	code/Lua/decompiled/Board/Model/Item/ItemCharge.lua	assignment observed; dynamic field
Board.Model.Item.ItemCharge	m_state	318	code/Lua/decompiled/Board/Model/Item/ItemCharge.lua	assignment observed; dynamic field
Board.Model.Item.ItemChoose	m_chooseConfig	12	code/Lua/decompiled/Board/Model/Item/ItemChoose.lua	assignment observed; dynamic field
Board.Model.Item.ItemChoose	m_choices	17	code/Lua/decompiled/Board/Model/Item/ItemChoose.lua	assignment observed; dynamic field
Board.Model.Item.ItemChoose	m_choices	33	code/Lua/decompiled/Board/Model/Item/ItemChoose.lua	assignment observed; dynamic field
Board.Model.Item.ItemChoose	m_choices	60	code/Lua/decompiled/Board/Model/Item/ItemChoose.lua	assignment observed; dynamic field
Board.Model.Item.ItemChoose	m_choices	89	code/Lua/decompiled/Board/Model/Item/ItemChoose.lua	assignment observed; dynamic field
Board.Model.Item.ItemChoose	m_choices	95	code/Lua/decompiled/Board/Model/Item/ItemChoose.lua	assignment observed; dynamic field
Board.Model.Item.ItemChoose	m_choices	99	code/Lua/decompiled/Board/Model/Item/ItemChoose.lua	assignment observed; dynamic field
Board.Model.Item.ItemChoose	m_choices	101	code/Lua/decompiled/Board/Model/Item/ItemChoose.lua	assignment observed; dynamic field
Board.Model.Item.ItemCobweb	m_innerItemCode	11	code/Lua/decompiled/Board/Model/Item/ItemCobweb.lua	assignment observed; dynamic field
Board.Model.Item.ItemCollectable	m_rewards	11	code/Lua/decompiled/Board/Model/Item/ItemCollectable.lua	assignment observed; dynamic field
Board.Model.Item.ItemCollectable	m_bIsSuperRewards	12	code/Lua/decompiled/Board/Model/Item/ItemCollectable.lua	assignment observed; dynamic field
Board.Model.Item.ItemDig	event	14	code/Lua/decompiled/Board/Model/Item/ItemDig.lua	assignment observed; dynamic field
Board.Model.Item.ItemDig	m_state	17	code/Lua/decompiled/Board/Model/Item/ItemDig.lua	assignment observed; dynamic field
Board.Model.Item.ItemDig	m_curLevel	18	code/Lua/decompiled/Board/Model/Item/ItemDig.lua	assignment observed; dynamic field
Board.Model.Item.ItemDig	m_maxLevel	19	code/Lua/decompiled/Board/Model/Item/ItemDig.lua	assignment observed; dynamic field
Board.Model.Item.ItemDig	m_deleted	20	code/Lua/decompiled/Board/Model/Item/ItemDig.lua	assignment observed; dynamic field
Board.Model.Item.ItemDig	m_state	24	code/Lua/decompiled/Board/Model/Item/ItemDig.lua	assignment observed; dynamic field
Board.Model.Item.ItemDig	m_deleted	44	code/Lua/decompiled/Board/Model/Item/ItemDig.lua	assignment observed; dynamic field
Board.Model.Item.ItemDig	m_state	46	code/Lua/decompiled/Board/Model/Item/ItemDig.lua	assignment observed; dynamic field
Board.Model.Item.ItemExtraSpread	m_itemModel	14	code/Lua/decompiled/Board/Model/Item/ItemExtraSpread.lua	assignment observed; dynamic field
Board.Model.Item.ItemExtraSpread	m_boardModel	15	code/Lua/decompiled/Board/Model/Item/ItemExtraSpread.lua	assignment observed; dynamic field
Board.Model.Item.ItemFall	m_boardModel	18	code/Lua/decompiled/Board/Model/Item/ItemFall.lua	assignment observed; dynamic field
Board.Model.Item.ItemFall	m_bfalling	19	code/Lua/decompiled/Board/Model/Item/ItemFall.lua	assignment observed; dynamic field
Board.Model.Item.ItemFall	m_bCanFall	23	code/Lua/decompiled/Board/Model/Item/ItemFall.lua	assignment observed; dynamic field
Board.Model.Item.ItemFall	m_bCanFall	24	code/Lua/decompiled/Board/Model/Item/ItemFall.lua	assignment observed; dynamic field
Board.Model.Item.ItemFall	m_fallingDurationLeft	31	code/Lua/decompiled/Board/Model/Item/ItemFall.lua	assignment observed; dynamic field
Board.Model.Item.ItemFall	m_bfalling	33	code/Lua/decompiled/Board/Model/Item/ItemFall.lua	assignment observed; dynamic field
Board.Model.Item.ItemFall	m_fallingDurationLeft	34	code/Lua/decompiled/Board/Model/Item/ItemFall.lua	assignment observed; dynamic field
Board.Model.Item.ItemFall	m_bfalling	41	code/Lua/decompiled/Board/Model/Item/ItemFall.lua	assignment observed; dynamic field
Board.Model.Item.ItemFall	m_fallingDurationLeft	44	code/Lua/decompiled/Board/Model/Item/ItemFall.lua	assignment observed; dynamic field
Board.Model.Item.ItemFall	m_bfalling	88	code/Lua/decompiled/Board/Model/Item/ItemFall.lua	assignment observed; dynamic field
Board.Model.Item.ItemFall	m_fallingDurationLeft	89	code/Lua/decompiled/Board/Model/Item/ItemFall.lua	assignment observed; dynamic field
Board.Model.Item.ItemFreefallBoss	event	12	code/Lua/decompiled/Board/Model/Item/ItemFreefallBoss.lua	assignment observed; dynamic field
Board.Model.Item.ItemFreefallBoss	m_itemType	13	code/Lua/decompiled/Board/Model/Item/ItemFreefallBoss.lua	assignment observed; dynamic field
Board.Model.Item.ItemFreefallBoss	m_activityModel	14	code/Lua/decompiled/Board/Model/Item/ItemFreefallBoss.lua	assignment observed; dynamic field
Board.Model.Item.ItemFreefallBoss	m_slotId	18	code/Lua/decompiled/Board/Model/Item/ItemFreefallBoss.lua	assignment observed; dynamic field
Board.Model.Item.ItemFreefallBoss	m_slotId	23	code/Lua/decompiled/Board/Model/Item/ItemFreefallBoss.lua	assignment observed; dynamic field
Board.Model.Item.ItemFreefallBoss	m_mainItem	63	code/Lua/decompiled/Board/Model/Item/ItemFreefallBoss.lua	assignment observed; dynamic field
Board.Model.Item.ItemFreefallBoss	m_subItems	67	code/Lua/decompiled/Board/Model/Item/ItemFreefallBoss.lua	assignment observed; dynamic field
Board.Model.Item.ItemFreefallBoss	m_subItems	68	code/Lua/decompiled/Board/Model/Item/ItemFreefallBoss.lua	assignment observed; dynamic field
Board.Model.Item.ItemGray	m_innerItemCode	11	code/Lua/decompiled/Board/Model/Item/ItemGray.lua	assignment observed; dynamic field
Board.Model.Item.ItemHuntCloudKey	m_rewards	11	code/Lua/decompiled/Board/Model/Item/ItemHuntCloudKey.lua	assignment observed; dynamic field
Board.Model.Item.ItemHuntCloudKey	m_boardModel	12	code/Lua/decompiled/Board/Model/Item/ItemHuntCloudKey.lua	assignment observed; dynamic field
Board.Model.Item.ItemHuntCloudKey	m_itemType	13	code/Lua/decompiled/Board/Model/Item/ItemHuntCloudKey.lua	assignment observed; dynamic field
Board.Model.Item.ItemHuntCloudKey	m_swallowPos	37	code/Lua/decompiled/Board/Model/Item/ItemHuntCloudKey.lua	assignment observed; dynamic field
Board.Model.Item.ItemIce	m_innerItemCode	11	code/Lua/decompiled/Board/Model/Item/ItemIce.lua	assignment observed; dynamic field
Board.Model.Item.ItemIce	m_startTimer	12	code/Lua/decompiled/Board/Model/Item/ItemIce.lua	assignment observed; dynamic field
Board.Model.Item.ItemIce	m_countDown	13	code/Lua/decompiled/Board/Model/Item/ItemIce.lua	assignment observed; dynamic field
Board.Model.Item.ItemIce	m_isTempIce	14	code/Lua/decompiled/Board/Model/Item/ItemIce.lua	assignment observed; dynamic field
Board.Model.Item.ItemMapBlocker	m_innerItemCode	12	code/Lua/decompiled/Board/Model/Item/ItemMapBlocker.lua	assignment observed; dynamic field
Board.Model.Item.ItemMapBlocker	m_unlockLevel	13	code/Lua/decompiled/Board/Model/Item/ItemMapBlocker.lua	assignment observed; dynamic field
Board.Model.Item.ItemMapBlocker	m_startTimer	31	code/Lua/decompiled/Board/Model/Item/ItemMapBlocker.lua	assignment observed; dynamic field
Board.Model.Item.ItemMapBlocker	m_startTimer	34	code/Lua/decompiled/Board/Model/Item/ItemMapBlocker.lua	assignment observed; dynamic field
Board.Model.Item.ItemMapBlocker	m_startTimer	46	code/Lua/decompiled/Board/Model/Item/ItemMapBlocker.lua	assignment observed; dynamic field
Board.Model.Item.ItemModel	event	24	code/Lua/decompiled/Board/Model/Item/ItemModel.lua	assignment observed; dynamic field
Board.Model.Item.ItemModel	m_components	25	code/Lua/decompiled/Board/Model/Item/ItemModel.lua	assignment observed; dynamic field
Board.Model.Item.ItemModel	m_componentTypes	26	code/Lua/decompiled/Board/Model/Item/ItemModel.lua	assignment observed; dynamic field
Board.Model.Item.ItemModel	m_boardModel	27	code/Lua/decompiled/Board/Model/Item/ItemModel.lua	assignment observed; dynamic field
Board.Model.Item.ItemModel	m_position	28	code/Lua/decompiled/Board/Model/Item/ItemModel.lua	assignment observed; dynamic field
Board.Model.Item.ItemModel	m_type	29	code/Lua/decompiled/Board/Model/Item/ItemModel.lua	assignment observed; dynamic field
Board.Model.Item.ItemModel	m_mergedType	30	code/Lua/decompiled/Board/Model/Item/ItemModel.lua	assignment observed; dynamic field
Board.Model.Item.ItemModel	m_mergedFromType	31	code/Lua/decompiled/Board/Model/Item/ItemModel.lua	assignment observed; dynamic field
Board.Model.Item.ItemModel	m_endConversionType	32	code/Lua/decompiled/Board/Model/Item/ItemModel.lua	assignment observed; dynamic field
Board.Model.Item.ItemModel	m_bubbleChance	33	code/Lua/decompiled/Board/Model/Item/ItemModel.lua	assignment observed; dynamic field
Board.Model.Item.ItemModel	m_sellingPrice	34	code/Lua/decompiled/Board/Model/Item/ItemModel.lua	assignment observed; dynamic field
Board.Model.Item.ItemModel	m_canMergeByJoker	35	code/Lua/decompiled/Board/Model/Item/ItemModel.lua	assignment observed; dynamic field
Board.Model.Item.ItemModel	m_canSplit	36	code/Lua/decompiled/Board/Model/Item/ItemModel.lua	assignment observed; dynamic field
Board.Model.Item.ItemModel	m_canMove	37	code/Lua/decompiled/Board/Model/Item/ItemModel.lua	assignment observed; dynamic field
Board.Model.Item.ItemModel	m_mergedExtra	39	code/Lua/decompiled/Board/Model/Item/ItemModel.lua	assignment observed; dynamic field
Board.Model.Item.ItemModel	m_code	41	code/Lua/decompiled/Board/Model/Item/ItemModel.lua	assignment observed; dynamic field
Board.Model.Item.ItemModel	itemScore	84	code/Lua/decompiled/Board/Model/Item/ItemModel.lua	assignment observed; dynamic field
Board.Model.Item.ItemModel	costEnergy	85	code/Lua/decompiled/Board/Model/Item/ItemModel.lua	assignment observed; dynamic field
Board.Model.Item.ItemModel	freeScore	86	code/Lua/decompiled/Board/Model/Item/ItemModel.lua	assignment observed; dynamic field
Board.Model.Item.ItemModel	shopGemCost	87	code/Lua/decompiled/Board/Model/Item/ItemModel.lua	assignment observed; dynamic field
Board.Model.Item.ItemModel	bubbleGemCost	88	code/Lua/decompiled/Board/Model/Item/ItemModel.lua	assignment observed; dynamic field
Board.Model.Item.ItemModel	m_sunshineId	89	code/Lua/decompiled/Board/Model/Item/ItemModel.lua	assignment observed; dynamic field
Board.Model.Item.ItemModel	createTime	90	code/Lua/decompiled/Board/Model/Item/ItemModel.lua	assignment observed; dynamic field
Board.Model.Item.ItemModel	energyToday	91	code/Lua/decompiled/Board/Model/Item/ItemModel.lua	assignment observed; dynamic field
Board.Model.Item.ItemModel	energyStarToday	92	code/Lua/decompiled/Board/Model/Item/ItemModel.lua	assignment observed; dynamic field
Board.Model.Item.ItemModel	m_boardModel	117	code/Lua/decompiled/Board/Model/Item/ItemModel.lua	assignment observed; dynamic field
Board.Model.Item.ItemModel	m_position	147	code/Lua/decompiled/Board/Model/Item/ItemModel.lua	assignment observed; dynamic field
Board.Model.Item.ItemModel	m_id	195	code/Lua/decompiled/Board/Model/Item/ItemModel.lua	assignment observed; dynamic field
Board.Model.Item.ItemModel	m_sunshineId	199	code/Lua/decompiled/Board/Model/Item/ItemModel.lua	assignment observed; dynamic field
Board.Model.Item.ItemModel	m_position	240	code/Lua/decompiled/Board/Model/Item/ItemModel.lua	assignment observed; dynamic field
Board.Model.Item.ItemModel	m_bLocked	244	code/Lua/decompiled/Board/Model/Item/ItemModel.lua	assignment observed; dynamic field
Board.Model.Item.ItemPaperBox	m_innerItemCode	11	code/Lua/decompiled/Board/Model/Item/ItemPaperBox.lua	assignment observed; dynamic field
Board.Model.Item.ItemPick	m_choosedCode	16	code/Lua/decompiled/Board/Model/Item/ItemPick.lua	assignment observed; dynamic field
Board.Model.Item.ItemPick	m_choosedCode	26	code/Lua/decompiled/Board/Model/Item/ItemPick.lua	assignment observed; dynamic field
Board.Model.Item.ItemPick	m_choosedCode	30	code/Lua/decompiled/Board/Model/Item/ItemPick.lua	assignment observed; dynamic field
Board.Model.Item.ItemPick	m_choosedCode	46	code/Lua/decompiled/Board/Model/Item/ItemPick.lua	assignment observed; dynamic field
Board.Model.Item.ItemPortal	event	13	code/Lua/decompiled/Board/Model/Item/ItemPortal.lua	assignment observed; dynamic field
Board.Model.Item.ItemPortal	m_activityModel	14	code/Lua/decompiled/Board/Model/Item/ItemPortal.lua	assignment observed; dynamic field
Board.Model.Item.ItemPortal	m_state	42	code/Lua/decompiled/Board/Model/Item/ItemPortal.lua	assignment observed; dynamic field
Board.Model.Item.ItemRune	m_innerItemCode	11	code/Lua/decompiled/Board/Model/Item/ItemRune.lua	assignment observed; dynamic field
Board.Model.Item.ItemRune	m_runeCode	12	code/Lua/decompiled/Board/Model/Item/ItemRune.lua	assignment observed; dynamic field
Board.Model.Item.ItemRune	m_bUnlocked	20	code/Lua/decompiled/Board/Model/Item/ItemRune.lua	assignment observed; dynamic field
Board.Model.Item.ItemSand	event	12	code/Lua/decompiled/Board/Model/Item/ItemSand.lua	assignment observed; dynamic field
Board.Model.Item.ItemSand	m_innerItemCode	13	code/Lua/decompiled/Board/Model/Item/ItemSand.lua	assignment observed; dynamic field
Board.Model.Item.ItemSand	m_originLayer	14	code/Lua/decompiled/Board/Model/Item/ItemSand.lua	assignment observed; dynamic field
Board.Model.Item.ItemSand	m_curLayer	15	code/Lua/decompiled/Board/Model/Item/ItemSand.lua	assignment observed; dynamic field
Board.Model.Item.ItemSand	m_bInSweeping	23	code/Lua/decompiled/Board/Model/Item/ItemSand.lua	assignment observed; dynamic field
Board.Model.Item.ItemSand	m_curLayer	24	code/Lua/decompiled/Board/Model/Item/ItemSand.lua	assignment observed; dynamic field
Board.Model.Item.ItemSand	m_bInSweeping	43	code/Lua/decompiled/Board/Model/Item/ItemSand.lua	assignment observed; dynamic field
Board.Model.Item.ItemSand	m_curLayer	72	code/Lua/decompiled/Board/Model/Item/ItemSand.lua	assignment observed; dynamic field
Board.Model.Item.ItemSplit	m_nextType	11	code/Lua/decompiled/Board/Model/Item/ItemSplit.lua	assignment observed; dynamic field
Board.Model.Item.ItemSplit	m_leftCount	14	code/Lua/decompiled/Board/Model/Item/ItemSplit.lua	assignment observed; dynamic field
Board.Model.Item.ItemSplit	m_leftCount	16	code/Lua/decompiled/Board/Model/Item/ItemSplit.lua	assignment observed; dynamic field
Board.Model.Item.ItemSplit	m_leftCount	29	code/Lua/decompiled/Board/Model/Item/ItemSplit.lua	assignment observed; dynamic field
Board.Model.Item.ItemSplit	m_leftCount	45	code/Lua/decompiled/Board/Model/Item/ItemSplit.lua	assignment observed; dynamic field
Board.Model.Item.ItemSpread	event	37	code/Lua/decompiled/Board/Model/Item/ItemSpread.lua	assignment observed; dynamic field
Board.Model.Item.ItemSpread	m_chainId	38	code/Lua/decompiled/Board/Model/Item/ItemSpread.lua	assignment observed; dynamic field
Board.Model.Item.ItemSpread	m_bSunshineRewardItem	40	code/Lua/decompiled/Board/Model/Item/ItemSpread.lua	assignment observed; dynamic field
Board.Model.Item.ItemSpread	m_auto	42	code/Lua/decompiled/Board/Model/Item/ItemSpread.lua	assignment observed; dynamic field
Board.Model.Item.ItemSpread	m_initDuration	43	code/Lua/decompiled/Board/Model/Item/ItemSpread.lua	assignment observed; dynamic field
Board.Model.Item.ItemSpread	m_initSpeedUpCost	44	code/Lua/decompiled/Board/Model/Item/ItemSpread.lua	assignment observed; dynamic field
Board.Model.Item.ItemSpread	m_openDuration	45	code/Lua/decompiled/Board/Model/Item/ItemSpread.lua	assignment observed; dynamic field
Board.Model.Item.ItemSpread	m_openSpeedUpCost	46	code/Lua/decompiled/Board/Model/Item/ItemSpread.lua	assignment observed; dynamic field
Board.Model.Item.ItemSpread	m_costEnergy	47	code/Lua/decompiled/Board/Model/Item/ItemSpread.lua	assignment observed; dynamic field
Board.Model.Item.ItemSpread	m_itemMaxNumber	48	code/Lua/decompiled/Board/Model/Item/ItemSpread.lua	assignment observed; dynamic field
Board.Model.Item.ItemSpread	m_itemRecoveryDuration	49	code/Lua/decompiled/Board/Model/Item/ItemSpread.lua	assignment observed; dynamic field
Board.Model.Item.ItemSpread	m_itemSpeedUpCost	50	code/Lua/decompiled/Board/Model/Item/ItemSpread.lua	assignment observed; dynamic field
Board.Model.Item.ItemSpread	m_storageMaxNumber	53	code/Lua/decompiled/Board/Model/Item/ItemSpread.lua	assignment observed; dynamic field
Board.Model.Item.ItemSpread	m_storageRecoveryDuration	54	code/Lua/decompiled/Board/Model/Item/ItemSpread.lua	assignment observed; dynamic field
Board.Model.Item.ItemSpread	m_storageSpeedUpCost	55	code/Lua/decompiled/Board/Model/Item/ItemSpread.lua	assignment observed; dynamic field
Board.Model.Item.ItemSpread	m_transformNumber	56	code/Lua/decompiled/Board/Model/Item/ItemSpread.lua	assignment observed; dynamic field
Board.Model.Item.ItemSpread	m_spreadTapLock	57	code/Lua/decompiled/Board/Model/Item/ItemSpread.lua	assignment observed; dynamic field
Board.Model.Item.ItemSpread	m_codeWeightPairs	58	code/Lua/decompiled/Board/Model/Item/ItemSpread.lua	assignment observed; dynamic field
Board.Model.Item.ItemSpread	m_weightType	59	code/Lua/decompiled/Board/Model/Item/ItemSpread.lua	assignment observed; dynamic field
Board.Model.Item.ItemSpread	m_weightType	60	code/Lua/decompiled/Board/Model/Item/ItemSpread.lua	assignment observed; dynamic field
Board.Model.Item.ItemSpread	m_itemMaxNumber	61	code/Lua/decompiled/Board/Model/Item/ItemSpread.lua	assignment observed; dynamic field
Board.Model.Item.ItemSpread	m_bUseLuckySpread	63	code/Lua/decompiled/Board/Model/Item/ItemSpread.lua	assignment observed; dynamic field
Board.Model.Item.ItemSpread	m_codeWeightMap	65	code/Lua/decompiled/Board/Model/Item/ItemSpread.lua	assignment observed; dynamic field
Board.Model.Item.ItemSpread	m_itemRestNumber	71	code/Lua/decompiled/Board/Model/Item/ItemSpread.lua	assignment observed; dynamic field
Board.Model.Item.ItemSpread	m_storageRestNumber	72	code/Lua/decompiled/Board/Model/Item/ItemSpread.lua	assignment observed; dynamic field
Board.Model.Item.ItemSpread	m_tBoxExtraSpreadTime	73	code/Lua/decompiled/Board/Model/Item/ItemSpread.lua	assignment observed; dynamic field
Board.Model.Item.ItemSpread	m_spreadCount	74	code/Lua/decompiled/Board/Model/Item/ItemSpread.lua	assignment observed; dynamic field
Board.Model.Item.ItemSpread	m_startTimer	75	code/Lua/decompiled/Board/Model/Item/ItemSpread.lua	assignment observed; dynamic field
Board.Model.Item.ItemSpread	m_state	77	code/Lua/decompiled/Board/Model/Item/ItemSpread.lua	assignment observed; dynamic field
Board.Model.Item.ItemSpread	m_state	80	code/Lua/decompiled/Board/Model/Item/ItemSpread.lua	assignment observed; dynamic field
Board.Model.Item.ItemSpread	m_state	82	code/Lua/decompiled/Board/Model/Item/ItemSpread.lua	assignment observed; dynamic field
Board.Model.Item.ItemSpread	m_spreadItemBoxChain	84	code/Lua/decompiled/Board/Model/Item/ItemSpread.lua	assignment observed; dynamic field
Board.Model.Item.ItemSpread	m_itemRecoveryDuration	91	code/Lua/decompiled/Board/Model/Item/ItemSpread.lua	assignment observed; dynamic field
Board.Model.Item.ItemSpread	m_storageRecoveryDuration	94	code/Lua/decompiled/Board/Model/Item/ItemSpread.lua	assignment observed; dynamic field
Board.Model.Item.ItemSpread	m_state	100	code/Lua/decompiled/Board/Model/Item/ItemSpread.lua	assignment observed; dynamic field
Board.Model.Item.ItemSpread	m_startTimer	101	code/Lua/decompiled/Board/Model/Item/ItemSpread.lua	assignment observed; dynamic field
Board.Model.Item.ItemSpread	m_itemRestNumber	102	code/Lua/decompiled/Board/Model/Item/ItemSpread.lua	assignment observed; dynamic field
Board.Model.Item.ItemSpread	m_storageRestNumber	103	code/Lua/decompiled/Board/Model/Item/ItemSpread.lua	assignment observed; dynamic field
Board.Model.Item.ItemSpread	m_spreadCount	104	code/Lua/decompiled/Board/Model/Item/ItemSpread.lua	assignment observed; dynamic field
Board.Model.Item.ItemSpread	m_weightType	105	code/Lua/decompiled/Board/Model/Item/ItemSpread.lua	assignment observed; dynamic field
Board.Model.Item.ItemSpread	m_codeWeightPairs	106	code/Lua/decompiled/Board/Model/Item/ItemSpread.lua	assignment observed; dynamic field
Board.Model.Item.ItemSpread	m_spreadItemBoxChain	108	code/Lua/decompiled/Board/Model/Item/ItemSpread.lua	assignment observed; dynamic field
Board.Model.Item.ItemSpread	m_tBoxExtraSpreadTime	109	code/Lua/decompiled/Board/Model/Item/ItemSpread.lua	assignment observed; dynamic field
Board.Model.Item.ItemSpread	m_state	114	code/Lua/decompiled/Board/Model/Item/ItemSpread.lua	assignment observed; dynamic field
Board.Model.Item.ItemSpread	m_startTimer	115	code/Lua/decompiled/Board/Model/Item/ItemSpread.lua	assignment observed; dynamic field
Board.Model.Item.ItemSpread	m_weightType	128	code/Lua/decompiled/Board/Model/Item/ItemSpread.lua	assignment observed; dynamic field
Board.Model.Item.ItemSpread	m_state	150	code/Lua/decompiled/Board/Model/Item/ItemSpread.lua	assignment observed; dynamic field
Board.Model.Item.ItemSpread	m_state	150	code/Lua/decompiled/Board/Model/Item/ItemSpread.lua	assignment observed; dynamic field
Board.Model.Item.ItemSpread	m_state	150	code/Lua/decompiled/Board/Model/Item/ItemSpread.lua	assignment observed; dynamic field
Board.Model.Item.ItemSpread	m_storageRestNumber	150	code/Lua/decompiled/Board/Model/Item/ItemSpread.lua	assignment observed; dynamic field
Board.Model.Item.ItemSpread	m_startTimer	151	code/Lua/decompiled/Board/Model/Item/ItemSpread.lua	assignment observed; dynamic field
Board.Model.Item.ItemSpread	m_state	183	code/Lua/decompiled/Board/Model/Item/ItemSpread.lua	assignment observed; dynamic field
Board.Model.Item.ItemSpread	m_state	183	code/Lua/decompiled/Board/Model/Item/ItemSpread.lua	assignment observed; dynamic field
Board.Model.Item.ItemSpread	m_startTimer	184	code/Lua/decompiled/Board/Model/Item/ItemSpread.lua	assignment observed; dynamic field
Board.Model.Item.ItemSpread	m_state	185	code/Lua/decompiled/Board/Model/Item/ItemSpread.lua	assignment observed; dynamic field
Board.Model.Item.ItemSpread	m_storageRestNumber	194	code/Lua/decompiled/Board/Model/Item/ItemSpread.lua	assignment observed; dynamic field
Board.Model.Item.ItemSpread	m_startTimer	195	code/Lua/decompiled/Board/Model/Item/ItemSpread.lua	assignment observed; dynamic field
Board.Model.Item.ItemSpread	m_storageRestNumber	196	code/Lua/decompiled/Board/Model/Item/ItemSpread.lua	assignment observed; dynamic field
Board.Model.Item.ItemSpread	m_itemRestNumber	197	code/Lua/decompiled/Board/Model/Item/ItemSpread.lua	assignment observed; dynamic field
Board.Model.Item.ItemSpread	m_itemRestNumber	201	code/Lua/decompiled/Board/Model/Item/ItemSpread.lua	assignment observed; dynamic field
Board.Model.Item.ItemSpread	m_storageRestNumber	202	code/Lua/decompiled/Board/Model/Item/ItemSpread.lua	assignment observed; dynamic field
Board.Model.Item.ItemSpread	m_storageRestNumber	204	code/Lua/decompiled/Board/Model/Item/ItemSpread.lua	assignment observed; dynamic field
Board.Model.Item.ItemSpread	m_startTimer	205	code/Lua/decompiled/Board/Model/Item/ItemSpread.lua	assignment observed; dynamic field
Board.Model.Item.ItemSpread	m_startTimer	208	code/Lua/decompiled/Board/Model/Item/ItemSpread.lua	assignment observed; dynamic field
Board.Model.Item.ItemSpread	m_storageRestNumber	213	code/Lua/decompiled/Board/Model/Item/ItemSpread.lua	assignment observed; dynamic field
Board.Model.Item.ItemSpread	m_itemRestNumber	214	code/Lua/decompiled/Board/Model/Item/ItemSpread.lua	assignment observed; dynamic field
Board.Model.Item.ItemSpread	m_startTimer	215	code/Lua/decompiled/Board/Model/Item/ItemSpread.lua	assignment observed; dynamic field
Board.Model.Item.ItemSpread	m_state	216	code/Lua/decompiled/Board/Model/Item/ItemSpread.lua	assignment observed; dynamic field
Board.Model.Item.ItemSpread	m_state	230	code/Lua/decompiled/Board/Model/Item/ItemSpread.lua	assignment observed; dynamic field
Board.Model.Item.ItemSpread	m_state	260	code/Lua/decompiled/Board/Model/Item/ItemSpread.lua	assignment observed; dynamic field
Board.Model.Item.ItemSpread	m_startTimer	282	code/Lua/decompiled/Board/Model/Item/ItemSpread.lua	assignment observed; dynamic field
Board.Model.Item.ItemSpread	m_startTimer	289	code/Lua/decompiled/Board/Model/Item/ItemSpread.lua	assignment observed; dynamic field
Board.Model.Item.ItemSpread	m_state	297	code/Lua/decompiled/Board/Model/Item/ItemSpread.lua	assignment observed; dynamic field
Board.Model.Item.ItemSpread	m_startTimer	298	code/Lua/decompiled/Board/Model/Item/ItemSpread.lua	assignment observed; dynamic field
Board.Model.Item.ItemSpread	m_itemRestNumber	300	code/Lua/decompiled/Board/Model/Item/ItemSpread.lua	assignment observed; dynamic field
Board.Model.Item.ItemSpread	m_itemRestNumber	301	code/Lua/decompiled/Board/Model/Item/ItemSpread.lua	assignment observed; dynamic field
Board.Model.Item.ItemSpread	m_auto	311	code/Lua/decompiled/Board/Model/Item/ItemSpread.lua	assignment observed; dynamic field
Board.Model.Item.ItemSpread	m_itemRecoveryDuration	375	code/Lua/decompiled/Board/Model/Item/ItemSpread.lua	assignment observed; dynamic field
Board.Model.Item.ItemSpread	m_state	405	code/Lua/decompiled/Board/Model/Item/ItemSpread.lua	assignment observed; dynamic field
Board.Model.Item.ItemSpread	m_state	407	code/Lua/decompiled/Board/Model/Item/ItemSpread.lua	assignment observed; dynamic field
Board.Model.Item.ItemSpread	m_state	409	code/Lua/decompiled/Board/Model/Item/ItemSpread.lua	assignment observed; dynamic field
Board.Model.Item.ItemSpread	m_storageRestNumber	410	code/Lua/decompiled/Board/Model/Item/ItemSpread.lua	assignment observed; dynamic field
Board.Model.Item.ItemSpread	m_spreadCount	441	code/Lua/decompiled/Board/Model/Item/ItemSpread.lua	assignment observed; dynamic field
Board.Model.Item.ItemSpread	m_itemRestNumber	443	code/Lua/decompiled/Board/Model/Item/ItemSpread.lua	assignment observed; dynamic field
Board.Model.Item.ItemSpread	m_spreadCount	452	code/Lua/decompiled/Board/Model/Item/ItemSpread.lua	assignment observed; dynamic field
Board.Model.Item.ItemSpread	m_itemRestNumber	454	code/Lua/decompiled/Board/Model/Item/ItemSpread.lua	assignment observed; dynamic field
Board.Model.Item.ItemSpread	m_spreadCount	459	code/Lua/decompiled/Board/Model/Item/ItemSpread.lua	assignment observed; dynamic field
Board.Model.Item.ItemSpread	m_itemRestNumber	461	code/Lua/decompiled/Board/Model/Item/ItemSpread.lua	assignment observed; dynamic field
Board.Model.Item.ItemSpread	m_state	466	code/Lua/decompiled/Board/Model/Item/ItemSpread.lua	assignment observed; dynamic field
Board.Model.Item.ItemSpread	m_itemRestNumber	466	code/Lua/decompiled/Board/Model/Item/ItemSpread.lua	assignment observed; dynamic field
Board.Model.Item.ItemSpread	m_storageRestNumber	466	code/Lua/decompiled/Board/Model/Item/ItemSpread.lua	assignment observed; dynamic field
Board.Model.Item.ItemSpread	m_state	469	code/Lua/decompiled/Board/Model/Item/ItemSpread.lua	assignment observed; dynamic field
Board.Model.Item.ItemSpread	m_weightType	489	code/Lua/decompiled/Board/Model/Item/ItemSpread.lua	assignment observed; dynamic field
Board.Model.Item.ItemSpread	m_spreadCount	503	code/Lua/decompiled/Board/Model/Item/ItemSpread.lua	assignment observed; dynamic field
Board.Model.Item.ItemSpread	m_weightType	531	code/Lua/decompiled/Board/Model/Item/ItemSpread.lua	assignment observed; dynamic field
Board.Model.Item.ItemSpread	m_weightType	535	code/Lua/decompiled/Board/Model/Item/ItemSpread.lua	assignment observed; dynamic field
Board.Model.Item.ItemSpread	m_weightType	542	code/Lua/decompiled/Board/Model/Item/ItemSpread.lua	assignment observed; dynamic field
Board.Model.Item.ItemSpread	m_tBoxExtraSpreadTime	671	code/Lua/decompiled/Board/Model/Item/ItemSpread.lua	assignment observed; dynamic field
Board.Model.Item.ItemSpread	m_state	1195	code/Lua/decompiled/Board/Model/Item/ItemSpread.lua	assignment observed; dynamic field
Board.Model.Item.ItemSpread	m_state	1199	code/Lua/decompiled/Board/Model/Item/ItemSpread.lua	assignment observed; dynamic field
Board.Model.Item.ItemSpread	m_state	1203	code/Lua/decompiled/Board/Model/Item/ItemSpread.lua	assignment observed; dynamic field
Board.Model.Item.ItemSpread	m_itemRestNumber	1203	code/Lua/decompiled/Board/Model/Item/ItemSpread.lua	assignment observed; dynamic field
Board.Model.Item.ItemSpread	m_weightType	1208	code/Lua/decompiled/Board/Model/Item/ItemSpread.lua	assignment observed; dynamic field
Board.Model.Item.ItemSpread	m_itemRestNumber	1288	code/Lua/decompiled/Board/Model/Item/ItemSpread.lua	assignment observed; dynamic field
Board.Model.Item.ItemSpread	m_state	1304	code/Lua/decompiled/Board/Model/Item/ItemSpread.lua	assignment observed; dynamic field
Board.Model.Item.ItemSpread	m_startTimer	1305	code/Lua/decompiled/Board/Model/Item/ItemSpread.lua	assignment observed; dynamic field
Board.Model.Item.ItemSpread	m_transformNumber	1321	code/Lua/decompiled/Board/Model/Item/ItemSpread.lua	assignment observed; dynamic field
Board.Model.Item.ItemSpread	m_arrCompensation	1555	code/Lua/decompiled/Board/Model/Item/ItemSpread.lua	assignment observed; dynamic field
Board.Model.Item.ItemSpread	m_arrCompensation	1578	code/Lua/decompiled/Board/Model/Item/ItemSpread.lua	assignment observed; dynamic field
Board.Model.Item.ItemSpread	m_arrCompensation	1583	code/Lua/decompiled/Board/Model/Item/ItemSpread.lua	assignment observed; dynamic field
Board.Model.Item.ItemSpread	m_weightType	1614	code/Lua/decompiled/Board/Model/Item/ItemSpread.lua	assignment observed; dynamic field
Board.Model.Item.ItemSpread	m_weightType	1622	code/Lua/decompiled/Board/Model/Item/ItemSpread.lua	assignment observed; dynamic field
Board.Model.Item.ItemSpread	m_weightType	1629	code/Lua/decompiled/Board/Model/Item/ItemSpread.lua	assignment observed; dynamic field
Board.Model.Item.ItemSpread	m_weightType	1636	code/Lua/decompiled/Board/Model/Item/ItemSpread.lua	assignment observed; dynamic field
Board.Model.Item.ItemSpread	m_weightType	1647	code/Lua/decompiled/Board/Model/Item/ItemSpread.lua	assignment observed; dynamic field
Board.Model.Item.ItemSpread	m_weightType	1671	code/Lua/decompiled/Board/Model/Item/ItemSpread.lua	assignment observed; dynamic field
Board.Model.Item.ItemSpread	m_itemRestNumber	1697	code/Lua/decompiled/Board/Model/Item/ItemSpread.lua	assignment observed; dynamic field
Board.Model.Item.ItemSpread	m_weightType	1705	code/Lua/decompiled/Board/Model/Item/ItemSpread.lua	assignment observed; dynamic field
Board.Model.Item.ItemSpread	m_useHighLevelTboxConfig	1715	code/Lua/decompiled/Board/Model/Item/ItemSpread.lua	assignment observed; dynamic field
Board.Model.Item.ItemSpread	m_useHighLevelTboxConfig	1718	code/Lua/decompiled/Board/Model/Item/ItemSpread.lua	assignment observed; dynamic field
Board.Model.Item.ItemSpread	m_codeWeightMap	1722	code/Lua/decompiled/Board/Model/Item/ItemSpread.lua	assignment observed; dynamic field
Board.Model.Item.ItemSpread	m_itemMaxNumber	1726	code/Lua/decompiled/Board/Model/Item/ItemSpread.lua	assignment observed; dynamic field
Board.Model.Item.ItemSpread	m_tBoxExtraSpreadList	1727	code/Lua/decompiled/Board/Model/Item/ItemSpread.lua	assignment observed; dynamic field
Board.Model.Item.ItemSpread	m_storageMaxNumber	1728	code/Lua/decompiled/Board/Model/Item/ItemSpread.lua	assignment observed; dynamic field
Board.Model.Item.ItemSpread	m_codeWeightMap	1730	code/Lua/decompiled/Board/Model/Item/ItemSpread.lua	assignment observed; dynamic field
Board.Model.Item.ItemSpread	m_itemMaxNumber	1735	code/Lua/decompiled/Board/Model/Item/ItemSpread.lua	assignment observed; dynamic field
Board.Model.Item.ItemSpread	m_storageMaxNumber	1736	code/Lua/decompiled/Board/Model/Item/ItemSpread.lua	assignment observed; dynamic field
Board.Model.Item.ItemSpread	m_itemRestNumber	1765	code/Lua/decompiled/Board/Model/Item/ItemSpread.lua	assignment observed; dynamic field
Board.Model.Item.ItemSpread	m_spreadTapLock	1778	code/Lua/decompiled/Board/Model/Item/ItemSpread.lua	assignment observed; dynamic field
Board.Model.Item.ItemSpread	m_bIsBalloonSpread	1784	code/Lua/decompiled/Board/Model/Item/ItemSpread.lua	assignment observed; dynamic field
Board.Model.Item.ItemSpread	m_balloonOrginScore	1785	code/Lua/decompiled/Board/Model/Item/ItemSpread.lua	assignment observed; dynamic field
Board.Model.Item.ItemSpread	m_bIsBalloonSpread	1788	code/Lua/decompiled/Board/Model/Item/ItemSpread.lua	assignment observed; dynamic field
Board.Model.Item.ItemSticker	event	12	code/Lua/decompiled/Board/Model/Item/ItemSticker.lua	assignment observed; dynamic field
Board.Model.Item.ItemSticker	m_reward	33	code/Lua/decompiled/Board/Model/Item/ItemSticker.lua	assignment observed; dynamic field
Board.Model.Item.ItemSticker	m_boxType	40	code/Lua/decompiled/Board/Model/Item/ItemSticker.lua	assignment observed; dynamic field
Board.Model.Item.ItemSticker	m_reward	65	code/Lua/decompiled/Board/Model/Item/ItemSticker.lua	assignment observed; dynamic field
Board.Model.Item.ItemSticker	m_rewardPosLog	66	code/Lua/decompiled/Board/Model/Item/ItemSticker.lua	assignment observed; dynamic field
Board.Model.Item.ItemSticker	m_reward	81	code/Lua/decompiled/Board/Model/Item/ItemSticker.lua	assignment observed; dynamic field
Board.Model.Item.ItemSticker	m_bIsPropertyType	83	code/Lua/decompiled/Board/Model/Item/ItemSticker.lua	assignment observed; dynamic field
Board.Model.Item.ItemSticker	m_hasAcquired	98	code/Lua/decompiled/Board/Model/Item/ItemSticker.lua	assignment observed; dynamic field
Board.Model.Item.ItemSticker	m_newItem	134	code/Lua/decompiled/Board/Model/Item/ItemSticker.lua	assignment observed; dynamic field
Board.Model.Item.ItemSticker	m_newPostion	141	code/Lua/decompiled/Board/Model/Item/ItemSticker.lua	assignment observed; dynamic field
Board.Model.Item.ItemSwallow	event	13	code/Lua/decompiled/Board/Model/Item/ItemSwallow.lua	assignment observed; dynamic field
Board.Model.Item.ItemSwallow	m_bCostItem	15	code/Lua/decompiled/Board/Model/Item/ItemSwallow.lua	assignment observed; dynamic field
Board.Model.Item.ItemSwallow	m_bSwallowRepeat	16	code/Lua/decompiled/Board/Model/Item/ItemSwallow.lua	assignment observed; dynamic field
Board.Model.Item.ItemSwallow	m_swallowInfo	18	code/Lua/decompiled/Board/Model/Item/ItemSwallow.lua	assignment observed; dynamic field
Board.Model.Item.ItemSwallow	m_swallowInfo	27	code/Lua/decompiled/Board/Model/Item/ItemSwallow.lua	assignment observed; dynamic field
Board.Model.Item.ItemSwallow	m_generateTime	32	code/Lua/decompiled/Board/Model/Item/ItemSwallow.lua	assignment observed; dynamic field
Board.Model.Item.ItemSwallow	m_swallowInfo	36	code/Lua/decompiled/Board/Model/Item/ItemSwallow.lua	assignment observed; dynamic field
Board.Model.Item.ItemSwallow	m_hasSomethingToSwallow	47	code/Lua/decompiled/Board/Model/Item/ItemSwallow.lua	assignment observed; dynamic field
Board.Model.Item.ItemSwallow	m_generateTime	119	code/Lua/decompiled/Board/Model/Item/ItemSwallow.lua	assignment observed; dynamic field
Board.Model.Item.ItemSwallow	event	273	code/Lua/decompiled/Board/Model/Item/ItemSwallow.lua	assignment observed; dynamic field
Board.Model.Item.ItemSwallow	m_swallowParent	276	code/Lua/decompiled/Board/Model/Item/ItemSwallow.lua	assignment observed; dynamic field
Board.Model.Item.ItemSwallow	m_generateTime	285	code/Lua/decompiled/Board/Model/Item/ItemSwallow.lua	assignment observed; dynamic field
Board.Model.Item.ItemSwallowChain	event	11	code/Lua/decompiled/Board/Model/Item/ItemSwallowChain.lua	assignment observed; dynamic field
Board.Model.Item.ItemSwallowChain	m_swallowInfo	16	code/Lua/decompiled/Board/Model/Item/ItemSwallowChain.lua	assignment observed; dynamic field
Board.Model.Item.ItemSwallowChain	m_level	25	code/Lua/decompiled/Board/Model/Item/ItemSwallowChain.lua	assignment observed; dynamic field
Board.Model.Item.ItemSwallowChain	m_chainId	26	code/Lua/decompiled/Board/Model/Item/ItemSwallowChain.lua	assignment observed; dynamic field
Board.Model.Item.ItemSwallowChain	m_maxLevel	27	code/Lua/decompiled/Board/Model/Item/ItemSwallowChain.lua	assignment observed; dynamic field
Board.Model.Item.ItemSwallowChain	m_chainList	28	code/Lua/decompiled/Board/Model/Item/ItemSwallowChain.lua	assignment observed; dynamic field
Board.Model.Item.ItemSwallowChain	m_itemRateMap	30	code/Lua/decompiled/Board/Model/Item/ItemSwallowChain.lua	assignment observed; dynamic field
Board.Model.Item.ItemSwallowChain	m_itemRateMap	35	code/Lua/decompiled/Board/Model/Item/ItemSwallowChain.lua	assignment observed; dynamic field
Board.Model.Item.ItemSwallowChain	m_generateTime	45	code/Lua/decompiled/Board/Model/Item/ItemSwallowChain.lua	assignment observed; dynamic field
Board.Model.Item.ItemToken	m_isBubble	36	code/Lua/decompiled/Board/Model/Item/ItemToken.lua	assignment observed; dynamic field
Board.Model.Item.ItemToken	m_tokens	37	code/Lua/decompiled/Board/Model/Item/ItemToken.lua	assignment observed; dynamic field
Board.Model.Item.ItemToken	m_isCollected	38	code/Lua/decompiled/Board/Model/Item/ItemToken.lua	assignment observed; dynamic field
Board.Model.Item.ItemToken	m_tokens	115	code/Lua/decompiled/Board/Model/Item/ItemToken.lua	assignment observed; dynamic field
Board.Model.Item.ItemToken	m_isCollected	116	code/Lua/decompiled/Board/Model/Item/ItemToken.lua	assignment observed; dynamic field
Board.Model.Item.ItemTransform	event	12	code/Lua/decompiled/Board/Model/Item/ItemTransform.lua	assignment observed; dynamic field
Board.Model.Item.ItemTransform	m_targetItemType	13	code/Lua/decompiled/Board/Model/Item/ItemTransform.lua	assignment observed; dynamic field
Board.Model.Item.ItemTransform	m_transformCodeWeightPairs	14	code/Lua/decompiled/Board/Model/Item/ItemTransform.lua	assignment observed; dynamic field
Board.Model.Item.ItemTransform	m_duration	15	code/Lua/decompiled/Board/Model/Item/ItemTransform.lua	assignment observed; dynamic field
Board.Model.Item.ItemTransform	m_costEnergy	16	code/Lua/decompiled/Board/Model/Item/ItemTransform.lua	assignment observed; dynamic field
Board.Model.Item.ItemTransform	m_canTap	17	code/Lua/decompiled/Board/Model/Item/ItemTransform.lua	assignment observed; dynamic field
Board.Model.Item.ItemTransform	m_startTimer	19	code/Lua/decompiled/Board/Model/Item/ItemTransform.lua	assignment observed; dynamic field
Board.Model.Item.ItemTransform	m_startTimer	21	code/Lua/decompiled/Board/Model/Item/ItemTransform.lua	assignment observed; dynamic field
Board.Model.Item.ItemTransform	m_startTimer	26	code/Lua/decompiled/Board/Model/Item/ItemTransform.lua	assignment observed; dynamic field
Board.Model.Item.ItemTransform	m_startTimer	72	code/Lua/decompiled/Board/Model/Item/ItemTransform.lua	assignment observed; dynamic field
Board.Model.Item.ItemTransform	m_duration	97	code/Lua/decompiled/Board/Model/Item/ItemTransform.lua	assignment observed; dynamic field
Board.Model.Item.ItemTransform	m_startTimer	120	code/Lua/decompiled/Board/Model/Item/ItemTransform.lua	assignment observed; dynamic field
Board.Model.Item.ItemTransform	m_targetItemType	131	code/Lua/decompiled/Board/Model/Item/ItemTransform.lua	assignment observed; dynamic field
Board.Model.Item.ItemTransform	m_targetItemType	218	code/Lua/decompiled/Board/Model/Item/ItemTransform.lua	assignment observed; dynamic field
Board.Model.Item.ItemTransform	m_targetItemType	236	code/Lua/decompiled/Board/Model/Item/ItemTransform.lua	assignment observed; dynamic field
Board.Model.Item.ItemTransform	m_targetItemType	240	code/Lua/decompiled/Board/Model/Item/ItemTransform.lua	assignment observed; dynamic field
Board.Model.Item.ItemTransform	m_targetItemType	245	code/Lua/decompiled/Board/Model/Item/ItemTransform.lua	assignment observed; dynamic field
Board.Model.Item.ItemWheel	m_itemId	11	code/Lua/decompiled/Board/Model/Item/ItemWheel.lua	assignment observed; dynamic field
Board.Model.Item.ItemWheel	m_itemId	15	code/Lua/decompiled/Board/Model/Item/ItemWheel.lua	assignment observed; dynamic field
Board.Model.Order.BaseOrder	m_boardModel	27	code/Lua/decompiled/Board/Model/Order/BaseOrder.lua	assignment observed; dynamic field
Board.Model.Order.BaseOrder	m_id	28	code/Lua/decompiled/Board/Model/Order/BaseOrder.lua	assignment observed; dynamic field
Board.Model.Order.BaseOrder	m_requirements	29	code/Lua/decompiled/Board/Model/Order/BaseOrder.lua	assignment observed; dynamic field
Board.Model.Order.BaseOrder	m_type	30	code/Lua/decompiled/Board/Model/Order/BaseOrder.lua	assignment observed; dynamic field
Board.Model.Order.BaseOrder	m_createTime	31	code/Lua/decompiled/Board/Model/Order/BaseOrder.lua	assignment observed; dynamic field
Board.Model.Order.BaseOrder	m_filledRequirementCount	32	code/Lua/decompiled/Board/Model/Order/BaseOrder.lua	assignment observed; dynamic field
Board.Model.Order.BaseOrder	m_requirementFillStates	33	code/Lua/decompiled/Board/Model/Order/BaseOrder.lua	assignment observed; dynamic field
Board.Model.Order.BaseOrder	m_requirementStoredFillStates	34	code/Lua/decompiled/Board/Model/Order/BaseOrder.lua	assignment observed; dynamic field
Board.Model.Order.BaseOrder	m_car	35	code/Lua/decompiled/Board/Model/Order/BaseOrder.lua	assignment observed; dynamic field
Board.Model.Order.BaseOrder	m_rewards	39	code/Lua/decompiled/Board/Model/Order/BaseOrder.lua	assignment observed; dynamic field
Board.Model.Order.BaseOrder	m_mapRequiredChains	76	code/Lua/decompiled/Board/Model/Order/BaseOrder.lua	assignment observed; dynamic field
Board.Model.Order.BaseOrder	m_state	121	code/Lua/decompiled/Board/Model/Order/BaseOrder.lua	assignment observed; dynamic field
Board.Model.Order.BaseOrder	m_stateChange	122	code/Lua/decompiled/Board/Model/Order/BaseOrder.lua	assignment observed; dynamic field
Board.Model.Order.BaseOrder	m_stateChange	124	code/Lua/decompiled/Board/Model/Order/BaseOrder.lua	assignment observed; dynamic field
Board.Model.Order.BaseOrder	m_state	126	code/Lua/decompiled/Board/Model/Order/BaseOrder.lua	assignment observed; dynamic field
Board.Model.Order.BaseOrder	m_stateChangeTime	127	code/Lua/decompiled/Board/Model/Order/BaseOrder.lua	assignment observed; dynamic field
Board.Model.Order.BaseOrder	m_filledRequirementCount	133	code/Lua/decompiled/Board/Model/Order/BaseOrder.lua	assignment observed; dynamic field
Board.Model.Order.BaseOrder	m_bUseStore	134	code/Lua/decompiled/Board/Model/Order/BaseOrder.lua	assignment observed; dynamic field
Board.Model.Order.BaseOrder	m_filledRequirementCount	158	code/Lua/decompiled/Board/Model/Order/BaseOrder.lua	assignment observed; dynamic field
Board.Model.Order.BaseOrder	m_bUseStore	174	code/Lua/decompiled/Board/Model/Order/BaseOrder.lua	assignment observed; dynamic field
Board.Model.Order.BaseOrder	m_filledRequirementCount	176	code/Lua/decompiled/Board/Model/Order/BaseOrder.lua	assignment observed; dynamic field
Board.Model.Order.BaseOrder	m_filledRequirementCount	178	code/Lua/decompiled/Board/Model/Order/BaseOrder.lua	assignment observed; dynamic field
Board.Model.Order.BaseOrder	m_state	191	code/Lua/decompiled/Board/Model/Order/BaseOrder.lua	assignment observed; dynamic field
Board.Model.Order.BaseOrder	m_bIsExtraOrder	390	code/Lua/decompiled/Board/Model/Order/BaseOrder.lua	assignment observed; dynamic field
Board.Model.Order.BaseOrder	m_bIsExtraOrder	394	code/Lua/decompiled/Board/Model/Order/BaseOrder.lua	assignment observed; dynamic field
Board.Model.Order.BaseOrder	m_bCountDownPaused	402	code/Lua/decompiled/Board/Model/Order/BaseOrder.lua	assignment observed; dynamic field
Board.Model.Order.BaseOrder	m_orderLastTime	406	code/Lua/decompiled/Board/Model/Order/BaseOrder.lua	assignment observed; dynamic field
Board.Model.Order.BaseOrder	m_endTime	409	code/Lua/decompiled/Board/Model/Order/BaseOrder.lua	assignment observed; dynamic field
Board.Model.Order.BaseOrder	m_bCountDownPaused	410	code/Lua/decompiled/Board/Model/Order/BaseOrder.lua	assignment observed; dynamic field
Board.Model.Order.BaseOrder	m_sunshineReward	440	code/Lua/decompiled/Board/Model/Order/BaseOrder.lua	assignment observed; dynamic field
Board.Model.Order.BaseOrder	m_sunshineReward	450	code/Lua/decompiled/Board/Model/Order/BaseOrder.lua	assignment observed; dynamic field
Board.Model.Order.BaseOrderModel	m_boardModel	5	code/Lua/decompiled/Board/Model/Order/BaseOrderModel.lua	assignment observed; dynamic field
Board.Model.Order.BaseOrderModel	m_dbFinFixTable	6	code/Lua/decompiled/Board/Model/Order/BaseOrderModel.lua	assignment observed; dynamic field
Board.Model.Order.BaseOrderModel	m_avatarMap	7	code/Lua/decompiled/Board/Model/Order/BaseOrderModel.lua	assignment observed; dynamic field
Board.Model.Order.BaseOrderModel	m_mapGen2ITScore	23	code/Lua/decompiled/Board/Model/Order/BaseOrderModel.lua	assignment observed; dynamic field
Board.Model.Order.BaseOrderModel	m_notInOrderScore	24	code/Lua/decompiled/Board/Model/Order/BaseOrderModel.lua	assignment observed; dynamic field
Board.Model.Order.BaseOrderModel	m_mapITItemAvgScore	27	code/Lua/decompiled/Board/Model/Order/BaseOrderModel.lua	assignment observed; dynamic field
Board.Model.Order.BaseOrderModel	m_avatarMap	135	code/Lua/decompiled/Board/Model/Order/BaseOrderModel.lua	assignment observed; dynamic field
Board.Model.Order.BaseOrderModel	m_orders	136	code/Lua/decompiled/Board/Model/Order/BaseOrderModel.lua	assignment observed; dynamic field
Board.Model.Order.BaseOrderModel	m_finFixs	137	code/Lua/decompiled/Board/Model/Order/BaseOrderModel.lua	assignment observed; dynamic field
Board.Model.Order.BaseOrderModel	m_mapGen2ITScore	138	code/Lua/decompiled/Board/Model/Order/BaseOrderModel.lua	assignment observed; dynamic field
Board.Model.Order.BaseOrderModel	m_mapITItemAvgScore	139	code/Lua/decompiled/Board/Model/Order/BaseOrderModel.lua	assignment observed; dynamic field
Board.Model.Order.BaseOrderModel	m_orders	145	code/Lua/decompiled/Board/Model/Order/BaseOrderModel.lua	assignment observed; dynamic field
Board.Model.Order.BaseOrderModel	m_finFixs	146	code/Lua/decompiled/Board/Model/Order/BaseOrderModel.lua	assignment observed; dynamic field
Board.Model.Order.BaseOrderModel	m_orders	151	code/Lua/decompiled/Board/Model/Order/BaseOrderModel.lua	assignment observed; dynamic field
Board.Model.Order.BaseOrderModel	m_codeStateMap	288	code/Lua/decompiled/Board/Model/Order/BaseOrderModel.lua	assignment observed; dynamic field
Board.Model.Order.BaseOrderModel	m_codeRequireCount	289	code/Lua/decompiled/Board/Model/Order/BaseOrderModel.lua	assignment observed; dynamic field
Board.Model.Order.BaseOrderModel	m_allStateCodeRequireCount	290	code/Lua/decompiled/Board/Model/Order/BaseOrderModel.lua	assignment observed; dynamic field
Board.Model.Order.CurtainCallOrder	m_pdChainId	12	code/Lua/decompiled/Board/Model/Order/CurtainCallOrder.lua	assignment observed; dynamic field
Board.Model.Order.CurtainCallOrder	m_pdNumber	13	code/Lua/decompiled/Board/Model/Order/CurtainCallOrder.lua	assignment observed; dynamic field
Board.Model.Order.CurtainCallOrder	m_bUseStore	35	code/Lua/decompiled/Board/Model/Order/CurtainCallOrder.lua	assignment observed; dynamic field
Board.Model.Order.CurtainCallOrder	m_requirements	67	code/Lua/decompiled/Board/Model/Order/CurtainCallOrder.lua	assignment observed; dynamic field
Board.Model.Order.CurtainCallOrder	m_mapRequirementsInCobweb	68	code/Lua/decompiled/Board/Model/Order/CurtainCallOrder.lua	assignment observed; dynamic field
Board.Model.Order.CurtainCallOrder	m_mapPdRequirements	69	code/Lua/decompiled/Board/Model/Order/CurtainCallOrder.lua	assignment observed; dynamic field
Board.Model.Order.CurtainCallOrder	m_arrRemoveItems	73	code/Lua/decompiled/Board/Model/Order/CurtainCallOrder.lua	assignment observed; dynamic field
Board.Model.Order.CurtainCallOrder	m_arrToStorePdItems	74	code/Lua/decompiled/Board/Model/Order/CurtainCallOrder.lua	assignment observed; dynamic field
Board.Model.Order.CurtainCallOrder	m_arrStoredPdItems	75	code/Lua/decompiled/Board/Model/Order/CurtainCallOrder.lua	assignment observed; dynamic field
Board.Model.Order.CurtainCallOrder	finishScore	76	code/Lua/decompiled/Board/Model/Order/CurtainCallOrder.lua	assignment observed; dynamic field
Board.Model.Order.CurtainCallOrder	m_arrCostInfo	77	code/Lua/decompiled/Board/Model/Order/CurtainCallOrder.lua	assignment observed; dynamic field
Board.Model.Order.CurtainCallOrder	finishScore	114	code/Lua/decompiled/Board/Model/Order/CurtainCallOrder.lua	assignment observed; dynamic field
Board.Model.Order.CurtainCallOrder	m_mapPickBox	116	code/Lua/decompiled/Board/Model/Order/CurtainCallOrder.lua	assignment observed; dynamic field
Board.Model.Order.CurtainCallOrder	m_mapPickBox	117	code/Lua/decompiled/Board/Model/Order/CurtainCallOrder.lua	assignment observed; dynamic field
Board.Model.Order.CurtainCallOrder	finishScore	159	code/Lua/decompiled/Board/Model/Order/CurtainCallOrder.lua	assignment observed; dynamic field
Board.Model.Order.CurtainCallOrder	m_arrStoredPdItems	178	code/Lua/decompiled/Board/Model/Order/CurtainCallOrder.lua	assignment observed; dynamic field
Board.Model.Order.CurtainCallOrder	m_rewards	181	code/Lua/decompiled/Board/Model/Order/CurtainCallOrder.lua	assignment observed; dynamic field
Board.Model.Order.CurtainCallOrder	m_requirements	185	code/Lua/decompiled/Board/Model/Order/CurtainCallOrder.lua	assignment observed; dynamic field
Board.Model.Order.CurtainCallOrder	m_rewards	186	code/Lua/decompiled/Board/Model/Order/CurtainCallOrder.lua	assignment observed; dynamic field
Board.Model.Order.CurtainCallOrder	m_mapRequirementsInCobweb	187	code/Lua/decompiled/Board/Model/Order/CurtainCallOrder.lua	assignment observed; dynamic field
Board.Model.Order.CurtainCallOrder	m_mapPdRequirements	188	code/Lua/decompiled/Board/Model/Order/CurtainCallOrder.lua	assignment observed; dynamic field
Board.Model.Order.CurtainCallOrder	m_mapPdRequirementsInCobweb	189	code/Lua/decompiled/Board/Model/Order/CurtainCallOrder.lua	assignment observed; dynamic field
Board.Model.Order.CurtainCallOrder	m_mapPickBox	190	code/Lua/decompiled/Board/Model/Order/CurtainCallOrder.lua	assignment observed; dynamic field
Board.Model.Order.CurtainCallOrder	m_bNeedPlayEnterAnimation	207	code/Lua/decompiled/Board/Model/Order/CurtainCallOrder.lua	assignment observed; dynamic field
Board.Model.Order.CurtainCallOrder	m_bStorePdSuccess	211	code/Lua/decompiled/Board/Model/Order/CurtainCallOrder.lua	assignment observed; dynamic field
Board.Model.Order.MainOrder	m_orderModel	12	code/Lua/decompiled/Board/Model/Order/MainOrder.lua	assignment observed; dynamic field
Board.Model.Order.MainOrder	m_avatarId	13	code/Lua/decompiled/Board/Model/Order/MainOrder.lua	assignment observed; dynamic field
Board.Model.Order.MainOrder	m_laneName	14	code/Lua/decompiled/Board/Model/Order/MainOrder.lua	assignment observed; dynamic field
Board.Model.Order.MainOrder	m_difficulty	15	code/Lua/decompiled/Board/Model/Order/MainOrder.lua	assignment observed; dynamic field
Board.Model.Order.MainOrder	m_laneId	16	code/Lua/decompiled/Board/Model/Order/MainOrder.lua	assignment observed; dynamic field
Board.Model.Order.MainOrder	m_createScore	18	code/Lua/decompiled/Board/Model/Order/MainOrder.lua	assignment observed; dynamic field
Board.Model.Order.MainOrder	m_endTime	19	code/Lua/decompiled/Board/Model/Order/MainOrder.lua	assignment observed; dynamic field
Board.Model.Order.MainOrder	m_orderLastTime	20	code/Lua/decompiled/Board/Model/Order/MainOrder.lua	assignment observed; dynamic field
Board.Model.Order.MainOrder	m_avatarId	60	code/Lua/decompiled/Board/Model/Order/MainOrder.lua	assignment observed; dynamic field
Board.Model.Order.MainOrder	m_siblingIndex	102	code/Lua/decompiled/Board/Model/Order/MainOrder.lua	assignment observed; dynamic field
Board.Model.Order.MainOrder	m_tutorialStage	110	code/Lua/decompiled/Board/Model/Order/MainOrder.lua	assignment observed; dynamic field
Board.Model.Order.MainOrderModel	m_dbItemRecentTable	19	code/Lua/decompiled/Board/Model/Order/MainOrderModel.lua	assignment observed; dynamic field
Board.Model.Order.MainOrderModel	m_dbTable	20	code/Lua/decompiled/Board/Model/Order/MainOrderModel.lua	assignment observed; dynamic field
Board.Model.Order.MainOrderModel	m_dbOrderLaneMeta	21	code/Lua/decompiled/Board/Model/Order/MainOrderModel.lua	assignment observed; dynamic field
Board.Model.Order.MainOrderModel	m_orderIdGenerator	22	code/Lua/decompiled/Board/Model/Order/MainOrderModel.lua	assignment observed; dynamic field
Board.Model.Order.MainOrderModel	m_laneQueque	23	code/Lua/decompiled/Board/Model/Order/MainOrderModel.lua	assignment observed; dynamic field
Board.Model.Order.MainOrderModel	m_circleQueue	24	code/Lua/decompiled/Board/Model/Order/MainOrderModel.lua	assignment observed; dynamic field
Board.Model.Order.MainOrderModel	m_nMaxLaneNum	25	code/Lua/decompiled/Board/Model/Order/MainOrderModel.lua	assignment observed; dynamic field
Board.Model.Order.MainOrderModel	m_nMaxRecallLaneNum	26	code/Lua/decompiled/Board/Model/Order/MainOrderModel.lua	assignment observed; dynamic field
Board.Model.Order.MainOrderModel	m_orderItemConfig	27	code/Lua/decompiled/Board/Model/Order/MainOrderModel.lua	assignment observed; dynamic field
Board.Model.Order.MainOrderModel	m_bSyncDataFinished	31	code/Lua/decompiled/Board/Model/Order/MainOrderModel.lua	assignment observed; dynamic field
Board.Model.Order.MainOrderModel	m_mapItemRencent	35	code/Lua/decompiled/Board/Model/Order/MainOrderModel.lua	assignment observed; dynamic field
Board.Model.Order.MainOrderModel	m_mapFreeItemRecent	36	code/Lua/decompiled/Board/Model/Order/MainOrderModel.lua	assignment observed; dynamic field
Board.Model.Order.MainOrderModel	m_bLaneOpen	98	code/Lua/decompiled/Board/Model/Order/MainOrderModel.lua	assignment observed; dynamic field
Board.Model.Order.MainOrderModel	m_mapLaneIDConfig	127	code/Lua/decompiled/Board/Model/Order/MainOrderModel.lua	assignment observed; dynamic field
Board.Model.Order.MainOrderModel	m_mapExtraCarCount	128	code/Lua/decompiled/Board/Model/Order/MainOrderModel.lua	assignment observed; dynamic field
Board.Model.Order.MainOrderModel	m_carCircleState	129	code/Lua/decompiled/Board/Model/Order/MainOrderModel.lua	assignment observed; dynamic field
Board.Model.Order.MainOrderModel	m_mapCarCount	130	code/Lua/decompiled/Board/Model/Order/MainOrderModel.lua	assignment observed; dynamic field
Board.Model.Order.MainOrderModel	m_mapCarCount	164	code/Lua/decompiled/Board/Model/Order/MainOrderModel.lua	assignment observed; dynamic field
Board.Model.Order.MainOrderModel	m_mapRecallCarConfig	168	code/Lua/decompiled/Board/Model/Order/MainOrderModel.lua	assignment observed; dynamic field
Board.Model.Order.MainOrderModel	m_avatarConfig	183	code/Lua/decompiled/Board/Model/Order/MainOrderModel.lua	assignment observed; dynamic field
Board.Model.Order.MainOrderModel	m_scoreSeq	184	code/Lua/decompiled/Board/Model/Order/MainOrderModel.lua	assignment observed; dynamic field
Board.Model.Order.MainOrderModel	m_seqLen	185	code/Lua/decompiled/Board/Model/Order/MainOrderModel.lua	assignment observed; dynamic field
Board.Model.Order.MainOrderModel	m_randomOrderConfig	187	code/Lua/decompiled/Board/Model/Order/MainOrderModel.lua	assignment observed; dynamic field
Board.Model.Order.MainOrderModel	m_clearOrderConfig	189	code/Lua/decompiled/Board/Model/Order/MainOrderModel.lua	assignment observed; dynamic field
Board.Model.Order.MainOrderModel	m_precleanOrderConfig	190	code/Lua/decompiled/Board/Model/Order/MainOrderModel.lua	assignment observed; dynamic field
Board.Model.Order.MainOrderModel	m_fixedOrderConfig	195	code/Lua/decompiled/Board/Model/Order/MainOrderModel.lua	assignment observed; dynamic field
Board.Model.Order.MainOrderModel	m_arrFixedOrderConfigs	196	code/Lua/decompiled/Board/Model/Order/MainOrderModel.lua	assignment observed; dynamic field
Board.Model.Order.MainOrderModel	m_fixedOrderChainMap	203	code/Lua/decompiled/Board/Model/Order/MainOrderModel.lua	assignment observed; dynamic field
Board.Model.Order.MainOrderModel	m_bCheckResourcesFinished	287	code/Lua/decompiled/Board/Model/Order/MainOrderModel.lua	assignment observed; dynamic field
Board.Model.Order.MainOrderModel	m_bLateInit	297	code/Lua/decompiled/Board/Model/Order/MainOrderModel.lua	assignment observed; dynamic field
Board.Model.Order.MainOrderModel	m_arrHasCurtainCallProducer	687	code/Lua/decompiled/Board/Model/Order/MainOrderModel.lua	assignment observed; dynamic field
Board.Model.Order.MainOrderModel	m_arrHasCurtainCallProducer	689	code/Lua/decompiled/Board/Model/Order/MainOrderModel.lua	assignment observed; dynamic field
Board.Model.Order.MainOrderModel	m_arrToShowCurtainOrders	713	code/Lua/decompiled/Board/Model/Order/MainOrderModel.lua	assignment observed; dynamic field
Board.Model.Order.MainOrderModel	m_arrToShowCurtainOrders	733	code/Lua/decompiled/Board/Model/Order/MainOrderModel.lua	assignment observed; dynamic field
Board.Model.Order.MainOrderModel	m_pdNumConfigMd5	1086	code/Lua/decompiled/Board/Model/Order/MainOrderModel.lua	assignment observed; dynamic field
Board.Model.Order.MainOrderModel	m_pdNumConfigInNumber	1089	code/Lua/decompiled/Board/Model/Order/MainOrderModel.lua	assignment observed; dynamic field
Board.Model.Order.MainOrderModel	m_pdNumConfigInNumber	1091	code/Lua/decompiled/Board/Model/Order/MainOrderModel.lua	assignment observed; dynamic field
Board.Model.Order.MainOrderModel	m_pdNumConfigInNumber	1094	code/Lua/decompiled/Board/Model/Order/MainOrderModel.lua	assignment observed; dynamic field
Board.Model.Order.MainOrderModel	m_avatarList	1381	code/Lua/decompiled/Board/Model/Order/MainOrderModel.lua	assignment observed; dynamic field
Board.Model.Order.MainOrderModel	m_laneQueque	1548	code/Lua/decompiled/Board/Model/Order/MainOrderModel.lua	assignment observed; dynamic field
Board.Model.Order.MainOrderModel	m_laneQueque	1550	code/Lua/decompiled/Board/Model/Order/MainOrderModel.lua	assignment observed; dynamic field
Board.Model.Order.MainOrderModel	m_carHoldMap	1561	code/Lua/decompiled/Board/Model/Order/MainOrderModel.lua	assignment observed; dynamic field
Board.Model.Order.MainOrderModel	m_circleQueue	1596	code/Lua/decompiled/Board/Model/Order/MainOrderModel.lua	assignment observed; dynamic field
Board.Model.Order.MainOrderModel	m_recallQueue	1610	code/Lua/decompiled/Board/Model/Order/MainOrderModel.lua	assignment observed; dynamic field
Board.Model.Order.MainOrderModel	m_orderItemConfigMd5	1856	code/Lua/decompiled/Board/Model/Order/MainOrderModel.lua	assignment observed; dynamic field
Board.Model.Order.MainOrderModel	m_orderItemConfigMd5	1859	code/Lua/decompiled/Board/Model/Order/MainOrderModel.lua	assignment observed; dynamic field
Board.Model.Order.MainOrderModel	m_orderItemConfig	1861	code/Lua/decompiled/Board/Model/Order/MainOrderModel.lua	assignment observed; dynamic field
Board.Model.Order.OrderConfig	id	11	code/Lua/decompiled/Board/Model/Order/OrderConfig.lua	assignment observed; dynamic field
Board.Model.Order.OrderConfig	rewards	12	code/Lua/decompiled/Board/Model/Order/OrderConfig.lua	assignment observed; dynamic field
Board.Model.Order.OrderConfig	avatar	13	code/Lua/decompiled/Board/Model/Order/OrderConfig.lua	assignment observed; dynamic field
Board.Model.Order.OrderConfig	chainId	14	code/Lua/decompiled/Board/Model/Order/OrderConfig.lua	assignment observed; dynamic field
Board.Model.Order.OrderConfig	condition	36	code/Lua/decompiled/Board/Model/Order/OrderConfig.lua	assignment observed; dynamic field
Board.Model.Order.OrderConfig	requirements	46	code/Lua/decompiled/Board/Model/Order/OrderConfig.lua	assignment observed; dynamic field
Board.Model.Order.OrderConfig	rewardWeight2MaxLevel	72	code/Lua/decompiled/Board/Model/Order/OrderConfig.lua	assignment observed; dynamic field
Board.Model.Order.OrderConfig	rewardWeight3MaxLevel	73	code/Lua/decompiled/Board/Model/Order/OrderConfig.lua	assignment observed; dynamic field
Board.View.Item.ItemView	m_model	22	code/Lua/decompiled/Board/View/Item/ItemView.lua	assignment observed; dynamic field
Board.View.Item.ItemView	m_components	23	code/Lua/decompiled/Board/View/Item/ItemView.lua	assignment observed; dynamic field
Board.View.Item.ItemView	m_tweens	24	code/Lua/decompiled/Board/View/Item/ItemView.lua	assignment observed; dynamic field
Board.View.Item.ItemView	m_effectTail	29	code/Lua/decompiled/Board/View/Item/ItemView.lua	assignment observed; dynamic field
Board.View.Item.ItemView	m_originalMaterial	130	code/Lua/decompiled/Board/View/Item/ItemView.lua	assignment observed; dynamic field
Board.View.Item.ItemView	m_sboxEffectSeq	156	code/Lua/decompiled/Board/View/Item/ItemView.lua	assignment observed; dynamic field
Board.View.Item.ItemView	m_checkState	213	code/Lua/decompiled/Board/View/Item/ItemView.lua	assignment observed; dynamic field
Board.View.Item.ItemView	m_checkState	224	code/Lua/decompiled/Board/View/Item/ItemView.lua	assignment observed; dynamic field
Board.View.Item.ItemView	m_checkImg	226	code/Lua/decompiled/Board/View/Item/ItemView.lua	assignment observed; dynamic field
Board.View.Item.ItemView	m_bCheckShow	235	code/Lua/decompiled/Board/View/Item/ItemView.lua	assignment observed; dynamic field
Board.View.Item.ItemView	m_bCheckShow	240	code/Lua/decompiled/Board/View/Item/ItemView.lua	assignment observed; dynamic field
Board.View.Item.ItemView	m_effectsLuckyProduce	247	code/Lua/decompiled/Board/View/Item/ItemView.lua	assignment observed; dynamic field
Board.View.Item.ItemView	m_sboxEffectSeq	251	code/Lua/decompiled/Board/View/Item/ItemView.lua	assignment observed; dynamic field
Board.View.Item.ItemView	m_starGo	294	code/Lua/decompiled/Board/View/Item/ItemView.lua	assignment observed; dynamic field
Board.View.Item.ItemView	m_retriveLightEffectGo	409	code/Lua/decompiled/Board/View/Item/ItemView.lua	assignment observed; dynamic field
Board.View.Item.ItemView	m_mergeLightTween	435	code/Lua/decompiled/Board/View/Item/ItemView.lua	assignment observed; dynamic field
Board.View.Item.ItemView	m_mergeLightObject	436	code/Lua/decompiled/Board/View/Item/ItemView.lua	assignment observed; dynamic field
Board.View.Item.ItemView	m_mergeLightTween	443	code/Lua/decompiled/Board/View/Item/ItemView.lua	assignment observed; dynamic field
Board.View.Item.ItemView	m_mergeLightObject	447	code/Lua/decompiled/Board/View/Item/ItemView.lua	assignment observed; dynamic field
Board.View.Item.ItemView	m_effectsLuckyProduce	489	code/Lua/decompiled/Board/View/Item/ItemView.lua	assignment observed; dynamic field
Board.View.Item.ItemView	m_retriveLightEffectGo	500	code/Lua/decompiled/Board/View/Item/ItemView.lua	assignment observed; dynamic field
Board.View.Item.ItemView	m_formerSpriteAlpha	510	code/Lua/decompiled/Board/View/Item/ItemView.lua	assignment observed; dynamic field
Board.View.Item.ItemView	m_formerInnerSpriteAlpha	511	code/Lua/decompiled/Board/View/Item/ItemView.lua	assignment observed; dynamic field
Board.View.Item.ItemView	m_formerSpriteAlpha	520	code/Lua/decompiled/Board/View/Item/ItemView.lua	assignment observed; dynamic field
Board.View.Item.ItemView	m_formerInnerSpriteAlpha	524	code/Lua/decompiled/Board/View/Item/ItemView.lua	assignment observed; dynamic field
Board.View.Item.ItemView	m_mergeAnimTween	534	code/Lua/decompiled/Board/View/Item/ItemView.lua	assignment observed; dynamic field
Board.View.Item.ItemView	m_mergeAnimTween	541	code/Lua/decompiled/Board/View/Item/ItemView.lua	assignment observed; dynamic field
Board.View.Item.ItemView	m_checkState	562	code/Lua/decompiled/Board/View/Item/ItemView.lua	assignment observed; dynamic field
Board.View.Item.ItemView	m_itemSplitAnimationGo	635	code/Lua/decompiled/Board/View/Item/ItemView.lua	assignment observed; dynamic field
Board.View.Item.ItemView	m_itemSplitAnimationGo	638	code/Lua/decompiled/Board/View/Item/ItemView.lua	assignment observed; dynamic field
Board.View.Item.ItemView	m_promptOriginPos	660	code/Lua/decompiled/Board/View/Item/ItemView.lua	assignment observed; dynamic field
Board.View.Item.ItemView	m_promptOriginPos	687	code/Lua/decompiled/Board/View/Item/ItemView.lua	assignment observed; dynamic field
Board.View.Item.ItemView	m_timeSkipEffect	738	code/Lua/decompiled/Board/View/Item/ItemView.lua	assignment observed; dynamic field
Board.View.Item.ItemView	m_timeSkipEffect	740	code/Lua/decompiled/Board/View/Item/ItemView.lua	assignment observed; dynamic field
Board.View.Item.ItemView	m_timeSkipEffect	745	code/Lua/decompiled/Board/View/Item/ItemView.lua	assignment observed; dynamic field
Board.View.Item.ItemView	m_jumpTween	751	code/Lua/decompiled/Board/View/Item/ItemView.lua	assignment observed; dynamic field
Board.View.Item.ItemView	m_jumpTween	757	code/Lua/decompiled/Board/View/Item/ItemView.lua	assignment observed; dynamic field
Board.View.Item.ItemView	cantClick	859	code/Lua/decompiled/Board/View/Item/ItemView.lua	assignment observed; dynamic field
Board.View.Item.ItemView	cantClick	861	code/Lua/decompiled/Board/View/Item/ItemView.lua	assignment observed; dynamic field
Board.View.Item.ItemView	m_effectsLuckyProduceFly	867	code/Lua/decompiled/Board/View/Item/ItemView.lua	assignment observed; dynamic field
Board.View.Item.ItemView	m_effectsLuckyProduceFly	868	code/Lua/decompiled/Board/View/Item/ItemView.lua	assignment observed; dynamic field
Board.View.Item.ItemView	m_spriteRendererScale	873	code/Lua/decompiled/Board/View/Item/ItemView.lua	assignment observed; dynamic field
Board.View.Item.ItemView	m_checkScale	875	code/Lua/decompiled/Board/View/Item/ItemView.lua	assignment observed; dynamic field
Board.View.Item.ItemView	m_effectsLuckyProduceFly	885	code/Lua/decompiled/Board/View/Item/ItemView.lua	assignment observed; dynamic field
Board.View.Item.ItemView	m_spriteRendererScale	887	code/Lua/decompiled/Board/View/Item/ItemView.lua	assignment observed; dynamic field
Board.View.Item.ItemView	m_checkScale	889	code/Lua/decompiled/Board/View/Item/ItemView.lua	assignment observed; dynamic field
Board.View.Item.ItemView	m_sunshineFlyItem	926	code/Lua/decompiled/Board/View/Item/ItemView.lua	assignment observed; dynamic field
Board.View.Item.ItemView	m_sunshineFlyItem	942	code/Lua/decompiled/Board/View/Item/ItemView.lua	assignment observed; dynamic field
Board.View.Item.ItemView	m_triggerPlaneFlyItem	965	code/Lua/decompiled/Board/View/Item/ItemView.lua	assignment observed; dynamic field
Board.View.Item.ItemView	m_sboxEffectSeq	1014	code/Lua/decompiled/Board/View/Item/ItemView.lua	assignment observed; dynamic field
Board.View.Item.ItemView	m_sboxEffectSeq	1021	code/Lua/decompiled/Board/View/Item/ItemView.lua	assignment observed; dynamic field
Board.View.Item.ItemView	m_spriteRendererSize	1025	code/Lua/decompiled/Board/View/Item/ItemView.lua	assignment observed; dynamic field
Board.View.Item.ItemView	m_spriteRendererSize	1027	code/Lua/decompiled/Board/View/Item/ItemView.lua	assignment observed; dynamic field
Board.View.Item.ItemView	m_spriteRendererSize	1029	code/Lua/decompiled/Board/View/Item/ItemView.lua	assignment observed; dynamic field
Board.View.Order.OrderCell	m_order	15	code/Lua/decompiled/Board/View/Order/OrderCell.lua	assignment observed; dynamic field
Board.View.Order.OrderCell	m_bIsChest	16	code/Lua/decompiled/Board/View/Order/OrderCell.lua	assignment observed; dynamic field
Board.View.Order.OrderCell	m_orderArea	17	code/Lua/decompiled/Board/View/Order/OrderCell.lua	assignment observed; dynamic field
Board.View.Order.OrderCell	m_orderActType	18	code/Lua/decompiled/Board/View/Order/OrderCell.lua	assignment observed; dynamic field
Board.View.Order.OrderCell	m_orderRewardPos	23	code/Lua/decompiled/Board/View/Order/OrderCell.lua	assignment observed; dynamic field
Board.View.Order.OrderCell	m_orderRewardPos	24	code/Lua/decompiled/Board/View/Order/OrderCell.lua	assignment observed; dynamic field
Board.View.Order.OrderCell	m_exRewardsPos	25	code/Lua/decompiled/Board/View/Order/OrderCell.lua	assignment observed; dynamic field
Board.View.Order.OrderCell	m_icons	29	code/Lua/decompiled/Board/View/Order/OrderCell.lua	assignment observed; dynamic field
Board.View.Order.OrderCell	m_showDeliver	50	code/Lua/decompiled/Board/View/Order/OrderCell.lua	assignment observed; dynamic field
Board.View.Order.OrderCell	m_avatarName	107	code/Lua/decompiled/Board/View/Order/OrderCell.lua	assignment observed; dynamic field
Board.View.Order.OrderCell	m_avatarGo	110	code/Lua/decompiled/Board/View/Order/OrderCell.lua	assignment observed; dynamic field
Board.View.Order.OrderCell	m_avatarGo	113	code/Lua/decompiled/Board/View/Order/OrderCell.lua	assignment observed; dynamic field
Board.View.Order.OrderCell	m_arrReward	162	code/Lua/decompiled/Board/View/Order/OrderCell.lua	assignment observed; dynamic field
Board.View.Order.OrderCell	m_forceUpdateSunshineReward	172	code/Lua/decompiled/Board/View/Order/OrderCell.lua	assignment observed; dynamic field
Board.View.Order.OrderCell	m_orderRewardConfigMd5	188	code/Lua/decompiled/Board/View/Order/OrderCell.lua	assignment observed; dynamic field
Board.View.Order.OrderCell	m_timedBuffRewardData	219	code/Lua/decompiled/Board/View/Order/OrderCell.lua	assignment observed; dynamic field
Board.View.Order.OrderCell	m_timedBuffRewardData	222	code/Lua/decompiled/Board/View/Order/OrderCell.lua	assignment observed; dynamic field
Board.View.Order.OrderCell	m_showTimedBuffReward	226	code/Lua/decompiled/Board/View/Order/OrderCell.lua	assignment observed; dynamic field
Board.View.Order.OrderCell	m_timedBuffReward	234	code/Lua/decompiled/Board/View/Order/OrderCell.lua	assignment observed; dynamic field
Board.View.Order.OrderCell	m_loadingTimedBuffReward	237	code/Lua/decompiled/Board/View/Order/OrderCell.lua	assignment observed; dynamic field
Board.View.Order.OrderCell	m_loadingTimedBuffReward	239	code/Lua/decompiled/Board/View/Order/OrderCell.lua	assignment observed; dynamic field
Board.View.Order.OrderCell	m_showTimedBuffReward	240	code/Lua/decompiled/Board/View/Order/OrderCell.lua	assignment observed; dynamic field
Board.View.Order.OrderCell	m_timedBuffReward	245	code/Lua/decompiled/Board/View/Order/OrderCell.lua	assignment observed; dynamic field
Board.View.Order.OrderCell	m_spokespersonReward	257	code/Lua/decompiled/Board/View/Order/OrderCell.lua	assignment observed; dynamic field
Board.View.Order.OrderCell	m_spokespersonReward	264	code/Lua/decompiled/Board/View/Order/OrderCell.lua	assignment observed; dynamic field
Board.View.Order.OrderCell	m_spokespersonReward	272	code/Lua/decompiled/Board/View/Order/OrderCell.lua	assignment observed; dynamic field
Board.View.Order.OrderCell	m_photoReward	279	code/Lua/decompiled/Board/View/Order/OrderCell.lua	assignment observed; dynamic field
Board.View.Order.OrderCell	m_photoReward	286	code/Lua/decompiled/Board/View/Order/OrderCell.lua	assignment observed; dynamic field
Board.View.Order.OrderCell	m_photoReward	294	code/Lua/decompiled/Board/View/Order/OrderCell.lua	assignment observed; dynamic field
Board.View.Order.OrderCell	m_bShowSunReward	300	code/Lua/decompiled/Board/View/Order/OrderCell.lua	assignment observed; dynamic field
Board.View.Order.OrderCell	m_forceUpdateSunshineReward	301	code/Lua/decompiled/Board/View/Order/OrderCell.lua	assignment observed; dynamic field
Board.View.Order.OrderCell	m_sunReward	303	code/Lua/decompiled/Board/View/Order/OrderCell.lua	assignment observed; dynamic field
Board.View.Order.OrderCell	m_sunReward	310	code/Lua/decompiled/Board/View/Order/OrderCell.lua	assignment observed; dynamic field
Board.View.Order.OrderCell	m_bLoadingSunReward	313	code/Lua/decompiled/Board/View/Order/OrderCell.lua	assignment observed; dynamic field
Board.View.Order.OrderCell	m_bLoadingSunReward	316	code/Lua/decompiled/Board/View/Order/OrderCell.lua	assignment observed; dynamic field
Board.View.Order.OrderCell	m_bShowSunReward	317	code/Lua/decompiled/Board/View/Order/OrderCell.lua	assignment observed; dynamic field
Board.View.Order.OrderCell	m_sunReward	323	code/Lua/decompiled/Board/View/Order/OrderCell.lua	assignment observed; dynamic field
Board.View.Order.OrderCell	m_forceUpdateSunshineReward	326	code/Lua/decompiled/Board/View/Order/OrderCell.lua	assignment observed; dynamic field
Board.View.Order.OrderCell	m_arrReward	338	code/Lua/decompiled/Board/View/Order/OrderCell.lua	assignment observed; dynamic field
Board.View.Order.OrderCell	m_bottomRewardsLayout	495	code/Lua/decompiled/Board/View/Order/OrderCell.lua	assignment observed; dynamic field
Board.View.Order.OrderCell	m_arrReward	510	code/Lua/decompiled/Board/View/Order/OrderCell.lua	assignment observed; dynamic field
Board.View.Order.OrderCell	m_mapDisplayRewardPriority	542	code/Lua/decompiled/Board/View/Order/OrderCell.lua	assignment observed; dynamic field
Board.View.Order.OrderCell	m_mapDisplayRewardPriority	543	code/Lua/decompiled/Board/View/Order/OrderCell.lua	assignment observed; dynamic field
Board.View.Order.OrderCell	m_listenersAdded	645	code/Lua/decompiled/Board/View/Order/OrderCell.lua	assignment observed; dynamic field
Board.View.Order.OrderCell	m_tbAvatar	649	code/Lua/decompiled/Board/View/Order/OrderCell.lua	assignment observed; dynamic field
Board.View.Order.OrderCell	m_willBeFinished	674	code/Lua/decompiled/Board/View/Order/OrderCell.lua	assignment observed; dynamic field
Board.View.Order.OrderCell	m_rewardForcesSeq	700	code/Lua/decompiled/Board/View/Order/OrderCell.lua	assignment observed; dynamic field
Board.View.Order.OrderCell	m_rewardForcesSeq	707	code/Lua/decompiled/Board/View/Order/OrderCell.lua	assignment observed; dynamic field
Board.View.Order.OrderCell	m_buttonTween	801	code/Lua/decompiled/Board/View/Order/OrderCell.lua	assignment observed; dynamic field
Board.View.Order.OrderCell	m_glassTween	805	code/Lua/decompiled/Board/View/Order/OrderCell.lua	assignment observed; dynamic field
Board.View.Order.OrderCell	m_newUserOrderUnlockSeq	809	code/Lua/decompiled/Board/View/Order/OrderCell.lua	assignment observed; dynamic field
Board.View.Order.OrderCell	m_lockRewardShow	883	code/Lua/decompiled/Board/View/Order/OrderCell.lua	assignment observed; dynamic field
Board.View.Order.OrderCell	m_order	927	code/Lua/decompiled/Board/View/Order/OrderCell.lua	assignment observed; dynamic field
Board.View.Order.OrderCell	m_playingAnimation	928	code/Lua/decompiled/Board/View/Order/OrderCell.lua	assignment observed; dynamic field
Board.View.Order.OrderCell	m_bIsRefreshing	929	code/Lua/decompiled/Board/View/Order/OrderCell.lua	assignment observed; dynamic field
Board.View.Order.OrderCell	m_icons	938	code/Lua/decompiled/Board/View/Order/OrderCell.lua	assignment observed; dynamic field
Board.View.Order.OrderCell	m_playingAnimation	947	code/Lua/decompiled/Board/View/Order/OrderCell.lua	assignment observed; dynamic field
Board.View.Order.OrderCell	m_bIsRefreshing	948	code/Lua/decompiled/Board/View/Order/OrderCell.lua	assignment observed; dynamic field
Board.View.Order.OrderCell	m_buttonTween	992	code/Lua/decompiled/Board/View/Order/OrderCell.lua	assignment observed; dynamic field
Board.View.Order.OrderCell	m_buttonTween	996	code/Lua/decompiled/Board/View/Order/OrderCell.lua	assignment observed; dynamic field
Board.View.Order.OrderCell	m_forceTip	1001	code/Lua/decompiled/Board/View/Order/OrderCell.lua	assignment observed; dynamic field
Board.View.Order.OrderCell	m_forceTip	1004	code/Lua/decompiled/Board/View/Order/OrderCell.lua	assignment observed; dynamic field
Board.View.Order.OrderCell	m_showDeliver	1007	code/Lua/decompiled/Board/View/Order/OrderCell.lua	assignment observed; dynamic field
Board.View.Order.OrderCell	m_forceTip	1016	code/Lua/decompiled/Board/View/Order/OrderCell.lua	assignment observed; dynamic field
Board.View.Order.OrderCell	m_deliverEffectTween	1034	code/Lua/decompiled/Board/View/Order/OrderCell.lua	assignment observed; dynamic field
Board.View.Order.OrderCell	m_deliverEffectTween	1037	code/Lua/decompiled/Board/View/Order/OrderCell.lua	assignment observed; dynamic field
Board.View.Order.OrderCell	m_deliverEffectTween	1054	code/Lua/decompiled/Board/View/Order/OrderCell.lua	assignment observed; dynamic field
Board.View.Order.OrderCell	m_showDeliver	1063	code/Lua/decompiled/Board/View/Order/OrderCell.lua	assignment observed; dynamic field
Board.View.Order.OrderCell	m_playingAnimation	1129	code/Lua/decompiled/Board/View/Order/OrderCell.lua	assignment observed; dynamic field
Board.View.Order.OrderCell	m_playingAnimation	1144	code/Lua/decompiled/Board/View/Order/OrderCell.lua	assignment observed; dynamic field
Board.View.Order.OrderCell	m_playingAnimation	1154	code/Lua/decompiled/Board/View/Order/OrderCell.lua	assignment observed; dynamic field
Board.View.Order.OrderCell	m_playingAnimation	1166	code/Lua/decompiled/Board/View/Order/OrderCell.lua	assignment observed; dynamic field
Board.View.Order.OrderCell	m_playingAnimation	1172	code/Lua/decompiled/Board/View/Order/OrderCell.lua	assignment observed; dynamic field
Board.View.Order.OrderCell	m_enterAnimSeq	1179	code/Lua/decompiled/Board/View/Order/OrderCell.lua	assignment observed; dynamic field
Board.View.Order.OrderCell	m_playingAnimation	1181	code/Lua/decompiled/Board/View/Order/OrderCell.lua	assignment observed; dynamic field
Board.View.Order.OrderCell	m_playingAnimation	1193	code/Lua/decompiled/Board/View/Order/OrderCell.lua	assignment observed; dynamic field
Board.View.Order.OrderCell	m_showDeliver	1195	code/Lua/decompiled/Board/View/Order/OrderCell.lua	assignment observed; dynamic field
Board.View.Order.OrderCell	m_enterAnimSeq	1203	code/Lua/decompiled/Board/View/Order/OrderCell.lua	assignment observed; dynamic field
Board.View.Order.OrderCell	m_order	1254	code/Lua/decompiled/Board/View/Order/OrderCell.lua	assignment observed; dynamic field
Board.View.Order.OrderCell	m_bWaitPlaySurpriseChest	1323	code/Lua/decompiled/Board/View/Order/OrderCell.lua	assignment observed; dynamic field
Board.View.Order.OrderCell	m_order	1327	code/Lua/decompiled/Board/View/Order/OrderCell.lua	assignment observed; dynamic field
Board.View.Order.OrderCell	m_surpriseChestNode	1327	code/Lua/decompiled/Board/View/Order/OrderCell.lua	assignment observed; dynamic field
Board.View.Order.OrderCell	m_surpriseChest	1348	code/Lua/decompiled/Board/View/Order/OrderCell.lua	assignment observed; dynamic field
Board.View.Order.OrderCell	m_surpriseChest	1352	code/Lua/decompiled/Board/View/Order/OrderCell.lua	assignment observed; dynamic field
Board.View.Order.OrderCell	m_surpriseChest	1369	code/Lua/decompiled/Board/View/Order/OrderCell.lua	assignment observed; dynamic field
Board.View.Order.OrderCell	m_fireworksBuffReward	1379	code/Lua/decompiled/Board/View/Order/OrderCell.lua	assignment observed; dynamic field
Board.View.Order.OrderCell	m_fireworksBuffReward	1385	code/Lua/decompiled/Board/View/Order/OrderCell.lua	assignment observed; dynamic field
Board.View.Order.OrderCell	m_fireworksBuffReward	1394	code/Lua/decompiled/Board/View/Order/OrderCell.lua	assignment observed; dynamic field
Board.View.Order.OrderCell	m_order	1403	code/Lua/decompiled/Board/View/Order/OrderCell.lua	assignment observed; dynamic field
Board.View.Order.OrderCell	m_decorationScoreNode	1403	code/Lua/decompiled/Board/View/Order/OrderCell.lua	assignment observed; dynamic field
Board.View.Order.OrderCell	m_decorationScore	1411	code/Lua/decompiled/Board/View/Order/OrderCell.lua	assignment observed; dynamic field
Board.View.Order.OrderCell	m_decorationScore	1416	code/Lua/decompiled/Board/View/Order/OrderCell.lua	assignment observed; dynamic field
Board.View.Order.OrderCell	m_order	1464	code/Lua/decompiled/Board/View/Order/OrderCell.lua	assignment observed; dynamic field
Board.View.Order.OrderCell	m_sunflowerNode	1464	code/Lua/decompiled/Board/View/Order/OrderCell.lua	assignment observed; dynamic field
Board.View.Order.OrderCell	m_sunflowerToken	1471	code/Lua/decompiled/Board/View/Order/OrderCell.lua	assignment observed; dynamic field
Board.View.Order.OrderCell	m_sunflowerToken	1476	code/Lua/decompiled/Board/View/Order/OrderCell.lua	assignment observed; dynamic field
Board.View.Order.OrderCell	m_sunflowerToken	1485	code/Lua/decompiled/Board/View/Order/OrderCell.lua	assignment observed; dynamic field
Board.View.Order.OrderCell	m_needPopTip	1597	code/Lua/decompiled/Board/View/Order/OrderCell.lua	assignment observed; dynamic field
Board.View.Order.OrderCell	m_needPopTip	1744	code/Lua/decompiled/Board/View/Order/OrderCell.lua	assignment observed; dynamic field
Board.View.Order.OrderCell	m_needPopTip	1853	code/Lua/decompiled/Board/View/Order/OrderCell.lua	assignment observed; dynamic field
Board.View.Order.OrderCell	m_lockItem	1879	code/Lua/decompiled/Board/View/Order/OrderCell.lua	assignment observed; dynamic field
Board.View.Order.OrderCell	m_lockState	1905	code/Lua/decompiled/Board/View/Order/OrderCell.lua	assignment observed; dynamic field
Board.View.Order.OrderCell	m_lockState	1908	code/Lua/decompiled/Board/View/Order/OrderCell.lua	assignment observed; dynamic field
Board.View.Order.OrderCell	m_newUserOrderUnlockSeq	1943	code/Lua/decompiled/Board/View/Order/OrderCell.lua	assignment observed; dynamic field
Board.View.Order.OrderCell	m_lockState	1946	code/Lua/decompiled/Board/View/Order/OrderCell.lua	assignment observed; dynamic field
Board.View.Order.OrderCell	m_lockState	1958	code/Lua/decompiled/Board/View/Order/OrderCell.lua	assignment observed; dynamic field
Board.View.Order.OrderCell	m_lockState	1984	code/Lua/decompiled/Board/View/Order/OrderCell.lua	assignment observed; dynamic field
Board.View.Order.OrderCell	m_needPopTip	2086	code/Lua/decompiled/Board/View/Order/OrderCell.lua	assignment observed; dynamic field
Board.View.Order.OrderCell	m_bLock	2096	code/Lua/decompiled/Board/View/Order/OrderCell.lua	assignment observed; dynamic field
Board.View.Order.OrderCell	m_bLock	2100	code/Lua/decompiled/Board/View/Order/OrderCell.lua	assignment observed; dynamic field
Board.View.Order.OrderCell	m_playingAnimation	2133	code/Lua/decompiled/Board/View/Order/OrderCell.lua	assignment observed; dynamic field
Board.View.Order.OrderCell	m_playingAnimation	2140	code/Lua/decompiled/Board/View/Order/OrderCell.lua	assignment observed; dynamic field
Board.View.Order.OrderCell	m_tween	2142	code/Lua/decompiled/Board/View/Order/OrderCell.lua	assignment observed; dynamic field
Board.View.Order.OrderCell	m_tween	2144	code/Lua/decompiled/Board/View/Order/OrderCell.lua	assignment observed; dynamic field
Board.View.Order.OrderCell	m_playingAnimation	2152	code/Lua/decompiled/Board/View/Order/OrderCell.lua	assignment observed; dynamic field
Board.View.Order.OrderCell	m_playingAnimation	2160	code/Lua/decompiled/Board/View/Order/OrderCell.lua	assignment observed; dynamic field
Board.View.Order.OrderCell	m_tween	2161	code/Lua/decompiled/Board/View/Order/OrderCell.lua	assignment observed; dynamic field
Board.View.Order.OrderCell	m_tween	2163	code/Lua/decompiled/Board/View/Order/OrderCell.lua	assignment observed; dynamic field
Drop.Board.Item.DropActivityBaseItem	m_itemCode	8	code/Lua/decompiled/Drop/Board/Item/DropActivityBaseItem.lua	assignment observed; dynamic field
Drop.Board.Item.DropActivityBaseItem	m_bIsStationary	9	code/Lua/decompiled/Drop/Board/Item/DropActivityBaseItem.lua	assignment observed; dynamic field
Drop.Board.Item.DropActivityBaseItem	m_fStationaryTime	10	code/Lua/decompiled/Drop/Board/Item/DropActivityBaseItem.lua	assignment observed; dynamic field
Drop.Board.Item.DropActivityBaseItem	m_mapDelaPos	11	code/Lua/decompiled/Drop/Board/Item/DropActivityBaseItem.lua	assignment observed; dynamic field
Drop.Board.Item.DropActivityBaseItem	m_mapDelaFocre	12	code/Lua/decompiled/Drop/Board/Item/DropActivityBaseItem.lua	assignment observed; dynamic field
Drop.Board.Item.DropActivityBaseItem	m_bCanMerge	13	code/Lua/decompiled/Drop/Board/Item/DropActivityBaseItem.lua	assignment observed; dynamic field
Drop.Board.Item.DropActivityBaseItem	m_board	14	code/Lua/decompiled/Drop/Board/Item/DropActivityBaseItem.lua	assignment observed; dynamic field
Drop.Board.Item.DropActivityBaseItem	m_fStationaryTime	24	code/Lua/decompiled/Drop/Board/Item/DropActivityBaseItem.lua	assignment observed; dynamic field
Drop.Board.Item.DropActivityBaseItem	m_fStationaryTime	28	code/Lua/decompiled/Drop/Board/Item/DropActivityBaseItem.lua	assignment observed; dynamic field
Drop.Board.Item.DropActivityBaseItem	m_fStationaryTime	30	code/Lua/decompiled/Drop/Board/Item/DropActivityBaseItem.lua	assignment observed; dynamic field
Drop.Board.Item.DropActivityBaseItem	m_bIsStationary	32	code/Lua/decompiled/Drop/Board/Item/DropActivityBaseItem.lua	assignment observed; dynamic field
Drop.Board.Item.DropActivityBaseItem	m_bCanMerge	40	code/Lua/decompiled/Drop/Board/Item/DropActivityBaseItem.lua	assignment observed; dynamic field
Drop.Board.Item.DropActivityBaseItem	m_bShow	64	code/Lua/decompiled/Drop/Board/Item/DropActivityBaseItem.lua	assignment observed; dynamic field
Drop.Board.Item.DropActivityBaseItem	m_bShow	72	code/Lua/decompiled/Drop/Board/Item/DropActivityBaseItem.lua	assignment observed; dynamic field
Drop.Board.Item.DropActivityBaseItem	m_seq	76	code/Lua/decompiled/Drop/Board/Item/DropActivityBaseItem.lua	assignment observed; dynamic field
Drop.Board.Item.DropActivityBaseItem	m_seq	78	code/Lua/decompiled/Drop/Board/Item/DropActivityBaseItem.lua	assignment observed; dynamic field
Drop.Board.Item.DropActivityBaseItem	m_seq	126	code/Lua/decompiled/Drop/Board/Item/DropActivityBaseItem.lua	assignment observed; dynamic field
Drop.Board.Item.DropActivityFlyItem	m_targetItem	7	code/Lua/decompiled/Drop/Board/Item/DropActivityFlyItem.lua	assignment observed; dynamic field
Drop.Board.Item.DropActivityFlyItem	m_callBack	9	code/Lua/decompiled/Drop/Board/Item/DropActivityFlyItem.lua	assignment observed; dynamic field
Drop.Board.Item.DropActivityFlyItem	m_speed	10	code/Lua/decompiled/Drop/Board/Item/DropActivityFlyItem.lua	assignment observed; dynamic field
Drop.Board.Item.DropActivityFlyItem	m_bFinish	11	code/Lua/decompiled/Drop/Board/Item/DropActivityFlyItem.lua	assignment observed; dynamic field
Drop.Board.Item.DropActivityFlyItem	m_targetItem	15	code/Lua/decompiled/Drop/Board/Item/DropActivityFlyItem.lua	assignment observed; dynamic field
Drop.Board.Item.DropActivityFlyItem	m_bFinish	32	code/Lua/decompiled/Drop/Board/Item/DropActivityFlyItem.lua	assignment observed; dynamic field
Drop.Board.Item.DropActivityFlyItem	m_targetItem	33	code/Lua/decompiled/Drop/Board/Item/DropActivityFlyItem.lua	assignment observed; dynamic field
HuntActivity.Common.Board.BoardPromptHunt	m_itemModels	32	code/Lua/decompiled/HuntActivity/Common/Board/BoardPromptHunt.lua	assignment observed; dynamic field
HuntActivity.Common.Board.BoardPromptHunt	m_itemModels	33	code/Lua/decompiled/HuntActivity/Common/Board/BoardPromptHunt.lua	assignment observed; dynamic field
HuntActivity.Common.Board.BoardPromptHunt	m_cacheRoot	132	code/Lua/decompiled/HuntActivity/Common/Board/BoardPromptHunt.lua	assignment observed; dynamic field
HuntActivity.Common.Board.BoardPromptHunt	m_itemModels	208	code/Lua/decompiled/HuntActivity/Common/Board/BoardPromptHunt.lua	assignment observed; dynamic field
HuntActivity.Common.Board.BoardPromptHunt	m_itemModel	216	code/Lua/decompiled/HuntActivity/Common/Board/BoardPromptHunt.lua	assignment observed; dynamic field
HuntActivity.Common.Board.BoardPromptHunt	m_itemModels	245	code/Lua/decompiled/HuntActivity/Common/Board/BoardPromptHunt.lua	assignment observed; dynamic field
HuntActivity.Common.Board.BoardPromptHunt	m_itemModel	253	code/Lua/decompiled/HuntActivity/Common/Board/BoardPromptHunt.lua	assignment observed; dynamic field
HuntActivity.Common.Board.BoardPromptHunt	m_model	273	code/Lua/decompiled/HuntActivity/Common/Board/BoardPromptHunt.lua	assignment observed; dynamic field
HuntActivity.Common.Board.BoardPromptHunt	m_itemModels	304	code/Lua/decompiled/HuntActivity/Common/Board/BoardPromptHunt.lua	assignment observed; dynamic field
HuntActivity.Common.Board.BoardPromptHunt	m_itemModel	336	code/Lua/decompiled/HuntActivity/Common/Board/BoardPromptHunt.lua	assignment observed; dynamic field
HuntActivity.Common.Board.BoardPromptHunt	m_itemModels	362	code/Lua/decompiled/HuntActivity/Common/Board/BoardPromptHunt.lua	assignment observed; dynamic field
HuntActivity.Common.Board.BoardPromptHunt	m_itemModel	370	code/Lua/decompiled/HuntActivity/Common/Board/BoardPromptHunt.lua	assignment observed; dynamic field
HuntActivity.Common.Board.BoardPromptHunt	m_itemModel	529	code/Lua/decompiled/HuntActivity/Common/Board/BoardPromptHunt.lua	assignment observed; dynamic field
HuntActivity.Common.Board.BoardPromptHunt	m_itemModel	530	code/Lua/decompiled/HuntActivity/Common/Board/BoardPromptHunt.lua	assignment observed; dynamic field
HuntActivity.Common.Board.BoardPromptHunt	m_itemModel	583	code/Lua/decompiled/HuntActivity/Common/Board/BoardPromptHunt.lua	assignment observed; dynamic field
HuntActivity.Common.Board.BoardPromptHunt	m_itemModels	627	code/Lua/decompiled/HuntActivity/Common/Board/BoardPromptHunt.lua	assignment observed; dynamic field
HuntActivity.Common.Board.BoardPromptHunt	m_itemModel	645	code/Lua/decompiled/HuntActivity/Common/Board/BoardPromptHunt.lua	assignment observed; dynamic field
HuntActivity.Common.Board.BoardPromptHunt	m_itemModels	672	code/Lua/decompiled/HuntActivity/Common/Board/BoardPromptHunt.lua	assignment observed; dynamic field
HuntActivity.Common.Board.BoardPromptHunt	m_itemModel	698	code/Lua/decompiled/HuntActivity/Common/Board/BoardPromptHunt.lua	assignment observed; dynamic field
HuntActivity.Common.Board.HuntActivityBoardModel	m_extraItems	92	code/Lua/decompiled/HuntActivity/Common/Board/HuntActivityBoardModel.lua	assignment observed; dynamic field
HuntActivity.Common.Board.HuntActivityBoardView	m_mapRewardAniCount	15	code/Lua/decompiled/HuntActivity/Common/Board/HuntActivityBoardView.lua	assignment observed; dynamic field
HuntActivity.Common.Board.HuntActivityBoardView	m_mapRewardAniSeq	16	code/Lua/decompiled/HuntActivity/Common/Board/HuntActivityBoardView.lua	assignment observed; dynamic field
HuntActivity.Common.Board.HuntActivityBoardView	m_activityType	26	code/Lua/decompiled/HuntActivity/Common/Board/HuntActivityBoardView.lua	assignment observed; dynamic field
HuntActivity.Common.Board.HuntActivityBoardView	m_activityDefinition	27	code/Lua/decompiled/HuntActivity/Common/Board/HuntActivityBoardView.lua	assignment observed; dynamic field
HuntActivity.Common.Board.HuntActivityBoardView	m_activityModel	28	code/Lua/decompiled/HuntActivity/Common/Board/HuntActivityBoardView.lua	assignment observed; dynamic field
HuntActivity.Common.Board.HuntActivityBoardView	m_mapScrollSeq	29	code/Lua/decompiled/HuntActivity/Common/Board/HuntActivityBoardView.lua	assignment observed; dynamic field
HuntActivity.Common.Board.HuntActivityBoardView	m_completeTileMap	30	code/Lua/decompiled/HuntActivity/Common/Board/HuntActivityBoardView.lua	assignment observed; dynamic field
HuntActivity.Common.Board.HuntActivityBoardView	CompleteTileColor	31	code/Lua/decompiled/HuntActivity/Common/Board/HuntActivityBoardView.lua	assignment observed; dynamic field
HuntActivity.Common.Board.HuntActivityBoardView	m_bCloudKeyFirstAppeared	32	code/Lua/decompiled/HuntActivity/Common/Board/HuntActivityBoardView.lua	assignment observed; dynamic field
HuntActivity.Common.Board.HuntActivityBoardView	m_bHasCloudKeyLock	33	code/Lua/decompiled/HuntActivity/Common/Board/HuntActivityBoardView.lua	assignment observed; dynamic field
HuntActivity.Common.Board.HuntActivityBoardView	m_bTileInversed	34	code/Lua/decompiled/HuntActivity/Common/Board/HuntActivityBoardView.lua	assignment observed; dynamic field
HuntActivity.Common.Board.HuntActivityBoardView	m_mapRewardAniCount	166	code/Lua/decompiled/HuntActivity/Common/Board/HuntActivityBoardView.lua	assignment observed; dynamic field
HuntActivity.Common.Board.HuntActivityBoardView	m_mapRewardAniSeq	167	code/Lua/decompiled/HuntActivity/Common/Board/HuntActivityBoardView.lua	assignment observed; dynamic field
HuntActivity.Common.Board.HuntActivityBoardView	m_bCloudKeyFirstAppeared	232	code/Lua/decompiled/HuntActivity/Common/Board/HuntActivityBoardView.lua	assignment observed; dynamic field
HuntActivity.Common.Board.HuntActivityBoardView	m_prompt	280	code/Lua/decompiled/HuntActivity/Common/Board/HuntActivityBoardView.lua	assignment observed; dynamic field
HuntActivity.Common.Board.HuntActivityBoardView	m_bTileInversed	321	code/Lua/decompiled/HuntActivity/Common/Board/HuntActivityBoardView.lua	assignment observed; dynamic field
HuntActivity.Common.Board.HuntActivityItemLayerModel	m_mapCobwebCount	12	code/Lua/decompiled/HuntActivity/Common/Board/HuntActivityItemLayerModel.lua	assignment observed; dynamic field
HuntActivity.Common.Board.HuntActivityItemLayerModel	m_lockedEmptyPositionCount	66	code/Lua/decompiled/HuntActivity/Common/Board/HuntActivityItemLayerModel.lua	assignment observed; dynamic field
HuntActivity.Common.Board.HuntActivityItemLayerModel	m_mapCobwebCount	67	code/Lua/decompiled/HuntActivity/Common/Board/HuntActivityItemLayerModel.lua	assignment observed; dynamic field
HuntActivity.Common.Board.HuntActivityItemLayerModel	m_lockedEmptyPositionCount	71	code/Lua/decompiled/HuntActivity/Common/Board/HuntActivityItemLayerModel.lua	assignment observed; dynamic field
HuntActivity.Common.Board.HuntActivityItemTransformLayerModel	m_boardModel	11	code/Lua/decompiled/HuntActivity/Common/Board/HuntActivityItemTransformLayerModel.lua	assignment observed; dynamic field
HuntActivity.Common.Board.HuntActivityItemTransformLayerModel	m_items	12	code/Lua/decompiled/HuntActivity/Common/Board/HuntActivityItemTransformLayerModel.lua	assignment observed; dynamic field
HuntActivity.Common.Board.HuntActivityItemTransformLayerModel	m_dbTable	13	code/Lua/decompiled/HuntActivity/Common/Board/HuntActivityItemTransformLayerModel.lua	assignment observed; dynamic field
HuntActivity.Common.Board.HuntActivityItemTransformLayerModel	m_itemManager	14	code/Lua/decompiled/HuntActivity/Common/Board/HuntActivityItemTransformLayerModel.lua	assignment observed; dynamic field
HuntActivity.Common.Board.HuntActivitySwallowLock	m_mapSeq	12	code/Lua/decompiled/HuntActivity/Common/Board/HuntActivitySwallowLock.lua	assignment observed; dynamic field
HuntActivity.Common.Board.HuntActivitySwallowLock	m_arrClouds	13	code/Lua/decompiled/HuntActivity/Common/Board/HuntActivitySwallowLock.lua	assignment observed; dynamic field
HuntActivity.Common.Board.HuntActivitySwallowLock	m_arrPos	14	code/Lua/decompiled/HuntActivity/Common/Board/HuntActivitySwallowLock.lua	assignment observed; dynamic field
HuntActivity.Common.Board.HuntActivitySwallowLock	m_targetVal	15	code/Lua/decompiled/HuntActivity/Common/Board/HuntActivitySwallowLock.lua	assignment observed; dynamic field
HuntActivity.Common.Board.HuntActivitySwallowLock	m_model	16	code/Lua/decompiled/HuntActivity/Common/Board/HuntActivitySwallowLock.lua	assignment observed; dynamic field
HuntActivity.Common.Board.HuntActivitySwallowLock	m_rootOriginScale	17	code/Lua/decompiled/HuntActivity/Common/Board/HuntActivitySwallowLock.lua	assignment observed; dynamic field
HuntActivity.Common.Board.HuntActivitySwallowLock	m_checkOriginScale	18	code/Lua/decompiled/HuntActivity/Common/Board/HuntActivitySwallowLock.lua	assignment observed; dynamic field
HuntActivity.Common.Board.HuntActivitySwallowLock	m_notice	25	code/Lua/decompiled/HuntActivity/Common/Board/HuntActivitySwallowLock.lua	assignment observed; dynamic field
HuntActivity.Common.Board.HuntActivitySwallowLock	m_color	26	code/Lua/decompiled/HuntActivity/Common/Board/HuntActivitySwallowLock.lua	assignment observed; dynamic field
HuntActivity.Common.Board.HuntActivitySwallowLock	m_mapSeq	35	code/Lua/decompiled/HuntActivity/Common/Board/HuntActivitySwallowLock.lua	assignment observed; dynamic field
HuntActivity.Common.Board.HuntActivitySwallowLock	m_playingTip	169	code/Lua/decompiled/HuntActivity/Common/Board/HuntActivitySwallowLock.lua	assignment observed; dynamic field
HuntActivity.Common.Board.HuntActivitySwallowLock	m_playingTip	178	code/Lua/decompiled/HuntActivity/Common/Board/HuntActivitySwallowLock.lua	assignment observed; dynamic field
HuntActivity.Common.Board.HuntActivitySwallowLock	m_bGray	212	code/Lua/decompiled/HuntActivity/Common/Board/HuntActivitySwallowLock.lua	assignment observed; dynamic field
HuntActivity.Common.Board.ItemHuntAnim	m_spreadNum	23	code/Lua/decompiled/HuntActivity/Common/Board/ItemHuntAnim.lua	assignment observed; dynamic field
HuntActivity.Common.Board.ItemHuntAnim	m_costEnergy	24	code/Lua/decompiled/HuntActivity/Common/Board/ItemHuntAnim.lua	assignment observed; dynamic field
HuntActivity.Common.Board.ItemHuntAnim	m_boardModel	25	code/Lua/decompiled/HuntActivity/Common/Board/ItemHuntAnim.lua	assignment observed; dynamic field
HuntActivity.Common.Board.ItemHuntAnim	m_actModel	26	code/Lua/decompiled/HuntActivity/Common/Board/ItemHuntAnim.lua	assignment observed; dynamic field
HuntActivity.Common.Board.ItemHuntAnim	gameObject	104	code/Lua/decompiled/HuntActivity/Common/Board/ItemHuntAnim.lua	assignment observed; dynamic field
HuntActivity.Common.Board.ItemHuntAnim	transform	105	code/Lua/decompiled/HuntActivity/Common/Board/ItemHuntAnim.lua	assignment observed; dynamic field
HuntActivity.Common.Board.ItemHuntAnim	m_model	106	code/Lua/decompiled/HuntActivity/Common/Board/ItemHuntAnim.lua	assignment observed; dynamic field
HuntActivity.Common.Board.ItemHuntAnim	m_window	117	code/Lua/decompiled/HuntActivity/Common/Board/ItemHuntAnim.lua	assignment observed; dynamic field
HuntActivity.Common.Board.ItemHuntAnim	m_realView	118	code/Lua/decompiled/HuntActivity/Common/Board/ItemHuntAnim.lua	assignment observed; dynamic field
HuntActivity.Common.Board.ItemHuntAnim	m_bPosInited	121	code/Lua/decompiled/HuntActivity/Common/Board/ItemHuntAnim.lua	assignment observed; dynamic field
HuntActivity.Common.Board.ItemHuntAnim	m_model	131	code/Lua/decompiled/HuntActivity/Common/Board/ItemHuntAnim.lua	assignment observed; dynamic field
HuntActivity.Common.Board.ItemHuntAnim	m_spine	162	code/Lua/decompiled/HuntActivity/Common/Board/ItemHuntAnim.lua	assignment observed; dynamic field
HuntActivity.Common.Board.ItemHuntAnim	m_itemView	169	code/Lua/decompiled/HuntActivity/Common/Board/ItemHuntAnim.lua	assignment observed; dynamic field
HuntActivity.Common.Board.ItemHuntAnim	m_activityDefinition	171	code/Lua/decompiled/HuntActivity/Common/Board/ItemHuntAnim.lua	assignment observed; dynamic field
HuntActivity.Common.Board.ItemHuntAnim	m_itemView	193	code/Lua/decompiled/HuntActivity/Common/Board/ItemHuntAnim.lua	assignment observed; dynamic field
HuntActivity.Common.Board.ItemHuntAnim	m_itemModel	194	code/Lua/decompiled/HuntActivity/Common/Board/ItemHuntAnim.lua	assignment observed; dynamic field
HuntActivity.Common.Board.ItemHuntAnim	m_activityType	196	code/Lua/decompiled/HuntActivity/Common/Board/ItemHuntAnim.lua	assignment observed; dynamic field
HuntActivity.Common.Board.ItemHuntAnim	m_activityDefinition	197	code/Lua/decompiled/HuntActivity/Common/Board/ItemHuntAnim.lua	assignment observed; dynamic field
HuntActivity.Common.Board.ItemHuntAnim	m_cowSpine	200	code/Lua/decompiled/HuntActivity/Common/Board/ItemHuntAnim.lua	assignment observed; dynamic field
HuntActivity.Common.Board.ItemHuntAnim	m_cowSpine	204	code/Lua/decompiled/HuntActivity/Common/Board/ItemHuntAnim.lua	assignment observed; dynamic field
HuntActivity.Common.Board.ItemHuntAnim	m_bucketGo	217	code/Lua/decompiled/HuntActivity/Common/Board/ItemHuntAnim.lua	assignment observed; dynamic field
HuntActivity.Common.Board.ItemHuntAnim	m_bucketSpine	218	code/Lua/decompiled/HuntActivity/Common/Board/ItemHuntAnim.lua	assignment observed; dynamic field
HuntActivity.Common.Board.ItemHuntAnim	m_bucketGo	220	code/Lua/decompiled/HuntActivity/Common/Board/ItemHuntAnim.lua	assignment observed; dynamic field
HuntActivity.Common.Board.ItemHuntAnim	m_bucketSpine	221	code/Lua/decompiled/HuntActivity/Common/Board/ItemHuntAnim.lua	assignment observed; dynamic field
HuntActivity.Common.Board.ItemHuntAnim	m_bSit	226	code/Lua/decompiled/HuntActivity/Common/Board/ItemHuntAnim.lua	assignment observed; dynamic field
HuntActivity.Common.Board.ItemHuntAnim	m_bSit	235	code/Lua/decompiled/HuntActivity/Common/Board/ItemHuntAnim.lua	assignment observed; dynamic field
HuntActivity.Common.Board.ItemHuntAnim	m_aniSeq	275	code/Lua/decompiled/HuntActivity/Common/Board/ItemHuntAnim.lua	assignment observed; dynamic field
HuntActivity.Common.Board.ItemHuntAnim	m_handSeq	279	code/Lua/decompiled/HuntActivity/Common/Board/ItemHuntAnim.lua	assignment observed; dynamic field
HuntActivity.Common.Board.ItemHuntAnim	m_fillAmountTween	283	code/Lua/decompiled/HuntActivity/Common/Board/ItemHuntAnim.lua	assignment observed; dynamic field
HuntActivity.Common.Board.ItemHuntAnim	m_fillAmountTween	299	code/Lua/decompiled/HuntActivity/Common/Board/ItemHuntAnim.lua	assignment observed; dynamic field
HuntActivity.Common.Board.ItemHuntAnim	m_fillAmountTween	310	code/Lua/decompiled/HuntActivity/Common/Board/ItemHuntAnim.lua	assignment observed; dynamic field
HuntActivity.Common.Board.ItemHuntAnim	m_aniSeq	329	code/Lua/decompiled/HuntActivity/Common/Board/ItemHuntAnim.lua	assignment observed; dynamic field
HuntActivity.Common.Board.ItemHuntAnim	m_aniSeq	331	code/Lua/decompiled/HuntActivity/Common/Board/ItemHuntAnim.lua	assignment observed; dynamic field
HuntActivity.Common.Board.ItemHuntAnim	m_itemModel	364	code/Lua/decompiled/HuntActivity/Common/Board/ItemHuntAnim.lua	assignment observed; dynamic field
HuntActivity.Common.Board.ItemHuntAnim	m_bSit	384	code/Lua/decompiled/HuntActivity/Common/Board/ItemHuntAnim.lua	assignment observed; dynamic field
HuntActivity.Common.Board.ItemHuntAnim	m_bSit	407	code/Lua/decompiled/HuntActivity/Common/Board/ItemHuntAnim.lua	assignment observed; dynamic field
HuntActivity.Common.Board.ItemHuntAnim	m_handSeq	450	code/Lua/decompiled/HuntActivity/Common/Board/ItemHuntAnim.lua	assignment observed; dynamic field
HuntActivity.Common.Board.ItemHuntAnim	m_handSeq	463	code/Lua/decompiled/HuntActivity/Common/Board/ItemHuntAnim.lua	assignment observed; dynamic field
HuntActivity.Common.Board.ItemHuntAnim	m_handSeq	465	code/Lua/decompiled/HuntActivity/Common/Board/ItemHuntAnim.lua	assignment observed; dynamic field
HuntActivity.Common.Board.ItemHuntAnim	m_mowSpine	473	code/Lua/decompiled/HuntActivity/Common/Board/ItemHuntAnim.lua	assignment observed; dynamic field
HuntActivity.Common.Board.ItemHuntAnim	m_playAnimationCook	485	code/Lua/decompiled/HuntActivity/Common/Board/ItemHuntAnim.lua	assignment observed; dynamic field
HuntActivity.Common.Board.ItemHuntAnim	m_playAnimationCook	488	code/Lua/decompiled/HuntActivity/Common/Board/ItemHuntAnim.lua	assignment observed; dynamic field
HuntActivity.Common.Board.ItemHuntAnim	m_itemView	507	code/Lua/decompiled/HuntActivity/Common/Board/ItemHuntAnim.lua	assignment observed; dynamic field
HuntActivity.Common.Board.ItemHuntAnim	m_activityDefinition	509	code/Lua/decompiled/HuntActivity/Common/Board/ItemHuntAnim.lua	assignment observed; dynamic field
HuntActivity.Common.Board.ItemHuntAnim	m_bPlyingTapAnimation	518	code/Lua/decompiled/HuntActivity/Common/Board/ItemHuntAnim.lua	assignment observed; dynamic field
HuntActivity.Common.Board.ItemHuntAnim	m_iRandomAnchor	519	code/Lua/decompiled/HuntActivity/Common/Board/ItemHuntAnim.lua	assignment observed; dynamic field
HuntActivity.Common.Board.ItemHuntAnim	m_iRandomAnchor	520	code/Lua/decompiled/HuntActivity/Common/Board/ItemHuntAnim.lua	assignment observed; dynamic field
HuntActivity.Common.Board.ItemHuntAnim	m_iRandomAnchor	528	code/Lua/decompiled/HuntActivity/Common/Board/ItemHuntAnim.lua	assignment observed; dynamic field
HuntActivity.Common.Board.ItemHuntAnim	m_bPlyingTapAnimation	529	code/Lua/decompiled/HuntActivity/Common/Board/ItemHuntAnim.lua	assignment observed; dynamic field
HuntActivity.Common.Board.ItemHuntAnim	m_iRandomAnchor	539	code/Lua/decompiled/HuntActivity/Common/Board/ItemHuntAnim.lua	assignment observed; dynamic field
HuntActivity.Common.Board.ItemHuntAnim	m_iRandomAnchor	540	code/Lua/decompiled/HuntActivity/Common/Board/ItemHuntAnim.lua	assignment observed; dynamic field
HuntActivity.Common.Board.ItemHuntMonster	m_itemView	7	code/Lua/decompiled/HuntActivity/Common/Board/ItemHuntMonster.lua	assignment observed; dynamic field
HuntActivity.Common.Board.ItemHuntMonster	m_itemModel	8	code/Lua/decompiled/HuntActivity/Common/Board/ItemHuntMonster.lua	assignment observed; dynamic field
HuntActivity.Common.Board.ItemHuntMonster	m_activityType	10	code/Lua/decompiled/HuntActivity/Common/Board/ItemHuntMonster.lua	assignment observed; dynamic field
HuntActivity.Common.Board.ItemHuntMonster	m_activityDefinition	11	code/Lua/decompiled/HuntActivity/Common/Board/ItemHuntMonster.lua	assignment observed; dynamic field
HuntActivity.Common.Board.ItemHuntMonster	m_aniSuffix	68	code/Lua/decompiled/HuntActivity/Common/Board/ItemHuntMonster.lua	assignment observed; dynamic field
HuntActivity.Common.Board.ItemHuntMonster	m_isBoss	69	code/Lua/decompiled/HuntActivity/Common/Board/ItemHuntMonster.lua	assignment observed; dynamic field
HuntActivity.Common.Board.ItemHuntMonster	m_isBoss	111	code/Lua/decompiled/HuntActivity/Common/Board/ItemHuntMonster.lua	assignment observed; dynamic field
HuntActivity.Common.Board.ItemHuntMonster	m_isBoss	113	code/Lua/decompiled/HuntActivity/Common/Board/ItemHuntMonster.lua	assignment observed; dynamic field
HuntActivity.Common.Board.ItemHuntMonster	m_bSpreading	130	code/Lua/decompiled/HuntActivity/Common/Board/ItemHuntMonster.lua	assignment observed; dynamic field
HuntActivity.Common.Board.ItemHuntMonster	m_activityType	140	code/Lua/decompiled/HuntActivity/Common/Board/ItemHuntMonster.lua	assignment observed; dynamic field
HuntActivity.Common.Board.ItemHuntMonster	m_bSpreading	150	code/Lua/decompiled/HuntActivity/Common/Board/ItemHuntMonster.lua	assignment observed; dynamic field
HuntActivity.Common.Board.ItemHuntMonster	m_bSpreading	165	code/Lua/decompiled/HuntActivity/Common/Board/ItemHuntMonster.lua	assignment observed; dynamic field
HuntActivity.Common.Board.ItemHuntMonster	m_fillAmountTween	175	code/Lua/decompiled/HuntActivity/Common/Board/ItemHuntMonster.lua	assignment observed; dynamic field
HuntActivity.Common.Board.ItemHuntMonster	event_lock_count	183	code/Lua/decompiled/HuntActivity/Common/Board/ItemHuntMonster.lua	assignment observed; dynamic field
HuntActivity.Common.Board.ItemHuntMonster	m_activityType	237	code/Lua/decompiled/HuntActivity/Common/Board/ItemHuntMonster.lua	assignment observed; dynamic field
HuntActivity.Common.Board.ItemHuntMonster	m_blockHit	239	code/Lua/decompiled/HuntActivity/Common/Board/ItemHuntMonster.lua	assignment observed; dynamic field
HuntActivity.Common.Board.ItemHuntMonster	m_blockHit	241	code/Lua/decompiled/HuntActivity/Common/Board/ItemHuntMonster.lua	assignment observed; dynamic field
HuntActivity.Common.Board.ItemHuntMonster	m_bPassAppear	343	code/Lua/decompiled/HuntActivity/Common/Board/ItemHuntMonster.lua	assignment observed; dynamic field
HuntActivity.Common.Board.ItemHuntMonster	m_blockHit	359	code/Lua/decompiled/HuntActivity/Common/Board/ItemHuntMonster.lua	assignment observed; dynamic field
HuntActivity.Common.Board.ItemHuntMonster	m_blockHit	362	code/Lua/decompiled/HuntActivity/Common/Board/ItemHuntMonster.lua	assignment observed; dynamic field
HuntActivity.Common.Board.ItemHuntMonster	m_stageState	369	code/Lua/decompiled/HuntActivity/Common/Board/ItemHuntMonster.lua	assignment observed; dynamic field
HuntActivity.Common.Board.ItemHuntMonster	m_stageState	370	code/Lua/decompiled/HuntActivity/Common/Board/ItemHuntMonster.lua	assignment observed; dynamic field
HuntActivity.Common.Board.ItemHuntMonster	m_stageState	373	code/Lua/decompiled/HuntActivity/Common/Board/ItemHuntMonster.lua	assignment observed; dynamic field
HuntActivity.Common.Board.ItemHuntMonster	event_lock_count	378	code/Lua/decompiled/HuntActivity/Common/Board/ItemHuntMonster.lua	assignment observed; dynamic field
HuntActivity.Common.Board.ItemHuntMonster	m_activityType	383	code/Lua/decompiled/HuntActivity/Common/Board/ItemHuntMonster.lua	assignment observed; dynamic field
HuntActivity.Common.Board.ItemHuntSignature	m_itemView	5	code/Lua/decompiled/HuntActivity/Common/Board/ItemHuntSignature.lua	assignment observed; dynamic field
HuntActivity.Common.Board.ItemHuntSignature	m_itemModel	6	code/Lua/decompiled/HuntActivity/Common/Board/ItemHuntSignature.lua	assignment observed; dynamic field
HuntActivity.Common.Board.ItemHuntSignature	m_activityType	8	code/Lua/decompiled/HuntActivity/Common/Board/ItemHuntSignature.lua	assignment observed; dynamic field
HuntActivity.Common.Board.ItemHuntSignature	m_activityDefinition	9	code/Lua/decompiled/HuntActivity/Common/Board/ItemHuntSignature.lua	assignment observed; dynamic field
HuntActivity.Common.Board.ItemHuntSignature	m_skelInited	68	code/Lua/decompiled/HuntActivity/Common/Board/ItemHuntSignature.lua	assignment observed; dynamic field
HuntActivity.Common.Board.ItemHuntSignature	m_bSpreading	96	code/Lua/decompiled/HuntActivity/Common/Board/ItemHuntSignature.lua	assignment observed; dynamic field
HuntActivity.Common.Board.ItemHuntSignature	m_bSpreading	108	code/Lua/decompiled/HuntActivity/Common/Board/ItemHuntSignature.lua	assignment observed; dynamic field
HuntActivity.Common.Board.ItemHuntSignature	m_fillAmountTween	116	code/Lua/decompiled/HuntActivity/Common/Board/ItemHuntSignature.lua	assignment observed; dynamic field
HuntActivity.Common.Board.ItemHuntSignature	m_fillAmountTween	128	code/Lua/decompiled/HuntActivity/Common/Board/ItemHuntSignature.lua	assignment observed; dynamic field
HuntActivity.Common.Board.ItemHuntSignature	m_fillAmountTween	139	code/Lua/decompiled/HuntActivity/Common/Board/ItemHuntSignature.lua	assignment observed; dynamic field
HuntActivity.Common.Board.ItemHuntSignature	m_handSeq	199	code/Lua/decompiled/HuntActivity/Common/Board/ItemHuntSignature.lua	assignment observed; dynamic field
HuntActivity.Common.Board.ItemHuntSignature	m_handSeq	212	code/Lua/decompiled/HuntActivity/Common/Board/ItemHuntSignature.lua	assignment observed; dynamic field
HuntActivity.Common.Board.ItemHuntSignature	m_handSeq	214	code/Lua/decompiled/HuntActivity/Common/Board/ItemHuntSignature.lua	assignment observed; dynamic field
HuntActivity.Common.Model.HuntActivityModel	m_itemDataTable	51	code/Lua/decompiled/HuntActivity/Common/Model/HuntActivityModel.lua	assignment observed; dynamic field
HuntActivity.Common.Model.HuntActivityModel	m_itemLayerDataTable	52	code/Lua/decompiled/HuntActivity/Common/Model/HuntActivityModel.lua	assignment observed; dynamic field
HuntActivity.Common.Model.HuntActivityModel	m_itemCacheDataTable	53	code/Lua/decompiled/HuntActivity/Common/Model/HuntActivityModel.lua	assignment observed; dynamic field
HuntActivity.Common.Model.HuntActivityModel	m_itemTransformLayerDataTable	54	code/Lua/decompiled/HuntActivity/Common/Model/HuntActivityModel.lua	assignment observed; dynamic field
HuntActivity.Common.Model.HuntActivityModel	m_activityDefinition	55	code/Lua/decompiled/HuntActivity/Common/Model/HuntActivityModel.lua	assignment observed; dynamic field
HuntActivity.Common.Model.HuntActivityModel	m_tokenHelper	57	code/Lua/decompiled/HuntActivity/Common/Model/HuntActivityModel.lua	assignment observed; dynamic field
HuntActivity.Common.Model.HuntActivityModel	m_endWindowPopupHelper	66	code/Lua/decompiled/HuntActivity/Common/Model/HuntActivityModel.lua	assignment observed; dynamic field
HuntActivity.Common.Model.HuntActivityModel	m_huntAchiPieceItemConfig	117	code/Lua/decompiled/HuntActivity/Common/Model/HuntActivityModel.lua	assignment observed; dynamic field
HuntActivity.Common.Model.HuntActivityModel	m_pdItemType	136	code/Lua/decompiled/HuntActivity/Common/Model/HuntActivityModel.lua	assignment observed; dynamic field
HuntActivity.Common.Model.HuntActivityModel	m_fixedSpreadCount	138	code/Lua/decompiled/HuntActivity/Common/Model/HuntActivityModel.lua	assignment observed; dynamic field
HuntActivity.Common.Model.HuntActivityModel	m_bookConfig	145	code/Lua/decompiled/HuntActivity/Common/Model/HuntActivityModel.lua	assignment observed; dynamic field
HuntActivity.Common.Model.HuntActivityModel	m_lastKey	150	code/Lua/decompiled/HuntActivity/Common/Model/HuntActivityModel.lua	assignment observed; dynamic field
HuntActivity.Common.Model.HuntActivityModel	m_lastKeyLv	151	code/Lua/decompiled/HuntActivity/Common/Model/HuntActivityModel.lua	assignment observed; dynamic field
HuntActivity.Common.Model.HuntActivityModel	m_mapMultiTypeUnlockNum	152	code/Lua/decompiled/HuntActivity/Common/Model/HuntActivityModel.lua	assignment observed; dynamic field
HuntActivity.Common.Model.HuntActivityModel	m_digReward	163	code/Lua/decompiled/HuntActivity/Common/Model/HuntActivityModel.lua	assignment observed; dynamic field
HuntActivity.Common.Model.HuntActivityModel	m_digCircleReward	164	code/Lua/decompiled/HuntActivity/Common/Model/HuntActivityModel.lua	assignment observed; dynamic field
HuntActivity.Common.Model.HuntActivityModel	m_digStageReward	165	code/Lua/decompiled/HuntActivity/Common/Model/HuntActivityModel.lua	assignment observed; dynamic field
HuntActivity.Common.Model.HuntActivityModel	m_maxPhaseNum	246	code/Lua/decompiled/HuntActivity/Common/Model/HuntActivityModel.lua	assignment observed; dynamic field
HuntActivity.Common.Model.HuntActivityModel	m_mapPhase2Config	247	code/Lua/decompiled/HuntActivity/Common/Model/HuntActivityModel.lua	assignment observed; dynamic field
HuntActivity.Common.Model.HuntActivityModel	m_maxPhaseNum	252	code/Lua/decompiled/HuntActivity/Common/Model/HuntActivityModel.lua	assignment observed; dynamic field
HuntActivity.Common.Model.HuntActivityModel	m_endRewards	272	code/Lua/decompiled/HuntActivity/Common/Model/HuntActivityModel.lua	assignment observed; dynamic field
HuntActivity.Common.Model.HuntActivityModel	m_bHasBookFinalRewards	273	code/Lua/decompiled/HuntActivity/Common/Model/HuntActivityModel.lua	assignment observed; dynamic field
HuntActivity.Common.Model.HuntActivityModel	m_boardModel	277	code/Lua/decompiled/HuntActivity/Common/Model/HuntActivityModel.lua	assignment observed; dynamic field
HuntActivity.Common.Model.HuntActivityModel	m_boardModel	400	code/Lua/decompiled/HuntActivity/Common/Model/HuntActivityModel.lua	assignment observed; dynamic field
HuntActivity.Common.Model.HuntActivityModel	m_boardModel	432	code/Lua/decompiled/HuntActivity/Common/Model/HuntActivityModel.lua	assignment observed; dynamic field
HuntActivity.Common.Model.HuntActivityModel	m_endRewards	435	code/Lua/decompiled/HuntActivity/Common/Model/HuntActivityModel.lua	assignment observed; dynamic field
HuntActivity.Common.Model.HuntActivityModel	m_bHasBookFinalRewards	436	code/Lua/decompiled/HuntActivity/Common/Model/HuntActivityModel.lua	assignment observed; dynamic field
HuntActivity.Common.Model.HuntActivityModel	m_maxDepth	444	code/Lua/decompiled/HuntActivity/Common/Model/HuntActivityModel.lua	assignment observed; dynamic field
HuntActivity.Common.Model.HuntActivityModel	m_boardModel	445	code/Lua/decompiled/HuntActivity/Common/Model/HuntActivityModel.lua	assignment observed; dynamic field
HuntActivity.Common.Model.HuntActivityModel	m_boardModel	533	code/Lua/decompiled/HuntActivity/Common/Model/HuntActivityModel.lua	assignment observed; dynamic field
HuntActivity.Common.Model.HuntActivityModel	m_boardModel	560	code/Lua/decompiled/HuntActivity/Common/Model/HuntActivityModel.lua	assignment observed; dynamic field
HuntActivity.Common.Model.HuntActivityModel	m_boardModel	567	code/Lua/decompiled/HuntActivity/Common/Model/HuntActivityModel.lua	assignment observed; dynamic field
HuntActivity.Common.Model.HuntActivityModel	m_boardModel	664	code/Lua/decompiled/HuntActivity/Common/Model/HuntActivityModel.lua	assignment observed; dynamic field
HuntActivity.Common.Model.HuntActivityModel	m_boardModel	699	code/Lua/decompiled/HuntActivity/Common/Model/HuntActivityModel.lua	assignment observed; dynamic field
HuntActivity.Common.Model.HuntActivityModel	m_bookRecoverStruct	792	code/Lua/decompiled/HuntActivity/Common/Model/HuntActivityModel.lua	assignment observed; dynamic field
HuntActivity.Common.Model.HuntActivityModel	m_endRewards	795	code/Lua/decompiled/HuntActivity/Common/Model/HuntActivityModel.lua	assignment observed; dynamic field
HuntActivity.Common.Model.HuntActivityModel	m_digRewardAniState	1368	code/Lua/decompiled/HuntActivity/Common/Model/HuntActivityModel.lua	assignment observed; dynamic field
HuntActivity.Common.Model.HuntActivityModel	m_tileInversed	1526	code/Lua/decompiled/HuntActivity/Common/Model/HuntActivityModel.lua	assignment observed; dynamic field
HuntActivity.Common.Model.HuntActivityModel	m_tileInversed	1527	code/Lua/decompiled/HuntActivity/Common/Model/HuntActivityModel.lua	assignment observed; dynamic field
HuntActivity.Common.Model.HuntActivityModel	m_tileInversed	1532	code/Lua/decompiled/HuntActivity/Common/Model/HuntActivityModel.lua	assignment observed; dynamic field
HuntActivity.Common.Model.HuntActivityModel	m_boardModel	1792	code/Lua/decompiled/HuntActivity/Common/Model/HuntActivityModel.lua	assignment observed; dynamic field
HuntActivity.Common.Model.HuntActivityModel	m_firstSpread	1831	code/Lua/decompiled/HuntActivity/Common/Model/HuntActivityModel.lua	assignment observed; dynamic field
HuntActivity.Common.Model.HuntActivityModel	m_firstSpread	1847	code/Lua/decompiled/HuntActivity/Common/Model/HuntActivityModel.lua	assignment observed; dynamic field
HuntActivity.Common.Model.HuntActivityModel	m_doubleEnergyModel	1869	code/Lua/decompiled/HuntActivity/Common/Model/HuntActivityModel.lua	assignment observed; dynamic field
HuntActivity.Common.Model.HuntActivityModel	m_digRewardAniState	1972	code/Lua/decompiled/HuntActivity/Common/Model/HuntActivityModel.lua	assignment observed; dynamic field
HuntActivity.Common.Model.HuntBookModel	m_dbTable	29	code/Lua/decompiled/HuntActivity/Common/Model/HuntBookModel.lua	assignment observed; dynamic field
HuntActivity.Common.Model.HuntBookModel	m_uiBoardModel	30	code/Lua/decompiled/HuntActivity/Common/Model/HuntBookModel.lua	assignment observed; dynamic field
HuntActivity.Common.Model.HuntBookModel	m_activityType	31	code/Lua/decompiled/HuntActivity/Common/Model/HuntBookModel.lua	assignment observed; dynamic field
HuntActivity.Common.Model.HuntBookModel	m_boardModel	32	code/Lua/decompiled/HuntActivity/Common/Model/HuntBookModel.lua	assignment observed; dynamic field
HuntActivity.Common.Model.HuntBookModel	m_chainRewardConfigs	33	code/Lua/decompiled/HuntActivity/Common/Model/HuntBookModel.lua	assignment observed; dynamic field
HuntActivity.Common.Model.HuntBookModel	m_finalReward	34	code/Lua/decompiled/HuntActivity/Common/Model/HuntBookModel.lua	assignment observed; dynamic field
HuntActivity.Common.Model.HuntBookModel	m_finalReward	37	code/Lua/decompiled/HuntActivity/Common/Model/HuntBookModel.lua	assignment observed; dynamic field
HuntActivity.Common.Model.HuntBookModel	event	45	code/Lua/decompiled/HuntActivity/Common/Model/HuntBookModel.lua	assignment observed; dynamic field
HuntActivity.Common.Model.HuntBookModel	m_cacheInfo	50	code/Lua/decompiled/HuntActivity/Common/Model/HuntBookModel.lua	assignment observed; dynamic field
HuntActivity.Common.Model.HuntBookModel	m_chainId2ChainIndex	51	code/Lua/decompiled/HuntActivity/Common/Model/HuntBookModel.lua	assignment observed; dynamic field
HuntActivity.Common.Model.HuntBookModel	m_chainRewardConfigs	52	code/Lua/decompiled/HuntActivity/Common/Model/HuntBookModel.lua	assignment observed; dynamic field
HuntActivity.Common.Model.HuntBookModel	m_chainRewardConfigs	97	code/Lua/decompiled/HuntActivity/Common/Model/HuntBookModel.lua	assignment observed; dynamic field
HuntActivity.Common.Model.HuntBookModel	m_cacheInfo	98	code/Lua/decompiled/HuntActivity/Common/Model/HuntBookModel.lua	assignment observed; dynamic field
HuntActivity.Common.Model.HuntBookModel	m_finalReward	99	code/Lua/decompiled/HuntActivity/Common/Model/HuntBookModel.lua	assignment observed; dynamic field
HuntActivity.Common.Model.HuntBookModel	m_cacheInfo	103	code/Lua/decompiled/HuntActivity/Common/Model/HuntBookModel.lua	assignment observed; dynamic field
HuntActivity.Common.Model.HuntBookModel	m_cacheInfo	196	code/Lua/decompiled/HuntActivity/Common/Model/HuntBookModel.lua	assignment observed; dynamic field
HuntActivity.Common.Model.HuntBookModel	m_bFinalReward	246	code/Lua/decompiled/HuntActivity/Common/Model/HuntBookModel.lua	assignment observed; dynamic field
HuntActivity.Common.Model.HuntBookModel	m_bFinalReward	256	code/Lua/decompiled/HuntActivity/Common/Model/HuntBookModel.lua	assignment observed; dynamic field
HuntActivity.Common.Model.HuntBookModel	m_progress	533	code/Lua/decompiled/HuntActivity/Common/Model/HuntBookModel.lua	assignment observed; dynamic field
HuntActivity.Common.Model.HuntDoubleEnergy.HuntDoubleEnergyModel	m_huntModel	64	code/Lua/decompiled/HuntActivity/Common/Model/HuntDoubleEnergy/HuntDoubleEnergyModel.lua	assignment observed; dynamic field
HuntActivity.Common.Model.HuntDoubleEnergy.HuntDoubleEnergyModel	m_dbTable	65	code/Lua/decompiled/HuntActivity/Common/Model/HuntDoubleEnergy/HuntDoubleEnergyModel.lua	assignment observed; dynamic field
HuntActivity.Common.Model.HuntDoubleEnergy.HuntDoubleEnergyModel	m_multipleEnergyComponents	70	code/Lua/decompiled/HuntActivity/Common/Model/HuntDoubleEnergy/HuntDoubleEnergyModel.lua	assignment observed; dynamic field
HuntMapActivity.Map.Obstacle.Logic.HuntMapBaseObstacle	m_config	5	code/Lua/decompiled/HuntMapActivity/Map/Obstacle/Logic/HuntMapBaseObstacle.lua	assignment observed; dynamic field
HuntMapActivity.Map.Obstacle.Logic.HuntMapBaseObstacle	m_model	6	code/Lua/decompiled/HuntMapActivity/Map/Obstacle/Logic/HuntMapBaseObstacle.lua	assignment observed; dynamic field
HuntMapActivity.Map.Obstacle.Logic.HuntMapBaseObstacle	m_slot	7	code/Lua/decompiled/HuntMapActivity/Map/Obstacle/Logic/HuntMapBaseObstacle.lua	assignment observed; dynamic field
HuntMapActivity.Map.Obstacle.Logic.HuntMapBaseObstacle	m_obstacleIndex	8	code/Lua/decompiled/HuntMapActivity/Map/Obstacle/Logic/HuntMapBaseObstacle.lua	assignment observed; dynamic field
HuntMapActivity.Map.Obstacle.Logic.HuntMapBaseObstacle	m_obstacleIndex	12	code/Lua/decompiled/HuntMapActivity/Map/Obstacle/Logic/HuntMapBaseObstacle.lua	assignment observed; dynamic field
HuntMapActivity.Map.Obstacle.Logic.HuntMapBaseObstacle	m_obstacleIndex	18	code/Lua/decompiled/HuntMapActivity/Map/Obstacle/Logic/HuntMapBaseObstacle.lua	assignment observed; dynamic field
HuntMapActivity.Map.Obstacle.Logic.HuntMapBaseObstacle	m_cachePreDisposeTaskInfo	76	code/Lua/decompiled/HuntMapActivity/Map/Obstacle/Logic/HuntMapBaseObstacle.lua	assignment observed; dynamic field
HuntMapActivity.Map.Obstacle.Logic.HuntMapNormalObstacle	m_bRemoved	5	code/Lua/decompiled/HuntMapActivity/Map/Obstacle/Logic/HuntMapNormalObstacle.lua	assignment observed; dynamic field
HuntMapActivity.Map.Obstacle.Logic.HuntMapTransformObstacle	m_bRemoved	5	code/Lua/decompiled/HuntMapActivity/Map/Obstacle/Logic/HuntMapTransformObstacle.lua	assignment observed; dynamic field
